family,brand,environment,category,tagline,description,specification,cct,cri,control,ip,finishes,drawing,new,images,slides,slide_tag,dimensions,dimensions_note,model,code,model_finish,model_image,model_cct,model_cri,model_control,model_ip,model_ugr,model_details,power,flux,efficacy,beam,downloads
Dea Carmenta S,Karizma Luce,Interior,Recessed Downlight,"A true piece of art, just by its design.",An adjustable low-glare luminaire with a wide choice of reflector colours. White or Silver suits workspaces and offices; Black or Gold adds an extra dimension to hotels and restaurants.,"Recessed adjustable downlight, tilt 25° | rotation 355°. L80 50000H B10. 3-step MacAdam. Remote power supply. 230Vac | 50/60Hz.",2700K | 3000K | 4000K | Warm Dim,CRI>90,On/Off | DALI | Phase Dim,IP20,Black | White,recessed-adjustable,,images/carmenta-thumb.jpg,images/carmenta-slide-1.jpg,,,,Dea Carmenta S 10.5W 40°,128DB92740BGF0,Black,images/carmenta/Dea-Carmenta-S-11-black-black-gloss.jpg,2700K,,On/Off,,,Black High Gloss reflector · Black (RAL 9005),10.5W,830lm,,40°,Datasheet=https://karizmaluce.com/wp-content/uploads/2024/10/Dea-Carmenta-S.pdf;Installation=https://karizmaluce.com/wp-content/uploads/2025/02/Dea-Carmenta-S-Installation-manual.pdf;LDT=https://karizmaluce.com/wp-content/uploads/2022/05/Dea-Carmenta-S-LDT.zip
Dea Carmenta S,,,,,,,,,,,,,,,,,,,Dea Carmenta S 10.5W 40°,128DB92740BMF0,Black,images/carmenta/Dea-Carmenta-S-13-black-black-matt.jpg,2700K,,On/Off,,,Black Matt reflector · Black (RAL 9005),10.5W,760lm,,40°,Datasheet=https://karizmaluce.com/wp-content/uploads/2024/10/Dea-Carmenta-S.pdf;Installation=https://karizmaluce.com/wp-content/uploads/2025/02/Dea-Carmenta-S-Installation-manual.pdf;LDT=https://karizmaluce.com/wp-content/uploads/2022/05/Dea-Carmenta-S-LDT.zip
Dea Carmenta S,,,,,,,,,,,,,,,,,,,Dea Carmenta S 10.5W 40°,128DB92740COF0,Black,images/carmenta/Dea-Carmenta-S-14-black-copper.jpg,2700K,,On/Off,,,Copper reflector · Black (RAL 9005),10.5W,840lm,,40°,Datasheet=https://karizmaluce.com/wp-content/uploads/2024/10/Dea-Carmenta-S.pdf;Installation=https://karizmaluce.com/wp-content/uploads/2025/02/Dea-Carmenta-S-Installation-manual.pdf;LDT=https://karizmaluce.com/wp-content/uploads/2022/05/Dea-Carmenta-S-LDT.zip
Dea Carmenta S,,,,,,,,,,,,,,,,,,,Dea Carmenta S 10.5W 40°,128DB92740GOF0,Black,images/carmenta/Dea-Carmenta-S-08-black-gold.jpg,2700K,,On/Off,,,Gold reflector · Black (RAL 9005),10.5W,840lm,,40°,Datasheet=https://karizmaluce.com/wp-content/uploads/2024/10/Dea-Carmenta-S.pdf;Installation=https://karizmaluce.com/wp-content/uploads/2025/02/Dea-Carmenta-S-Installation-manual.pdf;LDT=https://karizmaluce.com/wp-content/uploads/2022/05/Dea-Carmenta-S-LDT.zip
Dea Carmenta S,,,,,,,,,,,,,,,,,,,Dea Carmenta S 10.5W 40°,128DB92740SGF0,Black,images/carmenta/Dea-Carmenta-S-09-black-silver.jpg,2700K,,On/Off,,,Silver High Gloss reflector · Black (RAL 9005),10.5W,900lm,,40°,Datasheet=https://karizmaluce.com/wp-content/uploads/2024/10/Dea-Carmenta-S.pdf;Installation=https://karizmaluce.com/wp-content/uploads/2025/02/Dea-Carmenta-S-Installation-manual.pdf;LDT=https://karizmaluce.com/wp-content/uploads/2022/05/Dea-Carmenta-S-LDT.zip
Dea Carmenta S,,,,,,,,,,,,,,,,,,,Dea Carmenta S 10.5W 40°,128DB92740WHF0,Black,images/carmenta/Dea-Carmenta-S-10-black-white.jpg,2700K,,On/Off,,,White reflector · Black (RAL 9005),10.5W,840lm,,40°,Datasheet=https://karizmaluce.com/wp-content/uploads/2024/10/Dea-Carmenta-S.pdf;Installation=https://karizmaluce.com/wp-content/uploads/2025/02/Dea-Carmenta-S-Installation-manual.pdf;LDT=https://karizmaluce.com/wp-content/uploads/2022/05/Dea-Carmenta-S-LDT.zip
Dea Carmenta S,,,,,,,,,,,,,,,,,,,Dea Carmenta S 10.5W 40°,128DB93040BGF0,Black,images/carmenta/Dea-Carmenta-S-11-black-black-gloss.jpg,3000K,,On/Off,,,Black High Gloss reflector · Black (RAL 9005),10.5W,860lm,,40°,Datasheet=https://karizmaluce.com/wp-content/uploads/2024/10/Dea-Carmenta-S.pdf;Installation=https://karizmaluce.com/wp-content/uploads/2025/02/Dea-Carmenta-S-Installation-manual.pdf;LDT=https://karizmaluce.com/wp-content/uploads/2022/05/Dea-Carmenta-S-LDT.zip
Dea Carmenta S,,,,,,,,,,,,,,,,,,,Dea Carmenta S 10.5W 40°,128DB93040BMF0,Black,images/carmenta/Dea-Carmenta-S-13-black-black-matt.jpg,3000K,,On/Off,,,Black Matt reflector · Black (RAL 9005),10.5W,800lm,,40°,Datasheet=https://karizmaluce.com/wp-content/uploads/2024/10/Dea-Carmenta-S.pdf;Installation=https://karizmaluce.com/wp-content/uploads/2025/02/Dea-Carmenta-S-Installation-manual.pdf;LDT=https://karizmaluce.com/wp-content/uploads/2022/05/Dea-Carmenta-S-LDT.zip
Dea Carmenta S,,,,,,,,,,,,,,,,,,,Dea Carmenta S 10.5W 40°,128DB93040COF0,Black,images/carmenta/Dea-Carmenta-S-14-black-copper.jpg,3000K,,On/Off,,,Copper reflector · Black (RAL 9005),10.5W,880lm,,40°,Datasheet=https://karizmaluce.com/wp-content/uploads/2024/10/Dea-Carmenta-S.pdf;Installation=https://karizmaluce.com/wp-content/uploads/2025/02/Dea-Carmenta-S-Installation-manual.pdf;LDT=https://karizmaluce.com/wp-content/uploads/2022/05/Dea-Carmenta-S-LDT.zip
Dea Carmenta S,,,,,,,,,,,,,,,,,,,Dea Carmenta S 10.5W 40°,128DB93040GOF0,Black,images/carmenta/Dea-Carmenta-S-08-black-gold.jpg,3000K,,On/Off,,,Gold reflector · Black (RAL 9005),10.5W,880lm,,40°,Datasheet=https://karizmaluce.com/wp-content/uploads/2024/10/Dea-Carmenta-S.pdf;Installation=https://karizmaluce.com/wp-content/uploads/2025/02/Dea-Carmenta-S-Installation-manual.pdf;LDT=https://karizmaluce.com/wp-content/uploads/2022/05/Dea-Carmenta-S-LDT.zip
Dea Carmenta S,,,,,,,,,,,,,,,,,,,Dea Carmenta S 10.5W 40°,128DB93040SGF0,Black,images/carmenta/Dea-Carmenta-S-09-black-silver.jpg,3000K,,On/Off,,,Silver High Gloss reflector · Black (RAL 9005),10.5W,950lm,,40°,Datasheet=https://karizmaluce.com/wp-content/uploads/2024/10/Dea-Carmenta-S.pdf;Installation=https://karizmaluce.com/wp-content/uploads/2025/02/Dea-Carmenta-S-Installation-manual.pdf;LDT=https://karizmaluce.com/wp-content/uploads/2022/05/Dea-Carmenta-S-LDT.zip
Dea Carmenta S,,,,,,,,,,,,,,,,,,,Dea Carmenta S 10.5W 40°,128DB93040WHF0,Black,images/carmenta/Dea-Carmenta-S-10-black-white.jpg,3000K,,On/Off,,,White reflector · Black (RAL 9005),10.5W,880lm,,40°,Datasheet=https://karizmaluce.com/wp-content/uploads/2024/10/Dea-Carmenta-S.pdf;Installation=https://karizmaluce.com/wp-content/uploads/2025/02/Dea-Carmenta-S-Installation-manual.pdf;LDT=https://karizmaluce.com/wp-content/uploads/2022/05/Dea-Carmenta-S-LDT.zip
Dea Carmenta S,,,,,,,,,,,,,,,,,,,Dea Carmenta S 10.5W 40°,128DB94040BGF0,Black,images/carmenta/Dea-Carmenta-S-11-black-black-gloss.jpg,4000K,,On/Off,,,Black High Gloss reflector · Black (RAL 9005),10.5W,870lm,,40°,Datasheet=https://karizmaluce.com/wp-content/uploads/2024/10/Dea-Carmenta-S.pdf;Installation=https://karizmaluce.com/wp-content/uploads/2025/02/Dea-Carmenta-S-Installation-manual.pdf;LDT=https://karizmaluce.com/wp-content/uploads/2022/05/Dea-Carmenta-S-LDT.zip
Dea Carmenta S,,,,,,,,,,,,,,,,,,,Dea Carmenta S 10.5W 40°,128DB94040BMF0,Black,images/carmenta/Dea-Carmenta-S-13-black-black-matt.jpg,4000K,,On/Off,,,Black Matt reflector · Black (RAL 9005),10.5W,810lm,,40°,Datasheet=https://karizmaluce.com/wp-content/uploads/2024/10/Dea-Carmenta-S.pdf;Installation=https://karizmaluce.com/wp-content/uploads/2025/02/Dea-Carmenta-S-Installation-manual.pdf;LDT=https://karizmaluce.com/wp-content/uploads/2022/05/Dea-Carmenta-S-LDT.zip
Dea Carmenta S,,,,,,,,,,,,,,,,,,,Dea Carmenta S 10.5W 40°,128DB94040COF0,Black,images/carmenta/Dea-Carmenta-S-14-black-copper.jpg,4000K,,On/Off,,,Copper reflector · Black (RAL 9005),10.5W,890lm,,40°,Datasheet=https://karizmaluce.com/wp-content/uploads/2024/10/Dea-Carmenta-S.pdf;Installation=https://karizmaluce.com/wp-content/uploads/2025/02/Dea-Carmenta-S-Installation-manual.pdf;LDT=https://karizmaluce.com/wp-content/uploads/2022/05/Dea-Carmenta-S-LDT.zip
Dea Carmenta S,,,,,,,,,,,,,,,,,,,Dea Carmenta S 10.5W 40°,128DB94040GOF0,Black,images/carmenta/Dea-Carmenta-S-08-black-gold.jpg,4000K,,On/Off,,,Gold reflector · Black (RAL 9005),10.5W,890lm,,40°,Datasheet=https://karizmaluce.com/wp-content/uploads/2024/10/Dea-Carmenta-S.pdf;Installation=https://karizmaluce.com/wp-content/uploads/2025/02/Dea-Carmenta-S-Installation-manual.pdf;LDT=https://karizmaluce.com/wp-content/uploads/2022/05/Dea-Carmenta-S-LDT.zip
Dea Carmenta S,,,,,,,,,,,,,,,,,,,Dea Carmenta S 10.5W 40°,128DB94040SGF0,Black,images/carmenta/Dea-Carmenta-S-09-black-silver.jpg,4000K,,On/Off,,,Silver High Gloss reflector · Black (RAL 9005),10.5W,960lm,,40°,Datasheet=https://karizmaluce.com/wp-content/uploads/2024/10/Dea-Carmenta-S.pdf;Installation=https://karizmaluce.com/wp-content/uploads/2025/02/Dea-Carmenta-S-Installation-manual.pdf;LDT=https://karizmaluce.com/wp-content/uploads/2022/05/Dea-Carmenta-S-LDT.zip
Dea Carmenta S,,,,,,,,,,,,,,,,,,,Dea Carmenta S 10.5W 40°,128DB94040WHF0,Black,images/carmenta/Dea-Carmenta-S-10-black-white.jpg,4000K,,On/Off,,,White reflector · Black (RAL 9005),10.5W,890lm,,40°,Datasheet=https://karizmaluce.com/wp-content/uploads/2024/10/Dea-Carmenta-S.pdf;Installation=https://karizmaluce.com/wp-content/uploads/2025/02/Dea-Carmenta-S-Installation-manual.pdf;LDT=https://karizmaluce.com/wp-content/uploads/2022/05/Dea-Carmenta-S-LDT.zip
Dea Carmenta S,,,,,,,,,,,,,,,,,,,Dea Carmenta S 10.5W 40°,128DW92740BGF0,White,images/carmenta/Dea-Carmenta-S-04-white-black-gloss.jpg,2700K,,On/Off,,,Black High Gloss reflector · White (RAL 9003),10.5W,830lm,,40°,Datasheet=https://karizmaluce.com/wp-content/uploads/2024/10/Dea-Carmenta-S.pdf;Installation=https://karizmaluce.com/wp-content/uploads/2025/02/Dea-Carmenta-S-Installation-manual.pdf;LDT=https://karizmaluce.com/wp-content/uploads/2022/05/Dea-Carmenta-S-LDT.zip
Dea Carmenta S,,,,,,,,,,,,,,,,,,,Dea Carmenta S 10.5W 40°,128DW92740BMF0,White,images/carmenta/Dea-Carmenta-S-06-white-black-matt.jpg,2700K,,On/Off,,,Black Matt reflector · White (RAL 9003),10.5W,760lm,,40°,Datasheet=https://karizmaluce.com/wp-content/uploads/2024/10/Dea-Carmenta-S.pdf;Installation=https://karizmaluce.com/wp-content/uploads/2025/02/Dea-Carmenta-S-Installation-manual.pdf;LDT=https://karizmaluce.com/wp-content/uploads/2022/05/Dea-Carmenta-S-LDT.zip
Dea Carmenta S,,,,,,,,,,,,,,,,,,,Dea Carmenta S 10.5W 40°,128DW92740COF0,White,images/carmenta/Dea-Carmenta-S-07-white-copper.jpg,2700K,,On/Off,,,Copper reflector · White (RAL 9003),10.5W,840lm,,40°,Datasheet=https://karizmaluce.com/wp-content/uploads/2024/10/Dea-Carmenta-S.pdf;Installation=https://karizmaluce.com/wp-content/uploads/2025/02/Dea-Carmenta-S-Installation-manual.pdf;LDT=https://karizmaluce.com/wp-content/uploads/2022/05/Dea-Carmenta-S-LDT.zip
Dea Carmenta S,,,,,,,,,,,,,,,,,,,Dea Carmenta S 10.5W 40°,128DW92740GOF0,White,images/carmenta/Dea-Carmenta-S-01-white-gold.jpg,2700K,,On/Off,,,Gold reflector · White (RAL 9003),10.5W,840lm,,40°,Datasheet=https://karizmaluce.com/wp-content/uploads/2024/10/Dea-Carmenta-S.pdf;Installation=https://karizmaluce.com/wp-content/uploads/2025/02/Dea-Carmenta-S-Installation-manual.pdf;LDT=https://karizmaluce.com/wp-content/uploads/2022/05/Dea-Carmenta-S-LDT.zip
Dea Carmenta S,,,,,,,,,,,,,,,,,,,Dea Carmenta S 10.5W 40°,128DW92740SGF0,White,images/carmenta/Dea-Carmenta-S-02-white-silver.jpg,2700K,,On/Off,,,Silver High Gloss reflector · White (RAL 9003),10.5W,900lm,,40°,Datasheet=https://karizmaluce.com/wp-content/uploads/2024/10/Dea-Carmenta-S.pdf;Installation=https://karizmaluce.com/wp-content/uploads/2025/02/Dea-Carmenta-S-Installation-manual.pdf;LDT=https://karizmaluce.com/wp-content/uploads/2022/05/Dea-Carmenta-S-LDT.zip
Dea Carmenta S,,,,,,,,,,,,,,,,,,,Dea Carmenta S 10.5W 40°,128DW92740WHF0,White,images/carmenta/Dea-Carmenta-S-03-white-white.jpg,2700K,,On/Off,,,White reflector · White (RAL 9003),10.5W,840lm,,40°,Datasheet=https://karizmaluce.com/wp-content/uploads/2024/10/Dea-Carmenta-S.pdf;Installation=https://karizmaluce.com/wp-content/uploads/2025/02/Dea-Carmenta-S-Installation-manual.pdf;LDT=https://karizmaluce.com/wp-content/uploads/2022/05/Dea-Carmenta-S-LDT.zip
Dea Carmenta S,,,,,,,,,,,,,,,,,,,Dea Carmenta S 10.5W 40°,128DW93040BGF0,White,images/carmenta/Dea-Carmenta-S-04-white-black-gloss.jpg,3000K,,On/Off,,,Black High Gloss reflector · White (RAL 9003),10.5W,860lm,,40°,Datasheet=https://karizmaluce.com/wp-content/uploads/2024/10/Dea-Carmenta-S.pdf;Installation=https://karizmaluce.com/wp-content/uploads/2025/02/Dea-Carmenta-S-Installation-manual.pdf;LDT=https://karizmaluce.com/wp-content/uploads/2022/05/Dea-Carmenta-S-LDT.zip
Dea Carmenta S,,,,,,,,,,,,,,,,,,,Dea Carmenta S 10.5W 40°,128DW93040BMF0,White,images/carmenta/Dea-Carmenta-S-06-white-black-matt.jpg,3000K,,On/Off,,,Black Matt reflector · White (RAL 9003),10.5W,800lm,,40°,Datasheet=https://karizmaluce.com/wp-content/uploads/2024/10/Dea-Carmenta-S.pdf;Installation=https://karizmaluce.com/wp-content/uploads/2025/02/Dea-Carmenta-S-Installation-manual.pdf;LDT=https://karizmaluce.com/wp-content/uploads/2022/05/Dea-Carmenta-S-LDT.zip
Dea Carmenta S,,,,,,,,,,,,,,,,,,,Dea Carmenta S 10.5W 40°,128DW93040COF0,White,images/carmenta/Dea-Carmenta-S-07-white-copper.jpg,3000K,,On/Off,,,Copper reflector · White (RAL 9003),10.5W,880lm,,40°,Datasheet=https://karizmaluce.com/wp-content/uploads/2024/10/Dea-Carmenta-S.pdf;Installation=https://karizmaluce.com/wp-content/uploads/2025/02/Dea-Carmenta-S-Installation-manual.pdf;LDT=https://karizmaluce.com/wp-content/uploads/2022/05/Dea-Carmenta-S-LDT.zip
Dea Carmenta S,,,,,,,,,,,,,,,,,,,Dea Carmenta S 10.5W 40°,128DW93040GOF0,White,images/carmenta/Dea-Carmenta-S-01-white-gold.jpg,3000K,,On/Off,,,Gold reflector · White (RAL 9003),10.5W,880lm,,40°,Datasheet=https://karizmaluce.com/wp-content/uploads/2024/10/Dea-Carmenta-S.pdf;Installation=https://karizmaluce.com/wp-content/uploads/2025/02/Dea-Carmenta-S-Installation-manual.pdf;LDT=https://karizmaluce.com/wp-content/uploads/2022/05/Dea-Carmenta-S-LDT.zip
Dea Carmenta S,,,,,,,,,,,,,,,,,,,Dea Carmenta S 10.5W 40°,128DW93040SGF0,White,images/carmenta/Dea-Carmenta-S-02-white-silver.jpg,3000K,,On/Off,,,Silver High Gloss reflector · White (RAL 9003),10.5W,950lm,,40°,Datasheet=https://karizmaluce.com/wp-content/uploads/2024/10/Dea-Carmenta-S.pdf;Installation=https://karizmaluce.com/wp-content/uploads/2025/02/Dea-Carmenta-S-Installation-manual.pdf;LDT=https://karizmaluce.com/wp-content/uploads/2022/05/Dea-Carmenta-S-LDT.zip
Dea Carmenta S,,,,,,,,,,,,,,,,,,,Dea Carmenta S 10.5W 40°,128DW93040WHF0,White,images/carmenta/Dea-Carmenta-S-03-white-white.jpg,3000K,,On/Off,,,White reflector · White (RAL 9003),10.5W,880lm,,40°,Datasheet=https://karizmaluce.com/wp-content/uploads/2024/10/Dea-Carmenta-S.pdf;Installation=https://karizmaluce.com/wp-content/uploads/2025/02/Dea-Carmenta-S-Installation-manual.pdf;LDT=https://karizmaluce.com/wp-content/uploads/2022/05/Dea-Carmenta-S-LDT.zip
Dea Carmenta S,,,,,,,,,,,,,,,,,,,Dea Carmenta S 10.5W 40°,128DW94040BGF0,White,images/carmenta/Dea-Carmenta-S-04-white-black-gloss.jpg,4000K,,On/Off,,,Black High Gloss reflector · White (RAL 9003),10.5W,870lm,,40°,Datasheet=https://karizmaluce.com/wp-content/uploads/2024/10/Dea-Carmenta-S.pdf;Installation=https://karizmaluce.com/wp-content/uploads/2025/02/Dea-Carmenta-S-Installation-manual.pdf;LDT=https://karizmaluce.com/wp-content/uploads/2022/05/Dea-Carmenta-S-LDT.zip
Dea Carmenta S,,,,,,,,,,,,,,,,,,,Dea Carmenta S 10.5W 40°,128DW94040BMF0,White,images/carmenta/Dea-Carmenta-S-06-white-black-matt.jpg,4000K,,On/Off,,,Black Matt reflector · White (RAL 9003),10.5W,810lm,,40°,Datasheet=https://karizmaluce.com/wp-content/uploads/2024/10/Dea-Carmenta-S.pdf;Installation=https://karizmaluce.com/wp-content/uploads/2025/02/Dea-Carmenta-S-Installation-manual.pdf;LDT=https://karizmaluce.com/wp-content/uploads/2022/05/Dea-Carmenta-S-LDT.zip
Dea Carmenta S,,,,,,,,,,,,,,,,,,,Dea Carmenta S 10.5W 40°,128DW94040COF0,White,images/carmenta/Dea-Carmenta-S-07-white-copper.jpg,4000K,,On/Off,,,Copper reflector · White (RAL 9003),10.5W,890lm,,40°,Datasheet=https://karizmaluce.com/wp-content/uploads/2024/10/Dea-Carmenta-S.pdf;Installation=https://karizmaluce.com/wp-content/uploads/2025/02/Dea-Carmenta-S-Installation-manual.pdf;LDT=https://karizmaluce.com/wp-content/uploads/2022/05/Dea-Carmenta-S-LDT.zip
Dea Carmenta S,,,,,,,,,,,,,,,,,,,Dea Carmenta S 10.5W 40°,128DW94040GOF0,White,images/carmenta/Dea-Carmenta-S-01-white-gold.jpg,4000K,,On/Off,,,Gold reflector · White (RAL 9003),10.5W,890lm,,40°,Datasheet=https://karizmaluce.com/wp-content/uploads/2024/10/Dea-Carmenta-S.pdf;Installation=https://karizmaluce.com/wp-content/uploads/2025/02/Dea-Carmenta-S-Installation-manual.pdf;LDT=https://karizmaluce.com/wp-content/uploads/2022/05/Dea-Carmenta-S-LDT.zip
Dea Carmenta S,,,,,,,,,,,,,,,,,,,Dea Carmenta S 10.5W 40°,128DW94040SGF0,White,images/carmenta/Dea-Carmenta-S-02-white-silver.jpg,4000K,,On/Off,,,Silver High Gloss reflector · White (RAL 9003),10.5W,960lm,,40°,Datasheet=https://karizmaluce.com/wp-content/uploads/2024/10/Dea-Carmenta-S.pdf;Installation=https://karizmaluce.com/wp-content/uploads/2025/02/Dea-Carmenta-S-Installation-manual.pdf;LDT=https://karizmaluce.com/wp-content/uploads/2022/05/Dea-Carmenta-S-LDT.zip
Dea Carmenta S,,,,,,,,,,,,,,,,,,,Dea Carmenta S 10.5W 40°,128DW94040WHF0,White,images/carmenta/Dea-Carmenta-S-03-white-white.jpg,4000K,,On/Off,,,White reflector · White (RAL 9003),10.5W,890lm,,40°,Datasheet=https://karizmaluce.com/wp-content/uploads/2024/10/Dea-Carmenta-S.pdf;Installation=https://karizmaluce.com/wp-content/uploads/2025/02/Dea-Carmenta-S-Installation-manual.pdf;LDT=https://karizmaluce.com/wp-content/uploads/2022/05/Dea-Carmenta-S-LDT.zip
Dea Carmenta S,,,,,,,,,,,,,,,,,,,Dea Carmenta S 10.5W 40°,128DB92740BGP0,Black,images/carmenta/Dea-Carmenta-S-11-black-black-gloss.jpg,2700K,,Phase Dim,,,Black High Gloss reflector · Black (RAL 9005),10.5W,830lm,,40°,Datasheet=https://karizmaluce.com/wp-content/uploads/2024/10/Dea-Carmenta-S.pdf;Installation=https://karizmaluce.com/wp-content/uploads/2025/02/Dea-Carmenta-S-Installation-manual.pdf;LDT=https://karizmaluce.com/wp-content/uploads/2022/05/Dea-Carmenta-S-LDT.zip
Dea Carmenta S,,,,,,,,,,,,,,,,,,,Dea Carmenta S 10.5W 40°,128DB92740BMP0,Black,images/carmenta/Dea-Carmenta-S-13-black-black-matt.jpg,2700K,,Phase Dim,,,Black Matt reflector · Black (RAL 9005),10.5W,760lm,,40°,Datasheet=https://karizmaluce.com/wp-content/uploads/2024/10/Dea-Carmenta-S.pdf;Installation=https://karizmaluce.com/wp-content/uploads/2025/02/Dea-Carmenta-S-Installation-manual.pdf;LDT=https://karizmaluce.com/wp-content/uploads/2022/05/Dea-Carmenta-S-LDT.zip
Dea Carmenta S,,,,,,,,,,,,,,,,,,,Dea Carmenta S 10.5W 40°,128DB92740COP0,Black,images/carmenta/Dea-Carmenta-S-14-black-copper.jpg,2700K,,Phase Dim,,,Copper reflector · Black (RAL 9005),10.5W,840lm,,40°,Datasheet=https://karizmaluce.com/wp-content/uploads/2024/10/Dea-Carmenta-S.pdf;Installation=https://karizmaluce.com/wp-content/uploads/2025/02/Dea-Carmenta-S-Installation-manual.pdf;LDT=https://karizmaluce.com/wp-content/uploads/2022/05/Dea-Carmenta-S-LDT.zip
Dea Carmenta S,,,,,,,,,,,,,,,,,,,Dea Carmenta S 10.5W 40°,128DB92740GOP0,Black,images/carmenta/Dea-Carmenta-S-08-black-gold.jpg,2700K,,Phase Dim,,,Gold reflector · Black (RAL 9005),10.5W,840lm,,40°,Datasheet=https://karizmaluce.com/wp-content/uploads/2024/10/Dea-Carmenta-S.pdf;Installation=https://karizmaluce.com/wp-content/uploads/2025/02/Dea-Carmenta-S-Installation-manual.pdf;LDT=https://karizmaluce.com/wp-content/uploads/2022/05/Dea-Carmenta-S-LDT.zip
Dea Carmenta S,,,,,,,,,,,,,,,,,,,Dea Carmenta S 10.5W 40°,128DB92740SGP0,Black,images/carmenta/Dea-Carmenta-S-09-black-silver.jpg,2700K,,Phase Dim,,,Silver High Gloss reflector · Black (RAL 9005),10.5W,900lm,,40°,Datasheet=https://karizmaluce.com/wp-content/uploads/2024/10/Dea-Carmenta-S.pdf;Installation=https://karizmaluce.com/wp-content/uploads/2025/02/Dea-Carmenta-S-Installation-manual.pdf;LDT=https://karizmaluce.com/wp-content/uploads/2022/05/Dea-Carmenta-S-LDT.zip
Dea Carmenta S,,,,,,,,,,,,,,,,,,,Dea Carmenta S 10.5W 40°,128DB92740WHP0,Black,images/carmenta/Dea-Carmenta-S-10-black-white.jpg,2700K,,Phase Dim,,,White reflector · Black (RAL 9005),10.5W,840lm,,40°,Datasheet=https://karizmaluce.com/wp-content/uploads/2024/10/Dea-Carmenta-S.pdf;Installation=https://karizmaluce.com/wp-content/uploads/2025/02/Dea-Carmenta-S-Installation-manual.pdf;LDT=https://karizmaluce.com/wp-content/uploads/2022/05/Dea-Carmenta-S-LDT.zip
Dea Carmenta S,,,,,,,,,,,,,,,,,,,Dea Carmenta S 10.5W 40°,128DB93040BGP0,Black,images/carmenta/Dea-Carmenta-S-11-black-black-gloss.jpg,3000K,,Phase Dim,,,Black High Gloss reflector · Black (RAL 9005),10.5W,860lm,,40°,Datasheet=https://karizmaluce.com/wp-content/uploads/2024/10/Dea-Carmenta-S.pdf;Installation=https://karizmaluce.com/wp-content/uploads/2025/02/Dea-Carmenta-S-Installation-manual.pdf;LDT=https://karizmaluce.com/wp-content/uploads/2022/05/Dea-Carmenta-S-LDT.zip
Dea Carmenta S,,,,,,,,,,,,,,,,,,,Dea Carmenta S 10.5W 40°,128DB93040BMP0,Black,images/carmenta/Dea-Carmenta-S-13-black-black-matt.jpg,3000K,,Phase Dim,,,Black Matt reflector · Black (RAL 9005),10.5W,800lm,,40°,Datasheet=https://karizmaluce.com/wp-content/uploads/2024/10/Dea-Carmenta-S.pdf;Installation=https://karizmaluce.com/wp-content/uploads/2025/02/Dea-Carmenta-S-Installation-manual.pdf;LDT=https://karizmaluce.com/wp-content/uploads/2022/05/Dea-Carmenta-S-LDT.zip
Dea Carmenta S,,,,,,,,,,,,,,,,,,,Dea Carmenta S 10.5W 40°,128DB93040COP0,Black,images/carmenta/Dea-Carmenta-S-14-black-copper.jpg,3000K,,Phase Dim,,,Copper reflector · Black (RAL 9005),10.5W,880lm,,40°,Datasheet=https://karizmaluce.com/wp-content/uploads/2024/10/Dea-Carmenta-S.pdf;Installation=https://karizmaluce.com/wp-content/uploads/2025/02/Dea-Carmenta-S-Installation-manual.pdf;LDT=https://karizmaluce.com/wp-content/uploads/2022/05/Dea-Carmenta-S-LDT.zip
Dea Carmenta S,,,,,,,,,,,,,,,,,,,Dea Carmenta S 10.5W 40°,128DB93040GOP0,Black,images/carmenta/Dea-Carmenta-S-08-black-gold.jpg,3000K,,Phase Dim,,,Gold reflector · Black (RAL 9005),10.5W,880lm,,40°,Datasheet=https://karizmaluce.com/wp-content/uploads/2024/10/Dea-Carmenta-S.pdf;Installation=https://karizmaluce.com/wp-content/uploads/2025/02/Dea-Carmenta-S-Installation-manual.pdf;LDT=https://karizmaluce.com/wp-content/uploads/2022/05/Dea-Carmenta-S-LDT.zip
Dea Carmenta S,,,,,,,,,,,,,,,,,,,Dea Carmenta S 10.5W 40°,128DB93040SGP0,Black,images/carmenta/Dea-Carmenta-S-09-black-silver.jpg,3000K,,Phase Dim,,,Silver High Gloss reflector · Black (RAL 9005),10.5W,950lm,,40°,Datasheet=https://karizmaluce.com/wp-content/uploads/2024/10/Dea-Carmenta-S.pdf;Installation=https://karizmaluce.com/wp-content/uploads/2025/02/Dea-Carmenta-S-Installation-manual.pdf;LDT=https://karizmaluce.com/wp-content/uploads/2022/05/Dea-Carmenta-S-LDT.zip
Dea Carmenta S,,,,,,,,,,,,,,,,,,,Dea Carmenta S 10.5W 40°,128DB93040WHP0,Black,images/carmenta/Dea-Carmenta-S-10-black-white.jpg,3000K,,Phase Dim,,,White reflector · Black (RAL 9005),10.5W,880lm,,40°,Datasheet=https://karizmaluce.com/wp-content/uploads/2024/10/Dea-Carmenta-S.pdf;Installation=https://karizmaluce.com/wp-content/uploads/2025/02/Dea-Carmenta-S-Installation-manual.pdf;LDT=https://karizmaluce.com/wp-content/uploads/2022/05/Dea-Carmenta-S-LDT.zip
Dea Carmenta S,,,,,,,,,,,,,,,,,,,Dea Carmenta S 10.5W 40°,128DB94040BGP0,Black,images/carmenta/Dea-Carmenta-S-11-black-black-gloss.jpg,4000K,,Phase Dim,,,Black High Gloss reflector · Black (RAL 9005),10.5W,870lm,,40°,Datasheet=https://karizmaluce.com/wp-content/uploads/2024/10/Dea-Carmenta-S.pdf;Installation=https://karizmaluce.com/wp-content/uploads/2025/02/Dea-Carmenta-S-Installation-manual.pdf;LDT=https://karizmaluce.com/wp-content/uploads/2022/05/Dea-Carmenta-S-LDT.zip
Dea Carmenta S,,,,,,,,,,,,,,,,,,,Dea Carmenta S 10.5W 40°,128DB94040BMP0,Black,images/carmenta/Dea-Carmenta-S-13-black-black-matt.jpg,4000K,,Phase Dim,,,Black Matt reflector · Black (RAL 9005),10.5W,810lm,,40°,Datasheet=https://karizmaluce.com/wp-content/uploads/2024/10/Dea-Carmenta-S.pdf;Installation=https://karizmaluce.com/wp-content/uploads/2025/02/Dea-Carmenta-S-Installation-manual.pdf;LDT=https://karizmaluce.com/wp-content/uploads/2022/05/Dea-Carmenta-S-LDT.zip
Dea Carmenta S,,,,,,,,,,,,,,,,,,,Dea Carmenta S 10.5W 40°,128DB94040COP0,Black,images/carmenta/Dea-Carmenta-S-14-black-copper.jpg,4000K,,Phase Dim,,,Copper reflector · Black (RAL 9005),10.5W,890lm,,40°,Datasheet=https://karizmaluce.com/wp-content/uploads/2024/10/Dea-Carmenta-S.pdf;Installation=https://karizmaluce.com/wp-content/uploads/2025/02/Dea-Carmenta-S-Installation-manual.pdf;LDT=https://karizmaluce.com/wp-content/uploads/2022/05/Dea-Carmenta-S-LDT.zip
Dea Carmenta S,,,,,,,,,,,,,,,,,,,Dea Carmenta S 10.5W 40°,128DB94040GOP0,Black,images/carmenta/Dea-Carmenta-S-08-black-gold.jpg,4000K,,Phase Dim,,,Gold reflector · Black (RAL 9005),10.5W,890lm,,40°,Datasheet=https://karizmaluce.com/wp-content/uploads/2024/10/Dea-Carmenta-S.pdf;Installation=https://karizmaluce.com/wp-content/uploads/2025/02/Dea-Carmenta-S-Installation-manual.pdf;LDT=https://karizmaluce.com/wp-content/uploads/2022/05/Dea-Carmenta-S-LDT.zip
Dea Carmenta S,,,,,,,,,,,,,,,,,,,Dea Carmenta S 10.5W 40°,128DB94040SGP0,Black,images/carmenta/Dea-Carmenta-S-09-black-silver.jpg,4000K,,Phase Dim,,,Silver High Gloss reflector · Black (RAL 9005),10.5W,960lm,,40°,Datasheet=https://karizmaluce.com/wp-content/uploads/2024/10/Dea-Carmenta-S.pdf;Installation=https://karizmaluce.com/wp-content/uploads/2025/02/Dea-Carmenta-S-Installation-manual.pdf;LDT=https://karizmaluce.com/wp-content/uploads/2022/05/Dea-Carmenta-S-LDT.zip
Dea Carmenta S,,,,,,,,,,,,,,,,,,,Dea Carmenta S 10.5W 40°,128DB94040WHP0,Black,images/carmenta/Dea-Carmenta-S-10-black-white.jpg,4000K,,Phase Dim,,,White reflector · Black (RAL 9005),10.5W,890lm,,40°,Datasheet=https://karizmaluce.com/wp-content/uploads/2024/10/Dea-Carmenta-S.pdf;Installation=https://karizmaluce.com/wp-content/uploads/2025/02/Dea-Carmenta-S-Installation-manual.pdf;LDT=https://karizmaluce.com/wp-content/uploads/2022/05/Dea-Carmenta-S-LDT.zip
Dea Carmenta S,,,,,,,,,,,,,,,,,,,Dea Carmenta S 10.5W 40°,128DW92740BGP0,White,images/carmenta/Dea-Carmenta-S-04-white-black-gloss.jpg,2700K,,Phase Dim,,,Black High Gloss reflector · White (RAL 9003),10.5W,830lm,,40°,Datasheet=https://karizmaluce.com/wp-content/uploads/2024/10/Dea-Carmenta-S.pdf;Installation=https://karizmaluce.com/wp-content/uploads/2025/02/Dea-Carmenta-S-Installation-manual.pdf;LDT=https://karizmaluce.com/wp-content/uploads/2022/05/Dea-Carmenta-S-LDT.zip
Dea Carmenta S,,,,,,,,,,,,,,,,,,,Dea Carmenta S 10.5W 40°,128DW92740BMP0,White,images/carmenta/Dea-Carmenta-S-06-white-black-matt.jpg,2700K,,Phase Dim,,,Black Matt reflector · White (RAL 9003),10.5W,760lm,,40°,Datasheet=https://karizmaluce.com/wp-content/uploads/2024/10/Dea-Carmenta-S.pdf;Installation=https://karizmaluce.com/wp-content/uploads/2025/02/Dea-Carmenta-S-Installation-manual.pdf;LDT=https://karizmaluce.com/wp-content/uploads/2022/05/Dea-Carmenta-S-LDT.zip
Dea Carmenta S,,,,,,,,,,,,,,,,,,,Dea Carmenta S 10.5W 40°,128DW92740COP0,White,images/carmenta/Dea-Carmenta-S-07-white-copper.jpg,2700K,,Phase Dim,,,Copper reflector · White (RAL 9003),10.5W,840lm,,40°,Datasheet=https://karizmaluce.com/wp-content/uploads/2024/10/Dea-Carmenta-S.pdf;Installation=https://karizmaluce.com/wp-content/uploads/2025/02/Dea-Carmenta-S-Installation-manual.pdf;LDT=https://karizmaluce.com/wp-content/uploads/2022/05/Dea-Carmenta-S-LDT.zip
Dea Carmenta S,,,,,,,,,,,,,,,,,,,Dea Carmenta S 10.5W 40°,128DW92740GOP0,White,images/carmenta/Dea-Carmenta-S-01-white-gold.jpg,2700K,,Phase Dim,,,Gold reflector · White (RAL 9003),10.5W,840lm,,40°,Datasheet=https://karizmaluce.com/wp-content/uploads/2024/10/Dea-Carmenta-S.pdf;Installation=https://karizmaluce.com/wp-content/uploads/2025/02/Dea-Carmenta-S-Installation-manual.pdf;LDT=https://karizmaluce.com/wp-content/uploads/2022/05/Dea-Carmenta-S-LDT.zip
Dea Carmenta S,,,,,,,,,,,,,,,,,,,Dea Carmenta S 10.5W 40°,128DW92740SGP0,White,images/carmenta/Dea-Carmenta-S-02-white-silver.jpg,2700K,,Phase Dim,,,Silver High Gloss reflector · White (RAL 9003),10.5W,900lm,,40°,Datasheet=https://karizmaluce.com/wp-content/uploads/2024/10/Dea-Carmenta-S.pdf;Installation=https://karizmaluce.com/wp-content/uploads/2025/02/Dea-Carmenta-S-Installation-manual.pdf;LDT=https://karizmaluce.com/wp-content/uploads/2022/05/Dea-Carmenta-S-LDT.zip
Dea Carmenta S,,,,,,,,,,,,,,,,,,,Dea Carmenta S 10.5W 40°,128DW92740WHP0,White,images/carmenta/Dea-Carmenta-S-03-white-white.jpg,2700K,,Phase Dim,,,White reflector · White (RAL 9003),10.5W,840lm,,40°,Datasheet=https://karizmaluce.com/wp-content/uploads/2024/10/Dea-Carmenta-S.pdf;Installation=https://karizmaluce.com/wp-content/uploads/2025/02/Dea-Carmenta-S-Installation-manual.pdf;LDT=https://karizmaluce.com/wp-content/uploads/2022/05/Dea-Carmenta-S-LDT.zip
Dea Carmenta S,,,,,,,,,,,,,,,,,,,Dea Carmenta S 10.5W 40°,128DW93040BGP0,White,images/carmenta/Dea-Carmenta-S-04-white-black-gloss.jpg,3000K,,Phase Dim,,,Black High Gloss reflector · White (RAL 9003),10.5W,860lm,,40°,Datasheet=https://karizmaluce.com/wp-content/uploads/2024/10/Dea-Carmenta-S.pdf;Installation=https://karizmaluce.com/wp-content/uploads/2025/02/Dea-Carmenta-S-Installation-manual.pdf;LDT=https://karizmaluce.com/wp-content/uploads/2022/05/Dea-Carmenta-S-LDT.zip
Dea Carmenta S,,,,,,,,,,,,,,,,,,,Dea Carmenta S 10.5W 40°,128DW93040BMP0,White,images/carmenta/Dea-Carmenta-S-06-white-black-matt.jpg,3000K,,Phase Dim,,,Black Matt reflector · White (RAL 9003),10.5W,800lm,,40°,Datasheet=https://karizmaluce.com/wp-content/uploads/2024/10/Dea-Carmenta-S.pdf;Installation=https://karizmaluce.com/wp-content/uploads/2025/02/Dea-Carmenta-S-Installation-manual.pdf;LDT=https://karizmaluce.com/wp-content/uploads/2022/05/Dea-Carmenta-S-LDT.zip
Dea Carmenta S,,,,,,,,,,,,,,,,,,,Dea Carmenta S 10.5W 40°,128DW93040COP0,White,images/carmenta/Dea-Carmenta-S-07-white-copper.jpg,3000K,,Phase Dim,,,Copper reflector · White (RAL 9003),10.5W,880lm,,40°,Datasheet=https://karizmaluce.com/wp-content/uploads/2024/10/Dea-Carmenta-S.pdf;Installation=https://karizmaluce.com/wp-content/uploads/2025/02/Dea-Carmenta-S-Installation-manual.pdf;LDT=https://karizmaluce.com/wp-content/uploads/2022/05/Dea-Carmenta-S-LDT.zip
Dea Carmenta S,,,,,,,,,,,,,,,,,,,Dea Carmenta S 10.5W 40°,128DW93040GOP0,White,images/carmenta/Dea-Carmenta-S-01-white-gold.jpg,3000K,,Phase Dim,,,Gold reflector · White (RAL 9003),10.5W,880lm,,40°,Datasheet=https://karizmaluce.com/wp-content/uploads/2024/10/Dea-Carmenta-S.pdf;Installation=https://karizmaluce.com/wp-content/uploads/2025/02/Dea-Carmenta-S-Installation-manual.pdf;LDT=https://karizmaluce.com/wp-content/uploads/2022/05/Dea-Carmenta-S-LDT.zip
Dea Carmenta S,,,,,,,,,,,,,,,,,,,Dea Carmenta S 10.5W 40°,128DW93040SGP0,White,images/carmenta/Dea-Carmenta-S-02-white-silver.jpg,3000K,,Phase Dim,,,Silver High Gloss reflector · White (RAL 9003),10.5W,950lm,,40°,Datasheet=https://karizmaluce.com/wp-content/uploads/2024/10/Dea-Carmenta-S.pdf;Installation=https://karizmaluce.com/wp-content/uploads/2025/02/Dea-Carmenta-S-Installation-manual.pdf;LDT=https://karizmaluce.com/wp-content/uploads/2022/05/Dea-Carmenta-S-LDT.zip
Dea Carmenta S,,,,,,,,,,,,,,,,,,,Dea Carmenta S 10.5W 40°,128DW93040WHP0,White,images/carmenta/Dea-Carmenta-S-03-white-white.jpg,3000K,,Phase Dim,,,White reflector · White (RAL 9003),10.5W,880lm,,40°,Datasheet=https://karizmaluce.com/wp-content/uploads/2024/10/Dea-Carmenta-S.pdf;Installation=https://karizmaluce.com/wp-content/uploads/2025/02/Dea-Carmenta-S-Installation-manual.pdf;LDT=https://karizmaluce.com/wp-content/uploads/2022/05/Dea-Carmenta-S-LDT.zip
Dea Carmenta S,,,,,,,,,,,,,,,,,,,Dea Carmenta S 10.5W 40°,128DW94040BGP0,White,images/carmenta/Dea-Carmenta-S-04-white-black-gloss.jpg,4000K,,Phase Dim,,,Black High Gloss reflector · White (RAL 9003),10.5W,870lm,,40°,Datasheet=https://karizmaluce.com/wp-content/uploads/2024/10/Dea-Carmenta-S.pdf;Installation=https://karizmaluce.com/wp-content/uploads/2025/02/Dea-Carmenta-S-Installation-manual.pdf;LDT=https://karizmaluce.com/wp-content/uploads/2022/05/Dea-Carmenta-S-LDT.zip
Dea Carmenta S,,,,,,,,,,,,,,,,,,,Dea Carmenta S 10.5W 40°,128DW94040BMP0,White,images/carmenta/Dea-Carmenta-S-06-white-black-matt.jpg,4000K,,Phase Dim,,,Black Matt reflector · White (RAL 9003),10.5W,810lm,,40°,Datasheet=https://karizmaluce.com/wp-content/uploads/2024/10/Dea-Carmenta-S.pdf;Installation=https://karizmaluce.com/wp-content/uploads/2025/02/Dea-Carmenta-S-Installation-manual.pdf;LDT=https://karizmaluce.com/wp-content/uploads/2022/05/Dea-Carmenta-S-LDT.zip
Dea Carmenta S,,,,,,,,,,,,,,,,,,,Dea Carmenta S 10.5W 40°,128DW94040COP0,White,images/carmenta/Dea-Carmenta-S-07-white-copper.jpg,4000K,,Phase Dim,,,Copper reflector · White (RAL 9003),10.5W,890lm,,40°,Datasheet=https://karizmaluce.com/wp-content/uploads/2024/10/Dea-Carmenta-S.pdf;Installation=https://karizmaluce.com/wp-content/uploads/2025/02/Dea-Carmenta-S-Installation-manual.pdf;LDT=https://karizmaluce.com/wp-content/uploads/2022/05/Dea-Carmenta-S-LDT.zip
Dea Carmenta S,,,,,,,,,,,,,,,,,,,Dea Carmenta S 10.5W 40°,128DW94040GOP0,White,images/carmenta/Dea-Carmenta-S-01-white-gold.jpg,4000K,,Phase Dim,,,Gold reflector · White (RAL 9003),10.5W,890lm,,40°,Datasheet=https://karizmaluce.com/wp-content/uploads/2024/10/Dea-Carmenta-S.pdf;Installation=https://karizmaluce.com/wp-content/uploads/2025/02/Dea-Carmenta-S-Installation-manual.pdf;LDT=https://karizmaluce.com/wp-content/uploads/2022/05/Dea-Carmenta-S-LDT.zip
Dea Carmenta S,,,,,,,,,,,,,,,,,,,Dea Carmenta S 10.5W 40°,128DW94040SGP0,White,images/carmenta/Dea-Carmenta-S-02-white-silver.jpg,4000K,,Phase Dim,,,Silver High Gloss reflector · White (RAL 9003),10.5W,960lm,,40°,Datasheet=https://karizmaluce.com/wp-content/uploads/2024/10/Dea-Carmenta-S.pdf;Installation=https://karizmaluce.com/wp-content/uploads/2025/02/Dea-Carmenta-S-Installation-manual.pdf;LDT=https://karizmaluce.com/wp-content/uploads/2022/05/Dea-Carmenta-S-LDT.zip
Dea Carmenta S,,,,,,,,,,,,,,,,,,,Dea Carmenta S 10.5W 40°,128DW94040WHP0,White,images/carmenta/Dea-Carmenta-S-03-white-white.jpg,4000K,,Phase Dim,,,White reflector · White (RAL 9003),10.5W,890lm,,40°,Datasheet=https://karizmaluce.com/wp-content/uploads/2024/10/Dea-Carmenta-S.pdf;Installation=https://karizmaluce.com/wp-content/uploads/2025/02/Dea-Carmenta-S-Installation-manual.pdf;LDT=https://karizmaluce.com/wp-content/uploads/2022/05/Dea-Carmenta-S-LDT.zip
Dea Carmenta S,,,,,,,,,,,,,,,,,,,Dea Carmenta S 10W 40°,128CW183040WHP0,White,images/carmenta/Dea-Carmenta-S-03-white-white.jpg,Warm Dim 1800–3000K,,Phase Dim,,,White reflector · White (RAL 9003),10W,570lm,,40°,Datasheet=https://karizmaluce.com/wp-content/uploads/2024/10/Dea-Carmenta-S.pdf;Installation=https://karizmaluce.com/wp-content/uploads/2025/02/Dea-Carmenta-S-Installation-manual.pdf;LDT=https://karizmaluce.com/wp-content/uploads/2022/05/Dea-Carmenta-S-LDT.zip
Dea Carmenta S,,,,,,,,,,,,,,,,,,,Dea Carmenta S 10W 40°,128CW183040BMP0,White,images/carmenta/Dea-Carmenta-S-06-white-black-matt.jpg,Warm Dim 1800–3000K,,Phase Dim,,,Black Matt reflector · White (RAL 9003),10W,570lm,,40°,Datasheet=https://karizmaluce.com/wp-content/uploads/2024/10/Dea-Carmenta-S.pdf;Installation=https://karizmaluce.com/wp-content/uploads/2025/02/Dea-Carmenta-S-Installation-manual.pdf;LDT=https://karizmaluce.com/wp-content/uploads/2022/05/Dea-Carmenta-S-LDT.zip
Dea Carmenta S,,,,,,,,,,,,,,,,,,,Dea Carmenta S 10W 40°,128CW183040SGP0,White,images/carmenta/Dea-Carmenta-S-02-white-silver.jpg,Warm Dim 1800–3000K,,Phase Dim,,,Silver High Gloss reflector · White (RAL 9003),10W,570lm,,40°,Datasheet=https://karizmaluce.com/wp-content/uploads/2024/10/Dea-Carmenta-S.pdf;Installation=https://karizmaluce.com/wp-content/uploads/2025/02/Dea-Carmenta-S-Installation-manual.pdf;LDT=https://karizmaluce.com/wp-content/uploads/2022/05/Dea-Carmenta-S-LDT.zip
Dea Carmenta S,,,,,,,,,,,,,,,,,,,Dea Carmenta S 10W 40°,128CW183040GOP0,White,images/carmenta/Dea-Carmenta-S-01-white-gold.jpg,Warm Dim 1800–3000K,,Phase Dim,,,Gold reflector · White (RAL 9003),10W,570lm,,40°,Datasheet=https://karizmaluce.com/wp-content/uploads/2024/10/Dea-Carmenta-S.pdf;Installation=https://karizmaluce.com/wp-content/uploads/2025/02/Dea-Carmenta-S-Installation-manual.pdf;LDT=https://karizmaluce.com/wp-content/uploads/2022/05/Dea-Carmenta-S-LDT.zip
Dea Carmenta S,,,,,,,,,,,,,,,,,,,Dea Carmenta S 10W 40°,128CW183040COP0,White,images/carmenta/Dea-Carmenta-S-07-white-copper.jpg,Warm Dim 1800–3000K,,Phase Dim,,,Copper reflector · White (RAL 9003),10W,570lm,,40°,Datasheet=https://karizmaluce.com/wp-content/uploads/2024/10/Dea-Carmenta-S.pdf;Installation=https://karizmaluce.com/wp-content/uploads/2025/02/Dea-Carmenta-S-Installation-manual.pdf;LDT=https://karizmaluce.com/wp-content/uploads/2022/05/Dea-Carmenta-S-LDT.zip
Dea Carmenta S,,,,,,,,,,,,,,,,,,,Dea Carmenta S 10W 40°,128CW183040BGP0,White,images/carmenta/Dea-Carmenta-S-04-white-black-gloss.jpg,Warm Dim 1800–3000K,,Phase Dim,,,Black High Gloss reflector · White (RAL 9003),10W,570lm,,40°,Datasheet=https://karizmaluce.com/wp-content/uploads/2024/10/Dea-Carmenta-S.pdf;Installation=https://karizmaluce.com/wp-content/uploads/2025/02/Dea-Carmenta-S-Installation-manual.pdf;LDT=https://karizmaluce.com/wp-content/uploads/2022/05/Dea-Carmenta-S-LDT.zip
Dea Carmenta S,,,,,,,,,,,,,,,,,,,Dea Carmenta S 10W 40°,128CB183040WHP0,Black,images/carmenta/Dea-Carmenta-S-10-black-white.jpg,Warm Dim 1800–3000K,,Phase Dim,,,White reflector · Black (RAL 9005),10W,570lm,,40°,Datasheet=https://karizmaluce.com/wp-content/uploads/2024/10/Dea-Carmenta-S.pdf;Installation=https://karizmaluce.com/wp-content/uploads/2025/02/Dea-Carmenta-S-Installation-manual.pdf;LDT=https://karizmaluce.com/wp-content/uploads/2022/05/Dea-Carmenta-S-LDT.zip
Dea Carmenta S,,,,,,,,,,,,,,,,,,,Dea Carmenta S 10W 40°,128CB183040BMP0,Black,images/carmenta/Dea-Carmenta-S-13-black-black-matt.jpg,Warm Dim 1800–3000K,,Phase Dim,,,Black Matt reflector · Black (RAL 9005),10W,570lm,,40°,Datasheet=https://karizmaluce.com/wp-content/uploads/2024/10/Dea-Carmenta-S.pdf;Installation=https://karizmaluce.com/wp-content/uploads/2025/02/Dea-Carmenta-S-Installation-manual.pdf;LDT=https://karizmaluce.com/wp-content/uploads/2022/05/Dea-Carmenta-S-LDT.zip
Dea Carmenta S,,,,,,,,,,,,,,,,,,,Dea Carmenta S 10W 40°,128CB183040SGP0,Black,images/carmenta/Dea-Carmenta-S-09-black-silver.jpg,Warm Dim 1800–3000K,,Phase Dim,,,Silver High Gloss reflector · Black (RAL 9005),10W,570lm,,40°,Datasheet=https://karizmaluce.com/wp-content/uploads/2024/10/Dea-Carmenta-S.pdf;Installation=https://karizmaluce.com/wp-content/uploads/2025/02/Dea-Carmenta-S-Installation-manual.pdf;LDT=https://karizmaluce.com/wp-content/uploads/2022/05/Dea-Carmenta-S-LDT.zip
Dea Carmenta S,,,,,,,,,,,,,,,,,,,Dea Carmenta S 10W 40°,128CB183040GOP0,Black,images/carmenta/Dea-Carmenta-S-08-black-gold.jpg,Warm Dim 1800–3000K,,Phase Dim,,,Gold reflector · Black (RAL 9005),10W,570lm,,40°,Datasheet=https://karizmaluce.com/wp-content/uploads/2024/10/Dea-Carmenta-S.pdf;Installation=https://karizmaluce.com/wp-content/uploads/2025/02/Dea-Carmenta-S-Installation-manual.pdf;LDT=https://karizmaluce.com/wp-content/uploads/2022/05/Dea-Carmenta-S-LDT.zip
Dea Carmenta S,,,,,,,,,,,,,,,,,,,Dea Carmenta S 10W 40°,128CB183040COP0,Black,images/carmenta/Dea-Carmenta-S-14-black-copper.jpg,Warm Dim 1800–3000K,,Phase Dim,,,Copper reflector · Black (RAL 9005),10W,570lm,,40°,Datasheet=https://karizmaluce.com/wp-content/uploads/2024/10/Dea-Carmenta-S.pdf;Installation=https://karizmaluce.com/wp-content/uploads/2025/02/Dea-Carmenta-S-Installation-manual.pdf;LDT=https://karizmaluce.com/wp-content/uploads/2022/05/Dea-Carmenta-S-LDT.zip
Dea Carmenta S,,,,,,,,,,,,,,,,,,,Dea Carmenta S 10W 40°,128CB183040BGP0,Black,images/carmenta/Dea-Carmenta-S-11-black-black-gloss.jpg,Warm Dim 1800–3000K,,Phase Dim,,,Black High Gloss reflector · Black (RAL 9005),10W,570lm,,40°,Datasheet=https://karizmaluce.com/wp-content/uploads/2024/10/Dea-Carmenta-S.pdf;Installation=https://karizmaluce.com/wp-content/uploads/2025/02/Dea-Carmenta-S-Installation-manual.pdf;LDT=https://karizmaluce.com/wp-content/uploads/2022/05/Dea-Carmenta-S-LDT.zip
Dea Carmenta S,,,,,,,,,,,,,,,,,,,Dea Carmenta S 10.5W 40°,128DB92740BGD0,Black,images/carmenta/Dea-Carmenta-S-11-black-black-gloss.jpg,2700K,,DALI,,,Black High Gloss reflector · Black (RAL 9005),10.5W,830lm,,40°,Datasheet=https://karizmaluce.com/wp-content/uploads/2024/10/Dea-Carmenta-S.pdf;Installation=https://karizmaluce.com/wp-content/uploads/2025/02/Dea-Carmenta-S-Installation-manual.pdf;LDT=https://karizmaluce.com/wp-content/uploads/2022/05/Dea-Carmenta-S-LDT.zip
Dea Carmenta S,,,,,,,,,,,,,,,,,,,Dea Carmenta S 10.5W 40°,128DB92740BMD0,Black,images/carmenta/Dea-Carmenta-S-13-black-black-matt.jpg,2700K,,DALI,,,Black Matt reflector · Black (RAL 9005),10.5W,760lm,,40°,Datasheet=https://karizmaluce.com/wp-content/uploads/2024/10/Dea-Carmenta-S.pdf;Installation=https://karizmaluce.com/wp-content/uploads/2025/02/Dea-Carmenta-S-Installation-manual.pdf;LDT=https://karizmaluce.com/wp-content/uploads/2022/05/Dea-Carmenta-S-LDT.zip
Dea Carmenta S,,,,,,,,,,,,,,,,,,,Dea Carmenta S 10.5W 40°,128DB92740COD0,Black,images/carmenta/Dea-Carmenta-S-14-black-copper.jpg,2700K,,DALI,,,Copper reflector · Black (RAL 9005),10.5W,840lm,,40°,Datasheet=https://karizmaluce.com/wp-content/uploads/2024/10/Dea-Carmenta-S.pdf;Installation=https://karizmaluce.com/wp-content/uploads/2025/02/Dea-Carmenta-S-Installation-manual.pdf;LDT=https://karizmaluce.com/wp-content/uploads/2022/05/Dea-Carmenta-S-LDT.zip
Dea Carmenta S,,,,,,,,,,,,,,,,,,,Dea Carmenta S 10.5W 40°,128DB92740GOD0,Black,images/carmenta/Dea-Carmenta-S-08-black-gold.jpg,2700K,,DALI,,,Gold reflector · Black (RAL 9005),10.5W,840lm,,40°,Datasheet=https://karizmaluce.com/wp-content/uploads/2024/10/Dea-Carmenta-S.pdf;Installation=https://karizmaluce.com/wp-content/uploads/2025/02/Dea-Carmenta-S-Installation-manual.pdf;LDT=https://karizmaluce.com/wp-content/uploads/2022/05/Dea-Carmenta-S-LDT.zip
Dea Carmenta S,,,,,,,,,,,,,,,,,,,Dea Carmenta S 10.5W 40°,128DB92740SGD0,Black,images/carmenta/Dea-Carmenta-S-09-black-silver.jpg,2700K,,DALI,,,Silver High Gloss reflector · Black (RAL 9005),10.5W,900lm,,40°,Datasheet=https://karizmaluce.com/wp-content/uploads/2024/10/Dea-Carmenta-S.pdf;Installation=https://karizmaluce.com/wp-content/uploads/2025/02/Dea-Carmenta-S-Installation-manual.pdf;LDT=https://karizmaluce.com/wp-content/uploads/2022/05/Dea-Carmenta-S-LDT.zip
Dea Carmenta S,,,,,,,,,,,,,,,,,,,Dea Carmenta S 10.5W 40°,128DB92740WHD0,Black,images/carmenta/Dea-Carmenta-S-10-black-white.jpg,2700K,,DALI,,,White reflector · Black (RAL 9005),10.5W,840lm,,40°,Datasheet=https://karizmaluce.com/wp-content/uploads/2024/10/Dea-Carmenta-S.pdf;Installation=https://karizmaluce.com/wp-content/uploads/2025/02/Dea-Carmenta-S-Installation-manual.pdf;LDT=https://karizmaluce.com/wp-content/uploads/2022/05/Dea-Carmenta-S-LDT.zip
Dea Carmenta S,,,,,,,,,,,,,,,,,,,Dea Carmenta S 10.5W 40°,128DB93040BGD0,Black,images/carmenta/Dea-Carmenta-S-11-black-black-gloss.jpg,3000K,,DALI,,,Black High Gloss reflector · Black (RAL 9005),10.5W,860lm,,40°,Datasheet=https://karizmaluce.com/wp-content/uploads/2024/10/Dea-Carmenta-S.pdf;Installation=https://karizmaluce.com/wp-content/uploads/2025/02/Dea-Carmenta-S-Installation-manual.pdf;LDT=https://karizmaluce.com/wp-content/uploads/2022/05/Dea-Carmenta-S-LDT.zip
Dea Carmenta S,,,,,,,,,,,,,,,,,,,Dea Carmenta S 10.5W 40°,128DB93040BMD0,Black,images/carmenta/Dea-Carmenta-S-13-black-black-matt.jpg,3000K,,DALI,,,Black Matt reflector · Black (RAL 9005),10.5W,800lm,,40°,Datasheet=https://karizmaluce.com/wp-content/uploads/2024/10/Dea-Carmenta-S.pdf;Installation=https://karizmaluce.com/wp-content/uploads/2025/02/Dea-Carmenta-S-Installation-manual.pdf;LDT=https://karizmaluce.com/wp-content/uploads/2022/05/Dea-Carmenta-S-LDT.zip
Dea Carmenta S,,,,,,,,,,,,,,,,,,,Dea Carmenta S 10.5W 40°,128DB93040COD0,Black,images/carmenta/Dea-Carmenta-S-14-black-copper.jpg,3000K,,DALI,,,Copper reflector · Black (RAL 9005),10.5W,880lm,,40°,Datasheet=https://karizmaluce.com/wp-content/uploads/2024/10/Dea-Carmenta-S.pdf;Installation=https://karizmaluce.com/wp-content/uploads/2025/02/Dea-Carmenta-S-Installation-manual.pdf;LDT=https://karizmaluce.com/wp-content/uploads/2022/05/Dea-Carmenta-S-LDT.zip
Dea Carmenta S,,,,,,,,,,,,,,,,,,,Dea Carmenta S 10.5W 40°,128DB93040GOD0,Black,images/carmenta/Dea-Carmenta-S-08-black-gold.jpg,3000K,,DALI,,,Gold reflector · Black (RAL 9005),10.5W,880lm,,40°,Datasheet=https://karizmaluce.com/wp-content/uploads/2024/10/Dea-Carmenta-S.pdf;Installation=https://karizmaluce.com/wp-content/uploads/2025/02/Dea-Carmenta-S-Installation-manual.pdf;LDT=https://karizmaluce.com/wp-content/uploads/2022/05/Dea-Carmenta-S-LDT.zip
Dea Carmenta S,,,,,,,,,,,,,,,,,,,Dea Carmenta S 10.5W 40°,128DB93040SGD0,Black,images/carmenta/Dea-Carmenta-S-09-black-silver.jpg,3000K,,DALI,,,Silver High Gloss reflector · Black (RAL 9005),10.5W,950lm,,40°,Datasheet=https://karizmaluce.com/wp-content/uploads/2024/10/Dea-Carmenta-S.pdf;Installation=https://karizmaluce.com/wp-content/uploads/2025/02/Dea-Carmenta-S-Installation-manual.pdf;LDT=https://karizmaluce.com/wp-content/uploads/2022/05/Dea-Carmenta-S-LDT.zip
Dea Carmenta S,,,,,,,,,,,,,,,,,,,Dea Carmenta S 10.5W 40°,128DB93040WHD0,Black,images/carmenta/Dea-Carmenta-S-10-black-white.jpg,3000K,,DALI,,,White reflector · Black (RAL 9005),10.5W,880lm,,40°,Datasheet=https://karizmaluce.com/wp-content/uploads/2024/10/Dea-Carmenta-S.pdf;Installation=https://karizmaluce.com/wp-content/uploads/2025/02/Dea-Carmenta-S-Installation-manual.pdf;LDT=https://karizmaluce.com/wp-content/uploads/2022/05/Dea-Carmenta-S-LDT.zip
Dea Carmenta S,,,,,,,,,,,,,,,,,,,Dea Carmenta S 10.5W 40°,128DB94040BGD0,Black,images/carmenta/Dea-Carmenta-S-11-black-black-gloss.jpg,4000K,,DALI,,,Black High Gloss reflector · Black (RAL 9005),10.5W,870lm,,40°,Datasheet=https://karizmaluce.com/wp-content/uploads/2024/10/Dea-Carmenta-S.pdf;Installation=https://karizmaluce.com/wp-content/uploads/2025/02/Dea-Carmenta-S-Installation-manual.pdf;LDT=https://karizmaluce.com/wp-content/uploads/2022/05/Dea-Carmenta-S-LDT.zip
Dea Carmenta S,,,,,,,,,,,,,,,,,,,Dea Carmenta S 10.5W 40°,128DB94040BMD0,Black,images/carmenta/Dea-Carmenta-S-13-black-black-matt.jpg,4000K,,DALI,,,Black Matt reflector · Black (RAL 9005),10.5W,810lm,,40°,Datasheet=https://karizmaluce.com/wp-content/uploads/2024/10/Dea-Carmenta-S.pdf;Installation=https://karizmaluce.com/wp-content/uploads/2025/02/Dea-Carmenta-S-Installation-manual.pdf;LDT=https://karizmaluce.com/wp-content/uploads/2022/05/Dea-Carmenta-S-LDT.zip
Dea Carmenta S,,,,,,,,,,,,,,,,,,,Dea Carmenta S 10.5W 40°,128DB94040COD0,Black,images/carmenta/Dea-Carmenta-S-14-black-copper.jpg,4000K,,DALI,,,Copper reflector · Black (RAL 9005),10.5W,890lm,,40°,Datasheet=https://karizmaluce.com/wp-content/uploads/2024/10/Dea-Carmenta-S.pdf;Installation=https://karizmaluce.com/wp-content/uploads/2025/02/Dea-Carmenta-S-Installation-manual.pdf;LDT=https://karizmaluce.com/wp-content/uploads/2022/05/Dea-Carmenta-S-LDT.zip
Dea Carmenta S,,,,,,,,,,,,,,,,,,,Dea Carmenta S 10.5W 40°,128DB94040GOD0,Black,images/carmenta/Dea-Carmenta-S-08-black-gold.jpg,4000K,,DALI,,,Gold reflector · Black (RAL 9005),10.5W,890lm,,40°,Datasheet=https://karizmaluce.com/wp-content/uploads/2024/10/Dea-Carmenta-S.pdf;Installation=https://karizmaluce.com/wp-content/uploads/2025/02/Dea-Carmenta-S-Installation-manual.pdf;LDT=https://karizmaluce.com/wp-content/uploads/2022/05/Dea-Carmenta-S-LDT.zip
Dea Carmenta S,,,,,,,,,,,,,,,,,,,Dea Carmenta S 10.5W 40°,128DB94040SGD0,Black,images/carmenta/Dea-Carmenta-S-09-black-silver.jpg,4000K,,DALI,,,Silver High Gloss reflector · Black (RAL 9005),10.5W,960lm,,40°,Datasheet=https://karizmaluce.com/wp-content/uploads/2024/10/Dea-Carmenta-S.pdf;Installation=https://karizmaluce.com/wp-content/uploads/2025/02/Dea-Carmenta-S-Installation-manual.pdf;LDT=https://karizmaluce.com/wp-content/uploads/2022/05/Dea-Carmenta-S-LDT.zip
Dea Carmenta S,,,,,,,,,,,,,,,,,,,Dea Carmenta S 10.5W 40°,128DB94040WHD0,Black,images/carmenta/Dea-Carmenta-S-10-black-white.jpg,4000K,,DALI,,,White reflector · Black (RAL 9005),10.5W,890lm,,40°,Datasheet=https://karizmaluce.com/wp-content/uploads/2024/10/Dea-Carmenta-S.pdf;Installation=https://karizmaluce.com/wp-content/uploads/2025/02/Dea-Carmenta-S-Installation-manual.pdf;LDT=https://karizmaluce.com/wp-content/uploads/2022/05/Dea-Carmenta-S-LDT.zip
Dea Carmenta S,,,,,,,,,,,,,,,,,,,Dea Carmenta S 10.5W 40°,128DW92740BGD0,White,images/carmenta/Dea-Carmenta-S-04-white-black-gloss.jpg,2700K,,DALI,,,Black High Gloss reflector · White (RAL 9003),10.5W,830lm,,40°,Datasheet=https://karizmaluce.com/wp-content/uploads/2024/10/Dea-Carmenta-S.pdf;Installation=https://karizmaluce.com/wp-content/uploads/2025/02/Dea-Carmenta-S-Installation-manual.pdf;LDT=https://karizmaluce.com/wp-content/uploads/2022/05/Dea-Carmenta-S-LDT.zip
Dea Carmenta S,,,,,,,,,,,,,,,,,,,Dea Carmenta S 10.5W 40°,128DW92740BMD0,White,images/carmenta/Dea-Carmenta-S-06-white-black-matt.jpg,2700K,,DALI,,,Black Matt reflector · White (RAL 9003),10.5W,760lm,,40°,Datasheet=https://karizmaluce.com/wp-content/uploads/2024/10/Dea-Carmenta-S.pdf;Installation=https://karizmaluce.com/wp-content/uploads/2025/02/Dea-Carmenta-S-Installation-manual.pdf;LDT=https://karizmaluce.com/wp-content/uploads/2022/05/Dea-Carmenta-S-LDT.zip
Dea Carmenta S,,,,,,,,,,,,,,,,,,,Dea Carmenta S 10.5W 40°,128DW92740COD0,White,images/carmenta/Dea-Carmenta-S-07-white-copper.jpg,2700K,,DALI,,,Copper reflector · White (RAL 9003),10.5W,840lm,,40°,Datasheet=https://karizmaluce.com/wp-content/uploads/2024/10/Dea-Carmenta-S.pdf;Installation=https://karizmaluce.com/wp-content/uploads/2025/02/Dea-Carmenta-S-Installation-manual.pdf;LDT=https://karizmaluce.com/wp-content/uploads/2022/05/Dea-Carmenta-S-LDT.zip
Dea Carmenta S,,,,,,,,,,,,,,,,,,,Dea Carmenta S 10.5W 40°,128DW92740GOD0,White,images/carmenta/Dea-Carmenta-S-01-white-gold.jpg,2700K,,DALI,,,Gold reflector · White (RAL 9003),10.5W,840lm,,40°,Datasheet=https://karizmaluce.com/wp-content/uploads/2024/10/Dea-Carmenta-S.pdf;Installation=https://karizmaluce.com/wp-content/uploads/2025/02/Dea-Carmenta-S-Installation-manual.pdf;LDT=https://karizmaluce.com/wp-content/uploads/2022/05/Dea-Carmenta-S-LDT.zip
Dea Carmenta S,,,,,,,,,,,,,,,,,,,Dea Carmenta S 10.5W 40°,128DW92740SGD0,White,images/carmenta/Dea-Carmenta-S-02-white-silver.jpg,2700K,,DALI,,,Silver High Gloss reflector · White (RAL 9003),10.5W,900lm,,40°,Datasheet=https://karizmaluce.com/wp-content/uploads/2024/10/Dea-Carmenta-S.pdf;Installation=https://karizmaluce.com/wp-content/uploads/2025/02/Dea-Carmenta-S-Installation-manual.pdf;LDT=https://karizmaluce.com/wp-content/uploads/2022/05/Dea-Carmenta-S-LDT.zip
Dea Carmenta S,,,,,,,,,,,,,,,,,,,Dea Carmenta S 10.5W 40°,128DW92740WHD0,White,images/carmenta/Dea-Carmenta-S-03-white-white.jpg,2700K,,DALI,,,White reflector · White (RAL 9003),10.5W,840lm,,40°,Datasheet=https://karizmaluce.com/wp-content/uploads/2024/10/Dea-Carmenta-S.pdf;Installation=https://karizmaluce.com/wp-content/uploads/2025/02/Dea-Carmenta-S-Installation-manual.pdf;LDT=https://karizmaluce.com/wp-content/uploads/2022/05/Dea-Carmenta-S-LDT.zip
Dea Carmenta S,,,,,,,,,,,,,,,,,,,Dea Carmenta S 10.5W 40°,128DW93040BGD0,White,images/carmenta/Dea-Carmenta-S-04-white-black-gloss.jpg,3000K,,DALI,,,Black High Gloss reflector · White (RAL 9003),10.5W,860lm,,40°,Datasheet=https://karizmaluce.com/wp-content/uploads/2024/10/Dea-Carmenta-S.pdf;Installation=https://karizmaluce.com/wp-content/uploads/2025/02/Dea-Carmenta-S-Installation-manual.pdf;LDT=https://karizmaluce.com/wp-content/uploads/2022/05/Dea-Carmenta-S-LDT.zip
Dea Carmenta S,,,,,,,,,,,,,,,,,,,Dea Carmenta S 10.5W 40°,128DW93040BMD0,White,images/carmenta/Dea-Carmenta-S-06-white-black-matt.jpg,3000K,,DALI,,,Black Matt reflector · White (RAL 9003),10.5W,800lm,,40°,Datasheet=https://karizmaluce.com/wp-content/uploads/2024/10/Dea-Carmenta-S.pdf;Installation=https://karizmaluce.com/wp-content/uploads/2025/02/Dea-Carmenta-S-Installation-manual.pdf;LDT=https://karizmaluce.com/wp-content/uploads/2022/05/Dea-Carmenta-S-LDT.zip
Dea Carmenta S,,,,,,,,,,,,,,,,,,,Dea Carmenta S 10.5W 40°,128DW93040COD0,White,images/carmenta/Dea-Carmenta-S-07-white-copper.jpg,3000K,,DALI,,,Copper reflector · White (RAL 9003),10.5W,880lm,,40°,Datasheet=https://karizmaluce.com/wp-content/uploads/2024/10/Dea-Carmenta-S.pdf;Installation=https://karizmaluce.com/wp-content/uploads/2025/02/Dea-Carmenta-S-Installation-manual.pdf;LDT=https://karizmaluce.com/wp-content/uploads/2022/05/Dea-Carmenta-S-LDT.zip
Dea Carmenta S,,,,,,,,,,,,,,,,,,,Dea Carmenta S 10.5W 40°,128DW93040GOD0,White,images/carmenta/Dea-Carmenta-S-01-white-gold.jpg,3000K,,DALI,,,Gold reflector · White (RAL 9003),10.5W,880lm,,40°,Datasheet=https://karizmaluce.com/wp-content/uploads/2024/10/Dea-Carmenta-S.pdf;Installation=https://karizmaluce.com/wp-content/uploads/2025/02/Dea-Carmenta-S-Installation-manual.pdf;LDT=https://karizmaluce.com/wp-content/uploads/2022/05/Dea-Carmenta-S-LDT.zip
Dea Carmenta S,,,,,,,,,,,,,,,,,,,Dea Carmenta S 10.5W 40°,128DW93040SGD0,White,images/carmenta/Dea-Carmenta-S-02-white-silver.jpg,3000K,,DALI,,,Silver High Gloss reflector · White (RAL 9003),10.5W,950lm,,40°,Datasheet=https://karizmaluce.com/wp-content/uploads/2024/10/Dea-Carmenta-S.pdf;Installation=https://karizmaluce.com/wp-content/uploads/2025/02/Dea-Carmenta-S-Installation-manual.pdf;LDT=https://karizmaluce.com/wp-content/uploads/2022/05/Dea-Carmenta-S-LDT.zip
Dea Carmenta S,,,,,,,,,,,,,,,,,,,Dea Carmenta S 10.5W 40°,128DW93040WHD0,White,images/carmenta/Dea-Carmenta-S-03-white-white.jpg,3000K,,DALI,,,White reflector · White (RAL 9003),10.5W,880lm,,40°,Datasheet=https://karizmaluce.com/wp-content/uploads/2024/10/Dea-Carmenta-S.pdf;Installation=https://karizmaluce.com/wp-content/uploads/2025/02/Dea-Carmenta-S-Installation-manual.pdf;LDT=https://karizmaluce.com/wp-content/uploads/2022/05/Dea-Carmenta-S-LDT.zip
Dea Carmenta S,,,,,,,,,,,,,,,,,,,Dea Carmenta S 10.5W 40°,128DW94040BGD0,White,images/carmenta/Dea-Carmenta-S-04-white-black-gloss.jpg,4000K,,DALI,,,Black High Gloss reflector · White (RAL 9003),10.5W,870lm,,40°,Datasheet=https://karizmaluce.com/wp-content/uploads/2024/10/Dea-Carmenta-S.pdf;Installation=https://karizmaluce.com/wp-content/uploads/2025/02/Dea-Carmenta-S-Installation-manual.pdf;LDT=https://karizmaluce.com/wp-content/uploads/2022/05/Dea-Carmenta-S-LDT.zip
Dea Carmenta S,,,,,,,,,,,,,,,,,,,Dea Carmenta S 10.5W 40°,128DW94040BMD0,White,images/carmenta/Dea-Carmenta-S-06-white-black-matt.jpg,4000K,,DALI,,,Black Matt reflector · White (RAL 9003),10.5W,810lm,,40°,Datasheet=https://karizmaluce.com/wp-content/uploads/2024/10/Dea-Carmenta-S.pdf;Installation=https://karizmaluce.com/wp-content/uploads/2025/02/Dea-Carmenta-S-Installation-manual.pdf;LDT=https://karizmaluce.com/wp-content/uploads/2022/05/Dea-Carmenta-S-LDT.zip
Dea Carmenta S,,,,,,,,,,,,,,,,,,,Dea Carmenta S 10.5W 40°,128DW94040COD0,White,images/carmenta/Dea-Carmenta-S-07-white-copper.jpg,4000K,,DALI,,,Copper reflector · White (RAL 9003),10.5W,890lm,,40°,Datasheet=https://karizmaluce.com/wp-content/uploads/2024/10/Dea-Carmenta-S.pdf;Installation=https://karizmaluce.com/wp-content/uploads/2025/02/Dea-Carmenta-S-Installation-manual.pdf;LDT=https://karizmaluce.com/wp-content/uploads/2022/05/Dea-Carmenta-S-LDT.zip
Dea Carmenta S,,,,,,,,,,,,,,,,,,,Dea Carmenta S 10.5W 40°,128DW94040GOD0,White,images/carmenta/Dea-Carmenta-S-01-white-gold.jpg,4000K,,DALI,,,Gold reflector · White (RAL 9003),10.5W,890lm,,40°,Datasheet=https://karizmaluce.com/wp-content/uploads/2024/10/Dea-Carmenta-S.pdf;Installation=https://karizmaluce.com/wp-content/uploads/2025/02/Dea-Carmenta-S-Installation-manual.pdf;LDT=https://karizmaluce.com/wp-content/uploads/2022/05/Dea-Carmenta-S-LDT.zip
Dea Carmenta S,,,,,,,,,,,,,,,,,,,Dea Carmenta S 10.5W 40°,128DW94040SGD0,White,images/carmenta/Dea-Carmenta-S-02-white-silver.jpg,4000K,,DALI,,,Silver High Gloss reflector · White (RAL 9003),10.5W,960lm,,40°,Datasheet=https://karizmaluce.com/wp-content/uploads/2024/10/Dea-Carmenta-S.pdf;Installation=https://karizmaluce.com/wp-content/uploads/2025/02/Dea-Carmenta-S-Installation-manual.pdf;LDT=https://karizmaluce.com/wp-content/uploads/2022/05/Dea-Carmenta-S-LDT.zip
Dea Carmenta S,,,,,,,,,,,,,,,,,,,Dea Carmenta S 10.5W 40°,128DW94040WHD0,White,images/carmenta/Dea-Carmenta-S-03-white-white.jpg,4000K,,DALI,,,White reflector · White (RAL 9003),10.5W,890lm,,40°,Datasheet=https://karizmaluce.com/wp-content/uploads/2024/10/Dea-Carmenta-S.pdf;Installation=https://karizmaluce.com/wp-content/uploads/2025/02/Dea-Carmenta-S-Installation-manual.pdf;LDT=https://karizmaluce.com/wp-content/uploads/2022/05/Dea-Carmenta-S-LDT.zip
Dea Carmenta S,,,,,,,,,,,,,,,,,,,Dea Carmenta S 10W 40°,128CW183040WHD0,White,images/carmenta/Dea-Carmenta-S-03-white-white.jpg,Warm Dim 1800–3000K,,DALI,,,White reflector · White (RAL 9003),10W,570lm,,40°,Datasheet=https://karizmaluce.com/wp-content/uploads/2024/10/Dea-Carmenta-S.pdf;Installation=https://karizmaluce.com/wp-content/uploads/2025/02/Dea-Carmenta-S-Installation-manual.pdf;LDT=https://karizmaluce.com/wp-content/uploads/2022/05/Dea-Carmenta-S-LDT.zip
Dea Carmenta S,,,,,,,,,,,,,,,,,,,Dea Carmenta S 10W 40°,128CW183040BMD0,White,images/carmenta/Dea-Carmenta-S-06-white-black-matt.jpg,Warm Dim 1800–3000K,,DALI,,,Black Matt reflector · White (RAL 9003),10W,570lm,,40°,Datasheet=https://karizmaluce.com/wp-content/uploads/2024/10/Dea-Carmenta-S.pdf;Installation=https://karizmaluce.com/wp-content/uploads/2025/02/Dea-Carmenta-S-Installation-manual.pdf;LDT=https://karizmaluce.com/wp-content/uploads/2022/05/Dea-Carmenta-S-LDT.zip
Dea Carmenta S,,,,,,,,,,,,,,,,,,,Dea Carmenta S 10W 40°,128CW183040SGD0,White,images/carmenta/Dea-Carmenta-S-02-white-silver.jpg,Warm Dim 1800–3000K,,DALI,,,Silver High Gloss reflector · White (RAL 9003),10W,570lm,,40°,Datasheet=https://karizmaluce.com/wp-content/uploads/2024/10/Dea-Carmenta-S.pdf;Installation=https://karizmaluce.com/wp-content/uploads/2025/02/Dea-Carmenta-S-Installation-manual.pdf;LDT=https://karizmaluce.com/wp-content/uploads/2022/05/Dea-Carmenta-S-LDT.zip
Dea Carmenta S,,,,,,,,,,,,,,,,,,,Dea Carmenta S 10W 40°,128CW183040GOD0,White,images/carmenta/Dea-Carmenta-S-01-white-gold.jpg,Warm Dim 1800–3000K,,DALI,,,Gold reflector · White (RAL 9003),10W,570lm,,40°,Datasheet=https://karizmaluce.com/wp-content/uploads/2024/10/Dea-Carmenta-S.pdf;Installation=https://karizmaluce.com/wp-content/uploads/2025/02/Dea-Carmenta-S-Installation-manual.pdf;LDT=https://karizmaluce.com/wp-content/uploads/2022/05/Dea-Carmenta-S-LDT.zip
Dea Carmenta S,,,,,,,,,,,,,,,,,,,Dea Carmenta S 10W 40°,128CW183040COD0,White,images/carmenta/Dea-Carmenta-S-07-white-copper.jpg,Warm Dim 1800–3000K,,DALI,,,Copper reflector · White (RAL 9003),10W,570lm,,40°,Datasheet=https://karizmaluce.com/wp-content/uploads/2024/10/Dea-Carmenta-S.pdf;Installation=https://karizmaluce.com/wp-content/uploads/2025/02/Dea-Carmenta-S-Installation-manual.pdf;LDT=https://karizmaluce.com/wp-content/uploads/2022/05/Dea-Carmenta-S-LDT.zip
Dea Carmenta S,,,,,,,,,,,,,,,,,,,Dea Carmenta S 10W 40°,128CW183040BGD0,White,images/carmenta/Dea-Carmenta-S-04-white-black-gloss.jpg,Warm Dim 1800–3000K,,DALI,,,Black High Gloss reflector · White (RAL 9003),10W,570lm,,40°,Datasheet=https://karizmaluce.com/wp-content/uploads/2024/10/Dea-Carmenta-S.pdf;Installation=https://karizmaluce.com/wp-content/uploads/2025/02/Dea-Carmenta-S-Installation-manual.pdf;LDT=https://karizmaluce.com/wp-content/uploads/2022/05/Dea-Carmenta-S-LDT.zip
Dea Carmenta S,,,,,,,,,,,,,,,,,,,Dea Carmenta S 10W 40°,128CB183040WHD0,Black,images/carmenta/Dea-Carmenta-S-10-black-white.jpg,Warm Dim 1800–3000K,,DALI,,,White reflector · Black (RAL 9005),10W,570lm,,40°,Datasheet=https://karizmaluce.com/wp-content/uploads/2024/10/Dea-Carmenta-S.pdf;Installation=https://karizmaluce.com/wp-content/uploads/2025/02/Dea-Carmenta-S-Installation-manual.pdf;LDT=https://karizmaluce.com/wp-content/uploads/2022/05/Dea-Carmenta-S-LDT.zip
Dea Carmenta S,,,,,,,,,,,,,,,,,,,Dea Carmenta S 10W 40°,128CB183040BMD0,Black,images/carmenta/Dea-Carmenta-S-13-black-black-matt.jpg,Warm Dim 1800–3000K,,DALI,,,Black Matt reflector · Black (RAL 9005),10W,570lm,,40°,Datasheet=https://karizmaluce.com/wp-content/uploads/2024/10/Dea-Carmenta-S.pdf;Installation=https://karizmaluce.com/wp-content/uploads/2025/02/Dea-Carmenta-S-Installation-manual.pdf;LDT=https://karizmaluce.com/wp-content/uploads/2022/05/Dea-Carmenta-S-LDT.zip
Dea Carmenta S,,,,,,,,,,,,,,,,,,,Dea Carmenta S 10W 40°,128CB183040SGD0,Black,images/carmenta/Dea-Carmenta-S-09-black-silver.jpg,Warm Dim 1800–3000K,,DALI,,,Silver High Gloss reflector · Black (RAL 9005),10W,570lm,,40°,Datasheet=https://karizmaluce.com/wp-content/uploads/2024/10/Dea-Carmenta-S.pdf;Installation=https://karizmaluce.com/wp-content/uploads/2025/02/Dea-Carmenta-S-Installation-manual.pdf;LDT=https://karizmaluce.com/wp-content/uploads/2022/05/Dea-Carmenta-S-LDT.zip
Dea Carmenta S,,,,,,,,,,,,,,,,,,,Dea Carmenta S 10W 40°,128CB183040GOD0,Black,images/carmenta/Dea-Carmenta-S-08-black-gold.jpg,Warm Dim 1800–3000K,,DALI,,,Gold reflector · Black (RAL 9005),10W,570lm,,40°,Datasheet=https://karizmaluce.com/wp-content/uploads/2024/10/Dea-Carmenta-S.pdf;Installation=https://karizmaluce.com/wp-content/uploads/2025/02/Dea-Carmenta-S-Installation-manual.pdf;LDT=https://karizmaluce.com/wp-content/uploads/2022/05/Dea-Carmenta-S-LDT.zip
Dea Carmenta S,,,,,,,,,,,,,,,,,,,Dea Carmenta S 10W 40°,128CB183040COD0,Black,images/carmenta/Dea-Carmenta-S-14-black-copper.jpg,Warm Dim 1800–3000K,,DALI,,,Copper reflector · Black (RAL 9005),10W,570lm,,40°,Datasheet=https://karizmaluce.com/wp-content/uploads/2024/10/Dea-Carmenta-S.pdf;Installation=https://karizmaluce.com/wp-content/uploads/2025/02/Dea-Carmenta-S-Installation-manual.pdf;LDT=https://karizmaluce.com/wp-content/uploads/2022/05/Dea-Carmenta-S-LDT.zip
Dea Carmenta S,,,,,,,,,,,,,,,,,,,Dea Carmenta S 10W 40°,128CB183040BGD0,Black,images/carmenta/Dea-Carmenta-S-11-black-black-gloss.jpg,Warm Dim 1800–3000K,,DALI,,,Black High Gloss reflector · Black (RAL 9005),10W,570lm,,40°,Datasheet=https://karizmaluce.com/wp-content/uploads/2024/10/Dea-Carmenta-S.pdf;Installation=https://karizmaluce.com/wp-content/uploads/2025/02/Dea-Carmenta-S-Installation-manual.pdf;LDT=https://karizmaluce.com/wp-content/uploads/2022/05/Dea-Carmenta-S-LDT.zip
Dea Carmenta S,,,,,,,,,,,,,,,,,,,Dea Carmenta S 10W 40°,128CW9276540WHD0,White,images/carmenta/Dea-Carmenta-S-03-white-white.jpg,Tuneable White 2700–6500K,,DALI,,,White reflector · White (RAL 9003),10W,570lm,,40°,Datasheet=https://karizmaluce.com/wp-content/uploads/2024/10/Dea-Carmenta-S.pdf;Installation=https://karizmaluce.com/wp-content/uploads/2025/02/Dea-Carmenta-S-Installation-manual.pdf;LDT=https://karizmaluce.com/wp-content/uploads/2022/05/Dea-Carmenta-S-LDT.zip
Dea Carmenta S,,,,,,,,,,,,,,,,,,,Dea Carmenta S 10W 40°,128CW9276540BMD0,White,images/carmenta/Dea-Carmenta-S-06-white-black-matt.jpg,Tuneable White 2700–6500K,,DALI,,,Black Matt reflector · White (RAL 9003),10W,570lm,,40°,Datasheet=https://karizmaluce.com/wp-content/uploads/2024/10/Dea-Carmenta-S.pdf;Installation=https://karizmaluce.com/wp-content/uploads/2025/02/Dea-Carmenta-S-Installation-manual.pdf;LDT=https://karizmaluce.com/wp-content/uploads/2022/05/Dea-Carmenta-S-LDT.zip
Dea Carmenta S,,,,,,,,,,,,,,,,,,,Dea Carmenta S 10W 40°,128CW9276540SGD0,White,images/carmenta/Dea-Carmenta-S-02-white-silver.jpg,Tuneable White 2700–6500K,,DALI,,,Silver High Gloss reflector · White (RAL 9003),10W,570lm,,40°,Datasheet=https://karizmaluce.com/wp-content/uploads/2024/10/Dea-Carmenta-S.pdf;Installation=https://karizmaluce.com/wp-content/uploads/2025/02/Dea-Carmenta-S-Installation-manual.pdf;LDT=https://karizmaluce.com/wp-content/uploads/2022/05/Dea-Carmenta-S-LDT.zip
Dea Carmenta S,,,,,,,,,,,,,,,,,,,Dea Carmenta S 10W 40°,128CW9276540GOD0,White,images/carmenta/Dea-Carmenta-S-01-white-gold.jpg,Tuneable White 2700–6500K,,DALI,,,Gold reflector · White (RAL 9003),10W,570lm,,40°,Datasheet=https://karizmaluce.com/wp-content/uploads/2024/10/Dea-Carmenta-S.pdf;Installation=https://karizmaluce.com/wp-content/uploads/2025/02/Dea-Carmenta-S-Installation-manual.pdf;LDT=https://karizmaluce.com/wp-content/uploads/2022/05/Dea-Carmenta-S-LDT.zip
Dea Carmenta S,,,,,,,,,,,,,,,,,,,Dea Carmenta S 10W 40°,128CW9276540COD0,White,images/carmenta/Dea-Carmenta-S-07-white-copper.jpg,Tuneable White 2700–6500K,,DALI,,,Copper reflector · White (RAL 9003),10W,570lm,,40°,Datasheet=https://karizmaluce.com/wp-content/uploads/2024/10/Dea-Carmenta-S.pdf;Installation=https://karizmaluce.com/wp-content/uploads/2025/02/Dea-Carmenta-S-Installation-manual.pdf;LDT=https://karizmaluce.com/wp-content/uploads/2022/05/Dea-Carmenta-S-LDT.zip
Dea Carmenta S,,,,,,,,,,,,,,,,,,,Dea Carmenta S 10W 40°,128CW9276540BGD0,White,images/carmenta/Dea-Carmenta-S-04-white-black-gloss.jpg,Tuneable White 2700–6500K,,DALI,,,Black High Gloss reflector · White (RAL 9003),10W,570lm,,40°,Datasheet=https://karizmaluce.com/wp-content/uploads/2024/10/Dea-Carmenta-S.pdf;Installation=https://karizmaluce.com/wp-content/uploads/2025/02/Dea-Carmenta-S-Installation-manual.pdf;LDT=https://karizmaluce.com/wp-content/uploads/2022/05/Dea-Carmenta-S-LDT.zip
Dea Carmenta S,,,,,,,,,,,,,,,,,,,Dea Carmenta S 10W 40°,128CB9276540WHD0,Black,images/carmenta/Dea-Carmenta-S-10-black-white.jpg,Tuneable White 2700–6500K,,DALI,,,White reflector · Black (RAL 9005),10W,570lm,,40°,Datasheet=https://karizmaluce.com/wp-content/uploads/2024/10/Dea-Carmenta-S.pdf;Installation=https://karizmaluce.com/wp-content/uploads/2025/02/Dea-Carmenta-S-Installation-manual.pdf;LDT=https://karizmaluce.com/wp-content/uploads/2022/05/Dea-Carmenta-S-LDT.zip
Dea Carmenta S,,,,,,,,,,,,,,,,,,,Dea Carmenta S 10W 40°,128CB9276540BMD0,Black,images/carmenta/Dea-Carmenta-S-13-black-black-matt.jpg,Tuneable White 2700–6500K,,DALI,,,Black Matt reflector · Black (RAL 9005),10W,570lm,,40°,Datasheet=https://karizmaluce.com/wp-content/uploads/2024/10/Dea-Carmenta-S.pdf;Installation=https://karizmaluce.com/wp-content/uploads/2025/02/Dea-Carmenta-S-Installation-manual.pdf;LDT=https://karizmaluce.com/wp-content/uploads/2022/05/Dea-Carmenta-S-LDT.zip
Dea Carmenta S,,,,,,,,,,,,,,,,,,,Dea Carmenta S 10W 40°,128CB9276540SGD0,Black,images/carmenta/Dea-Carmenta-S-09-black-silver.jpg,Tuneable White 2700–6500K,,DALI,,,Silver High Gloss reflector · Black (RAL 9005),10W,570lm,,40°,Datasheet=https://karizmaluce.com/wp-content/uploads/2024/10/Dea-Carmenta-S.pdf;Installation=https://karizmaluce.com/wp-content/uploads/2025/02/Dea-Carmenta-S-Installation-manual.pdf;LDT=https://karizmaluce.com/wp-content/uploads/2022/05/Dea-Carmenta-S-LDT.zip
Dea Carmenta S,,,,,,,,,,,,,,,,,,,Dea Carmenta S 10W 40°,128CB9276540GOD0,Black,images/carmenta/Dea-Carmenta-S-08-black-gold.jpg,Tuneable White 2700–6500K,,DALI,,,Gold reflector · Black (RAL 9005),10W,570lm,,40°,Datasheet=https://karizmaluce.com/wp-content/uploads/2024/10/Dea-Carmenta-S.pdf;Installation=https://karizmaluce.com/wp-content/uploads/2025/02/Dea-Carmenta-S-Installation-manual.pdf;LDT=https://karizmaluce.com/wp-content/uploads/2022/05/Dea-Carmenta-S-LDT.zip
Dea Carmenta S,,,,,,,,,,,,,,,,,,,Dea Carmenta S 10W 40°,128CB9276540COD0,Black,images/carmenta/Dea-Carmenta-S-14-black-copper.jpg,Tuneable White 2700–6500K,,DALI,,,Copper reflector · Black (RAL 9005),10W,570lm,,40°,Datasheet=https://karizmaluce.com/wp-content/uploads/2024/10/Dea-Carmenta-S.pdf;Installation=https://karizmaluce.com/wp-content/uploads/2025/02/Dea-Carmenta-S-Installation-manual.pdf;LDT=https://karizmaluce.com/wp-content/uploads/2022/05/Dea-Carmenta-S-LDT.zip
Dea Carmenta S,,,,,,,,,,,,,,,,,,,Dea Carmenta S 10W 40°,128CB9276540BGD0,Black,images/carmenta/Dea-Carmenta-S-11-black-black-gloss.jpg,Tuneable White 2700–6500K,,DALI,,,Black High Gloss reflector · Black (RAL 9005),10W,570lm,,40°,Datasheet=https://karizmaluce.com/wp-content/uploads/2024/10/Dea-Carmenta-S.pdf;Installation=https://karizmaluce.com/wp-content/uploads/2025/02/Dea-Carmenta-S-Installation-manual.pdf;LDT=https://karizmaluce.com/wp-content/uploads/2022/05/Dea-Carmenta-S-LDT.zip
Dea Carmenta S,,,,,,,,,,,,,,,,,,,Dea Carmenta S 10.5W 40°,128DB92740CRF0,Black,images/carmenta/Dea-Carmenta-S-12-black-chrome.jpg,2700K,,On/Off,,,Chrome reflector · Black (RAL 9005),10.5W,890lm,,40°,Datasheet=https://karizmaluce.com/wp-content/uploads/2024/10/Dea-Carmenta-S.pdf;Installation=https://karizmaluce.com/wp-content/uploads/2025/02/Dea-Carmenta-S-Installation-manual.pdf;LDT=https://karizmaluce.com/wp-content/uploads/2022/05/Dea-Carmenta-S-LDT.zip
Dea Carmenta S,,,,,,,,,,,,,,,,,,,Dea Carmenta S 10.5W 40°,128DB93040CRF0,Black,images/carmenta/Dea-Carmenta-S-12-black-chrome.jpg,3000K,,On/Off,,,Chrome reflector · Black (RAL 9005),10.5W,930lm,,40°,Datasheet=https://karizmaluce.com/wp-content/uploads/2024/10/Dea-Carmenta-S.pdf;Installation=https://karizmaluce.com/wp-content/uploads/2025/02/Dea-Carmenta-S-Installation-manual.pdf;LDT=https://karizmaluce.com/wp-content/uploads/2022/05/Dea-Carmenta-S-LDT.zip
Dea Carmenta S,,,,,,,,,,,,,,,,,,,Dea Carmenta S 10.5W 40°,128DB94040CRF0,Black,images/carmenta/Dea-Carmenta-S-12-black-chrome.jpg,4000K,,On/Off,,,Chrome reflector · Black (RAL 9005),10.5W,940lm,,40°,Datasheet=https://karizmaluce.com/wp-content/uploads/2024/10/Dea-Carmenta-S.pdf;Installation=https://karizmaluce.com/wp-content/uploads/2025/02/Dea-Carmenta-S-Installation-manual.pdf;LDT=https://karizmaluce.com/wp-content/uploads/2022/05/Dea-Carmenta-S-LDT.zip
Dea Carmenta S,,,,,,,,,,,,,,,,,,,Dea Carmenta S 10.5W 40°,128DW92740CRF0,White,images/carmenta/Dea-Carmenta-S-05-white-chrome.jpg,2700K,,On/Off,,,Chrome reflector · White (RAL 9003),10.5W,890lm,,40°,Datasheet=https://karizmaluce.com/wp-content/uploads/2024/10/Dea-Carmenta-S.pdf;Installation=https://karizmaluce.com/wp-content/uploads/2025/02/Dea-Carmenta-S-Installation-manual.pdf;LDT=https://karizmaluce.com/wp-content/uploads/2022/05/Dea-Carmenta-S-LDT.zip
Dea Carmenta S,,,,,,,,,,,,,,,,,,,Dea Carmenta S 10.5W 40°,128DW93040CRF0,White,images/carmenta/Dea-Carmenta-S-05-white-chrome.jpg,3000K,,On/Off,,,Chrome reflector · White (RAL 9003),10.5W,930lm,,40°,Datasheet=https://karizmaluce.com/wp-content/uploads/2024/10/Dea-Carmenta-S.pdf;Installation=https://karizmaluce.com/wp-content/uploads/2025/02/Dea-Carmenta-S-Installation-manual.pdf;LDT=https://karizmaluce.com/wp-content/uploads/2022/05/Dea-Carmenta-S-LDT.zip
Dea Carmenta S,,,,,,,,,,,,,,,,,,,Dea Carmenta S 10.5W 40°,128DW94040CRF0,White,images/carmenta/Dea-Carmenta-S-05-white-chrome.jpg,4000K,,On/Off,,,Chrome reflector · White (RAL 9003),10.5W,940lm,,40°,Datasheet=https://karizmaluce.com/wp-content/uploads/2024/10/Dea-Carmenta-S.pdf;Installation=https://karizmaluce.com/wp-content/uploads/2025/02/Dea-Carmenta-S-Installation-manual.pdf;LDT=https://karizmaluce.com/wp-content/uploads/2022/05/Dea-Carmenta-S-LDT.zip
Dea Carmenta S,,,,,,,,,,,,,,,,,,,Dea Carmenta S 10.5W 40°,128DB92740CRP0,Black,images/carmenta/Dea-Carmenta-S-12-black-chrome.jpg,2700K,,Phase Dim,,,Chrome reflector · Black (RAL 9005),10.5W,890lm,,40°,Datasheet=https://karizmaluce.com/wp-content/uploads/2024/10/Dea-Carmenta-S.pdf;Installation=https://karizmaluce.com/wp-content/uploads/2025/02/Dea-Carmenta-S-Installation-manual.pdf;LDT=https://karizmaluce.com/wp-content/uploads/2022/05/Dea-Carmenta-S-LDT.zip
Dea Carmenta S,,,,,,,,,,,,,,,,,,,Dea Carmenta S 10.5W 40°,128DB93040CRP0,Black,images/carmenta/Dea-Carmenta-S-12-black-chrome.jpg,3000K,,Phase Dim,,,Chrome reflector · Black (RAL 9005),10.5W,930lm,,40°,Datasheet=https://karizmaluce.com/wp-content/uploads/2024/10/Dea-Carmenta-S.pdf;Installation=https://karizmaluce.com/wp-content/uploads/2025/02/Dea-Carmenta-S-Installation-manual.pdf;LDT=https://karizmaluce.com/wp-content/uploads/2022/05/Dea-Carmenta-S-LDT.zip
Dea Carmenta S,,,,,,,,,,,,,,,,,,,Dea Carmenta S 10.5W 40°,128DB94040CRP0,Black,images/carmenta/Dea-Carmenta-S-12-black-chrome.jpg,4000K,,Phase Dim,,,Chrome reflector · Black (RAL 9005),10.5W,940lm,,40°,Datasheet=https://karizmaluce.com/wp-content/uploads/2024/10/Dea-Carmenta-S.pdf;Installation=https://karizmaluce.com/wp-content/uploads/2025/02/Dea-Carmenta-S-Installation-manual.pdf;LDT=https://karizmaluce.com/wp-content/uploads/2022/05/Dea-Carmenta-S-LDT.zip
Dea Carmenta S,,,,,,,,,,,,,,,,,,,Dea Carmenta S 10.5W 40°,128DW92740CRP0,White,images/carmenta/Dea-Carmenta-S-05-white-chrome.jpg,2700K,,Phase Dim,,,Chrome reflector · White (RAL 9003),10.5W,890lm,,40°,Datasheet=https://karizmaluce.com/wp-content/uploads/2024/10/Dea-Carmenta-S.pdf;Installation=https://karizmaluce.com/wp-content/uploads/2025/02/Dea-Carmenta-S-Installation-manual.pdf;LDT=https://karizmaluce.com/wp-content/uploads/2022/05/Dea-Carmenta-S-LDT.zip
Dea Carmenta S,,,,,,,,,,,,,,,,,,,Dea Carmenta S 10.5W 40°,128DW93040CRP0,White,images/carmenta/Dea-Carmenta-S-05-white-chrome.jpg,3000K,,Phase Dim,,,Chrome reflector · White (RAL 9003),10.5W,930lm,,40°,Datasheet=https://karizmaluce.com/wp-content/uploads/2024/10/Dea-Carmenta-S.pdf;Installation=https://karizmaluce.com/wp-content/uploads/2025/02/Dea-Carmenta-S-Installation-manual.pdf;LDT=https://karizmaluce.com/wp-content/uploads/2022/05/Dea-Carmenta-S-LDT.zip
Dea Carmenta S,,,,,,,,,,,,,,,,,,,Dea Carmenta S 10.5W 40°,128DW94040CRP0,White,images/carmenta/Dea-Carmenta-S-05-white-chrome.jpg,4000K,,Phase Dim,,,Chrome reflector · White (RAL 9003),10.5W,940lm,,40°,Datasheet=https://karizmaluce.com/wp-content/uploads/2024/10/Dea-Carmenta-S.pdf;Installation=https://karizmaluce.com/wp-content/uploads/2025/02/Dea-Carmenta-S-Installation-manual.pdf;LDT=https://karizmaluce.com/wp-content/uploads/2022/05/Dea-Carmenta-S-LDT.zip
Dea Carmenta S,,,,,,,,,,,,,,,,,,,Dea Carmenta S 10W 40°,128CW183040CRP0,White,images/carmenta/Dea-Carmenta-S-05-white-chrome.jpg,Warm Dim 1800–3000K,,Phase Dim,,,Chrome reflector · White (RAL 9003),10W,570lm,,40°,Datasheet=https://karizmaluce.com/wp-content/uploads/2024/10/Dea-Carmenta-S.pdf;Installation=https://karizmaluce.com/wp-content/uploads/2025/02/Dea-Carmenta-S-Installation-manual.pdf;LDT=https://karizmaluce.com/wp-content/uploads/2022/05/Dea-Carmenta-S-LDT.zip
Dea Carmenta S,,,,,,,,,,,,,,,,,,,Dea Carmenta S 10W 40°,128CB183040CRP0,Black,images/carmenta/Dea-Carmenta-S-12-black-chrome.jpg,Warm Dim 1800–3000K,,Phase Dim,,,Chrome reflector · Black (RAL 9005),10W,570lm,,40°,Datasheet=https://karizmaluce.com/wp-content/uploads/2024/10/Dea-Carmenta-S.pdf;Installation=https://karizmaluce.com/wp-content/uploads/2025/02/Dea-Carmenta-S-Installation-manual.pdf;LDT=https://karizmaluce.com/wp-content/uploads/2022/05/Dea-Carmenta-S-LDT.zip
Dea Carmenta S,,,,,,,,,,,,,,,,,,,Dea Carmenta S 10.5W 40°,128DB92740CRD0,Black,images/carmenta/Dea-Carmenta-S-12-black-chrome.jpg,2700K,,DALI,,,Chrome reflector · Black (RAL 9005),10.5W,890lm,,40°,Datasheet=https://karizmaluce.com/wp-content/uploads/2024/10/Dea-Carmenta-S.pdf;Installation=https://karizmaluce.com/wp-content/uploads/2025/02/Dea-Carmenta-S-Installation-manual.pdf;LDT=https://karizmaluce.com/wp-content/uploads/2022/05/Dea-Carmenta-S-LDT.zip
Dea Carmenta S,,,,,,,,,,,,,,,,,,,Dea Carmenta S 10.5W 40°,128DB93040CRD0,Black,images/carmenta/Dea-Carmenta-S-12-black-chrome.jpg,3000K,,DALI,,,Chrome reflector · Black (RAL 9005),10.5W,930lm,,40°,Datasheet=https://karizmaluce.com/wp-content/uploads/2024/10/Dea-Carmenta-S.pdf;Installation=https://karizmaluce.com/wp-content/uploads/2025/02/Dea-Carmenta-S-Installation-manual.pdf;LDT=https://karizmaluce.com/wp-content/uploads/2022/05/Dea-Carmenta-S-LDT.zip
Dea Carmenta S,,,,,,,,,,,,,,,,,,,Dea Carmenta S 10.5W 40°,128DB94040CRD0,Black,images/carmenta/Dea-Carmenta-S-12-black-chrome.jpg,4000K,,DALI,,,Chrome reflector · Black (RAL 9005),10.5W,940lm,,40°,Datasheet=https://karizmaluce.com/wp-content/uploads/2024/10/Dea-Carmenta-S.pdf;Installation=https://karizmaluce.com/wp-content/uploads/2025/02/Dea-Carmenta-S-Installation-manual.pdf;LDT=https://karizmaluce.com/wp-content/uploads/2022/05/Dea-Carmenta-S-LDT.zip
Dea Carmenta S,,,,,,,,,,,,,,,,,,,Dea Carmenta S 10.5W 40°,128DW92740CRD0,White,images/carmenta/Dea-Carmenta-S-05-white-chrome.jpg,2700K,,DALI,,,Chrome reflector · White (RAL 9003),10.5W,890lm,,40°,Datasheet=https://karizmaluce.com/wp-content/uploads/2024/10/Dea-Carmenta-S.pdf;Installation=https://karizmaluce.com/wp-content/uploads/2025/02/Dea-Carmenta-S-Installation-manual.pdf;LDT=https://karizmaluce.com/wp-content/uploads/2022/05/Dea-Carmenta-S-LDT.zip
Dea Carmenta S,,,,,,,,,,,,,,,,,,,Dea Carmenta S 10.5W 40°,128DW93040CRD0,White,images/carmenta/Dea-Carmenta-S-05-white-chrome.jpg,3000K,,DALI,,,Chrome reflector · White (RAL 9003),10.5W,930lm,,40°,Datasheet=https://karizmaluce.com/wp-content/uploads/2024/10/Dea-Carmenta-S.pdf;Installation=https://karizmaluce.com/wp-content/uploads/2025/02/Dea-Carmenta-S-Installation-manual.pdf;LDT=https://karizmaluce.com/wp-content/uploads/2022/05/Dea-Carmenta-S-LDT.zip
Dea Carmenta S,,,,,,,,,,,,,,,,,,,Dea Carmenta S 10.5W 40°,128DW94040CRD0,White,images/carmenta/Dea-Carmenta-S-05-white-chrome.jpg,4000K,,DALI,,,Chrome reflector · White (RAL 9003),10.5W,940lm,,40°,Datasheet=https://karizmaluce.com/wp-content/uploads/2024/10/Dea-Carmenta-S.pdf;Installation=https://karizmaluce.com/wp-content/uploads/2025/02/Dea-Carmenta-S-Installation-manual.pdf;LDT=https://karizmaluce.com/wp-content/uploads/2022/05/Dea-Carmenta-S-LDT.zip
Dea Carmenta S,,,,,,,,,,,,,,,,,,,Dea Carmenta S 10W 40°,128CW183040CRD0,White,images/carmenta/Dea-Carmenta-S-05-white-chrome.jpg,Warm Dim 1800–3000K,,DALI,,,Chrome reflector · White (RAL 9003),10W,570lm,,40°,Datasheet=https://karizmaluce.com/wp-content/uploads/2024/10/Dea-Carmenta-S.pdf;Installation=https://karizmaluce.com/wp-content/uploads/2025/02/Dea-Carmenta-S-Installation-manual.pdf;LDT=https://karizmaluce.com/wp-content/uploads/2022/05/Dea-Carmenta-S-LDT.zip
Dea Carmenta S,,,,,,,,,,,,,,,,,,,Dea Carmenta S 10W 40°,128CB183040CRD0,Black,images/carmenta/Dea-Carmenta-S-12-black-chrome.jpg,Warm Dim 1800–3000K,,DALI,,,Chrome reflector · Black (RAL 9005),10W,570lm,,40°,Datasheet=https://karizmaluce.com/wp-content/uploads/2024/10/Dea-Carmenta-S.pdf;Installation=https://karizmaluce.com/wp-content/uploads/2025/02/Dea-Carmenta-S-Installation-manual.pdf;LDT=https://karizmaluce.com/wp-content/uploads/2022/05/Dea-Carmenta-S-LDT.zip
Dea Carmenta S,,,,,,,,,,,,,,,,,,,Dea Carmenta S 10W 40°,128CW9276540CRD0,White,images/carmenta/Dea-Carmenta-S-05-white-chrome.jpg,Tuneable White 2700–6500K,,DALI,,,Chrome reflector · White (RAL 9003),10W,570lm,,40°,Datasheet=https://karizmaluce.com/wp-content/uploads/2024/10/Dea-Carmenta-S.pdf;Installation=https://karizmaluce.com/wp-content/uploads/2025/02/Dea-Carmenta-S-Installation-manual.pdf;LDT=https://karizmaluce.com/wp-content/uploads/2022/05/Dea-Carmenta-S-LDT.zip
Dea Carmenta S,,,,,,,,,,,,,,,,,,,Dea Carmenta S 10W 40°,128CB9276540CRD0,Black,images/carmenta/Dea-Carmenta-S-12-black-chrome.jpg,Tuneable White 2700–6500K,,DALI,,,Chrome reflector · Black (RAL 9005),10W,570lm,,40°,Datasheet=https://karizmaluce.com/wp-content/uploads/2024/10/Dea-Carmenta-S.pdf;Installation=https://karizmaluce.com/wp-content/uploads/2025/02/Dea-Carmenta-S-Installation-manual.pdf;LDT=https://karizmaluce.com/wp-content/uploads/2022/05/Dea-Carmenta-S-LDT.zip
Profondo Basso,Karizma Luce,Interior,Recessed Downlight,A deep-set downlight that all but disappears into the ceiling.,"A compact fixed downlight with the light source set deep inside the reflector, so you see the light rather than the fitting. The narrow trim and Ø75mm cut-out keep the ceiling calm, making it a natural choice for hotel rooms, restaurants, lounges and homes, as general light or soft accent.","Fixed recessed downlight with deep-set LED. Die-cast aluminium housing with a black or white reflector to match. Cut-out Ø75mm. CRI 90. 3-step MacAdam. Lifetime 50,000h. 220–240Vac | 50/60Hz. Class II. IP44. Replaceable LED and driver. 5-year warranty.",2700K | 3000K | 4000K | Warm Dim | Tuneable White,CRI>90,On/Off | Phase Dim | DALI,IP44,Black | White,recessed-round,,images/profondo-basso/profondo-basso-thumb.jpg;images/profondo-basso/profondo-basso-dimensions.png,,,images/profondo-basso/profondo-basso-dimensions.png,Ø80 × 89mm (tuneable white Ø80 × 85mm) · cut-out Ø75mm,Profondo Basso 8.5W 24°,202HB92724F0,Black,images/profondo-basso/profondo-basso-black.jpg,2700K,CRI>90,On/Off,,,Black reflector · Black (RAL 9005),8.5W,810lm,95lm/W,24°,Datasheet=images/profondo-basso/datasheets/202HB92724F0.pdf;Installation=https://karizmaluce.com/wp-content/uploads/2025/11/KarizmaLuce_Installation_Manual_profondo_basso_V02.pdf;LDT=https://karizmaluce.com/wp-content/uploads/2022/05/Profondo-Basso-LDT.zip
Profondo Basso,,,,,,,,,,,,,,,,,,,Profondo Basso 8.5W 24°,202HB92724P0,Black,images/profondo-basso/profondo-basso-black.jpg,2700K,CRI>90,Phase Dim,,,Black reflector · Black (RAL 9005),8.5W,810lm,95lm/W,24°,Datasheet=images/profondo-basso/datasheets/202HB92724P0.pdf;Installation=https://karizmaluce.com/wp-content/uploads/2025/11/KarizmaLuce_Installation_Manual_profondo_basso_V02.pdf;LDT=https://karizmaluce.com/wp-content/uploads/2022/05/Profondo-Basso-LDT.zip
Profondo Basso,,,,,,,,,,,,,,,,,,,Profondo Basso 8.5W 24°,202HB92724D0,Black,images/profondo-basso/profondo-basso-black.jpg,2700K,CRI>90,DALI,,,Black reflector · Black (RAL 9005),8.5W,810lm,95lm/W,24°,Datasheet=images/profondo-basso/datasheets/202HB92724D0.pdf;Installation=https://karizmaluce.com/wp-content/uploads/2025/11/KarizmaLuce_Installation_Manual_profondo_basso_V02.pdf;LDT=https://karizmaluce.com/wp-content/uploads/2022/05/Profondo-Basso-LDT.zip
Profondo Basso,,,,,,,,,,,,,,,,,,,Profondo Basso 8.5W 24°,202HB93024F0,Black,images/profondo-basso/profondo-basso-black.jpg,3000K,CRI>90,On/Off,,,Black reflector · Black (RAL 9005),8.5W,810lm,95lm/W,24°,Datasheet=images/profondo-basso/datasheets/202HB93024F0.pdf;Installation=https://karizmaluce.com/wp-content/uploads/2025/11/KarizmaLuce_Installation_Manual_profondo_basso_V02.pdf;LDT=https://karizmaluce.com/wp-content/uploads/2022/05/Profondo-Basso-LDT.zip
Profondo Basso,,,,,,,,,,,,,,,,,,,Profondo Basso 8.5W 24°,202HB93024P0,Black,images/profondo-basso/profondo-basso-black.jpg,3000K,CRI>90,Phase Dim,,,Black reflector · Black (RAL 9005),8.5W,810lm,95lm/W,24°,Datasheet=images/profondo-basso/datasheets/202HB93024P0.pdf;Installation=https://karizmaluce.com/wp-content/uploads/2025/11/KarizmaLuce_Installation_Manual_profondo_basso_V02.pdf;LDT=https://karizmaluce.com/wp-content/uploads/2022/05/Profondo-Basso-LDT.zip
Profondo Basso,,,,,,,,,,,,,,,,,,,Profondo Basso 8.5W 24°,202HB93024D0,Black,images/profondo-basso/profondo-basso-black.jpg,3000K,CRI>90,DALI,,,Black reflector · Black (RAL 9005),8.5W,810lm,95lm/W,24°,Datasheet=images/profondo-basso/datasheets/202HB93024D0.pdf;Installation=https://karizmaluce.com/wp-content/uploads/2025/11/KarizmaLuce_Installation_Manual_profondo_basso_V02.pdf;LDT=https://karizmaluce.com/wp-content/uploads/2022/05/Profondo-Basso-LDT.zip
Profondo Basso,,,,,,,,,,,,,,,,,,,Profondo Basso 8.5W 24°,202HB94024F0,Black,images/profondo-basso/profondo-basso-black.jpg,4000K,CRI>90,On/Off,,,Black reflector · Black (RAL 9005),8.5W,810lm,95lm/W,24°,Datasheet=images/profondo-basso/datasheets/202HB94024F0.pdf;Installation=https://karizmaluce.com/wp-content/uploads/2025/11/KarizmaLuce_Installation_Manual_profondo_basso_V02.pdf;LDT=https://karizmaluce.com/wp-content/uploads/2022/05/Profondo-Basso-LDT.zip
Profondo Basso,,,,,,,,,,,,,,,,,,,Profondo Basso 8.5W 24°,202HB94024P0,Black,images/profondo-basso/profondo-basso-black.jpg,4000K,CRI>90,Phase Dim,,,Black reflector · Black (RAL 9005),8.5W,810lm,95lm/W,24°,Datasheet=images/profondo-basso/datasheets/202HB94024P0.pdf;Installation=https://karizmaluce.com/wp-content/uploads/2025/11/KarizmaLuce_Installation_Manual_profondo_basso_V02.pdf;LDT=https://karizmaluce.com/wp-content/uploads/2022/05/Profondo-Basso-LDT.zip
Profondo Basso,,,,,,,,,,,,,,,,,,,Profondo Basso 8.5W 24°,202HB94024D0,Black,images/profondo-basso/profondo-basso-black.jpg,4000K,CRI>90,DALI,,,Black reflector · Black (RAL 9005),8.5W,810lm,95lm/W,24°,Datasheet=images/profondo-basso/datasheets/202HB94024D0.pdf;Installation=https://karizmaluce.com/wp-content/uploads/2025/11/KarizmaLuce_Installation_Manual_profondo_basso_V02.pdf;LDT=https://karizmaluce.com/wp-content/uploads/2022/05/Profondo-Basso-LDT.zip
Profondo Basso,,,,,,,,,,,,,,,,,,,Profondo Basso 8.5W 40°,202HB92740F0,Black,images/profondo-basso/profondo-basso-black.jpg,2700K,CRI>90,On/Off,,,Black reflector · Black (RAL 9005),8.5W,810lm,95lm/W,40°,Datasheet=images/profondo-basso/datasheets/202HB92740F0.pdf;Installation=https://karizmaluce.com/wp-content/uploads/2025/11/KarizmaLuce_Installation_Manual_profondo_basso_V02.pdf;LDT=https://karizmaluce.com/wp-content/uploads/2022/05/Profondo-Basso-LDT.zip
Profondo Basso,,,,,,,,,,,,,,,,,,,Profondo Basso 8.5W 40°,202HB92740P0,Black,images/profondo-basso/profondo-basso-black.jpg,2700K,CRI>90,Phase Dim,,,Black reflector · Black (RAL 9005),8.5W,810lm,95lm/W,40°,Datasheet=images/profondo-basso/datasheets/202HB92740P0.pdf;Installation=https://karizmaluce.com/wp-content/uploads/2025/11/KarizmaLuce_Installation_Manual_profondo_basso_V02.pdf;LDT=https://karizmaluce.com/wp-content/uploads/2022/05/Profondo-Basso-LDT.zip
Profondo Basso,,,,,,,,,,,,,,,,,,,Profondo Basso 8.5W 40°,202HB92740D0,Black,images/profondo-basso/profondo-basso-black.jpg,2700K,CRI>90,DALI,,,Black reflector · Black (RAL 9005),8.5W,810lm,95lm/W,40°,Datasheet=images/profondo-basso/datasheets/202HB92740D0.pdf;Installation=https://karizmaluce.com/wp-content/uploads/2025/11/KarizmaLuce_Installation_Manual_profondo_basso_V02.pdf;LDT=https://karizmaluce.com/wp-content/uploads/2022/05/Profondo-Basso-LDT.zip
Profondo Basso,,,,,,,,,,,,,,,,,,,Profondo Basso 8.5W 40°,202HB93040F0,Black,images/profondo-basso/profondo-basso-black.jpg,3000K,CRI>90,On/Off,,,Black reflector · Black (RAL 9005),8.5W,810lm,95lm/W,40°,Datasheet=images/profondo-basso/datasheets/202HB93040F0.pdf;Installation=https://karizmaluce.com/wp-content/uploads/2025/11/KarizmaLuce_Installation_Manual_profondo_basso_V02.pdf;LDT=https://karizmaluce.com/wp-content/uploads/2022/05/Profondo-Basso-LDT.zip
Profondo Basso,,,,,,,,,,,,,,,,,,,Profondo Basso 8.5W 40°,202HB93040P0,Black,images/profondo-basso/profondo-basso-black.jpg,3000K,CRI>90,Phase Dim,,,Black reflector · Black (RAL 9005),8.5W,810lm,95lm/W,40°,Datasheet=images/profondo-basso/datasheets/202HB93040P0.pdf;Installation=https://karizmaluce.com/wp-content/uploads/2025/11/KarizmaLuce_Installation_Manual_profondo_basso_V02.pdf;LDT=https://karizmaluce.com/wp-content/uploads/2022/05/Profondo-Basso-LDT.zip
Profondo Basso,,,,,,,,,,,,,,,,,,,Profondo Basso 8.5W 40°,202HB93040D0,Black,images/profondo-basso/profondo-basso-black.jpg,3000K,CRI>90,DALI,,,Black reflector · Black (RAL 9005),8.5W,810lm,95lm/W,40°,Datasheet=images/profondo-basso/datasheets/202HB93040D0.pdf;Installation=https://karizmaluce.com/wp-content/uploads/2025/11/KarizmaLuce_Installation_Manual_profondo_basso_V02.pdf;LDT=https://karizmaluce.com/wp-content/uploads/2022/05/Profondo-Basso-LDT.zip
Profondo Basso,,,,,,,,,,,,,,,,,,,Profondo Basso 8.5W 40°,202HB94040F0,Black,images/profondo-basso/profondo-basso-black.jpg,4000K,CRI>90,On/Off,,,Black reflector · Black (RAL 9005),8.5W,810lm,95lm/W,40°,Datasheet=images/profondo-basso/datasheets/202HB94040F0.pdf;Installation=https://karizmaluce.com/wp-content/uploads/2025/11/KarizmaLuce_Installation_Manual_profondo_basso_V02.pdf;LDT=https://karizmaluce.com/wp-content/uploads/2022/05/Profondo-Basso-LDT.zip
Profondo Basso,,,,,,,,,,,,,,,,,,,Profondo Basso 8.5W 40°,202HB94040P0,Black,images/profondo-basso/profondo-basso-black.jpg,4000K,CRI>90,Phase Dim,,,Black reflector · Black (RAL 9005),8.5W,810lm,95lm/W,40°,Datasheet=images/profondo-basso/datasheets/202HB94040P0.pdf;Installation=https://karizmaluce.com/wp-content/uploads/2025/11/KarizmaLuce_Installation_Manual_profondo_basso_V02.pdf;LDT=https://karizmaluce.com/wp-content/uploads/2022/05/Profondo-Basso-LDT.zip
Profondo Basso,,,,,,,,,,,,,,,,,,,Profondo Basso 8.5W 40°,202HB94040D0,Black,images/profondo-basso/profondo-basso-black.jpg,4000K,CRI>90,DALI,,,Black reflector · Black (RAL 9005),8.5W,810lm,95lm/W,40°,Datasheet=images/profondo-basso/datasheets/202HB94040D0.pdf;Installation=https://karizmaluce.com/wp-content/uploads/2025/11/KarizmaLuce_Installation_Manual_profondo_basso_V02.pdf;LDT=https://karizmaluce.com/wp-content/uploads/2022/05/Profondo-Basso-LDT.zip
Profondo Basso,,,,,,,,,,,,,,,,,,,Profondo Basso 10W 55°,202DB183055P0,Black,images/profondo-basso/profondo-basso-black.jpg,Warm Dim,CRI>90,Phase Dim,,,Black reflector · Black (RAL 9005) · 1800–3000K dim to warm,10W,650lm,65lm/W,55°,Datasheet=images/profondo-basso/datasheets/202DB183055P0.pdf;Installation=https://karizmaluce.com/wp-content/uploads/2025/11/KarizmaLuce_Installation_Manual_profondo_basso_V02.pdf;LDT=https://karizmaluce.com/wp-content/uploads/2022/05/Profondo-Basso-LDT.zip
Profondo Basso,,,,,,,,,,,,,,,,,,,Profondo Basso 10W 55°,202DB183055D0,Black,images/profondo-basso/profondo-basso-black.jpg,Warm Dim,CRI>90,DALI,,,Black reflector · Black (RAL 9005) · 1800–3000K dim to warm,10W,650lm,65lm/W,55°,Datasheet=images/profondo-basso/datasheets/202DB183055D0.pdf;Installation=https://karizmaluce.com/wp-content/uploads/2025/11/KarizmaLuce_Installation_Manual_profondo_basso_V02.pdf;LDT=https://karizmaluce.com/wp-content/uploads/2022/05/Profondo-Basso-LDT.zip
Profondo Basso,,,,,,,,,,,,,,,,,,,Profondo Basso 10.5W 24°,202IB92724F0,Black,images/profondo-basso/profondo-basso-black.jpg,2700K,CRI>90,On/Off,,,Black reflector · Black (RAL 9005),10.5W,1000lm,95lm/W,24°,Datasheet=images/profondo-basso/datasheets/202IB92724F0.pdf;Installation=https://karizmaluce.com/wp-content/uploads/2025/11/KarizmaLuce_Installation_Manual_profondo_basso_V02.pdf;LDT=https://karizmaluce.com/wp-content/uploads/2022/05/Profondo-Basso-LDT.zip
Profondo Basso,,,,,,,,,,,,,,,,,,,Profondo Basso 10.5W 24°,202IB92724P0,Black,images/profondo-basso/profondo-basso-black.jpg,2700K,CRI>90,Phase Dim,,,Black reflector · Black (RAL 9005),10.5W,1000lm,95lm/W,24°,Datasheet=images/profondo-basso/datasheets/202IB92724P0.pdf;Installation=https://karizmaluce.com/wp-content/uploads/2025/11/KarizmaLuce_Installation_Manual_profondo_basso_V02.pdf;LDT=https://karizmaluce.com/wp-content/uploads/2022/05/Profondo-Basso-LDT.zip
Profondo Basso,,,,,,,,,,,,,,,,,,,Profondo Basso 10.5W 24°,202IB92724D0,Black,images/profondo-basso/profondo-basso-black.jpg,2700K,CRI>90,DALI,,,Black reflector · Black (RAL 9005),10.5W,1000lm,95lm/W,24°,Datasheet=images/profondo-basso/datasheets/202IB92724D0.pdf;Installation=https://karizmaluce.com/wp-content/uploads/2025/11/KarizmaLuce_Installation_Manual_profondo_basso_V02.pdf;LDT=https://karizmaluce.com/wp-content/uploads/2022/05/Profondo-Basso-LDT.zip
Profondo Basso,,,,,,,,,,,,,,,,,,,Profondo Basso 10.5W 24°,202IB93024F0,Black,images/profondo-basso/profondo-basso-black.jpg,3000K,CRI>90,On/Off,,,Black reflector · Black (RAL 9005),10.5W,1000lm,95lm/W,24°,Datasheet=images/profondo-basso/datasheets/202IB93024F0.pdf;Installation=https://karizmaluce.com/wp-content/uploads/2025/11/KarizmaLuce_Installation_Manual_profondo_basso_V02.pdf;LDT=https://karizmaluce.com/wp-content/uploads/2022/05/Profondo-Basso-LDT.zip
Profondo Basso,,,,,,,,,,,,,,,,,,,Profondo Basso 10.5W 24°,202IB93024P0,Black,images/profondo-basso/profondo-basso-black.jpg,3000K,CRI>90,Phase Dim,,,Black reflector · Black (RAL 9005),10.5W,1000lm,95lm/W,24°,Datasheet=images/profondo-basso/datasheets/202IB93024P0.pdf;Installation=https://karizmaluce.com/wp-content/uploads/2025/11/KarizmaLuce_Installation_Manual_profondo_basso_V02.pdf;LDT=https://karizmaluce.com/wp-content/uploads/2022/05/Profondo-Basso-LDT.zip
Profondo Basso,,,,,,,,,,,,,,,,,,,Profondo Basso 10.5W 24°,202IB93024D0,Black,images/profondo-basso/profondo-basso-black.jpg,3000K,CRI>90,DALI,,,Black reflector · Black (RAL 9005),10.5W,1000lm,95lm/W,24°,Datasheet=images/profondo-basso/datasheets/202IB93024D0.pdf;Installation=https://karizmaluce.com/wp-content/uploads/2025/11/KarizmaLuce_Installation_Manual_profondo_basso_V02.pdf;LDT=https://karizmaluce.com/wp-content/uploads/2022/05/Profondo-Basso-LDT.zip
Profondo Basso,,,,,,,,,,,,,,,,,,,Profondo Basso 10.5W 24°,202IB94024F0,Black,images/profondo-basso/profondo-basso-black.jpg,4000K,CRI>90,On/Off,,,Black reflector · Black (RAL 9005),10.5W,1000lm,95lm/W,24°,Datasheet=images/profondo-basso/datasheets/202IB94024F0.pdf;Installation=https://karizmaluce.com/wp-content/uploads/2025/11/KarizmaLuce_Installation_Manual_profondo_basso_V02.pdf;LDT=https://karizmaluce.com/wp-content/uploads/2022/05/Profondo-Basso-LDT.zip
Profondo Basso,,,,,,,,,,,,,,,,,,,Profondo Basso 10.5W 24°,202IB94024P0,Black,images/profondo-basso/profondo-basso-black.jpg,4000K,CRI>90,Phase Dim,,,Black reflector · Black (RAL 9005),10.5W,1000lm,95lm/W,24°,Datasheet=images/profondo-basso/datasheets/202IB94024P0.pdf;Installation=https://karizmaluce.com/wp-content/uploads/2025/11/KarizmaLuce_Installation_Manual_profondo_basso_V02.pdf;LDT=https://karizmaluce.com/wp-content/uploads/2022/05/Profondo-Basso-LDT.zip
Profondo Basso,,,,,,,,,,,,,,,,,,,Profondo Basso 10.5W 24°,202IB94024D0,Black,images/profondo-basso/profondo-basso-black.jpg,4000K,CRI>90,DALI,,,Black reflector · Black (RAL 9005),10.5W,1000lm,95lm/W,24°,Datasheet=images/profondo-basso/datasheets/202IB94024D0.pdf;Installation=https://karizmaluce.com/wp-content/uploads/2025/11/KarizmaLuce_Installation_Manual_profondo_basso_V02.pdf;LDT=https://karizmaluce.com/wp-content/uploads/2022/05/Profondo-Basso-LDT.zip
Profondo Basso,,,,,,,,,,,,,,,,,,,Profondo Basso 10.5W 38°,202DB276538D0,Black,images/profondo-basso/profondo-basso-black.jpg,Tuneable White,CRI>90,DALI,,,Black reflector · Black (RAL 9005) · 2700–6500K tuneable white · Ø80 × 85mm,10.5W,825lm,79lm/W,38°,Datasheet=images/profondo-basso/datasheets/202DB276538D0.pdf;Installation=https://karizmaluce.com/wp-content/uploads/2025/11/KarizmaLuce_Installation_Manual_profondo_basso_V02.pdf;LDT=https://karizmaluce.com/wp-content/uploads/2022/05/Profondo-Basso-LDT.zip
Profondo Basso,,,,,,,,,,,,,,,,,,,Profondo Basso 10.5W 40°,202IB92740F0,Black,images/profondo-basso/profondo-basso-black.jpg,2700K,CRI>90,On/Off,,,Black reflector · Black (RAL 9005),10.5W,1000lm,95lm/W,40°,Datasheet=images/profondo-basso/datasheets/202IB92740F0.pdf;Installation=https://karizmaluce.com/wp-content/uploads/2025/11/KarizmaLuce_Installation_Manual_profondo_basso_V02.pdf;LDT=https://karizmaluce.com/wp-content/uploads/2022/05/Profondo-Basso-LDT.zip
Profondo Basso,,,,,,,,,,,,,,,,,,,Profondo Basso 10.5W 40°,202IB92740P0,Black,images/profondo-basso/profondo-basso-black.jpg,2700K,CRI>90,Phase Dim,,,Black reflector · Black (RAL 9005),10.5W,1000lm,95lm/W,40°,Datasheet=images/profondo-basso/datasheets/202IB92740P0.pdf;Installation=https://karizmaluce.com/wp-content/uploads/2025/11/KarizmaLuce_Installation_Manual_profondo_basso_V02.pdf;LDT=https://karizmaluce.com/wp-content/uploads/2022/05/Profondo-Basso-LDT.zip
Profondo Basso,,,,,,,,,,,,,,,,,,,Profondo Basso 10.5W 40°,202IB92740D0,Black,images/profondo-basso/profondo-basso-black.jpg,2700K,CRI>90,DALI,,,Black reflector · Black (RAL 9005),10.5W,1000lm,95lm/W,40°,Datasheet=images/profondo-basso/datasheets/202IB92740D0.pdf;Installation=https://karizmaluce.com/wp-content/uploads/2025/11/KarizmaLuce_Installation_Manual_profondo_basso_V02.pdf;LDT=https://karizmaluce.com/wp-content/uploads/2022/05/Profondo-Basso-LDT.zip
Profondo Basso,,,,,,,,,,,,,,,,,,,Profondo Basso 10.5W 40°,202IB93040F0,Black,images/profondo-basso/profondo-basso-black.jpg,3000K,CRI>90,On/Off,,,Black reflector · Black (RAL 9005),10.5W,1000lm,95lm/W,40°,Datasheet=images/profondo-basso/datasheets/202IB93040F0.pdf;Installation=https://karizmaluce.com/wp-content/uploads/2025/11/KarizmaLuce_Installation_Manual_profondo_basso_V02.pdf;LDT=https://karizmaluce.com/wp-content/uploads/2022/05/Profondo-Basso-LDT.zip
Profondo Basso,,,,,,,,,,,,,,,,,,,Profondo Basso 10.5W 40°,202IB93040P0,Black,images/profondo-basso/profondo-basso-black.jpg,3000K,CRI>90,Phase Dim,,,Black reflector · Black (RAL 9005),10.5W,1000lm,95lm/W,40°,Datasheet=images/profondo-basso/datasheets/202IB93040P0.pdf;Installation=https://karizmaluce.com/wp-content/uploads/2025/11/KarizmaLuce_Installation_Manual_profondo_basso_V02.pdf;LDT=https://karizmaluce.com/wp-content/uploads/2022/05/Profondo-Basso-LDT.zip
Profondo Basso,,,,,,,,,,,,,,,,,,,Profondo Basso 10.5W 40°,202IB93040D0,Black,images/profondo-basso/profondo-basso-black.jpg,3000K,CRI>90,DALI,,,Black reflector · Black (RAL 9005),10.5W,1000lm,95lm/W,40°,Datasheet=images/profondo-basso/datasheets/202IB93040D0.pdf;Installation=https://karizmaluce.com/wp-content/uploads/2025/11/KarizmaLuce_Installation_Manual_profondo_basso_V02.pdf;LDT=https://karizmaluce.com/wp-content/uploads/2022/05/Profondo-Basso-LDT.zip
Profondo Basso,,,,,,,,,,,,,,,,,,,Profondo Basso 10.5W 40°,202IB94040F0,Black,images/profondo-basso/profondo-basso-black.jpg,4000K,CRI>90,On/Off,,,Black reflector · Black (RAL 9005),10.5W,1000lm,95lm/W,40°,Datasheet=images/profondo-basso/datasheets/202IB94040F0.pdf;Installation=https://karizmaluce.com/wp-content/uploads/2025/11/KarizmaLuce_Installation_Manual_profondo_basso_V02.pdf;LDT=https://karizmaluce.com/wp-content/uploads/2022/05/Profondo-Basso-LDT.zip
Profondo Basso,,,,,,,,,,,,,,,,,,,Profondo Basso 10.5W 40°,202IB94040P0,Black,images/profondo-basso/profondo-basso-black.jpg,4000K,CRI>90,Phase Dim,,,Black reflector · Black (RAL 9005),10.5W,1000lm,95lm/W,40°,Datasheet=images/profondo-basso/datasheets/202IB94040P0.pdf;Installation=https://karizmaluce.com/wp-content/uploads/2025/11/KarizmaLuce_Installation_Manual_profondo_basso_V02.pdf;LDT=https://karizmaluce.com/wp-content/uploads/2022/05/Profondo-Basso-LDT.zip
Profondo Basso,,,,,,,,,,,,,,,,,,,Profondo Basso 10.5W 40°,202IB94040D0,Black,images/profondo-basso/profondo-basso-black.jpg,4000K,CRI>90,DALI,,,Black reflector · Black (RAL 9005),10.5W,1000lm,95lm/W,40°,Datasheet=images/profondo-basso/datasheets/202IB94040D0.pdf;Installation=https://karizmaluce.com/wp-content/uploads/2025/11/KarizmaLuce_Installation_Manual_profondo_basso_V02.pdf;LDT=https://karizmaluce.com/wp-content/uploads/2022/05/Profondo-Basso-LDT.zip
Profondo Basso,,,,,,,,,,,,,,,,,,,Profondo Basso 10.5W 50°,202DB276550D0,Black,images/profondo-basso/profondo-basso-black.jpg,Tuneable White,CRI>90,DALI,,,Black reflector · Black (RAL 9005) · 2700–6500K tuneable white · Ø80 × 85mm,10.5W,825lm,79lm/W,50°,Datasheet=images/profondo-basso/datasheets/202DB276550D0.pdf;Installation=https://karizmaluce.com/wp-content/uploads/2025/11/KarizmaLuce_Installation_Manual_profondo_basso_V02.pdf;LDT=https://karizmaluce.com/wp-content/uploads/2022/05/Profondo-Basso-LDT.zip
Profondo Basso,,,,,,,,,,,,,,,,,,,Profondo Basso 8.5W 24°,202HW92724F0,White,images/profondo-basso/profondo-basso-white.jpg,2700K,CRI>90,On/Off,,,White reflector · White (RAL 9003),8.5W,810lm,95lm/W,24°,Datasheet=images/profondo-basso/datasheets/202HW92724F0.pdf;Installation=https://karizmaluce.com/wp-content/uploads/2025/11/KarizmaLuce_Installation_Manual_profondo_basso_V02.pdf;LDT=https://karizmaluce.com/wp-content/uploads/2022/05/Profondo-Basso-LDT.zip
Profondo Basso,,,,,,,,,,,,,,,,,,,Profondo Basso 8.5W 24°,202HW92724P0,White,images/profondo-basso/profondo-basso-white.jpg,2700K,CRI>90,Phase Dim,,,White reflector · White (RAL 9003),8.5W,810lm,95lm/W,24°,Datasheet=images/profondo-basso/datasheets/202HW92724P0.pdf;Installation=https://karizmaluce.com/wp-content/uploads/2025/11/KarizmaLuce_Installation_Manual_profondo_basso_V02.pdf;LDT=https://karizmaluce.com/wp-content/uploads/2022/05/Profondo-Basso-LDT.zip
Profondo Basso,,,,,,,,,,,,,,,,,,,Profondo Basso 8.5W 24°,202HW92724D0,White,images/profondo-basso/profondo-basso-white.jpg,2700K,CRI>90,DALI,,,White reflector · White (RAL 9003),8.5W,810lm,95lm/W,24°,Datasheet=images/profondo-basso/datasheets/202HW92724D0.pdf;Installation=https://karizmaluce.com/wp-content/uploads/2025/11/KarizmaLuce_Installation_Manual_profondo_basso_V02.pdf;LDT=https://karizmaluce.com/wp-content/uploads/2022/05/Profondo-Basso-LDT.zip
Profondo Basso,,,,,,,,,,,,,,,,,,,Profondo Basso 8.5W 24°,202HW93024F0,White,images/profondo-basso/profondo-basso-white.jpg,3000K,CRI>90,On/Off,,,White reflector · White (RAL 9003),8.5W,810lm,95lm/W,24°,Datasheet=images/profondo-basso/datasheets/202HW93024F0.pdf;Installation=https://karizmaluce.com/wp-content/uploads/2025/11/KarizmaLuce_Installation_Manual_profondo_basso_V02.pdf;LDT=https://karizmaluce.com/wp-content/uploads/2022/05/Profondo-Basso-LDT.zip
Profondo Basso,,,,,,,,,,,,,,,,,,,Profondo Basso 8.5W 24°,202HW93024P0,White,images/profondo-basso/profondo-basso-white.jpg,3000K,CRI>90,Phase Dim,,,White reflector · White (RAL 9003),8.5W,810lm,95lm/W,24°,Datasheet=images/profondo-basso/datasheets/202HW93024P0.pdf;Installation=https://karizmaluce.com/wp-content/uploads/2025/11/KarizmaLuce_Installation_Manual_profondo_basso_V02.pdf;LDT=https://karizmaluce.com/wp-content/uploads/2022/05/Profondo-Basso-LDT.zip
Profondo Basso,,,,,,,,,,,,,,,,,,,Profondo Basso 8.5W 24°,202HW93024D0,White,images/profondo-basso/profondo-basso-white.jpg,3000K,CRI>90,DALI,,,White reflector · White (RAL 9003),8.5W,810lm,95lm/W,24°,Datasheet=images/profondo-basso/datasheets/202HW93024D0.pdf;Installation=https://karizmaluce.com/wp-content/uploads/2025/11/KarizmaLuce_Installation_Manual_profondo_basso_V02.pdf;LDT=https://karizmaluce.com/wp-content/uploads/2022/05/Profondo-Basso-LDT.zip
Profondo Basso,,,,,,,,,,,,,,,,,,,Profondo Basso 8.5W 24°,202HW94024F0,White,images/profondo-basso/profondo-basso-white.jpg,4000K,CRI>90,On/Off,,,White reflector · White (RAL 9003),8.5W,810lm,95lm/W,24°,Datasheet=images/profondo-basso/datasheets/202HW94024F0.pdf;Installation=https://karizmaluce.com/wp-content/uploads/2025/11/KarizmaLuce_Installation_Manual_profondo_basso_V02.pdf;LDT=https://karizmaluce.com/wp-content/uploads/2022/05/Profondo-Basso-LDT.zip
Profondo Basso,,,,,,,,,,,,,,,,,,,Profondo Basso 8.5W 24°,202HW94024P0,White,images/profondo-basso/profondo-basso-white.jpg,4000K,CRI>90,Phase Dim,,,White reflector · White (RAL 9003),8.5W,810lm,95lm/W,24°,Datasheet=images/profondo-basso/datasheets/202HW94024P0.pdf;Installation=https://karizmaluce.com/wp-content/uploads/2025/11/KarizmaLuce_Installation_Manual_profondo_basso_V02.pdf;LDT=https://karizmaluce.com/wp-content/uploads/2022/05/Profondo-Basso-LDT.zip
Profondo Basso,,,,,,,,,,,,,,,,,,,Profondo Basso 8.5W 24°,202HW94024D0,White,images/profondo-basso/profondo-basso-white.jpg,4000K,CRI>90,DALI,,,White reflector · White (RAL 9003),8.5W,810lm,95lm/W,24°,Datasheet=images/profondo-basso/datasheets/202HW94024D0.pdf;Installation=https://karizmaluce.com/wp-content/uploads/2025/11/KarizmaLuce_Installation_Manual_profondo_basso_V02.pdf;LDT=https://karizmaluce.com/wp-content/uploads/2022/05/Profondo-Basso-LDT.zip
Profondo Basso,,,,,,,,,,,,,,,,,,,Profondo Basso 8.5W 40°,202HW92740F0,White,images/profondo-basso/profondo-basso-white.jpg,2700K,CRI>90,On/Off,,,White reflector · White (RAL 9003),8.5W,810lm,95lm/W,40°,Datasheet=images/profondo-basso/datasheets/202HW92740F0.pdf;Installation=https://karizmaluce.com/wp-content/uploads/2025/11/KarizmaLuce_Installation_Manual_profondo_basso_V02.pdf;LDT=https://karizmaluce.com/wp-content/uploads/2022/05/Profondo-Basso-LDT.zip
Profondo Basso,,,,,,,,,,,,,,,,,,,Profondo Basso 8.5W 40°,202HW92740P0,White,images/profondo-basso/profondo-basso-white.jpg,2700K,CRI>90,Phase Dim,,,White reflector · White (RAL 9003),8.5W,810lm,95lm/W,40°,Datasheet=images/profondo-basso/datasheets/202HW92740P0.pdf;Installation=https://karizmaluce.com/wp-content/uploads/2025/11/KarizmaLuce_Installation_Manual_profondo_basso_V02.pdf;LDT=https://karizmaluce.com/wp-content/uploads/2022/05/Profondo-Basso-LDT.zip
Profondo Basso,,,,,,,,,,,,,,,,,,,Profondo Basso 8.5W 40°,202HW92740D0,White,images/profondo-basso/profondo-basso-white.jpg,2700K,CRI>90,DALI,,,White reflector · White (RAL 9003),8.5W,810lm,95lm/W,40°,Datasheet=images/profondo-basso/datasheets/202HW92740D0.pdf;Installation=https://karizmaluce.com/wp-content/uploads/2025/11/KarizmaLuce_Installation_Manual_profondo_basso_V02.pdf;LDT=https://karizmaluce.com/wp-content/uploads/2022/05/Profondo-Basso-LDT.zip
Profondo Basso,,,,,,,,,,,,,,,,,,,Profondo Basso 8.5W 40°,202HW93040F0,White,images/profondo-basso/profondo-basso-white.jpg,3000K,CRI>90,On/Off,,,White reflector · White (RAL 9003),8.5W,810lm,95lm/W,40°,Datasheet=images/profondo-basso/datasheets/202HW93040F0.pdf;Installation=https://karizmaluce.com/wp-content/uploads/2025/11/KarizmaLuce_Installation_Manual_profondo_basso_V02.pdf;LDT=https://karizmaluce.com/wp-content/uploads/2022/05/Profondo-Basso-LDT.zip
Profondo Basso,,,,,,,,,,,,,,,,,,,Profondo Basso 8.5W 40°,202HW93040P0,White,images/profondo-basso/profondo-basso-white.jpg,3000K,CRI>90,Phase Dim,,,White reflector · White (RAL 9003),8.5W,810lm,95lm/W,40°,Datasheet=images/profondo-basso/datasheets/202HW93040P0.pdf;Installation=https://karizmaluce.com/wp-content/uploads/2025/11/KarizmaLuce_Installation_Manual_profondo_basso_V02.pdf;LDT=https://karizmaluce.com/wp-content/uploads/2022/05/Profondo-Basso-LDT.zip
Profondo Basso,,,,,,,,,,,,,,,,,,,Profondo Basso 8.5W 40°,202HW93040D0,White,images/profondo-basso/profondo-basso-white.jpg,3000K,CRI>90,DALI,,,White reflector · White (RAL 9003),8.5W,810lm,95lm/W,40°,Datasheet=images/profondo-basso/datasheets/202HW93040D0.pdf;Installation=https://karizmaluce.com/wp-content/uploads/2025/11/KarizmaLuce_Installation_Manual_profondo_basso_V02.pdf;LDT=https://karizmaluce.com/wp-content/uploads/2022/05/Profondo-Basso-LDT.zip
Profondo Basso,,,,,,,,,,,,,,,,,,,Profondo Basso 8.5W 40°,202HW94040F0,White,images/profondo-basso/profondo-basso-white.jpg,4000K,CRI>90,On/Off,,,White reflector · White (RAL 9003),8.5W,810lm,95lm/W,40°,Datasheet=images/profondo-basso/datasheets/202HW94040F0.pdf;Installation=https://karizmaluce.com/wp-content/uploads/2025/11/KarizmaLuce_Installation_Manual_profondo_basso_V02.pdf;LDT=https://karizmaluce.com/wp-content/uploads/2022/05/Profondo-Basso-LDT.zip
Profondo Basso,,,,,,,,,,,,,,,,,,,Profondo Basso 8.5W 40°,202HW94040P0,White,images/profondo-basso/profondo-basso-white.jpg,4000K,CRI>90,Phase Dim,,,White reflector · White (RAL 9003),8.5W,810lm,95lm/W,40°,Datasheet=images/profondo-basso/datasheets/202HW94040P0.pdf;Installation=https://karizmaluce.com/wp-content/uploads/2025/11/KarizmaLuce_Installation_Manual_profondo_basso_V02.pdf;LDT=https://karizmaluce.com/wp-content/uploads/2022/05/Profondo-Basso-LDT.zip
Profondo Basso,,,,,,,,,,,,,,,,,,,Profondo Basso 8.5W 40°,202HW94040D0,White,images/profondo-basso/profondo-basso-white.jpg,4000K,CRI>90,DALI,,,White reflector · White (RAL 9003),8.5W,810lm,95lm/W,40°,Datasheet=images/profondo-basso/datasheets/202HW94040D0.pdf;Installation=https://karizmaluce.com/wp-content/uploads/2025/11/KarizmaLuce_Installation_Manual_profondo_basso_V02.pdf;LDT=https://karizmaluce.com/wp-content/uploads/2022/05/Profondo-Basso-LDT.zip
Profondo Basso,,,,,,,,,,,,,,,,,,,Profondo Basso 10W 55°,202DW183055P0,White,images/profondo-basso/profondo-basso-white.jpg,Warm Dim,CRI>90,Phase Dim,,,White reflector · White (RAL 9003) · 1800–3000K dim to warm,10W,650lm,65lm/W,55°,Datasheet=images/profondo-basso/datasheets/202DW183055P0.pdf;Installation=https://karizmaluce.com/wp-content/uploads/2025/11/KarizmaLuce_Installation_Manual_profondo_basso_V02.pdf;LDT=https://karizmaluce.com/wp-content/uploads/2022/05/Profondo-Basso-LDT.zip
Profondo Basso,,,,,,,,,,,,,,,,,,,Profondo Basso 10W 55°,202DW183055D0,White,images/profondo-basso/profondo-basso-white.jpg,Warm Dim,CRI>90,DALI,,,White reflector · White (RAL 9003) · 1800–3000K dim to warm,10W,650lm,65lm/W,55°,Datasheet=images/profondo-basso/datasheets/202DW183055D0.pdf;Installation=https://karizmaluce.com/wp-content/uploads/2025/11/KarizmaLuce_Installation_Manual_profondo_basso_V02.pdf;LDT=https://karizmaluce.com/wp-content/uploads/2022/05/Profondo-Basso-LDT.zip
Profondo Basso,,,,,,,,,,,,,,,,,,,Profondo Basso 10.5W 24°,202IW92724F0,White,images/profondo-basso/profondo-basso-white.jpg,2700K,CRI>90,On/Off,,,White reflector · White (RAL 9003),10.5W,1000lm,95lm/W,24°,Datasheet=images/profondo-basso/datasheets/202IW92724F0.pdf;Installation=https://karizmaluce.com/wp-content/uploads/2025/11/KarizmaLuce_Installation_Manual_profondo_basso_V02.pdf;LDT=https://karizmaluce.com/wp-content/uploads/2022/05/Profondo-Basso-LDT.zip
Profondo Basso,,,,,,,,,,,,,,,,,,,Profondo Basso 10.5W 24°,202IW92724P0,White,images/profondo-basso/profondo-basso-white.jpg,2700K,CRI>90,Phase Dim,,,White reflector · White (RAL 9003),10.5W,1000lm,95lm/W,24°,Datasheet=images/profondo-basso/datasheets/202IW92724P0.pdf;Installation=https://karizmaluce.com/wp-content/uploads/2025/11/KarizmaLuce_Installation_Manual_profondo_basso_V02.pdf;LDT=https://karizmaluce.com/wp-content/uploads/2022/05/Profondo-Basso-LDT.zip
Profondo Basso,,,,,,,,,,,,,,,,,,,Profondo Basso 10.5W 24°,202IW92724D0,White,images/profondo-basso/profondo-basso-white.jpg,2700K,CRI>90,DALI,,,White reflector · White (RAL 9003),10.5W,1000lm,95lm/W,24°,Datasheet=images/profondo-basso/datasheets/202IW92724D0.pdf;Installation=https://karizmaluce.com/wp-content/uploads/2025/11/KarizmaLuce_Installation_Manual_profondo_basso_V02.pdf;LDT=https://karizmaluce.com/wp-content/uploads/2022/05/Profondo-Basso-LDT.zip
Profondo Basso,,,,,,,,,,,,,,,,,,,Profondo Basso 10.5W 24°,202IW93024F0,White,images/profondo-basso/profondo-basso-white.jpg,3000K,CRI>90,On/Off,,,White reflector · White (RAL 9003),10.5W,1000lm,95lm/W,24°,Datasheet=images/profondo-basso/datasheets/202IW93024F0.pdf;Installation=https://karizmaluce.com/wp-content/uploads/2025/11/KarizmaLuce_Installation_Manual_profondo_basso_V02.pdf;LDT=https://karizmaluce.com/wp-content/uploads/2022/05/Profondo-Basso-LDT.zip
Profondo Basso,,,,,,,,,,,,,,,,,,,Profondo Basso 10.5W 24°,202IW93024P0,White,images/profondo-basso/profondo-basso-white.jpg,3000K,CRI>90,Phase Dim,,,White reflector · White (RAL 9003),10.5W,1000lm,95lm/W,24°,Datasheet=images/profondo-basso/datasheets/202IW93024P0.pdf;Installation=https://karizmaluce.com/wp-content/uploads/2025/11/KarizmaLuce_Installation_Manual_profondo_basso_V02.pdf;LDT=https://karizmaluce.com/wp-content/uploads/2022/05/Profondo-Basso-LDT.zip
Profondo Basso,,,,,,,,,,,,,,,,,,,Profondo Basso 10.5W 24°,202IW93024D0,White,images/profondo-basso/profondo-basso-white.jpg,3000K,CRI>90,DALI,,,White reflector · White (RAL 9003),10.5W,1000lm,95lm/W,24°,Datasheet=images/profondo-basso/datasheets/202IW93024D0.pdf;Installation=https://karizmaluce.com/wp-content/uploads/2025/11/KarizmaLuce_Installation_Manual_profondo_basso_V02.pdf;LDT=https://karizmaluce.com/wp-content/uploads/2022/05/Profondo-Basso-LDT.zip
Profondo Basso,,,,,,,,,,,,,,,,,,,Profondo Basso 10.5W 24°,202IW94024F0,White,images/profondo-basso/profondo-basso-white.jpg,4000K,CRI>90,On/Off,,,White reflector · White (RAL 9003),10.5W,1000lm,95lm/W,24°,Datasheet=images/profondo-basso/datasheets/202IW94024F0.pdf;Installation=https://karizmaluce.com/wp-content/uploads/2025/11/KarizmaLuce_Installation_Manual_profondo_basso_V02.pdf;LDT=https://karizmaluce.com/wp-content/uploads/2022/05/Profondo-Basso-LDT.zip
Profondo Basso,,,,,,,,,,,,,,,,,,,Profondo Basso 10.5W 24°,202IW94024P0,White,images/profondo-basso/profondo-basso-white.jpg,4000K,CRI>90,Phase Dim,,,White reflector · White (RAL 9003),10.5W,1000lm,95lm/W,24°,Datasheet=images/profondo-basso/datasheets/202IW94024P0.pdf;Installation=https://karizmaluce.com/wp-content/uploads/2025/11/KarizmaLuce_Installation_Manual_profondo_basso_V02.pdf;LDT=https://karizmaluce.com/wp-content/uploads/2022/05/Profondo-Basso-LDT.zip
Profondo Basso,,,,,,,,,,,,,,,,,,,Profondo Basso 10.5W 24°,202IW94024D0,White,images/profondo-basso/profondo-basso-white.jpg,4000K,CRI>90,DALI,,,White reflector · White (RAL 9003),10.5W,1000lm,95lm/W,24°,Datasheet=images/profondo-basso/datasheets/202IW94024D0.pdf;Installation=https://karizmaluce.com/wp-content/uploads/2025/11/KarizmaLuce_Installation_Manual_profondo_basso_V02.pdf;LDT=https://karizmaluce.com/wp-content/uploads/2022/05/Profondo-Basso-LDT.zip
Profondo Basso,,,,,,,,,,,,,,,,,,,Profondo Basso 10.5W 38°,202DW276538D0,White,images/profondo-basso/profondo-basso-white.jpg,Tuneable White,CRI>90,DALI,,,White reflector · White (RAL 9003) · 2700–6500K tuneable white · Ø80 × 85mm,10.5W,825lm,79lm/W,38°,Datasheet=images/profondo-basso/datasheets/202DW276538D0.pdf;Installation=https://karizmaluce.com/wp-content/uploads/2025/11/KarizmaLuce_Installation_Manual_profondo_basso_V02.pdf;LDT=https://karizmaluce.com/wp-content/uploads/2022/05/Profondo-Basso-LDT.zip
Profondo Basso,,,,,,,,,,,,,,,,,,,Profondo Basso 10.5W 40°,202IW92740F0,White,images/profondo-basso/profondo-basso-white.jpg,2700K,CRI>90,On/Off,,,White reflector · White (RAL 9003),10.5W,1000lm,95lm/W,40°,Datasheet=images/profondo-basso/datasheets/202IW92740F0.pdf;Installation=https://karizmaluce.com/wp-content/uploads/2025/11/KarizmaLuce_Installation_Manual_profondo_basso_V02.pdf;LDT=https://karizmaluce.com/wp-content/uploads/2022/05/Profondo-Basso-LDT.zip
Profondo Basso,,,,,,,,,,,,,,,,,,,Profondo Basso 10.5W 40°,202IW92740P0,White,images/profondo-basso/profondo-basso-white.jpg,2700K,CRI>90,Phase Dim,,,White reflector · White (RAL 9003),10.5W,1000lm,95lm/W,40°,Datasheet=images/profondo-basso/datasheets/202IW92740P0.pdf;Installation=https://karizmaluce.com/wp-content/uploads/2025/11/KarizmaLuce_Installation_Manual_profondo_basso_V02.pdf;LDT=https://karizmaluce.com/wp-content/uploads/2022/05/Profondo-Basso-LDT.zip
Profondo Basso,,,,,,,,,,,,,,,,,,,Profondo Basso 10.5W 40°,202IW92740D0,White,images/profondo-basso/profondo-basso-white.jpg,2700K,CRI>90,DALI,,,White reflector · White (RAL 9003),10.5W,1000lm,95lm/W,40°,Datasheet=images/profondo-basso/datasheets/202IW92740D0.pdf;Installation=https://karizmaluce.com/wp-content/uploads/2025/11/KarizmaLuce_Installation_Manual_profondo_basso_V02.pdf;LDT=https://karizmaluce.com/wp-content/uploads/2022/05/Profondo-Basso-LDT.zip
Profondo Basso,,,,,,,,,,,,,,,,,,,Profondo Basso 10.5W 40°,202IW93040F0,White,images/profondo-basso/profondo-basso-white.jpg,3000K,CRI>90,On/Off,,,White reflector · White (RAL 9003),10.5W,1000lm,95lm/W,40°,Datasheet=images/profondo-basso/datasheets/202IW93040F0.pdf;Installation=https://karizmaluce.com/wp-content/uploads/2025/11/KarizmaLuce_Installation_Manual_profondo_basso_V02.pdf;LDT=https://karizmaluce.com/wp-content/uploads/2022/05/Profondo-Basso-LDT.zip
Profondo Basso,,,,,,,,,,,,,,,,,,,Profondo Basso 10.5W 40°,202IW93040P0,White,images/profondo-basso/profondo-basso-white.jpg,3000K,CRI>90,Phase Dim,,,White reflector · White (RAL 9003),10.5W,1000lm,95lm/W,40°,Datasheet=images/profondo-basso/datasheets/202IW93040P0.pdf;Installation=https://karizmaluce.com/wp-content/uploads/2025/11/KarizmaLuce_Installation_Manual_profondo_basso_V02.pdf;LDT=https://karizmaluce.com/wp-content/uploads/2022/05/Profondo-Basso-LDT.zip
Profondo Basso,,,,,,,,,,,,,,,,,,,Profondo Basso 10.5W 40°,202IW93040D0,White,images/profondo-basso/profondo-basso-white.jpg,3000K,CRI>90,DALI,,,White reflector · White (RAL 9003),10.5W,1000lm,95lm/W,40°,Datasheet=images/profondo-basso/datasheets/202IW93040D0.pdf;Installation=https://karizmaluce.com/wp-content/uploads/2025/11/KarizmaLuce_Installation_Manual_profondo_basso_V02.pdf;LDT=https://karizmaluce.com/wp-content/uploads/2022/05/Profondo-Basso-LDT.zip
Profondo Basso,,,,,,,,,,,,,,,,,,,Profondo Basso 10.5W 40°,202IW94040F0,White,images/profondo-basso/profondo-basso-white.jpg,4000K,CRI>90,On/Off,,,White reflector · White (RAL 9003),10.5W,1000lm,95lm/W,40°,Datasheet=images/profondo-basso/datasheets/202IW94040F0.pdf;Installation=https://karizmaluce.com/wp-content/uploads/2025/11/KarizmaLuce_Installation_Manual_profondo_basso_V02.pdf;LDT=https://karizmaluce.com/wp-content/uploads/2022/05/Profondo-Basso-LDT.zip
Profondo Basso,,,,,,,,,,,,,,,,,,,Profondo Basso 10.5W 40°,202IW94040P0,White,images/profondo-basso/profondo-basso-white.jpg,4000K,CRI>90,Phase Dim,,,White reflector · White (RAL 9003),10.5W,1000lm,95lm/W,40°,Datasheet=images/profondo-basso/datasheets/202IW94040P0.pdf;Installation=https://karizmaluce.com/wp-content/uploads/2025/11/KarizmaLuce_Installation_Manual_profondo_basso_V02.pdf;LDT=https://karizmaluce.com/wp-content/uploads/2022/05/Profondo-Basso-LDT.zip
Profondo Basso,,,,,,,,,,,,,,,,,,,Profondo Basso 10.5W 40°,202IW94040D0,White,images/profondo-basso/profondo-basso-white.jpg,4000K,CRI>90,DALI,,,White reflector · White (RAL 9003),10.5W,1000lm,95lm/W,40°,Datasheet=images/profondo-basso/datasheets/202IW94040D0.pdf;Installation=https://karizmaluce.com/wp-content/uploads/2025/11/KarizmaLuce_Installation_Manual_profondo_basso_V02.pdf;LDT=https://karizmaluce.com/wp-content/uploads/2022/05/Profondo-Basso-LDT.zip
Profondo Basso,,,,,,,,,,,,,,,,,,,Profondo Basso 10.5W 50°,202DW276550D0,White,images/profondo-basso/profondo-basso-white.jpg,Tuneable White,CRI>90,DALI,,,White reflector · White (RAL 9003) · 2700–6500K tuneable white · Ø80 × 85mm,10.5W,825lm,79lm/W,50°,Datasheet=images/profondo-basso/datasheets/202DW276550D0.pdf;Installation=https://karizmaluce.com/wp-content/uploads/2025/11/KarizmaLuce_Installation_Manual_profondo_basso_V02.pdf;LDT=https://karizmaluce.com/wp-content/uploads/2022/05/Profondo-Basso-LDT.zip
Dea Amata XS,Karizma Luce,Interior,Recessed Downlight,A miniature deep-set downlight for precise accent light.,"Dea Amata XS is a miniature fixed downlight for a Ø40mm cut-out, with the light source set deep in the reflector for very low glare. A narrow 18° beam picks out showcases, niches, artwork and display windows. Seven reflector finishes in a black or white trim.","Recessed fixed downlight with deep-set LED. Die-cast aluminium housing in black or white. Reflectors: Gold | Silver High Gloss | White | Black High Gloss | Chrome | Black Matt | Copper. Cut-out Ø40mm. CRI 90. 3-step MacAdam. Lifetime 50,000h. Class II. Replaceable LED and driver.",2700K | 3000K | 4000K,CRI>90,On/Off | Phase Dim | DALI,IP43,Black | White,recessed-round,,images/dea-amata/dea-amata-xs-thumb.jpg;images/dea-amata/dea-amata-dimensions-xs.png,,,images/dea-amata/dea-amata-dimensions-xs.png,Ø44 × 65mm · cut-out Ø40mm,Dea Amata XS 3.2W 18°,211AB92718GOF0,Black,images/dea-amata/dea-amata-black-gold.jpg,2700K,CRI>90,On/Off,IP43,,Gold reflector · Black (RAL 9005),3.2W,150lm,47lm/W,18°,Installation=https://karizmaluce.com/wp-content/uploads/2022/11/Dea-Amata-XS-Installation-manual.pdf;LDT=https://karizmaluce.com/wp-content/uploads/2022/05/Dea-Amata-XS-LDT.zip;Brochure=https://karizmaluce.com/wp-content/uploads/2024/10/Dea-Amata-XS.pdf
Dea Amata XS,,,,,,,,,,,,,,,,,,,Dea Amata XS 3.2W 18°,211AB92718GOP0,Black,images/dea-amata/dea-amata-black-gold.jpg,2700K,CRI>90,Phase Dim,IP43,,Gold reflector · Black (RAL 9005),3.2W,150lm,47lm/W,18°,Installation=https://karizmaluce.com/wp-content/uploads/2022/11/Dea-Amata-XS-Installation-manual.pdf;LDT=https://karizmaluce.com/wp-content/uploads/2022/05/Dea-Amata-XS-LDT.zip;Brochure=https://karizmaluce.com/wp-content/uploads/2024/10/Dea-Amata-XS.pdf
Dea Amata XS,,,,,,,,,,,,,,,,,,,Dea Amata XS 3.2W 18°,211AB92718GOD0,Black,images/dea-amata/dea-amata-black-gold.jpg,2700K,CRI>90,DALI,IP43,,Gold reflector · Black (RAL 9005),3.2W,150lm,47lm/W,18°,Installation=https://karizmaluce.com/wp-content/uploads/2022/11/Dea-Amata-XS-Installation-manual.pdf;LDT=https://karizmaluce.com/wp-content/uploads/2022/05/Dea-Amata-XS-LDT.zip;Brochure=https://karizmaluce.com/wp-content/uploads/2024/10/Dea-Amata-XS.pdf
Dea Amata XS,,,,,,,,,,,,,,,,,,,Dea Amata XS 3.2W 18°,211AB93018GOF0,Black,images/dea-amata/dea-amata-black-gold.jpg,3000K,CRI>90,On/Off,IP43,,Gold reflector · Black (RAL 9005),3.2W,160lm,50lm/W,18°,Installation=https://karizmaluce.com/wp-content/uploads/2022/11/Dea-Amata-XS-Installation-manual.pdf;LDT=https://karizmaluce.com/wp-content/uploads/2022/05/Dea-Amata-XS-LDT.zip;Brochure=https://karizmaluce.com/wp-content/uploads/2024/10/Dea-Amata-XS.pdf
Dea Amata XS,,,,,,,,,,,,,,,,,,,Dea Amata XS 3.2W 18°,211AB93018GOP0,Black,images/dea-amata/dea-amata-black-gold.jpg,3000K,CRI>90,Phase Dim,IP43,,Gold reflector · Black (RAL 9005),3.2W,160lm,50lm/W,18°,Installation=https://karizmaluce.com/wp-content/uploads/2022/11/Dea-Amata-XS-Installation-manual.pdf;LDT=https://karizmaluce.com/wp-content/uploads/2022/05/Dea-Amata-XS-LDT.zip;Brochure=https://karizmaluce.com/wp-content/uploads/2024/10/Dea-Amata-XS.pdf
Dea Amata XS,,,,,,,,,,,,,,,,,,,Dea Amata XS 3.2W 18°,211AB93018GOD0,Black,images/dea-amata/dea-amata-black-gold.jpg,3000K,CRI>90,DALI,IP43,,Gold reflector · Black (RAL 9005),3.2W,160lm,50lm/W,18°,Installation=https://karizmaluce.com/wp-content/uploads/2022/11/Dea-Amata-XS-Installation-manual.pdf;LDT=https://karizmaluce.com/wp-content/uploads/2022/05/Dea-Amata-XS-LDT.zip;Brochure=https://karizmaluce.com/wp-content/uploads/2024/10/Dea-Amata-XS.pdf
Dea Amata XS,,,,,,,,,,,,,,,,,,,Dea Amata XS 3.2W 18°,211AB94018GOF0,Black,images/dea-amata/dea-amata-black-gold.jpg,4000K,CRI>90,On/Off,IP43,,Gold reflector · Black (RAL 9005),3.2W,190lm,53lm/W,18°,Installation=https://karizmaluce.com/wp-content/uploads/2022/11/Dea-Amata-XS-Installation-manual.pdf;LDT=https://karizmaluce.com/wp-content/uploads/2022/05/Dea-Amata-XS-LDT.zip;Brochure=https://karizmaluce.com/wp-content/uploads/2024/10/Dea-Amata-XS.pdf
Dea Amata XS,,,,,,,,,,,,,,,,,,,Dea Amata XS 3.2W 18°,211AB94018GOP0,Black,images/dea-amata/dea-amata-black-gold.jpg,4000K,CRI>90,Phase Dim,IP43,,Gold reflector · Black (RAL 9005),3.2W,190lm,53lm/W,18°,Installation=https://karizmaluce.com/wp-content/uploads/2022/11/Dea-Amata-XS-Installation-manual.pdf;LDT=https://karizmaluce.com/wp-content/uploads/2022/05/Dea-Amata-XS-LDT.zip;Brochure=https://karizmaluce.com/wp-content/uploads/2024/10/Dea-Amata-XS.pdf
Dea Amata XS,,,,,,,,,,,,,,,,,,,Dea Amata XS 3.2W 18°,211AB94018GOD0,Black,images/dea-amata/dea-amata-black-gold.jpg,4000K,CRI>90,DALI,IP43,,Gold reflector · Black (RAL 9005),3.2W,190lm,53lm/W,18°,Installation=https://karizmaluce.com/wp-content/uploads/2022/11/Dea-Amata-XS-Installation-manual.pdf;LDT=https://karizmaluce.com/wp-content/uploads/2022/05/Dea-Amata-XS-LDT.zip;Brochure=https://karizmaluce.com/wp-content/uploads/2024/10/Dea-Amata-XS.pdf
Dea Amata XS,,,,,,,,,,,,,,,,,,,Dea Amata XS 3.2W 18°,211AB92718SGF0,Black,images/dea-amata/dea-amata-black-silver-high-gloss.jpg,2700K,CRI>90,On/Off,IP43,,Silver High Gloss reflector · Black (RAL 9005),3.2W,150lm,47lm/W,18°,Installation=https://karizmaluce.com/wp-content/uploads/2022/11/Dea-Amata-XS-Installation-manual.pdf;LDT=https://karizmaluce.com/wp-content/uploads/2022/05/Dea-Amata-XS-LDT.zip;Brochure=https://karizmaluce.com/wp-content/uploads/2024/10/Dea-Amata-XS.pdf
Dea Amata XS,,,,,,,,,,,,,,,,,,,Dea Amata XS 3.2W 18°,211AB92718SGP0,Black,images/dea-amata/dea-amata-black-silver-high-gloss.jpg,2700K,CRI>90,Phase Dim,IP43,,Silver High Gloss reflector · Black (RAL 9005),3.2W,150lm,47lm/W,18°,Installation=https://karizmaluce.com/wp-content/uploads/2022/11/Dea-Amata-XS-Installation-manual.pdf;LDT=https://karizmaluce.com/wp-content/uploads/2022/05/Dea-Amata-XS-LDT.zip;Brochure=https://karizmaluce.com/wp-content/uploads/2024/10/Dea-Amata-XS.pdf
Dea Amata XS,,,,,,,,,,,,,,,,,,,Dea Amata XS 3.2W 18°,211AB92718SGD0,Black,images/dea-amata/dea-amata-black-silver-high-gloss.jpg,2700K,CRI>90,DALI,IP43,,Silver High Gloss reflector · Black (RAL 9005),3.2W,150lm,47lm/W,18°,Installation=https://karizmaluce.com/wp-content/uploads/2022/11/Dea-Amata-XS-Installation-manual.pdf;LDT=https://karizmaluce.com/wp-content/uploads/2022/05/Dea-Amata-XS-LDT.zip;Brochure=https://karizmaluce.com/wp-content/uploads/2024/10/Dea-Amata-XS.pdf
Dea Amata XS,,,,,,,,,,,,,,,,,,,Dea Amata XS 3.2W 18°,211AB93018SGF0,Black,images/dea-amata/dea-amata-black-silver-high-gloss.jpg,3000K,CRI>90,On/Off,IP43,,Silver High Gloss reflector · Black (RAL 9005),3.2W,160lm,50lm/W,18°,Installation=https://karizmaluce.com/wp-content/uploads/2022/11/Dea-Amata-XS-Installation-manual.pdf;LDT=https://karizmaluce.com/wp-content/uploads/2022/05/Dea-Amata-XS-LDT.zip;Brochure=https://karizmaluce.com/wp-content/uploads/2024/10/Dea-Amata-XS.pdf
Dea Amata XS,,,,,,,,,,,,,,,,,,,Dea Amata XS 3.2W 18°,211AB93018SGP0,Black,images/dea-amata/dea-amata-black-silver-high-gloss.jpg,3000K,CRI>90,Phase Dim,IP43,,Silver High Gloss reflector · Black (RAL 9005),3.2W,160lm,50lm/W,18°,Installation=https://karizmaluce.com/wp-content/uploads/2022/11/Dea-Amata-XS-Installation-manual.pdf;LDT=https://karizmaluce.com/wp-content/uploads/2022/05/Dea-Amata-XS-LDT.zip;Brochure=https://karizmaluce.com/wp-content/uploads/2024/10/Dea-Amata-XS.pdf
Dea Amata XS,,,,,,,,,,,,,,,,,,,Dea Amata XS 3.2W 18°,211AB93018SGD0,Black,images/dea-amata/dea-amata-black-silver-high-gloss.jpg,3000K,CRI>90,DALI,IP43,,Silver High Gloss reflector · Black (RAL 9005),3.2W,160lm,50lm/W,18°,Installation=https://karizmaluce.com/wp-content/uploads/2022/11/Dea-Amata-XS-Installation-manual.pdf;LDT=https://karizmaluce.com/wp-content/uploads/2022/05/Dea-Amata-XS-LDT.zip;Brochure=https://karizmaluce.com/wp-content/uploads/2024/10/Dea-Amata-XS.pdf
Dea Amata XS,,,,,,,,,,,,,,,,,,,Dea Amata XS 3.2W 18°,211AB94018SGF0,Black,images/dea-amata/dea-amata-black-silver-high-gloss.jpg,4000K,CRI>90,On/Off,IP43,,Silver High Gloss reflector · Black (RAL 9005),3.2W,190lm,53lm/W,18°,Installation=https://karizmaluce.com/wp-content/uploads/2022/11/Dea-Amata-XS-Installation-manual.pdf;LDT=https://karizmaluce.com/wp-content/uploads/2022/05/Dea-Amata-XS-LDT.zip;Brochure=https://karizmaluce.com/wp-content/uploads/2024/10/Dea-Amata-XS.pdf
Dea Amata XS,,,,,,,,,,,,,,,,,,,Dea Amata XS 3.2W 18°,211AB94018SGP0,Black,images/dea-amata/dea-amata-black-silver-high-gloss.jpg,4000K,CRI>90,Phase Dim,IP43,,Silver High Gloss reflector · Black (RAL 9005),3.2W,190lm,53lm/W,18°,Installation=https://karizmaluce.com/wp-content/uploads/2022/11/Dea-Amata-XS-Installation-manual.pdf;LDT=https://karizmaluce.com/wp-content/uploads/2022/05/Dea-Amata-XS-LDT.zip;Brochure=https://karizmaluce.com/wp-content/uploads/2024/10/Dea-Amata-XS.pdf
Dea Amata XS,,,,,,,,,,,,,,,,,,,Dea Amata XS 3.2W 18°,211AB94018SGD0,Black,images/dea-amata/dea-amata-black-silver-high-gloss.jpg,4000K,CRI>90,DALI,IP43,,Silver High Gloss reflector · Black (RAL 9005),3.2W,190lm,53lm/W,18°,Installation=https://karizmaluce.com/wp-content/uploads/2022/11/Dea-Amata-XS-Installation-manual.pdf;LDT=https://karizmaluce.com/wp-content/uploads/2022/05/Dea-Amata-XS-LDT.zip;Brochure=https://karizmaluce.com/wp-content/uploads/2024/10/Dea-Amata-XS.pdf
Dea Amata XS,,,,,,,,,,,,,,,,,,,Dea Amata XS 3.2W 18°,211AB92718WHF0,Black,images/dea-amata/dea-amata-black-white.jpg,2700K,CRI>90,On/Off,IP43,,White reflector · Black (RAL 9005),3.2W,150lm,47lm/W,18°,Installation=https://karizmaluce.com/wp-content/uploads/2022/11/Dea-Amata-XS-Installation-manual.pdf;LDT=https://karizmaluce.com/wp-content/uploads/2022/05/Dea-Amata-XS-LDT.zip;Brochure=https://karizmaluce.com/wp-content/uploads/2024/10/Dea-Amata-XS.pdf
Dea Amata XS,,,,,,,,,,,,,,,,,,,Dea Amata XS 3.2W 18°,211AB92718WHP0,Black,images/dea-amata/dea-amata-black-white.jpg,2700K,CRI>90,Phase Dim,IP43,,White reflector · Black (RAL 9005),3.2W,150lm,47lm/W,18°,Installation=https://karizmaluce.com/wp-content/uploads/2022/11/Dea-Amata-XS-Installation-manual.pdf;LDT=https://karizmaluce.com/wp-content/uploads/2022/05/Dea-Amata-XS-LDT.zip;Brochure=https://karizmaluce.com/wp-content/uploads/2024/10/Dea-Amata-XS.pdf
Dea Amata XS,,,,,,,,,,,,,,,,,,,Dea Amata XS 3.2W 18°,211AB92718WHD0,Black,images/dea-amata/dea-amata-black-white.jpg,2700K,CRI>90,DALI,IP43,,White reflector · Black (RAL 9005),3.2W,150lm,47lm/W,18°,Installation=https://karizmaluce.com/wp-content/uploads/2022/11/Dea-Amata-XS-Installation-manual.pdf;LDT=https://karizmaluce.com/wp-content/uploads/2022/05/Dea-Amata-XS-LDT.zip;Brochure=https://karizmaluce.com/wp-content/uploads/2024/10/Dea-Amata-XS.pdf
Dea Amata XS,,,,,,,,,,,,,,,,,,,Dea Amata XS 3.2W 18°,211AB93018WHF0,Black,images/dea-amata/dea-amata-black-white.jpg,3000K,CRI>90,On/Off,IP43,,White reflector · Black (RAL 9005),3.2W,160lm,50lm/W,18°,Installation=https://karizmaluce.com/wp-content/uploads/2022/11/Dea-Amata-XS-Installation-manual.pdf;LDT=https://karizmaluce.com/wp-content/uploads/2022/05/Dea-Amata-XS-LDT.zip;Brochure=https://karizmaluce.com/wp-content/uploads/2024/10/Dea-Amata-XS.pdf
Dea Amata XS,,,,,,,,,,,,,,,,,,,Dea Amata XS 3.2W 18°,211AB93018WHP0,Black,images/dea-amata/dea-amata-black-white.jpg,3000K,CRI>90,Phase Dim,IP43,,White reflector · Black (RAL 9005),3.2W,160lm,50lm/W,18°,Installation=https://karizmaluce.com/wp-content/uploads/2022/11/Dea-Amata-XS-Installation-manual.pdf;LDT=https://karizmaluce.com/wp-content/uploads/2022/05/Dea-Amata-XS-LDT.zip;Brochure=https://karizmaluce.com/wp-content/uploads/2024/10/Dea-Amata-XS.pdf
Dea Amata XS,,,,,,,,,,,,,,,,,,,Dea Amata XS 3.2W 18°,211AB93018WHD0,Black,images/dea-amata/dea-amata-black-white.jpg,3000K,CRI>90,DALI,IP43,,White reflector · Black (RAL 9005),3.2W,160lm,50lm/W,18°,Installation=https://karizmaluce.com/wp-content/uploads/2022/11/Dea-Amata-XS-Installation-manual.pdf;LDT=https://karizmaluce.com/wp-content/uploads/2022/05/Dea-Amata-XS-LDT.zip;Brochure=https://karizmaluce.com/wp-content/uploads/2024/10/Dea-Amata-XS.pdf
Dea Amata XS,,,,,,,,,,,,,,,,,,,Dea Amata XS 3.2W 18°,211AB94018WHF0,Black,images/dea-amata/dea-amata-black-white.jpg,4000K,CRI>90,On/Off,IP43,,White reflector · Black (RAL 9005),3.2W,190lm,53lm/W,18°,Installation=https://karizmaluce.com/wp-content/uploads/2022/11/Dea-Amata-XS-Installation-manual.pdf;LDT=https://karizmaluce.com/wp-content/uploads/2022/05/Dea-Amata-XS-LDT.zip;Brochure=https://karizmaluce.com/wp-content/uploads/2024/10/Dea-Amata-XS.pdf
Dea Amata XS,,,,,,,,,,,,,,,,,,,Dea Amata XS 3.2W 18°,211AB94018WHP0,Black,images/dea-amata/dea-amata-black-white.jpg,4000K,CRI>90,Phase Dim,IP43,,White reflector · Black (RAL 9005),3.2W,190lm,53lm/W,18°,Installation=https://karizmaluce.com/wp-content/uploads/2022/11/Dea-Amata-XS-Installation-manual.pdf;LDT=https://karizmaluce.com/wp-content/uploads/2022/05/Dea-Amata-XS-LDT.zip;Brochure=https://karizmaluce.com/wp-content/uploads/2024/10/Dea-Amata-XS.pdf
Dea Amata XS,,,,,,,,,,,,,,,,,,,Dea Amata XS 3.2W 18°,211AB94018WHD0,Black,images/dea-amata/dea-amata-black-white.jpg,4000K,CRI>90,DALI,IP43,,White reflector · Black (RAL 9005),3.2W,190lm,53lm/W,18°,Installation=https://karizmaluce.com/wp-content/uploads/2022/11/Dea-Amata-XS-Installation-manual.pdf;LDT=https://karizmaluce.com/wp-content/uploads/2022/05/Dea-Amata-XS-LDT.zip;Brochure=https://karizmaluce.com/wp-content/uploads/2024/10/Dea-Amata-XS.pdf
Dea Amata XS,,,,,,,,,,,,,,,,,,,Dea Amata XS 3.2W 18°,211AB92718BGF0,Black,images/dea-amata/dea-amata-black-black-high-gloss.jpg,2700K,CRI>90,On/Off,IP43,,Black High Gloss reflector · Black (RAL 9005),3.2W,150lm,47lm/W,18°,Installation=https://karizmaluce.com/wp-content/uploads/2022/11/Dea-Amata-XS-Installation-manual.pdf;LDT=https://karizmaluce.com/wp-content/uploads/2022/05/Dea-Amata-XS-LDT.zip;Brochure=https://karizmaluce.com/wp-content/uploads/2024/10/Dea-Amata-XS.pdf
Dea Amata XS,,,,,,,,,,,,,,,,,,,Dea Amata XS 3.2W 18°,211AB92718BGP0,Black,images/dea-amata/dea-amata-black-black-high-gloss.jpg,2700K,CRI>90,Phase Dim,IP43,,Black High Gloss reflector · Black (RAL 9005),3.2W,150lm,47lm/W,18°,Installation=https://karizmaluce.com/wp-content/uploads/2022/11/Dea-Amata-XS-Installation-manual.pdf;LDT=https://karizmaluce.com/wp-content/uploads/2022/05/Dea-Amata-XS-LDT.zip;Brochure=https://karizmaluce.com/wp-content/uploads/2024/10/Dea-Amata-XS.pdf
Dea Amata XS,,,,,,,,,,,,,,,,,,,Dea Amata XS 3.2W 18°,211AB92718BGD0,Black,images/dea-amata/dea-amata-black-black-high-gloss.jpg,2700K,CRI>90,DALI,IP43,,Black High Gloss reflector · Black (RAL 9005),3.2W,150lm,47lm/W,18°,Installation=https://karizmaluce.com/wp-content/uploads/2022/11/Dea-Amata-XS-Installation-manual.pdf;LDT=https://karizmaluce.com/wp-content/uploads/2022/05/Dea-Amata-XS-LDT.zip;Brochure=https://karizmaluce.com/wp-content/uploads/2024/10/Dea-Amata-XS.pdf
Dea Amata XS,,,,,,,,,,,,,,,,,,,Dea Amata XS 3.2W 18°,211AB93018BGF0,Black,images/dea-amata/dea-amata-black-black-high-gloss.jpg,3000K,CRI>90,On/Off,IP43,,Black High Gloss reflector · Black (RAL 9005),3.2W,160lm,50lm/W,18°,Installation=https://karizmaluce.com/wp-content/uploads/2022/11/Dea-Amata-XS-Installation-manual.pdf;LDT=https://karizmaluce.com/wp-content/uploads/2022/05/Dea-Amata-XS-LDT.zip;Brochure=https://karizmaluce.com/wp-content/uploads/2024/10/Dea-Amata-XS.pdf
Dea Amata XS,,,,,,,,,,,,,,,,,,,Dea Amata XS 3.2W 18°,211AB93018BGP0,Black,images/dea-amata/dea-amata-black-black-high-gloss.jpg,3000K,CRI>90,Phase Dim,IP43,,Black High Gloss reflector · Black (RAL 9005),3.2W,160lm,50lm/W,18°,Installation=https://karizmaluce.com/wp-content/uploads/2022/11/Dea-Amata-XS-Installation-manual.pdf;LDT=https://karizmaluce.com/wp-content/uploads/2022/05/Dea-Amata-XS-LDT.zip;Brochure=https://karizmaluce.com/wp-content/uploads/2024/10/Dea-Amata-XS.pdf
Dea Amata XS,,,,,,,,,,,,,,,,,,,Dea Amata XS 3.2W 18°,211AB93018BGD0,Black,images/dea-amata/dea-amata-black-black-high-gloss.jpg,3000K,CRI>90,DALI,IP43,,Black High Gloss reflector · Black (RAL 9005),3.2W,160lm,50lm/W,18°,Installation=https://karizmaluce.com/wp-content/uploads/2022/11/Dea-Amata-XS-Installation-manual.pdf;LDT=https://karizmaluce.com/wp-content/uploads/2022/05/Dea-Amata-XS-LDT.zip;Brochure=https://karizmaluce.com/wp-content/uploads/2024/10/Dea-Amata-XS.pdf
Dea Amata XS,,,,,,,,,,,,,,,,,,,Dea Amata XS 3.2W 18°,211AB94018BGF0,Black,images/dea-amata/dea-amata-black-black-high-gloss.jpg,4000K,CRI>90,On/Off,IP43,,Black High Gloss reflector · Black (RAL 9005),3.2W,190lm,53lm/W,18°,Installation=https://karizmaluce.com/wp-content/uploads/2022/11/Dea-Amata-XS-Installation-manual.pdf;LDT=https://karizmaluce.com/wp-content/uploads/2022/05/Dea-Amata-XS-LDT.zip;Brochure=https://karizmaluce.com/wp-content/uploads/2024/10/Dea-Amata-XS.pdf
Dea Amata XS,,,,,,,,,,,,,,,,,,,Dea Amata XS 3.2W 18°,211AB94018BGP0,Black,images/dea-amata/dea-amata-black-black-high-gloss.jpg,4000K,CRI>90,Phase Dim,IP43,,Black High Gloss reflector · Black (RAL 9005),3.2W,190lm,53lm/W,18°,Installation=https://karizmaluce.com/wp-content/uploads/2022/11/Dea-Amata-XS-Installation-manual.pdf;LDT=https://karizmaluce.com/wp-content/uploads/2022/05/Dea-Amata-XS-LDT.zip;Brochure=https://karizmaluce.com/wp-content/uploads/2024/10/Dea-Amata-XS.pdf
Dea Amata XS,,,,,,,,,,,,,,,,,,,Dea Amata XS 3.2W 18°,211AB94018BGD0,Black,images/dea-amata/dea-amata-black-black-high-gloss.jpg,4000K,CRI>90,DALI,IP43,,Black High Gloss reflector · Black (RAL 9005),3.2W,190lm,53lm/W,18°,Installation=https://karizmaluce.com/wp-content/uploads/2022/11/Dea-Amata-XS-Installation-manual.pdf;LDT=https://karizmaluce.com/wp-content/uploads/2022/05/Dea-Amata-XS-LDT.zip;Brochure=https://karizmaluce.com/wp-content/uploads/2024/10/Dea-Amata-XS.pdf
Dea Amata XS,,,,,,,,,,,,,,,,,,,Dea Amata XS 3.2W 18°,211AB92718CHF0,Black,images/dea-amata/dea-amata-black-chrome.jpg,2700K,CRI>90,On/Off,IP43,,Chrome reflector · Black (RAL 9005),3.2W,150lm,47lm/W,18°,Installation=https://karizmaluce.com/wp-content/uploads/2022/11/Dea-Amata-XS-Installation-manual.pdf;LDT=https://karizmaluce.com/wp-content/uploads/2022/05/Dea-Amata-XS-LDT.zip;Brochure=https://karizmaluce.com/wp-content/uploads/2024/10/Dea-Amata-XS.pdf
Dea Amata XS,,,,,,,,,,,,,,,,,,,Dea Amata XS 3.2W 18°,211AB92718CHP0,Black,images/dea-amata/dea-amata-black-chrome.jpg,2700K,CRI>90,Phase Dim,IP43,,Chrome reflector · Black (RAL 9005),3.2W,150lm,47lm/W,18°,Installation=https://karizmaluce.com/wp-content/uploads/2022/11/Dea-Amata-XS-Installation-manual.pdf;LDT=https://karizmaluce.com/wp-content/uploads/2022/05/Dea-Amata-XS-LDT.zip;Brochure=https://karizmaluce.com/wp-content/uploads/2024/10/Dea-Amata-XS.pdf
Dea Amata XS,,,,,,,,,,,,,,,,,,,Dea Amata XS 3.2W 18°,211AB92718CHD0,Black,images/dea-amata/dea-amata-black-chrome.jpg,2700K,CRI>90,DALI,IP43,,Chrome reflector · Black (RAL 9005),3.2W,150lm,47lm/W,18°,Installation=https://karizmaluce.com/wp-content/uploads/2022/11/Dea-Amata-XS-Installation-manual.pdf;LDT=https://karizmaluce.com/wp-content/uploads/2022/05/Dea-Amata-XS-LDT.zip;Brochure=https://karizmaluce.com/wp-content/uploads/2024/10/Dea-Amata-XS.pdf
Dea Amata XS,,,,,,,,,,,,,,,,,,,Dea Amata XS 3.2W 18°,211AB93018CHF0,Black,images/dea-amata/dea-amata-black-chrome.jpg,3000K,CRI>90,On/Off,IP43,,Chrome reflector · Black (RAL 9005),3.2W,160lm,50lm/W,18°,Installation=https://karizmaluce.com/wp-content/uploads/2022/11/Dea-Amata-XS-Installation-manual.pdf;LDT=https://karizmaluce.com/wp-content/uploads/2022/05/Dea-Amata-XS-LDT.zip;Brochure=https://karizmaluce.com/wp-content/uploads/2024/10/Dea-Amata-XS.pdf
Dea Amata XS,,,,,,,,,,,,,,,,,,,Dea Amata XS 3.2W 18°,211AB93018CHP0,Black,images/dea-amata/dea-amata-black-chrome.jpg,3000K,CRI>90,Phase Dim,IP43,,Chrome reflector · Black (RAL 9005),3.2W,160lm,50lm/W,18°,Installation=https://karizmaluce.com/wp-content/uploads/2022/11/Dea-Amata-XS-Installation-manual.pdf;LDT=https://karizmaluce.com/wp-content/uploads/2022/05/Dea-Amata-XS-LDT.zip;Brochure=https://karizmaluce.com/wp-content/uploads/2024/10/Dea-Amata-XS.pdf
Dea Amata XS,,,,,,,,,,,,,,,,,,,Dea Amata XS 3.2W 18°,211AB93018CHD0,Black,images/dea-amata/dea-amata-black-chrome.jpg,3000K,CRI>90,DALI,IP43,,Chrome reflector · Black (RAL 9005),3.2W,160lm,50lm/W,18°,Installation=https://karizmaluce.com/wp-content/uploads/2022/11/Dea-Amata-XS-Installation-manual.pdf;LDT=https://karizmaluce.com/wp-content/uploads/2022/05/Dea-Amata-XS-LDT.zip;Brochure=https://karizmaluce.com/wp-content/uploads/2024/10/Dea-Amata-XS.pdf
Dea Amata XS,,,,,,,,,,,,,,,,,,,Dea Amata XS 3.2W 18°,211AB94018CHF0,Black,images/dea-amata/dea-amata-black-chrome.jpg,4000K,CRI>90,On/Off,IP43,,Chrome reflector · Black (RAL 9005),3.2W,190lm,53lm/W,18°,Installation=https://karizmaluce.com/wp-content/uploads/2022/11/Dea-Amata-XS-Installation-manual.pdf;LDT=https://karizmaluce.com/wp-content/uploads/2022/05/Dea-Amata-XS-LDT.zip;Brochure=https://karizmaluce.com/wp-content/uploads/2024/10/Dea-Amata-XS.pdf
Dea Amata XS,,,,,,,,,,,,,,,,,,,Dea Amata XS 3.2W 18°,211AB94018CHP0,Black,images/dea-amata/dea-amata-black-chrome.jpg,4000K,CRI>90,Phase Dim,IP43,,Chrome reflector · Black (RAL 9005),3.2W,190lm,53lm/W,18°,Installation=https://karizmaluce.com/wp-content/uploads/2022/11/Dea-Amata-XS-Installation-manual.pdf;LDT=https://karizmaluce.com/wp-content/uploads/2022/05/Dea-Amata-XS-LDT.zip;Brochure=https://karizmaluce.com/wp-content/uploads/2024/10/Dea-Amata-XS.pdf
Dea Amata XS,,,,,,,,,,,,,,,,,,,Dea Amata XS 3.2W 18°,211AB94018CHD0,Black,images/dea-amata/dea-amata-black-chrome.jpg,4000K,CRI>90,DALI,IP43,,Chrome reflector · Black (RAL 9005),3.2W,190lm,53lm/W,18°,Installation=https://karizmaluce.com/wp-content/uploads/2022/11/Dea-Amata-XS-Installation-manual.pdf;LDT=https://karizmaluce.com/wp-content/uploads/2022/05/Dea-Amata-XS-LDT.zip;Brochure=https://karizmaluce.com/wp-content/uploads/2024/10/Dea-Amata-XS.pdf
Dea Amata XS,,,,,,,,,,,,,,,,,,,Dea Amata XS 3.2W 18°,211AB92718BMF0,Black,images/dea-amata/dea-amata-black-black-matt.jpg,2700K,CRI>90,On/Off,IP43,,Black Matt reflector · Black (RAL 9005),3.2W,150lm,47lm/W,18°,Installation=https://karizmaluce.com/wp-content/uploads/2022/11/Dea-Amata-XS-Installation-manual.pdf;LDT=https://karizmaluce.com/wp-content/uploads/2022/05/Dea-Amata-XS-LDT.zip;Brochure=https://karizmaluce.com/wp-content/uploads/2024/10/Dea-Amata-XS.pdf
Dea Amata XS,,,,,,,,,,,,,,,,,,,Dea Amata XS 3.2W 18°,211AB92718BMP0,Black,images/dea-amata/dea-amata-black-black-matt.jpg,2700K,CRI>90,Phase Dim,IP43,,Black Matt reflector · Black (RAL 9005),3.2W,150lm,47lm/W,18°,Installation=https://karizmaluce.com/wp-content/uploads/2022/11/Dea-Amata-XS-Installation-manual.pdf;LDT=https://karizmaluce.com/wp-content/uploads/2022/05/Dea-Amata-XS-LDT.zip;Brochure=https://karizmaluce.com/wp-content/uploads/2024/10/Dea-Amata-XS.pdf
Dea Amata XS,,,,,,,,,,,,,,,,,,,Dea Amata XS 3.2W 18°,211AB92718BMD0,Black,images/dea-amata/dea-amata-black-black-matt.jpg,2700K,CRI>90,DALI,IP43,,Black Matt reflector · Black (RAL 9005),3.2W,150lm,47lm/W,18°,Installation=https://karizmaluce.com/wp-content/uploads/2022/11/Dea-Amata-XS-Installation-manual.pdf;LDT=https://karizmaluce.com/wp-content/uploads/2022/05/Dea-Amata-XS-LDT.zip;Brochure=https://karizmaluce.com/wp-content/uploads/2024/10/Dea-Amata-XS.pdf
Dea Amata XS,,,,,,,,,,,,,,,,,,,Dea Amata XS 3.2W 18°,211AB93018BMF0,Black,images/dea-amata/dea-amata-black-black-matt.jpg,3000K,CRI>90,On/Off,IP43,,Black Matt reflector · Black (RAL 9005),3.2W,160lm,50lm/W,18°,Installation=https://karizmaluce.com/wp-content/uploads/2022/11/Dea-Amata-XS-Installation-manual.pdf;LDT=https://karizmaluce.com/wp-content/uploads/2022/05/Dea-Amata-XS-LDT.zip;Brochure=https://karizmaluce.com/wp-content/uploads/2024/10/Dea-Amata-XS.pdf
Dea Amata XS,,,,,,,,,,,,,,,,,,,Dea Amata XS 3.2W 18°,211AB93018BMP0,Black,images/dea-amata/dea-amata-black-black-matt.jpg,3000K,CRI>90,Phase Dim,IP43,,Black Matt reflector · Black (RAL 9005),3.2W,160lm,50lm/W,18°,Installation=https://karizmaluce.com/wp-content/uploads/2022/11/Dea-Amata-XS-Installation-manual.pdf;LDT=https://karizmaluce.com/wp-content/uploads/2022/05/Dea-Amata-XS-LDT.zip;Brochure=https://karizmaluce.com/wp-content/uploads/2024/10/Dea-Amata-XS.pdf
Dea Amata XS,,,,,,,,,,,,,,,,,,,Dea Amata XS 3.2W 18°,211AB93018BMD0,Black,images/dea-amata/dea-amata-black-black-matt.jpg,3000K,CRI>90,DALI,IP43,,Black Matt reflector · Black (RAL 9005),3.2W,160lm,50lm/W,18°,Installation=https://karizmaluce.com/wp-content/uploads/2022/11/Dea-Amata-XS-Installation-manual.pdf;LDT=https://karizmaluce.com/wp-content/uploads/2022/05/Dea-Amata-XS-LDT.zip;Brochure=https://karizmaluce.com/wp-content/uploads/2024/10/Dea-Amata-XS.pdf
Dea Amata XS,,,,,,,,,,,,,,,,,,,Dea Amata XS 3.2W 18°,211AB94018BMF0,Black,images/dea-amata/dea-amata-black-black-matt.jpg,4000K,CRI>90,On/Off,IP43,,Black Matt reflector · Black (RAL 9005),3.2W,190lm,53lm/W,18°,Installation=https://karizmaluce.com/wp-content/uploads/2022/11/Dea-Amata-XS-Installation-manual.pdf;LDT=https://karizmaluce.com/wp-content/uploads/2022/05/Dea-Amata-XS-LDT.zip;Brochure=https://karizmaluce.com/wp-content/uploads/2024/10/Dea-Amata-XS.pdf
Dea Amata XS,,,,,,,,,,,,,,,,,,,Dea Amata XS 3.2W 18°,211AB94018BMP0,Black,images/dea-amata/dea-amata-black-black-matt.jpg,4000K,CRI>90,Phase Dim,IP43,,Black Matt reflector · Black (RAL 9005),3.2W,190lm,53lm/W,18°,Installation=https://karizmaluce.com/wp-content/uploads/2022/11/Dea-Amata-XS-Installation-manual.pdf;LDT=https://karizmaluce.com/wp-content/uploads/2022/05/Dea-Amata-XS-LDT.zip;Brochure=https://karizmaluce.com/wp-content/uploads/2024/10/Dea-Amata-XS.pdf
Dea Amata XS,,,,,,,,,,,,,,,,,,,Dea Amata XS 3.2W 18°,211AB94018BMD0,Black,images/dea-amata/dea-amata-black-black-matt.jpg,4000K,CRI>90,DALI,IP43,,Black Matt reflector · Black (RAL 9005),3.2W,190lm,53lm/W,18°,Installation=https://karizmaluce.com/wp-content/uploads/2022/11/Dea-Amata-XS-Installation-manual.pdf;LDT=https://karizmaluce.com/wp-content/uploads/2022/05/Dea-Amata-XS-LDT.zip;Brochure=https://karizmaluce.com/wp-content/uploads/2024/10/Dea-Amata-XS.pdf
Dea Amata XS,,,,,,,,,,,,,,,,,,,Dea Amata XS 3.2W 18°,211AB92718COF0,Black,images/dea-amata/dea-amata-black-copper.jpg,2700K,CRI>90,On/Off,IP43,,Copper reflector · Black (RAL 9005),3.2W,150lm,47lm/W,18°,Installation=https://karizmaluce.com/wp-content/uploads/2022/11/Dea-Amata-XS-Installation-manual.pdf;LDT=https://karizmaluce.com/wp-content/uploads/2022/05/Dea-Amata-XS-LDT.zip;Brochure=https://karizmaluce.com/wp-content/uploads/2024/10/Dea-Amata-XS.pdf
Dea Amata XS,,,,,,,,,,,,,,,,,,,Dea Amata XS 3.2W 18°,211AB92718COP0,Black,images/dea-amata/dea-amata-black-copper.jpg,2700K,CRI>90,Phase Dim,IP43,,Copper reflector · Black (RAL 9005),3.2W,150lm,47lm/W,18°,Installation=https://karizmaluce.com/wp-content/uploads/2022/11/Dea-Amata-XS-Installation-manual.pdf;LDT=https://karizmaluce.com/wp-content/uploads/2022/05/Dea-Amata-XS-LDT.zip;Brochure=https://karizmaluce.com/wp-content/uploads/2024/10/Dea-Amata-XS.pdf
Dea Amata XS,,,,,,,,,,,,,,,,,,,Dea Amata XS 3.2W 18°,211AB92718COD0,Black,images/dea-amata/dea-amata-black-copper.jpg,2700K,CRI>90,DALI,IP43,,Copper reflector · Black (RAL 9005),3.2W,150lm,47lm/W,18°,Installation=https://karizmaluce.com/wp-content/uploads/2022/11/Dea-Amata-XS-Installation-manual.pdf;LDT=https://karizmaluce.com/wp-content/uploads/2022/05/Dea-Amata-XS-LDT.zip;Brochure=https://karizmaluce.com/wp-content/uploads/2024/10/Dea-Amata-XS.pdf
Dea Amata XS,,,,,,,,,,,,,,,,,,,Dea Amata XS 3.2W 18°,211AB93018COF0,Black,images/dea-amata/dea-amata-black-copper.jpg,3000K,CRI>90,On/Off,IP43,,Copper reflector · Black (RAL 9005),3.2W,160lm,50lm/W,18°,Installation=https://karizmaluce.com/wp-content/uploads/2022/11/Dea-Amata-XS-Installation-manual.pdf;LDT=https://karizmaluce.com/wp-content/uploads/2022/05/Dea-Amata-XS-LDT.zip;Brochure=https://karizmaluce.com/wp-content/uploads/2024/10/Dea-Amata-XS.pdf
Dea Amata XS,,,,,,,,,,,,,,,,,,,Dea Amata XS 3.2W 18°,211AB93018COP0,Black,images/dea-amata/dea-amata-black-copper.jpg,3000K,CRI>90,Phase Dim,IP43,,Copper reflector · Black (RAL 9005),3.2W,160lm,50lm/W,18°,Installation=https://karizmaluce.com/wp-content/uploads/2022/11/Dea-Amata-XS-Installation-manual.pdf;LDT=https://karizmaluce.com/wp-content/uploads/2022/05/Dea-Amata-XS-LDT.zip;Brochure=https://karizmaluce.com/wp-content/uploads/2024/10/Dea-Amata-XS.pdf
Dea Amata XS,,,,,,,,,,,,,,,,,,,Dea Amata XS 3.2W 18°,211AB93018COD0,Black,images/dea-amata/dea-amata-black-copper.jpg,3000K,CRI>90,DALI,IP43,,Copper reflector · Black (RAL 9005),3.2W,160lm,50lm/W,18°,Installation=https://karizmaluce.com/wp-content/uploads/2022/11/Dea-Amata-XS-Installation-manual.pdf;LDT=https://karizmaluce.com/wp-content/uploads/2022/05/Dea-Amata-XS-LDT.zip;Brochure=https://karizmaluce.com/wp-content/uploads/2024/10/Dea-Amata-XS.pdf
Dea Amata XS,,,,,,,,,,,,,,,,,,,Dea Amata XS 3.2W 18°,211AB94018COF0,Black,images/dea-amata/dea-amata-black-copper.jpg,4000K,CRI>90,On/Off,IP43,,Copper reflector · Black (RAL 9005),3.2W,190lm,53lm/W,18°,Installation=https://karizmaluce.com/wp-content/uploads/2022/11/Dea-Amata-XS-Installation-manual.pdf;LDT=https://karizmaluce.com/wp-content/uploads/2022/05/Dea-Amata-XS-LDT.zip;Brochure=https://karizmaluce.com/wp-content/uploads/2024/10/Dea-Amata-XS.pdf
Dea Amata XS,,,,,,,,,,,,,,,,,,,Dea Amata XS 3.2W 18°,211AB94018COP0,Black,images/dea-amata/dea-amata-black-copper.jpg,4000K,CRI>90,Phase Dim,IP43,,Copper reflector · Black (RAL 9005),3.2W,190lm,53lm/W,18°,Installation=https://karizmaluce.com/wp-content/uploads/2022/11/Dea-Amata-XS-Installation-manual.pdf;LDT=https://karizmaluce.com/wp-content/uploads/2022/05/Dea-Amata-XS-LDT.zip;Brochure=https://karizmaluce.com/wp-content/uploads/2024/10/Dea-Amata-XS.pdf
Dea Amata XS,,,,,,,,,,,,,,,,,,,Dea Amata XS 3.2W 18°,211AB94018COD0,Black,images/dea-amata/dea-amata-black-copper.jpg,4000K,CRI>90,DALI,IP43,,Copper reflector · Black (RAL 9005),3.2W,190lm,53lm/W,18°,Installation=https://karizmaluce.com/wp-content/uploads/2022/11/Dea-Amata-XS-Installation-manual.pdf;LDT=https://karizmaluce.com/wp-content/uploads/2022/05/Dea-Amata-XS-LDT.zip;Brochure=https://karizmaluce.com/wp-content/uploads/2024/10/Dea-Amata-XS.pdf
Dea Amata XS,,,,,,,,,,,,,,,,,,,Dea Amata XS 3.2W 18°,211AW92718GOF0,White,images/dea-amata/dea-amata-white-gold.jpg,2700K,CRI>90,On/Off,IP43,,Gold reflector · White (RAL 9003),3.2W,150lm,47lm/W,18°,Installation=https://karizmaluce.com/wp-content/uploads/2022/11/Dea-Amata-XS-Installation-manual.pdf;LDT=https://karizmaluce.com/wp-content/uploads/2022/05/Dea-Amata-XS-LDT.zip;Brochure=https://karizmaluce.com/wp-content/uploads/2024/10/Dea-Amata-XS.pdf
Dea Amata XS,,,,,,,,,,,,,,,,,,,Dea Amata XS 3.2W 18°,211AW92718GOP0,White,images/dea-amata/dea-amata-white-gold.jpg,2700K,CRI>90,Phase Dim,IP43,,Gold reflector · White (RAL 9003),3.2W,150lm,47lm/W,18°,Installation=https://karizmaluce.com/wp-content/uploads/2022/11/Dea-Amata-XS-Installation-manual.pdf;LDT=https://karizmaluce.com/wp-content/uploads/2022/05/Dea-Amata-XS-LDT.zip;Brochure=https://karizmaluce.com/wp-content/uploads/2024/10/Dea-Amata-XS.pdf
Dea Amata XS,,,,,,,,,,,,,,,,,,,Dea Amata XS 3.2W 18°,211AW92718GOD0,White,images/dea-amata/dea-amata-white-gold.jpg,2700K,CRI>90,DALI,IP43,,Gold reflector · White (RAL 9003),3.2W,150lm,47lm/W,18°,Installation=https://karizmaluce.com/wp-content/uploads/2022/11/Dea-Amata-XS-Installation-manual.pdf;LDT=https://karizmaluce.com/wp-content/uploads/2022/05/Dea-Amata-XS-LDT.zip;Brochure=https://karizmaluce.com/wp-content/uploads/2024/10/Dea-Amata-XS.pdf
Dea Amata XS,,,,,,,,,,,,,,,,,,,Dea Amata XS 3.2W 18°,211AW93018GOF0,White,images/dea-amata/dea-amata-white-gold.jpg,3000K,CRI>90,On/Off,IP43,,Gold reflector · White (RAL 9003),3.2W,160lm,50lm/W,18°,Installation=https://karizmaluce.com/wp-content/uploads/2022/11/Dea-Amata-XS-Installation-manual.pdf;LDT=https://karizmaluce.com/wp-content/uploads/2022/05/Dea-Amata-XS-LDT.zip;Brochure=https://karizmaluce.com/wp-content/uploads/2024/10/Dea-Amata-XS.pdf
Dea Amata XS,,,,,,,,,,,,,,,,,,,Dea Amata XS 3.2W 18°,211AW93018GOP0,White,images/dea-amata/dea-amata-white-gold.jpg,3000K,CRI>90,Phase Dim,IP43,,Gold reflector · White (RAL 9003),3.2W,160lm,50lm/W,18°,Installation=https://karizmaluce.com/wp-content/uploads/2022/11/Dea-Amata-XS-Installation-manual.pdf;LDT=https://karizmaluce.com/wp-content/uploads/2022/05/Dea-Amata-XS-LDT.zip;Brochure=https://karizmaluce.com/wp-content/uploads/2024/10/Dea-Amata-XS.pdf
Dea Amata XS,,,,,,,,,,,,,,,,,,,Dea Amata XS 3.2W 18°,211AW93018GOD0,White,images/dea-amata/dea-amata-white-gold.jpg,3000K,CRI>90,DALI,IP43,,Gold reflector · White (RAL 9003),3.2W,160lm,50lm/W,18°,Installation=https://karizmaluce.com/wp-content/uploads/2022/11/Dea-Amata-XS-Installation-manual.pdf;LDT=https://karizmaluce.com/wp-content/uploads/2022/05/Dea-Amata-XS-LDT.zip;Brochure=https://karizmaluce.com/wp-content/uploads/2024/10/Dea-Amata-XS.pdf
Dea Amata XS,,,,,,,,,,,,,,,,,,,Dea Amata XS 3.2W 18°,211AW94018GOF0,White,images/dea-amata/dea-amata-white-gold.jpg,4000K,CRI>90,On/Off,IP43,,Gold reflector · White (RAL 9003),3.2W,170lm,53lm/W,18°,Installation=https://karizmaluce.com/wp-content/uploads/2022/11/Dea-Amata-XS-Installation-manual.pdf;LDT=https://karizmaluce.com/wp-content/uploads/2022/05/Dea-Amata-XS-LDT.zip;Brochure=https://karizmaluce.com/wp-content/uploads/2024/10/Dea-Amata-XS.pdf
Dea Amata XS,,,,,,,,,,,,,,,,,,,Dea Amata XS 3.2W 18°,211AW94018GOP0,White,images/dea-amata/dea-amata-white-gold.jpg,4000K,CRI>90,Phase Dim,IP43,,Gold reflector · White (RAL 9003),3.2W,170lm,53lm/W,18°,Installation=https://karizmaluce.com/wp-content/uploads/2022/11/Dea-Amata-XS-Installation-manual.pdf;LDT=https://karizmaluce.com/wp-content/uploads/2022/05/Dea-Amata-XS-LDT.zip;Brochure=https://karizmaluce.com/wp-content/uploads/2024/10/Dea-Amata-XS.pdf
Dea Amata XS,,,,,,,,,,,,,,,,,,,Dea Amata XS 3.2W 18°,211AW94018GOD0,White,images/dea-amata/dea-amata-white-gold.jpg,4000K,CRI>90,DALI,IP43,,Gold reflector · White (RAL 9003),3.2W,170lm,53lm/W,18°,Installation=https://karizmaluce.com/wp-content/uploads/2022/11/Dea-Amata-XS-Installation-manual.pdf;LDT=https://karizmaluce.com/wp-content/uploads/2022/05/Dea-Amata-XS-LDT.zip;Brochure=https://karizmaluce.com/wp-content/uploads/2024/10/Dea-Amata-XS.pdf
Dea Amata XS,,,,,,,,,,,,,,,,,,,Dea Amata XS 3.2W 18°,211AW92718SGF0,White,images/dea-amata/dea-amata-white-silver-high-gloss.jpg,2700K,CRI>90,On/Off,IP43,,Silver High Gloss reflector · White (RAL 9003),3.2W,150lm,47lm/W,18°,Installation=https://karizmaluce.com/wp-content/uploads/2022/11/Dea-Amata-XS-Installation-manual.pdf;LDT=https://karizmaluce.com/wp-content/uploads/2022/05/Dea-Amata-XS-LDT.zip;Brochure=https://karizmaluce.com/wp-content/uploads/2024/10/Dea-Amata-XS.pdf
Dea Amata XS,,,,,,,,,,,,,,,,,,,Dea Amata XS 3.2W 18°,211AW92718SGP0,White,images/dea-amata/dea-amata-white-silver-high-gloss.jpg,2700K,CRI>90,Phase Dim,IP43,,Silver High Gloss reflector · White (RAL 9003),3.2W,150lm,47lm/W,18°,Installation=https://karizmaluce.com/wp-content/uploads/2022/11/Dea-Amata-XS-Installation-manual.pdf;LDT=https://karizmaluce.com/wp-content/uploads/2022/05/Dea-Amata-XS-LDT.zip;Brochure=https://karizmaluce.com/wp-content/uploads/2024/10/Dea-Amata-XS.pdf
Dea Amata XS,,,,,,,,,,,,,,,,,,,Dea Amata XS 3.2W 18°,211AW92718SGD0,White,images/dea-amata/dea-amata-white-silver-high-gloss.jpg,2700K,CRI>90,DALI,IP43,,Silver High Gloss reflector · White (RAL 9003),3.2W,150lm,47lm/W,18°,Installation=https://karizmaluce.com/wp-content/uploads/2022/11/Dea-Amata-XS-Installation-manual.pdf;LDT=https://karizmaluce.com/wp-content/uploads/2022/05/Dea-Amata-XS-LDT.zip;Brochure=https://karizmaluce.com/wp-content/uploads/2024/10/Dea-Amata-XS.pdf
Dea Amata XS,,,,,,,,,,,,,,,,,,,Dea Amata XS 3.2W 18°,211AW93018SGF0,White,images/dea-amata/dea-amata-white-silver-high-gloss.jpg,3000K,CRI>90,On/Off,IP43,,Silver High Gloss reflector · White (RAL 9003),3.2W,160lm,50lm/W,18°,Installation=https://karizmaluce.com/wp-content/uploads/2022/11/Dea-Amata-XS-Installation-manual.pdf;LDT=https://karizmaluce.com/wp-content/uploads/2022/05/Dea-Amata-XS-LDT.zip;Brochure=https://karizmaluce.com/wp-content/uploads/2024/10/Dea-Amata-XS.pdf
Dea Amata XS,,,,,,,,,,,,,,,,,,,Dea Amata XS 3.2W 18°,211AW93018SGP0,White,images/dea-amata/dea-amata-white-silver-high-gloss.jpg,3000K,CRI>90,Phase Dim,IP43,,Silver High Gloss reflector · White (RAL 9003),3.2W,160lm,50lm/W,18°,Installation=https://karizmaluce.com/wp-content/uploads/2022/11/Dea-Amata-XS-Installation-manual.pdf;LDT=https://karizmaluce.com/wp-content/uploads/2022/05/Dea-Amata-XS-LDT.zip;Brochure=https://karizmaluce.com/wp-content/uploads/2024/10/Dea-Amata-XS.pdf
Dea Amata XS,,,,,,,,,,,,,,,,,,,Dea Amata XS 3.2W 18°,211AW93018SGD0,White,images/dea-amata/dea-amata-white-silver-high-gloss.jpg,3000K,CRI>90,DALI,IP43,,Silver High Gloss reflector · White (RAL 9003),3.2W,160lm,50lm/W,18°,Installation=https://karizmaluce.com/wp-content/uploads/2022/11/Dea-Amata-XS-Installation-manual.pdf;LDT=https://karizmaluce.com/wp-content/uploads/2022/05/Dea-Amata-XS-LDT.zip;Brochure=https://karizmaluce.com/wp-content/uploads/2024/10/Dea-Amata-XS.pdf
Dea Amata XS,,,,,,,,,,,,,,,,,,,Dea Amata XS 3.2W 18°,211AW94018SGF0,White,images/dea-amata/dea-amata-white-silver-high-gloss.jpg,4000K,CRI>90,On/Off,IP43,,Silver High Gloss reflector · White (RAL 9003),3.2W,170lm,53lm/W,18°,Installation=https://karizmaluce.com/wp-content/uploads/2022/11/Dea-Amata-XS-Installation-manual.pdf;LDT=https://karizmaluce.com/wp-content/uploads/2022/05/Dea-Amata-XS-LDT.zip;Brochure=https://karizmaluce.com/wp-content/uploads/2024/10/Dea-Amata-XS.pdf
Dea Amata XS,,,,,,,,,,,,,,,,,,,Dea Amata XS 3.2W 18°,211AW94018SGP0,White,images/dea-amata/dea-amata-white-silver-high-gloss.jpg,4000K,CRI>90,Phase Dim,IP43,,Silver High Gloss reflector · White (RAL 9003),3.2W,170lm,53lm/W,18°,Installation=https://karizmaluce.com/wp-content/uploads/2022/11/Dea-Amata-XS-Installation-manual.pdf;LDT=https://karizmaluce.com/wp-content/uploads/2022/05/Dea-Amata-XS-LDT.zip;Brochure=https://karizmaluce.com/wp-content/uploads/2024/10/Dea-Amata-XS.pdf
Dea Amata XS,,,,,,,,,,,,,,,,,,,Dea Amata XS 3.2W 18°,211AW94018SGD0,White,images/dea-amata/dea-amata-white-silver-high-gloss.jpg,4000K,CRI>90,DALI,IP43,,Silver High Gloss reflector · White (RAL 9003),3.2W,170lm,53lm/W,18°,Installation=https://karizmaluce.com/wp-content/uploads/2022/11/Dea-Amata-XS-Installation-manual.pdf;LDT=https://karizmaluce.com/wp-content/uploads/2022/05/Dea-Amata-XS-LDT.zip;Brochure=https://karizmaluce.com/wp-content/uploads/2024/10/Dea-Amata-XS.pdf
Dea Amata XS,,,,,,,,,,,,,,,,,,,Dea Amata XS 3.2W 18°,211AW92718WHF0,White,images/dea-amata/dea-amata-white-white.jpg,2700K,CRI>90,On/Off,IP43,,White reflector · White (RAL 9003),3.2W,150lm,47lm/W,18°,Installation=https://karizmaluce.com/wp-content/uploads/2022/11/Dea-Amata-XS-Installation-manual.pdf;LDT=https://karizmaluce.com/wp-content/uploads/2022/05/Dea-Amata-XS-LDT.zip;Brochure=https://karizmaluce.com/wp-content/uploads/2024/10/Dea-Amata-XS.pdf
Dea Amata XS,,,,,,,,,,,,,,,,,,,Dea Amata XS 3.2W 18°,211AW92718WHP0,White,images/dea-amata/dea-amata-white-white.jpg,2700K,CRI>90,Phase Dim,IP43,,White reflector · White (RAL 9003),3.2W,150lm,47lm/W,18°,Installation=https://karizmaluce.com/wp-content/uploads/2022/11/Dea-Amata-XS-Installation-manual.pdf;LDT=https://karizmaluce.com/wp-content/uploads/2022/05/Dea-Amata-XS-LDT.zip;Brochure=https://karizmaluce.com/wp-content/uploads/2024/10/Dea-Amata-XS.pdf
Dea Amata XS,,,,,,,,,,,,,,,,,,,Dea Amata XS 3.2W 18°,211AW92718WHD0,White,images/dea-amata/dea-amata-white-white.jpg,2700K,CRI>90,DALI,IP43,,White reflector · White (RAL 9003),3.2W,150lm,47lm/W,18°,Installation=https://karizmaluce.com/wp-content/uploads/2022/11/Dea-Amata-XS-Installation-manual.pdf;LDT=https://karizmaluce.com/wp-content/uploads/2022/05/Dea-Amata-XS-LDT.zip;Brochure=https://karizmaluce.com/wp-content/uploads/2024/10/Dea-Amata-XS.pdf
Dea Amata XS,,,,,,,,,,,,,,,,,,,Dea Amata XS 3.2W 18°,211AW93018WHF0,White,images/dea-amata/dea-amata-white-white.jpg,3000K,CRI>90,On/Off,IP43,,White reflector · White (RAL 9003),3.2W,160lm,50lm/W,18°,Installation=https://karizmaluce.com/wp-content/uploads/2022/11/Dea-Amata-XS-Installation-manual.pdf;LDT=https://karizmaluce.com/wp-content/uploads/2022/05/Dea-Amata-XS-LDT.zip;Brochure=https://karizmaluce.com/wp-content/uploads/2024/10/Dea-Amata-XS.pdf
Dea Amata XS,,,,,,,,,,,,,,,,,,,Dea Amata XS 3.2W 18°,211AW93018WHP0,White,images/dea-amata/dea-amata-white-white.jpg,3000K,CRI>90,Phase Dim,IP43,,White reflector · White (RAL 9003),3.2W,160lm,50lm/W,18°,Installation=https://karizmaluce.com/wp-content/uploads/2022/11/Dea-Amata-XS-Installation-manual.pdf;LDT=https://karizmaluce.com/wp-content/uploads/2022/05/Dea-Amata-XS-LDT.zip;Brochure=https://karizmaluce.com/wp-content/uploads/2024/10/Dea-Amata-XS.pdf
Dea Amata XS,,,,,,,,,,,,,,,,,,,Dea Amata XS 3.2W 18°,211AW93018WHD0,White,images/dea-amata/dea-amata-white-white.jpg,3000K,CRI>90,DALI,IP43,,White reflector · White (RAL 9003),3.2W,160lm,50lm/W,18°,Installation=https://karizmaluce.com/wp-content/uploads/2022/11/Dea-Amata-XS-Installation-manual.pdf;LDT=https://karizmaluce.com/wp-content/uploads/2022/05/Dea-Amata-XS-LDT.zip;Brochure=https://karizmaluce.com/wp-content/uploads/2024/10/Dea-Amata-XS.pdf
Dea Amata XS,,,,,,,,,,,,,,,,,,,Dea Amata XS 3.2W 18°,211AW94018WHF0,White,images/dea-amata/dea-amata-white-white.jpg,4000K,CRI>90,On/Off,IP43,,White reflector · White (RAL 9003),3.2W,170lm,53lm/W,18°,Installation=https://karizmaluce.com/wp-content/uploads/2022/11/Dea-Amata-XS-Installation-manual.pdf;LDT=https://karizmaluce.com/wp-content/uploads/2022/05/Dea-Amata-XS-LDT.zip;Brochure=https://karizmaluce.com/wp-content/uploads/2024/10/Dea-Amata-XS.pdf
Dea Amata XS,,,,,,,,,,,,,,,,,,,Dea Amata XS 3.2W 18°,211AW94018WHP0,White,images/dea-amata/dea-amata-white-white.jpg,4000K,CRI>90,Phase Dim,IP43,,White reflector · White (RAL 9003),3.2W,170lm,53lm/W,18°,Installation=https://karizmaluce.com/wp-content/uploads/2022/11/Dea-Amata-XS-Installation-manual.pdf;LDT=https://karizmaluce.com/wp-content/uploads/2022/05/Dea-Amata-XS-LDT.zip;Brochure=https://karizmaluce.com/wp-content/uploads/2024/10/Dea-Amata-XS.pdf
Dea Amata XS,,,,,,,,,,,,,,,,,,,Dea Amata XS 3.2W 18°,211AW94018WHD0,White,images/dea-amata/dea-amata-white-white.jpg,4000K,CRI>90,DALI,IP43,,White reflector · White (RAL 9003),3.2W,170lm,53lm/W,18°,Installation=https://karizmaluce.com/wp-content/uploads/2022/11/Dea-Amata-XS-Installation-manual.pdf;LDT=https://karizmaluce.com/wp-content/uploads/2022/05/Dea-Amata-XS-LDT.zip;Brochure=https://karizmaluce.com/wp-content/uploads/2024/10/Dea-Amata-XS.pdf
Dea Amata XS,,,,,,,,,,,,,,,,,,,Dea Amata XS 3.2W 18°,211AW92718BGF0,White,images/dea-amata/dea-amata-white-black-high-gloss.jpg,2700K,CRI>90,On/Off,IP43,,Black High Gloss reflector · White (RAL 9003),3.2W,150lm,47lm/W,18°,Installation=https://karizmaluce.com/wp-content/uploads/2022/11/Dea-Amata-XS-Installation-manual.pdf;LDT=https://karizmaluce.com/wp-content/uploads/2022/05/Dea-Amata-XS-LDT.zip;Brochure=https://karizmaluce.com/wp-content/uploads/2024/10/Dea-Amata-XS.pdf
Dea Amata XS,,,,,,,,,,,,,,,,,,,Dea Amata XS 3.2W 18°,211AW92718BGP0,White,images/dea-amata/dea-amata-white-black-high-gloss.jpg,2700K,CRI>90,Phase Dim,IP43,,Black High Gloss reflector · White (RAL 9003),3.2W,150lm,47lm/W,18°,Installation=https://karizmaluce.com/wp-content/uploads/2022/11/Dea-Amata-XS-Installation-manual.pdf;LDT=https://karizmaluce.com/wp-content/uploads/2022/05/Dea-Amata-XS-LDT.zip;Brochure=https://karizmaluce.com/wp-content/uploads/2024/10/Dea-Amata-XS.pdf
Dea Amata XS,,,,,,,,,,,,,,,,,,,Dea Amata XS 3.2W 18°,211AW92718BGD0,White,images/dea-amata/dea-amata-white-black-high-gloss.jpg,2700K,CRI>90,DALI,IP43,,Black High Gloss reflector · White (RAL 9003),3.2W,150lm,47lm/W,18°,Installation=https://karizmaluce.com/wp-content/uploads/2022/11/Dea-Amata-XS-Installation-manual.pdf;LDT=https://karizmaluce.com/wp-content/uploads/2022/05/Dea-Amata-XS-LDT.zip;Brochure=https://karizmaluce.com/wp-content/uploads/2024/10/Dea-Amata-XS.pdf
Dea Amata XS,,,,,,,,,,,,,,,,,,,Dea Amata XS 3.2W 18°,211AW93018BGF0,White,images/dea-amata/dea-amata-white-black-high-gloss.jpg,3000K,CRI>90,On/Off,IP43,,Black High Gloss reflector · White (RAL 9003),3.2W,160lm,50lm/W,18°,Installation=https://karizmaluce.com/wp-content/uploads/2022/11/Dea-Amata-XS-Installation-manual.pdf;LDT=https://karizmaluce.com/wp-content/uploads/2022/05/Dea-Amata-XS-LDT.zip;Brochure=https://karizmaluce.com/wp-content/uploads/2024/10/Dea-Amata-XS.pdf
Dea Amata XS,,,,,,,,,,,,,,,,,,,Dea Amata XS 3.2W 18°,211AW93018BGP0,White,images/dea-amata/dea-amata-white-black-high-gloss.jpg,3000K,CRI>90,Phase Dim,IP43,,Black High Gloss reflector · White (RAL 9003),3.2W,160lm,50lm/W,18°,Installation=https://karizmaluce.com/wp-content/uploads/2022/11/Dea-Amata-XS-Installation-manual.pdf;LDT=https://karizmaluce.com/wp-content/uploads/2022/05/Dea-Amata-XS-LDT.zip;Brochure=https://karizmaluce.com/wp-content/uploads/2024/10/Dea-Amata-XS.pdf
Dea Amata XS,,,,,,,,,,,,,,,,,,,Dea Amata XS 3.2W 18°,211AW93018BGD0,White,images/dea-amata/dea-amata-white-black-high-gloss.jpg,3000K,CRI>90,DALI,IP43,,Black High Gloss reflector · White (RAL 9003),3.2W,160lm,50lm/W,18°,Installation=https://karizmaluce.com/wp-content/uploads/2022/11/Dea-Amata-XS-Installation-manual.pdf;LDT=https://karizmaluce.com/wp-content/uploads/2022/05/Dea-Amata-XS-LDT.zip;Brochure=https://karizmaluce.com/wp-content/uploads/2024/10/Dea-Amata-XS.pdf
Dea Amata XS,,,,,,,,,,,,,,,,,,,Dea Amata XS 3.2W 18°,211AW94018BGF0,White,images/dea-amata/dea-amata-white-black-high-gloss.jpg,4000K,CRI>90,On/Off,IP43,,Black High Gloss reflector · White (RAL 9003),3.2W,170lm,53lm/W,18°,Installation=https://karizmaluce.com/wp-content/uploads/2022/11/Dea-Amata-XS-Installation-manual.pdf;LDT=https://karizmaluce.com/wp-content/uploads/2022/05/Dea-Amata-XS-LDT.zip;Brochure=https://karizmaluce.com/wp-content/uploads/2024/10/Dea-Amata-XS.pdf
Dea Amata XS,,,,,,,,,,,,,,,,,,,Dea Amata XS 3.2W 18°,211AW94018BGP0,White,images/dea-amata/dea-amata-white-black-high-gloss.jpg,4000K,CRI>90,Phase Dim,IP43,,Black High Gloss reflector · White (RAL 9003),3.2W,170lm,53lm/W,18°,Installation=https://karizmaluce.com/wp-content/uploads/2022/11/Dea-Amata-XS-Installation-manual.pdf;LDT=https://karizmaluce.com/wp-content/uploads/2022/05/Dea-Amata-XS-LDT.zip;Brochure=https://karizmaluce.com/wp-content/uploads/2024/10/Dea-Amata-XS.pdf
Dea Amata XS,,,,,,,,,,,,,,,,,,,Dea Amata XS 3.2W 18°,211AW94018BGD0,White,images/dea-amata/dea-amata-white-black-high-gloss.jpg,4000K,CRI>90,DALI,IP43,,Black High Gloss reflector · White (RAL 9003),3.2W,170lm,53lm/W,18°,Installation=https://karizmaluce.com/wp-content/uploads/2022/11/Dea-Amata-XS-Installation-manual.pdf;LDT=https://karizmaluce.com/wp-content/uploads/2022/05/Dea-Amata-XS-LDT.zip;Brochure=https://karizmaluce.com/wp-content/uploads/2024/10/Dea-Amata-XS.pdf
Dea Amata XS,,,,,,,,,,,,,,,,,,,Dea Amata XS 3.2W 18°,211AW92718CHF0,White,images/dea-amata/dea-amata-white-chrome.jpg,2700K,CRI>90,On/Off,IP43,,Chrome reflector · White (RAL 9003),3.2W,150lm,47lm/W,18°,Installation=https://karizmaluce.com/wp-content/uploads/2022/11/Dea-Amata-XS-Installation-manual.pdf;LDT=https://karizmaluce.com/wp-content/uploads/2022/05/Dea-Amata-XS-LDT.zip;Brochure=https://karizmaluce.com/wp-content/uploads/2024/10/Dea-Amata-XS.pdf
Dea Amata XS,,,,,,,,,,,,,,,,,,,Dea Amata XS 3.2W 18°,211AW92718CHP0,White,images/dea-amata/dea-amata-white-chrome.jpg,2700K,CRI>90,Phase Dim,IP43,,Chrome reflector · White (RAL 9003),3.2W,150lm,47lm/W,18°,Installation=https://karizmaluce.com/wp-content/uploads/2022/11/Dea-Amata-XS-Installation-manual.pdf;LDT=https://karizmaluce.com/wp-content/uploads/2022/05/Dea-Amata-XS-LDT.zip;Brochure=https://karizmaluce.com/wp-content/uploads/2024/10/Dea-Amata-XS.pdf
Dea Amata XS,,,,,,,,,,,,,,,,,,,Dea Amata XS 3.2W 18°,211AW92718CHD0,White,images/dea-amata/dea-amata-white-chrome.jpg,2700K,CRI>90,DALI,IP43,,Chrome reflector · White (RAL 9003),3.2W,150lm,47lm/W,18°,Installation=https://karizmaluce.com/wp-content/uploads/2022/11/Dea-Amata-XS-Installation-manual.pdf;LDT=https://karizmaluce.com/wp-content/uploads/2022/05/Dea-Amata-XS-LDT.zip;Brochure=https://karizmaluce.com/wp-content/uploads/2024/10/Dea-Amata-XS.pdf
Dea Amata XS,,,,,,,,,,,,,,,,,,,Dea Amata XS 3.2W 18°,211AW93018CHF0,White,images/dea-amata/dea-amata-white-chrome.jpg,3000K,CRI>90,On/Off,IP43,,Chrome reflector · White (RAL 9003),3.2W,160lm,50lm/W,18°,Installation=https://karizmaluce.com/wp-content/uploads/2022/11/Dea-Amata-XS-Installation-manual.pdf;LDT=https://karizmaluce.com/wp-content/uploads/2022/05/Dea-Amata-XS-LDT.zip;Brochure=https://karizmaluce.com/wp-content/uploads/2024/10/Dea-Amata-XS.pdf
Dea Amata XS,,,,,,,,,,,,,,,,,,,Dea Amata XS 3.2W 18°,211AW93018CHP0,White,images/dea-amata/dea-amata-white-chrome.jpg,3000K,CRI>90,Phase Dim,IP43,,Chrome reflector · White (RAL 9003),3.2W,160lm,50lm/W,18°,Installation=https://karizmaluce.com/wp-content/uploads/2022/11/Dea-Amata-XS-Installation-manual.pdf;LDT=https://karizmaluce.com/wp-content/uploads/2022/05/Dea-Amata-XS-LDT.zip;Brochure=https://karizmaluce.com/wp-content/uploads/2024/10/Dea-Amata-XS.pdf
Dea Amata XS,,,,,,,,,,,,,,,,,,,Dea Amata XS 3.2W 18°,211AW93018CHD0,White,images/dea-amata/dea-amata-white-chrome.jpg,3000K,CRI>90,DALI,IP43,,Chrome reflector · White (RAL 9003),3.2W,160lm,50lm/W,18°,Installation=https://karizmaluce.com/wp-content/uploads/2022/11/Dea-Amata-XS-Installation-manual.pdf;LDT=https://karizmaluce.com/wp-content/uploads/2022/05/Dea-Amata-XS-LDT.zip;Brochure=https://karizmaluce.com/wp-content/uploads/2024/10/Dea-Amata-XS.pdf
Dea Amata XS,,,,,,,,,,,,,,,,,,,Dea Amata XS 3.2W 18°,211AW94018CHF0,White,images/dea-amata/dea-amata-white-chrome.jpg,4000K,CRI>90,On/Off,IP43,,Chrome reflector · White (RAL 9003),3.2W,170lm,53lm/W,18°,Installation=https://karizmaluce.com/wp-content/uploads/2022/11/Dea-Amata-XS-Installation-manual.pdf;LDT=https://karizmaluce.com/wp-content/uploads/2022/05/Dea-Amata-XS-LDT.zip;Brochure=https://karizmaluce.com/wp-content/uploads/2024/10/Dea-Amata-XS.pdf
Dea Amata XS,,,,,,,,,,,,,,,,,,,Dea Amata XS 3.2W 18°,211AW94018CHP0,White,images/dea-amata/dea-amata-white-chrome.jpg,4000K,CRI>90,Phase Dim,IP43,,Chrome reflector · White (RAL 9003),3.2W,170lm,53lm/W,18°,Installation=https://karizmaluce.com/wp-content/uploads/2022/11/Dea-Amata-XS-Installation-manual.pdf;LDT=https://karizmaluce.com/wp-content/uploads/2022/05/Dea-Amata-XS-LDT.zip;Brochure=https://karizmaluce.com/wp-content/uploads/2024/10/Dea-Amata-XS.pdf
Dea Amata XS,,,,,,,,,,,,,,,,,,,Dea Amata XS 3.2W 18°,211AW94018CHD0,White,images/dea-amata/dea-amata-white-chrome.jpg,4000K,CRI>90,DALI,IP43,,Chrome reflector · White (RAL 9003),3.2W,170lm,53lm/W,18°,Installation=https://karizmaluce.com/wp-content/uploads/2022/11/Dea-Amata-XS-Installation-manual.pdf;LDT=https://karizmaluce.com/wp-content/uploads/2022/05/Dea-Amata-XS-LDT.zip;Brochure=https://karizmaluce.com/wp-content/uploads/2024/10/Dea-Amata-XS.pdf
Dea Amata XS,,,,,,,,,,,,,,,,,,,Dea Amata XS 3.2W 18°,211AW92718BMF0,White,images/dea-amata/dea-amata-white-black-matt.jpg,2700K,CRI>90,On/Off,IP43,,Black Matt reflector · White (RAL 9003),3.2W,150lm,47lm/W,18°,Installation=https://karizmaluce.com/wp-content/uploads/2022/11/Dea-Amata-XS-Installation-manual.pdf;LDT=https://karizmaluce.com/wp-content/uploads/2022/05/Dea-Amata-XS-LDT.zip;Brochure=https://karizmaluce.com/wp-content/uploads/2024/10/Dea-Amata-XS.pdf
Dea Amata XS,,,,,,,,,,,,,,,,,,,Dea Amata XS 3.2W 18°,211AW92718BMP0,White,images/dea-amata/dea-amata-white-black-matt.jpg,2700K,CRI>90,Phase Dim,IP43,,Black Matt reflector · White (RAL 9003),3.2W,150lm,47lm/W,18°,Installation=https://karizmaluce.com/wp-content/uploads/2022/11/Dea-Amata-XS-Installation-manual.pdf;LDT=https://karizmaluce.com/wp-content/uploads/2022/05/Dea-Amata-XS-LDT.zip;Brochure=https://karizmaluce.com/wp-content/uploads/2024/10/Dea-Amata-XS.pdf
Dea Amata XS,,,,,,,,,,,,,,,,,,,Dea Amata XS 3.2W 18°,211AW92718BMD0,White,images/dea-amata/dea-amata-white-black-matt.jpg,2700K,CRI>90,DALI,IP43,,Black Matt reflector · White (RAL 9003),3.2W,150lm,47lm/W,18°,Installation=https://karizmaluce.com/wp-content/uploads/2022/11/Dea-Amata-XS-Installation-manual.pdf;LDT=https://karizmaluce.com/wp-content/uploads/2022/05/Dea-Amata-XS-LDT.zip;Brochure=https://karizmaluce.com/wp-content/uploads/2024/10/Dea-Amata-XS.pdf
Dea Amata XS,,,,,,,,,,,,,,,,,,,Dea Amata XS 3.2W 18°,211AW93018BMF0,White,images/dea-amata/dea-amata-white-black-matt.jpg,3000K,CRI>90,On/Off,IP43,,Black Matt reflector · White (RAL 9003),3.2W,160lm,50lm/W,18°,Installation=https://karizmaluce.com/wp-content/uploads/2022/11/Dea-Amata-XS-Installation-manual.pdf;LDT=https://karizmaluce.com/wp-content/uploads/2022/05/Dea-Amata-XS-LDT.zip;Brochure=https://karizmaluce.com/wp-content/uploads/2024/10/Dea-Amata-XS.pdf
Dea Amata XS,,,,,,,,,,,,,,,,,,,Dea Amata XS 3.2W 18°,211AW93018BMP0,White,images/dea-amata/dea-amata-white-black-matt.jpg,3000K,CRI>90,Phase Dim,IP43,,Black Matt reflector · White (RAL 9003),3.2W,160lm,50lm/W,18°,Installation=https://karizmaluce.com/wp-content/uploads/2022/11/Dea-Amata-XS-Installation-manual.pdf;LDT=https://karizmaluce.com/wp-content/uploads/2022/05/Dea-Amata-XS-LDT.zip;Brochure=https://karizmaluce.com/wp-content/uploads/2024/10/Dea-Amata-XS.pdf
Dea Amata XS,,,,,,,,,,,,,,,,,,,Dea Amata XS 3.2W 18°,211AW93018BMD0,White,images/dea-amata/dea-amata-white-black-matt.jpg,3000K,CRI>90,DALI,IP43,,Black Matt reflector · White (RAL 9003),3.2W,160lm,50lm/W,18°,Installation=https://karizmaluce.com/wp-content/uploads/2022/11/Dea-Amata-XS-Installation-manual.pdf;LDT=https://karizmaluce.com/wp-content/uploads/2022/05/Dea-Amata-XS-LDT.zip;Brochure=https://karizmaluce.com/wp-content/uploads/2024/10/Dea-Amata-XS.pdf
Dea Amata XS,,,,,,,,,,,,,,,,,,,Dea Amata XS 3.2W 18°,211AW94018BMF0,White,images/dea-amata/dea-amata-white-black-matt.jpg,4000K,CRI>90,On/Off,IP43,,Black Matt reflector · White (RAL 9003),3.2W,170lm,53lm/W,18°,Installation=https://karizmaluce.com/wp-content/uploads/2022/11/Dea-Amata-XS-Installation-manual.pdf;LDT=https://karizmaluce.com/wp-content/uploads/2022/05/Dea-Amata-XS-LDT.zip;Brochure=https://karizmaluce.com/wp-content/uploads/2024/10/Dea-Amata-XS.pdf
Dea Amata XS,,,,,,,,,,,,,,,,,,,Dea Amata XS 3.2W 18°,211AW94018BMP0,White,images/dea-amata/dea-amata-white-black-matt.jpg,4000K,CRI>90,Phase Dim,IP43,,Black Matt reflector · White (RAL 9003),3.2W,170lm,53lm/W,18°,Installation=https://karizmaluce.com/wp-content/uploads/2022/11/Dea-Amata-XS-Installation-manual.pdf;LDT=https://karizmaluce.com/wp-content/uploads/2022/05/Dea-Amata-XS-LDT.zip;Brochure=https://karizmaluce.com/wp-content/uploads/2024/10/Dea-Amata-XS.pdf
Dea Amata XS,,,,,,,,,,,,,,,,,,,Dea Amata XS 3.2W 18°,211AW94018BMD0,White,images/dea-amata/dea-amata-white-black-matt.jpg,4000K,CRI>90,DALI,IP43,,Black Matt reflector · White (RAL 9003),3.2W,170lm,53lm/W,18°,Installation=https://karizmaluce.com/wp-content/uploads/2022/11/Dea-Amata-XS-Installation-manual.pdf;LDT=https://karizmaluce.com/wp-content/uploads/2022/05/Dea-Amata-XS-LDT.zip;Brochure=https://karizmaluce.com/wp-content/uploads/2024/10/Dea-Amata-XS.pdf
Dea Amata XS,,,,,,,,,,,,,,,,,,,Dea Amata XS 3.2W 18°,211AW92718COF0,White,images/dea-amata/dea-amata-white-copper.jpg,2700K,CRI>90,On/Off,IP43,,Copper reflector · White (RAL 9003),3.2W,150lm,47lm/W,18°,Installation=https://karizmaluce.com/wp-content/uploads/2022/11/Dea-Amata-XS-Installation-manual.pdf;LDT=https://karizmaluce.com/wp-content/uploads/2022/05/Dea-Amata-XS-LDT.zip;Brochure=https://karizmaluce.com/wp-content/uploads/2024/10/Dea-Amata-XS.pdf
Dea Amata XS,,,,,,,,,,,,,,,,,,,Dea Amata XS 3.2W 18°,211AW92718COP0,White,images/dea-amata/dea-amata-white-copper.jpg,2700K,CRI>90,Phase Dim,IP43,,Copper reflector · White (RAL 9003),3.2W,150lm,47lm/W,18°,Installation=https://karizmaluce.com/wp-content/uploads/2022/11/Dea-Amata-XS-Installation-manual.pdf;LDT=https://karizmaluce.com/wp-content/uploads/2022/05/Dea-Amata-XS-LDT.zip;Brochure=https://karizmaluce.com/wp-content/uploads/2024/10/Dea-Amata-XS.pdf
Dea Amata XS,,,,,,,,,,,,,,,,,,,Dea Amata XS 3.2W 18°,211AW92718COD0,White,images/dea-amata/dea-amata-white-copper.jpg,2700K,CRI>90,DALI,IP43,,Copper reflector · White (RAL 9003),3.2W,150lm,47lm/W,18°,Installation=https://karizmaluce.com/wp-content/uploads/2022/11/Dea-Amata-XS-Installation-manual.pdf;LDT=https://karizmaluce.com/wp-content/uploads/2022/05/Dea-Amata-XS-LDT.zip;Brochure=https://karizmaluce.com/wp-content/uploads/2024/10/Dea-Amata-XS.pdf
Dea Amata XS,,,,,,,,,,,,,,,,,,,Dea Amata XS 3.2W 18°,211AW93018COF0,White,images/dea-amata/dea-amata-white-copper.jpg,3000K,CRI>90,On/Off,IP43,,Copper reflector · White (RAL 9003),3.2W,160lm,50lm/W,18°,Installation=https://karizmaluce.com/wp-content/uploads/2022/11/Dea-Amata-XS-Installation-manual.pdf;LDT=https://karizmaluce.com/wp-content/uploads/2022/05/Dea-Amata-XS-LDT.zip;Brochure=https://karizmaluce.com/wp-content/uploads/2024/10/Dea-Amata-XS.pdf
Dea Amata XS,,,,,,,,,,,,,,,,,,,Dea Amata XS 3.2W 18°,211AW93018COP0,White,images/dea-amata/dea-amata-white-copper.jpg,3000K,CRI>90,Phase Dim,IP43,,Copper reflector · White (RAL 9003),3.2W,160lm,50lm/W,18°,Installation=https://karizmaluce.com/wp-content/uploads/2022/11/Dea-Amata-XS-Installation-manual.pdf;LDT=https://karizmaluce.com/wp-content/uploads/2022/05/Dea-Amata-XS-LDT.zip;Brochure=https://karizmaluce.com/wp-content/uploads/2024/10/Dea-Amata-XS.pdf
Dea Amata XS,,,,,,,,,,,,,,,,,,,Dea Amata XS 3.2W 18°,211AW93018COD0,White,images/dea-amata/dea-amata-white-copper.jpg,3000K,CRI>90,DALI,IP43,,Copper reflector · White (RAL 9003),3.2W,160lm,50lm/W,18°,Installation=https://karizmaluce.com/wp-content/uploads/2022/11/Dea-Amata-XS-Installation-manual.pdf;LDT=https://karizmaluce.com/wp-content/uploads/2022/05/Dea-Amata-XS-LDT.zip;Brochure=https://karizmaluce.com/wp-content/uploads/2024/10/Dea-Amata-XS.pdf
Dea Amata XS,,,,,,,,,,,,,,,,,,,Dea Amata XS 3.2W 18°,211AW94018COF0,White,images/dea-amata/dea-amata-white-copper.jpg,4000K,CRI>90,On/Off,IP43,,Copper reflector · White (RAL 9003),3.2W,170lm,53lm/W,18°,Installation=https://karizmaluce.com/wp-content/uploads/2022/11/Dea-Amata-XS-Installation-manual.pdf;LDT=https://karizmaluce.com/wp-content/uploads/2022/05/Dea-Amata-XS-LDT.zip;Brochure=https://karizmaluce.com/wp-content/uploads/2024/10/Dea-Amata-XS.pdf
Dea Amata XS,,,,,,,,,,,,,,,,,,,Dea Amata XS 3.2W 18°,211AW94018COP0,White,images/dea-amata/dea-amata-white-copper.jpg,4000K,CRI>90,Phase Dim,IP43,,Copper reflector · White (RAL 9003),3.2W,170lm,53lm/W,18°,Installation=https://karizmaluce.com/wp-content/uploads/2022/11/Dea-Amata-XS-Installation-manual.pdf;LDT=https://karizmaluce.com/wp-content/uploads/2022/05/Dea-Amata-XS-LDT.zip;Brochure=https://karizmaluce.com/wp-content/uploads/2024/10/Dea-Amata-XS.pdf
Dea Amata XS,,,,,,,,,,,,,,,,,,,Dea Amata XS 3.2W 18°,211AW94018COD0,White,images/dea-amata/dea-amata-white-copper.jpg,4000K,CRI>90,DALI,IP43,,Copper reflector · White (RAL 9003),3.2W,170lm,53lm/W,18°,Installation=https://karizmaluce.com/wp-content/uploads/2022/11/Dea-Amata-XS-Installation-manual.pdf;LDT=https://karizmaluce.com/wp-content/uploads/2022/05/Dea-Amata-XS-LDT.zip;Brochure=https://karizmaluce.com/wp-content/uploads/2024/10/Dea-Amata-XS.pdf
Dea Amata S,Karizma Luce,Interior,Recessed Downlight,"A compact, low-glare downlight for refined interiors.","Dea Amata S is a compact fixed downlight for a Ø60mm cut-out, with the light source set deep in the reflector for low glare and visual comfort. Made for hotel rooms, villas, apartments and restaurants where the ceiling should stay calm. Seven reflector finishes in a black or white trim.","Recessed fixed downlight with deep-set LED. Die-cast aluminium housing in black or white. Reflectors: Gold | Silver High Gloss | White | Black High Gloss | Chrome | Black Matt | Copper. Cut-out Ø60mm. CRI 90. 3-step MacAdam. Lifetime 50,000h. Class II. Replaceable LED and driver.",2700K | 3000K | 4000K | Warm Dim | Tuneable White,CRI>90,On/Off | Phase Dim | DALI,IP54,Black | White,recessed-round,,images/dea-amata/dea-amata-s-thumb.jpg;images/dea-amata/dea-amata-dimensions-s.png,,,images/dea-amata/dea-amata-dimensions-s.png,Ø65 × 71mm · cut-out Ø60mm,Dea Amata S 10W 40°,212CB183040GOP0,Black,images/dea-amata/dea-amata-black-gold.jpg,Warm Dim,CRI>90,Phase Dim,IP54,,Gold reflector · Black (RAL 9005) · 1800–3000K dim to warm,10W,570lm,57lm/W,40°,Installation=https://karizmaluce.com/wp-content/uploads/2022/12/Dea-Amata-S-Installation-manual.pdf;LDT=https://karizmaluce.com/wp-content/uploads/2026/03/Dea-Amata-S-LDT.zip;Brochure=https://karizmaluce.com/wp-content/uploads/2024/10/Dea-Amata-S.pdf
Dea Amata S,,,,,,,,,,,,,,,,,,,Dea Amata S 10W 40°,212CB183040GOD0,Black,images/dea-amata/dea-amata-black-gold.jpg,Warm Dim,CRI>90,DALI,IP54,,Gold reflector · Black (RAL 9005) · 1800–3000K dim to warm,10W,570lm,57lm/W,40°,Installation=https://karizmaluce.com/wp-content/uploads/2022/12/Dea-Amata-S-Installation-manual.pdf;LDT=https://karizmaluce.com/wp-content/uploads/2026/03/Dea-Amata-S-LDT.zip;Brochure=https://karizmaluce.com/wp-content/uploads/2024/10/Dea-Amata-S.pdf
Dea Amata S,,,,,,,,,,,,,,,,,,,Dea Amata S 10W 40°,212CB9276540GOD0,Black,images/dea-amata/dea-amata-black-gold.jpg,Tuneable White,CRI>90,DALI,IP54,,Gold reflector · Black (RAL 9005) · 2700–6500K tuneable white,10W,570lm,57lm/W,40°,Installation=https://karizmaluce.com/wp-content/uploads/2022/12/Dea-Amata-S-Installation-manual.pdf;LDT=https://karizmaluce.com/wp-content/uploads/2026/03/Dea-Amata-S-LDT.zip;Brochure=https://karizmaluce.com/wp-content/uploads/2024/10/Dea-Amata-S.pdf
Dea Amata S,,,,,,,,,,,,,,,,,,,Dea Amata S 10W 55°,212CB92755GOF0,Black,images/dea-amata/dea-amata-black-gold.jpg,2700K,CRI>90,On/Off,IP54,,Gold reflector · Black (RAL 9005),10W,600lm,60lm/W,55°,Installation=https://karizmaluce.com/wp-content/uploads/2022/12/Dea-Amata-S-Installation-manual.pdf;LDT=https://karizmaluce.com/wp-content/uploads/2026/03/Dea-Amata-S-LDT.zip;Brochure=https://karizmaluce.com/wp-content/uploads/2024/10/Dea-Amata-S.pdf
Dea Amata S,,,,,,,,,,,,,,,,,,,Dea Amata S 10W 55°,212CB92755GOP0,Black,images/dea-amata/dea-amata-black-gold.jpg,2700K,CRI>90,Phase Dim,IP54,,Gold reflector · Black (RAL 9005),10W,600lm,60lm/W,55°,Installation=https://karizmaluce.com/wp-content/uploads/2022/12/Dea-Amata-S-Installation-manual.pdf;LDT=https://karizmaluce.com/wp-content/uploads/2026/03/Dea-Amata-S-LDT.zip;Brochure=https://karizmaluce.com/wp-content/uploads/2024/10/Dea-Amata-S.pdf
Dea Amata S,,,,,,,,,,,,,,,,,,,Dea Amata S 10W 55°,212CB92755GOD0,Black,images/dea-amata/dea-amata-black-gold.jpg,2700K,CRI>90,DALI,IP54,,Gold reflector · Black (RAL 9005),10W,600lm,60lm/W,55°,Installation=https://karizmaluce.com/wp-content/uploads/2022/12/Dea-Amata-S-Installation-manual.pdf;LDT=https://karizmaluce.com/wp-content/uploads/2026/03/Dea-Amata-S-LDT.zip;Brochure=https://karizmaluce.com/wp-content/uploads/2024/10/Dea-Amata-S.pdf
Dea Amata S,,,,,,,,,,,,,,,,,,,Dea Amata S 10W 55°,212CB93055GOF0,Black,images/dea-amata/dea-amata-black-gold.jpg,3000K,CRI>90,On/Off,IP54,,Gold reflector · Black (RAL 9005),10W,640lm,64lm/W,55°,Installation=https://karizmaluce.com/wp-content/uploads/2022/12/Dea-Amata-S-Installation-manual.pdf;LDT=https://karizmaluce.com/wp-content/uploads/2026/03/Dea-Amata-S-LDT.zip;Brochure=https://karizmaluce.com/wp-content/uploads/2024/10/Dea-Amata-S.pdf
Dea Amata S,,,,,,,,,,,,,,,,,,,Dea Amata S 10W 55°,212CB93055GOP0,Black,images/dea-amata/dea-amata-black-gold.jpg,3000K,CRI>90,Phase Dim,IP54,,Gold reflector · Black (RAL 9005),10W,640lm,64lm/W,55°,Installation=https://karizmaluce.com/wp-content/uploads/2022/12/Dea-Amata-S-Installation-manual.pdf;LDT=https://karizmaluce.com/wp-content/uploads/2026/03/Dea-Amata-S-LDT.zip;Brochure=https://karizmaluce.com/wp-content/uploads/2024/10/Dea-Amata-S.pdf
Dea Amata S,,,,,,,,,,,,,,,,,,,Dea Amata S 10W 55°,212CB93055GOD0,Black,images/dea-amata/dea-amata-black-gold.jpg,3000K,CRI>90,DALI,IP54,,Gold reflector · Black (RAL 9005),10W,640lm,64lm/W,55°,Installation=https://karizmaluce.com/wp-content/uploads/2022/12/Dea-Amata-S-Installation-manual.pdf;LDT=https://karizmaluce.com/wp-content/uploads/2026/03/Dea-Amata-S-LDT.zip;Brochure=https://karizmaluce.com/wp-content/uploads/2024/10/Dea-Amata-S.pdf
Dea Amata S,,,,,,,,,,,,,,,,,,,Dea Amata S 10W 55°,212CB94055GOF0,Black,images/dea-amata/dea-amata-black-gold.jpg,4000K,CRI>90,On/Off,IP54,,Gold reflector · Black (RAL 9005),10W,700lm,70lm/W,55°,Installation=https://karizmaluce.com/wp-content/uploads/2022/12/Dea-Amata-S-Installation-manual.pdf;LDT=https://karizmaluce.com/wp-content/uploads/2026/03/Dea-Amata-S-LDT.zip;Brochure=https://karizmaluce.com/wp-content/uploads/2024/10/Dea-Amata-S.pdf
Dea Amata S,,,,,,,,,,,,,,,,,,,Dea Amata S 10W 55°,212CB94055GOP0,Black,images/dea-amata/dea-amata-black-gold.jpg,4000K,CRI>90,Phase Dim,IP54,,Gold reflector · Black (RAL 9005),10W,700lm,70lm/W,55°,Installation=https://karizmaluce.com/wp-content/uploads/2022/12/Dea-Amata-S-Installation-manual.pdf;LDT=https://karizmaluce.com/wp-content/uploads/2026/03/Dea-Amata-S-LDT.zip;Brochure=https://karizmaluce.com/wp-content/uploads/2024/10/Dea-Amata-S.pdf
Dea Amata S,,,,,,,,,,,,,,,,,,,Dea Amata S 10W 55°,212CB94055GOD0,Black,images/dea-amata/dea-amata-black-gold.jpg,4000K,CRI>90,DALI,IP54,,Gold reflector · Black (RAL 9005),10W,700lm,70lm/W,55°,Installation=https://karizmaluce.com/wp-content/uploads/2022/12/Dea-Amata-S-Installation-manual.pdf;LDT=https://karizmaluce.com/wp-content/uploads/2026/03/Dea-Amata-S-LDT.zip;Brochure=https://karizmaluce.com/wp-content/uploads/2024/10/Dea-Amata-S.pdf
Dea Amata S,,,,,,,,,,,,,,,,,,,Dea Amata S 10W 40°,212CB183040SGP0,Black,images/dea-amata/dea-amata-black-silver-high-gloss.jpg,Warm Dim,CRI>90,Phase Dim,IP54,,Silver High Gloss reflector · Black (RAL 9005) · 1800–3000K dim to warm,10W,570lm,57lm/W,40°,Installation=https://karizmaluce.com/wp-content/uploads/2022/12/Dea-Amata-S-Installation-manual.pdf;LDT=https://karizmaluce.com/wp-content/uploads/2026/03/Dea-Amata-S-LDT.zip;Brochure=https://karizmaluce.com/wp-content/uploads/2024/10/Dea-Amata-S.pdf
Dea Amata S,,,,,,,,,,,,,,,,,,,Dea Amata S 10W 40°,212CB183040SGD0,Black,images/dea-amata/dea-amata-black-silver-high-gloss.jpg,Warm Dim,CRI>90,DALI,IP54,,Silver High Gloss reflector · Black (RAL 9005) · 1800–3000K dim to warm,10W,570lm,57lm/W,40°,Installation=https://karizmaluce.com/wp-content/uploads/2022/12/Dea-Amata-S-Installation-manual.pdf;LDT=https://karizmaluce.com/wp-content/uploads/2026/03/Dea-Amata-S-LDT.zip;Brochure=https://karizmaluce.com/wp-content/uploads/2024/10/Dea-Amata-S.pdf
Dea Amata S,,,,,,,,,,,,,,,,,,,Dea Amata S 10W 40°,212CB9276540SGD0,Black,images/dea-amata/dea-amata-black-silver-high-gloss.jpg,Tuneable White,CRI>90,DALI,IP54,,Silver High Gloss reflector · Black (RAL 9005) · 2700–6500K tuneable white,10W,570lm,57lm/W,40°,Installation=https://karizmaluce.com/wp-content/uploads/2022/12/Dea-Amata-S-Installation-manual.pdf;LDT=https://karizmaluce.com/wp-content/uploads/2026/03/Dea-Amata-S-LDT.zip;Brochure=https://karizmaluce.com/wp-content/uploads/2024/10/Dea-Amata-S.pdf
Dea Amata S,,,,,,,,,,,,,,,,,,,Dea Amata S 10W 60°,212CB92760SGF0,Black,images/dea-amata/dea-amata-black-silver-high-gloss.jpg,2700K,CRI>90,On/Off,IP54,,Silver High Gloss reflector · Black (RAL 9005),10W,630lm,63lm/W,60°,Installation=https://karizmaluce.com/wp-content/uploads/2022/12/Dea-Amata-S-Installation-manual.pdf;LDT=https://karizmaluce.com/wp-content/uploads/2026/03/Dea-Amata-S-LDT.zip;Brochure=https://karizmaluce.com/wp-content/uploads/2024/10/Dea-Amata-S.pdf
Dea Amata S,,,,,,,,,,,,,,,,,,,Dea Amata S 10W 60°,212CB92760SGP0,Black,images/dea-amata/dea-amata-black-silver-high-gloss.jpg,2700K,CRI>90,Phase Dim,IP54,,Silver High Gloss reflector · Black (RAL 9005),10W,630lm,63lm/W,60°,Installation=https://karizmaluce.com/wp-content/uploads/2022/12/Dea-Amata-S-Installation-manual.pdf;LDT=https://karizmaluce.com/wp-content/uploads/2026/03/Dea-Amata-S-LDT.zip;Brochure=https://karizmaluce.com/wp-content/uploads/2024/10/Dea-Amata-S.pdf
Dea Amata S,,,,,,,,,,,,,,,,,,,Dea Amata S 10W 60°,212CB92760SGD0,Black,images/dea-amata/dea-amata-black-silver-high-gloss.jpg,2700K,CRI>90,DALI,IP54,,Silver High Gloss reflector · Black (RAL 9005),10W,630lm,63lm/W,60°,Installation=https://karizmaluce.com/wp-content/uploads/2022/12/Dea-Amata-S-Installation-manual.pdf;LDT=https://karizmaluce.com/wp-content/uploads/2026/03/Dea-Amata-S-LDT.zip;Brochure=https://karizmaluce.com/wp-content/uploads/2024/10/Dea-Amata-S.pdf
Dea Amata S,,,,,,,,,,,,,,,,,,,Dea Amata S 10W 60°,212CB93060SGF0,Black,images/dea-amata/dea-amata-black-silver-high-gloss.jpg,3000K,CRI>90,On/Off,IP54,,Silver High Gloss reflector · Black (RAL 9005),10W,670lm,67lm/W,60°,Installation=https://karizmaluce.com/wp-content/uploads/2022/12/Dea-Amata-S-Installation-manual.pdf;LDT=https://karizmaluce.com/wp-content/uploads/2026/03/Dea-Amata-S-LDT.zip;Brochure=https://karizmaluce.com/wp-content/uploads/2024/10/Dea-Amata-S.pdf
Dea Amata S,,,,,,,,,,,,,,,,,,,Dea Amata S 10W 60°,212CB93060SGP0,Black,images/dea-amata/dea-amata-black-silver-high-gloss.jpg,3000K,CRI>90,Phase Dim,IP54,,Silver High Gloss reflector · Black (RAL 9005),10W,670lm,67lm/W,60°,Installation=https://karizmaluce.com/wp-content/uploads/2022/12/Dea-Amata-S-Installation-manual.pdf;LDT=https://karizmaluce.com/wp-content/uploads/2026/03/Dea-Amata-S-LDT.zip;Brochure=https://karizmaluce.com/wp-content/uploads/2024/10/Dea-Amata-S.pdf
Dea Amata S,,,,,,,,,,,,,,,,,,,Dea Amata S 10W 60°,212CB93060SGD0,Black,images/dea-amata/dea-amata-black-silver-high-gloss.jpg,3000K,CRI>90,DALI,IP54,,Silver High Gloss reflector · Black (RAL 9005),10W,670lm,67lm/W,60°,Installation=https://karizmaluce.com/wp-content/uploads/2022/12/Dea-Amata-S-Installation-manual.pdf;LDT=https://karizmaluce.com/wp-content/uploads/2026/03/Dea-Amata-S-LDT.zip;Brochure=https://karizmaluce.com/wp-content/uploads/2024/10/Dea-Amata-S.pdf
Dea Amata S,,,,,,,,,,,,,,,,,,,Dea Amata S 10W 60°,212CB94060SGF0,Black,images/dea-amata/dea-amata-black-silver-high-gloss.jpg,4000K,CRI>90,On/Off,IP54,,Silver High Gloss reflector · Black (RAL 9005),10W,730lm,73lm/W,60°,Installation=https://karizmaluce.com/wp-content/uploads/2022/12/Dea-Amata-S-Installation-manual.pdf;LDT=https://karizmaluce.com/wp-content/uploads/2026/03/Dea-Amata-S-LDT.zip;Brochure=https://karizmaluce.com/wp-content/uploads/2024/10/Dea-Amata-S.pdf
Dea Amata S,,,,,,,,,,,,,,,,,,,Dea Amata S 10W 60°,212CB94060SGP0,Black,images/dea-amata/dea-amata-black-silver-high-gloss.jpg,4000K,CRI>90,Phase Dim,IP54,,Silver High Gloss reflector · Black (RAL 9005),10W,730lm,73lm/W,60°,Installation=https://karizmaluce.com/wp-content/uploads/2022/12/Dea-Amata-S-Installation-manual.pdf;LDT=https://karizmaluce.com/wp-content/uploads/2026/03/Dea-Amata-S-LDT.zip;Brochure=https://karizmaluce.com/wp-content/uploads/2024/10/Dea-Amata-S.pdf
Dea Amata S,,,,,,,,,,,,,,,,,,,Dea Amata S 10W 60°,212CB94060SGD0,Black,images/dea-amata/dea-amata-black-silver-high-gloss.jpg,4000K,CRI>90,DALI,IP54,,Silver High Gloss reflector · Black (RAL 9005),10W,730lm,73lm/W,60°,Installation=https://karizmaluce.com/wp-content/uploads/2022/12/Dea-Amata-S-Installation-manual.pdf;LDT=https://karizmaluce.com/wp-content/uploads/2026/03/Dea-Amata-S-LDT.zip;Brochure=https://karizmaluce.com/wp-content/uploads/2024/10/Dea-Amata-S.pdf
Dea Amata S,,,,,,,,,,,,,,,,,,,Dea Amata S 10W 40°,212CB183040WHP0,Black,images/dea-amata/dea-amata-black-white.jpg,Warm Dim,CRI>90,Phase Dim,IP54,,White reflector · Black (RAL 9005) · 1800–3000K dim to warm,10W,570lm,57lm/W,40°,Installation=https://karizmaluce.com/wp-content/uploads/2022/12/Dea-Amata-S-Installation-manual.pdf;LDT=https://karizmaluce.com/wp-content/uploads/2026/03/Dea-Amata-S-LDT.zip;Brochure=https://karizmaluce.com/wp-content/uploads/2024/10/Dea-Amata-S.pdf
Dea Amata S,,,,,,,,,,,,,,,,,,,Dea Amata S 10W 40°,212CB183040WHD0,Black,images/dea-amata/dea-amata-black-white.jpg,Warm Dim,CRI>90,DALI,IP54,,White reflector · Black (RAL 9005) · 1800–3000K dim to warm,10W,570lm,57lm/W,40°,Installation=https://karizmaluce.com/wp-content/uploads/2022/12/Dea-Amata-S-Installation-manual.pdf;LDT=https://karizmaluce.com/wp-content/uploads/2026/03/Dea-Amata-S-LDT.zip;Brochure=https://karizmaluce.com/wp-content/uploads/2024/10/Dea-Amata-S.pdf
Dea Amata S,,,,,,,,,,,,,,,,,,,Dea Amata S 10W 40°,212CB9276540WHD0,Black,images/dea-amata/dea-amata-black-white.jpg,Tuneable White,CRI>90,DALI,IP54,,White reflector · Black (RAL 9005) · 2700–6500K tuneable white,10W,570lm,57lm/W,40°,Installation=https://karizmaluce.com/wp-content/uploads/2022/12/Dea-Amata-S-Installation-manual.pdf;LDT=https://karizmaluce.com/wp-content/uploads/2026/03/Dea-Amata-S-LDT.zip;Brochure=https://karizmaluce.com/wp-content/uploads/2024/10/Dea-Amata-S.pdf
Dea Amata S,,,,,,,,,,,,,,,,,,,Dea Amata S 10W 60°,212CB92760WHF0,Black,images/dea-amata/dea-amata-black-white.jpg,2700K,CRI>90,On/Off,IP54,,White reflector · Black (RAL 9005),10W,620lm,62lm/W,60°,Installation=https://karizmaluce.com/wp-content/uploads/2022/12/Dea-Amata-S-Installation-manual.pdf;LDT=https://karizmaluce.com/wp-content/uploads/2026/03/Dea-Amata-S-LDT.zip;Brochure=https://karizmaluce.com/wp-content/uploads/2024/10/Dea-Amata-S.pdf
Dea Amata S,,,,,,,,,,,,,,,,,,,Dea Amata S 10W 60°,212CB92760WHP0,Black,images/dea-amata/dea-amata-black-white.jpg,2700K,CRI>90,Phase Dim,IP54,,White reflector · Black (RAL 9005),10W,620lm,62lm/W,60°,Installation=https://karizmaluce.com/wp-content/uploads/2022/12/Dea-Amata-S-Installation-manual.pdf;LDT=https://karizmaluce.com/wp-content/uploads/2026/03/Dea-Amata-S-LDT.zip;Brochure=https://karizmaluce.com/wp-content/uploads/2024/10/Dea-Amata-S.pdf
Dea Amata S,,,,,,,,,,,,,,,,,,,Dea Amata S 10W 60°,212CB92760WHD0,Black,images/dea-amata/dea-amata-black-white.jpg,2700K,CRI>90,DALI,IP54,,White reflector · Black (RAL 9005),10W,620lm,62lm/W,60°,Installation=https://karizmaluce.com/wp-content/uploads/2022/12/Dea-Amata-S-Installation-manual.pdf;LDT=https://karizmaluce.com/wp-content/uploads/2026/03/Dea-Amata-S-LDT.zip;Brochure=https://karizmaluce.com/wp-content/uploads/2024/10/Dea-Amata-S.pdf
Dea Amata S,,,,,,,,,,,,,,,,,,,Dea Amata S 10W 60°,212CB93060WHF0,Black,images/dea-amata/dea-amata-black-white.jpg,3000K,CRI>90,On/Off,IP54,,White reflector · Black (RAL 9005),10W,650lm,65lm/W,60°,Installation=https://karizmaluce.com/wp-content/uploads/2022/12/Dea-Amata-S-Installation-manual.pdf;LDT=https://karizmaluce.com/wp-content/uploads/2026/03/Dea-Amata-S-LDT.zip;Brochure=https://karizmaluce.com/wp-content/uploads/2024/10/Dea-Amata-S.pdf
Dea Amata S,,,,,,,,,,,,,,,,,,,Dea Amata S 10W 60°,212CB93060WHP0,Black,images/dea-amata/dea-amata-black-white.jpg,3000K,CRI>90,Phase Dim,IP54,,White reflector · Black (RAL 9005),10W,650lm,65lm/W,60°,Installation=https://karizmaluce.com/wp-content/uploads/2022/12/Dea-Amata-S-Installation-manual.pdf;LDT=https://karizmaluce.com/wp-content/uploads/2026/03/Dea-Amata-S-LDT.zip;Brochure=https://karizmaluce.com/wp-content/uploads/2024/10/Dea-Amata-S.pdf
Dea Amata S,,,,,,,,,,,,,,,,,,,Dea Amata S 10W 60°,212CB93060WHD0,Black,images/dea-amata/dea-amata-black-white.jpg,3000K,CRI>90,DALI,IP54,,White reflector · Black (RAL 9005),10W,650lm,65lm/W,60°,Installation=https://karizmaluce.com/wp-content/uploads/2022/12/Dea-Amata-S-Installation-manual.pdf;LDT=https://karizmaluce.com/wp-content/uploads/2026/03/Dea-Amata-S-LDT.zip;Brochure=https://karizmaluce.com/wp-content/uploads/2024/10/Dea-Amata-S.pdf
Dea Amata S,,,,,,,,,,,,,,,,,,,Dea Amata S 10W 60°,212CB94060WHF0,Black,images/dea-amata/dea-amata-black-white.jpg,4000K,CRI>90,On/Off,IP54,,White reflector · Black (RAL 9005),10W,700lm,70lm/W,60°,Installation=https://karizmaluce.com/wp-content/uploads/2022/12/Dea-Amata-S-Installation-manual.pdf;LDT=https://karizmaluce.com/wp-content/uploads/2026/03/Dea-Amata-S-LDT.zip;Brochure=https://karizmaluce.com/wp-content/uploads/2024/10/Dea-Amata-S.pdf
Dea Amata S,,,,,,,,,,,,,,,,,,,Dea Amata S 10W 60°,212CB94060WHP0,Black,images/dea-amata/dea-amata-black-white.jpg,4000K,CRI>90,Phase Dim,IP54,,White reflector · Black (RAL 9005),10W,700lm,70lm/W,60°,Installation=https://karizmaluce.com/wp-content/uploads/2022/12/Dea-Amata-S-Installation-manual.pdf;LDT=https://karizmaluce.com/wp-content/uploads/2026/03/Dea-Amata-S-LDT.zip;Brochure=https://karizmaluce.com/wp-content/uploads/2024/10/Dea-Amata-S.pdf
Dea Amata S,,,,,,,,,,,,,,,,,,,Dea Amata S 10W 60°,212CB94060WHD0,Black,images/dea-amata/dea-amata-black-white.jpg,4000K,CRI>90,DALI,IP54,,White reflector · Black (RAL 9005),10W,700lm,70lm/W,60°,Installation=https://karizmaluce.com/wp-content/uploads/2022/12/Dea-Amata-S-Installation-manual.pdf;LDT=https://karizmaluce.com/wp-content/uploads/2026/03/Dea-Amata-S-LDT.zip;Brochure=https://karizmaluce.com/wp-content/uploads/2024/10/Dea-Amata-S.pdf
Dea Amata S,,,,,,,,,,,,,,,,,,,Dea Amata S 10W 40°,212CB183040BGP0,Black,images/dea-amata/dea-amata-black-black-high-gloss.jpg,Warm Dim,CRI>90,Phase Dim,IP54,,Black High Gloss reflector · Black (RAL 9005) · 1800–3000K dim to warm,10W,570lm,57lm/W,40°,Installation=https://karizmaluce.com/wp-content/uploads/2022/12/Dea-Amata-S-Installation-manual.pdf;LDT=https://karizmaluce.com/wp-content/uploads/2026/03/Dea-Amata-S-LDT.zip;Brochure=https://karizmaluce.com/wp-content/uploads/2024/10/Dea-Amata-S.pdf
Dea Amata S,,,,,,,,,,,,,,,,,,,Dea Amata S 10W 40°,212CB183040BGD0,Black,images/dea-amata/dea-amata-black-black-high-gloss.jpg,Warm Dim,CRI>90,DALI,IP54,,Black High Gloss reflector · Black (RAL 9005) · 1800–3000K dim to warm,10W,570lm,57lm/W,40°,Installation=https://karizmaluce.com/wp-content/uploads/2022/12/Dea-Amata-S-Installation-manual.pdf;LDT=https://karizmaluce.com/wp-content/uploads/2026/03/Dea-Amata-S-LDT.zip;Brochure=https://karizmaluce.com/wp-content/uploads/2024/10/Dea-Amata-S.pdf
Dea Amata S,,,,,,,,,,,,,,,,,,,Dea Amata S 10W 40°,212CB9276540BGD0,Black,images/dea-amata/dea-amata-black-black-high-gloss.jpg,Tuneable White,CRI>90,DALI,IP54,,Black High Gloss reflector · Black (RAL 9005) · 2700–6500K tuneable white,10W,570lm,57lm/W,40°,Installation=https://karizmaluce.com/wp-content/uploads/2022/12/Dea-Amata-S-Installation-manual.pdf;LDT=https://karizmaluce.com/wp-content/uploads/2026/03/Dea-Amata-S-LDT.zip;Brochure=https://karizmaluce.com/wp-content/uploads/2024/10/Dea-Amata-S.pdf
Dea Amata S,,,,,,,,,,,,,,,,,,,Dea Amata S 10W 60°,212CB92760BGF0,Black,images/dea-amata/dea-amata-black-black-high-gloss.jpg,2700K,CRI>90,On/Off,IP54,,Black High Gloss reflector · Black (RAL 9005),10W,600lm,60lm/W,60°,Installation=https://karizmaluce.com/wp-content/uploads/2022/12/Dea-Amata-S-Installation-manual.pdf;LDT=https://karizmaluce.com/wp-content/uploads/2026/03/Dea-Amata-S-LDT.zip;Brochure=https://karizmaluce.com/wp-content/uploads/2024/10/Dea-Amata-S.pdf
Dea Amata S,,,,,,,,,,,,,,,,,,,Dea Amata S 10W 60°,212CB92760BGP0,Black,images/dea-amata/dea-amata-black-black-high-gloss.jpg,2700K,CRI>90,Phase Dim,IP54,,Black High Gloss reflector · Black (RAL 9005),10W,600lm,60lm/W,60°,Installation=https://karizmaluce.com/wp-content/uploads/2022/12/Dea-Amata-S-Installation-manual.pdf;LDT=https://karizmaluce.com/wp-content/uploads/2026/03/Dea-Amata-S-LDT.zip;Brochure=https://karizmaluce.com/wp-content/uploads/2024/10/Dea-Amata-S.pdf
Dea Amata S,,,,,,,,,,,,,,,,,,,Dea Amata S 10W 60°,212CB92760BGD0,Black,images/dea-amata/dea-amata-black-black-high-gloss.jpg,2700K,CRI>90,DALI,IP54,,Black High Gloss reflector · Black (RAL 9005),10W,600lm,60lm/W,60°,Installation=https://karizmaluce.com/wp-content/uploads/2022/12/Dea-Amata-S-Installation-manual.pdf;LDT=https://karizmaluce.com/wp-content/uploads/2026/03/Dea-Amata-S-LDT.zip;Brochure=https://karizmaluce.com/wp-content/uploads/2024/10/Dea-Amata-S.pdf
Dea Amata S,,,,,,,,,,,,,,,,,,,Dea Amata S 10W 60°,212CB93060BGF0,Black,images/dea-amata/dea-amata-black-black-high-gloss.jpg,3000K,CRI>90,On/Off,IP54,,Black High Gloss reflector · Black (RAL 9005),10W,630lm,63lm/W,60°,Installation=https://karizmaluce.com/wp-content/uploads/2022/12/Dea-Amata-S-Installation-manual.pdf;LDT=https://karizmaluce.com/wp-content/uploads/2026/03/Dea-Amata-S-LDT.zip;Brochure=https://karizmaluce.com/wp-content/uploads/2024/10/Dea-Amata-S.pdf
Dea Amata S,,,,,,,,,,,,,,,,,,,Dea Amata S 10W 60°,212CB93060BGP0,Black,images/dea-amata/dea-amata-black-black-high-gloss.jpg,3000K,CRI>90,Phase Dim,IP54,,Black High Gloss reflector · Black (RAL 9005),10W,630lm,63lm/W,60°,Installation=https://karizmaluce.com/wp-content/uploads/2022/12/Dea-Amata-S-Installation-manual.pdf;LDT=https://karizmaluce.com/wp-content/uploads/2026/03/Dea-Amata-S-LDT.zip;Brochure=https://karizmaluce.com/wp-content/uploads/2024/10/Dea-Amata-S.pdf
Dea Amata S,,,,,,,,,,,,,,,,,,,Dea Amata S 10W 60°,212CB93060BGD0,Black,images/dea-amata/dea-amata-black-black-high-gloss.jpg,3000K,CRI>90,DALI,IP54,,Black High Gloss reflector · Black (RAL 9005),10W,630lm,63lm/W,60°,Installation=https://karizmaluce.com/wp-content/uploads/2022/12/Dea-Amata-S-Installation-manual.pdf;LDT=https://karizmaluce.com/wp-content/uploads/2026/03/Dea-Amata-S-LDT.zip;Brochure=https://karizmaluce.com/wp-content/uploads/2024/10/Dea-Amata-S.pdf
Dea Amata S,,,,,,,,,,,,,,,,,,,Dea Amata S 10W 60°,212CB94060BGF0,Black,images/dea-amata/dea-amata-black-black-high-gloss.jpg,4000K,CRI>90,On/Off,IP54,,Black High Gloss reflector · Black (RAL 9005),10W,700lm,70lm/W,60°,Installation=https://karizmaluce.com/wp-content/uploads/2022/12/Dea-Amata-S-Installation-manual.pdf;LDT=https://karizmaluce.com/wp-content/uploads/2026/03/Dea-Amata-S-LDT.zip;Brochure=https://karizmaluce.com/wp-content/uploads/2024/10/Dea-Amata-S.pdf
Dea Amata S,,,,,,,,,,,,,,,,,,,Dea Amata S 10W 60°,212CB94060BGP0,Black,images/dea-amata/dea-amata-black-black-high-gloss.jpg,4000K,CRI>90,Phase Dim,IP54,,Black High Gloss reflector · Black (RAL 9005),10W,700lm,70lm/W,60°,Installation=https://karizmaluce.com/wp-content/uploads/2022/12/Dea-Amata-S-Installation-manual.pdf;LDT=https://karizmaluce.com/wp-content/uploads/2026/03/Dea-Amata-S-LDT.zip;Brochure=https://karizmaluce.com/wp-content/uploads/2024/10/Dea-Amata-S.pdf
Dea Amata S,,,,,,,,,,,,,,,,,,,Dea Amata S 10W 60°,212CB94060BGD0,Black,images/dea-amata/dea-amata-black-black-high-gloss.jpg,4000K,CRI>90,DALI,IP54,,Black High Gloss reflector · Black (RAL 9005),10W,700lm,70lm/W,60°,Installation=https://karizmaluce.com/wp-content/uploads/2022/12/Dea-Amata-S-Installation-manual.pdf;LDT=https://karizmaluce.com/wp-content/uploads/2026/03/Dea-Amata-S-LDT.zip;Brochure=https://karizmaluce.com/wp-content/uploads/2024/10/Dea-Amata-S.pdf
Dea Amata S,,,,,,,,,,,,,,,,,,,Dea Amata S 10W 40°,212CB183040CHP0,Black,images/dea-amata/dea-amata-black-chrome.jpg,Warm Dim,CRI>90,Phase Dim,IP54,,Chrome reflector · Black (RAL 9005) · 1800–3000K dim to warm,10W,570lm,57lm/W,40°,Installation=https://karizmaluce.com/wp-content/uploads/2022/12/Dea-Amata-S-Installation-manual.pdf;LDT=https://karizmaluce.com/wp-content/uploads/2026/03/Dea-Amata-S-LDT.zip;Brochure=https://karizmaluce.com/wp-content/uploads/2024/10/Dea-Amata-S.pdf
Dea Amata S,,,,,,,,,,,,,,,,,,,Dea Amata S 10W 40°,212CB183040CHD0,Black,images/dea-amata/dea-amata-black-chrome.jpg,Warm Dim,CRI>90,DALI,IP54,,Chrome reflector · Black (RAL 9005) · 1800–3000K dim to warm,10W,570lm,57lm/W,40°,Installation=https://karizmaluce.com/wp-content/uploads/2022/12/Dea-Amata-S-Installation-manual.pdf;LDT=https://karizmaluce.com/wp-content/uploads/2026/03/Dea-Amata-S-LDT.zip;Brochure=https://karizmaluce.com/wp-content/uploads/2024/10/Dea-Amata-S.pdf
Dea Amata S,,,,,,,,,,,,,,,,,,,Dea Amata S 10W 40°,212CB9276540CHD0,Black,images/dea-amata/dea-amata-black-chrome.jpg,Tuneable White,CRI>90,DALI,IP54,,Chrome reflector · Black (RAL 9005) · 2700–6500K tuneable white,10W,570lm,57lm/W,40°,Installation=https://karizmaluce.com/wp-content/uploads/2022/12/Dea-Amata-S-Installation-manual.pdf;LDT=https://karizmaluce.com/wp-content/uploads/2026/03/Dea-Amata-S-LDT.zip;Brochure=https://karizmaluce.com/wp-content/uploads/2024/10/Dea-Amata-S.pdf
Dea Amata S,,,,,,,,,,,,,,,,,,,Dea Amata S 10W 55°,212CB92755CHF0,Black,images/dea-amata/dea-amata-black-chrome.jpg,2700K,CRI>90,On/Off,IP54,,Chrome reflector · Black (RAL 9005),10W,620lm,62lm/W,55°,Installation=https://karizmaluce.com/wp-content/uploads/2022/12/Dea-Amata-S-Installation-manual.pdf;LDT=https://karizmaluce.com/wp-content/uploads/2026/03/Dea-Amata-S-LDT.zip;Brochure=https://karizmaluce.com/wp-content/uploads/2024/10/Dea-Amata-S.pdf
Dea Amata S,,,,,,,,,,,,,,,,,,,Dea Amata S 10W 55°,212CB92755CHP0,Black,images/dea-amata/dea-amata-black-chrome.jpg,2700K,CRI>90,Phase Dim,IP54,,Chrome reflector · Black (RAL 9005),10W,620lm,62lm/W,55°,Installation=https://karizmaluce.com/wp-content/uploads/2022/12/Dea-Amata-S-Installation-manual.pdf;LDT=https://karizmaluce.com/wp-content/uploads/2026/03/Dea-Amata-S-LDT.zip;Brochure=https://karizmaluce.com/wp-content/uploads/2024/10/Dea-Amata-S.pdf
Dea Amata S,,,,,,,,,,,,,,,,,,,Dea Amata S 10W 55°,212CB92755CHD0,Black,images/dea-amata/dea-amata-black-chrome.jpg,2700K,CRI>90,DALI,IP54,,Chrome reflector · Black (RAL 9005),10W,620lm,62lm/W,55°,Installation=https://karizmaluce.com/wp-content/uploads/2022/12/Dea-Amata-S-Installation-manual.pdf;LDT=https://karizmaluce.com/wp-content/uploads/2026/03/Dea-Amata-S-LDT.zip;Brochure=https://karizmaluce.com/wp-content/uploads/2024/10/Dea-Amata-S.pdf
Dea Amata S,,,,,,,,,,,,,,,,,,,Dea Amata S 10W 55°,212CB93055CHF0,Black,images/dea-amata/dea-amata-black-chrome.jpg,3000K,CRI>90,On/Off,IP54,,Chrome reflector · Black (RAL 9005),10W,660lm,66lm/W,55°,Installation=https://karizmaluce.com/wp-content/uploads/2022/12/Dea-Amata-S-Installation-manual.pdf;LDT=https://karizmaluce.com/wp-content/uploads/2026/03/Dea-Amata-S-LDT.zip;Brochure=https://karizmaluce.com/wp-content/uploads/2024/10/Dea-Amata-S.pdf
Dea Amata S,,,,,,,,,,,,,,,,,,,Dea Amata S 10W 55°,212CB93055CHP0,Black,images/dea-amata/dea-amata-black-chrome.jpg,3000K,CRI>90,Phase Dim,IP54,,Chrome reflector · Black (RAL 9005),10W,660lm,66lm/W,55°,Installation=https://karizmaluce.com/wp-content/uploads/2022/12/Dea-Amata-S-Installation-manual.pdf;LDT=https://karizmaluce.com/wp-content/uploads/2026/03/Dea-Amata-S-LDT.zip;Brochure=https://karizmaluce.com/wp-content/uploads/2024/10/Dea-Amata-S.pdf
Dea Amata S,,,,,,,,,,,,,,,,,,,Dea Amata S 10W 55°,212CB93055CHD0,Black,images/dea-amata/dea-amata-black-chrome.jpg,3000K,CRI>90,DALI,IP54,,Chrome reflector · Black (RAL 9005),10W,660lm,66lm/W,55°,Installation=https://karizmaluce.com/wp-content/uploads/2022/12/Dea-Amata-S-Installation-manual.pdf;LDT=https://karizmaluce.com/wp-content/uploads/2026/03/Dea-Amata-S-LDT.zip;Brochure=https://karizmaluce.com/wp-content/uploads/2024/10/Dea-Amata-S.pdf
Dea Amata S,,,,,,,,,,,,,,,,,,,Dea Amata S 10W 55°,212CB94055CHF0,Black,images/dea-amata/dea-amata-black-chrome.jpg,4000K,CRI>90,On/Off,IP54,,Chrome reflector · Black (RAL 9005),10W,720lm,72lm/W,55°,Installation=https://karizmaluce.com/wp-content/uploads/2022/12/Dea-Amata-S-Installation-manual.pdf;LDT=https://karizmaluce.com/wp-content/uploads/2026/03/Dea-Amata-S-LDT.zip;Brochure=https://karizmaluce.com/wp-content/uploads/2024/10/Dea-Amata-S.pdf
Dea Amata S,,,,,,,,,,,,,,,,,,,Dea Amata S 10W 55°,212CB94055CHP0,Black,images/dea-amata/dea-amata-black-chrome.jpg,4000K,CRI>90,Phase Dim,IP54,,Chrome reflector · Black (RAL 9005),10W,720lm,72lm/W,55°,Installation=https://karizmaluce.com/wp-content/uploads/2022/12/Dea-Amata-S-Installation-manual.pdf;LDT=https://karizmaluce.com/wp-content/uploads/2026/03/Dea-Amata-S-LDT.zip;Brochure=https://karizmaluce.com/wp-content/uploads/2024/10/Dea-Amata-S.pdf
Dea Amata S,,,,,,,,,,,,,,,,,,,Dea Amata S 10W 55°,212CB94055CHD0,Black,images/dea-amata/dea-amata-black-chrome.jpg,4000K,CRI>90,DALI,IP54,,Chrome reflector · Black (RAL 9005),10W,720lm,72lm/W,55°,Installation=https://karizmaluce.com/wp-content/uploads/2022/12/Dea-Amata-S-Installation-manual.pdf;LDT=https://karizmaluce.com/wp-content/uploads/2026/03/Dea-Amata-S-LDT.zip;Brochure=https://karizmaluce.com/wp-content/uploads/2024/10/Dea-Amata-S.pdf
Dea Amata S,,,,,,,,,,,,,,,,,,,Dea Amata S 10W 40°,212CB183040BMP0,Black,images/dea-amata/dea-amata-black-black-matt.jpg,Warm Dim,CRI>90,Phase Dim,IP54,,Black Matt reflector · Black (RAL 9005) · 1800–3000K dim to warm,10W,570lm,57lm/W,40°,Installation=https://karizmaluce.com/wp-content/uploads/2022/12/Dea-Amata-S-Installation-manual.pdf;LDT=https://karizmaluce.com/wp-content/uploads/2026/03/Dea-Amata-S-LDT.zip;Brochure=https://karizmaluce.com/wp-content/uploads/2024/10/Dea-Amata-S.pdf
Dea Amata S,,,,,,,,,,,,,,,,,,,Dea Amata S 10W 40°,212CB183040BMD0,Black,images/dea-amata/dea-amata-black-black-matt.jpg,Warm Dim,CRI>90,DALI,IP54,,Black Matt reflector · Black (RAL 9005) · 1800–3000K dim to warm,10W,570lm,57lm/W,40°,Installation=https://karizmaluce.com/wp-content/uploads/2022/12/Dea-Amata-S-Installation-manual.pdf;LDT=https://karizmaluce.com/wp-content/uploads/2026/03/Dea-Amata-S-LDT.zip;Brochure=https://karizmaluce.com/wp-content/uploads/2024/10/Dea-Amata-S.pdf
Dea Amata S,,,,,,,,,,,,,,,,,,,Dea Amata S 10W 40°,212CB9276540BMD0,Black,images/dea-amata/dea-amata-black-black-matt.jpg,Tuneable White,CRI>90,DALI,IP54,,Black Matt reflector · Black (RAL 9005) · 2700–6500K tuneable white,10W,570lm,57lm/W,40°,Installation=https://karizmaluce.com/wp-content/uploads/2022/12/Dea-Amata-S-Installation-manual.pdf;LDT=https://karizmaluce.com/wp-content/uploads/2026/03/Dea-Amata-S-LDT.zip;Brochure=https://karizmaluce.com/wp-content/uploads/2024/10/Dea-Amata-S.pdf
Dea Amata S,,,,,,,,,,,,,,,,,,,Dea Amata S 10W 60°,212CB92760BMF0,Black,images/dea-amata/dea-amata-black-black-matt.jpg,2700K,CRI>90,On/Off,IP54,,Black Matt reflector · Black (RAL 9005),10W,600lm,60lm/W,60°,Installation=https://karizmaluce.com/wp-content/uploads/2022/12/Dea-Amata-S-Installation-manual.pdf;LDT=https://karizmaluce.com/wp-content/uploads/2026/03/Dea-Amata-S-LDT.zip;Brochure=https://karizmaluce.com/wp-content/uploads/2024/10/Dea-Amata-S.pdf
Dea Amata S,,,,,,,,,,,,,,,,,,,Dea Amata S 10W 60°,212CB92760BMP0,Black,images/dea-amata/dea-amata-black-black-matt.jpg,2700K,CRI>90,Phase Dim,IP54,,Black Matt reflector · Black (RAL 9005),10W,600lm,60lm/W,60°,Installation=https://karizmaluce.com/wp-content/uploads/2022/12/Dea-Amata-S-Installation-manual.pdf;LDT=https://karizmaluce.com/wp-content/uploads/2026/03/Dea-Amata-S-LDT.zip;Brochure=https://karizmaluce.com/wp-content/uploads/2024/10/Dea-Amata-S.pdf
Dea Amata S,,,,,,,,,,,,,,,,,,,Dea Amata S 10W 60°,212CB92760BMD0,Black,images/dea-amata/dea-amata-black-black-matt.jpg,2700K,CRI>90,DALI,IP54,,Black Matt reflector · Black (RAL 9005),10W,600lm,60lm/W,60°,Installation=https://karizmaluce.com/wp-content/uploads/2022/12/Dea-Amata-S-Installation-manual.pdf;LDT=https://karizmaluce.com/wp-content/uploads/2026/03/Dea-Amata-S-LDT.zip;Brochure=https://karizmaluce.com/wp-content/uploads/2024/10/Dea-Amata-S.pdf
Dea Amata S,,,,,,,,,,,,,,,,,,,Dea Amata S 10W 60°,212CB93060BMF0,Black,images/dea-amata/dea-amata-black-black-matt.jpg,3000K,CRI>90,On/Off,IP54,,Black Matt reflector · Black (RAL 9005),10W,630lm,63lm/W,60°,Installation=https://karizmaluce.com/wp-content/uploads/2022/12/Dea-Amata-S-Installation-manual.pdf;LDT=https://karizmaluce.com/wp-content/uploads/2026/03/Dea-Amata-S-LDT.zip;Brochure=https://karizmaluce.com/wp-content/uploads/2024/10/Dea-Amata-S.pdf
Dea Amata S,,,,,,,,,,,,,,,,,,,Dea Amata S 10W 60°,212CB93060BMP0,Black,images/dea-amata/dea-amata-black-black-matt.jpg,3000K,CRI>90,Phase Dim,IP54,,Black Matt reflector · Black (RAL 9005),10W,630lm,63lm/W,60°,Installation=https://karizmaluce.com/wp-content/uploads/2022/12/Dea-Amata-S-Installation-manual.pdf;LDT=https://karizmaluce.com/wp-content/uploads/2026/03/Dea-Amata-S-LDT.zip;Brochure=https://karizmaluce.com/wp-content/uploads/2024/10/Dea-Amata-S.pdf
Dea Amata S,,,,,,,,,,,,,,,,,,,Dea Amata S 10W 60°,212CB93060BMD0,Black,images/dea-amata/dea-amata-black-black-matt.jpg,3000K,CRI>90,DALI,IP54,,Black Matt reflector · Black (RAL 9005),10W,630lm,63lm/W,60°,Installation=https://karizmaluce.com/wp-content/uploads/2022/12/Dea-Amata-S-Installation-manual.pdf;LDT=https://karizmaluce.com/wp-content/uploads/2026/03/Dea-Amata-S-LDT.zip;Brochure=https://karizmaluce.com/wp-content/uploads/2024/10/Dea-Amata-S.pdf
Dea Amata S,,,,,,,,,,,,,,,,,,,Dea Amata S 10W 60°,212CB94060BMF0,Black,images/dea-amata/dea-amata-black-black-matt.jpg,4000K,CRI>90,On/Off,IP54,,Black Matt reflector · Black (RAL 9005),10W,700lm,70lm/W,60°,Installation=https://karizmaluce.com/wp-content/uploads/2022/12/Dea-Amata-S-Installation-manual.pdf;LDT=https://karizmaluce.com/wp-content/uploads/2026/03/Dea-Amata-S-LDT.zip;Brochure=https://karizmaluce.com/wp-content/uploads/2024/10/Dea-Amata-S.pdf
Dea Amata S,,,,,,,,,,,,,,,,,,,Dea Amata S 10W 60°,212CB94060BMP0,Black,images/dea-amata/dea-amata-black-black-matt.jpg,4000K,CRI>90,Phase Dim,IP54,,Black Matt reflector · Black (RAL 9005),10W,700lm,70lm/W,60°,Installation=https://karizmaluce.com/wp-content/uploads/2022/12/Dea-Amata-S-Installation-manual.pdf;LDT=https://karizmaluce.com/wp-content/uploads/2026/03/Dea-Amata-S-LDT.zip;Brochure=https://karizmaluce.com/wp-content/uploads/2024/10/Dea-Amata-S.pdf
Dea Amata S,,,,,,,,,,,,,,,,,,,Dea Amata S 10W 60°,212CB94060BMD0,Black,images/dea-amata/dea-amata-black-black-matt.jpg,4000K,CRI>90,DALI,IP54,,Black Matt reflector · Black (RAL 9005),10W,700lm,70lm/W,60°,Installation=https://karizmaluce.com/wp-content/uploads/2022/12/Dea-Amata-S-Installation-manual.pdf;LDT=https://karizmaluce.com/wp-content/uploads/2026/03/Dea-Amata-S-LDT.zip;Brochure=https://karizmaluce.com/wp-content/uploads/2024/10/Dea-Amata-S.pdf
Dea Amata S,,,,,,,,,,,,,,,,,,,Dea Amata S 10W 40°,212CB183040COP0,Black,images/dea-amata/dea-amata-black-copper.jpg,Warm Dim,CRI>90,Phase Dim,IP54,,Copper reflector · Black (RAL 9005) · 1800–3000K dim to warm,10W,570lm,57lm/W,40°,Installation=https://karizmaluce.com/wp-content/uploads/2022/12/Dea-Amata-S-Installation-manual.pdf;LDT=https://karizmaluce.com/wp-content/uploads/2026/03/Dea-Amata-S-LDT.zip;Brochure=https://karizmaluce.com/wp-content/uploads/2024/10/Dea-Amata-S.pdf
Dea Amata S,,,,,,,,,,,,,,,,,,,Dea Amata S 10W 40°,212CB183040COD0,Black,images/dea-amata/dea-amata-black-copper.jpg,Warm Dim,CRI>90,DALI,IP54,,Copper reflector · Black (RAL 9005) · 1800–3000K dim to warm,10W,570lm,57lm/W,40°,Installation=https://karizmaluce.com/wp-content/uploads/2022/12/Dea-Amata-S-Installation-manual.pdf;LDT=https://karizmaluce.com/wp-content/uploads/2026/03/Dea-Amata-S-LDT.zip;Brochure=https://karizmaluce.com/wp-content/uploads/2024/10/Dea-Amata-S.pdf
Dea Amata S,,,,,,,,,,,,,,,,,,,Dea Amata S 10W 40°,212CB9276540COD0,Black,images/dea-amata/dea-amata-black-copper.jpg,Tuneable White,CRI>90,DALI,IP54,,Copper reflector · Black (RAL 9005) · 2700–6500K tuneable white,10W,570lm,57lm/W,40°,Installation=https://karizmaluce.com/wp-content/uploads/2022/12/Dea-Amata-S-Installation-manual.pdf;LDT=https://karizmaluce.com/wp-content/uploads/2026/03/Dea-Amata-S-LDT.zip;Brochure=https://karizmaluce.com/wp-content/uploads/2024/10/Dea-Amata-S.pdf
Dea Amata S,,,,,,,,,,,,,,,,,,,Dea Amata S 10W 55°,212CB92755COF0,Black,images/dea-amata/dea-amata-black-copper.jpg,2700K,CRI>90,On/Off,IP54,,Copper reflector · Black (RAL 9005),10W,600lm,60lm/W,55°,Installation=https://karizmaluce.com/wp-content/uploads/2022/12/Dea-Amata-S-Installation-manual.pdf;LDT=https://karizmaluce.com/wp-content/uploads/2026/03/Dea-Amata-S-LDT.zip;Brochure=https://karizmaluce.com/wp-content/uploads/2024/10/Dea-Amata-S.pdf
Dea Amata S,,,,,,,,,,,,,,,,,,,Dea Amata S 10W 55°,212CB92755COP0,Black,images/dea-amata/dea-amata-black-copper.jpg,2700K,CRI>90,Phase Dim,IP54,,Copper reflector · Black (RAL 9005),10W,600lm,60lm/W,55°,Installation=https://karizmaluce.com/wp-content/uploads/2022/12/Dea-Amata-S-Installation-manual.pdf;LDT=https://karizmaluce.com/wp-content/uploads/2026/03/Dea-Amata-S-LDT.zip;Brochure=https://karizmaluce.com/wp-content/uploads/2024/10/Dea-Amata-S.pdf
Dea Amata S,,,,,,,,,,,,,,,,,,,Dea Amata S 10W 55°,212CB92755COD0,Black,images/dea-amata/dea-amata-black-copper.jpg,2700K,CRI>90,DALI,IP54,,Copper reflector · Black (RAL 9005),10W,600lm,60lm/W,55°,Installation=https://karizmaluce.com/wp-content/uploads/2022/12/Dea-Amata-S-Installation-manual.pdf;LDT=https://karizmaluce.com/wp-content/uploads/2026/03/Dea-Amata-S-LDT.zip;Brochure=https://karizmaluce.com/wp-content/uploads/2024/10/Dea-Amata-S.pdf
Dea Amata S,,,,,,,,,,,,,,,,,,,Dea Amata S 10W 55°,212CB93055COF0,Black,images/dea-amata/dea-amata-black-copper.jpg,3000K,CRI>90,On/Off,IP54,,Copper reflector · Black (RAL 9005),10W,640lm,64lm/W,55°,Installation=https://karizmaluce.com/wp-content/uploads/2022/12/Dea-Amata-S-Installation-manual.pdf;LDT=https://karizmaluce.com/wp-content/uploads/2026/03/Dea-Amata-S-LDT.zip;Brochure=https://karizmaluce.com/wp-content/uploads/2024/10/Dea-Amata-S.pdf
Dea Amata S,,,,,,,,,,,,,,,,,,,Dea Amata S 10W 55°,212CB93055COP0,Black,images/dea-amata/dea-amata-black-copper.jpg,3000K,CRI>90,Phase Dim,IP54,,Copper reflector · Black (RAL 9005),10W,640lm,64lm/W,55°,Installation=https://karizmaluce.com/wp-content/uploads/2022/12/Dea-Amata-S-Installation-manual.pdf;LDT=https://karizmaluce.com/wp-content/uploads/2026/03/Dea-Amata-S-LDT.zip;Brochure=https://karizmaluce.com/wp-content/uploads/2024/10/Dea-Amata-S.pdf
Dea Amata S,,,,,,,,,,,,,,,,,,,Dea Amata S 10W 55°,212CB93055COD0,Black,images/dea-amata/dea-amata-black-copper.jpg,3000K,CRI>90,DALI,IP54,,Copper reflector · Black (RAL 9005),10W,640lm,64lm/W,55°,Installation=https://karizmaluce.com/wp-content/uploads/2022/12/Dea-Amata-S-Installation-manual.pdf;LDT=https://karizmaluce.com/wp-content/uploads/2026/03/Dea-Amata-S-LDT.zip;Brochure=https://karizmaluce.com/wp-content/uploads/2024/10/Dea-Amata-S.pdf
Dea Amata S,,,,,,,,,,,,,,,,,,,Dea Amata S 10W 55°,212CB94055COF0,Black,images/dea-amata/dea-amata-black-copper.jpg,4000K,CRI>90,On/Off,IP54,,Copper reflector · Black (RAL 9005),10W,700lm,70lm/W,55°,Installation=https://karizmaluce.com/wp-content/uploads/2022/12/Dea-Amata-S-Installation-manual.pdf;LDT=https://karizmaluce.com/wp-content/uploads/2026/03/Dea-Amata-S-LDT.zip;Brochure=https://karizmaluce.com/wp-content/uploads/2024/10/Dea-Amata-S.pdf
Dea Amata S,,,,,,,,,,,,,,,,,,,Dea Amata S 10W 55°,212CB94055COP0,Black,images/dea-amata/dea-amata-black-copper.jpg,4000K,CRI>90,Phase Dim,IP54,,Copper reflector · Black (RAL 9005),10W,700lm,70lm/W,55°,Installation=https://karizmaluce.com/wp-content/uploads/2022/12/Dea-Amata-S-Installation-manual.pdf;LDT=https://karizmaluce.com/wp-content/uploads/2026/03/Dea-Amata-S-LDT.zip;Brochure=https://karizmaluce.com/wp-content/uploads/2024/10/Dea-Amata-S.pdf
Dea Amata S,,,,,,,,,,,,,,,,,,,Dea Amata S 10W 55°,212CB94055COD0,Black,images/dea-amata/dea-amata-black-copper.jpg,4000K,CRI>90,DALI,IP54,,Copper reflector · Black (RAL 9005),10W,700lm,70lm/W,55°,Installation=https://karizmaluce.com/wp-content/uploads/2022/12/Dea-Amata-S-Installation-manual.pdf;LDT=https://karizmaluce.com/wp-content/uploads/2026/03/Dea-Amata-S-LDT.zip;Brochure=https://karizmaluce.com/wp-content/uploads/2024/10/Dea-Amata-S.pdf
Dea Amata S,,,,,,,,,,,,,,,,,,,Dea Amata S 10W 40°,212CW183040GOP0,White,images/dea-amata/dea-amata-white-gold.jpg,Warm Dim,CRI>90,Phase Dim,IP54,,Gold reflector · White (RAL 9003) · 1800–3000K dim to warm,10W,570lm,57lm/W,40°,Installation=https://karizmaluce.com/wp-content/uploads/2022/12/Dea-Amata-S-Installation-manual.pdf;LDT=https://karizmaluce.com/wp-content/uploads/2026/03/Dea-Amata-S-LDT.zip;Brochure=https://karizmaluce.com/wp-content/uploads/2024/10/Dea-Amata-S.pdf
Dea Amata S,,,,,,,,,,,,,,,,,,,Dea Amata S 10W 40°,212CW183040GOD0,White,images/dea-amata/dea-amata-white-gold.jpg,Warm Dim,CRI>90,DALI,IP54,,Gold reflector · White (RAL 9003) · 1800–3000K dim to warm,10W,570lm,57lm/W,40°,Installation=https://karizmaluce.com/wp-content/uploads/2022/12/Dea-Amata-S-Installation-manual.pdf;LDT=https://karizmaluce.com/wp-content/uploads/2026/03/Dea-Amata-S-LDT.zip;Brochure=https://karizmaluce.com/wp-content/uploads/2024/10/Dea-Amata-S.pdf
Dea Amata S,,,,,,,,,,,,,,,,,,,Dea Amata S 10W 40°,212CW9276540GOD0,White,images/dea-amata/dea-amata-white-gold.jpg,Tuneable White,CRI>90,DALI,IP54,,Gold reflector · White (RAL 9003) · 2700–6500K tuneable white,10W,570lm,57lm/W,40°,Installation=https://karizmaluce.com/wp-content/uploads/2022/12/Dea-Amata-S-Installation-manual.pdf;LDT=https://karizmaluce.com/wp-content/uploads/2026/03/Dea-Amata-S-LDT.zip;Brochure=https://karizmaluce.com/wp-content/uploads/2024/10/Dea-Amata-S.pdf
Dea Amata S,,,,,,,,,,,,,,,,,,,Dea Amata S 10W 55°,212CW92755GOF0,White,images/dea-amata/dea-amata-white-gold.jpg,2700K,CRI>90,On/Off,IP54,,Gold reflector · White (RAL 9003),10W,600lm,60lm/W,55°,Installation=https://karizmaluce.com/wp-content/uploads/2022/12/Dea-Amata-S-Installation-manual.pdf;LDT=https://karizmaluce.com/wp-content/uploads/2026/03/Dea-Amata-S-LDT.zip;Brochure=https://karizmaluce.com/wp-content/uploads/2024/10/Dea-Amata-S.pdf
Dea Amata S,,,,,,,,,,,,,,,,,,,Dea Amata S 10W 55°,212CW92755GOP0,White,images/dea-amata/dea-amata-white-gold.jpg,2700K,CRI>90,Phase Dim,IP54,,Gold reflector · White (RAL 9003),10W,600lm,60lm/W,55°,Installation=https://karizmaluce.com/wp-content/uploads/2022/12/Dea-Amata-S-Installation-manual.pdf;LDT=https://karizmaluce.com/wp-content/uploads/2026/03/Dea-Amata-S-LDT.zip;Brochure=https://karizmaluce.com/wp-content/uploads/2024/10/Dea-Amata-S.pdf
Dea Amata S,,,,,,,,,,,,,,,,,,,Dea Amata S 10W 55°,212CW92755GOD0,White,images/dea-amata/dea-amata-white-gold.jpg,2700K,CRI>90,DALI,IP54,,Gold reflector · White (RAL 9003),10W,600lm,60lm/W,55°,Installation=https://karizmaluce.com/wp-content/uploads/2022/12/Dea-Amata-S-Installation-manual.pdf;LDT=https://karizmaluce.com/wp-content/uploads/2026/03/Dea-Amata-S-LDT.zip;Brochure=https://karizmaluce.com/wp-content/uploads/2024/10/Dea-Amata-S.pdf
Dea Amata S,,,,,,,,,,,,,,,,,,,Dea Amata S 10W 55°,212CW93055GOF0,White,images/dea-amata/dea-amata-white-gold.jpg,3000K,CRI>90,On/Off,IP54,,Gold reflector · White (RAL 9003),10W,640lm,64lm/W,55°,Installation=https://karizmaluce.com/wp-content/uploads/2022/12/Dea-Amata-S-Installation-manual.pdf;LDT=https://karizmaluce.com/wp-content/uploads/2026/03/Dea-Amata-S-LDT.zip;Brochure=https://karizmaluce.com/wp-content/uploads/2024/10/Dea-Amata-S.pdf
Dea Amata S,,,,,,,,,,,,,,,,,,,Dea Amata S 10W 55°,212CW93055GOP0,White,images/dea-amata/dea-amata-white-gold.jpg,3000K,CRI>90,Phase Dim,IP54,,Gold reflector · White (RAL 9003),10W,640lm,64lm/W,55°,Installation=https://karizmaluce.com/wp-content/uploads/2022/12/Dea-Amata-S-Installation-manual.pdf;LDT=https://karizmaluce.com/wp-content/uploads/2026/03/Dea-Amata-S-LDT.zip;Brochure=https://karizmaluce.com/wp-content/uploads/2024/10/Dea-Amata-S.pdf
Dea Amata S,,,,,,,,,,,,,,,,,,,Dea Amata S 10W 55°,212CW93055GOD0,White,images/dea-amata/dea-amata-white-gold.jpg,3000K,CRI>90,DALI,IP54,,Gold reflector · White (RAL 9003),10W,640lm,64lm/W,55°,Installation=https://karizmaluce.com/wp-content/uploads/2022/12/Dea-Amata-S-Installation-manual.pdf;LDT=https://karizmaluce.com/wp-content/uploads/2026/03/Dea-Amata-S-LDT.zip;Brochure=https://karizmaluce.com/wp-content/uploads/2024/10/Dea-Amata-S.pdf
Dea Amata S,,,,,,,,,,,,,,,,,,,Dea Amata S 10W 55°,212CW94055GOF0,White,images/dea-amata/dea-amata-white-gold.jpg,4000K,CRI>90,On/Off,IP54,,Gold reflector · White (RAL 9003),10W,700lm,70lm/W,55°,Installation=https://karizmaluce.com/wp-content/uploads/2022/12/Dea-Amata-S-Installation-manual.pdf;LDT=https://karizmaluce.com/wp-content/uploads/2026/03/Dea-Amata-S-LDT.zip;Brochure=https://karizmaluce.com/wp-content/uploads/2024/10/Dea-Amata-S.pdf
Dea Amata S,,,,,,,,,,,,,,,,,,,Dea Amata S 10W 55°,212CW94055GOP0,White,images/dea-amata/dea-amata-white-gold.jpg,4000K,CRI>90,Phase Dim,IP54,,Gold reflector · White (RAL 9003),10W,700lm,70lm/W,55°,Installation=https://karizmaluce.com/wp-content/uploads/2022/12/Dea-Amata-S-Installation-manual.pdf;LDT=https://karizmaluce.com/wp-content/uploads/2026/03/Dea-Amata-S-LDT.zip;Brochure=https://karizmaluce.com/wp-content/uploads/2024/10/Dea-Amata-S.pdf
Dea Amata S,,,,,,,,,,,,,,,,,,,Dea Amata S 10W 55°,212CW94055GOD0,White,images/dea-amata/dea-amata-white-gold.jpg,4000K,CRI>90,DALI,IP54,,Gold reflector · White (RAL 9003),10W,700lm,70lm/W,55°,Installation=https://karizmaluce.com/wp-content/uploads/2022/12/Dea-Amata-S-Installation-manual.pdf;LDT=https://karizmaluce.com/wp-content/uploads/2026/03/Dea-Amata-S-LDT.zip;Brochure=https://karizmaluce.com/wp-content/uploads/2024/10/Dea-Amata-S.pdf
Dea Amata S,,,,,,,,,,,,,,,,,,,Dea Amata S 10W 40°,212CW183040SGP0,White,images/dea-amata/dea-amata-white-silver-high-gloss.jpg,Warm Dim,CRI>90,Phase Dim,IP54,,Silver High Gloss reflector · White (RAL 9003) · 1800–3000K dim to warm,10W,570lm,57lm/W,40°,Installation=https://karizmaluce.com/wp-content/uploads/2022/12/Dea-Amata-S-Installation-manual.pdf;LDT=https://karizmaluce.com/wp-content/uploads/2026/03/Dea-Amata-S-LDT.zip;Brochure=https://karizmaluce.com/wp-content/uploads/2024/10/Dea-Amata-S.pdf
Dea Amata S,,,,,,,,,,,,,,,,,,,Dea Amata S 10W 40°,212CW183040SGD0,White,images/dea-amata/dea-amata-white-silver-high-gloss.jpg,Warm Dim,CRI>90,DALI,IP54,,Silver High Gloss reflector · White (RAL 9003) · 1800–3000K dim to warm,10W,570lm,57lm/W,40°,Installation=https://karizmaluce.com/wp-content/uploads/2022/12/Dea-Amata-S-Installation-manual.pdf;LDT=https://karizmaluce.com/wp-content/uploads/2026/03/Dea-Amata-S-LDT.zip;Brochure=https://karizmaluce.com/wp-content/uploads/2024/10/Dea-Amata-S.pdf
Dea Amata S,,,,,,,,,,,,,,,,,,,Dea Amata S 10W 40°,212CW9276540SGD0,White,images/dea-amata/dea-amata-white-silver-high-gloss.jpg,Tuneable White,CRI>90,DALI,IP54,,Silver High Gloss reflector · White (RAL 9003) · 2700–6500K tuneable white,10W,570lm,57lm/W,40°,Installation=https://karizmaluce.com/wp-content/uploads/2022/12/Dea-Amata-S-Installation-manual.pdf;LDT=https://karizmaluce.com/wp-content/uploads/2026/03/Dea-Amata-S-LDT.zip;Brochure=https://karizmaluce.com/wp-content/uploads/2024/10/Dea-Amata-S.pdf
Dea Amata S,,,,,,,,,,,,,,,,,,,Dea Amata S 10W 60°,212CW92760SGF0,White,images/dea-amata/dea-amata-white-silver-high-gloss.jpg,2700K,CRI>90,On/Off,IP54,,Silver High Gloss reflector · White (RAL 9003),10W,630lm,63lm/W,60°,Installation=https://karizmaluce.com/wp-content/uploads/2022/12/Dea-Amata-S-Installation-manual.pdf;LDT=https://karizmaluce.com/wp-content/uploads/2026/03/Dea-Amata-S-LDT.zip;Brochure=https://karizmaluce.com/wp-content/uploads/2024/10/Dea-Amata-S.pdf
Dea Amata S,,,,,,,,,,,,,,,,,,,Dea Amata S 10W 60°,212CW92760SGP0,White,images/dea-amata/dea-amata-white-silver-high-gloss.jpg,2700K,CRI>90,Phase Dim,IP54,,Silver High Gloss reflector · White (RAL 9003),10W,630lm,63lm/W,60°,Installation=https://karizmaluce.com/wp-content/uploads/2022/12/Dea-Amata-S-Installation-manual.pdf;LDT=https://karizmaluce.com/wp-content/uploads/2026/03/Dea-Amata-S-LDT.zip;Brochure=https://karizmaluce.com/wp-content/uploads/2024/10/Dea-Amata-S.pdf
Dea Amata S,,,,,,,,,,,,,,,,,,,Dea Amata S 10W 60°,212CW92760SGD0,White,images/dea-amata/dea-amata-white-silver-high-gloss.jpg,2700K,CRI>90,DALI,IP54,,Silver High Gloss reflector · White (RAL 9003),10W,630lm,63lm/W,60°,Installation=https://karizmaluce.com/wp-content/uploads/2022/12/Dea-Amata-S-Installation-manual.pdf;LDT=https://karizmaluce.com/wp-content/uploads/2026/03/Dea-Amata-S-LDT.zip;Brochure=https://karizmaluce.com/wp-content/uploads/2024/10/Dea-Amata-S.pdf
Dea Amata S,,,,,,,,,,,,,,,,,,,Dea Amata S 10W 60°,212CW93060SGF0,White,images/dea-amata/dea-amata-white-silver-high-gloss.jpg,3000K,CRI>90,On/Off,IP54,,Silver High Gloss reflector · White (RAL 9003),10W,670lm,67lm/W,60°,Installation=https://karizmaluce.com/wp-content/uploads/2022/12/Dea-Amata-S-Installation-manual.pdf;LDT=https://karizmaluce.com/wp-content/uploads/2026/03/Dea-Amata-S-LDT.zip;Brochure=https://karizmaluce.com/wp-content/uploads/2024/10/Dea-Amata-S.pdf
Dea Amata S,,,,,,,,,,,,,,,,,,,Dea Amata S 10W 60°,212CW93060SGP0,White,images/dea-amata/dea-amata-white-silver-high-gloss.jpg,3000K,CRI>90,Phase Dim,IP54,,Silver High Gloss reflector · White (RAL 9003),10W,670lm,67lm/W,60°,Installation=https://karizmaluce.com/wp-content/uploads/2022/12/Dea-Amata-S-Installation-manual.pdf;LDT=https://karizmaluce.com/wp-content/uploads/2026/03/Dea-Amata-S-LDT.zip;Brochure=https://karizmaluce.com/wp-content/uploads/2024/10/Dea-Amata-S.pdf
Dea Amata S,,,,,,,,,,,,,,,,,,,Dea Amata S 10W 60°,212CW93060SGD0,White,images/dea-amata/dea-amata-white-silver-high-gloss.jpg,3000K,CRI>90,DALI,IP54,,Silver High Gloss reflector · White (RAL 9003),10W,670lm,67lm/W,60°,Installation=https://karizmaluce.com/wp-content/uploads/2022/12/Dea-Amata-S-Installation-manual.pdf;LDT=https://karizmaluce.com/wp-content/uploads/2026/03/Dea-Amata-S-LDT.zip;Brochure=https://karizmaluce.com/wp-content/uploads/2024/10/Dea-Amata-S.pdf
Dea Amata S,,,,,,,,,,,,,,,,,,,Dea Amata S 10W 60°,212CW94060SGF0,White,images/dea-amata/dea-amata-white-silver-high-gloss.jpg,4000K,CRI>90,On/Off,IP54,,Silver High Gloss reflector · White (RAL 9003),10W,730lm,73lm/W,60°,Installation=https://karizmaluce.com/wp-content/uploads/2022/12/Dea-Amata-S-Installation-manual.pdf;LDT=https://karizmaluce.com/wp-content/uploads/2026/03/Dea-Amata-S-LDT.zip;Brochure=https://karizmaluce.com/wp-content/uploads/2024/10/Dea-Amata-S.pdf
Dea Amata S,,,,,,,,,,,,,,,,,,,Dea Amata S 10W 60°,212CW94060SGP0,White,images/dea-amata/dea-amata-white-silver-high-gloss.jpg,4000K,CRI>90,Phase Dim,IP54,,Silver High Gloss reflector · White (RAL 9003),10W,730lm,73lm/W,60°,Installation=https://karizmaluce.com/wp-content/uploads/2022/12/Dea-Amata-S-Installation-manual.pdf;LDT=https://karizmaluce.com/wp-content/uploads/2026/03/Dea-Amata-S-LDT.zip;Brochure=https://karizmaluce.com/wp-content/uploads/2024/10/Dea-Amata-S.pdf
Dea Amata S,,,,,,,,,,,,,,,,,,,Dea Amata S 10W 60°,212CW94060SGD0,White,images/dea-amata/dea-amata-white-silver-high-gloss.jpg,4000K,CRI>90,DALI,IP54,,Silver High Gloss reflector · White (RAL 9003),10W,730lm,73lm/W,60°,Installation=https://karizmaluce.com/wp-content/uploads/2022/12/Dea-Amata-S-Installation-manual.pdf;LDT=https://karizmaluce.com/wp-content/uploads/2026/03/Dea-Amata-S-LDT.zip;Brochure=https://karizmaluce.com/wp-content/uploads/2024/10/Dea-Amata-S.pdf
Dea Amata S,,,,,,,,,,,,,,,,,,,Dea Amata S 10W 40°,212CW183040WHP0,White,images/dea-amata/dea-amata-white-white.jpg,Warm Dim,CRI>90,Phase Dim,IP54,,White reflector · White (RAL 9003) · 1800–3000K dim to warm,10W,570lm,57lm/W,40°,Installation=https://karizmaluce.com/wp-content/uploads/2022/12/Dea-Amata-S-Installation-manual.pdf;LDT=https://karizmaluce.com/wp-content/uploads/2026/03/Dea-Amata-S-LDT.zip;Brochure=https://karizmaluce.com/wp-content/uploads/2024/10/Dea-Amata-S.pdf
Dea Amata S,,,,,,,,,,,,,,,,,,,Dea Amata S 10W 40°,212CW183040WHD0,White,images/dea-amata/dea-amata-white-white.jpg,Warm Dim,CRI>90,DALI,IP54,,White reflector · White (RAL 9003) · 1800–3000K dim to warm,10W,570lm,57lm/W,40°,Installation=https://karizmaluce.com/wp-content/uploads/2022/12/Dea-Amata-S-Installation-manual.pdf;LDT=https://karizmaluce.com/wp-content/uploads/2026/03/Dea-Amata-S-LDT.zip;Brochure=https://karizmaluce.com/wp-content/uploads/2024/10/Dea-Amata-S.pdf
Dea Amata S,,,,,,,,,,,,,,,,,,,Dea Amata S 10W 40°,212CW9276540WHD0,White,images/dea-amata/dea-amata-white-white.jpg,Tuneable White,CRI>90,DALI,IP54,,White reflector · White (RAL 9003) · 2700–6500K tuneable white,10W,570lm,57lm/W,40°,Installation=https://karizmaluce.com/wp-content/uploads/2022/12/Dea-Amata-S-Installation-manual.pdf;LDT=https://karizmaluce.com/wp-content/uploads/2026/03/Dea-Amata-S-LDT.zip;Brochure=https://karizmaluce.com/wp-content/uploads/2024/10/Dea-Amata-S.pdf
Dea Amata S,,,,,,,,,,,,,,,,,,,Dea Amata S 10W 60°,212CW92760WHF0,White,images/dea-amata/dea-amata-white-white.jpg,2700K,CRI>90,On/Off,IP54,,White reflector · White (RAL 9003),10W,620lm,62lm/W,60°,Installation=https://karizmaluce.com/wp-content/uploads/2022/12/Dea-Amata-S-Installation-manual.pdf;LDT=https://karizmaluce.com/wp-content/uploads/2026/03/Dea-Amata-S-LDT.zip;Brochure=https://karizmaluce.com/wp-content/uploads/2024/10/Dea-Amata-S.pdf
Dea Amata S,,,,,,,,,,,,,,,,,,,Dea Amata S 10W 60°,212CW92760WHP0,White,images/dea-amata/dea-amata-white-white.jpg,2700K,CRI>90,Phase Dim,IP54,,White reflector · White (RAL 9003),10W,620lm,62lm/W,60°,Installation=https://karizmaluce.com/wp-content/uploads/2022/12/Dea-Amata-S-Installation-manual.pdf;LDT=https://karizmaluce.com/wp-content/uploads/2026/03/Dea-Amata-S-LDT.zip;Brochure=https://karizmaluce.com/wp-content/uploads/2024/10/Dea-Amata-S.pdf
Dea Amata S,,,,,,,,,,,,,,,,,,,Dea Amata S 10W 60°,212CW92760WHD0,White,images/dea-amata/dea-amata-white-white.jpg,2700K,CRI>90,DALI,IP54,,White reflector · White (RAL 9003),10W,620lm,62lm/W,60°,Installation=https://karizmaluce.com/wp-content/uploads/2022/12/Dea-Amata-S-Installation-manual.pdf;LDT=https://karizmaluce.com/wp-content/uploads/2026/03/Dea-Amata-S-LDT.zip;Brochure=https://karizmaluce.com/wp-content/uploads/2024/10/Dea-Amata-S.pdf
Dea Amata S,,,,,,,,,,,,,,,,,,,Dea Amata S 10W 60°,212CW93060WHF0,White,images/dea-amata/dea-amata-white-white.jpg,3000K,CRI>90,On/Off,IP54,,White reflector · White (RAL 9003),10W,650lm,65lm/W,60°,Installation=https://karizmaluce.com/wp-content/uploads/2022/12/Dea-Amata-S-Installation-manual.pdf;LDT=https://karizmaluce.com/wp-content/uploads/2026/03/Dea-Amata-S-LDT.zip;Brochure=https://karizmaluce.com/wp-content/uploads/2024/10/Dea-Amata-S.pdf
Dea Amata S,,,,,,,,,,,,,,,,,,,Dea Amata S 10W 60°,212CW93060WHP0,White,images/dea-amata/dea-amata-white-white.jpg,3000K,CRI>90,Phase Dim,IP54,,White reflector · White (RAL 9003),10W,650lm,65lm/W,60°,Installation=https://karizmaluce.com/wp-content/uploads/2022/12/Dea-Amata-S-Installation-manual.pdf;LDT=https://karizmaluce.com/wp-content/uploads/2026/03/Dea-Amata-S-LDT.zip;Brochure=https://karizmaluce.com/wp-content/uploads/2024/10/Dea-Amata-S.pdf
Dea Amata S,,,,,,,,,,,,,,,,,,,Dea Amata S 10W 60°,212CW93060WHD0,White,images/dea-amata/dea-amata-white-white.jpg,3000K,CRI>90,DALI,IP54,,White reflector · White (RAL 9003),10W,650lm,65lm/W,60°,Installation=https://karizmaluce.com/wp-content/uploads/2022/12/Dea-Amata-S-Installation-manual.pdf;LDT=https://karizmaluce.com/wp-content/uploads/2026/03/Dea-Amata-S-LDT.zip;Brochure=https://karizmaluce.com/wp-content/uploads/2024/10/Dea-Amata-S.pdf
Dea Amata S,,,,,,,,,,,,,,,,,,,Dea Amata S 10W 60°,212CW94060WHF0,White,images/dea-amata/dea-amata-white-white.jpg,4000K,CRI>90,On/Off,IP54,,White reflector · White (RAL 9003),10W,700lm,70lm/W,60°,Installation=https://karizmaluce.com/wp-content/uploads/2022/12/Dea-Amata-S-Installation-manual.pdf;LDT=https://karizmaluce.com/wp-content/uploads/2026/03/Dea-Amata-S-LDT.zip;Brochure=https://karizmaluce.com/wp-content/uploads/2024/10/Dea-Amata-S.pdf
Dea Amata S,,,,,,,,,,,,,,,,,,,Dea Amata S 10W 60°,212CW94060WHP0,White,images/dea-amata/dea-amata-white-white.jpg,4000K,CRI>90,Phase Dim,IP54,,White reflector · White (RAL 9003),10W,700lm,70lm/W,60°,Installation=https://karizmaluce.com/wp-content/uploads/2022/12/Dea-Amata-S-Installation-manual.pdf;LDT=https://karizmaluce.com/wp-content/uploads/2026/03/Dea-Amata-S-LDT.zip;Brochure=https://karizmaluce.com/wp-content/uploads/2024/10/Dea-Amata-S.pdf
Dea Amata S,,,,,,,,,,,,,,,,,,,Dea Amata S 10W 60°,212CW94060WHD0,White,images/dea-amata/dea-amata-white-white.jpg,4000K,CRI>90,DALI,IP54,,White reflector · White (RAL 9003),10W,700lm,70lm/W,60°,Installation=https://karizmaluce.com/wp-content/uploads/2022/12/Dea-Amata-S-Installation-manual.pdf;LDT=https://karizmaluce.com/wp-content/uploads/2026/03/Dea-Amata-S-LDT.zip;Brochure=https://karizmaluce.com/wp-content/uploads/2024/10/Dea-Amata-S.pdf
Dea Amata S,,,,,,,,,,,,,,,,,,,Dea Amata S 10W 40°,212CW183040BGP0,White,images/dea-amata/dea-amata-white-black-high-gloss.jpg,Warm Dim,CRI>90,Phase Dim,IP54,,Black High Gloss reflector · White (RAL 9003) · 1800–3000K dim to warm,10W,570lm,57lm/W,40°,Installation=https://karizmaluce.com/wp-content/uploads/2022/12/Dea-Amata-S-Installation-manual.pdf;LDT=https://karizmaluce.com/wp-content/uploads/2026/03/Dea-Amata-S-LDT.zip;Brochure=https://karizmaluce.com/wp-content/uploads/2024/10/Dea-Amata-S.pdf
Dea Amata S,,,,,,,,,,,,,,,,,,,Dea Amata S 10W 40°,212CW183040BGD0,White,images/dea-amata/dea-amata-white-black-high-gloss.jpg,Warm Dim,CRI>90,DALI,IP54,,Black High Gloss reflector · White (RAL 9003) · 1800–3000K dim to warm,10W,570lm,57lm/W,40°,Installation=https://karizmaluce.com/wp-content/uploads/2022/12/Dea-Amata-S-Installation-manual.pdf;LDT=https://karizmaluce.com/wp-content/uploads/2026/03/Dea-Amata-S-LDT.zip;Brochure=https://karizmaluce.com/wp-content/uploads/2024/10/Dea-Amata-S.pdf
Dea Amata S,,,,,,,,,,,,,,,,,,,Dea Amata S 10W 40°,212CW9276540BGD0,White,images/dea-amata/dea-amata-white-black-high-gloss.jpg,Tuneable White,CRI>90,DALI,IP54,,Black High Gloss reflector · White (RAL 9003) · 2700–6500K tuneable white,10W,570lm,57lm/W,40°,Installation=https://karizmaluce.com/wp-content/uploads/2022/12/Dea-Amata-S-Installation-manual.pdf;LDT=https://karizmaluce.com/wp-content/uploads/2026/03/Dea-Amata-S-LDT.zip;Brochure=https://karizmaluce.com/wp-content/uploads/2024/10/Dea-Amata-S.pdf
Dea Amata S,,,,,,,,,,,,,,,,,,,Dea Amata S 10W 60°,212CW92760BGF0,White,images/dea-amata/dea-amata-white-black-high-gloss.jpg,2700K,CRI>90,On/Off,IP54,,Black High Gloss reflector · White (RAL 9003),10W,600lm,60lm/W,60°,Installation=https://karizmaluce.com/wp-content/uploads/2022/12/Dea-Amata-S-Installation-manual.pdf;LDT=https://karizmaluce.com/wp-content/uploads/2026/03/Dea-Amata-S-LDT.zip;Brochure=https://karizmaluce.com/wp-content/uploads/2024/10/Dea-Amata-S.pdf
Dea Amata S,,,,,,,,,,,,,,,,,,,Dea Amata S 10W 60°,212CW92760BGP0,White,images/dea-amata/dea-amata-white-black-high-gloss.jpg,2700K,CRI>90,Phase Dim,IP54,,Black High Gloss reflector · White (RAL 9003),10W,600lm,60lm/W,60°,Installation=https://karizmaluce.com/wp-content/uploads/2022/12/Dea-Amata-S-Installation-manual.pdf;LDT=https://karizmaluce.com/wp-content/uploads/2026/03/Dea-Amata-S-LDT.zip;Brochure=https://karizmaluce.com/wp-content/uploads/2024/10/Dea-Amata-S.pdf
Dea Amata S,,,,,,,,,,,,,,,,,,,Dea Amata S 10W 60°,212CW92760BGD0,White,images/dea-amata/dea-amata-white-black-high-gloss.jpg,2700K,CRI>90,DALI,IP54,,Black High Gloss reflector · White (RAL 9003),10W,600lm,60lm/W,60°,Installation=https://karizmaluce.com/wp-content/uploads/2022/12/Dea-Amata-S-Installation-manual.pdf;LDT=https://karizmaluce.com/wp-content/uploads/2026/03/Dea-Amata-S-LDT.zip;Brochure=https://karizmaluce.com/wp-content/uploads/2024/10/Dea-Amata-S.pdf
Dea Amata S,,,,,,,,,,,,,,,,,,,Dea Amata S 10W 60°,212CW93060BGF0,White,images/dea-amata/dea-amata-white-black-high-gloss.jpg,3000K,CRI>90,On/Off,IP54,,Black High Gloss reflector · White (RAL 9003),10W,630lm,63lm/W,60°,Installation=https://karizmaluce.com/wp-content/uploads/2022/12/Dea-Amata-S-Installation-manual.pdf;LDT=https://karizmaluce.com/wp-content/uploads/2026/03/Dea-Amata-S-LDT.zip;Brochure=https://karizmaluce.com/wp-content/uploads/2024/10/Dea-Amata-S.pdf
Dea Amata S,,,,,,,,,,,,,,,,,,,Dea Amata S 10W 60°,212CW93060BGP0,White,images/dea-amata/dea-amata-white-black-high-gloss.jpg,3000K,CRI>90,Phase Dim,IP54,,Black High Gloss reflector · White (RAL 9003),10W,630lm,63lm/W,60°,Installation=https://karizmaluce.com/wp-content/uploads/2022/12/Dea-Amata-S-Installation-manual.pdf;LDT=https://karizmaluce.com/wp-content/uploads/2026/03/Dea-Amata-S-LDT.zip;Brochure=https://karizmaluce.com/wp-content/uploads/2024/10/Dea-Amata-S.pdf
Dea Amata S,,,,,,,,,,,,,,,,,,,Dea Amata S 10W 60°,212CW93060BGD0,White,images/dea-amata/dea-amata-white-black-high-gloss.jpg,3000K,CRI>90,DALI,IP54,,Black High Gloss reflector · White (RAL 9003),10W,630lm,63lm/W,60°,Installation=https://karizmaluce.com/wp-content/uploads/2022/12/Dea-Amata-S-Installation-manual.pdf;LDT=https://karizmaluce.com/wp-content/uploads/2026/03/Dea-Amata-S-LDT.zip;Brochure=https://karizmaluce.com/wp-content/uploads/2024/10/Dea-Amata-S.pdf
Dea Amata S,,,,,,,,,,,,,,,,,,,Dea Amata S 10W 60°,212CW94060BGF0,White,images/dea-amata/dea-amata-white-black-high-gloss.jpg,4000K,CRI>90,On/Off,IP54,,Black High Gloss reflector · White (RAL 9003),10W,700lm,70lm/W,60°,Installation=https://karizmaluce.com/wp-content/uploads/2022/12/Dea-Amata-S-Installation-manual.pdf;LDT=https://karizmaluce.com/wp-content/uploads/2026/03/Dea-Amata-S-LDT.zip;Brochure=https://karizmaluce.com/wp-content/uploads/2024/10/Dea-Amata-S.pdf
Dea Amata S,,,,,,,,,,,,,,,,,,,Dea Amata S 10W 60°,212CW94060BGP0,White,images/dea-amata/dea-amata-white-black-high-gloss.jpg,4000K,CRI>90,Phase Dim,IP54,,Black High Gloss reflector · White (RAL 9003),10W,700lm,70lm/W,60°,Installation=https://karizmaluce.com/wp-content/uploads/2022/12/Dea-Amata-S-Installation-manual.pdf;LDT=https://karizmaluce.com/wp-content/uploads/2026/03/Dea-Amata-S-LDT.zip;Brochure=https://karizmaluce.com/wp-content/uploads/2024/10/Dea-Amata-S.pdf
Dea Amata S,,,,,,,,,,,,,,,,,,,Dea Amata S 10W 60°,212CW94060BGD0,White,images/dea-amata/dea-amata-white-black-high-gloss.jpg,4000K,CRI>90,DALI,IP54,,Black High Gloss reflector · White (RAL 9003),10W,700lm,70lm/W,60°,Installation=https://karizmaluce.com/wp-content/uploads/2022/12/Dea-Amata-S-Installation-manual.pdf;LDT=https://karizmaluce.com/wp-content/uploads/2026/03/Dea-Amata-S-LDT.zip;Brochure=https://karizmaluce.com/wp-content/uploads/2024/10/Dea-Amata-S.pdf
Dea Amata S,,,,,,,,,,,,,,,,,,,Dea Amata S 10W 40°,212CW183040CHP0,White,images/dea-amata/dea-amata-white-chrome.jpg,Warm Dim,CRI>90,Phase Dim,IP54,,Chrome reflector · White (RAL 9003) · 1800–3000K dim to warm,10W,570lm,57lm/W,40°,Installation=https://karizmaluce.com/wp-content/uploads/2022/12/Dea-Amata-S-Installation-manual.pdf;LDT=https://karizmaluce.com/wp-content/uploads/2026/03/Dea-Amata-S-LDT.zip;Brochure=https://karizmaluce.com/wp-content/uploads/2024/10/Dea-Amata-S.pdf
Dea Amata S,,,,,,,,,,,,,,,,,,,Dea Amata S 10W 40°,212CW183040CHD0,White,images/dea-amata/dea-amata-white-chrome.jpg,Warm Dim,CRI>90,DALI,IP54,,Chrome reflector · White (RAL 9003) · 1800–3000K dim to warm,10W,570lm,57lm/W,40°,Installation=https://karizmaluce.com/wp-content/uploads/2022/12/Dea-Amata-S-Installation-manual.pdf;LDT=https://karizmaluce.com/wp-content/uploads/2026/03/Dea-Amata-S-LDT.zip;Brochure=https://karizmaluce.com/wp-content/uploads/2024/10/Dea-Amata-S.pdf
Dea Amata S,,,,,,,,,,,,,,,,,,,Dea Amata S 10W 40°,212CW9276540CHD0,White,images/dea-amata/dea-amata-white-chrome.jpg,Tuneable White,CRI>90,DALI,IP54,,Chrome reflector · White (RAL 9003) · 2700–6500K tuneable white,10W,570lm,57lm/W,40°,Installation=https://karizmaluce.com/wp-content/uploads/2022/12/Dea-Amata-S-Installation-manual.pdf;LDT=https://karizmaluce.com/wp-content/uploads/2026/03/Dea-Amata-S-LDT.zip;Brochure=https://karizmaluce.com/wp-content/uploads/2024/10/Dea-Amata-S.pdf
Dea Amata S,,,,,,,,,,,,,,,,,,,Dea Amata S 10W 55°,212CW92755CHF0,White,images/dea-amata/dea-amata-white-chrome.jpg,2700K,CRI>90,On/Off,IP54,,Chrome reflector · White (RAL 9003),10W,620lm,62lm/W,55°,Installation=https://karizmaluce.com/wp-content/uploads/2022/12/Dea-Amata-S-Installation-manual.pdf;LDT=https://karizmaluce.com/wp-content/uploads/2026/03/Dea-Amata-S-LDT.zip;Brochure=https://karizmaluce.com/wp-content/uploads/2024/10/Dea-Amata-S.pdf
Dea Amata S,,,,,,,,,,,,,,,,,,,Dea Amata S 10W 55°,212CW92755CHP0,White,images/dea-amata/dea-amata-white-chrome.jpg,2700K,CRI>90,Phase Dim,IP54,,Chrome reflector · White (RAL 9003),10W,620lm,62lm/W,55°,Installation=https://karizmaluce.com/wp-content/uploads/2022/12/Dea-Amata-S-Installation-manual.pdf;LDT=https://karizmaluce.com/wp-content/uploads/2026/03/Dea-Amata-S-LDT.zip;Brochure=https://karizmaluce.com/wp-content/uploads/2024/10/Dea-Amata-S.pdf
Dea Amata S,,,,,,,,,,,,,,,,,,,Dea Amata S 10W 55°,212CW92755CHD0,White,images/dea-amata/dea-amata-white-chrome.jpg,2700K,CRI>90,DALI,IP54,,Chrome reflector · White (RAL 9003),10W,620lm,62lm/W,55°,Installation=https://karizmaluce.com/wp-content/uploads/2022/12/Dea-Amata-S-Installation-manual.pdf;LDT=https://karizmaluce.com/wp-content/uploads/2026/03/Dea-Amata-S-LDT.zip;Brochure=https://karizmaluce.com/wp-content/uploads/2024/10/Dea-Amata-S.pdf
Dea Amata S,,,,,,,,,,,,,,,,,,,Dea Amata S 10W 55°,212CW93055CHF0,White,images/dea-amata/dea-amata-white-chrome.jpg,3000K,CRI>90,On/Off,IP54,,Chrome reflector · White (RAL 9003),10W,660lm,66lm/W,55°,Installation=https://karizmaluce.com/wp-content/uploads/2022/12/Dea-Amata-S-Installation-manual.pdf;LDT=https://karizmaluce.com/wp-content/uploads/2026/03/Dea-Amata-S-LDT.zip;Brochure=https://karizmaluce.com/wp-content/uploads/2024/10/Dea-Amata-S.pdf
Dea Amata S,,,,,,,,,,,,,,,,,,,Dea Amata S 10W 55°,212CW93055CHP0,White,images/dea-amata/dea-amata-white-chrome.jpg,3000K,CRI>90,Phase Dim,IP54,,Chrome reflector · White (RAL 9003),10W,660lm,66lm/W,55°,Installation=https://karizmaluce.com/wp-content/uploads/2022/12/Dea-Amata-S-Installation-manual.pdf;LDT=https://karizmaluce.com/wp-content/uploads/2026/03/Dea-Amata-S-LDT.zip;Brochure=https://karizmaluce.com/wp-content/uploads/2024/10/Dea-Amata-S.pdf
Dea Amata S,,,,,,,,,,,,,,,,,,,Dea Amata S 10W 55°,212CW93055CHD0,White,images/dea-amata/dea-amata-white-chrome.jpg,3000K,CRI>90,DALI,IP54,,Chrome reflector · White (RAL 9003),10W,660lm,66lm/W,55°,Installation=https://karizmaluce.com/wp-content/uploads/2022/12/Dea-Amata-S-Installation-manual.pdf;LDT=https://karizmaluce.com/wp-content/uploads/2026/03/Dea-Amata-S-LDT.zip;Brochure=https://karizmaluce.com/wp-content/uploads/2024/10/Dea-Amata-S.pdf
Dea Amata S,,,,,,,,,,,,,,,,,,,Dea Amata S 10W 55°,212CW94055CHF0,White,images/dea-amata/dea-amata-white-chrome.jpg,4000K,CRI>90,On/Off,IP54,,Chrome reflector · White (RAL 9003),10W,720lm,72lm/W,55°,Installation=https://karizmaluce.com/wp-content/uploads/2022/12/Dea-Amata-S-Installation-manual.pdf;LDT=https://karizmaluce.com/wp-content/uploads/2026/03/Dea-Amata-S-LDT.zip;Brochure=https://karizmaluce.com/wp-content/uploads/2024/10/Dea-Amata-S.pdf
Dea Amata S,,,,,,,,,,,,,,,,,,,Dea Amata S 10W 55°,212CW94055CHP0,White,images/dea-amata/dea-amata-white-chrome.jpg,4000K,CRI>90,Phase Dim,IP54,,Chrome reflector · White (RAL 9003),10W,720lm,72lm/W,55°,Installation=https://karizmaluce.com/wp-content/uploads/2022/12/Dea-Amata-S-Installation-manual.pdf;LDT=https://karizmaluce.com/wp-content/uploads/2026/03/Dea-Amata-S-LDT.zip;Brochure=https://karizmaluce.com/wp-content/uploads/2024/10/Dea-Amata-S.pdf
Dea Amata S,,,,,,,,,,,,,,,,,,,Dea Amata S 10W 55°,212CW94055CHD0,White,images/dea-amata/dea-amata-white-chrome.jpg,4000K,CRI>90,DALI,IP54,,Chrome reflector · White (RAL 9003),10W,720lm,72lm/W,55°,Installation=https://karizmaluce.com/wp-content/uploads/2022/12/Dea-Amata-S-Installation-manual.pdf;LDT=https://karizmaluce.com/wp-content/uploads/2026/03/Dea-Amata-S-LDT.zip;Brochure=https://karizmaluce.com/wp-content/uploads/2024/10/Dea-Amata-S.pdf
Dea Amata S,,,,,,,,,,,,,,,,,,,Dea Amata S 10W 40°,212CW183040BMP0,White,images/dea-amata/dea-amata-white-black-matt.jpg,Warm Dim,CRI>90,Phase Dim,IP54,,Black Matt reflector · White (RAL 9003) · 1800–3000K dim to warm,10W,570lm,57lm/W,40°,Installation=https://karizmaluce.com/wp-content/uploads/2022/12/Dea-Amata-S-Installation-manual.pdf;LDT=https://karizmaluce.com/wp-content/uploads/2026/03/Dea-Amata-S-LDT.zip;Brochure=https://karizmaluce.com/wp-content/uploads/2024/10/Dea-Amata-S.pdf
Dea Amata S,,,,,,,,,,,,,,,,,,,Dea Amata S 10W 40°,212CW183040BMD0,White,images/dea-amata/dea-amata-white-black-matt.jpg,Warm Dim,CRI>90,DALI,IP54,,Black Matt reflector · White (RAL 9003) · 1800–3000K dim to warm,10W,570lm,57lm/W,40°,Installation=https://karizmaluce.com/wp-content/uploads/2022/12/Dea-Amata-S-Installation-manual.pdf;LDT=https://karizmaluce.com/wp-content/uploads/2026/03/Dea-Amata-S-LDT.zip;Brochure=https://karizmaluce.com/wp-content/uploads/2024/10/Dea-Amata-S.pdf
Dea Amata S,,,,,,,,,,,,,,,,,,,Dea Amata S 10W 40°,212CW9276540BMD0,White,images/dea-amata/dea-amata-white-black-matt.jpg,Tuneable White,CRI>90,DALI,IP54,,Black Matt reflector · White (RAL 9003) · 2700–6500K tuneable white,10W,570lm,57lm/W,40°,Installation=https://karizmaluce.com/wp-content/uploads/2022/12/Dea-Amata-S-Installation-manual.pdf;LDT=https://karizmaluce.com/wp-content/uploads/2026/03/Dea-Amata-S-LDT.zip;Brochure=https://karizmaluce.com/wp-content/uploads/2024/10/Dea-Amata-S.pdf
Dea Amata S,,,,,,,,,,,,,,,,,,,Dea Amata S 10W 60°,212CW92760BMF0,White,images/dea-amata/dea-amata-white-black-matt.jpg,2700K,CRI>90,On/Off,IP54,,Black Matt reflector · White (RAL 9003),10W,600lm,60lm/W,60°,Installation=https://karizmaluce.com/wp-content/uploads/2022/12/Dea-Amata-S-Installation-manual.pdf;LDT=https://karizmaluce.com/wp-content/uploads/2026/03/Dea-Amata-S-LDT.zip;Brochure=https://karizmaluce.com/wp-content/uploads/2024/10/Dea-Amata-S.pdf
Dea Amata S,,,,,,,,,,,,,,,,,,,Dea Amata S 10W 60°,212CW92760BMP0,White,images/dea-amata/dea-amata-white-black-matt.jpg,2700K,CRI>90,Phase Dim,IP54,,Black Matt reflector · White (RAL 9003),10W,600lm,60lm/W,60°,Installation=https://karizmaluce.com/wp-content/uploads/2022/12/Dea-Amata-S-Installation-manual.pdf;LDT=https://karizmaluce.com/wp-content/uploads/2026/03/Dea-Amata-S-LDT.zip;Brochure=https://karizmaluce.com/wp-content/uploads/2024/10/Dea-Amata-S.pdf
Dea Amata S,,,,,,,,,,,,,,,,,,,Dea Amata S 10W 60°,212CW92760BMD0,White,images/dea-amata/dea-amata-white-black-matt.jpg,2700K,CRI>90,DALI,IP54,,Black Matt reflector · White (RAL 9003),10W,600lm,60lm/W,60°,Installation=https://karizmaluce.com/wp-content/uploads/2022/12/Dea-Amata-S-Installation-manual.pdf;LDT=https://karizmaluce.com/wp-content/uploads/2026/03/Dea-Amata-S-LDT.zip;Brochure=https://karizmaluce.com/wp-content/uploads/2024/10/Dea-Amata-S.pdf
Dea Amata S,,,,,,,,,,,,,,,,,,,Dea Amata S 10W 60°,212CW93060BMF0,White,images/dea-amata/dea-amata-white-black-matt.jpg,3000K,CRI>90,On/Off,IP54,,Black Matt reflector · White (RAL 9003),10W,630lm,63lm/W,60°,Installation=https://karizmaluce.com/wp-content/uploads/2022/12/Dea-Amata-S-Installation-manual.pdf;LDT=https://karizmaluce.com/wp-content/uploads/2026/03/Dea-Amata-S-LDT.zip;Brochure=https://karizmaluce.com/wp-content/uploads/2024/10/Dea-Amata-S.pdf
Dea Amata S,,,,,,,,,,,,,,,,,,,Dea Amata S 10W 60°,212CW93060BMP0,White,images/dea-amata/dea-amata-white-black-matt.jpg,3000K,CRI>90,Phase Dim,IP54,,Black Matt reflector · White (RAL 9003),10W,630lm,63lm/W,60°,Installation=https://karizmaluce.com/wp-content/uploads/2022/12/Dea-Amata-S-Installation-manual.pdf;LDT=https://karizmaluce.com/wp-content/uploads/2026/03/Dea-Amata-S-LDT.zip;Brochure=https://karizmaluce.com/wp-content/uploads/2024/10/Dea-Amata-S.pdf
Dea Amata S,,,,,,,,,,,,,,,,,,,Dea Amata S 10W 60°,212CW93060BMD0,White,images/dea-amata/dea-amata-white-black-matt.jpg,3000K,CRI>90,DALI,IP54,,Black Matt reflector · White (RAL 9003),10W,630lm,63lm/W,60°,Installation=https://karizmaluce.com/wp-content/uploads/2022/12/Dea-Amata-S-Installation-manual.pdf;LDT=https://karizmaluce.com/wp-content/uploads/2026/03/Dea-Amata-S-LDT.zip;Brochure=https://karizmaluce.com/wp-content/uploads/2024/10/Dea-Amata-S.pdf
Dea Amata S,,,,,,,,,,,,,,,,,,,Dea Amata S 10W 60°,212CW94060BMF0,White,images/dea-amata/dea-amata-white-black-matt.jpg,4000K,CRI>90,On/Off,IP54,,Black Matt reflector · White (RAL 9003),10W,700lm,70lm/W,60°,Installation=https://karizmaluce.com/wp-content/uploads/2022/12/Dea-Amata-S-Installation-manual.pdf;LDT=https://karizmaluce.com/wp-content/uploads/2026/03/Dea-Amata-S-LDT.zip;Brochure=https://karizmaluce.com/wp-content/uploads/2024/10/Dea-Amata-S.pdf
Dea Amata S,,,,,,,,,,,,,,,,,,,Dea Amata S 10W 60°,212CW94060BMP0,White,images/dea-amata/dea-amata-white-black-matt.jpg,4000K,CRI>90,Phase Dim,IP54,,Black Matt reflector · White (RAL 9003),10W,700lm,70lm/W,60°,Installation=https://karizmaluce.com/wp-content/uploads/2022/12/Dea-Amata-S-Installation-manual.pdf;LDT=https://karizmaluce.com/wp-content/uploads/2026/03/Dea-Amata-S-LDT.zip;Brochure=https://karizmaluce.com/wp-content/uploads/2024/10/Dea-Amata-S.pdf
Dea Amata S,,,,,,,,,,,,,,,,,,,Dea Amata S 10W 60°,212CW94060BMD0,White,images/dea-amata/dea-amata-white-black-matt.jpg,4000K,CRI>90,DALI,IP54,,Black Matt reflector · White (RAL 9003),10W,700lm,70lm/W,60°,Installation=https://karizmaluce.com/wp-content/uploads/2022/12/Dea-Amata-S-Installation-manual.pdf;LDT=https://karizmaluce.com/wp-content/uploads/2026/03/Dea-Amata-S-LDT.zip;Brochure=https://karizmaluce.com/wp-content/uploads/2024/10/Dea-Amata-S.pdf
Dea Amata S,,,,,,,,,,,,,,,,,,,Dea Amata S 10W 40°,212CW183040COP0,White,images/dea-amata/dea-amata-white-copper.jpg,Warm Dim,CRI>90,Phase Dim,IP54,,Copper reflector · White (RAL 9003) · 1800–3000K dim to warm,10W,570lm,57lm/W,40°,Installation=https://karizmaluce.com/wp-content/uploads/2022/12/Dea-Amata-S-Installation-manual.pdf;LDT=https://karizmaluce.com/wp-content/uploads/2026/03/Dea-Amata-S-LDT.zip;Brochure=https://karizmaluce.com/wp-content/uploads/2024/10/Dea-Amata-S.pdf
Dea Amata S,,,,,,,,,,,,,,,,,,,Dea Amata S 10W 40°,212CW183040COD0,White,images/dea-amata/dea-amata-white-copper.jpg,Warm Dim,CRI>90,DALI,IP54,,Copper reflector · White (RAL 9003) · 1800–3000K dim to warm,10W,570lm,57lm/W,40°,Installation=https://karizmaluce.com/wp-content/uploads/2022/12/Dea-Amata-S-Installation-manual.pdf;LDT=https://karizmaluce.com/wp-content/uploads/2026/03/Dea-Amata-S-LDT.zip;Brochure=https://karizmaluce.com/wp-content/uploads/2024/10/Dea-Amata-S.pdf
Dea Amata S,,,,,,,,,,,,,,,,,,,Dea Amata S 10W 40°,212CW9276540COD0,White,images/dea-amata/dea-amata-white-copper.jpg,Tuneable White,CRI>90,DALI,IP54,,Copper reflector · White (RAL 9003) · 2700–6500K tuneable white,10W,570lm,57lm/W,40°,Installation=https://karizmaluce.com/wp-content/uploads/2022/12/Dea-Amata-S-Installation-manual.pdf;LDT=https://karizmaluce.com/wp-content/uploads/2026/03/Dea-Amata-S-LDT.zip;Brochure=https://karizmaluce.com/wp-content/uploads/2024/10/Dea-Amata-S.pdf
Dea Amata S,,,,,,,,,,,,,,,,,,,Dea Amata S 10W 55°,212CW92755COF0,White,images/dea-amata/dea-amata-white-copper.jpg,2700K,CRI>90,On/Off,IP54,,Copper reflector · White (RAL 9003),10W,600lm,60lm/W,55°,Installation=https://karizmaluce.com/wp-content/uploads/2022/12/Dea-Amata-S-Installation-manual.pdf;LDT=https://karizmaluce.com/wp-content/uploads/2026/03/Dea-Amata-S-LDT.zip;Brochure=https://karizmaluce.com/wp-content/uploads/2024/10/Dea-Amata-S.pdf
Dea Amata S,,,,,,,,,,,,,,,,,,,Dea Amata S 10W 55°,212CW92755COP0,White,images/dea-amata/dea-amata-white-copper.jpg,2700K,CRI>90,Phase Dim,IP54,,Copper reflector · White (RAL 9003),10W,600lm,60lm/W,55°,Installation=https://karizmaluce.com/wp-content/uploads/2022/12/Dea-Amata-S-Installation-manual.pdf;LDT=https://karizmaluce.com/wp-content/uploads/2026/03/Dea-Amata-S-LDT.zip;Brochure=https://karizmaluce.com/wp-content/uploads/2024/10/Dea-Amata-S.pdf
Dea Amata S,,,,,,,,,,,,,,,,,,,Dea Amata S 10W 55°,212CW92755COD0,White,images/dea-amata/dea-amata-white-copper.jpg,2700K,CRI>90,DALI,IP54,,Copper reflector · White (RAL 9003),10W,600lm,60lm/W,55°,Installation=https://karizmaluce.com/wp-content/uploads/2022/12/Dea-Amata-S-Installation-manual.pdf;LDT=https://karizmaluce.com/wp-content/uploads/2026/03/Dea-Amata-S-LDT.zip;Brochure=https://karizmaluce.com/wp-content/uploads/2024/10/Dea-Amata-S.pdf
Dea Amata S,,,,,,,,,,,,,,,,,,,Dea Amata S 10W 55°,212CW93055COF0,White,images/dea-amata/dea-amata-white-copper.jpg,3000K,CRI>90,On/Off,IP54,,Copper reflector · White (RAL 9003),10W,640lm,64lm/W,55°,Installation=https://karizmaluce.com/wp-content/uploads/2022/12/Dea-Amata-S-Installation-manual.pdf;LDT=https://karizmaluce.com/wp-content/uploads/2026/03/Dea-Amata-S-LDT.zip;Brochure=https://karizmaluce.com/wp-content/uploads/2024/10/Dea-Amata-S.pdf
Dea Amata S,,,,,,,,,,,,,,,,,,,Dea Amata S 10W 55°,212CW93055COP0,White,images/dea-amata/dea-amata-white-copper.jpg,3000K,CRI>90,Phase Dim,IP54,,Copper reflector · White (RAL 9003),10W,640lm,64lm/W,55°,Installation=https://karizmaluce.com/wp-content/uploads/2022/12/Dea-Amata-S-Installation-manual.pdf;LDT=https://karizmaluce.com/wp-content/uploads/2026/03/Dea-Amata-S-LDT.zip;Brochure=https://karizmaluce.com/wp-content/uploads/2024/10/Dea-Amata-S.pdf
Dea Amata S,,,,,,,,,,,,,,,,,,,Dea Amata S 10W 55°,212CW93055COD0,White,images/dea-amata/dea-amata-white-copper.jpg,3000K,CRI>90,DALI,IP54,,Copper reflector · White (RAL 9003),10W,640lm,64lm/W,55°,Installation=https://karizmaluce.com/wp-content/uploads/2022/12/Dea-Amata-S-Installation-manual.pdf;LDT=https://karizmaluce.com/wp-content/uploads/2026/03/Dea-Amata-S-LDT.zip;Brochure=https://karizmaluce.com/wp-content/uploads/2024/10/Dea-Amata-S.pdf
Dea Amata S,,,,,,,,,,,,,,,,,,,Dea Amata S 10W 55°,212CW94055COF0,White,images/dea-amata/dea-amata-white-copper.jpg,4000K,CRI>90,On/Off,IP54,,Copper reflector · White (RAL 9003),10W,700lm,70lm/W,55°,Installation=https://karizmaluce.com/wp-content/uploads/2022/12/Dea-Amata-S-Installation-manual.pdf;LDT=https://karizmaluce.com/wp-content/uploads/2026/03/Dea-Amata-S-LDT.zip;Brochure=https://karizmaluce.com/wp-content/uploads/2024/10/Dea-Amata-S.pdf
Dea Amata S,,,,,,,,,,,,,,,,,,,Dea Amata S 10W 55°,212CW94055COP0,White,images/dea-amata/dea-amata-white-copper.jpg,4000K,CRI>90,Phase Dim,IP54,,Copper reflector · White (RAL 9003),10W,700lm,70lm/W,55°,Installation=https://karizmaluce.com/wp-content/uploads/2022/12/Dea-Amata-S-Installation-manual.pdf;LDT=https://karizmaluce.com/wp-content/uploads/2026/03/Dea-Amata-S-LDT.zip;Brochure=https://karizmaluce.com/wp-content/uploads/2024/10/Dea-Amata-S.pdf
Dea Amata S,,,,,,,,,,,,,,,,,,,Dea Amata S 10W 55°,212CW94055COD0,White,images/dea-amata/dea-amata-white-copper.jpg,4000K,CRI>90,DALI,IP54,,Copper reflector · White (RAL 9003),10W,700lm,70lm/W,55°,Installation=https://karizmaluce.com/wp-content/uploads/2022/12/Dea-Amata-S-Installation-manual.pdf;LDT=https://karizmaluce.com/wp-content/uploads/2026/03/Dea-Amata-S-LDT.zip;Brochure=https://karizmaluce.com/wp-content/uploads/2024/10/Dea-Amata-S.pdf
Dea Amata M AS,Karizma Luce,Interior,Recessed Downlight,An asymmetric downlight that washes walls evenly.,"Dea Amata M AS is a recessed downlight for a Ø78mm cut-out with an asymmetric beam that lays a smooth, glare-free wash across walls. Use it for artwork, shelving, wine displays and feature walls in galleries, retail and homes. Silver High Gloss reflector in a black or white trim.","Recessed asymmetric downlight with deep-set LED. Die-cast aluminium housing in black or white. Reflectors: Silver High Gloss. Cut-out Ø78mm. CRI 90. 3-step MacAdam. Lifetime 50,000h. Class II. Replaceable LED and driver.",2700K | 3000K | 4000K,CRI>90,On/Off | Phase Dim | DALI,IP20,Black | White,recessed-round,,images/dea-amata/dea-amata-m-as-thumb.jpg;images/dea-amata/dea-amata-dimensions-m-as.png,,,images/dea-amata/dea-amata-dimensions-m-as.png,Ø83 × 84mm · cut-out Ø78mm,Dea Amata M AS 14W Asymmetric,213FB927ASSGF0,Black,images/dea-amata/dea-amata-m-as-black.jpg,2700K,CRI>90,On/Off,IP20,,Silver High Gloss reflector · Black (RAL 9005),14W,790lm,56lm/W,Asymmetric,Installation=https://karizmaluce.com/wp-content/uploads/2025/02/Dea-Amata-M-AS-Installation-manual.pdf;LDT=https://karizmaluce.com/wp-content/uploads/2024/10/Dea-Amata-M-AS-LDT.zip;Brochure=https://karizmaluce.com/wp-content/uploads/2024/10/Dea-Amata-M-AS.pdf
Dea Amata M AS,,,,,,,,,,,,,,,,,,,Dea Amata M AS 14W Asymmetric,213FB927ASSGP0,Black,images/dea-amata/dea-amata-m-as-black.jpg,2700K,CRI>90,Phase Dim,IP20,,Silver High Gloss reflector · Black (RAL 9005),14W,790lm,56lm/W,Asymmetric,Installation=https://karizmaluce.com/wp-content/uploads/2025/02/Dea-Amata-M-AS-Installation-manual.pdf;LDT=https://karizmaluce.com/wp-content/uploads/2024/10/Dea-Amata-M-AS-LDT.zip;Brochure=https://karizmaluce.com/wp-content/uploads/2024/10/Dea-Amata-M-AS.pdf
Dea Amata M AS,,,,,,,,,,,,,,,,,,,Dea Amata M AS 14W Asymmetric,213FB927ASSGD0,Black,images/dea-amata/dea-amata-m-as-black.jpg,2700K,CRI>90,DALI,IP20,,Silver High Gloss reflector · Black (RAL 9005),14W,790lm,56lm/W,Asymmetric,Installation=https://karizmaluce.com/wp-content/uploads/2025/02/Dea-Amata-M-AS-Installation-manual.pdf;LDT=https://karizmaluce.com/wp-content/uploads/2024/10/Dea-Amata-M-AS-LDT.zip;Brochure=https://karizmaluce.com/wp-content/uploads/2024/10/Dea-Amata-M-AS.pdf
Dea Amata M AS,,,,,,,,,,,,,,,,,,,Dea Amata M AS 14W Asymmetric,213FB930ASSGF0,Black,images/dea-amata/dea-amata-m-as-black.jpg,3000K,CRI>90,On/Off,IP20,,Silver High Gloss reflector · Black (RAL 9005),14W,800lm,57lm/W,Asymmetric,Installation=https://karizmaluce.com/wp-content/uploads/2025/02/Dea-Amata-M-AS-Installation-manual.pdf;LDT=https://karizmaluce.com/wp-content/uploads/2024/10/Dea-Amata-M-AS-LDT.zip;Brochure=https://karizmaluce.com/wp-content/uploads/2024/10/Dea-Amata-M-AS.pdf
Dea Amata M AS,,,,,,,,,,,,,,,,,,,Dea Amata M AS 14W Asymmetric,213FB930ASSGP0,Black,images/dea-amata/dea-amata-m-as-black.jpg,3000K,CRI>90,Phase Dim,IP20,,Silver High Gloss reflector · Black (RAL 9005),14W,800lm,57lm/W,Asymmetric,Installation=https://karizmaluce.com/wp-content/uploads/2025/02/Dea-Amata-M-AS-Installation-manual.pdf;LDT=https://karizmaluce.com/wp-content/uploads/2024/10/Dea-Amata-M-AS-LDT.zip;Brochure=https://karizmaluce.com/wp-content/uploads/2024/10/Dea-Amata-M-AS.pdf
Dea Amata M AS,,,,,,,,,,,,,,,,,,,Dea Amata M AS 14W Asymmetric,213FB930ASSGD0,Black,images/dea-amata/dea-amata-m-as-black.jpg,3000K,CRI>90,DALI,IP20,,Silver High Gloss reflector · Black (RAL 9005),14W,800lm,57lm/W,Asymmetric,Installation=https://karizmaluce.com/wp-content/uploads/2025/02/Dea-Amata-M-AS-Installation-manual.pdf;LDT=https://karizmaluce.com/wp-content/uploads/2024/10/Dea-Amata-M-AS-LDT.zip;Brochure=https://karizmaluce.com/wp-content/uploads/2024/10/Dea-Amata-M-AS.pdf
Dea Amata M AS,,,,,,,,,,,,,,,,,,,Dea Amata M AS 14W Asymmetric,213FB940ASSGF0,Black,images/dea-amata/dea-amata-m-as-black.jpg,4000K,CRI>90,On/Off,IP20,,Silver High Gloss reflector · Black (RAL 9005),14W,810lm,58lm/W,Asymmetric,Installation=https://karizmaluce.com/wp-content/uploads/2025/02/Dea-Amata-M-AS-Installation-manual.pdf;LDT=https://karizmaluce.com/wp-content/uploads/2024/10/Dea-Amata-M-AS-LDT.zip;Brochure=https://karizmaluce.com/wp-content/uploads/2024/10/Dea-Amata-M-AS.pdf
Dea Amata M AS,,,,,,,,,,,,,,,,,,,Dea Amata M AS 14W Asymmetric,213FB940ASSGP0,Black,images/dea-amata/dea-amata-m-as-black.jpg,4000K,CRI>90,Phase Dim,IP20,,Silver High Gloss reflector · Black (RAL 9005),14W,810lm,58lm/W,Asymmetric,Installation=https://karizmaluce.com/wp-content/uploads/2025/02/Dea-Amata-M-AS-Installation-manual.pdf;LDT=https://karizmaluce.com/wp-content/uploads/2024/10/Dea-Amata-M-AS-LDT.zip;Brochure=https://karizmaluce.com/wp-content/uploads/2024/10/Dea-Amata-M-AS.pdf
Dea Amata M AS,,,,,,,,,,,,,,,,,,,Dea Amata M AS 14W Asymmetric,213FB940ASSGD0,Black,images/dea-amata/dea-amata-m-as-black.jpg,4000K,CRI>90,DALI,IP20,,Silver High Gloss reflector · Black (RAL 9005),14W,810lm,58lm/W,Asymmetric,Installation=https://karizmaluce.com/wp-content/uploads/2025/02/Dea-Amata-M-AS-Installation-manual.pdf;LDT=https://karizmaluce.com/wp-content/uploads/2024/10/Dea-Amata-M-AS-LDT.zip;Brochure=https://karizmaluce.com/wp-content/uploads/2024/10/Dea-Amata-M-AS.pdf
Dea Amata M AS,,,,,,,,,,,,,,,,,,,Dea Amata M AS 14W Asymmetric,213FW927ASSGF0,White,images/dea-amata/dea-amata-m-as-white.jpg,2700K,CRI>90,On/Off,IP20,,Silver High Gloss reflector · White (RAL 9003),14W,790lm,56lm/W,Asymmetric,Installation=https://karizmaluce.com/wp-content/uploads/2025/02/Dea-Amata-M-AS-Installation-manual.pdf;LDT=https://karizmaluce.com/wp-content/uploads/2024/10/Dea-Amata-M-AS-LDT.zip;Brochure=https://karizmaluce.com/wp-content/uploads/2024/10/Dea-Amata-M-AS.pdf
Dea Amata M AS,,,,,,,,,,,,,,,,,,,Dea Amata M AS 14W Asymmetric,213FW927ASSGP0,White,images/dea-amata/dea-amata-m-as-white.jpg,2700K,CRI>90,Phase Dim,IP20,,Silver High Gloss reflector · White (RAL 9003),14W,790lm,56lm/W,Asymmetric,Installation=https://karizmaluce.com/wp-content/uploads/2025/02/Dea-Amata-M-AS-Installation-manual.pdf;LDT=https://karizmaluce.com/wp-content/uploads/2024/10/Dea-Amata-M-AS-LDT.zip;Brochure=https://karizmaluce.com/wp-content/uploads/2024/10/Dea-Amata-M-AS.pdf
Dea Amata M AS,,,,,,,,,,,,,,,,,,,Dea Amata M AS 14W Asymmetric,213FW927ASSGD0,White,images/dea-amata/dea-amata-m-as-white.jpg,2700K,CRI>90,DALI,IP20,,Silver High Gloss reflector · White (RAL 9003),14W,790lm,56lm/W,Asymmetric,Installation=https://karizmaluce.com/wp-content/uploads/2025/02/Dea-Amata-M-AS-Installation-manual.pdf;LDT=https://karizmaluce.com/wp-content/uploads/2024/10/Dea-Amata-M-AS-LDT.zip;Brochure=https://karizmaluce.com/wp-content/uploads/2024/10/Dea-Amata-M-AS.pdf
Dea Amata M AS,,,,,,,,,,,,,,,,,,,Dea Amata M AS 14W Asymmetric,213FW930ASSGF0,White,images/dea-amata/dea-amata-m-as-white.jpg,3000K,CRI>90,On/Off,IP20,,Silver High Gloss reflector · White (RAL 9003),14W,800lm,57lm/W,Asymmetric,Installation=https://karizmaluce.com/wp-content/uploads/2025/02/Dea-Amata-M-AS-Installation-manual.pdf;LDT=https://karizmaluce.com/wp-content/uploads/2024/10/Dea-Amata-M-AS-LDT.zip;Brochure=https://karizmaluce.com/wp-content/uploads/2024/10/Dea-Amata-M-AS.pdf
Dea Amata M AS,,,,,,,,,,,,,,,,,,,Dea Amata M AS 14W Asymmetric,213FW930ASSGP0,White,images/dea-amata/dea-amata-m-as-white.jpg,3000K,CRI>90,Phase Dim,IP20,,Silver High Gloss reflector · White (RAL 9003),14W,800lm,57lm/W,Asymmetric,Installation=https://karizmaluce.com/wp-content/uploads/2025/02/Dea-Amata-M-AS-Installation-manual.pdf;LDT=https://karizmaluce.com/wp-content/uploads/2024/10/Dea-Amata-M-AS-LDT.zip;Brochure=https://karizmaluce.com/wp-content/uploads/2024/10/Dea-Amata-M-AS.pdf
Dea Amata M AS,,,,,,,,,,,,,,,,,,,Dea Amata M AS 14W Asymmetric,213FW930ASSGD0,White,images/dea-amata/dea-amata-m-as-white.jpg,3000K,CRI>90,DALI,IP20,,Silver High Gloss reflector · White (RAL 9003),14W,800lm,57lm/W,Asymmetric,Installation=https://karizmaluce.com/wp-content/uploads/2025/02/Dea-Amata-M-AS-Installation-manual.pdf;LDT=https://karizmaluce.com/wp-content/uploads/2024/10/Dea-Amata-M-AS-LDT.zip;Brochure=https://karizmaluce.com/wp-content/uploads/2024/10/Dea-Amata-M-AS.pdf
Dea Amata M AS,,,,,,,,,,,,,,,,,,,Dea Amata M AS 14W Asymmetric,213FW940ASSGF0,White,images/dea-amata/dea-amata-m-as-white.jpg,4000K,CRI>90,On/Off,IP20,,Silver High Gloss reflector · White (RAL 9003),14W,810lm,58lm/W,Asymmetric,Installation=https://karizmaluce.com/wp-content/uploads/2025/02/Dea-Amata-M-AS-Installation-manual.pdf;LDT=https://karizmaluce.com/wp-content/uploads/2024/10/Dea-Amata-M-AS-LDT.zip;Brochure=https://karizmaluce.com/wp-content/uploads/2024/10/Dea-Amata-M-AS.pdf
Dea Amata M AS,,,,,,,,,,,,,,,,,,,Dea Amata M AS 14W Asymmetric,213FW940ASSGP0,White,images/dea-amata/dea-amata-m-as-white.jpg,4000K,CRI>90,Phase Dim,IP20,,Silver High Gloss reflector · White (RAL 9003),14W,810lm,58lm/W,Asymmetric,Installation=https://karizmaluce.com/wp-content/uploads/2025/02/Dea-Amata-M-AS-Installation-manual.pdf;LDT=https://karizmaluce.com/wp-content/uploads/2024/10/Dea-Amata-M-AS-LDT.zip;Brochure=https://karizmaluce.com/wp-content/uploads/2024/10/Dea-Amata-M-AS.pdf
Dea Amata M AS,,,,,,,,,,,,,,,,,,,Dea Amata M AS 14W Asymmetric,213FW940ASSGD0,White,images/dea-amata/dea-amata-m-as-white.jpg,4000K,CRI>90,DALI,IP20,,Silver High Gloss reflector · White (RAL 9003),14W,810lm,58lm/W,Asymmetric,Installation=https://karizmaluce.com/wp-content/uploads/2025/02/Dea-Amata-M-AS-Installation-manual.pdf;LDT=https://karizmaluce.com/wp-content/uploads/2024/10/Dea-Amata-M-AS-LDT.zip;Brochure=https://karizmaluce.com/wp-content/uploads/2024/10/Dea-Amata-M-AS.pdf
Dea Amata XM,Karizma Luce,Interior,Recessed Downlight,A low-glare downlight for commercial interiors.,"Dea Amata XM is a fixed downlight for a Ø100mm cut-out, giving strong, efficient light with very low glare. Suited to offices, receptions, hotel corridors, restaurants and cafeterias. Seven reflector finishes in a black or white trim.","Recessed fixed downlight with deep-set LED. Die-cast aluminium housing in black or white. Reflectors: Gold | Silver High Gloss | White | Black High Gloss | Chrome | Black Matt | Copper. Cut-out Ø100mm. CRI 90. 3-step MacAdam. Lifetime 50,000h. Class II. Replaceable LED and driver.",2700K | 3000K | 4000K | Warm Dim | Tuneable White,CRI>90,On/Off | Phase Dim | DALI,IP54,Black | White,recessed-round,,images/dea-amata/dea-amata-xm-thumb.jpg;images/dea-amata/dea-amata-dimensions-xm.png,,,images/dea-amata/dea-amata-dimensions-xm.png,Ø106 × 109mm · cut-out Ø100mm,Dea Amata XM 18.5W 45°,214GB183045GOP0,Black,images/dea-amata/dea-amata-black-gold.jpg,Warm Dim,CRI>90,Phase Dim,IP54,,Gold reflector · Black (RAL 9005) · 1800–3000K dim to warm,18.5W,1250lm,68lm/W,45°,Installation=https://karizmaluce.com/wp-content/uploads/2022/11/Dea-Amata-XM-Installation-manual.pdf;LDT=https://karizmaluce.com/wp-content/uploads/2022/05/Dea-Amata-XM-LDT.zip;Brochure=https://karizmaluce.com/wp-content/uploads/2024/10/Dea-Amata-XM.pdf
Dea Amata XM,,,,,,,,,,,,,,,,,,,Dea Amata XM 18.5W 45°,214GB183045GOD0,Black,images/dea-amata/dea-amata-black-gold.jpg,Warm Dim,CRI>90,DALI,IP54,,Gold reflector · Black (RAL 9005) · 1800–3000K dim to warm,18.5W,1250lm,68lm/W,45°,Installation=https://karizmaluce.com/wp-content/uploads/2022/11/Dea-Amata-XM-Installation-manual.pdf;LDT=https://karizmaluce.com/wp-content/uploads/2022/05/Dea-Amata-XM-LDT.zip;Brochure=https://karizmaluce.com/wp-content/uploads/2024/10/Dea-Amata-XM.pdf
Dea Amata XM,,,,,,,,,,,,,,,,,,,Dea Amata XM 19.5W 45°,214GB92745GOF0,Black,images/dea-amata/dea-amata-black-gold.jpg,2700K,CRI>90,On/Off,IP54,,Gold reflector · Black (RAL 9005),19.5W,1580lm,81lm/W,45°,Installation=https://karizmaluce.com/wp-content/uploads/2022/11/Dea-Amata-XM-Installation-manual.pdf;LDT=https://karizmaluce.com/wp-content/uploads/2022/05/Dea-Amata-XM-LDT.zip;Brochure=https://karizmaluce.com/wp-content/uploads/2024/10/Dea-Amata-XM.pdf
Dea Amata XM,,,,,,,,,,,,,,,,,,,Dea Amata XM 19.5W 45°,214GB92745GOP0,Black,images/dea-amata/dea-amata-black-gold.jpg,2700K,CRI>90,Phase Dim,IP54,,Gold reflector · Black (RAL 9005),19.5W,1580lm,81lm/W,45°,Installation=https://karizmaluce.com/wp-content/uploads/2022/11/Dea-Amata-XM-Installation-manual.pdf;LDT=https://karizmaluce.com/wp-content/uploads/2022/05/Dea-Amata-XM-LDT.zip;Brochure=https://karizmaluce.com/wp-content/uploads/2024/10/Dea-Amata-XM.pdf
Dea Amata XM,,,,,,,,,,,,,,,,,,,Dea Amata XM 19.5W 45°,214GB92745GOD0,Black,images/dea-amata/dea-amata-black-gold.jpg,2700K,CRI>90,DALI,IP54,,Gold reflector · Black (RAL 9005),19.5W,1580lm,81lm/W,45°,Installation=https://karizmaluce.com/wp-content/uploads/2022/11/Dea-Amata-XM-Installation-manual.pdf;LDT=https://karizmaluce.com/wp-content/uploads/2022/05/Dea-Amata-XM-LDT.zip;Brochure=https://karizmaluce.com/wp-content/uploads/2024/10/Dea-Amata-XM.pdf
Dea Amata XM,,,,,,,,,,,,,,,,,,,Dea Amata XM 19.5W 45°,214GB93045GOF0,Black,images/dea-amata/dea-amata-black-gold.jpg,3000K,CRI>90,On/Off,IP54,,Gold reflector · Black (RAL 9005),19.5W,1650lm,85lm/W,45°,Installation=https://karizmaluce.com/wp-content/uploads/2022/11/Dea-Amata-XM-Installation-manual.pdf;LDT=https://karizmaluce.com/wp-content/uploads/2022/05/Dea-Amata-XM-LDT.zip;Brochure=https://karizmaluce.com/wp-content/uploads/2024/10/Dea-Amata-XM.pdf
Dea Amata XM,,,,,,,,,,,,,,,,,,,Dea Amata XM 19.5W 45°,214GB93045GOP0,Black,images/dea-amata/dea-amata-black-gold.jpg,3000K,CRI>90,Phase Dim,IP54,,Gold reflector · Black (RAL 9005),19.5W,1650lm,85lm/W,45°,Installation=https://karizmaluce.com/wp-content/uploads/2022/11/Dea-Amata-XM-Installation-manual.pdf;LDT=https://karizmaluce.com/wp-content/uploads/2022/05/Dea-Amata-XM-LDT.zip;Brochure=https://karizmaluce.com/wp-content/uploads/2024/10/Dea-Amata-XM.pdf
Dea Amata XM,,,,,,,,,,,,,,,,,,,Dea Amata XM 19.5W 45°,214GB93045GOD0,Black,images/dea-amata/dea-amata-black-gold.jpg,3000K,CRI>90,DALI,IP54,,Gold reflector · Black (RAL 9005),19.5W,1650lm,85lm/W,45°,Installation=https://karizmaluce.com/wp-content/uploads/2022/11/Dea-Amata-XM-Installation-manual.pdf;LDT=https://karizmaluce.com/wp-content/uploads/2022/05/Dea-Amata-XM-LDT.zip;Brochure=https://karizmaluce.com/wp-content/uploads/2024/10/Dea-Amata-XM.pdf
Dea Amata XM,,,,,,,,,,,,,,,,,,,Dea Amata XM 19.5W 45°,214GB94045GOF0,Black,images/dea-amata/dea-amata-black-gold.jpg,4000K,CRI>90,On/Off,IP54,,Gold reflector · Black (RAL 9005),19.5W,1670lm,86lm/W,45°,Installation=https://karizmaluce.com/wp-content/uploads/2022/11/Dea-Amata-XM-Installation-manual.pdf;LDT=https://karizmaluce.com/wp-content/uploads/2022/05/Dea-Amata-XM-LDT.zip;Brochure=https://karizmaluce.com/wp-content/uploads/2024/10/Dea-Amata-XM.pdf
Dea Amata XM,,,,,,,,,,,,,,,,,,,Dea Amata XM 19.5W 45°,214GB94045GOP0,Black,images/dea-amata/dea-amata-black-gold.jpg,4000K,CRI>90,Phase Dim,IP54,,Gold reflector · Black (RAL 9005),19.5W,1670lm,86lm/W,45°,Installation=https://karizmaluce.com/wp-content/uploads/2022/11/Dea-Amata-XM-Installation-manual.pdf;LDT=https://karizmaluce.com/wp-content/uploads/2022/05/Dea-Amata-XM-LDT.zip;Brochure=https://karizmaluce.com/wp-content/uploads/2024/10/Dea-Amata-XM.pdf
Dea Amata XM,,,,,,,,,,,,,,,,,,,Dea Amata XM 19.5W 45°,214GB94045GOD0,Black,images/dea-amata/dea-amata-black-gold.jpg,4000K,CRI>90,DALI,IP54,,Gold reflector · Black (RAL 9005),19.5W,1670lm,86lm/W,45°,Installation=https://karizmaluce.com/wp-content/uploads/2022/11/Dea-Amata-XM-Installation-manual.pdf;LDT=https://karizmaluce.com/wp-content/uploads/2022/05/Dea-Amata-XM-LDT.zip;Brochure=https://karizmaluce.com/wp-content/uploads/2024/10/Dea-Amata-XM.pdf
Dea Amata XM,,,,,,,,,,,,,,,,,,,Dea Amata XM 20W 45°,214GB276545GOD0,Black,images/dea-amata/dea-amata-black-gold.jpg,Tuneable White,CRI>90,DALI,IP54,,Gold reflector · Black (RAL 9005) · 2700–6500K tuneable white,20W,1450lm,73lm/W,45°,Installation=https://karizmaluce.com/wp-content/uploads/2022/11/Dea-Amata-XM-Installation-manual.pdf;LDT=https://karizmaluce.com/wp-content/uploads/2022/05/Dea-Amata-XM-LDT.zip;Brochure=https://karizmaluce.com/wp-content/uploads/2024/10/Dea-Amata-XM.pdf
Dea Amata XM,,,,,,,,,,,,,,,,,,,Dea Amata XM 18.5W 45°,214GB183045SGP0,Black,images/dea-amata/dea-amata-black-silver-high-gloss.jpg,Warm Dim,CRI>90,Phase Dim,IP54,,Silver High Gloss reflector · Black (RAL 9005) · 1800–3000K dim to warm,18.5W,1250lm,68lm/W,45°,Installation=https://karizmaluce.com/wp-content/uploads/2022/11/Dea-Amata-XM-Installation-manual.pdf;LDT=https://karizmaluce.com/wp-content/uploads/2022/05/Dea-Amata-XM-LDT.zip;Brochure=https://karizmaluce.com/wp-content/uploads/2024/10/Dea-Amata-XM.pdf
Dea Amata XM,,,,,,,,,,,,,,,,,,,Dea Amata XM 18.5W 45°,214GB183045SGD0,Black,images/dea-amata/dea-amata-black-silver-high-gloss.jpg,Warm Dim,CRI>90,DALI,IP54,,Silver High Gloss reflector · Black (RAL 9005) · 1800–3000K dim to warm,18.5W,1250lm,68lm/W,45°,Installation=https://karizmaluce.com/wp-content/uploads/2022/11/Dea-Amata-XM-Installation-manual.pdf;LDT=https://karizmaluce.com/wp-content/uploads/2022/05/Dea-Amata-XM-LDT.zip;Brochure=https://karizmaluce.com/wp-content/uploads/2024/10/Dea-Amata-XM.pdf
Dea Amata XM,,,,,,,,,,,,,,,,,,,Dea Amata XM 19.5W 45°,214HB92745SGF0,Black,images/dea-amata/dea-amata-black-silver-high-gloss.jpg,2700K,CRI>90,On/Off,IP54,,Silver High Gloss reflector · Black (RAL 9005),19.5W,1750lm,90lm/W,45°,Installation=https://karizmaluce.com/wp-content/uploads/2022/11/Dea-Amata-XM-Installation-manual.pdf;LDT=https://karizmaluce.com/wp-content/uploads/2022/05/Dea-Amata-XM-LDT.zip;Brochure=https://karizmaluce.com/wp-content/uploads/2024/10/Dea-Amata-XM.pdf
Dea Amata XM,,,,,,,,,,,,,,,,,,,Dea Amata XM 19.5W 45°,214HB92745SGP0,Black,images/dea-amata/dea-amata-black-silver-high-gloss.jpg,2700K,CRI>90,Phase Dim,IP54,,Silver High Gloss reflector · Black (RAL 9005),19.5W,1750lm,90lm/W,45°,Installation=https://karizmaluce.com/wp-content/uploads/2022/11/Dea-Amata-XM-Installation-manual.pdf;LDT=https://karizmaluce.com/wp-content/uploads/2022/05/Dea-Amata-XM-LDT.zip;Brochure=https://karizmaluce.com/wp-content/uploads/2024/10/Dea-Amata-XM.pdf
Dea Amata XM,,,,,,,,,,,,,,,,,,,Dea Amata XM 19.5W 45°,214HB92745SGD0,Black,images/dea-amata/dea-amata-black-silver-high-gloss.jpg,2700K,CRI>90,DALI,IP54,,Silver High Gloss reflector · Black (RAL 9005),19.5W,1750lm,90lm/W,45°,Installation=https://karizmaluce.com/wp-content/uploads/2022/11/Dea-Amata-XM-Installation-manual.pdf;LDT=https://karizmaluce.com/wp-content/uploads/2022/05/Dea-Amata-XM-LDT.zip;Brochure=https://karizmaluce.com/wp-content/uploads/2024/10/Dea-Amata-XM.pdf
Dea Amata XM,,,,,,,,,,,,,,,,,,,Dea Amata XM 19.5W 45°,214HB93045SGF0,Black,images/dea-amata/dea-amata-black-silver-high-gloss.jpg,3000K,CRI>90,On/Off,IP54,,Silver High Gloss reflector · Black (RAL 9005),19.5W,1825lm,94lm/W,45°,Installation=https://karizmaluce.com/wp-content/uploads/2022/11/Dea-Amata-XM-Installation-manual.pdf;LDT=https://karizmaluce.com/wp-content/uploads/2022/05/Dea-Amata-XM-LDT.zip;Brochure=https://karizmaluce.com/wp-content/uploads/2024/10/Dea-Amata-XM.pdf
Dea Amata XM,,,,,,,,,,,,,,,,,,,Dea Amata XM 19.5W 45°,214HB93045SGP0,Black,images/dea-amata/dea-amata-black-silver-high-gloss.jpg,3000K,CRI>90,Phase Dim,IP54,,Silver High Gloss reflector · Black (RAL 9005),19.5W,1825lm,94lm/W,45°,Installation=https://karizmaluce.com/wp-content/uploads/2022/11/Dea-Amata-XM-Installation-manual.pdf;LDT=https://karizmaluce.com/wp-content/uploads/2022/05/Dea-Amata-XM-LDT.zip;Brochure=https://karizmaluce.com/wp-content/uploads/2024/10/Dea-Amata-XM.pdf
Dea Amata XM,,,,,,,,,,,,,,,,,,,Dea Amata XM 19.5W 45°,214HB93045SGD0,Black,images/dea-amata/dea-amata-black-silver-high-gloss.jpg,3000K,CRI>90,DALI,IP54,,Silver High Gloss reflector · Black (RAL 9005),19.5W,1825lm,94lm/W,45°,Installation=https://karizmaluce.com/wp-content/uploads/2022/11/Dea-Amata-XM-Installation-manual.pdf;LDT=https://karizmaluce.com/wp-content/uploads/2022/05/Dea-Amata-XM-LDT.zip;Brochure=https://karizmaluce.com/wp-content/uploads/2024/10/Dea-Amata-XM.pdf
Dea Amata XM,,,,,,,,,,,,,,,,,,,Dea Amata XM 19.5W 45°,214HB94045SGF0,Black,images/dea-amata/dea-amata-black-silver-high-gloss.jpg,4000K,CRI>90,On/Off,IP54,,Silver High Gloss reflector · Black (RAL 9005),19.5W,1850lm,95lm/W,45°,Installation=https://karizmaluce.com/wp-content/uploads/2022/11/Dea-Amata-XM-Installation-manual.pdf;LDT=https://karizmaluce.com/wp-content/uploads/2022/05/Dea-Amata-XM-LDT.zip;Brochure=https://karizmaluce.com/wp-content/uploads/2024/10/Dea-Amata-XM.pdf
Dea Amata XM,,,,,,,,,,,,,,,,,,,Dea Amata XM 19.5W 45°,214HB94045SGP0,Black,images/dea-amata/dea-amata-black-silver-high-gloss.jpg,4000K,CRI>90,Phase Dim,IP54,,Silver High Gloss reflector · Black (RAL 9005),19.5W,1850lm,95lm/W,45°,Installation=https://karizmaluce.com/wp-content/uploads/2022/11/Dea-Amata-XM-Installation-manual.pdf;LDT=https://karizmaluce.com/wp-content/uploads/2022/05/Dea-Amata-XM-LDT.zip;Brochure=https://karizmaluce.com/wp-content/uploads/2024/10/Dea-Amata-XM.pdf
Dea Amata XM,,,,,,,,,,,,,,,,,,,Dea Amata XM 19.5W 45°,214HB94045SGD0,Black,images/dea-amata/dea-amata-black-silver-high-gloss.jpg,4000K,CRI>90,DALI,IP54,,Silver High Gloss reflector · Black (RAL 9005),19.5W,1850lm,95lm/W,45°,Installation=https://karizmaluce.com/wp-content/uploads/2022/11/Dea-Amata-XM-Installation-manual.pdf;LDT=https://karizmaluce.com/wp-content/uploads/2022/05/Dea-Amata-XM-LDT.zip;Brochure=https://karizmaluce.com/wp-content/uploads/2024/10/Dea-Amata-XM.pdf
Dea Amata XM,,,,,,,,,,,,,,,,,,,Dea Amata XM 20W 45°,214GB276545SGD0,Black,images/dea-amata/dea-amata-black-silver-high-gloss.jpg,Tuneable White,CRI>90,DALI,IP54,,Silver High Gloss reflector · Black (RAL 9005) · 2700–6500K tuneable white,20W,1450lm,73lm/W,45°,Installation=https://karizmaluce.com/wp-content/uploads/2022/11/Dea-Amata-XM-Installation-manual.pdf;LDT=https://karizmaluce.com/wp-content/uploads/2022/05/Dea-Amata-XM-LDT.zip;Brochure=https://karizmaluce.com/wp-content/uploads/2024/10/Dea-Amata-XM.pdf
Dea Amata XM,,,,,,,,,,,,,,,,,,,Dea Amata XM 18.5W 45°,214GB183045WHP0,Black,images/dea-amata/dea-amata-black-white.jpg,Warm Dim,CRI>90,Phase Dim,IP54,,White reflector · Black (RAL 9005) · 1800–3000K dim to warm,18.5W,1250lm,68lm/W,45°,Installation=https://karizmaluce.com/wp-content/uploads/2022/11/Dea-Amata-XM-Installation-manual.pdf;LDT=https://karizmaluce.com/wp-content/uploads/2022/05/Dea-Amata-XM-LDT.zip;Brochure=https://karizmaluce.com/wp-content/uploads/2024/10/Dea-Amata-XM.pdf
Dea Amata XM,,,,,,,,,,,,,,,,,,,Dea Amata XM 18.5W 45°,214GB183045WHD0,Black,images/dea-amata/dea-amata-black-white.jpg,Warm Dim,CRI>90,DALI,IP54,,White reflector · Black (RAL 9005) · 1800–3000K dim to warm,18.5W,1250lm,68lm/W,45°,Installation=https://karizmaluce.com/wp-content/uploads/2022/11/Dea-Amata-XM-Installation-manual.pdf;LDT=https://karizmaluce.com/wp-content/uploads/2022/05/Dea-Amata-XM-LDT.zip;Brochure=https://karizmaluce.com/wp-content/uploads/2024/10/Dea-Amata-XM.pdf
Dea Amata XM,,,,,,,,,,,,,,,,,,,Dea Amata XM 19.5W 45°,214GB92745WHF0,Black,images/dea-amata/dea-amata-black-white.jpg,2700K,CRI>90,On/Off,IP54,,White reflector · Black (RAL 9005),19.5W,1580lm,81lm/W,45°,Installation=https://karizmaluce.com/wp-content/uploads/2022/11/Dea-Amata-XM-Installation-manual.pdf;LDT=https://karizmaluce.com/wp-content/uploads/2022/05/Dea-Amata-XM-LDT.zip;Brochure=https://karizmaluce.com/wp-content/uploads/2024/10/Dea-Amata-XM.pdf
Dea Amata XM,,,,,,,,,,,,,,,,,,,Dea Amata XM 19.5W 45°,214GB92745WHP0,Black,images/dea-amata/dea-amata-black-white.jpg,2700K,CRI>90,Phase Dim,IP54,,White reflector · Black (RAL 9005),19.5W,1580lm,81lm/W,45°,Installation=https://karizmaluce.com/wp-content/uploads/2022/11/Dea-Amata-XM-Installation-manual.pdf;LDT=https://karizmaluce.com/wp-content/uploads/2022/05/Dea-Amata-XM-LDT.zip;Brochure=https://karizmaluce.com/wp-content/uploads/2024/10/Dea-Amata-XM.pdf
Dea Amata XM,,,,,,,,,,,,,,,,,,,Dea Amata XM 19.5W 45°,214GB92745WHD0,Black,images/dea-amata/dea-amata-black-white.jpg,2700K,CRI>90,DALI,IP54,,White reflector · Black (RAL 9005),19.5W,1580lm,81lm/W,45°,Installation=https://karizmaluce.com/wp-content/uploads/2022/11/Dea-Amata-XM-Installation-manual.pdf;LDT=https://karizmaluce.com/wp-content/uploads/2022/05/Dea-Amata-XM-LDT.zip;Brochure=https://karizmaluce.com/wp-content/uploads/2024/10/Dea-Amata-XM.pdf
Dea Amata XM,,,,,,,,,,,,,,,,,,,Dea Amata XM 19.5W 45°,214GB93045WHF0,Black,images/dea-amata/dea-amata-black-white.jpg,3000K,CRI>90,On/Off,IP54,,White reflector · Black (RAL 9005),19.5W,1650lm,85lm/W,45°,Installation=https://karizmaluce.com/wp-content/uploads/2022/11/Dea-Amata-XM-Installation-manual.pdf;LDT=https://karizmaluce.com/wp-content/uploads/2022/05/Dea-Amata-XM-LDT.zip;Brochure=https://karizmaluce.com/wp-content/uploads/2024/10/Dea-Amata-XM.pdf
Dea Amata XM,,,,,,,,,,,,,,,,,,,Dea Amata XM 19.5W 45°,214GB93045WHP0,Black,images/dea-amata/dea-amata-black-white.jpg,3000K,CRI>90,Phase Dim,IP54,,White reflector · Black (RAL 9005),19.5W,1650lm,85lm/W,45°,Installation=https://karizmaluce.com/wp-content/uploads/2022/11/Dea-Amata-XM-Installation-manual.pdf;LDT=https://karizmaluce.com/wp-content/uploads/2022/05/Dea-Amata-XM-LDT.zip;Brochure=https://karizmaluce.com/wp-content/uploads/2024/10/Dea-Amata-XM.pdf
Dea Amata XM,,,,,,,,,,,,,,,,,,,Dea Amata XM 19.5W 45°,214GB93045WHD0,Black,images/dea-amata/dea-amata-black-white.jpg,3000K,CRI>90,DALI,IP54,,White reflector · Black (RAL 9005),19.5W,1650lm,85lm/W,45°,Installation=https://karizmaluce.com/wp-content/uploads/2022/11/Dea-Amata-XM-Installation-manual.pdf;LDT=https://karizmaluce.com/wp-content/uploads/2022/05/Dea-Amata-XM-LDT.zip;Brochure=https://karizmaluce.com/wp-content/uploads/2024/10/Dea-Amata-XM.pdf
Dea Amata XM,,,,,,,,,,,,,,,,,,,Dea Amata XM 19.5W 45°,214GB94045WHF0,Black,images/dea-amata/dea-amata-black-white.jpg,4000K,CRI>90,On/Off,IP54,,White reflector · Black (RAL 9005),19.5W,1670lm,86lm/W,45°,Installation=https://karizmaluce.com/wp-content/uploads/2022/11/Dea-Amata-XM-Installation-manual.pdf;LDT=https://karizmaluce.com/wp-content/uploads/2022/05/Dea-Amata-XM-LDT.zip;Brochure=https://karizmaluce.com/wp-content/uploads/2024/10/Dea-Amata-XM.pdf
Dea Amata XM,,,,,,,,,,,,,,,,,,,Dea Amata XM 19.5W 45°,214GB94045WHP0,Black,images/dea-amata/dea-amata-black-white.jpg,4000K,CRI>90,Phase Dim,IP54,,White reflector · Black (RAL 9005),19.5W,1670lm,86lm/W,45°,Installation=https://karizmaluce.com/wp-content/uploads/2022/11/Dea-Amata-XM-Installation-manual.pdf;LDT=https://karizmaluce.com/wp-content/uploads/2022/05/Dea-Amata-XM-LDT.zip;Brochure=https://karizmaluce.com/wp-content/uploads/2024/10/Dea-Amata-XM.pdf
Dea Amata XM,,,,,,,,,,,,,,,,,,,Dea Amata XM 19.5W 45°,214GB94045WHD0,Black,images/dea-amata/dea-amata-black-white.jpg,4000K,CRI>90,DALI,IP54,,White reflector · Black (RAL 9005),19.5W,1670lm,86lm/W,45°,Installation=https://karizmaluce.com/wp-content/uploads/2022/11/Dea-Amata-XM-Installation-manual.pdf;LDT=https://karizmaluce.com/wp-content/uploads/2022/05/Dea-Amata-XM-LDT.zip;Brochure=https://karizmaluce.com/wp-content/uploads/2024/10/Dea-Amata-XM.pdf
Dea Amata XM,,,,,,,,,,,,,,,,,,,Dea Amata XM 20W 45°,214GB276545WHD0,Black,images/dea-amata/dea-amata-black-white.jpg,Tuneable White,CRI>90,DALI,IP54,,White reflector · Black (RAL 9005) · 2700–6500K tuneable white,20W,1450lm,73lm/W,45°,Installation=https://karizmaluce.com/wp-content/uploads/2022/11/Dea-Amata-XM-Installation-manual.pdf;LDT=https://karizmaluce.com/wp-content/uploads/2022/05/Dea-Amata-XM-LDT.zip;Brochure=https://karizmaluce.com/wp-content/uploads/2024/10/Dea-Amata-XM.pdf
Dea Amata XM,,,,,,,,,,,,,,,,,,,Dea Amata XM 18.5W 45°,214GB183045BGP0,Black,images/dea-amata/dea-amata-black-black-high-gloss.jpg,Warm Dim,CRI>90,Phase Dim,IP54,,Black High Gloss reflector · Black (RAL 9005) · 1800–3000K dim to warm,18.5W,1250lm,68lm/W,45°,Installation=https://karizmaluce.com/wp-content/uploads/2022/11/Dea-Amata-XM-Installation-manual.pdf;LDT=https://karizmaluce.com/wp-content/uploads/2022/05/Dea-Amata-XM-LDT.zip;Brochure=https://karizmaluce.com/wp-content/uploads/2024/10/Dea-Amata-XM.pdf
Dea Amata XM,,,,,,,,,,,,,,,,,,,Dea Amata XM 18.5W 45°,214GB183045BGD0,Black,images/dea-amata/dea-amata-black-black-high-gloss.jpg,Warm Dim,CRI>90,DALI,IP54,,Black High Gloss reflector · Black (RAL 9005) · 1800–3000K dim to warm,18.5W,1250lm,68lm/W,45°,Installation=https://karizmaluce.com/wp-content/uploads/2022/11/Dea-Amata-XM-Installation-manual.pdf;LDT=https://karizmaluce.com/wp-content/uploads/2022/05/Dea-Amata-XM-LDT.zip;Brochure=https://karizmaluce.com/wp-content/uploads/2024/10/Dea-Amata-XM.pdf
Dea Amata XM,,,,,,,,,,,,,,,,,,,Dea Amata XM 19.5W 45°,214GB92745BGF0,Black,images/dea-amata/dea-amata-black-black-high-gloss.jpg,2700K,CRI>90,On/Off,IP54,,Black High Gloss reflector · Black (RAL 9005),19.5W,1550lm,79lm/W,45°,Installation=https://karizmaluce.com/wp-content/uploads/2022/11/Dea-Amata-XM-Installation-manual.pdf;LDT=https://karizmaluce.com/wp-content/uploads/2022/05/Dea-Amata-XM-LDT.zip;Brochure=https://karizmaluce.com/wp-content/uploads/2024/10/Dea-Amata-XM.pdf
Dea Amata XM,,,,,,,,,,,,,,,,,,,Dea Amata XM 19.5W 45°,214GB92745BGP0,Black,images/dea-amata/dea-amata-black-black-high-gloss.jpg,2700K,CRI>90,Phase Dim,IP54,,Black High Gloss reflector · Black (RAL 9005),19.5W,1550lm,79lm/W,45°,Installation=https://karizmaluce.com/wp-content/uploads/2022/11/Dea-Amata-XM-Installation-manual.pdf;LDT=https://karizmaluce.com/wp-content/uploads/2022/05/Dea-Amata-XM-LDT.zip;Brochure=https://karizmaluce.com/wp-content/uploads/2024/10/Dea-Amata-XM.pdf
Dea Amata XM,,,,,,,,,,,,,,,,,,,Dea Amata XM 19.5W 45°,214GB92745BGD0,Black,images/dea-amata/dea-amata-black-black-high-gloss.jpg,2700K,CRI>90,DALI,IP54,,Black High Gloss reflector · Black (RAL 9005),19.5W,1550lm,79lm/W,45°,Installation=https://karizmaluce.com/wp-content/uploads/2022/11/Dea-Amata-XM-Installation-manual.pdf;LDT=https://karizmaluce.com/wp-content/uploads/2022/05/Dea-Amata-XM-LDT.zip;Brochure=https://karizmaluce.com/wp-content/uploads/2024/10/Dea-Amata-XM.pdf
Dea Amata XM,,,,,,,,,,,,,,,,,,,Dea Amata XM 19.5W 45°,214GB93045BGF0,Black,images/dea-amata/dea-amata-black-black-high-gloss.jpg,3000K,CRI>90,On/Off,IP54,,Black High Gloss reflector · Black (RAL 9005),19.5W,1620lm,83lm/W,45°,Installation=https://karizmaluce.com/wp-content/uploads/2022/11/Dea-Amata-XM-Installation-manual.pdf;LDT=https://karizmaluce.com/wp-content/uploads/2022/05/Dea-Amata-XM-LDT.zip;Brochure=https://karizmaluce.com/wp-content/uploads/2024/10/Dea-Amata-XM.pdf
Dea Amata XM,,,,,,,,,,,,,,,,,,,Dea Amata XM 19.5W 45°,214GB93045BGP0,Black,images/dea-amata/dea-amata-black-black-high-gloss.jpg,3000K,CRI>90,Phase Dim,IP54,,Black High Gloss reflector · Black (RAL 9005),19.5W,1620lm,83lm/W,45°,Installation=https://karizmaluce.com/wp-content/uploads/2022/11/Dea-Amata-XM-Installation-manual.pdf;LDT=https://karizmaluce.com/wp-content/uploads/2022/05/Dea-Amata-XM-LDT.zip;Brochure=https://karizmaluce.com/wp-content/uploads/2024/10/Dea-Amata-XM.pdf
Dea Amata XM,,,,,,,,,,,,,,,,,,,Dea Amata XM 19.5W 45°,214GB93045BGD0,Black,images/dea-amata/dea-amata-black-black-high-gloss.jpg,3000K,CRI>90,DALI,IP54,,Black High Gloss reflector · Black (RAL 9005),19.5W,1620lm,83lm/W,45°,Installation=https://karizmaluce.com/wp-content/uploads/2022/11/Dea-Amata-XM-Installation-manual.pdf;LDT=https://karizmaluce.com/wp-content/uploads/2022/05/Dea-Amata-XM-LDT.zip;Brochure=https://karizmaluce.com/wp-content/uploads/2024/10/Dea-Amata-XM.pdf
Dea Amata XM,,,,,,,,,,,,,,,,,,,Dea Amata XM 19.5W 45°,214GB94045BGF0,Black,images/dea-amata/dea-amata-black-black-high-gloss.jpg,4000K,CRI>90,On/Off,IP54,,Black High Gloss reflector · Black (RAL 9005),19.5W,1650lm,85lm/W,45°,Installation=https://karizmaluce.com/wp-content/uploads/2022/11/Dea-Amata-XM-Installation-manual.pdf;LDT=https://karizmaluce.com/wp-content/uploads/2022/05/Dea-Amata-XM-LDT.zip;Brochure=https://karizmaluce.com/wp-content/uploads/2024/10/Dea-Amata-XM.pdf
Dea Amata XM,,,,,,,,,,,,,,,,,,,Dea Amata XM 19.5W 45°,214GB94045BGP0,Black,images/dea-amata/dea-amata-black-black-high-gloss.jpg,4000K,CRI>90,Phase Dim,IP54,,Black High Gloss reflector · Black (RAL 9005),19.5W,1650lm,85lm/W,45°,Installation=https://karizmaluce.com/wp-content/uploads/2022/11/Dea-Amata-XM-Installation-manual.pdf;LDT=https://karizmaluce.com/wp-content/uploads/2022/05/Dea-Amata-XM-LDT.zip;Brochure=https://karizmaluce.com/wp-content/uploads/2024/10/Dea-Amata-XM.pdf
Dea Amata XM,,,,,,,,,,,,,,,,,,,Dea Amata XM 19.5W 45°,214GB94045BGD0,Black,images/dea-amata/dea-amata-black-black-high-gloss.jpg,4000K,CRI>90,DALI,IP54,,Black High Gloss reflector · Black (RAL 9005),19.5W,1650lm,85lm/W,45°,Installation=https://karizmaluce.com/wp-content/uploads/2022/11/Dea-Amata-XM-Installation-manual.pdf;LDT=https://karizmaluce.com/wp-content/uploads/2022/05/Dea-Amata-XM-LDT.zip;Brochure=https://karizmaluce.com/wp-content/uploads/2024/10/Dea-Amata-XM.pdf
Dea Amata XM,,,,,,,,,,,,,,,,,,,Dea Amata XM 20W 45°,214GB276545BGD0,Black,images/dea-amata/dea-amata-black-black-high-gloss.jpg,Tuneable White,CRI>90,DALI,IP54,,Black High Gloss reflector · Black (RAL 9005) · 2700–6500K tuneable white,20W,1450lm,73lm/W,45°,Installation=https://karizmaluce.com/wp-content/uploads/2022/11/Dea-Amata-XM-Installation-manual.pdf;LDT=https://karizmaluce.com/wp-content/uploads/2022/05/Dea-Amata-XM-LDT.zip;Brochure=https://karizmaluce.com/wp-content/uploads/2024/10/Dea-Amata-XM.pdf
Dea Amata XM,,,,,,,,,,,,,,,,,,,Dea Amata XM 18.5W 45°,214GB183045CHP0,Black,images/dea-amata/dea-amata-black-chrome.jpg,Warm Dim,CRI>90,Phase Dim,IP54,,Chrome reflector · Black (RAL 9005) · 1800–3000K dim to warm,18.5W,1250lm,68lm/W,45°,Installation=https://karizmaluce.com/wp-content/uploads/2022/11/Dea-Amata-XM-Installation-manual.pdf;LDT=https://karizmaluce.com/wp-content/uploads/2022/05/Dea-Amata-XM-LDT.zip;Brochure=https://karizmaluce.com/wp-content/uploads/2024/10/Dea-Amata-XM.pdf
Dea Amata XM,,,,,,,,,,,,,,,,,,,Dea Amata XM 18.5W 45°,214GB183045CHD0,Black,images/dea-amata/dea-amata-black-chrome.jpg,Warm Dim,CRI>90,DALI,IP54,,Chrome reflector · Black (RAL 9005) · 1800–3000K dim to warm,18.5W,1250lm,68lm/W,45°,Installation=https://karizmaluce.com/wp-content/uploads/2022/11/Dea-Amata-XM-Installation-manual.pdf;LDT=https://karizmaluce.com/wp-content/uploads/2022/05/Dea-Amata-XM-LDT.zip;Brochure=https://karizmaluce.com/wp-content/uploads/2024/10/Dea-Amata-XM.pdf
Dea Amata XM,,,,,,,,,,,,,,,,,,,Dea Amata XM 19.5W 45°,214GB92745CHF0,Black,images/dea-amata/dea-amata-black-chrome.jpg,2700K,CRI>90,On/Off,IP54,,Chrome reflector · Black (RAL 9005),19.5W,1630lm,84lm/W,45°,Installation=https://karizmaluce.com/wp-content/uploads/2022/11/Dea-Amata-XM-Installation-manual.pdf;LDT=https://karizmaluce.com/wp-content/uploads/2022/05/Dea-Amata-XM-LDT.zip;Brochure=https://karizmaluce.com/wp-content/uploads/2024/10/Dea-Amata-XM.pdf
Dea Amata XM,,,,,,,,,,,,,,,,,,,Dea Amata XM 19.5W 45°,214GB92745CHP0,Black,images/dea-amata/dea-amata-black-chrome.jpg,2700K,CRI>90,Phase Dim,IP54,,Chrome reflector · Black (RAL 9005),19.5W,1630lm,84lm/W,45°,Installation=https://karizmaluce.com/wp-content/uploads/2022/11/Dea-Amata-XM-Installation-manual.pdf;LDT=https://karizmaluce.com/wp-content/uploads/2022/05/Dea-Amata-XM-LDT.zip;Brochure=https://karizmaluce.com/wp-content/uploads/2024/10/Dea-Amata-XM.pdf
Dea Amata XM,,,,,,,,,,,,,,,,,,,Dea Amata XM 19.5W 45°,214GB92745CHD0,Black,images/dea-amata/dea-amata-black-chrome.jpg,2700K,CRI>90,DALI,IP54,,Chrome reflector · Black (RAL 9005),19.5W,1630lm,84lm/W,45°,Installation=https://karizmaluce.com/wp-content/uploads/2022/11/Dea-Amata-XM-Installation-manual.pdf;LDT=https://karizmaluce.com/wp-content/uploads/2022/05/Dea-Amata-XM-LDT.zip;Brochure=https://karizmaluce.com/wp-content/uploads/2024/10/Dea-Amata-XM.pdf
Dea Amata XM,,,,,,,,,,,,,,,,,,,Dea Amata XM 19.5W 45°,214GB93045CHF0,Black,images/dea-amata/dea-amata-black-chrome.jpg,3000K,CRI>90,On/Off,IP54,,Chrome reflector · Black (RAL 9005),19.5W,1700lm,87lm/W,45°,Installation=https://karizmaluce.com/wp-content/uploads/2022/11/Dea-Amata-XM-Installation-manual.pdf;LDT=https://karizmaluce.com/wp-content/uploads/2022/05/Dea-Amata-XM-LDT.zip;Brochure=https://karizmaluce.com/wp-content/uploads/2024/10/Dea-Amata-XM.pdf
Dea Amata XM,,,,,,,,,,,,,,,,,,,Dea Amata XM 19.5W 45°,214GB93045CHP0,Black,images/dea-amata/dea-amata-black-chrome.jpg,3000K,CRI>90,Phase Dim,IP54,,Chrome reflector · Black (RAL 9005),19.5W,1700lm,87lm/W,45°,Installation=https://karizmaluce.com/wp-content/uploads/2022/11/Dea-Amata-XM-Installation-manual.pdf;LDT=https://karizmaluce.com/wp-content/uploads/2022/05/Dea-Amata-XM-LDT.zip;Brochure=https://karizmaluce.com/wp-content/uploads/2024/10/Dea-Amata-XM.pdf
Dea Amata XM,,,,,,,,,,,,,,,,,,,Dea Amata XM 19.5W 45°,214GB93045CHD0,Black,images/dea-amata/dea-amata-black-chrome.jpg,3000K,CRI>90,DALI,IP54,,Chrome reflector · Black (RAL 9005),19.5W,1700lm,87lm/W,45°,Installation=https://karizmaluce.com/wp-content/uploads/2022/11/Dea-Amata-XM-Installation-manual.pdf;LDT=https://karizmaluce.com/wp-content/uploads/2022/05/Dea-Amata-XM-LDT.zip;Brochure=https://karizmaluce.com/wp-content/uploads/2024/10/Dea-Amata-XM.pdf
Dea Amata XM,,,,,,,,,,,,,,,,,,,Dea Amata XM 19.5W 45°,214GB94045CHF0,Black,images/dea-amata/dea-amata-black-chrome.jpg,4000K,CRI>90,On/Off,IP54,,Chrome reflector · Black (RAL 9005),19.5W,1720lm,88lm/W,45°,Installation=https://karizmaluce.com/wp-content/uploads/2022/11/Dea-Amata-XM-Installation-manual.pdf;LDT=https://karizmaluce.com/wp-content/uploads/2022/05/Dea-Amata-XM-LDT.zip;Brochure=https://karizmaluce.com/wp-content/uploads/2024/10/Dea-Amata-XM.pdf
Dea Amata XM,,,,,,,,,,,,,,,,,,,Dea Amata XM 19.5W 45°,214GB94045CHP0,Black,images/dea-amata/dea-amata-black-chrome.jpg,4000K,CRI>90,Phase Dim,IP54,,Chrome reflector · Black (RAL 9005),19.5W,1720lm,88lm/W,45°,Installation=https://karizmaluce.com/wp-content/uploads/2022/11/Dea-Amata-XM-Installation-manual.pdf;LDT=https://karizmaluce.com/wp-content/uploads/2022/05/Dea-Amata-XM-LDT.zip;Brochure=https://karizmaluce.com/wp-content/uploads/2024/10/Dea-Amata-XM.pdf
Dea Amata XM,,,,,,,,,,,,,,,,,,,Dea Amata XM 19.5W 45°,214GB94045CHD0,Black,images/dea-amata/dea-amata-black-chrome.jpg,4000K,CRI>90,DALI,IP54,,Chrome reflector · Black (RAL 9005),19.5W,1720lm,88lm/W,45°,Installation=https://karizmaluce.com/wp-content/uploads/2022/11/Dea-Amata-XM-Installation-manual.pdf;LDT=https://karizmaluce.com/wp-content/uploads/2022/05/Dea-Amata-XM-LDT.zip;Brochure=https://karizmaluce.com/wp-content/uploads/2024/10/Dea-Amata-XM.pdf
Dea Amata XM,,,,,,,,,,,,,,,,,,,Dea Amata XM 20W 45°,214GB276545CHD0,Black,images/dea-amata/dea-amata-black-chrome.jpg,Tuneable White,CRI>90,DALI,IP54,,Chrome reflector · Black (RAL 9005) · 2700–6500K tuneable white,20W,1450lm,73lm/W,45°,Installation=https://karizmaluce.com/wp-content/uploads/2022/11/Dea-Amata-XM-Installation-manual.pdf;LDT=https://karizmaluce.com/wp-content/uploads/2022/05/Dea-Amata-XM-LDT.zip;Brochure=https://karizmaluce.com/wp-content/uploads/2024/10/Dea-Amata-XM.pdf
Dea Amata XM,,,,,,,,,,,,,,,,,,,Dea Amata XM 18.5W 45°,214GB183045BMP0,Black,images/dea-amata/dea-amata-black-black-matt.jpg,Warm Dim,CRI>90,Phase Dim,IP54,,Black Matt reflector · Black (RAL 9005) · 1800–3000K dim to warm,18.5W,1250lm,68lm/W,45°,Installation=https://karizmaluce.com/wp-content/uploads/2022/11/Dea-Amata-XM-Installation-manual.pdf;LDT=https://karizmaluce.com/wp-content/uploads/2022/05/Dea-Amata-XM-LDT.zip;Brochure=https://karizmaluce.com/wp-content/uploads/2024/10/Dea-Amata-XM.pdf
Dea Amata XM,,,,,,,,,,,,,,,,,,,Dea Amata XM 18.5W 45°,214GB183045BMD0,Black,images/dea-amata/dea-amata-black-black-matt.jpg,Warm Dim,CRI>90,DALI,IP54,,Black Matt reflector · Black (RAL 9005) · 1800–3000K dim to warm,18.5W,1250lm,68lm/W,45°,Installation=https://karizmaluce.com/wp-content/uploads/2022/11/Dea-Amata-XM-Installation-manual.pdf;LDT=https://karizmaluce.com/wp-content/uploads/2022/05/Dea-Amata-XM-LDT.zip;Brochure=https://karizmaluce.com/wp-content/uploads/2024/10/Dea-Amata-XM.pdf
Dea Amata XM,,,,,,,,,,,,,,,,,,,Dea Amata XM 19.5W 45°,214GB92745BMF0,Black,images/dea-amata/dea-amata-black-black-matt.jpg,2700K,CRI>90,On/Off,IP54,,Black Matt reflector · Black (RAL 9005),19.5W,1550lm,79lm/W,45°,Installation=https://karizmaluce.com/wp-content/uploads/2022/11/Dea-Amata-XM-Installation-manual.pdf;LDT=https://karizmaluce.com/wp-content/uploads/2022/05/Dea-Amata-XM-LDT.zip;Brochure=https://karizmaluce.com/wp-content/uploads/2024/10/Dea-Amata-XM.pdf
Dea Amata XM,,,,,,,,,,,,,,,,,,,Dea Amata XM 19.5W 45°,214GB92745BMP0,Black,images/dea-amata/dea-amata-black-black-matt.jpg,2700K,CRI>90,Phase Dim,IP54,,Black Matt reflector · Black (RAL 9005),19.5W,1550lm,79lm/W,45°,Installation=https://karizmaluce.com/wp-content/uploads/2022/11/Dea-Amata-XM-Installation-manual.pdf;LDT=https://karizmaluce.com/wp-content/uploads/2022/05/Dea-Amata-XM-LDT.zip;Brochure=https://karizmaluce.com/wp-content/uploads/2024/10/Dea-Amata-XM.pdf
Dea Amata XM,,,,,,,,,,,,,,,,,,,Dea Amata XM 19.5W 45°,214GB92745BMD0,Black,images/dea-amata/dea-amata-black-black-matt.jpg,2700K,CRI>90,DALI,IP54,,Black Matt reflector · Black (RAL 9005),19.5W,1550lm,79lm/W,45°,Installation=https://karizmaluce.com/wp-content/uploads/2022/11/Dea-Amata-XM-Installation-manual.pdf;LDT=https://karizmaluce.com/wp-content/uploads/2022/05/Dea-Amata-XM-LDT.zip;Brochure=https://karizmaluce.com/wp-content/uploads/2024/10/Dea-Amata-XM.pdf
Dea Amata XM,,,,,,,,,,,,,,,,,,,Dea Amata XM 19.5W 45°,214GB93045BMF0,Black,images/dea-amata/dea-amata-black-black-matt.jpg,3000K,CRI>90,On/Off,IP54,,Black Matt reflector · Black (RAL 9005),19.5W,1620lm,83lm/W,45°,Installation=https://karizmaluce.com/wp-content/uploads/2022/11/Dea-Amata-XM-Installation-manual.pdf;LDT=https://karizmaluce.com/wp-content/uploads/2022/05/Dea-Amata-XM-LDT.zip;Brochure=https://karizmaluce.com/wp-content/uploads/2024/10/Dea-Amata-XM.pdf
Dea Amata XM,,,,,,,,,,,,,,,,,,,Dea Amata XM 19.5W 45°,214GB93045BMP0,Black,images/dea-amata/dea-amata-black-black-matt.jpg,3000K,CRI>90,Phase Dim,IP54,,Black Matt reflector · Black (RAL 9005),19.5W,1620lm,83lm/W,45°,Installation=https://karizmaluce.com/wp-content/uploads/2022/11/Dea-Amata-XM-Installation-manual.pdf;LDT=https://karizmaluce.com/wp-content/uploads/2022/05/Dea-Amata-XM-LDT.zip;Brochure=https://karizmaluce.com/wp-content/uploads/2024/10/Dea-Amata-XM.pdf
Dea Amata XM,,,,,,,,,,,,,,,,,,,Dea Amata XM 19.5W 45°,214GB93045BMD0,Black,images/dea-amata/dea-amata-black-black-matt.jpg,3000K,CRI>90,DALI,IP54,,Black Matt reflector · Black (RAL 9005),19.5W,1620lm,83lm/W,45°,Installation=https://karizmaluce.com/wp-content/uploads/2022/11/Dea-Amata-XM-Installation-manual.pdf;LDT=https://karizmaluce.com/wp-content/uploads/2022/05/Dea-Amata-XM-LDT.zip;Brochure=https://karizmaluce.com/wp-content/uploads/2024/10/Dea-Amata-XM.pdf
Dea Amata XM,,,,,,,,,,,,,,,,,,,Dea Amata XM 19.5W 45°,214GB94045BMF0,Black,images/dea-amata/dea-amata-black-black-matt.jpg,4000K,CRI>90,On/Off,IP54,,Black Matt reflector · Black (RAL 9005),19.5W,1650lm,85lm/W,45°,Installation=https://karizmaluce.com/wp-content/uploads/2022/11/Dea-Amata-XM-Installation-manual.pdf;LDT=https://karizmaluce.com/wp-content/uploads/2022/05/Dea-Amata-XM-LDT.zip;Brochure=https://karizmaluce.com/wp-content/uploads/2024/10/Dea-Amata-XM.pdf
Dea Amata XM,,,,,,,,,,,,,,,,,,,Dea Amata XM 19.5W 45°,214GB94045BMP0,Black,images/dea-amata/dea-amata-black-black-matt.jpg,4000K,CRI>90,Phase Dim,IP54,,Black Matt reflector · Black (RAL 9005),19.5W,1650lm,85lm/W,45°,Installation=https://karizmaluce.com/wp-content/uploads/2022/11/Dea-Amata-XM-Installation-manual.pdf;LDT=https://karizmaluce.com/wp-content/uploads/2022/05/Dea-Amata-XM-LDT.zip;Brochure=https://karizmaluce.com/wp-content/uploads/2024/10/Dea-Amata-XM.pdf
Dea Amata XM,,,,,,,,,,,,,,,,,,,Dea Amata XM 19.5W 45°,214GB94045BMD0,Black,images/dea-amata/dea-amata-black-black-matt.jpg,4000K,CRI>90,DALI,IP54,,Black Matt reflector · Black (RAL 9005),19.5W,1650lm,85lm/W,45°,Installation=https://karizmaluce.com/wp-content/uploads/2022/11/Dea-Amata-XM-Installation-manual.pdf;LDT=https://karizmaluce.com/wp-content/uploads/2022/05/Dea-Amata-XM-LDT.zip;Brochure=https://karizmaluce.com/wp-content/uploads/2024/10/Dea-Amata-XM.pdf
Dea Amata XM,,,,,,,,,,,,,,,,,,,Dea Amata XM 20W 45°,214GB276545BMD0,Black,images/dea-amata/dea-amata-black-black-matt.jpg,Tuneable White,CRI>90,DALI,IP54,,Black Matt reflector · Black (RAL 9005) · 2700–6500K tuneable white,20W,1450lm,73lm/W,45°,Installation=https://karizmaluce.com/wp-content/uploads/2022/11/Dea-Amata-XM-Installation-manual.pdf;LDT=https://karizmaluce.com/wp-content/uploads/2022/05/Dea-Amata-XM-LDT.zip;Brochure=https://karizmaluce.com/wp-content/uploads/2024/10/Dea-Amata-XM.pdf
Dea Amata XM,,,,,,,,,,,,,,,,,,,Dea Amata XM 18.5W 45°,214GB183045COP0,Black,images/dea-amata/dea-amata-black-copper.jpg,Warm Dim,CRI>90,Phase Dim,IP54,,Copper reflector · Black (RAL 9005) · 1800–3000K dim to warm,18.5W,1250lm,68lm/W,45°,Installation=https://karizmaluce.com/wp-content/uploads/2022/11/Dea-Amata-XM-Installation-manual.pdf;LDT=https://karizmaluce.com/wp-content/uploads/2022/05/Dea-Amata-XM-LDT.zip;Brochure=https://karizmaluce.com/wp-content/uploads/2024/10/Dea-Amata-XM.pdf
Dea Amata XM,,,,,,,,,,,,,,,,,,,Dea Amata XM 18.5W 45°,214GB183045COD0,Black,images/dea-amata/dea-amata-black-copper.jpg,Warm Dim,CRI>90,DALI,IP54,,Copper reflector · Black (RAL 9005) · 1800–3000K dim to warm,18.5W,1250lm,68lm/W,45°,Installation=https://karizmaluce.com/wp-content/uploads/2022/11/Dea-Amata-XM-Installation-manual.pdf;LDT=https://karizmaluce.com/wp-content/uploads/2022/05/Dea-Amata-XM-LDT.zip;Brochure=https://karizmaluce.com/wp-content/uploads/2024/10/Dea-Amata-XM.pdf
Dea Amata XM,,,,,,,,,,,,,,,,,,,Dea Amata XM 19.5W 45°,214GB92745COF0,Black,images/dea-amata/dea-amata-black-copper.jpg,2700K,CRI>90,On/Off,IP54,,Copper reflector · Black (RAL 9005),19.5W,1580lm,81lm/W,45°,Installation=https://karizmaluce.com/wp-content/uploads/2022/11/Dea-Amata-XM-Installation-manual.pdf;LDT=https://karizmaluce.com/wp-content/uploads/2022/05/Dea-Amata-XM-LDT.zip;Brochure=https://karizmaluce.com/wp-content/uploads/2024/10/Dea-Amata-XM.pdf
Dea Amata XM,,,,,,,,,,,,,,,,,,,Dea Amata XM 19.5W 45°,214GB92745COP0,Black,images/dea-amata/dea-amata-black-copper.jpg,2700K,CRI>90,Phase Dim,IP54,,Copper reflector · Black (RAL 9005),19.5W,1580lm,81lm/W,45°,Installation=https://karizmaluce.com/wp-content/uploads/2022/11/Dea-Amata-XM-Installation-manual.pdf;LDT=https://karizmaluce.com/wp-content/uploads/2022/05/Dea-Amata-XM-LDT.zip;Brochure=https://karizmaluce.com/wp-content/uploads/2024/10/Dea-Amata-XM.pdf
Dea Amata XM,,,,,,,,,,,,,,,,,,,Dea Amata XM 19.5W 45°,214GB92745COD0,Black,images/dea-amata/dea-amata-black-copper.jpg,2700K,CRI>90,DALI,IP54,,Copper reflector · Black (RAL 9005),19.5W,1580lm,81lm/W,45°,Installation=https://karizmaluce.com/wp-content/uploads/2022/11/Dea-Amata-XM-Installation-manual.pdf;LDT=https://karizmaluce.com/wp-content/uploads/2022/05/Dea-Amata-XM-LDT.zip;Brochure=https://karizmaluce.com/wp-content/uploads/2024/10/Dea-Amata-XM.pdf
Dea Amata XM,,,,,,,,,,,,,,,,,,,Dea Amata XM 19.5W 45°,214GB93045COF0,Black,images/dea-amata/dea-amata-black-copper.jpg,3000K,CRI>90,On/Off,IP54,,Copper reflector · Black (RAL 9005),19.5W,1650lm,85lm/W,45°,Installation=https://karizmaluce.com/wp-content/uploads/2022/11/Dea-Amata-XM-Installation-manual.pdf;LDT=https://karizmaluce.com/wp-content/uploads/2022/05/Dea-Amata-XM-LDT.zip;Brochure=https://karizmaluce.com/wp-content/uploads/2024/10/Dea-Amata-XM.pdf
Dea Amata XM,,,,,,,,,,,,,,,,,,,Dea Amata XM 19.5W 45°,214GB93045COP0,Black,images/dea-amata/dea-amata-black-copper.jpg,3000K,CRI>90,Phase Dim,IP54,,Copper reflector · Black (RAL 9005),19.5W,1650lm,85lm/W,45°,Installation=https://karizmaluce.com/wp-content/uploads/2022/11/Dea-Amata-XM-Installation-manual.pdf;LDT=https://karizmaluce.com/wp-content/uploads/2022/05/Dea-Amata-XM-LDT.zip;Brochure=https://karizmaluce.com/wp-content/uploads/2024/10/Dea-Amata-XM.pdf
Dea Amata XM,,,,,,,,,,,,,,,,,,,Dea Amata XM 19.5W 45°,214GB93045COD0,Black,images/dea-amata/dea-amata-black-copper.jpg,3000K,CRI>90,DALI,IP54,,Copper reflector · Black (RAL 9005),19.5W,1650lm,85lm/W,45°,Installation=https://karizmaluce.com/wp-content/uploads/2022/11/Dea-Amata-XM-Installation-manual.pdf;LDT=https://karizmaluce.com/wp-content/uploads/2022/05/Dea-Amata-XM-LDT.zip;Brochure=https://karizmaluce.com/wp-content/uploads/2024/10/Dea-Amata-XM.pdf
Dea Amata XM,,,,,,,,,,,,,,,,,,,Dea Amata XM 19.5W 45°,214GB94045COF0,Black,images/dea-amata/dea-amata-black-copper.jpg,4000K,CRI>90,On/Off,IP54,,Copper reflector · Black (RAL 9005),19.5W,1670lm,86lm/W,45°,Installation=https://karizmaluce.com/wp-content/uploads/2022/11/Dea-Amata-XM-Installation-manual.pdf;LDT=https://karizmaluce.com/wp-content/uploads/2022/05/Dea-Amata-XM-LDT.zip;Brochure=https://karizmaluce.com/wp-content/uploads/2024/10/Dea-Amata-XM.pdf
Dea Amata XM,,,,,,,,,,,,,,,,,,,Dea Amata XM 19.5W 45°,214GB94045COP0,Black,images/dea-amata/dea-amata-black-copper.jpg,4000K,CRI>90,Phase Dim,IP54,,Copper reflector · Black (RAL 9005),19.5W,1670lm,86lm/W,45°,Installation=https://karizmaluce.com/wp-content/uploads/2022/11/Dea-Amata-XM-Installation-manual.pdf;LDT=https://karizmaluce.com/wp-content/uploads/2022/05/Dea-Amata-XM-LDT.zip;Brochure=https://karizmaluce.com/wp-content/uploads/2024/10/Dea-Amata-XM.pdf
Dea Amata XM,,,,,,,,,,,,,,,,,,,Dea Amata XM 19.5W 45°,214GB94045COD0,Black,images/dea-amata/dea-amata-black-copper.jpg,4000K,CRI>90,DALI,IP54,,Copper reflector · Black (RAL 9005),19.5W,1670lm,86lm/W,45°,Installation=https://karizmaluce.com/wp-content/uploads/2022/11/Dea-Amata-XM-Installation-manual.pdf;LDT=https://karizmaluce.com/wp-content/uploads/2022/05/Dea-Amata-XM-LDT.zip;Brochure=https://karizmaluce.com/wp-content/uploads/2024/10/Dea-Amata-XM.pdf
Dea Amata XM,,,,,,,,,,,,,,,,,,,Dea Amata XM 20W 45°,214GB276545COD0,Black,images/dea-amata/dea-amata-black-copper.jpg,Tuneable White,CRI>90,DALI,IP54,,Copper reflector · Black (RAL 9005) · 2700–6500K tuneable white,20W,1450lm,73lm/W,45°,Installation=https://karizmaluce.com/wp-content/uploads/2022/11/Dea-Amata-XM-Installation-manual.pdf;LDT=https://karizmaluce.com/wp-content/uploads/2022/05/Dea-Amata-XM-LDT.zip;Brochure=https://karizmaluce.com/wp-content/uploads/2024/10/Dea-Amata-XM.pdf
Dea Amata XM,,,,,,,,,,,,,,,,,,,Dea Amata XM 18.5W 45°,214GW183045GOP0,White,images/dea-amata/dea-amata-white-gold.jpg,Warm Dim,CRI>90,Phase Dim,IP54,,Gold reflector · White (RAL 9003) · 1800–3000K dim to warm,18.5W,1250lm,68lm/W,45°,Installation=https://karizmaluce.com/wp-content/uploads/2022/11/Dea-Amata-XM-Installation-manual.pdf;LDT=https://karizmaluce.com/wp-content/uploads/2022/05/Dea-Amata-XM-LDT.zip;Brochure=https://karizmaluce.com/wp-content/uploads/2024/10/Dea-Amata-XM.pdf
Dea Amata XM,,,,,,,,,,,,,,,,,,,Dea Amata XM 18.5W 45°,214GW183045GOD0,White,images/dea-amata/dea-amata-white-gold.jpg,Warm Dim,CRI>90,DALI,IP54,,Gold reflector · White (RAL 9003) · 1800–3000K dim to warm,18.5W,1250lm,68lm/W,45°,Installation=https://karizmaluce.com/wp-content/uploads/2022/11/Dea-Amata-XM-Installation-manual.pdf;LDT=https://karizmaluce.com/wp-content/uploads/2022/05/Dea-Amata-XM-LDT.zip;Brochure=https://karizmaluce.com/wp-content/uploads/2024/10/Dea-Amata-XM.pdf
Dea Amata XM,,,,,,,,,,,,,,,,,,,Dea Amata XM 19.5W 45°,214GW92745GOF0,White,images/dea-amata/dea-amata-white-gold.jpg,2700K,CRI>90,On/Off,IP54,,Gold reflector · White (RAL 9003),19.5W,1580lm,81lm/W,45°,Installation=https://karizmaluce.com/wp-content/uploads/2022/11/Dea-Amata-XM-Installation-manual.pdf;LDT=https://karizmaluce.com/wp-content/uploads/2022/05/Dea-Amata-XM-LDT.zip;Brochure=https://karizmaluce.com/wp-content/uploads/2024/10/Dea-Amata-XM.pdf
Dea Amata XM,,,,,,,,,,,,,,,,,,,Dea Amata XM 19.5W 45°,214GW92745GOP0,White,images/dea-amata/dea-amata-white-gold.jpg,2700K,CRI>90,Phase Dim,IP54,,Gold reflector · White (RAL 9003),19.5W,1580lm,81lm/W,45°,Installation=https://karizmaluce.com/wp-content/uploads/2022/11/Dea-Amata-XM-Installation-manual.pdf;LDT=https://karizmaluce.com/wp-content/uploads/2022/05/Dea-Amata-XM-LDT.zip;Brochure=https://karizmaluce.com/wp-content/uploads/2024/10/Dea-Amata-XM.pdf
Dea Amata XM,,,,,,,,,,,,,,,,,,,Dea Amata XM 19.5W 45°,214GW92745GOD0,White,images/dea-amata/dea-amata-white-gold.jpg,2700K,CRI>90,DALI,IP54,,Gold reflector · White (RAL 9003),19.5W,1580lm,81lm/W,45°,Installation=https://karizmaluce.com/wp-content/uploads/2022/11/Dea-Amata-XM-Installation-manual.pdf;LDT=https://karizmaluce.com/wp-content/uploads/2022/05/Dea-Amata-XM-LDT.zip;Brochure=https://karizmaluce.com/wp-content/uploads/2024/10/Dea-Amata-XM.pdf
Dea Amata XM,,,,,,,,,,,,,,,,,,,Dea Amata XM 19.5W 45°,214GW93045GOF0,White,images/dea-amata/dea-amata-white-gold.jpg,3000K,CRI>90,On/Off,IP54,,Gold reflector · White (RAL 9003),19.5W,1650lm,85lm/W,45°,Installation=https://karizmaluce.com/wp-content/uploads/2022/11/Dea-Amata-XM-Installation-manual.pdf;LDT=https://karizmaluce.com/wp-content/uploads/2022/05/Dea-Amata-XM-LDT.zip;Brochure=https://karizmaluce.com/wp-content/uploads/2024/10/Dea-Amata-XM.pdf
Dea Amata XM,,,,,,,,,,,,,,,,,,,Dea Amata XM 19.5W 45°,214GW93045GOP0,White,images/dea-amata/dea-amata-white-gold.jpg,3000K,CRI>90,Phase Dim,IP54,,Gold reflector · White (RAL 9003),19.5W,1650lm,85lm/W,45°,Installation=https://karizmaluce.com/wp-content/uploads/2022/11/Dea-Amata-XM-Installation-manual.pdf;LDT=https://karizmaluce.com/wp-content/uploads/2022/05/Dea-Amata-XM-LDT.zip;Brochure=https://karizmaluce.com/wp-content/uploads/2024/10/Dea-Amata-XM.pdf
Dea Amata XM,,,,,,,,,,,,,,,,,,,Dea Amata XM 19.5W 45°,214GW93045GOD0,White,images/dea-amata/dea-amata-white-gold.jpg,3000K,CRI>90,DALI,IP54,,Gold reflector · White (RAL 9003),19.5W,1650lm,85lm/W,45°,Installation=https://karizmaluce.com/wp-content/uploads/2022/11/Dea-Amata-XM-Installation-manual.pdf;LDT=https://karizmaluce.com/wp-content/uploads/2022/05/Dea-Amata-XM-LDT.zip;Brochure=https://karizmaluce.com/wp-content/uploads/2024/10/Dea-Amata-XM.pdf
Dea Amata XM,,,,,,,,,,,,,,,,,,,Dea Amata XM 19.5W 45°,214GW94045GOF0,White,images/dea-amata/dea-amata-white-gold.jpg,4000K,CRI>90,On/Off,IP54,,Gold reflector · White (RAL 9003),19.5W,1670lm,86lm/W,45°,Installation=https://karizmaluce.com/wp-content/uploads/2022/11/Dea-Amata-XM-Installation-manual.pdf;LDT=https://karizmaluce.com/wp-content/uploads/2022/05/Dea-Amata-XM-LDT.zip;Brochure=https://karizmaluce.com/wp-content/uploads/2024/10/Dea-Amata-XM.pdf
Dea Amata XM,,,,,,,,,,,,,,,,,,,Dea Amata XM 19.5W 45°,214GW94045GOP0,White,images/dea-amata/dea-amata-white-gold.jpg,4000K,CRI>90,Phase Dim,IP54,,Gold reflector · White (RAL 9003),19.5W,1670lm,86lm/W,45°,Installation=https://karizmaluce.com/wp-content/uploads/2022/11/Dea-Amata-XM-Installation-manual.pdf;LDT=https://karizmaluce.com/wp-content/uploads/2022/05/Dea-Amata-XM-LDT.zip;Brochure=https://karizmaluce.com/wp-content/uploads/2024/10/Dea-Amata-XM.pdf
Dea Amata XM,,,,,,,,,,,,,,,,,,,Dea Amata XM 19.5W 45°,214GW94045GOD0,White,images/dea-amata/dea-amata-white-gold.jpg,4000K,CRI>90,DALI,IP54,,Gold reflector · White (RAL 9003),19.5W,1670lm,86lm/W,45°,Installation=https://karizmaluce.com/wp-content/uploads/2022/11/Dea-Amata-XM-Installation-manual.pdf;LDT=https://karizmaluce.com/wp-content/uploads/2022/05/Dea-Amata-XM-LDT.zip;Brochure=https://karizmaluce.com/wp-content/uploads/2024/10/Dea-Amata-XM.pdf
Dea Amata XM,,,,,,,,,,,,,,,,,,,Dea Amata XM 20W 45°,214GW276545GOD0,White,images/dea-amata/dea-amata-white-gold.jpg,Tuneable White,CRI>90,DALI,IP54,,Gold reflector · White (RAL 9003) · 2700–6500K tuneable white,20W,1450lm,73lm/W,45°,Installation=https://karizmaluce.com/wp-content/uploads/2022/11/Dea-Amata-XM-Installation-manual.pdf;LDT=https://karizmaluce.com/wp-content/uploads/2022/05/Dea-Amata-XM-LDT.zip;Brochure=https://karizmaluce.com/wp-content/uploads/2024/10/Dea-Amata-XM.pdf
Dea Amata XM,,,,,,,,,,,,,,,,,,,Dea Amata XM 18.5W 45°,214GW183045SGP0,White,images/dea-amata/dea-amata-white-silver-high-gloss.jpg,Warm Dim,CRI>90,Phase Dim,IP54,,Silver High Gloss reflector · White (RAL 9003) · 1800–3000K dim to warm,18.5W,1250lm,68lm/W,45°,Installation=https://karizmaluce.com/wp-content/uploads/2022/11/Dea-Amata-XM-Installation-manual.pdf;LDT=https://karizmaluce.com/wp-content/uploads/2022/05/Dea-Amata-XM-LDT.zip;Brochure=https://karizmaluce.com/wp-content/uploads/2024/10/Dea-Amata-XM.pdf
Dea Amata XM,,,,,,,,,,,,,,,,,,,Dea Amata XM 18.5W 45°,214GW183045SGD0,White,images/dea-amata/dea-amata-white-silver-high-gloss.jpg,Warm Dim,CRI>90,DALI,IP54,,Silver High Gloss reflector · White (RAL 9003) · 1800–3000K dim to warm,18.5W,1250lm,68lm/W,45°,Installation=https://karizmaluce.com/wp-content/uploads/2022/11/Dea-Amata-XM-Installation-manual.pdf;LDT=https://karizmaluce.com/wp-content/uploads/2022/05/Dea-Amata-XM-LDT.zip;Brochure=https://karizmaluce.com/wp-content/uploads/2024/10/Dea-Amata-XM.pdf
Dea Amata XM,,,,,,,,,,,,,,,,,,,Dea Amata XM 19.5W 45°,214HW92745SGF0,White,images/dea-amata/dea-amata-white-silver-high-gloss.jpg,2700K,CRI>90,On/Off,IP54,,Silver High Gloss reflector · White (RAL 9003),19.5W,1750lm,90lm/W,45°,Installation=https://karizmaluce.com/wp-content/uploads/2022/11/Dea-Amata-XM-Installation-manual.pdf;LDT=https://karizmaluce.com/wp-content/uploads/2022/05/Dea-Amata-XM-LDT.zip;Brochure=https://karizmaluce.com/wp-content/uploads/2024/10/Dea-Amata-XM.pdf
Dea Amata XM,,,,,,,,,,,,,,,,,,,Dea Amata XM 19.5W 45°,214HW92745SGP0,White,images/dea-amata/dea-amata-white-silver-high-gloss.jpg,2700K,CRI>90,Phase Dim,IP54,,Silver High Gloss reflector · White (RAL 9003),19.5W,1750lm,90lm/W,45°,Installation=https://karizmaluce.com/wp-content/uploads/2022/11/Dea-Amata-XM-Installation-manual.pdf;LDT=https://karizmaluce.com/wp-content/uploads/2022/05/Dea-Amata-XM-LDT.zip;Brochure=https://karizmaluce.com/wp-content/uploads/2024/10/Dea-Amata-XM.pdf
Dea Amata XM,,,,,,,,,,,,,,,,,,,Dea Amata XM 19.5W 45°,214HW92745SGD0,White,images/dea-amata/dea-amata-white-silver-high-gloss.jpg,2700K,CRI>90,DALI,IP54,,Silver High Gloss reflector · White (RAL 9003),19.5W,1750lm,90lm/W,45°,Installation=https://karizmaluce.com/wp-content/uploads/2022/11/Dea-Amata-XM-Installation-manual.pdf;LDT=https://karizmaluce.com/wp-content/uploads/2022/05/Dea-Amata-XM-LDT.zip;Brochure=https://karizmaluce.com/wp-content/uploads/2024/10/Dea-Amata-XM.pdf
Dea Amata XM,,,,,,,,,,,,,,,,,,,Dea Amata XM 19.5W 45°,214HW93045SGF0,White,images/dea-amata/dea-amata-white-silver-high-gloss.jpg,3000K,CRI>90,On/Off,IP54,,Silver High Gloss reflector · White (RAL 9003),19.5W,1825lm,94lm/W,45°,Installation=https://karizmaluce.com/wp-content/uploads/2022/11/Dea-Amata-XM-Installation-manual.pdf;LDT=https://karizmaluce.com/wp-content/uploads/2022/05/Dea-Amata-XM-LDT.zip;Brochure=https://karizmaluce.com/wp-content/uploads/2024/10/Dea-Amata-XM.pdf
Dea Amata XM,,,,,,,,,,,,,,,,,,,Dea Amata XM 19.5W 45°,214HW93045SGP0,White,images/dea-amata/dea-amata-white-silver-high-gloss.jpg,3000K,CRI>90,Phase Dim,IP54,,Silver High Gloss reflector · White (RAL 9003),19.5W,1825lm,94lm/W,45°,Installation=https://karizmaluce.com/wp-content/uploads/2022/11/Dea-Amata-XM-Installation-manual.pdf;LDT=https://karizmaluce.com/wp-content/uploads/2022/05/Dea-Amata-XM-LDT.zip;Brochure=https://karizmaluce.com/wp-content/uploads/2024/10/Dea-Amata-XM.pdf
Dea Amata XM,,,,,,,,,,,,,,,,,,,Dea Amata XM 19.5W 45°,214HW93045SGD0,White,images/dea-amata/dea-amata-white-silver-high-gloss.jpg,3000K,CRI>90,DALI,IP54,,Silver High Gloss reflector · White (RAL 9003),19.5W,1825lm,94lm/W,45°,Installation=https://karizmaluce.com/wp-content/uploads/2022/11/Dea-Amata-XM-Installation-manual.pdf;LDT=https://karizmaluce.com/wp-content/uploads/2022/05/Dea-Amata-XM-LDT.zip;Brochure=https://karizmaluce.com/wp-content/uploads/2024/10/Dea-Amata-XM.pdf
Dea Amata XM,,,,,,,,,,,,,,,,,,,Dea Amata XM 19.5W 45°,214HW94045SGF0,White,images/dea-amata/dea-amata-white-silver-high-gloss.jpg,4000K,CRI>90,On/Off,IP54,,Silver High Gloss reflector · White (RAL 9003),19.5W,1850lm,95lm/W,45°,Installation=https://karizmaluce.com/wp-content/uploads/2022/11/Dea-Amata-XM-Installation-manual.pdf;LDT=https://karizmaluce.com/wp-content/uploads/2022/05/Dea-Amata-XM-LDT.zip;Brochure=https://karizmaluce.com/wp-content/uploads/2024/10/Dea-Amata-XM.pdf
Dea Amata XM,,,,,,,,,,,,,,,,,,,Dea Amata XM 19.5W 45°,214HW94045SGP0,White,images/dea-amata/dea-amata-white-silver-high-gloss.jpg,4000K,CRI>90,Phase Dim,IP54,,Silver High Gloss reflector · White (RAL 9003),19.5W,1850lm,95lm/W,45°,Installation=https://karizmaluce.com/wp-content/uploads/2022/11/Dea-Amata-XM-Installation-manual.pdf;LDT=https://karizmaluce.com/wp-content/uploads/2022/05/Dea-Amata-XM-LDT.zip;Brochure=https://karizmaluce.com/wp-content/uploads/2024/10/Dea-Amata-XM.pdf
Dea Amata XM,,,,,,,,,,,,,,,,,,,Dea Amata XM 19.5W 45°,214HW94045SGD0,White,images/dea-amata/dea-amata-white-silver-high-gloss.jpg,4000K,CRI>90,DALI,IP54,,Silver High Gloss reflector · White (RAL 9003),19.5W,1850lm,95lm/W,45°,Installation=https://karizmaluce.com/wp-content/uploads/2022/11/Dea-Amata-XM-Installation-manual.pdf;LDT=https://karizmaluce.com/wp-content/uploads/2022/05/Dea-Amata-XM-LDT.zip;Brochure=https://karizmaluce.com/wp-content/uploads/2024/10/Dea-Amata-XM.pdf
Dea Amata XM,,,,,,,,,,,,,,,,,,,Dea Amata XM 20W 45°,214GW276545SGD0,White,images/dea-amata/dea-amata-white-silver-high-gloss.jpg,Tuneable White,CRI>90,DALI,IP54,,Silver High Gloss reflector · White (RAL 9003) · 2700–6500K tuneable white,20W,1450lm,73lm/W,45°,Installation=https://karizmaluce.com/wp-content/uploads/2022/11/Dea-Amata-XM-Installation-manual.pdf;LDT=https://karizmaluce.com/wp-content/uploads/2022/05/Dea-Amata-XM-LDT.zip;Brochure=https://karizmaluce.com/wp-content/uploads/2024/10/Dea-Amata-XM.pdf
Dea Amata XM,,,,,,,,,,,,,,,,,,,Dea Amata XM 18.5W 45°,214GW183045WHP0,White,images/dea-amata/dea-amata-white-white.jpg,Warm Dim,CRI>90,Phase Dim,IP54,,White reflector · White (RAL 9003) · 1800–3000K dim to warm,18.5W,1250lm,68lm/W,45°,Installation=https://karizmaluce.com/wp-content/uploads/2022/11/Dea-Amata-XM-Installation-manual.pdf;LDT=https://karizmaluce.com/wp-content/uploads/2022/05/Dea-Amata-XM-LDT.zip;Brochure=https://karizmaluce.com/wp-content/uploads/2024/10/Dea-Amata-XM.pdf
Dea Amata XM,,,,,,,,,,,,,,,,,,,Dea Amata XM 18.5W 45°,214GW183045WHD0,White,images/dea-amata/dea-amata-white-white.jpg,Warm Dim,CRI>90,DALI,IP54,,White reflector · White (RAL 9003) · 1800–3000K dim to warm,18.5W,1250lm,68lm/W,45°,Installation=https://karizmaluce.com/wp-content/uploads/2022/11/Dea-Amata-XM-Installation-manual.pdf;LDT=https://karizmaluce.com/wp-content/uploads/2022/05/Dea-Amata-XM-LDT.zip;Brochure=https://karizmaluce.com/wp-content/uploads/2024/10/Dea-Amata-XM.pdf
Dea Amata XM,,,,,,,,,,,,,,,,,,,Dea Amata XM 19.5W 45°,214GW92745WHF0,White,images/dea-amata/dea-amata-white-white.jpg,2700K,CRI>90,On/Off,IP54,,White reflector · White (RAL 9003),19.5W,1580lm,81lm/W,45°,Installation=https://karizmaluce.com/wp-content/uploads/2022/11/Dea-Amata-XM-Installation-manual.pdf;LDT=https://karizmaluce.com/wp-content/uploads/2022/05/Dea-Amata-XM-LDT.zip;Brochure=https://karizmaluce.com/wp-content/uploads/2024/10/Dea-Amata-XM.pdf
Dea Amata XM,,,,,,,,,,,,,,,,,,,Dea Amata XM 19.5W 45°,214GW92745WHP0,White,images/dea-amata/dea-amata-white-white.jpg,2700K,CRI>90,Phase Dim,IP54,,White reflector · White (RAL 9003),19.5W,1580lm,81lm/W,45°,Installation=https://karizmaluce.com/wp-content/uploads/2022/11/Dea-Amata-XM-Installation-manual.pdf;LDT=https://karizmaluce.com/wp-content/uploads/2022/05/Dea-Amata-XM-LDT.zip;Brochure=https://karizmaluce.com/wp-content/uploads/2024/10/Dea-Amata-XM.pdf
Dea Amata XM,,,,,,,,,,,,,,,,,,,Dea Amata XM 19.5W 45°,214GW92745WHD0,White,images/dea-amata/dea-amata-white-white.jpg,2700K,CRI>90,DALI,IP54,,White reflector · White (RAL 9003),19.5W,1580lm,81lm/W,45°,Installation=https://karizmaluce.com/wp-content/uploads/2022/11/Dea-Amata-XM-Installation-manual.pdf;LDT=https://karizmaluce.com/wp-content/uploads/2022/05/Dea-Amata-XM-LDT.zip;Brochure=https://karizmaluce.com/wp-content/uploads/2024/10/Dea-Amata-XM.pdf
Dea Amata XM,,,,,,,,,,,,,,,,,,,Dea Amata XM 19.5W 45°,214GW93045WHF0,White,images/dea-amata/dea-amata-white-white.jpg,3000K,CRI>90,On/Off,IP54,,White reflector · White (RAL 9003),19.5W,1650lm,85lm/W,45°,Installation=https://karizmaluce.com/wp-content/uploads/2022/11/Dea-Amata-XM-Installation-manual.pdf;LDT=https://karizmaluce.com/wp-content/uploads/2022/05/Dea-Amata-XM-LDT.zip;Brochure=https://karizmaluce.com/wp-content/uploads/2024/10/Dea-Amata-XM.pdf
Dea Amata XM,,,,,,,,,,,,,,,,,,,Dea Amata XM 19.5W 45°,214GW93045WHP0,White,images/dea-amata/dea-amata-white-white.jpg,3000K,CRI>90,Phase Dim,IP54,,White reflector · White (RAL 9003),19.5W,1650lm,85lm/W,45°,Installation=https://karizmaluce.com/wp-content/uploads/2022/11/Dea-Amata-XM-Installation-manual.pdf;LDT=https://karizmaluce.com/wp-content/uploads/2022/05/Dea-Amata-XM-LDT.zip;Brochure=https://karizmaluce.com/wp-content/uploads/2024/10/Dea-Amata-XM.pdf
Dea Amata XM,,,,,,,,,,,,,,,,,,,Dea Amata XM 19.5W 45°,214GW93045WHD0,White,images/dea-amata/dea-amata-white-white.jpg,3000K,CRI>90,DALI,IP54,,White reflector · White (RAL 9003),19.5W,1650lm,85lm/W,45°,Installation=https://karizmaluce.com/wp-content/uploads/2022/11/Dea-Amata-XM-Installation-manual.pdf;LDT=https://karizmaluce.com/wp-content/uploads/2022/05/Dea-Amata-XM-LDT.zip;Brochure=https://karizmaluce.com/wp-content/uploads/2024/10/Dea-Amata-XM.pdf
Dea Amata XM,,,,,,,,,,,,,,,,,,,Dea Amata XM 19.5W 45°,214GW94045WHF0,White,images/dea-amata/dea-amata-white-white.jpg,4000K,CRI>90,On/Off,IP54,,White reflector · White (RAL 9003),19.5W,1670lm,86lm/W,45°,Installation=https://karizmaluce.com/wp-content/uploads/2022/11/Dea-Amata-XM-Installation-manual.pdf;LDT=https://karizmaluce.com/wp-content/uploads/2022/05/Dea-Amata-XM-LDT.zip;Brochure=https://karizmaluce.com/wp-content/uploads/2024/10/Dea-Amata-XM.pdf
Dea Amata XM,,,,,,,,,,,,,,,,,,,Dea Amata XM 19.5W 45°,214GW94045WHP0,White,images/dea-amata/dea-amata-white-white.jpg,4000K,CRI>90,Phase Dim,IP54,,White reflector · White (RAL 9003),19.5W,1670lm,86lm/W,45°,Installation=https://karizmaluce.com/wp-content/uploads/2022/11/Dea-Amata-XM-Installation-manual.pdf;LDT=https://karizmaluce.com/wp-content/uploads/2022/05/Dea-Amata-XM-LDT.zip;Brochure=https://karizmaluce.com/wp-content/uploads/2024/10/Dea-Amata-XM.pdf
Dea Amata XM,,,,,,,,,,,,,,,,,,,Dea Amata XM 19.5W 45°,214GW94045WHD0,White,images/dea-amata/dea-amata-white-white.jpg,4000K,CRI>90,DALI,IP54,,White reflector · White (RAL 9003),19.5W,1670lm,86lm/W,45°,Installation=https://karizmaluce.com/wp-content/uploads/2022/11/Dea-Amata-XM-Installation-manual.pdf;LDT=https://karizmaluce.com/wp-content/uploads/2022/05/Dea-Amata-XM-LDT.zip;Brochure=https://karizmaluce.com/wp-content/uploads/2024/10/Dea-Amata-XM.pdf
Dea Amata XM,,,,,,,,,,,,,,,,,,,Dea Amata XM 20W 45°,214GW276545WHD0,White,images/dea-amata/dea-amata-white-white.jpg,Tuneable White,CRI>90,DALI,IP54,,White reflector · White (RAL 9003) · 2700–6500K tuneable white,20W,1450lm,73lm/W,45°,Installation=https://karizmaluce.com/wp-content/uploads/2022/11/Dea-Amata-XM-Installation-manual.pdf;LDT=https://karizmaluce.com/wp-content/uploads/2022/05/Dea-Amata-XM-LDT.zip;Brochure=https://karizmaluce.com/wp-content/uploads/2024/10/Dea-Amata-XM.pdf
Dea Amata XM,,,,,,,,,,,,,,,,,,,Dea Amata XM 18.5W 45°,214GW183045BGP0,White,images/dea-amata/dea-amata-white-black-high-gloss.jpg,Warm Dim,CRI>90,Phase Dim,IP54,,Black High Gloss reflector · White (RAL 9003) · 1800–3000K dim to warm,18.5W,1250lm,68lm/W,45°,Installation=https://karizmaluce.com/wp-content/uploads/2022/11/Dea-Amata-XM-Installation-manual.pdf;LDT=https://karizmaluce.com/wp-content/uploads/2022/05/Dea-Amata-XM-LDT.zip;Brochure=https://karizmaluce.com/wp-content/uploads/2024/10/Dea-Amata-XM.pdf
Dea Amata XM,,,,,,,,,,,,,,,,,,,Dea Amata XM 18.5W 45°,214GW183045BGD0,White,images/dea-amata/dea-amata-white-black-high-gloss.jpg,Warm Dim,CRI>90,DALI,IP54,,Black High Gloss reflector · White (RAL 9003) · 1800–3000K dim to warm,18.5W,1250lm,68lm/W,45°,Installation=https://karizmaluce.com/wp-content/uploads/2022/11/Dea-Amata-XM-Installation-manual.pdf;LDT=https://karizmaluce.com/wp-content/uploads/2022/05/Dea-Amata-XM-LDT.zip;Brochure=https://karizmaluce.com/wp-content/uploads/2024/10/Dea-Amata-XM.pdf
Dea Amata XM,,,,,,,,,,,,,,,,,,,Dea Amata XM 19.5W 45°,214GW92745BGF0,White,images/dea-amata/dea-amata-white-black-high-gloss.jpg,2700K,CRI>90,On/Off,IP54,,Black High Gloss reflector · White (RAL 9003),19.5W,1550lm,79lm/W,45°,Installation=https://karizmaluce.com/wp-content/uploads/2022/11/Dea-Amata-XM-Installation-manual.pdf;LDT=https://karizmaluce.com/wp-content/uploads/2022/05/Dea-Amata-XM-LDT.zip;Brochure=https://karizmaluce.com/wp-content/uploads/2024/10/Dea-Amata-XM.pdf
Dea Amata XM,,,,,,,,,,,,,,,,,,,Dea Amata XM 19.5W 45°,214GW92745BGP0,White,images/dea-amata/dea-amata-white-black-high-gloss.jpg,2700K,CRI>90,Phase Dim,IP54,,Black High Gloss reflector · White (RAL 9003),19.5W,1550lm,79lm/W,45°,Installation=https://karizmaluce.com/wp-content/uploads/2022/11/Dea-Amata-XM-Installation-manual.pdf;LDT=https://karizmaluce.com/wp-content/uploads/2022/05/Dea-Amata-XM-LDT.zip;Brochure=https://karizmaluce.com/wp-content/uploads/2024/10/Dea-Amata-XM.pdf
Dea Amata XM,,,,,,,,,,,,,,,,,,,Dea Amata XM 19.5W 45°,214GW92745BGD0,White,images/dea-amata/dea-amata-white-black-high-gloss.jpg,2700K,CRI>90,DALI,IP54,,Black High Gloss reflector · White (RAL 9003),19.5W,1550lm,79lm/W,45°,Installation=https://karizmaluce.com/wp-content/uploads/2022/11/Dea-Amata-XM-Installation-manual.pdf;LDT=https://karizmaluce.com/wp-content/uploads/2022/05/Dea-Amata-XM-LDT.zip;Brochure=https://karizmaluce.com/wp-content/uploads/2024/10/Dea-Amata-XM.pdf
Dea Amata XM,,,,,,,,,,,,,,,,,,,Dea Amata XM 19.5W 45°,214GW93045BGF0,White,images/dea-amata/dea-amata-white-black-high-gloss.jpg,3000K,CRI>90,On/Off,IP54,,Black High Gloss reflector · White (RAL 9003),19.5W,1620lm,83lm/W,45°,Installation=https://karizmaluce.com/wp-content/uploads/2022/11/Dea-Amata-XM-Installation-manual.pdf;LDT=https://karizmaluce.com/wp-content/uploads/2022/05/Dea-Amata-XM-LDT.zip;Brochure=https://karizmaluce.com/wp-content/uploads/2024/10/Dea-Amata-XM.pdf
Dea Amata XM,,,,,,,,,,,,,,,,,,,Dea Amata XM 19.5W 45°,214GW93045BGP0,White,images/dea-amata/dea-amata-white-black-high-gloss.jpg,3000K,CRI>90,Phase Dim,IP54,,Black High Gloss reflector · White (RAL 9003),19.5W,1620lm,83lm/W,45°,Installation=https://karizmaluce.com/wp-content/uploads/2022/11/Dea-Amata-XM-Installation-manual.pdf;LDT=https://karizmaluce.com/wp-content/uploads/2022/05/Dea-Amata-XM-LDT.zip;Brochure=https://karizmaluce.com/wp-content/uploads/2024/10/Dea-Amata-XM.pdf
Dea Amata XM,,,,,,,,,,,,,,,,,,,Dea Amata XM 19.5W 45°,214GW93045BGD0,White,images/dea-amata/dea-amata-white-black-high-gloss.jpg,3000K,CRI>90,DALI,IP54,,Black High Gloss reflector · White (RAL 9003),19.5W,1620lm,83lm/W,45°,Installation=https://karizmaluce.com/wp-content/uploads/2022/11/Dea-Amata-XM-Installation-manual.pdf;LDT=https://karizmaluce.com/wp-content/uploads/2022/05/Dea-Amata-XM-LDT.zip;Brochure=https://karizmaluce.com/wp-content/uploads/2024/10/Dea-Amata-XM.pdf
Dea Amata XM,,,,,,,,,,,,,,,,,,,Dea Amata XM 19.5W 45°,214GW94045BGF0,White,images/dea-amata/dea-amata-white-black-high-gloss.jpg,4000K,CRI>90,On/Off,IP54,,Black High Gloss reflector · White (RAL 9003),19.5W,1650lm,85lm/W,45°,Installation=https://karizmaluce.com/wp-content/uploads/2022/11/Dea-Amata-XM-Installation-manual.pdf;LDT=https://karizmaluce.com/wp-content/uploads/2022/05/Dea-Amata-XM-LDT.zip;Brochure=https://karizmaluce.com/wp-content/uploads/2024/10/Dea-Amata-XM.pdf
Dea Amata XM,,,,,,,,,,,,,,,,,,,Dea Amata XM 19.5W 45°,214GW94045BGP0,White,images/dea-amata/dea-amata-white-black-high-gloss.jpg,4000K,CRI>90,Phase Dim,IP54,,Black High Gloss reflector · White (RAL 9003),19.5W,1650lm,85lm/W,45°,Installation=https://karizmaluce.com/wp-content/uploads/2022/11/Dea-Amata-XM-Installation-manual.pdf;LDT=https://karizmaluce.com/wp-content/uploads/2022/05/Dea-Amata-XM-LDT.zip;Brochure=https://karizmaluce.com/wp-content/uploads/2024/10/Dea-Amata-XM.pdf
Dea Amata XM,,,,,,,,,,,,,,,,,,,Dea Amata XM 19.5W 45°,214GW94045BGD0,White,images/dea-amata/dea-amata-white-black-high-gloss.jpg,4000K,CRI>90,DALI,IP54,,Black High Gloss reflector · White (RAL 9003),19.5W,1650lm,85lm/W,45°,Installation=https://karizmaluce.com/wp-content/uploads/2022/11/Dea-Amata-XM-Installation-manual.pdf;LDT=https://karizmaluce.com/wp-content/uploads/2022/05/Dea-Amata-XM-LDT.zip;Brochure=https://karizmaluce.com/wp-content/uploads/2024/10/Dea-Amata-XM.pdf
Dea Amata XM,,,,,,,,,,,,,,,,,,,Dea Amata XM 20W 45°,214GW276545BGD0,White,images/dea-amata/dea-amata-white-black-high-gloss.jpg,Tuneable White,CRI>90,DALI,IP54,,Black High Gloss reflector · White (RAL 9003) · 2700–6500K tuneable white,20W,1450lm,73lm/W,45°,Installation=https://karizmaluce.com/wp-content/uploads/2022/11/Dea-Amata-XM-Installation-manual.pdf;LDT=https://karizmaluce.com/wp-content/uploads/2022/05/Dea-Amata-XM-LDT.zip;Brochure=https://karizmaluce.com/wp-content/uploads/2024/10/Dea-Amata-XM.pdf
Dea Amata XM,,,,,,,,,,,,,,,,,,,Dea Amata XM 18.5W 45°,214GW183045CHP0,White,images/dea-amata/dea-amata-white-chrome.jpg,Warm Dim,CRI>90,Phase Dim,IP54,,Chrome reflector · White (RAL 9003) · 1800–3000K dim to warm,18.5W,1250lm,68lm/W,45°,Installation=https://karizmaluce.com/wp-content/uploads/2022/11/Dea-Amata-XM-Installation-manual.pdf;LDT=https://karizmaluce.com/wp-content/uploads/2022/05/Dea-Amata-XM-LDT.zip;Brochure=https://karizmaluce.com/wp-content/uploads/2024/10/Dea-Amata-XM.pdf
Dea Amata XM,,,,,,,,,,,,,,,,,,,Dea Amata XM 18.5W 45°,214GW183045CHD0,White,images/dea-amata/dea-amata-white-chrome.jpg,Warm Dim,CRI>90,DALI,IP54,,Chrome reflector · White (RAL 9003) · 1800–3000K dim to warm,18.5W,1250lm,68lm/W,45°,Installation=https://karizmaluce.com/wp-content/uploads/2022/11/Dea-Amata-XM-Installation-manual.pdf;LDT=https://karizmaluce.com/wp-content/uploads/2022/05/Dea-Amata-XM-LDT.zip;Brochure=https://karizmaluce.com/wp-content/uploads/2024/10/Dea-Amata-XM.pdf
Dea Amata XM,,,,,,,,,,,,,,,,,,,Dea Amata XM 19.5W 45°,214GW92745CHF0,White,images/dea-amata/dea-amata-white-chrome.jpg,2700K,CRI>90,On/Off,IP54,,Chrome reflector · White (RAL 9003),19.5W,1630lm,84lm/W,45°,Installation=https://karizmaluce.com/wp-content/uploads/2022/11/Dea-Amata-XM-Installation-manual.pdf;LDT=https://karizmaluce.com/wp-content/uploads/2022/05/Dea-Amata-XM-LDT.zip;Brochure=https://karizmaluce.com/wp-content/uploads/2024/10/Dea-Amata-XM.pdf
Dea Amata XM,,,,,,,,,,,,,,,,,,,Dea Amata XM 19.5W 45°,214GW92745CHP0,White,images/dea-amata/dea-amata-white-chrome.jpg,2700K,CRI>90,Phase Dim,IP54,,Chrome reflector · White (RAL 9003),19.5W,1630lm,84lm/W,45°,Installation=https://karizmaluce.com/wp-content/uploads/2022/11/Dea-Amata-XM-Installation-manual.pdf;LDT=https://karizmaluce.com/wp-content/uploads/2022/05/Dea-Amata-XM-LDT.zip;Brochure=https://karizmaluce.com/wp-content/uploads/2024/10/Dea-Amata-XM.pdf
Dea Amata XM,,,,,,,,,,,,,,,,,,,Dea Amata XM 19.5W 45°,214GW92745CHD0,White,images/dea-amata/dea-amata-white-chrome.jpg,2700K,CRI>90,DALI,IP54,,Chrome reflector · White (RAL 9003),19.5W,1630lm,84lm/W,45°,Installation=https://karizmaluce.com/wp-content/uploads/2022/11/Dea-Amata-XM-Installation-manual.pdf;LDT=https://karizmaluce.com/wp-content/uploads/2022/05/Dea-Amata-XM-LDT.zip;Brochure=https://karizmaluce.com/wp-content/uploads/2024/10/Dea-Amata-XM.pdf
Dea Amata XM,,,,,,,,,,,,,,,,,,,Dea Amata XM 19.5W 45°,214GW93045CHF0,White,images/dea-amata/dea-amata-white-chrome.jpg,3000K,CRI>90,On/Off,IP54,,Chrome reflector · White (RAL 9003),19.5W,1700lm,87lm/W,45°,Installation=https://karizmaluce.com/wp-content/uploads/2022/11/Dea-Amata-XM-Installation-manual.pdf;LDT=https://karizmaluce.com/wp-content/uploads/2022/05/Dea-Amata-XM-LDT.zip;Brochure=https://karizmaluce.com/wp-content/uploads/2024/10/Dea-Amata-XM.pdf
Dea Amata XM,,,,,,,,,,,,,,,,,,,Dea Amata XM 19.5W 45°,214GW93045CHP0,White,images/dea-amata/dea-amata-white-chrome.jpg,3000K,CRI>90,Phase Dim,IP54,,Chrome reflector · White (RAL 9003),19.5W,1700lm,87lm/W,45°,Installation=https://karizmaluce.com/wp-content/uploads/2022/11/Dea-Amata-XM-Installation-manual.pdf;LDT=https://karizmaluce.com/wp-content/uploads/2022/05/Dea-Amata-XM-LDT.zip;Brochure=https://karizmaluce.com/wp-content/uploads/2024/10/Dea-Amata-XM.pdf
Dea Amata XM,,,,,,,,,,,,,,,,,,,Dea Amata XM 19.5W 45°,214GW93045CHD0,White,images/dea-amata/dea-amata-white-chrome.jpg,3000K,CRI>90,DALI,IP54,,Chrome reflector · White (RAL 9003),19.5W,1700lm,87lm/W,45°,Installation=https://karizmaluce.com/wp-content/uploads/2022/11/Dea-Amata-XM-Installation-manual.pdf;LDT=https://karizmaluce.com/wp-content/uploads/2022/05/Dea-Amata-XM-LDT.zip;Brochure=https://karizmaluce.com/wp-content/uploads/2024/10/Dea-Amata-XM.pdf
Dea Amata XM,,,,,,,,,,,,,,,,,,,Dea Amata XM 19.5W 45°,214GW94045CHF0,White,images/dea-amata/dea-amata-white-chrome.jpg,4000K,CRI>90,On/Off,IP54,,Chrome reflector · White (RAL 9003),19.5W,1720lm,88lm/W,45°,Installation=https://karizmaluce.com/wp-content/uploads/2022/11/Dea-Amata-XM-Installation-manual.pdf;LDT=https://karizmaluce.com/wp-content/uploads/2022/05/Dea-Amata-XM-LDT.zip;Brochure=https://karizmaluce.com/wp-content/uploads/2024/10/Dea-Amata-XM.pdf
Dea Amata XM,,,,,,,,,,,,,,,,,,,Dea Amata XM 19.5W 45°,214GW94045CHP0,White,images/dea-amata/dea-amata-white-chrome.jpg,4000K,CRI>90,Phase Dim,IP54,,Chrome reflector · White (RAL 9003),19.5W,1720lm,88lm/W,45°,Installation=https://karizmaluce.com/wp-content/uploads/2022/11/Dea-Amata-XM-Installation-manual.pdf;LDT=https://karizmaluce.com/wp-content/uploads/2022/05/Dea-Amata-XM-LDT.zip;Brochure=https://karizmaluce.com/wp-content/uploads/2024/10/Dea-Amata-XM.pdf
Dea Amata XM,,,,,,,,,,,,,,,,,,,Dea Amata XM 19.5W 45°,214GW94045CHD0,White,images/dea-amata/dea-amata-white-chrome.jpg,4000K,CRI>90,DALI,IP54,,Chrome reflector · White (RAL 9003),19.5W,1720lm,88lm/W,45°,Installation=https://karizmaluce.com/wp-content/uploads/2022/11/Dea-Amata-XM-Installation-manual.pdf;LDT=https://karizmaluce.com/wp-content/uploads/2022/05/Dea-Amata-XM-LDT.zip;Brochure=https://karizmaluce.com/wp-content/uploads/2024/10/Dea-Amata-XM.pdf
Dea Amata XM,,,,,,,,,,,,,,,,,,,Dea Amata XM 20W 45°,214GW276545CHD0,White,images/dea-amata/dea-amata-white-chrome.jpg,Tuneable White,CRI>90,DALI,IP54,,Chrome reflector · White (RAL 9003) · 2700–6500K tuneable white,20W,1450lm,73lm/W,45°,Installation=https://karizmaluce.com/wp-content/uploads/2022/11/Dea-Amata-XM-Installation-manual.pdf;LDT=https://karizmaluce.com/wp-content/uploads/2022/05/Dea-Amata-XM-LDT.zip;Brochure=https://karizmaluce.com/wp-content/uploads/2024/10/Dea-Amata-XM.pdf
Dea Amata XM,,,,,,,,,,,,,,,,,,,Dea Amata XM 18.5W 45°,214GW183045BMP0,White,images/dea-amata/dea-amata-white-black-matt.jpg,Warm Dim,CRI>90,Phase Dim,IP54,,Black Matt reflector · White (RAL 9003) · 1800–3000K dim to warm,18.5W,1250lm,68lm/W,45°,Installation=https://karizmaluce.com/wp-content/uploads/2022/11/Dea-Amata-XM-Installation-manual.pdf;LDT=https://karizmaluce.com/wp-content/uploads/2022/05/Dea-Amata-XM-LDT.zip;Brochure=https://karizmaluce.com/wp-content/uploads/2024/10/Dea-Amata-XM.pdf
Dea Amata XM,,,,,,,,,,,,,,,,,,,Dea Amata XM 18.5W 45°,214GW183045BMD0,White,images/dea-amata/dea-amata-white-black-matt.jpg,Warm Dim,CRI>90,DALI,IP54,,Black Matt reflector · White (RAL 9003) · 1800–3000K dim to warm,18.5W,1250lm,68lm/W,45°,Installation=https://karizmaluce.com/wp-content/uploads/2022/11/Dea-Amata-XM-Installation-manual.pdf;LDT=https://karizmaluce.com/wp-content/uploads/2022/05/Dea-Amata-XM-LDT.zip;Brochure=https://karizmaluce.com/wp-content/uploads/2024/10/Dea-Amata-XM.pdf
Dea Amata XM,,,,,,,,,,,,,,,,,,,Dea Amata XM 19.5W 45°,214GW92745BMF0,White,images/dea-amata/dea-amata-white-black-matt.jpg,2700K,CRI>90,On/Off,IP54,,Black Matt reflector · White (RAL 9003),19.5W,1550lm,79lm/W,45°,Installation=https://karizmaluce.com/wp-content/uploads/2022/11/Dea-Amata-XM-Installation-manual.pdf;LDT=https://karizmaluce.com/wp-content/uploads/2022/05/Dea-Amata-XM-LDT.zip;Brochure=https://karizmaluce.com/wp-content/uploads/2024/10/Dea-Amata-XM.pdf
Dea Amata XM,,,,,,,,,,,,,,,,,,,Dea Amata XM 19.5W 45°,214GW92745BMP0,White,images/dea-amata/dea-amata-white-black-matt.jpg,2700K,CRI>90,Phase Dim,IP54,,Black Matt reflector · White (RAL 9003),19.5W,1550lm,79lm/W,45°,Installation=https://karizmaluce.com/wp-content/uploads/2022/11/Dea-Amata-XM-Installation-manual.pdf;LDT=https://karizmaluce.com/wp-content/uploads/2022/05/Dea-Amata-XM-LDT.zip;Brochure=https://karizmaluce.com/wp-content/uploads/2024/10/Dea-Amata-XM.pdf
Dea Amata XM,,,,,,,,,,,,,,,,,,,Dea Amata XM 19.5W 45°,214GW92745BMD0,White,images/dea-amata/dea-amata-white-black-matt.jpg,2700K,CRI>90,DALI,IP54,,Black Matt reflector · White (RAL 9003),19.5W,1550lm,79lm/W,45°,Installation=https://karizmaluce.com/wp-content/uploads/2022/11/Dea-Amata-XM-Installation-manual.pdf;LDT=https://karizmaluce.com/wp-content/uploads/2022/05/Dea-Amata-XM-LDT.zip;Brochure=https://karizmaluce.com/wp-content/uploads/2024/10/Dea-Amata-XM.pdf
Dea Amata XM,,,,,,,,,,,,,,,,,,,Dea Amata XM 19.5W 45°,214GW93045BMF0,White,images/dea-amata/dea-amata-white-black-matt.jpg,3000K,CRI>90,On/Off,IP54,,Black Matt reflector · White (RAL 9003),19.5W,1620lm,83lm/W,45°,Installation=https://karizmaluce.com/wp-content/uploads/2022/11/Dea-Amata-XM-Installation-manual.pdf;LDT=https://karizmaluce.com/wp-content/uploads/2022/05/Dea-Amata-XM-LDT.zip;Brochure=https://karizmaluce.com/wp-content/uploads/2024/10/Dea-Amata-XM.pdf
Dea Amata XM,,,,,,,,,,,,,,,,,,,Dea Amata XM 19.5W 45°,214GW93045BMP0,White,images/dea-amata/dea-amata-white-black-matt.jpg,3000K,CRI>90,Phase Dim,IP54,,Black Matt reflector · White (RAL 9003),19.5W,1620lm,83lm/W,45°,Installation=https://karizmaluce.com/wp-content/uploads/2022/11/Dea-Amata-XM-Installation-manual.pdf;LDT=https://karizmaluce.com/wp-content/uploads/2022/05/Dea-Amata-XM-LDT.zip;Brochure=https://karizmaluce.com/wp-content/uploads/2024/10/Dea-Amata-XM.pdf
Dea Amata XM,,,,,,,,,,,,,,,,,,,Dea Amata XM 19.5W 45°,214GW93045BMD0,White,images/dea-amata/dea-amata-white-black-matt.jpg,3000K,CRI>90,DALI,IP54,,Black Matt reflector · White (RAL 9003),19.5W,1620lm,83lm/W,45°,Installation=https://karizmaluce.com/wp-content/uploads/2022/11/Dea-Amata-XM-Installation-manual.pdf;LDT=https://karizmaluce.com/wp-content/uploads/2022/05/Dea-Amata-XM-LDT.zip;Brochure=https://karizmaluce.com/wp-content/uploads/2024/10/Dea-Amata-XM.pdf
Dea Amata XM,,,,,,,,,,,,,,,,,,,Dea Amata XM 19.5W 45°,214GW94045BMF0,White,images/dea-amata/dea-amata-white-black-matt.jpg,4000K,CRI>90,On/Off,IP54,,Black Matt reflector · White (RAL 9003),19.5W,1650lm,85lm/W,45°,Installation=https://karizmaluce.com/wp-content/uploads/2022/11/Dea-Amata-XM-Installation-manual.pdf;LDT=https://karizmaluce.com/wp-content/uploads/2022/05/Dea-Amata-XM-LDT.zip;Brochure=https://karizmaluce.com/wp-content/uploads/2024/10/Dea-Amata-XM.pdf
Dea Amata XM,,,,,,,,,,,,,,,,,,,Dea Amata XM 19.5W 45°,214GW94045BMP0,White,images/dea-amata/dea-amata-white-black-matt.jpg,4000K,CRI>90,Phase Dim,IP54,,Black Matt reflector · White (RAL 9003),19.5W,1650lm,85lm/W,45°,Installation=https://karizmaluce.com/wp-content/uploads/2022/11/Dea-Amata-XM-Installation-manual.pdf;LDT=https://karizmaluce.com/wp-content/uploads/2022/05/Dea-Amata-XM-LDT.zip;Brochure=https://karizmaluce.com/wp-content/uploads/2024/10/Dea-Amata-XM.pdf
Dea Amata XM,,,,,,,,,,,,,,,,,,,Dea Amata XM 19.5W 45°,214GW94045BMD0,White,images/dea-amata/dea-amata-white-black-matt.jpg,4000K,CRI>90,DALI,IP54,,Black Matt reflector · White (RAL 9003),19.5W,1650lm,85lm/W,45°,Installation=https://karizmaluce.com/wp-content/uploads/2022/11/Dea-Amata-XM-Installation-manual.pdf;LDT=https://karizmaluce.com/wp-content/uploads/2022/05/Dea-Amata-XM-LDT.zip;Brochure=https://karizmaluce.com/wp-content/uploads/2024/10/Dea-Amata-XM.pdf
Dea Amata XM,,,,,,,,,,,,,,,,,,,Dea Amata XM 20W 45°,214GW276545BMD0,White,images/dea-amata/dea-amata-white-black-matt.jpg,Tuneable White,CRI>90,DALI,IP54,,Black Matt reflector · White (RAL 9003) · 2700–6500K tuneable white,20W,1450lm,73lm/W,45°,Installation=https://karizmaluce.com/wp-content/uploads/2022/11/Dea-Amata-XM-Installation-manual.pdf;LDT=https://karizmaluce.com/wp-content/uploads/2022/05/Dea-Amata-XM-LDT.zip;Brochure=https://karizmaluce.com/wp-content/uploads/2024/10/Dea-Amata-XM.pdf
Dea Amata XM,,,,,,,,,,,,,,,,,,,Dea Amata XM 18.5W 45°,214GW183045COP0,White,images/dea-amata/dea-amata-white-copper.jpg,Warm Dim,CRI>90,Phase Dim,IP54,,Copper reflector · White (RAL 9003) · 1800–3000K dim to warm,18.5W,1250lm,68lm/W,45°,Installation=https://karizmaluce.com/wp-content/uploads/2022/11/Dea-Amata-XM-Installation-manual.pdf;LDT=https://karizmaluce.com/wp-content/uploads/2022/05/Dea-Amata-XM-LDT.zip;Brochure=https://karizmaluce.com/wp-content/uploads/2024/10/Dea-Amata-XM.pdf
Dea Amata XM,,,,,,,,,,,,,,,,,,,Dea Amata XM 18.5W 45°,214GW183045COD0,White,images/dea-amata/dea-amata-white-copper.jpg,Warm Dim,CRI>90,DALI,IP54,,Copper reflector · White (RAL 9003) · 1800–3000K dim to warm,18.5W,1250lm,68lm/W,45°,Installation=https://karizmaluce.com/wp-content/uploads/2022/11/Dea-Amata-XM-Installation-manual.pdf;LDT=https://karizmaluce.com/wp-content/uploads/2022/05/Dea-Amata-XM-LDT.zip;Brochure=https://karizmaluce.com/wp-content/uploads/2024/10/Dea-Amata-XM.pdf
Dea Amata XM,,,,,,,,,,,,,,,,,,,Dea Amata XM 19.5W 45°,214GW92745COF0,White,images/dea-amata/dea-amata-white-copper.jpg,2700K,CRI>90,On/Off,IP54,,Copper reflector · White (RAL 9003),19.5W,1580lm,81lm/W,45°,Installation=https://karizmaluce.com/wp-content/uploads/2022/11/Dea-Amata-XM-Installation-manual.pdf;LDT=https://karizmaluce.com/wp-content/uploads/2022/05/Dea-Amata-XM-LDT.zip;Brochure=https://karizmaluce.com/wp-content/uploads/2024/10/Dea-Amata-XM.pdf
Dea Amata XM,,,,,,,,,,,,,,,,,,,Dea Amata XM 19.5W 45°,214GW92745COP0,White,images/dea-amata/dea-amata-white-copper.jpg,2700K,CRI>90,Phase Dim,IP54,,Copper reflector · White (RAL 9003),19.5W,1580lm,81lm/W,45°,Installation=https://karizmaluce.com/wp-content/uploads/2022/11/Dea-Amata-XM-Installation-manual.pdf;LDT=https://karizmaluce.com/wp-content/uploads/2022/05/Dea-Amata-XM-LDT.zip;Brochure=https://karizmaluce.com/wp-content/uploads/2024/10/Dea-Amata-XM.pdf
Dea Amata XM,,,,,,,,,,,,,,,,,,,Dea Amata XM 19.5W 45°,214GW92745COD0,White,images/dea-amata/dea-amata-white-copper.jpg,2700K,CRI>90,DALI,IP54,,Copper reflector · White (RAL 9003),19.5W,1580lm,81lm/W,45°,Installation=https://karizmaluce.com/wp-content/uploads/2022/11/Dea-Amata-XM-Installation-manual.pdf;LDT=https://karizmaluce.com/wp-content/uploads/2022/05/Dea-Amata-XM-LDT.zip;Brochure=https://karizmaluce.com/wp-content/uploads/2024/10/Dea-Amata-XM.pdf
Dea Amata XM,,,,,,,,,,,,,,,,,,,Dea Amata XM 19.5W 45°,214GW93045COF0,White,images/dea-amata/dea-amata-white-copper.jpg,3000K,CRI>90,On/Off,IP54,,Copper reflector · White (RAL 9003),19.5W,1650lm,85lm/W,45°,Installation=https://karizmaluce.com/wp-content/uploads/2022/11/Dea-Amata-XM-Installation-manual.pdf;LDT=https://karizmaluce.com/wp-content/uploads/2022/05/Dea-Amata-XM-LDT.zip;Brochure=https://karizmaluce.com/wp-content/uploads/2024/10/Dea-Amata-XM.pdf
Dea Amata XM,,,,,,,,,,,,,,,,,,,Dea Amata XM 19.5W 45°,214GW93045COP0,White,images/dea-amata/dea-amata-white-copper.jpg,3000K,CRI>90,Phase Dim,IP54,,Copper reflector · White (RAL 9003),19.5W,1650lm,85lm/W,45°,Installation=https://karizmaluce.com/wp-content/uploads/2022/11/Dea-Amata-XM-Installation-manual.pdf;LDT=https://karizmaluce.com/wp-content/uploads/2022/05/Dea-Amata-XM-LDT.zip;Brochure=https://karizmaluce.com/wp-content/uploads/2024/10/Dea-Amata-XM.pdf
Dea Amata XM,,,,,,,,,,,,,,,,,,,Dea Amata XM 19.5W 45°,214GW93045COD0,White,images/dea-amata/dea-amata-white-copper.jpg,3000K,CRI>90,DALI,IP54,,Copper reflector · White (RAL 9003),19.5W,1650lm,85lm/W,45°,Installation=https://karizmaluce.com/wp-content/uploads/2022/11/Dea-Amata-XM-Installation-manual.pdf;LDT=https://karizmaluce.com/wp-content/uploads/2022/05/Dea-Amata-XM-LDT.zip;Brochure=https://karizmaluce.com/wp-content/uploads/2024/10/Dea-Amata-XM.pdf
Dea Amata XM,,,,,,,,,,,,,,,,,,,Dea Amata XM 19.5W 45°,214GW94045COF0,White,images/dea-amata/dea-amata-white-copper.jpg,4000K,CRI>90,On/Off,IP54,,Copper reflector · White (RAL 9003),19.5W,1670lm,86lm/W,45°,Installation=https://karizmaluce.com/wp-content/uploads/2022/11/Dea-Amata-XM-Installation-manual.pdf;LDT=https://karizmaluce.com/wp-content/uploads/2022/05/Dea-Amata-XM-LDT.zip;Brochure=https://karizmaluce.com/wp-content/uploads/2024/10/Dea-Amata-XM.pdf
Dea Amata XM,,,,,,,,,,,,,,,,,,,Dea Amata XM 19.5W 45°,214GW94045COP0,White,images/dea-amata/dea-amata-white-copper.jpg,4000K,CRI>90,Phase Dim,IP54,,Copper reflector · White (RAL 9003),19.5W,1670lm,86lm/W,45°,Installation=https://karizmaluce.com/wp-content/uploads/2022/11/Dea-Amata-XM-Installation-manual.pdf;LDT=https://karizmaluce.com/wp-content/uploads/2022/05/Dea-Amata-XM-LDT.zip;Brochure=https://karizmaluce.com/wp-content/uploads/2024/10/Dea-Amata-XM.pdf
Dea Amata XM,,,,,,,,,,,,,,,,,,,Dea Amata XM 19.5W 45°,214GW94045COD0,White,images/dea-amata/dea-amata-white-copper.jpg,4000K,CRI>90,DALI,IP54,,Copper reflector · White (RAL 9003),19.5W,1670lm,86lm/W,45°,Installation=https://karizmaluce.com/wp-content/uploads/2022/11/Dea-Amata-XM-Installation-manual.pdf;LDT=https://karizmaluce.com/wp-content/uploads/2022/05/Dea-Amata-XM-LDT.zip;Brochure=https://karizmaluce.com/wp-content/uploads/2024/10/Dea-Amata-XM.pdf
Dea Amata XM,,,,,,,,,,,,,,,,,,,Dea Amata XM 20W 45°,214GW276545COD0,White,images/dea-amata/dea-amata-white-copper.jpg,Tuneable White,CRI>90,DALI,IP54,,Copper reflector · White (RAL 9003) · 2700–6500K tuneable white,20W,1450lm,73lm/W,45°,Installation=https://karizmaluce.com/wp-content/uploads/2022/11/Dea-Amata-XM-Installation-manual.pdf;LDT=https://karizmaluce.com/wp-content/uploads/2022/05/Dea-Amata-XM-LDT.zip;Brochure=https://karizmaluce.com/wp-content/uploads/2024/10/Dea-Amata-XM.pdf
Dea Amata L,Karizma Luce,Interior,Recessed Downlight,"A high-output, low-glare downlight for higher ceilings.","Dea Amata L is a fixed downlight for a Ø150mm cut-out, combining high output with ultra-low glare for higher ceilings. Made for premium offices, hotels, retail, medical practices and restaurants. Seven reflector finishes in a black or white trim.","Recessed fixed downlight with deep-set LED. Die-cast aluminium housing in black or white. Reflectors: Gold | Silver High Gloss | White | Black High Gloss | Chrome | Black Matt | Copper. Cut-out Ø150mm. CRI 90. 3-step MacAdam. Lifetime 50,000h. Class II. Replaceable LED and driver.",2700K | 3000K | 4000K | Warm Dim | Tuneable White,CRI>90,On/Off | Phase Dim | DALI,IP43,Black | White,recessed-round,,images/dea-amata/dea-amata-l-thumb.jpg;images/dea-amata/dea-amata-dimensions-l.png,,,images/dea-amata/dea-amata-dimensions-l.png,Ø157 × 105mm · cut-out Ø150mm,Dea Amata L 26W 45°,215FB92750GOF0,Black,images/dea-amata/dea-amata-black-gold.jpg,2700K,CRI>90,On/Off,IP43,,Gold reflector · Black (RAL 9005),26W,2430lm,93lm/W,45°,Installation=https://karizmaluce.com/wp-content/uploads/2022/11/Dea-Amata-L-Installation-manual.pdf;LDT=https://karizmaluce.com/wp-content/uploads/2022/05/Dea-Amata-L-LDT.zip;Brochure=https://karizmaluce.com/wp-content/uploads/2024/10/Dea-Amata-L.pdf
Dea Amata L,,,,,,,,,,,,,,,,,,,Dea Amata L 26W 45°,215FB92750GOP0,Black,images/dea-amata/dea-amata-black-gold.jpg,2700K,CRI>90,Phase Dim,IP43,,Gold reflector · Black (RAL 9005),26W,2430lm,93lm/W,45°,Installation=https://karizmaluce.com/wp-content/uploads/2022/11/Dea-Amata-L-Installation-manual.pdf;LDT=https://karizmaluce.com/wp-content/uploads/2022/05/Dea-Amata-L-LDT.zip;Brochure=https://karizmaluce.com/wp-content/uploads/2024/10/Dea-Amata-L.pdf
Dea Amata L,,,,,,,,,,,,,,,,,,,Dea Amata L 26W 45°,215FB92750GOD0,Black,images/dea-amata/dea-amata-black-gold.jpg,2700K,CRI>90,DALI,IP43,,Gold reflector · Black (RAL 9005),26W,2430lm,93lm/W,45°,Installation=https://karizmaluce.com/wp-content/uploads/2022/11/Dea-Amata-L-Installation-manual.pdf;LDT=https://karizmaluce.com/wp-content/uploads/2022/05/Dea-Amata-L-LDT.zip;Brochure=https://karizmaluce.com/wp-content/uploads/2024/10/Dea-Amata-L.pdf
Dea Amata L,,,,,,,,,,,,,,,,,,,Dea Amata L 26W 45°,215FB93050GOF0,Black,images/dea-amata/dea-amata-black-gold.jpg,3000K,CRI>90,On/Off,IP43,,Gold reflector · Black (RAL 9005),26W,2520lm,97lm/W,45°,Installation=https://karizmaluce.com/wp-content/uploads/2022/11/Dea-Amata-L-Installation-manual.pdf;LDT=https://karizmaluce.com/wp-content/uploads/2022/05/Dea-Amata-L-LDT.zip;Brochure=https://karizmaluce.com/wp-content/uploads/2024/10/Dea-Amata-L.pdf
Dea Amata L,,,,,,,,,,,,,,,,,,,Dea Amata L 26W 45°,215FB93050GOP0,Black,images/dea-amata/dea-amata-black-gold.jpg,3000K,CRI>90,Phase Dim,IP43,,Gold reflector · Black (RAL 9005),26W,2520lm,97lm/W,45°,Installation=https://karizmaluce.com/wp-content/uploads/2022/11/Dea-Amata-L-Installation-manual.pdf;LDT=https://karizmaluce.com/wp-content/uploads/2022/05/Dea-Amata-L-LDT.zip;Brochure=https://karizmaluce.com/wp-content/uploads/2024/10/Dea-Amata-L.pdf
Dea Amata L,,,,,,,,,,,,,,,,,,,Dea Amata L 26W 45°,215FB93050GOD0,Black,images/dea-amata/dea-amata-black-gold.jpg,3000K,CRI>90,DALI,IP43,,Gold reflector · Black (RAL 9005),26W,2520lm,97lm/W,45°,Installation=https://karizmaluce.com/wp-content/uploads/2022/11/Dea-Amata-L-Installation-manual.pdf;LDT=https://karizmaluce.com/wp-content/uploads/2022/05/Dea-Amata-L-LDT.zip;Brochure=https://karizmaluce.com/wp-content/uploads/2024/10/Dea-Amata-L.pdf
Dea Amata L,,,,,,,,,,,,,,,,,,,Dea Amata L 26W 45°,215FB94050GOF0,Black,images/dea-amata/dea-amata-black-gold.jpg,4000K,CRI>90,On/Off,IP43,,Gold reflector · Black (RAL 9005),26W,2590lm,99lm/W,45°,Installation=https://karizmaluce.com/wp-content/uploads/2022/11/Dea-Amata-L-Installation-manual.pdf;LDT=https://karizmaluce.com/wp-content/uploads/2022/05/Dea-Amata-L-LDT.zip;Brochure=https://karizmaluce.com/wp-content/uploads/2024/10/Dea-Amata-L.pdf
Dea Amata L,,,,,,,,,,,,,,,,,,,Dea Amata L 26W 45°,215FB94050GOP0,Black,images/dea-amata/dea-amata-black-gold.jpg,4000K,CRI>90,Phase Dim,IP43,,Gold reflector · Black (RAL 9005),26W,2590lm,99lm/W,45°,Installation=https://karizmaluce.com/wp-content/uploads/2022/11/Dea-Amata-L-Installation-manual.pdf;LDT=https://karizmaluce.com/wp-content/uploads/2022/05/Dea-Amata-L-LDT.zip;Brochure=https://karizmaluce.com/wp-content/uploads/2024/10/Dea-Amata-L.pdf
Dea Amata L,,,,,,,,,,,,,,,,,,,Dea Amata L 26W 45°,215FB94050GOD0,Black,images/dea-amata/dea-amata-black-gold.jpg,4000K,CRI>90,DALI,IP43,,Gold reflector · Black (RAL 9005),26W,2590lm,99lm/W,45°,Installation=https://karizmaluce.com/wp-content/uploads/2022/11/Dea-Amata-L-Installation-manual.pdf;LDT=https://karizmaluce.com/wp-content/uploads/2022/05/Dea-Amata-L-LDT.zip;Brochure=https://karizmaluce.com/wp-content/uploads/2024/10/Dea-Amata-L.pdf
Dea Amata L,,,,,,,,,,,,,,,,,,,Dea Amata L 27W 35°,215IB183040GOP0,Black,images/dea-amata/dea-amata-black-gold.jpg,Warm Dim,CRI>90,Phase Dim,IP43,,Gold reflector · Black (RAL 9005) · 1800–3000K dim to warm,27W,2100lm,78lm/W,35°,Installation=https://karizmaluce.com/wp-content/uploads/2022/11/Dea-Amata-L-Installation-manual.pdf;LDT=https://karizmaluce.com/wp-content/uploads/2022/05/Dea-Amata-L-LDT.zip;Brochure=https://karizmaluce.com/wp-content/uploads/2024/10/Dea-Amata-L.pdf
Dea Amata L,,,,,,,,,,,,,,,,,,,Dea Amata L 27W 35°,215IB183040GOD0,Black,images/dea-amata/dea-amata-black-gold.jpg,Warm Dim,CRI>90,DALI,IP43,,Gold reflector · Black (RAL 9005) · 1800–3000K dim to warm,27W,2100lm,78lm/W,35°,Installation=https://karizmaluce.com/wp-content/uploads/2022/11/Dea-Amata-L-Installation-manual.pdf;LDT=https://karizmaluce.com/wp-content/uploads/2022/05/Dea-Amata-L-LDT.zip;Brochure=https://karizmaluce.com/wp-content/uploads/2024/10/Dea-Amata-L.pdf
Dea Amata L,,,,,,,,,,,,,,,,,,,Dea Amata L 28W 35°,215FB276540GOD0,Black,images/dea-amata/dea-amata-black-gold.jpg,Tuneable White,CRI>90,DALI,IP43,,Gold reflector · Black (RAL 9005) · 2700–6500K tuneable white,28W,2250lm,80lm/W,35°,Installation=https://karizmaluce.com/wp-content/uploads/2022/11/Dea-Amata-L-Installation-manual.pdf;LDT=https://karizmaluce.com/wp-content/uploads/2022/05/Dea-Amata-L-LDT.zip;Brochure=https://karizmaluce.com/wp-content/uploads/2024/10/Dea-Amata-L.pdf
Dea Amata L,,,,,,,,,,,,,,,,,,,Dea Amata L 26W 35°,215FB92735SGF0,Black,images/dea-amata/dea-amata-black-silver-high-gloss.jpg,2700K,CRI>90,On/Off,IP43,,Silver High Gloss reflector · Black (RAL 9005),26W,2720lm,105lm/W,35°,Installation=https://karizmaluce.com/wp-content/uploads/2022/11/Dea-Amata-L-Installation-manual.pdf;LDT=https://karizmaluce.com/wp-content/uploads/2022/05/Dea-Amata-L-LDT.zip;Brochure=https://karizmaluce.com/wp-content/uploads/2024/10/Dea-Amata-L.pdf
Dea Amata L,,,,,,,,,,,,,,,,,,,Dea Amata L 26W 35°,215FB92735SGP0,Black,images/dea-amata/dea-amata-black-silver-high-gloss.jpg,2700K,CRI>90,Phase Dim,IP43,,Silver High Gloss reflector · Black (RAL 9005),26W,2720lm,105lm/W,35°,Installation=https://karizmaluce.com/wp-content/uploads/2022/11/Dea-Amata-L-Installation-manual.pdf;LDT=https://karizmaluce.com/wp-content/uploads/2022/05/Dea-Amata-L-LDT.zip;Brochure=https://karizmaluce.com/wp-content/uploads/2024/10/Dea-Amata-L.pdf
Dea Amata L,,,,,,,,,,,,,,,,,,,Dea Amata L 26W 35°,215FB92735SGD0,Black,images/dea-amata/dea-amata-black-silver-high-gloss.jpg,2700K,CRI>90,DALI,IP43,,Silver High Gloss reflector · Black (RAL 9005),26W,2720lm,105lm/W,35°,Installation=https://karizmaluce.com/wp-content/uploads/2022/11/Dea-Amata-L-Installation-manual.pdf;LDT=https://karizmaluce.com/wp-content/uploads/2022/05/Dea-Amata-L-LDT.zip;Brochure=https://karizmaluce.com/wp-content/uploads/2024/10/Dea-Amata-L.pdf
Dea Amata L,,,,,,,,,,,,,,,,,,,Dea Amata L 26W 35°,215GB93035SGF0,Black,images/dea-amata/dea-amata-black-silver-high-gloss.jpg,3000K,CRI>90,On/Off,IP43,,Silver High Gloss reflector · Black (RAL 9005),26W,2830lm,109lm/W,35°,Installation=https://karizmaluce.com/wp-content/uploads/2022/11/Dea-Amata-L-Installation-manual.pdf;LDT=https://karizmaluce.com/wp-content/uploads/2022/05/Dea-Amata-L-LDT.zip;Brochure=https://karizmaluce.com/wp-content/uploads/2024/10/Dea-Amata-L.pdf
Dea Amata L,,,,,,,,,,,,,,,,,,,Dea Amata L 26W 35°,215GB93035SGP0,Black,images/dea-amata/dea-amata-black-silver-high-gloss.jpg,3000K,CRI>90,Phase Dim,IP43,,Silver High Gloss reflector · Black (RAL 9005),26W,2830lm,109lm/W,35°,Installation=https://karizmaluce.com/wp-content/uploads/2022/11/Dea-Amata-L-Installation-manual.pdf;LDT=https://karizmaluce.com/wp-content/uploads/2022/05/Dea-Amata-L-LDT.zip;Brochure=https://karizmaluce.com/wp-content/uploads/2024/10/Dea-Amata-L.pdf
Dea Amata L,,,,,,,,,,,,,,,,,,,Dea Amata L 26W 35°,215GB93035SGD0,Black,images/dea-amata/dea-amata-black-silver-high-gloss.jpg,3000K,CRI>90,DALI,IP43,,Silver High Gloss reflector · Black (RAL 9005),26W,2830lm,109lm/W,35°,Installation=https://karizmaluce.com/wp-content/uploads/2022/11/Dea-Amata-L-Installation-manual.pdf;LDT=https://karizmaluce.com/wp-content/uploads/2022/05/Dea-Amata-L-LDT.zip;Brochure=https://karizmaluce.com/wp-content/uploads/2024/10/Dea-Amata-L.pdf
Dea Amata L,,,,,,,,,,,,,,,,,,,Dea Amata L 26W 35°,215GB94035SGF0,Black,images/dea-amata/dea-amata-black-silver-high-gloss.jpg,4000K,CRI>90,On/Off,IP43,,Silver High Gloss reflector · Black (RAL 9005),26W,2900lm,112lm/W,35°,Installation=https://karizmaluce.com/wp-content/uploads/2022/11/Dea-Amata-L-Installation-manual.pdf;LDT=https://karizmaluce.com/wp-content/uploads/2022/05/Dea-Amata-L-LDT.zip;Brochure=https://karizmaluce.com/wp-content/uploads/2024/10/Dea-Amata-L.pdf
Dea Amata L,,,,,,,,,,,,,,,,,,,Dea Amata L 26W 35°,215GB94035SGP0,Black,images/dea-amata/dea-amata-black-silver-high-gloss.jpg,4000K,CRI>90,Phase Dim,IP43,,Silver High Gloss reflector · Black (RAL 9005),26W,2900lm,112lm/W,35°,Installation=https://karizmaluce.com/wp-content/uploads/2022/11/Dea-Amata-L-Installation-manual.pdf;LDT=https://karizmaluce.com/wp-content/uploads/2022/05/Dea-Amata-L-LDT.zip;Brochure=https://karizmaluce.com/wp-content/uploads/2024/10/Dea-Amata-L.pdf
Dea Amata L,,,,,,,,,,,,,,,,,,,Dea Amata L 26W 35°,215GB94035SGD0,Black,images/dea-amata/dea-amata-black-silver-high-gloss.jpg,4000K,CRI>90,DALI,IP43,,Silver High Gloss reflector · Black (RAL 9005),26W,2900lm,112lm/W,35°,Installation=https://karizmaluce.com/wp-content/uploads/2022/11/Dea-Amata-L-Installation-manual.pdf;LDT=https://karizmaluce.com/wp-content/uploads/2022/05/Dea-Amata-L-LDT.zip;Brochure=https://karizmaluce.com/wp-content/uploads/2024/10/Dea-Amata-L.pdf
Dea Amata L,,,,,,,,,,,,,,,,,,,Dea Amata L 27W 35°,215IB183040SGP0,Black,images/dea-amata/dea-amata-black-silver-high-gloss.jpg,Warm Dim,CRI>90,Phase Dim,IP43,,Silver High Gloss reflector · Black (RAL 9005) · 1800–3000K dim to warm,27W,2100lm,78lm/W,35°,Installation=https://karizmaluce.com/wp-content/uploads/2022/11/Dea-Amata-L-Installation-manual.pdf;LDT=https://karizmaluce.com/wp-content/uploads/2022/05/Dea-Amata-L-LDT.zip;Brochure=https://karizmaluce.com/wp-content/uploads/2024/10/Dea-Amata-L.pdf
Dea Amata L,,,,,,,,,,,,,,,,,,,Dea Amata L 27W 35°,215IB183040SGD0,Black,images/dea-amata/dea-amata-black-silver-high-gloss.jpg,Warm Dim,CRI>90,DALI,IP43,,Silver High Gloss reflector · Black (RAL 9005) · 1800–3000K dim to warm,27W,2100lm,78lm/W,35°,Installation=https://karizmaluce.com/wp-content/uploads/2022/11/Dea-Amata-L-Installation-manual.pdf;LDT=https://karizmaluce.com/wp-content/uploads/2022/05/Dea-Amata-L-LDT.zip;Brochure=https://karizmaluce.com/wp-content/uploads/2024/10/Dea-Amata-L.pdf
Dea Amata L,,,,,,,,,,,,,,,,,,,Dea Amata L 28W 35°,215FB276540SGD0,Black,images/dea-amata/dea-amata-black-silver-high-gloss.jpg,Tuneable White,CRI>90,DALI,IP43,,Silver High Gloss reflector · Black (RAL 9005) · 2700–6500K tuneable white,28W,2250lm,80lm/W,35°,Installation=https://karizmaluce.com/wp-content/uploads/2022/11/Dea-Amata-L-Installation-manual.pdf;LDT=https://karizmaluce.com/wp-content/uploads/2022/05/Dea-Amata-L-LDT.zip;Brochure=https://karizmaluce.com/wp-content/uploads/2024/10/Dea-Amata-L.pdf
Dea Amata L,,,,,,,,,,,,,,,,,,,Dea Amata L 26W 50°,215FB92750WHF0,Black,images/dea-amata/dea-amata-black-white.jpg,2700K,CRI>90,On/Off,IP43,,White reflector · Black (RAL 9005),26W,2500lm,100lm/W,50°,Installation=https://karizmaluce.com/wp-content/uploads/2022/11/Dea-Amata-L-Installation-manual.pdf;LDT=https://karizmaluce.com/wp-content/uploads/2022/05/Dea-Amata-L-LDT.zip;Brochure=https://karizmaluce.com/wp-content/uploads/2024/10/Dea-Amata-L.pdf
Dea Amata L,,,,,,,,,,,,,,,,,,,Dea Amata L 26W 50°,215FB92750WHP0,Black,images/dea-amata/dea-amata-black-white.jpg,2700K,CRI>90,Phase Dim,IP43,,White reflector · Black (RAL 9005),26W,2500lm,100lm/W,50°,Installation=https://karizmaluce.com/wp-content/uploads/2022/11/Dea-Amata-L-Installation-manual.pdf;LDT=https://karizmaluce.com/wp-content/uploads/2022/05/Dea-Amata-L-LDT.zip;Brochure=https://karizmaluce.com/wp-content/uploads/2024/10/Dea-Amata-L.pdf
Dea Amata L,,,,,,,,,,,,,,,,,,,Dea Amata L 26W 50°,215FB92750WHD0,Black,images/dea-amata/dea-amata-black-white.jpg,2700K,CRI>90,DALI,IP43,,White reflector · Black (RAL 9005),26W,2500lm,100lm/W,50°,Installation=https://karizmaluce.com/wp-content/uploads/2022/11/Dea-Amata-L-Installation-manual.pdf;LDT=https://karizmaluce.com/wp-content/uploads/2022/05/Dea-Amata-L-LDT.zip;Brochure=https://karizmaluce.com/wp-content/uploads/2024/10/Dea-Amata-L.pdf
Dea Amata L,,,,,,,,,,,,,,,,,,,Dea Amata L 26W 50°,215FB93050WHF0,Black,images/dea-amata/dea-amata-black-white.jpg,3000K,CRI>90,On/Off,IP43,,White reflector · Black (RAL 9005),26W,2600lm,104lm/W,50°,Installation=https://karizmaluce.com/wp-content/uploads/2022/11/Dea-Amata-L-Installation-manual.pdf;LDT=https://karizmaluce.com/wp-content/uploads/2022/05/Dea-Amata-L-LDT.zip;Brochure=https://karizmaluce.com/wp-content/uploads/2024/10/Dea-Amata-L.pdf
Dea Amata L,,,,,,,,,,,,,,,,,,,Dea Amata L 26W 50°,215FB93050WHP0,Black,images/dea-amata/dea-amata-black-white.jpg,3000K,CRI>90,Phase Dim,IP43,,White reflector · Black (RAL 9005),26W,2600lm,104lm/W,50°,Installation=https://karizmaluce.com/wp-content/uploads/2022/11/Dea-Amata-L-Installation-manual.pdf;LDT=https://karizmaluce.com/wp-content/uploads/2022/05/Dea-Amata-L-LDT.zip;Brochure=https://karizmaluce.com/wp-content/uploads/2024/10/Dea-Amata-L.pdf
Dea Amata L,,,,,,,,,,,,,,,,,,,Dea Amata L 26W 50°,215FB93050WHD0,Black,images/dea-amata/dea-amata-black-white.jpg,3000K,CRI>90,DALI,IP43,,White reflector · Black (RAL 9005),26W,2600lm,104lm/W,50°,Installation=https://karizmaluce.com/wp-content/uploads/2022/11/Dea-Amata-L-Installation-manual.pdf;LDT=https://karizmaluce.com/wp-content/uploads/2022/05/Dea-Amata-L-LDT.zip;Brochure=https://karizmaluce.com/wp-content/uploads/2024/10/Dea-Amata-L.pdf
Dea Amata L,,,,,,,,,,,,,,,,,,,Dea Amata L 26W 50°,215FB94050WHF0,Black,images/dea-amata/dea-amata-black-white.jpg,4000K,CRI>90,On/Off,IP43,,White reflector · Black (RAL 9005),26W,2650lm,107lm/W,50°,Installation=https://karizmaluce.com/wp-content/uploads/2022/11/Dea-Amata-L-Installation-manual.pdf;LDT=https://karizmaluce.com/wp-content/uploads/2022/05/Dea-Amata-L-LDT.zip;Brochure=https://karizmaluce.com/wp-content/uploads/2024/10/Dea-Amata-L.pdf
Dea Amata L,,,,,,,,,,,,,,,,,,,Dea Amata L 26W 50°,215FB94050WHP0,Black,images/dea-amata/dea-amata-black-white.jpg,4000K,CRI>90,Phase Dim,IP43,,White reflector · Black (RAL 9005),26W,2650lm,107lm/W,50°,Installation=https://karizmaluce.com/wp-content/uploads/2022/11/Dea-Amata-L-Installation-manual.pdf;LDT=https://karizmaluce.com/wp-content/uploads/2022/05/Dea-Amata-L-LDT.zip;Brochure=https://karizmaluce.com/wp-content/uploads/2024/10/Dea-Amata-L.pdf
Dea Amata L,,,,,,,,,,,,,,,,,,,Dea Amata L 26W 50°,215FB94050WHD0,Black,images/dea-amata/dea-amata-black-white.jpg,4000K,CRI>90,DALI,IP43,,White reflector · Black (RAL 9005),26W,2650lm,107lm/W,50°,Installation=https://karizmaluce.com/wp-content/uploads/2022/11/Dea-Amata-L-Installation-manual.pdf;LDT=https://karizmaluce.com/wp-content/uploads/2022/05/Dea-Amata-L-LDT.zip;Brochure=https://karizmaluce.com/wp-content/uploads/2024/10/Dea-Amata-L.pdf
Dea Amata L,,,,,,,,,,,,,,,,,,,Dea Amata L 27W 35°,215IB183040WHP0,Black,images/dea-amata/dea-amata-black-white.jpg,Warm Dim,CRI>90,Phase Dim,IP43,,White reflector · Black (RAL 9005) · 1800–3000K dim to warm,27W,2100lm,78lm/W,35°,Installation=https://karizmaluce.com/wp-content/uploads/2022/11/Dea-Amata-L-Installation-manual.pdf;LDT=https://karizmaluce.com/wp-content/uploads/2022/05/Dea-Amata-L-LDT.zip;Brochure=https://karizmaluce.com/wp-content/uploads/2024/10/Dea-Amata-L.pdf
Dea Amata L,,,,,,,,,,,,,,,,,,,Dea Amata L 27W 35°,215IB183040WHD0,Black,images/dea-amata/dea-amata-black-white.jpg,Warm Dim,CRI>90,DALI,IP43,,White reflector · Black (RAL 9005) · 1800–3000K dim to warm,27W,2100lm,78lm/W,35°,Installation=https://karizmaluce.com/wp-content/uploads/2022/11/Dea-Amata-L-Installation-manual.pdf;LDT=https://karizmaluce.com/wp-content/uploads/2022/05/Dea-Amata-L-LDT.zip;Brochure=https://karizmaluce.com/wp-content/uploads/2024/10/Dea-Amata-L.pdf
Dea Amata L,,,,,,,,,,,,,,,,,,,Dea Amata L 28W 35°,215FB276540WHD0,Black,images/dea-amata/dea-amata-black-white.jpg,Tuneable White,CRI>90,DALI,IP43,,White reflector · Black (RAL 9005) · 2700–6500K tuneable white,28W,2250lm,80lm/W,35°,Installation=https://karizmaluce.com/wp-content/uploads/2022/11/Dea-Amata-L-Installation-manual.pdf;LDT=https://karizmaluce.com/wp-content/uploads/2022/05/Dea-Amata-L-LDT.zip;Brochure=https://karizmaluce.com/wp-content/uploads/2024/10/Dea-Amata-L.pdf
Dea Amata L,,,,,,,,,,,,,,,,,,,Dea Amata L 26W 40°,215FB92740BGF0,Black,images/dea-amata/dea-amata-black-black-high-gloss.jpg,2700K,CRI>90,On/Off,IP43,,Black High Gloss reflector · Black (RAL 9005),26W,2460lm,95lm/W,40°,Installation=https://karizmaluce.com/wp-content/uploads/2022/11/Dea-Amata-L-Installation-manual.pdf;LDT=https://karizmaluce.com/wp-content/uploads/2022/05/Dea-Amata-L-LDT.zip;Brochure=https://karizmaluce.com/wp-content/uploads/2024/10/Dea-Amata-L.pdf
Dea Amata L,,,,,,,,,,,,,,,,,,,Dea Amata L 26W 40°,215FB92740BGP0,Black,images/dea-amata/dea-amata-black-black-high-gloss.jpg,2700K,CRI>90,Phase Dim,IP43,,Black High Gloss reflector · Black (RAL 9005),26W,2460lm,95lm/W,40°,Installation=https://karizmaluce.com/wp-content/uploads/2022/11/Dea-Amata-L-Installation-manual.pdf;LDT=https://karizmaluce.com/wp-content/uploads/2022/05/Dea-Amata-L-LDT.zip;Brochure=https://karizmaluce.com/wp-content/uploads/2024/10/Dea-Amata-L.pdf
Dea Amata L,,,,,,,,,,,,,,,,,,,Dea Amata L 26W 40°,215FB92740BGD0,Black,images/dea-amata/dea-amata-black-black-high-gloss.jpg,2700K,CRI>90,DALI,IP43,,Black High Gloss reflector · Black (RAL 9005),26W,2460lm,95lm/W,40°,Installation=https://karizmaluce.com/wp-content/uploads/2022/11/Dea-Amata-L-Installation-manual.pdf;LDT=https://karizmaluce.com/wp-content/uploads/2022/05/Dea-Amata-L-LDT.zip;Brochure=https://karizmaluce.com/wp-content/uploads/2024/10/Dea-Amata-L.pdf
Dea Amata L,,,,,,,,,,,,,,,,,,,Dea Amata L 26W 40°,215FB93040BGF0,Black,images/dea-amata/dea-amata-black-black-high-gloss.jpg,3000K,CRI>90,On/Off,IP43,,Black High Gloss reflector · Black (RAL 9005),26W,2550lm,98lm/W,40°,Installation=https://karizmaluce.com/wp-content/uploads/2022/11/Dea-Amata-L-Installation-manual.pdf;LDT=https://karizmaluce.com/wp-content/uploads/2022/05/Dea-Amata-L-LDT.zip;Brochure=https://karizmaluce.com/wp-content/uploads/2024/10/Dea-Amata-L.pdf
Dea Amata L,,,,,,,,,,,,,,,,,,,Dea Amata L 26W 40°,215FB93040BGP0,Black,images/dea-amata/dea-amata-black-black-high-gloss.jpg,3000K,CRI>90,Phase Dim,IP43,,Black High Gloss reflector · Black (RAL 9005),26W,2550lm,98lm/W,40°,Installation=https://karizmaluce.com/wp-content/uploads/2022/11/Dea-Amata-L-Installation-manual.pdf;LDT=https://karizmaluce.com/wp-content/uploads/2022/05/Dea-Amata-L-LDT.zip;Brochure=https://karizmaluce.com/wp-content/uploads/2024/10/Dea-Amata-L.pdf
Dea Amata L,,,,,,,,,,,,,,,,,,,Dea Amata L 26W 40°,215FB93040BGD0,Black,images/dea-amata/dea-amata-black-black-high-gloss.jpg,3000K,CRI>90,DALI,IP43,,Black High Gloss reflector · Black (RAL 9005),26W,2550lm,98lm/W,40°,Installation=https://karizmaluce.com/wp-content/uploads/2022/11/Dea-Amata-L-Installation-manual.pdf;LDT=https://karizmaluce.com/wp-content/uploads/2022/05/Dea-Amata-L-LDT.zip;Brochure=https://karizmaluce.com/wp-content/uploads/2024/10/Dea-Amata-L.pdf
Dea Amata L,,,,,,,,,,,,,,,,,,,Dea Amata L 26W 40°,215FB94040BGF0,Black,images/dea-amata/dea-amata-black-black-high-gloss.jpg,4000K,CRI>90,On/Off,IP43,,Black High Gloss reflector · Black (RAL 9005),26W,2620lm,100lm/W,40°,Installation=https://karizmaluce.com/wp-content/uploads/2022/11/Dea-Amata-L-Installation-manual.pdf;LDT=https://karizmaluce.com/wp-content/uploads/2022/05/Dea-Amata-L-LDT.zip;Brochure=https://karizmaluce.com/wp-content/uploads/2024/10/Dea-Amata-L.pdf
Dea Amata L,,,,,,,,,,,,,,,,,,,Dea Amata L 26W 40°,215FB94040BGP0,Black,images/dea-amata/dea-amata-black-black-high-gloss.jpg,4000K,CRI>90,Phase Dim,IP43,,Black High Gloss reflector · Black (RAL 9005),26W,2620lm,100lm/W,40°,Installation=https://karizmaluce.com/wp-content/uploads/2022/11/Dea-Amata-L-Installation-manual.pdf;LDT=https://karizmaluce.com/wp-content/uploads/2022/05/Dea-Amata-L-LDT.zip;Brochure=https://karizmaluce.com/wp-content/uploads/2024/10/Dea-Amata-L.pdf
Dea Amata L,,,,,,,,,,,,,,,,,,,Dea Amata L 26W 40°,215FB94040BGD0,Black,images/dea-amata/dea-amata-black-black-high-gloss.jpg,4000K,CRI>90,DALI,IP43,,Black High Gloss reflector · Black (RAL 9005),26W,2620lm,100lm/W,40°,Installation=https://karizmaluce.com/wp-content/uploads/2022/11/Dea-Amata-L-Installation-manual.pdf;LDT=https://karizmaluce.com/wp-content/uploads/2022/05/Dea-Amata-L-LDT.zip;Brochure=https://karizmaluce.com/wp-content/uploads/2024/10/Dea-Amata-L.pdf
Dea Amata L,,,,,,,,,,,,,,,,,,,Dea Amata L 27W 35°,215IB183040BGP0,Black,images/dea-amata/dea-amata-black-black-high-gloss.jpg,Warm Dim,CRI>90,Phase Dim,IP43,,Black High Gloss reflector · Black (RAL 9005) · 1800–3000K dim to warm,27W,2100lm,78lm/W,35°,Installation=https://karizmaluce.com/wp-content/uploads/2022/11/Dea-Amata-L-Installation-manual.pdf;LDT=https://karizmaluce.com/wp-content/uploads/2022/05/Dea-Amata-L-LDT.zip;Brochure=https://karizmaluce.com/wp-content/uploads/2024/10/Dea-Amata-L.pdf
Dea Amata L,,,,,,,,,,,,,,,,,,,Dea Amata L 27W 35°,215IB183040BGD0,Black,images/dea-amata/dea-amata-black-black-high-gloss.jpg,Warm Dim,CRI>90,DALI,IP43,,Black High Gloss reflector · Black (RAL 9005) · 1800–3000K dim to warm,27W,2100lm,78lm/W,35°,Installation=https://karizmaluce.com/wp-content/uploads/2022/11/Dea-Amata-L-Installation-manual.pdf;LDT=https://karizmaluce.com/wp-content/uploads/2022/05/Dea-Amata-L-LDT.zip;Brochure=https://karizmaluce.com/wp-content/uploads/2024/10/Dea-Amata-L.pdf
Dea Amata L,,,,,,,,,,,,,,,,,,,Dea Amata L 28W 35°,215FB276540BGD0,Black,images/dea-amata/dea-amata-black-black-high-gloss.jpg,Tuneable White,CRI>90,DALI,IP43,,Black High Gloss reflector · Black (RAL 9005) · 2700–6500K tuneable white,28W,2250lm,80lm/W,35°,Installation=https://karizmaluce.com/wp-content/uploads/2022/11/Dea-Amata-L-Installation-manual.pdf;LDT=https://karizmaluce.com/wp-content/uploads/2022/05/Dea-Amata-L-LDT.zip;Brochure=https://karizmaluce.com/wp-content/uploads/2024/10/Dea-Amata-L.pdf
Dea Amata L,,,,,,,,,,,,,,,,,,,Dea Amata L 26W 40°,215FB92740CHF0,Black,images/dea-amata/dea-amata-black-chrome.jpg,2700K,CRI>90,On/Off,IP43,,Chrome reflector · Black (RAL 9005),26W,2500lm,102lm/W,40°,Installation=https://karizmaluce.com/wp-content/uploads/2022/11/Dea-Amata-L-Installation-manual.pdf;LDT=https://karizmaluce.com/wp-content/uploads/2022/05/Dea-Amata-L-LDT.zip;Brochure=https://karizmaluce.com/wp-content/uploads/2024/10/Dea-Amata-L.pdf
Dea Amata L,,,,,,,,,,,,,,,,,,,Dea Amata L 26W 40°,215FB92740CHP0,Black,images/dea-amata/dea-amata-black-chrome.jpg,2700K,CRI>90,Phase Dim,IP43,,Chrome reflector · Black (RAL 9005),26W,2500lm,102lm/W,40°,Installation=https://karizmaluce.com/wp-content/uploads/2022/11/Dea-Amata-L-Installation-manual.pdf;LDT=https://karizmaluce.com/wp-content/uploads/2022/05/Dea-Amata-L-LDT.zip;Brochure=https://karizmaluce.com/wp-content/uploads/2024/10/Dea-Amata-L.pdf
Dea Amata L,,,,,,,,,,,,,,,,,,,Dea Amata L 26W 40°,215FB92740CHD0,Black,images/dea-amata/dea-amata-black-chrome.jpg,2700K,CRI>90,DALI,IP43,,Chrome reflector · Black (RAL 9005),26W,2500lm,102lm/W,40°,Installation=https://karizmaluce.com/wp-content/uploads/2022/11/Dea-Amata-L-Installation-manual.pdf;LDT=https://karizmaluce.com/wp-content/uploads/2022/05/Dea-Amata-L-LDT.zip;Brochure=https://karizmaluce.com/wp-content/uploads/2024/10/Dea-Amata-L.pdf
Dea Amata L,,,,,,,,,,,,,,,,,,,Dea Amata L 26W 40°,215FB93040CHF0,Black,images/dea-amata/dea-amata-black-chrome.jpg,3000K,CRI>90,On/Off,IP43,,Chrome reflector · Black (RAL 9005),26W,2600lm,107lm/W,40°,Installation=https://karizmaluce.com/wp-content/uploads/2022/11/Dea-Amata-L-Installation-manual.pdf;LDT=https://karizmaluce.com/wp-content/uploads/2022/05/Dea-Amata-L-LDT.zip;Brochure=https://karizmaluce.com/wp-content/uploads/2024/10/Dea-Amata-L.pdf
Dea Amata L,,,,,,,,,,,,,,,,,,,Dea Amata L 26W 40°,215FB93040CHP0,Black,images/dea-amata/dea-amata-black-chrome.jpg,3000K,CRI>90,Phase Dim,IP43,,Chrome reflector · Black (RAL 9005),26W,2600lm,107lm/W,40°,Installation=https://karizmaluce.com/wp-content/uploads/2022/11/Dea-Amata-L-Installation-manual.pdf;LDT=https://karizmaluce.com/wp-content/uploads/2022/05/Dea-Amata-L-LDT.zip;Brochure=https://karizmaluce.com/wp-content/uploads/2024/10/Dea-Amata-L.pdf
Dea Amata L,,,,,,,,,,,,,,,,,,,Dea Amata L 26W 40°,215FB93040CHD0,Black,images/dea-amata/dea-amata-black-chrome.jpg,3000K,CRI>90,DALI,IP43,,Chrome reflector · Black (RAL 9005),26W,2600lm,107lm/W,40°,Installation=https://karizmaluce.com/wp-content/uploads/2022/11/Dea-Amata-L-Installation-manual.pdf;LDT=https://karizmaluce.com/wp-content/uploads/2022/05/Dea-Amata-L-LDT.zip;Brochure=https://karizmaluce.com/wp-content/uploads/2024/10/Dea-Amata-L.pdf
Dea Amata L,,,,,,,,,,,,,,,,,,,Dea Amata L 26W 40°,215FB94040CHF0,Black,images/dea-amata/dea-amata-black-chrome.jpg,4000K,CRI>90,On/Off,IP43,,Chrome reflector · Black (RAL 9005),26W,2650lm,109lm/W,40°,Installation=https://karizmaluce.com/wp-content/uploads/2022/11/Dea-Amata-L-Installation-manual.pdf;LDT=https://karizmaluce.com/wp-content/uploads/2022/05/Dea-Amata-L-LDT.zip;Brochure=https://karizmaluce.com/wp-content/uploads/2024/10/Dea-Amata-L.pdf
Dea Amata L,,,,,,,,,,,,,,,,,,,Dea Amata L 26W 40°,215FB94040CHP0,Black,images/dea-amata/dea-amata-black-chrome.jpg,4000K,CRI>90,Phase Dim,IP43,,Chrome reflector · Black (RAL 9005),26W,2650lm,109lm/W,40°,Installation=https://karizmaluce.com/wp-content/uploads/2022/11/Dea-Amata-L-Installation-manual.pdf;LDT=https://karizmaluce.com/wp-content/uploads/2022/05/Dea-Amata-L-LDT.zip;Brochure=https://karizmaluce.com/wp-content/uploads/2024/10/Dea-Amata-L.pdf
Dea Amata L,,,,,,,,,,,,,,,,,,,Dea Amata L 26W 40°,215FB94040CHD0,Black,images/dea-amata/dea-amata-black-chrome.jpg,4000K,CRI>90,DALI,IP43,,Chrome reflector · Black (RAL 9005),26W,2650lm,109lm/W,40°,Installation=https://karizmaluce.com/wp-content/uploads/2022/11/Dea-Amata-L-Installation-manual.pdf;LDT=https://karizmaluce.com/wp-content/uploads/2022/05/Dea-Amata-L-LDT.zip;Brochure=https://karizmaluce.com/wp-content/uploads/2024/10/Dea-Amata-L.pdf
Dea Amata L,,,,,,,,,,,,,,,,,,,Dea Amata L 27W 35°,215IB183040CHP0,Black,images/dea-amata/dea-amata-black-chrome.jpg,Warm Dim,CRI>90,Phase Dim,IP43,,Chrome reflector · Black (RAL 9005) · 1800–3000K dim to warm,27W,2100lm,78lm/W,35°,Installation=https://karizmaluce.com/wp-content/uploads/2022/11/Dea-Amata-L-Installation-manual.pdf;LDT=https://karizmaluce.com/wp-content/uploads/2022/05/Dea-Amata-L-LDT.zip;Brochure=https://karizmaluce.com/wp-content/uploads/2024/10/Dea-Amata-L.pdf
Dea Amata L,,,,,,,,,,,,,,,,,,,Dea Amata L 27W 35°,215IB183040CHD0,Black,images/dea-amata/dea-amata-black-chrome.jpg,Warm Dim,CRI>90,DALI,IP43,,Chrome reflector · Black (RAL 9005) · 1800–3000K dim to warm,27W,2100lm,78lm/W,35°,Installation=https://karizmaluce.com/wp-content/uploads/2022/11/Dea-Amata-L-Installation-manual.pdf;LDT=https://karizmaluce.com/wp-content/uploads/2022/05/Dea-Amata-L-LDT.zip;Brochure=https://karizmaluce.com/wp-content/uploads/2024/10/Dea-Amata-L.pdf
Dea Amata L,,,,,,,,,,,,,,,,,,,Dea Amata L 28W 35°,215FB276540CHD0,Black,images/dea-amata/dea-amata-black-chrome.jpg,Tuneable White,CRI>90,DALI,IP43,,Chrome reflector · Black (RAL 9005) · 2700–6500K tuneable white,28W,2250lm,80lm/W,35°,Installation=https://karizmaluce.com/wp-content/uploads/2022/11/Dea-Amata-L-Installation-manual.pdf;LDT=https://karizmaluce.com/wp-content/uploads/2022/05/Dea-Amata-L-LDT.zip;Brochure=https://karizmaluce.com/wp-content/uploads/2024/10/Dea-Amata-L.pdf
Dea Amata L,,,,,,,,,,,,,,,,,,,Dea Amata L 26W 40°,215FB92740BMF0,Black,images/dea-amata/dea-amata-black-black-matt.jpg,2700K,CRI>90,On/Off,IP43,,Black Matt reflector · Black (RAL 9005),26W,2460lm,95lm/W,40°,Installation=https://karizmaluce.com/wp-content/uploads/2022/11/Dea-Amata-L-Installation-manual.pdf;LDT=https://karizmaluce.com/wp-content/uploads/2022/05/Dea-Amata-L-LDT.zip;Brochure=https://karizmaluce.com/wp-content/uploads/2024/10/Dea-Amata-L.pdf
Dea Amata L,,,,,,,,,,,,,,,,,,,Dea Amata L 26W 40°,215FB92740BMP0,Black,images/dea-amata/dea-amata-black-black-matt.jpg,2700K,CRI>90,Phase Dim,IP43,,Black Matt reflector · Black (RAL 9005),26W,2460lm,95lm/W,40°,Installation=https://karizmaluce.com/wp-content/uploads/2022/11/Dea-Amata-L-Installation-manual.pdf;LDT=https://karizmaluce.com/wp-content/uploads/2022/05/Dea-Amata-L-LDT.zip;Brochure=https://karizmaluce.com/wp-content/uploads/2024/10/Dea-Amata-L.pdf
Dea Amata L,,,,,,,,,,,,,,,,,,,Dea Amata L 26W 40°,215FB92740BMD0,Black,images/dea-amata/dea-amata-black-black-matt.jpg,2700K,CRI>90,DALI,IP43,,Black Matt reflector · Black (RAL 9005),26W,2460lm,95lm/W,40°,Installation=https://karizmaluce.com/wp-content/uploads/2022/11/Dea-Amata-L-Installation-manual.pdf;LDT=https://karizmaluce.com/wp-content/uploads/2022/05/Dea-Amata-L-LDT.zip;Brochure=https://karizmaluce.com/wp-content/uploads/2024/10/Dea-Amata-L.pdf
Dea Amata L,,,,,,,,,,,,,,,,,,,Dea Amata L 26W 40°,215FB93040BMF0,Black,images/dea-amata/dea-amata-black-black-matt.jpg,3000K,CRI>90,On/Off,IP43,,Black Matt reflector · Black (RAL 9005),26W,2550lm,98lm/W,40°,Installation=https://karizmaluce.com/wp-content/uploads/2022/11/Dea-Amata-L-Installation-manual.pdf;LDT=https://karizmaluce.com/wp-content/uploads/2022/05/Dea-Amata-L-LDT.zip;Brochure=https://karizmaluce.com/wp-content/uploads/2024/10/Dea-Amata-L.pdf
Dea Amata L,,,,,,,,,,,,,,,,,,,Dea Amata L 26W 40°,215FB93040BMP0,Black,images/dea-amata/dea-amata-black-black-matt.jpg,3000K,CRI>90,Phase Dim,IP43,,Black Matt reflector · Black (RAL 9005),26W,2550lm,98lm/W,40°,Installation=https://karizmaluce.com/wp-content/uploads/2022/11/Dea-Amata-L-Installation-manual.pdf;LDT=https://karizmaluce.com/wp-content/uploads/2022/05/Dea-Amata-L-LDT.zip;Brochure=https://karizmaluce.com/wp-content/uploads/2024/10/Dea-Amata-L.pdf
Dea Amata L,,,,,,,,,,,,,,,,,,,Dea Amata L 26W 40°,215FB93040BMD0,Black,images/dea-amata/dea-amata-black-black-matt.jpg,3000K,CRI>90,DALI,IP43,,Black Matt reflector · Black (RAL 9005),26W,2550lm,98lm/W,40°,Installation=https://karizmaluce.com/wp-content/uploads/2022/11/Dea-Amata-L-Installation-manual.pdf;LDT=https://karizmaluce.com/wp-content/uploads/2022/05/Dea-Amata-L-LDT.zip;Brochure=https://karizmaluce.com/wp-content/uploads/2024/10/Dea-Amata-L.pdf
Dea Amata L,,,,,,,,,,,,,,,,,,,Dea Amata L 26W 40°,215FB94040BMF0,Black,images/dea-amata/dea-amata-black-black-matt.jpg,4000K,CRI>90,On/Off,IP43,,Black Matt reflector · Black (RAL 9005),26W,2620lm,100lm/W,40°,Installation=https://karizmaluce.com/wp-content/uploads/2022/11/Dea-Amata-L-Installation-manual.pdf;LDT=https://karizmaluce.com/wp-content/uploads/2022/05/Dea-Amata-L-LDT.zip;Brochure=https://karizmaluce.com/wp-content/uploads/2024/10/Dea-Amata-L.pdf
Dea Amata L,,,,,,,,,,,,,,,,,,,Dea Amata L 26W 40°,215FB94040BMP0,Black,images/dea-amata/dea-amata-black-black-matt.jpg,4000K,CRI>90,Phase Dim,IP43,,Black Matt reflector · Black (RAL 9005),26W,2620lm,100lm/W,40°,Installation=https://karizmaluce.com/wp-content/uploads/2022/11/Dea-Amata-L-Installation-manual.pdf;LDT=https://karizmaluce.com/wp-content/uploads/2022/05/Dea-Amata-L-LDT.zip;Brochure=https://karizmaluce.com/wp-content/uploads/2024/10/Dea-Amata-L.pdf
Dea Amata L,,,,,,,,,,,,,,,,,,,Dea Amata L 26W 40°,215FB94040BMD0,Black,images/dea-amata/dea-amata-black-black-matt.jpg,4000K,CRI>90,DALI,IP43,,Black Matt reflector · Black (RAL 9005),26W,2620lm,100lm/W,40°,Installation=https://karizmaluce.com/wp-content/uploads/2022/11/Dea-Amata-L-Installation-manual.pdf;LDT=https://karizmaluce.com/wp-content/uploads/2022/05/Dea-Amata-L-LDT.zip;Brochure=https://karizmaluce.com/wp-content/uploads/2024/10/Dea-Amata-L.pdf
Dea Amata L,,,,,,,,,,,,,,,,,,,Dea Amata L 27W 35°,215IB183040BMP0,Black,images/dea-amata/dea-amata-black-black-matt.jpg,Warm Dim,CRI>90,Phase Dim,IP43,,Black Matt reflector · Black (RAL 9005) · 1800–3000K dim to warm,27W,2100lm,78lm/W,35°,Installation=https://karizmaluce.com/wp-content/uploads/2022/11/Dea-Amata-L-Installation-manual.pdf;LDT=https://karizmaluce.com/wp-content/uploads/2022/05/Dea-Amata-L-LDT.zip;Brochure=https://karizmaluce.com/wp-content/uploads/2024/10/Dea-Amata-L.pdf
Dea Amata L,,,,,,,,,,,,,,,,,,,Dea Amata L 27W 35°,215IB183040BMD0,Black,images/dea-amata/dea-amata-black-black-matt.jpg,Warm Dim,CRI>90,DALI,IP43,,Black Matt reflector · Black (RAL 9005) · 1800–3000K dim to warm,27W,2100lm,78lm/W,35°,Installation=https://karizmaluce.com/wp-content/uploads/2022/11/Dea-Amata-L-Installation-manual.pdf;LDT=https://karizmaluce.com/wp-content/uploads/2022/05/Dea-Amata-L-LDT.zip;Brochure=https://karizmaluce.com/wp-content/uploads/2024/10/Dea-Amata-L.pdf
Dea Amata L,,,,,,,,,,,,,,,,,,,Dea Amata L 28W 35°,215FB276540BMD0,Black,images/dea-amata/dea-amata-black-black-matt.jpg,Tuneable White,CRI>90,DALI,IP43,,Black Matt reflector · Black (RAL 9005) · 2700–6500K tuneable white,28W,2250lm,80lm/W,35°,Installation=https://karizmaluce.com/wp-content/uploads/2022/11/Dea-Amata-L-Installation-manual.pdf;LDT=https://karizmaluce.com/wp-content/uploads/2022/05/Dea-Amata-L-LDT.zip;Brochure=https://karizmaluce.com/wp-content/uploads/2024/10/Dea-Amata-L.pdf
Dea Amata L,,,,,,,,,,,,,,,,,,,Dea Amata L 26W 45°,215FB92745COF0,Black,images/dea-amata/dea-amata-black-copper.jpg,2700K,CRI>90,On/Off,IP43,,Copper reflector · Black (RAL 9005),26W,2430lm,93lm/W,45°,Installation=https://karizmaluce.com/wp-content/uploads/2022/11/Dea-Amata-L-Installation-manual.pdf;LDT=https://karizmaluce.com/wp-content/uploads/2022/05/Dea-Amata-L-LDT.zip;Brochure=https://karizmaluce.com/wp-content/uploads/2024/10/Dea-Amata-L.pdf
Dea Amata L,,,,,,,,,,,,,,,,,,,Dea Amata L 26W 45°,215FB92745COP0,Black,images/dea-amata/dea-amata-black-copper.jpg,2700K,CRI>90,Phase Dim,IP43,,Copper reflector · Black (RAL 9005),26W,2430lm,93lm/W,45°,Installation=https://karizmaluce.com/wp-content/uploads/2022/11/Dea-Amata-L-Installation-manual.pdf;LDT=https://karizmaluce.com/wp-content/uploads/2022/05/Dea-Amata-L-LDT.zip;Brochure=https://karizmaluce.com/wp-content/uploads/2024/10/Dea-Amata-L.pdf
Dea Amata L,,,,,,,,,,,,,,,,,,,Dea Amata L 26W 45°,215FB92745COD0,Black,images/dea-amata/dea-amata-black-copper.jpg,2700K,CRI>90,DALI,IP43,,Copper reflector · Black (RAL 9005),26W,2430lm,93lm/W,45°,Installation=https://karizmaluce.com/wp-content/uploads/2022/11/Dea-Amata-L-Installation-manual.pdf;LDT=https://karizmaluce.com/wp-content/uploads/2022/05/Dea-Amata-L-LDT.zip;Brochure=https://karizmaluce.com/wp-content/uploads/2024/10/Dea-Amata-L.pdf
Dea Amata L,,,,,,,,,,,,,,,,,,,Dea Amata L 26W 45°,215FB93045COF0,Black,images/dea-amata/dea-amata-black-copper.jpg,3000K,CRI>90,On/Off,IP43,,Copper reflector · Black (RAL 9005),26W,2520lm,97lm/W,45°,Installation=https://karizmaluce.com/wp-content/uploads/2022/11/Dea-Amata-L-Installation-manual.pdf;LDT=https://karizmaluce.com/wp-content/uploads/2022/05/Dea-Amata-L-LDT.zip;Brochure=https://karizmaluce.com/wp-content/uploads/2024/10/Dea-Amata-L.pdf
Dea Amata L,,,,,,,,,,,,,,,,,,,Dea Amata L 26W 45°,215FB93045COP0,Black,images/dea-amata/dea-amata-black-copper.jpg,3000K,CRI>90,Phase Dim,IP43,,Copper reflector · Black (RAL 9005),26W,2520lm,97lm/W,45°,Installation=https://karizmaluce.com/wp-content/uploads/2022/11/Dea-Amata-L-Installation-manual.pdf;LDT=https://karizmaluce.com/wp-content/uploads/2022/05/Dea-Amata-L-LDT.zip;Brochure=https://karizmaluce.com/wp-content/uploads/2024/10/Dea-Amata-L.pdf
Dea Amata L,,,,,,,,,,,,,,,,,,,Dea Amata L 26W 45°,215FB93045COD0,Black,images/dea-amata/dea-amata-black-copper.jpg,3000K,CRI>90,DALI,IP43,,Copper reflector · Black (RAL 9005),26W,2520lm,97lm/W,45°,Installation=https://karizmaluce.com/wp-content/uploads/2022/11/Dea-Amata-L-Installation-manual.pdf;LDT=https://karizmaluce.com/wp-content/uploads/2022/05/Dea-Amata-L-LDT.zip;Brochure=https://karizmaluce.com/wp-content/uploads/2024/10/Dea-Amata-L.pdf
Dea Amata L,,,,,,,,,,,,,,,,,,,Dea Amata L 26W 45°,215FB94045COF0,Black,images/dea-amata/dea-amata-black-copper.jpg,4000K,CRI>90,On/Off,IP43,,Copper reflector · Black (RAL 9005),26W,2590lm,99lm/W,45°,Installation=https://karizmaluce.com/wp-content/uploads/2022/11/Dea-Amata-L-Installation-manual.pdf;LDT=https://karizmaluce.com/wp-content/uploads/2022/05/Dea-Amata-L-LDT.zip;Brochure=https://karizmaluce.com/wp-content/uploads/2024/10/Dea-Amata-L.pdf
Dea Amata L,,,,,,,,,,,,,,,,,,,Dea Amata L 26W 45°,215FB94045COP0,Black,images/dea-amata/dea-amata-black-copper.jpg,4000K,CRI>90,Phase Dim,IP43,,Copper reflector · Black (RAL 9005),26W,2590lm,99lm/W,45°,Installation=https://karizmaluce.com/wp-content/uploads/2022/11/Dea-Amata-L-Installation-manual.pdf;LDT=https://karizmaluce.com/wp-content/uploads/2022/05/Dea-Amata-L-LDT.zip;Brochure=https://karizmaluce.com/wp-content/uploads/2024/10/Dea-Amata-L.pdf
Dea Amata L,,,,,,,,,,,,,,,,,,,Dea Amata L 26W 45°,215FB94045COD0,Black,images/dea-amata/dea-amata-black-copper.jpg,4000K,CRI>90,DALI,IP43,,Copper reflector · Black (RAL 9005),26W,2590lm,99lm/W,45°,Installation=https://karizmaluce.com/wp-content/uploads/2022/11/Dea-Amata-L-Installation-manual.pdf;LDT=https://karizmaluce.com/wp-content/uploads/2022/05/Dea-Amata-L-LDT.zip;Brochure=https://karizmaluce.com/wp-content/uploads/2024/10/Dea-Amata-L.pdf
Dea Amata L,,,,,,,,,,,,,,,,,,,Dea Amata L 27W 40°,215IB183040COP0,Black,images/dea-amata/dea-amata-black-copper.jpg,Warm Dim,CRI>90,Phase Dim,IP43,,Copper reflector · Black (RAL 9005) · 1800–3000K dim to warm,27W,2100lm,78lm/W,40°,Installation=https://karizmaluce.com/wp-content/uploads/2022/11/Dea-Amata-L-Installation-manual.pdf;LDT=https://karizmaluce.com/wp-content/uploads/2022/05/Dea-Amata-L-LDT.zip;Brochure=https://karizmaluce.com/wp-content/uploads/2024/10/Dea-Amata-L.pdf
Dea Amata L,,,,,,,,,,,,,,,,,,,Dea Amata L 27W 40°,215IB183040COD0,Black,images/dea-amata/dea-amata-black-copper.jpg,Warm Dim,CRI>90,DALI,IP43,,Copper reflector · Black (RAL 9005) · 1800–3000K dim to warm,27W,2100lm,78lm/W,40°,Installation=https://karizmaluce.com/wp-content/uploads/2022/11/Dea-Amata-L-Installation-manual.pdf;LDT=https://karizmaluce.com/wp-content/uploads/2022/05/Dea-Amata-L-LDT.zip;Brochure=https://karizmaluce.com/wp-content/uploads/2024/10/Dea-Amata-L.pdf
Dea Amata L,,,,,,,,,,,,,,,,,,,Dea Amata L 28W 40°,215FB276540COD0,Black,images/dea-amata/dea-amata-black-copper.jpg,Tuneable White,CRI>90,DALI,IP43,,Copper reflector · Black (RAL 9005) · 2700–6500K tuneable white,28W,2250lm,80lm/W,40°,Installation=https://karizmaluce.com/wp-content/uploads/2022/11/Dea-Amata-L-Installation-manual.pdf;LDT=https://karizmaluce.com/wp-content/uploads/2022/05/Dea-Amata-L-LDT.zip;Brochure=https://karizmaluce.com/wp-content/uploads/2024/10/Dea-Amata-L.pdf
Dea Amata L,,,,,,,,,,,,,,,,,,,Dea Amata L 26W 45°,215FW92750GOF0,White,images/dea-amata/dea-amata-white-gold.jpg,2700K,CRI>90,On/Off,IP43,,Gold reflector · White (RAL 9003),26W,2430lm,93lm/W,45°,Installation=https://karizmaluce.com/wp-content/uploads/2022/11/Dea-Amata-L-Installation-manual.pdf;LDT=https://karizmaluce.com/wp-content/uploads/2022/05/Dea-Amata-L-LDT.zip;Brochure=https://karizmaluce.com/wp-content/uploads/2024/10/Dea-Amata-L.pdf
Dea Amata L,,,,,,,,,,,,,,,,,,,Dea Amata L 26W 45°,215FW92750GOP0,White,images/dea-amata/dea-amata-white-gold.jpg,2700K,CRI>90,Phase Dim,IP43,,Gold reflector · White (RAL 9003),26W,2430lm,93lm/W,45°,Installation=https://karizmaluce.com/wp-content/uploads/2022/11/Dea-Amata-L-Installation-manual.pdf;LDT=https://karizmaluce.com/wp-content/uploads/2022/05/Dea-Amata-L-LDT.zip;Brochure=https://karizmaluce.com/wp-content/uploads/2024/10/Dea-Amata-L.pdf
Dea Amata L,,,,,,,,,,,,,,,,,,,Dea Amata L 26W 45°,215FW92750GOD0,White,images/dea-amata/dea-amata-white-gold.jpg,2700K,CRI>90,DALI,IP43,,Gold reflector · White (RAL 9003),26W,2430lm,93lm/W,45°,Installation=https://karizmaluce.com/wp-content/uploads/2022/11/Dea-Amata-L-Installation-manual.pdf;LDT=https://karizmaluce.com/wp-content/uploads/2022/05/Dea-Amata-L-LDT.zip;Brochure=https://karizmaluce.com/wp-content/uploads/2024/10/Dea-Amata-L.pdf
Dea Amata L,,,,,,,,,,,,,,,,,,,Dea Amata L 26W 45°,215FW93050GOF0,White,images/dea-amata/dea-amata-white-gold.jpg,3000K,CRI>90,On/Off,IP43,,Gold reflector · White (RAL 9003),26W,2520lm,97lm/W,45°,Installation=https://karizmaluce.com/wp-content/uploads/2022/11/Dea-Amata-L-Installation-manual.pdf;LDT=https://karizmaluce.com/wp-content/uploads/2022/05/Dea-Amata-L-LDT.zip;Brochure=https://karizmaluce.com/wp-content/uploads/2024/10/Dea-Amata-L.pdf
Dea Amata L,,,,,,,,,,,,,,,,,,,Dea Amata L 26W 45°,215FW93050GOP0,White,images/dea-amata/dea-amata-white-gold.jpg,3000K,CRI>90,Phase Dim,IP43,,Gold reflector · White (RAL 9003),26W,2520lm,97lm/W,45°,Installation=https://karizmaluce.com/wp-content/uploads/2022/11/Dea-Amata-L-Installation-manual.pdf;LDT=https://karizmaluce.com/wp-content/uploads/2022/05/Dea-Amata-L-LDT.zip;Brochure=https://karizmaluce.com/wp-content/uploads/2024/10/Dea-Amata-L.pdf
Dea Amata L,,,,,,,,,,,,,,,,,,,Dea Amata L 26W 45°,215FW93050GOD0,White,images/dea-amata/dea-amata-white-gold.jpg,3000K,CRI>90,DALI,IP43,,Gold reflector · White (RAL 9003),26W,2520lm,97lm/W,45°,Installation=https://karizmaluce.com/wp-content/uploads/2022/11/Dea-Amata-L-Installation-manual.pdf;LDT=https://karizmaluce.com/wp-content/uploads/2022/05/Dea-Amata-L-LDT.zip;Brochure=https://karizmaluce.com/wp-content/uploads/2024/10/Dea-Amata-L.pdf
Dea Amata L,,,,,,,,,,,,,,,,,,,Dea Amata L 26W 45°,215FW94050GOF0,White,images/dea-amata/dea-amata-white-gold.jpg,4000K,CRI>90,On/Off,IP43,,Gold reflector · White (RAL 9003),26W,2590lm,99lm/W,45°,Installation=https://karizmaluce.com/wp-content/uploads/2022/11/Dea-Amata-L-Installation-manual.pdf;LDT=https://karizmaluce.com/wp-content/uploads/2022/05/Dea-Amata-L-LDT.zip;Brochure=https://karizmaluce.com/wp-content/uploads/2024/10/Dea-Amata-L.pdf
Dea Amata L,,,,,,,,,,,,,,,,,,,Dea Amata L 26W 45°,215FW94050GOP0,White,images/dea-amata/dea-amata-white-gold.jpg,4000K,CRI>90,Phase Dim,IP43,,Gold reflector · White (RAL 9003),26W,2590lm,99lm/W,45°,Installation=https://karizmaluce.com/wp-content/uploads/2022/11/Dea-Amata-L-Installation-manual.pdf;LDT=https://karizmaluce.com/wp-content/uploads/2022/05/Dea-Amata-L-LDT.zip;Brochure=https://karizmaluce.com/wp-content/uploads/2024/10/Dea-Amata-L.pdf
Dea Amata L,,,,,,,,,,,,,,,,,,,Dea Amata L 26W 45°,215FW94050GOD0,White,images/dea-amata/dea-amata-white-gold.jpg,4000K,CRI>90,DALI,IP43,,Gold reflector · White (RAL 9003),26W,2590lm,99lm/W,45°,Installation=https://karizmaluce.com/wp-content/uploads/2022/11/Dea-Amata-L-Installation-manual.pdf;LDT=https://karizmaluce.com/wp-content/uploads/2022/05/Dea-Amata-L-LDT.zip;Brochure=https://karizmaluce.com/wp-content/uploads/2024/10/Dea-Amata-L.pdf
Dea Amata L,,,,,,,,,,,,,,,,,,,Dea Amata L 27W 35°,215IW183040GOP0,White,images/dea-amata/dea-amata-white-gold.jpg,Warm Dim,CRI>90,Phase Dim,IP43,,Gold reflector · White (RAL 9003) · 1800–3000K dim to warm,27W,2100lm,78lm/W,35°,Installation=https://karizmaluce.com/wp-content/uploads/2022/11/Dea-Amata-L-Installation-manual.pdf;LDT=https://karizmaluce.com/wp-content/uploads/2022/05/Dea-Amata-L-LDT.zip;Brochure=https://karizmaluce.com/wp-content/uploads/2024/10/Dea-Amata-L.pdf
Dea Amata L,,,,,,,,,,,,,,,,,,,Dea Amata L 27W 35°,215IW183040GOD0,White,images/dea-amata/dea-amata-white-gold.jpg,Warm Dim,CRI>90,DALI,IP43,,Gold reflector · White (RAL 9003) · 1800–3000K dim to warm,27W,2100lm,78lm/W,35°,Installation=https://karizmaluce.com/wp-content/uploads/2022/11/Dea-Amata-L-Installation-manual.pdf;LDT=https://karizmaluce.com/wp-content/uploads/2022/05/Dea-Amata-L-LDT.zip;Brochure=https://karizmaluce.com/wp-content/uploads/2024/10/Dea-Amata-L.pdf
Dea Amata L,,,,,,,,,,,,,,,,,,,Dea Amata L 28W 35°,215FW276540GOD0,White,images/dea-amata/dea-amata-white-gold.jpg,Tuneable White,CRI>90,DALI,IP43,,Gold reflector · White (RAL 9003) · 2700–6500K tuneable white,28W,2250lm,80lm/W,35°,Installation=https://karizmaluce.com/wp-content/uploads/2022/11/Dea-Amata-L-Installation-manual.pdf;LDT=https://karizmaluce.com/wp-content/uploads/2022/05/Dea-Amata-L-LDT.zip;Brochure=https://karizmaluce.com/wp-content/uploads/2024/10/Dea-Amata-L.pdf
Dea Amata L,,,,,,,,,,,,,,,,,,,Dea Amata L 26W 35°,215FW92735SGF0,White,images/dea-amata/dea-amata-white-silver-high-gloss.jpg,2700K,CRI>90,On/Off,IP43,,Silver High Gloss reflector · White (RAL 9003),26W,2720lm,105lm/W,35°,Installation=https://karizmaluce.com/wp-content/uploads/2022/11/Dea-Amata-L-Installation-manual.pdf;LDT=https://karizmaluce.com/wp-content/uploads/2022/05/Dea-Amata-L-LDT.zip;Brochure=https://karizmaluce.com/wp-content/uploads/2024/10/Dea-Amata-L.pdf
Dea Amata L,,,,,,,,,,,,,,,,,,,Dea Amata L 26W 35°,215FW92735SGP0,White,images/dea-amata/dea-amata-white-silver-high-gloss.jpg,2700K,CRI>90,Phase Dim,IP43,,Silver High Gloss reflector · White (RAL 9003),26W,2720lm,105lm/W,35°,Installation=https://karizmaluce.com/wp-content/uploads/2022/11/Dea-Amata-L-Installation-manual.pdf;LDT=https://karizmaluce.com/wp-content/uploads/2022/05/Dea-Amata-L-LDT.zip;Brochure=https://karizmaluce.com/wp-content/uploads/2024/10/Dea-Amata-L.pdf
Dea Amata L,,,,,,,,,,,,,,,,,,,Dea Amata L 26W 35°,215FW92735SGD0,White,images/dea-amata/dea-amata-white-silver-high-gloss.jpg,2700K,CRI>90,DALI,IP43,,Silver High Gloss reflector · White (RAL 9003),26W,2720lm,105lm/W,35°,Installation=https://karizmaluce.com/wp-content/uploads/2022/11/Dea-Amata-L-Installation-manual.pdf;LDT=https://karizmaluce.com/wp-content/uploads/2022/05/Dea-Amata-L-LDT.zip;Brochure=https://karizmaluce.com/wp-content/uploads/2024/10/Dea-Amata-L.pdf
Dea Amata L,,,,,,,,,,,,,,,,,,,Dea Amata L 26W 35°,215GW93035SGF0,White,images/dea-amata/dea-amata-white-silver-high-gloss.jpg,3000K,CRI>90,On/Off,IP43,,Silver High Gloss reflector · White (RAL 9003),26W,2830lm,109lm/W,35°,Installation=https://karizmaluce.com/wp-content/uploads/2022/11/Dea-Amata-L-Installation-manual.pdf;LDT=https://karizmaluce.com/wp-content/uploads/2022/05/Dea-Amata-L-LDT.zip;Brochure=https://karizmaluce.com/wp-content/uploads/2024/10/Dea-Amata-L.pdf
Dea Amata L,,,,,,,,,,,,,,,,,,,Dea Amata L 26W 35°,215GW93035SGP0,White,images/dea-amata/dea-amata-white-silver-high-gloss.jpg,3000K,CRI>90,Phase Dim,IP43,,Silver High Gloss reflector · White (RAL 9003),26W,2830lm,109lm/W,35°,Installation=https://karizmaluce.com/wp-content/uploads/2022/11/Dea-Amata-L-Installation-manual.pdf;LDT=https://karizmaluce.com/wp-content/uploads/2022/05/Dea-Amata-L-LDT.zip;Brochure=https://karizmaluce.com/wp-content/uploads/2024/10/Dea-Amata-L.pdf
Dea Amata L,,,,,,,,,,,,,,,,,,,Dea Amata L 26W 35°,215GW93035SGD0,White,images/dea-amata/dea-amata-white-silver-high-gloss.jpg,3000K,CRI>90,DALI,IP43,,Silver High Gloss reflector · White (RAL 9003),26W,2830lm,109lm/W,35°,Installation=https://karizmaluce.com/wp-content/uploads/2022/11/Dea-Amata-L-Installation-manual.pdf;LDT=https://karizmaluce.com/wp-content/uploads/2022/05/Dea-Amata-L-LDT.zip;Brochure=https://karizmaluce.com/wp-content/uploads/2024/10/Dea-Amata-L.pdf
Dea Amata L,,,,,,,,,,,,,,,,,,,Dea Amata L 26W 35°,215GW94035SGF0,White,images/dea-amata/dea-amata-white-silver-high-gloss.jpg,4000K,CRI>90,On/Off,IP43,,Silver High Gloss reflector · White (RAL 9003),26W,2900lm,112lm/W,35°,Installation=https://karizmaluce.com/wp-content/uploads/2022/11/Dea-Amata-L-Installation-manual.pdf;LDT=https://karizmaluce.com/wp-content/uploads/2022/05/Dea-Amata-L-LDT.zip;Brochure=https://karizmaluce.com/wp-content/uploads/2024/10/Dea-Amata-L.pdf
Dea Amata L,,,,,,,,,,,,,,,,,,,Dea Amata L 26W 35°,215GW94035SGP0,White,images/dea-amata/dea-amata-white-silver-high-gloss.jpg,4000K,CRI>90,Phase Dim,IP43,,Silver High Gloss reflector · White (RAL 9003),26W,2900lm,112lm/W,35°,Installation=https://karizmaluce.com/wp-content/uploads/2022/11/Dea-Amata-L-Installation-manual.pdf;LDT=https://karizmaluce.com/wp-content/uploads/2022/05/Dea-Amata-L-LDT.zip;Brochure=https://karizmaluce.com/wp-content/uploads/2024/10/Dea-Amata-L.pdf
Dea Amata L,,,,,,,,,,,,,,,,,,,Dea Amata L 26W 35°,215GW94035SGD0,White,images/dea-amata/dea-amata-white-silver-high-gloss.jpg,4000K,CRI>90,DALI,IP43,,Silver High Gloss reflector · White (RAL 9003),26W,2900lm,112lm/W,35°,Installation=https://karizmaluce.com/wp-content/uploads/2022/11/Dea-Amata-L-Installation-manual.pdf;LDT=https://karizmaluce.com/wp-content/uploads/2022/05/Dea-Amata-L-LDT.zip;Brochure=https://karizmaluce.com/wp-content/uploads/2024/10/Dea-Amata-L.pdf
Dea Amata L,,,,,,,,,,,,,,,,,,,Dea Amata L 27W 35°,215IW183040SGP0,White,images/dea-amata/dea-amata-white-silver-high-gloss.jpg,Warm Dim,CRI>90,Phase Dim,IP43,,Silver High Gloss reflector · White (RAL 9003) · 1800–3000K dim to warm,27W,2100lm,78lm/W,35°,Installation=https://karizmaluce.com/wp-content/uploads/2022/11/Dea-Amata-L-Installation-manual.pdf;LDT=https://karizmaluce.com/wp-content/uploads/2022/05/Dea-Amata-L-LDT.zip;Brochure=https://karizmaluce.com/wp-content/uploads/2024/10/Dea-Amata-L.pdf
Dea Amata L,,,,,,,,,,,,,,,,,,,Dea Amata L 27W 35°,215IW183040SGD0,White,images/dea-amata/dea-amata-white-silver-high-gloss.jpg,Warm Dim,CRI>90,DALI,IP43,,Silver High Gloss reflector · White (RAL 9003) · 1800–3000K dim to warm,27W,2100lm,78lm/W,35°,Installation=https://karizmaluce.com/wp-content/uploads/2022/11/Dea-Amata-L-Installation-manual.pdf;LDT=https://karizmaluce.com/wp-content/uploads/2022/05/Dea-Amata-L-LDT.zip;Brochure=https://karizmaluce.com/wp-content/uploads/2024/10/Dea-Amata-L.pdf
Dea Amata L,,,,,,,,,,,,,,,,,,,Dea Amata L 28W 35°,215FW276540SGD0,White,images/dea-amata/dea-amata-white-silver-high-gloss.jpg,Tuneable White,CRI>90,DALI,IP43,,Silver High Gloss reflector · White (RAL 9003) · 2700–6500K tuneable white,28W,2250lm,80lm/W,35°,Installation=https://karizmaluce.com/wp-content/uploads/2022/11/Dea-Amata-L-Installation-manual.pdf;LDT=https://karizmaluce.com/wp-content/uploads/2022/05/Dea-Amata-L-LDT.zip;Brochure=https://karizmaluce.com/wp-content/uploads/2024/10/Dea-Amata-L.pdf
Dea Amata L,,,,,,,,,,,,,,,,,,,Dea Amata L 26W 50°,215FW92750WHF0,White,images/dea-amata/dea-amata-white-white.jpg,2700K,CRI>90,On/Off,IP43,,White reflector · White (RAL 9003),26W,2500lm,100lm/W,50°,Installation=https://karizmaluce.com/wp-content/uploads/2022/11/Dea-Amata-L-Installation-manual.pdf;LDT=https://karizmaluce.com/wp-content/uploads/2022/05/Dea-Amata-L-LDT.zip;Brochure=https://karizmaluce.com/wp-content/uploads/2024/10/Dea-Amata-L.pdf
Dea Amata L,,,,,,,,,,,,,,,,,,,Dea Amata L 26W 50°,215FW92750WHP0,White,images/dea-amata/dea-amata-white-white.jpg,2700K,CRI>90,Phase Dim,IP43,,White reflector · White (RAL 9003),26W,2500lm,100lm/W,50°,Installation=https://karizmaluce.com/wp-content/uploads/2022/11/Dea-Amata-L-Installation-manual.pdf;LDT=https://karizmaluce.com/wp-content/uploads/2022/05/Dea-Amata-L-LDT.zip;Brochure=https://karizmaluce.com/wp-content/uploads/2024/10/Dea-Amata-L.pdf
Dea Amata L,,,,,,,,,,,,,,,,,,,Dea Amata L 26W 50°,215FW92750WHD0,White,images/dea-amata/dea-amata-white-white.jpg,2700K,CRI>90,DALI,IP43,,White reflector · White (RAL 9003),26W,2500lm,100lm/W,50°,Installation=https://karizmaluce.com/wp-content/uploads/2022/11/Dea-Amata-L-Installation-manual.pdf;LDT=https://karizmaluce.com/wp-content/uploads/2022/05/Dea-Amata-L-LDT.zip;Brochure=https://karizmaluce.com/wp-content/uploads/2024/10/Dea-Amata-L.pdf
Dea Amata L,,,,,,,,,,,,,,,,,,,Dea Amata L 26W 50°,215FW93050WHF0,White,images/dea-amata/dea-amata-white-white.jpg,3000K,CRI>90,On/Off,IP43,,White reflector · White (RAL 9003),26W,2600lm,104lm/W,50°,Installation=https://karizmaluce.com/wp-content/uploads/2022/11/Dea-Amata-L-Installation-manual.pdf;LDT=https://karizmaluce.com/wp-content/uploads/2022/05/Dea-Amata-L-LDT.zip;Brochure=https://karizmaluce.com/wp-content/uploads/2024/10/Dea-Amata-L.pdf
Dea Amata L,,,,,,,,,,,,,,,,,,,Dea Amata L 26W 50°,215FW93050WHP0,White,images/dea-amata/dea-amata-white-white.jpg,3000K,CRI>90,Phase Dim,IP43,,White reflector · White (RAL 9003),26W,2600lm,104lm/W,50°,Installation=https://karizmaluce.com/wp-content/uploads/2022/11/Dea-Amata-L-Installation-manual.pdf;LDT=https://karizmaluce.com/wp-content/uploads/2022/05/Dea-Amata-L-LDT.zip;Brochure=https://karizmaluce.com/wp-content/uploads/2024/10/Dea-Amata-L.pdf
Dea Amata L,,,,,,,,,,,,,,,,,,,Dea Amata L 26W 50°,215FW93050WHD0,White,images/dea-amata/dea-amata-white-white.jpg,3000K,CRI>90,DALI,IP43,,White reflector · White (RAL 9003),26W,2600lm,104lm/W,50°,Installation=https://karizmaluce.com/wp-content/uploads/2022/11/Dea-Amata-L-Installation-manual.pdf;LDT=https://karizmaluce.com/wp-content/uploads/2022/05/Dea-Amata-L-LDT.zip;Brochure=https://karizmaluce.com/wp-content/uploads/2024/10/Dea-Amata-L.pdf
Dea Amata L,,,,,,,,,,,,,,,,,,,Dea Amata L 26W 50°,215FW94050WHF0,White,images/dea-amata/dea-amata-white-white.jpg,4000K,CRI>90,On/Off,IP43,,White reflector · White (RAL 9003),26W,2650lm,107lm/W,50°,Installation=https://karizmaluce.com/wp-content/uploads/2022/11/Dea-Amata-L-Installation-manual.pdf;LDT=https://karizmaluce.com/wp-content/uploads/2022/05/Dea-Amata-L-LDT.zip;Brochure=https://karizmaluce.com/wp-content/uploads/2024/10/Dea-Amata-L.pdf
Dea Amata L,,,,,,,,,,,,,,,,,,,Dea Amata L 26W 50°,215FW94050WHP0,White,images/dea-amata/dea-amata-white-white.jpg,4000K,CRI>90,Phase Dim,IP43,,White reflector · White (RAL 9003),26W,2650lm,107lm/W,50°,Installation=https://karizmaluce.com/wp-content/uploads/2022/11/Dea-Amata-L-Installation-manual.pdf;LDT=https://karizmaluce.com/wp-content/uploads/2022/05/Dea-Amata-L-LDT.zip;Brochure=https://karizmaluce.com/wp-content/uploads/2024/10/Dea-Amata-L.pdf
Dea Amata L,,,,,,,,,,,,,,,,,,,Dea Amata L 26W 50°,215FW94050WHD0,White,images/dea-amata/dea-amata-white-white.jpg,4000K,CRI>90,DALI,IP43,,White reflector · White (RAL 9003),26W,2650lm,107lm/W,50°,Installation=https://karizmaluce.com/wp-content/uploads/2022/11/Dea-Amata-L-Installation-manual.pdf;LDT=https://karizmaluce.com/wp-content/uploads/2022/05/Dea-Amata-L-LDT.zip;Brochure=https://karizmaluce.com/wp-content/uploads/2024/10/Dea-Amata-L.pdf
Dea Amata L,,,,,,,,,,,,,,,,,,,Dea Amata L 27W 35°,215IW183040WHP0,White,images/dea-amata/dea-amata-white-white.jpg,Warm Dim,CRI>90,Phase Dim,IP43,,White reflector · White (RAL 9003) · 1800–3000K dim to warm,27W,2100lm,78lm/W,35°,Installation=https://karizmaluce.com/wp-content/uploads/2022/11/Dea-Amata-L-Installation-manual.pdf;LDT=https://karizmaluce.com/wp-content/uploads/2022/05/Dea-Amata-L-LDT.zip;Brochure=https://karizmaluce.com/wp-content/uploads/2024/10/Dea-Amata-L.pdf
Dea Amata L,,,,,,,,,,,,,,,,,,,Dea Amata L 27W 35°,215IW183040WHD0,White,images/dea-amata/dea-amata-white-white.jpg,Warm Dim,CRI>90,DALI,IP43,,White reflector · White (RAL 9003) · 1800–3000K dim to warm,27W,2100lm,78lm/W,35°,Installation=https://karizmaluce.com/wp-content/uploads/2022/11/Dea-Amata-L-Installation-manual.pdf;LDT=https://karizmaluce.com/wp-content/uploads/2022/05/Dea-Amata-L-LDT.zip;Brochure=https://karizmaluce.com/wp-content/uploads/2024/10/Dea-Amata-L.pdf
Dea Amata L,,,,,,,,,,,,,,,,,,,Dea Amata L 28W 35°,215FW276540WHD0,White,images/dea-amata/dea-amata-white-white.jpg,Tuneable White,CRI>90,DALI,IP43,,White reflector · White (RAL 9003) · 2700–6500K tuneable white,28W,2250lm,80lm/W,35°,Installation=https://karizmaluce.com/wp-content/uploads/2022/11/Dea-Amata-L-Installation-manual.pdf;LDT=https://karizmaluce.com/wp-content/uploads/2022/05/Dea-Amata-L-LDT.zip;Brochure=https://karizmaluce.com/wp-content/uploads/2024/10/Dea-Amata-L.pdf
Dea Amata L,,,,,,,,,,,,,,,,,,,Dea Amata L 26W 40°,215FW92740BGF0,White,images/dea-amata/dea-amata-white-black-high-gloss.jpg,2700K,CRI>90,On/Off,IP43,,Black High Gloss reflector · White (RAL 9003),26W,2460lm,95lm/W,40°,Installation=https://karizmaluce.com/wp-content/uploads/2022/11/Dea-Amata-L-Installation-manual.pdf;LDT=https://karizmaluce.com/wp-content/uploads/2022/05/Dea-Amata-L-LDT.zip;Brochure=https://karizmaluce.com/wp-content/uploads/2024/10/Dea-Amata-L.pdf
Dea Amata L,,,,,,,,,,,,,,,,,,,Dea Amata L 26W 40°,215FW92740BGP0,White,images/dea-amata/dea-amata-white-black-high-gloss.jpg,2700K,CRI>90,Phase Dim,IP43,,Black High Gloss reflector · White (RAL 9003),26W,2460lm,95lm/W,40°,Installation=https://karizmaluce.com/wp-content/uploads/2022/11/Dea-Amata-L-Installation-manual.pdf;LDT=https://karizmaluce.com/wp-content/uploads/2022/05/Dea-Amata-L-LDT.zip;Brochure=https://karizmaluce.com/wp-content/uploads/2024/10/Dea-Amata-L.pdf
Dea Amata L,,,,,,,,,,,,,,,,,,,Dea Amata L 26W 40°,215FW92740BGD0,White,images/dea-amata/dea-amata-white-black-high-gloss.jpg,2700K,CRI>90,DALI,IP43,,Black High Gloss reflector · White (RAL 9003),26W,2460lm,95lm/W,40°,Installation=https://karizmaluce.com/wp-content/uploads/2022/11/Dea-Amata-L-Installation-manual.pdf;LDT=https://karizmaluce.com/wp-content/uploads/2022/05/Dea-Amata-L-LDT.zip;Brochure=https://karizmaluce.com/wp-content/uploads/2024/10/Dea-Amata-L.pdf
Dea Amata L,,,,,,,,,,,,,,,,,,,Dea Amata L 26W 40°,215FW93040BGF0,White,images/dea-amata/dea-amata-white-black-high-gloss.jpg,3000K,CRI>90,On/Off,IP43,,Black High Gloss reflector · White (RAL 9003),26W,2550lm,98lm/W,40°,Installation=https://karizmaluce.com/wp-content/uploads/2022/11/Dea-Amata-L-Installation-manual.pdf;LDT=https://karizmaluce.com/wp-content/uploads/2022/05/Dea-Amata-L-LDT.zip;Brochure=https://karizmaluce.com/wp-content/uploads/2024/10/Dea-Amata-L.pdf
Dea Amata L,,,,,,,,,,,,,,,,,,,Dea Amata L 26W 40°,215FW93040BGP0,White,images/dea-amata/dea-amata-white-black-high-gloss.jpg,3000K,CRI>90,Phase Dim,IP43,,Black High Gloss reflector · White (RAL 9003),26W,2550lm,98lm/W,40°,Installation=https://karizmaluce.com/wp-content/uploads/2022/11/Dea-Amata-L-Installation-manual.pdf;LDT=https://karizmaluce.com/wp-content/uploads/2022/05/Dea-Amata-L-LDT.zip;Brochure=https://karizmaluce.com/wp-content/uploads/2024/10/Dea-Amata-L.pdf
Dea Amata L,,,,,,,,,,,,,,,,,,,Dea Amata L 26W 40°,215FW93040BGD0,White,images/dea-amata/dea-amata-white-black-high-gloss.jpg,3000K,CRI>90,DALI,IP43,,Black High Gloss reflector · White (RAL 9003),26W,2550lm,98lm/W,40°,Installation=https://karizmaluce.com/wp-content/uploads/2022/11/Dea-Amata-L-Installation-manual.pdf;LDT=https://karizmaluce.com/wp-content/uploads/2022/05/Dea-Amata-L-LDT.zip;Brochure=https://karizmaluce.com/wp-content/uploads/2024/10/Dea-Amata-L.pdf
Dea Amata L,,,,,,,,,,,,,,,,,,,Dea Amata L 26W 40°,215FW94040BGF0,White,images/dea-amata/dea-amata-white-black-high-gloss.jpg,4000K,CRI>90,On/Off,IP43,,Black High Gloss reflector · White (RAL 9003),26W,2620lm,100lm/W,40°,Installation=https://karizmaluce.com/wp-content/uploads/2022/11/Dea-Amata-L-Installation-manual.pdf;LDT=https://karizmaluce.com/wp-content/uploads/2022/05/Dea-Amata-L-LDT.zip;Brochure=https://karizmaluce.com/wp-content/uploads/2024/10/Dea-Amata-L.pdf
Dea Amata L,,,,,,,,,,,,,,,,,,,Dea Amata L 26W 40°,215FW94040BGP0,White,images/dea-amata/dea-amata-white-black-high-gloss.jpg,4000K,CRI>90,Phase Dim,IP43,,Black High Gloss reflector · White (RAL 9003),26W,2620lm,100lm/W,40°,Installation=https://karizmaluce.com/wp-content/uploads/2022/11/Dea-Amata-L-Installation-manual.pdf;LDT=https://karizmaluce.com/wp-content/uploads/2022/05/Dea-Amata-L-LDT.zip;Brochure=https://karizmaluce.com/wp-content/uploads/2024/10/Dea-Amata-L.pdf
Dea Amata L,,,,,,,,,,,,,,,,,,,Dea Amata L 26W 40°,215FW94040BGD0,White,images/dea-amata/dea-amata-white-black-high-gloss.jpg,4000K,CRI>90,DALI,IP43,,Black High Gloss reflector · White (RAL 9003),26W,2620lm,100lm/W,40°,Installation=https://karizmaluce.com/wp-content/uploads/2022/11/Dea-Amata-L-Installation-manual.pdf;LDT=https://karizmaluce.com/wp-content/uploads/2022/05/Dea-Amata-L-LDT.zip;Brochure=https://karizmaluce.com/wp-content/uploads/2024/10/Dea-Amata-L.pdf
Dea Amata L,,,,,,,,,,,,,,,,,,,Dea Amata L 27W 35°,215IW183040BGP0,White,images/dea-amata/dea-amata-white-black-high-gloss.jpg,Warm Dim,CRI>90,Phase Dim,IP43,,Black High Gloss reflector · White (RAL 9003) · 1800–3000K dim to warm,27W,2100lm,78lm/W,35°,Installation=https://karizmaluce.com/wp-content/uploads/2022/11/Dea-Amata-L-Installation-manual.pdf;LDT=https://karizmaluce.com/wp-content/uploads/2022/05/Dea-Amata-L-LDT.zip;Brochure=https://karizmaluce.com/wp-content/uploads/2024/10/Dea-Amata-L.pdf
Dea Amata L,,,,,,,,,,,,,,,,,,,Dea Amata L 27W 35°,215IW183040BGD0,White,images/dea-amata/dea-amata-white-black-high-gloss.jpg,Warm Dim,CRI>90,DALI,IP43,,Black High Gloss reflector · White (RAL 9003) · 1800–3000K dim to warm,27W,2100lm,78lm/W,35°,Installation=https://karizmaluce.com/wp-content/uploads/2022/11/Dea-Amata-L-Installation-manual.pdf;LDT=https://karizmaluce.com/wp-content/uploads/2022/05/Dea-Amata-L-LDT.zip;Brochure=https://karizmaluce.com/wp-content/uploads/2024/10/Dea-Amata-L.pdf
Dea Amata L,,,,,,,,,,,,,,,,,,,Dea Amata L 28W 35°,215FW276540BGD0,White,images/dea-amata/dea-amata-white-black-high-gloss.jpg,Tuneable White,CRI>90,DALI,IP43,,Black High Gloss reflector · White (RAL 9003) · 2700–6500K tuneable white,28W,2250lm,80lm/W,35°,Installation=https://karizmaluce.com/wp-content/uploads/2022/11/Dea-Amata-L-Installation-manual.pdf;LDT=https://karizmaluce.com/wp-content/uploads/2022/05/Dea-Amata-L-LDT.zip;Brochure=https://karizmaluce.com/wp-content/uploads/2024/10/Dea-Amata-L.pdf
Dea Amata L,,,,,,,,,,,,,,,,,,,Dea Amata L 26W 40°,215FW92740CHF0,White,images/dea-amata/dea-amata-white-chrome.jpg,2700K,CRI>90,On/Off,IP43,,Chrome reflector · White (RAL 9003),26W,2500lm,102lm/W,40°,Installation=https://karizmaluce.com/wp-content/uploads/2022/11/Dea-Amata-L-Installation-manual.pdf;LDT=https://karizmaluce.com/wp-content/uploads/2022/05/Dea-Amata-L-LDT.zip;Brochure=https://karizmaluce.com/wp-content/uploads/2024/10/Dea-Amata-L.pdf
Dea Amata L,,,,,,,,,,,,,,,,,,,Dea Amata L 26W 40°,215FW92740CHP0,White,images/dea-amata/dea-amata-white-chrome.jpg,2700K,CRI>90,Phase Dim,IP43,,Chrome reflector · White (RAL 9003),26W,2500lm,102lm/W,40°,Installation=https://karizmaluce.com/wp-content/uploads/2022/11/Dea-Amata-L-Installation-manual.pdf;LDT=https://karizmaluce.com/wp-content/uploads/2022/05/Dea-Amata-L-LDT.zip;Brochure=https://karizmaluce.com/wp-content/uploads/2024/10/Dea-Amata-L.pdf
Dea Amata L,,,,,,,,,,,,,,,,,,,Dea Amata L 26W 40°,215FW92740CHD0,White,images/dea-amata/dea-amata-white-chrome.jpg,2700K,CRI>90,DALI,IP43,,Chrome reflector · White (RAL 9003),26W,2500lm,102lm/W,40°,Installation=https://karizmaluce.com/wp-content/uploads/2022/11/Dea-Amata-L-Installation-manual.pdf;LDT=https://karizmaluce.com/wp-content/uploads/2022/05/Dea-Amata-L-LDT.zip;Brochure=https://karizmaluce.com/wp-content/uploads/2024/10/Dea-Amata-L.pdf
Dea Amata L,,,,,,,,,,,,,,,,,,,Dea Amata L 26W 40°,215FW93040CHF0,White,images/dea-amata/dea-amata-white-chrome.jpg,3000K,CRI>90,On/Off,IP43,,Chrome reflector · White (RAL 9003),26W,2600lm,107lm/W,40°,Installation=https://karizmaluce.com/wp-content/uploads/2022/11/Dea-Amata-L-Installation-manual.pdf;LDT=https://karizmaluce.com/wp-content/uploads/2022/05/Dea-Amata-L-LDT.zip;Brochure=https://karizmaluce.com/wp-content/uploads/2024/10/Dea-Amata-L.pdf
Dea Amata L,,,,,,,,,,,,,,,,,,,Dea Amata L 26W 40°,215FW93040CHP0,White,images/dea-amata/dea-amata-white-chrome.jpg,3000K,CRI>90,Phase Dim,IP43,,Chrome reflector · White (RAL 9003),26W,2600lm,107lm/W,40°,Installation=https://karizmaluce.com/wp-content/uploads/2022/11/Dea-Amata-L-Installation-manual.pdf;LDT=https://karizmaluce.com/wp-content/uploads/2022/05/Dea-Amata-L-LDT.zip;Brochure=https://karizmaluce.com/wp-content/uploads/2024/10/Dea-Amata-L.pdf
Dea Amata L,,,,,,,,,,,,,,,,,,,Dea Amata L 26W 40°,215FW93040CHD0,White,images/dea-amata/dea-amata-white-chrome.jpg,3000K,CRI>90,DALI,IP43,,Chrome reflector · White (RAL 9003),26W,2600lm,107lm/W,40°,Installation=https://karizmaluce.com/wp-content/uploads/2022/11/Dea-Amata-L-Installation-manual.pdf;LDT=https://karizmaluce.com/wp-content/uploads/2022/05/Dea-Amata-L-LDT.zip;Brochure=https://karizmaluce.com/wp-content/uploads/2024/10/Dea-Amata-L.pdf
Dea Amata L,,,,,,,,,,,,,,,,,,,Dea Amata L 26W 40°,215FW94040CHF0,White,images/dea-amata/dea-amata-white-chrome.jpg,4000K,CRI>90,On/Off,IP43,,Chrome reflector · White (RAL 9003),26W,2650lm,109lm/W,40°,Installation=https://karizmaluce.com/wp-content/uploads/2022/11/Dea-Amata-L-Installation-manual.pdf;LDT=https://karizmaluce.com/wp-content/uploads/2022/05/Dea-Amata-L-LDT.zip;Brochure=https://karizmaluce.com/wp-content/uploads/2024/10/Dea-Amata-L.pdf
Dea Amata L,,,,,,,,,,,,,,,,,,,Dea Amata L 26W 40°,215FW94040CHP0,White,images/dea-amata/dea-amata-white-chrome.jpg,4000K,CRI>90,Phase Dim,IP43,,Chrome reflector · White (RAL 9003),26W,2650lm,109lm/W,40°,Installation=https://karizmaluce.com/wp-content/uploads/2022/11/Dea-Amata-L-Installation-manual.pdf;LDT=https://karizmaluce.com/wp-content/uploads/2022/05/Dea-Amata-L-LDT.zip;Brochure=https://karizmaluce.com/wp-content/uploads/2024/10/Dea-Amata-L.pdf
Dea Amata L,,,,,,,,,,,,,,,,,,,Dea Amata L 26W 40°,215FW94040CHD0,White,images/dea-amata/dea-amata-white-chrome.jpg,4000K,CRI>90,DALI,IP43,,Chrome reflector · White (RAL 9003),26W,2650lm,109lm/W,40°,Installation=https://karizmaluce.com/wp-content/uploads/2022/11/Dea-Amata-L-Installation-manual.pdf;LDT=https://karizmaluce.com/wp-content/uploads/2022/05/Dea-Amata-L-LDT.zip;Brochure=https://karizmaluce.com/wp-content/uploads/2024/10/Dea-Amata-L.pdf
Dea Amata L,,,,,,,,,,,,,,,,,,,Dea Amata L 27W 35°,215IW183040CHP0,White,images/dea-amata/dea-amata-white-chrome.jpg,Warm Dim,CRI>90,Phase Dim,IP43,,Chrome reflector · White (RAL 9003) · 1800–3000K dim to warm,27W,2100lm,78lm/W,35°,Installation=https://karizmaluce.com/wp-content/uploads/2022/11/Dea-Amata-L-Installation-manual.pdf;LDT=https://karizmaluce.com/wp-content/uploads/2022/05/Dea-Amata-L-LDT.zip;Brochure=https://karizmaluce.com/wp-content/uploads/2024/10/Dea-Amata-L.pdf
Dea Amata L,,,,,,,,,,,,,,,,,,,Dea Amata L 27W 35°,215IW183040CHD0,White,images/dea-amata/dea-amata-white-chrome.jpg,Warm Dim,CRI>90,DALI,IP43,,Chrome reflector · White (RAL 9003) · 1800–3000K dim to warm,27W,2100lm,78lm/W,35°,Installation=https://karizmaluce.com/wp-content/uploads/2022/11/Dea-Amata-L-Installation-manual.pdf;LDT=https://karizmaluce.com/wp-content/uploads/2022/05/Dea-Amata-L-LDT.zip;Brochure=https://karizmaluce.com/wp-content/uploads/2024/10/Dea-Amata-L.pdf
Dea Amata L,,,,,,,,,,,,,,,,,,,Dea Amata L 28W 35°,215FW276540CHD0,White,images/dea-amata/dea-amata-white-chrome.jpg,Tuneable White,CRI>90,DALI,IP43,,Chrome reflector · White (RAL 9003) · 2700–6500K tuneable white,28W,2250lm,80lm/W,35°,Installation=https://karizmaluce.com/wp-content/uploads/2022/11/Dea-Amata-L-Installation-manual.pdf;LDT=https://karizmaluce.com/wp-content/uploads/2022/05/Dea-Amata-L-LDT.zip;Brochure=https://karizmaluce.com/wp-content/uploads/2024/10/Dea-Amata-L.pdf
Dea Amata L,,,,,,,,,,,,,,,,,,,Dea Amata L 26W 40°,215FW92740BMF0,White,images/dea-amata/dea-amata-white-black-matt.jpg,2700K,CRI>90,On/Off,IP43,,Black Matt reflector · White (RAL 9003),26W,2460lm,95lm/W,40°,Installation=https://karizmaluce.com/wp-content/uploads/2022/11/Dea-Amata-L-Installation-manual.pdf;LDT=https://karizmaluce.com/wp-content/uploads/2022/05/Dea-Amata-L-LDT.zip;Brochure=https://karizmaluce.com/wp-content/uploads/2024/10/Dea-Amata-L.pdf
Dea Amata L,,,,,,,,,,,,,,,,,,,Dea Amata L 26W 40°,215FW92740BMP0,White,images/dea-amata/dea-amata-white-black-matt.jpg,2700K,CRI>90,Phase Dim,IP43,,Black Matt reflector · White (RAL 9003),26W,2460lm,95lm/W,40°,Installation=https://karizmaluce.com/wp-content/uploads/2022/11/Dea-Amata-L-Installation-manual.pdf;LDT=https://karizmaluce.com/wp-content/uploads/2022/05/Dea-Amata-L-LDT.zip;Brochure=https://karizmaluce.com/wp-content/uploads/2024/10/Dea-Amata-L.pdf
Dea Amata L,,,,,,,,,,,,,,,,,,,Dea Amata L 26W 40°,215FW92740BMD0,White,images/dea-amata/dea-amata-white-black-matt.jpg,2700K,CRI>90,DALI,IP43,,Black Matt reflector · White (RAL 9003),26W,2460lm,95lm/W,40°,Installation=https://karizmaluce.com/wp-content/uploads/2022/11/Dea-Amata-L-Installation-manual.pdf;LDT=https://karizmaluce.com/wp-content/uploads/2022/05/Dea-Amata-L-LDT.zip;Brochure=https://karizmaluce.com/wp-content/uploads/2024/10/Dea-Amata-L.pdf
Dea Amata L,,,,,,,,,,,,,,,,,,,Dea Amata L 26W 40°,215FW93040BMF0,White,images/dea-amata/dea-amata-white-black-matt.jpg,3000K,CRI>90,On/Off,IP43,,Black Matt reflector · White (RAL 9003),26W,2550lm,98lm/W,40°,Installation=https://karizmaluce.com/wp-content/uploads/2022/11/Dea-Amata-L-Installation-manual.pdf;LDT=https://karizmaluce.com/wp-content/uploads/2022/05/Dea-Amata-L-LDT.zip;Brochure=https://karizmaluce.com/wp-content/uploads/2024/10/Dea-Amata-L.pdf
Dea Amata L,,,,,,,,,,,,,,,,,,,Dea Amata L 26W 40°,215FW93040BMP0,White,images/dea-amata/dea-amata-white-black-matt.jpg,3000K,CRI>90,Phase Dim,IP43,,Black Matt reflector · White (RAL 9003),26W,2550lm,98lm/W,40°,Installation=https://karizmaluce.com/wp-content/uploads/2022/11/Dea-Amata-L-Installation-manual.pdf;LDT=https://karizmaluce.com/wp-content/uploads/2022/05/Dea-Amata-L-LDT.zip;Brochure=https://karizmaluce.com/wp-content/uploads/2024/10/Dea-Amata-L.pdf
Dea Amata L,,,,,,,,,,,,,,,,,,,Dea Amata L 26W 40°,215FW93040BMD0,White,images/dea-amata/dea-amata-white-black-matt.jpg,3000K,CRI>90,DALI,IP43,,Black Matt reflector · White (RAL 9003),26W,2550lm,98lm/W,40°,Installation=https://karizmaluce.com/wp-content/uploads/2022/11/Dea-Amata-L-Installation-manual.pdf;LDT=https://karizmaluce.com/wp-content/uploads/2022/05/Dea-Amata-L-LDT.zip;Brochure=https://karizmaluce.com/wp-content/uploads/2024/10/Dea-Amata-L.pdf
Dea Amata L,,,,,,,,,,,,,,,,,,,Dea Amata L 26W 40°,215FW94040BMF0,White,images/dea-amata/dea-amata-white-black-matt.jpg,4000K,CRI>90,On/Off,IP43,,Black Matt reflector · White (RAL 9003),26W,2620lm,100lm/W,40°,Installation=https://karizmaluce.com/wp-content/uploads/2022/11/Dea-Amata-L-Installation-manual.pdf;LDT=https://karizmaluce.com/wp-content/uploads/2022/05/Dea-Amata-L-LDT.zip;Brochure=https://karizmaluce.com/wp-content/uploads/2024/10/Dea-Amata-L.pdf
Dea Amata L,,,,,,,,,,,,,,,,,,,Dea Amata L 26W 40°,215FW94040BMP0,White,images/dea-amata/dea-amata-white-black-matt.jpg,4000K,CRI>90,Phase Dim,IP43,,Black Matt reflector · White (RAL 9003),26W,2620lm,100lm/W,40°,Installation=https://karizmaluce.com/wp-content/uploads/2022/11/Dea-Amata-L-Installation-manual.pdf;LDT=https://karizmaluce.com/wp-content/uploads/2022/05/Dea-Amata-L-LDT.zip;Brochure=https://karizmaluce.com/wp-content/uploads/2024/10/Dea-Amata-L.pdf
Dea Amata L,,,,,,,,,,,,,,,,,,,Dea Amata L 26W 40°,215FW94040BMD0,White,images/dea-amata/dea-amata-white-black-matt.jpg,4000K,CRI>90,DALI,IP43,,Black Matt reflector · White (RAL 9003),26W,2620lm,100lm/W,40°,Installation=https://karizmaluce.com/wp-content/uploads/2022/11/Dea-Amata-L-Installation-manual.pdf;LDT=https://karizmaluce.com/wp-content/uploads/2022/05/Dea-Amata-L-LDT.zip;Brochure=https://karizmaluce.com/wp-content/uploads/2024/10/Dea-Amata-L.pdf
Dea Amata L,,,,,,,,,,,,,,,,,,,Dea Amata L 27W 35°,215IW183040BMP0,White,images/dea-amata/dea-amata-white-black-matt.jpg,Warm Dim,CRI>90,Phase Dim,IP43,,Black Matt reflector · White (RAL 9003) · 1800–3000K dim to warm,27W,2100lm,78lm/W,35°,Installation=https://karizmaluce.com/wp-content/uploads/2022/11/Dea-Amata-L-Installation-manual.pdf;LDT=https://karizmaluce.com/wp-content/uploads/2022/05/Dea-Amata-L-LDT.zip;Brochure=https://karizmaluce.com/wp-content/uploads/2024/10/Dea-Amata-L.pdf
Dea Amata L,,,,,,,,,,,,,,,,,,,Dea Amata L 27W 35°,215IW183040BMD0,White,images/dea-amata/dea-amata-white-black-matt.jpg,Warm Dim,CRI>90,DALI,IP43,,Black Matt reflector · White (RAL 9003) · 1800–3000K dim to warm,27W,2100lm,78lm/W,35°,Installation=https://karizmaluce.com/wp-content/uploads/2022/11/Dea-Amata-L-Installation-manual.pdf;LDT=https://karizmaluce.com/wp-content/uploads/2022/05/Dea-Amata-L-LDT.zip;Brochure=https://karizmaluce.com/wp-content/uploads/2024/10/Dea-Amata-L.pdf
Dea Amata L,,,,,,,,,,,,,,,,,,,Dea Amata L 28W 35°,215FW276540BMD0,White,images/dea-amata/dea-amata-white-black-matt.jpg,Tuneable White,CRI>90,DALI,IP43,,Black Matt reflector · White (RAL 9003) · 2700–6500K tuneable white,28W,2250lm,80lm/W,35°,Installation=https://karizmaluce.com/wp-content/uploads/2022/11/Dea-Amata-L-Installation-manual.pdf;LDT=https://karizmaluce.com/wp-content/uploads/2022/05/Dea-Amata-L-LDT.zip;Brochure=https://karizmaluce.com/wp-content/uploads/2024/10/Dea-Amata-L.pdf
Dea Amata L,,,,,,,,,,,,,,,,,,,Dea Amata L 26W 45°,215FW92745COF0,White,images/dea-amata/dea-amata-white-copper.jpg,2700K,CRI>90,On/Off,IP43,,Copper reflector · White (RAL 9003),26W,2430lm,93lm/W,45°,Installation=https://karizmaluce.com/wp-content/uploads/2022/11/Dea-Amata-L-Installation-manual.pdf;LDT=https://karizmaluce.com/wp-content/uploads/2022/05/Dea-Amata-L-LDT.zip;Brochure=https://karizmaluce.com/wp-content/uploads/2024/10/Dea-Amata-L.pdf
Dea Amata L,,,,,,,,,,,,,,,,,,,Dea Amata L 26W 45°,215FW92745COP0,White,images/dea-amata/dea-amata-white-copper.jpg,2700K,CRI>90,Phase Dim,IP43,,Copper reflector · White (RAL 9003),26W,2430lm,93lm/W,45°,Installation=https://karizmaluce.com/wp-content/uploads/2022/11/Dea-Amata-L-Installation-manual.pdf;LDT=https://karizmaluce.com/wp-content/uploads/2022/05/Dea-Amata-L-LDT.zip;Brochure=https://karizmaluce.com/wp-content/uploads/2024/10/Dea-Amata-L.pdf
Dea Amata L,,,,,,,,,,,,,,,,,,,Dea Amata L 26W 45°,215FW92745COD0,White,images/dea-amata/dea-amata-white-copper.jpg,2700K,CRI>90,DALI,IP43,,Copper reflector · White (RAL 9003),26W,2430lm,93lm/W,45°,Installation=https://karizmaluce.com/wp-content/uploads/2022/11/Dea-Amata-L-Installation-manual.pdf;LDT=https://karizmaluce.com/wp-content/uploads/2022/05/Dea-Amata-L-LDT.zip;Brochure=https://karizmaluce.com/wp-content/uploads/2024/10/Dea-Amata-L.pdf
Dea Amata L,,,,,,,,,,,,,,,,,,,Dea Amata L 26W 45°,215FW93045COF0,White,images/dea-amata/dea-amata-white-copper.jpg,3000K,CRI>90,On/Off,IP43,,Copper reflector · White (RAL 9003),26W,2520lm,97lm/W,45°,Installation=https://karizmaluce.com/wp-content/uploads/2022/11/Dea-Amata-L-Installation-manual.pdf;LDT=https://karizmaluce.com/wp-content/uploads/2022/05/Dea-Amata-L-LDT.zip;Brochure=https://karizmaluce.com/wp-content/uploads/2024/10/Dea-Amata-L.pdf
Dea Amata L,,,,,,,,,,,,,,,,,,,Dea Amata L 26W 45°,215FW93045COP0,White,images/dea-amata/dea-amata-white-copper.jpg,3000K,CRI>90,Phase Dim,IP43,,Copper reflector · White (RAL 9003),26W,2520lm,97lm/W,45°,Installation=https://karizmaluce.com/wp-content/uploads/2022/11/Dea-Amata-L-Installation-manual.pdf;LDT=https://karizmaluce.com/wp-content/uploads/2022/05/Dea-Amata-L-LDT.zip;Brochure=https://karizmaluce.com/wp-content/uploads/2024/10/Dea-Amata-L.pdf
Dea Amata L,,,,,,,,,,,,,,,,,,,Dea Amata L 26W 45°,215FW93045COD0,White,images/dea-amata/dea-amata-white-copper.jpg,3000K,CRI>90,DALI,IP43,,Copper reflector · White (RAL 9003),26W,2520lm,97lm/W,45°,Installation=https://karizmaluce.com/wp-content/uploads/2022/11/Dea-Amata-L-Installation-manual.pdf;LDT=https://karizmaluce.com/wp-content/uploads/2022/05/Dea-Amata-L-LDT.zip;Brochure=https://karizmaluce.com/wp-content/uploads/2024/10/Dea-Amata-L.pdf
Dea Amata L,,,,,,,,,,,,,,,,,,,Dea Amata L 26W 45°,215FW94045COF0,White,images/dea-amata/dea-amata-white-copper.jpg,4000K,CRI>90,On/Off,IP43,,Copper reflector · White (RAL 9003),26W,2590lm,99lm/W,45°,Installation=https://karizmaluce.com/wp-content/uploads/2022/11/Dea-Amata-L-Installation-manual.pdf;LDT=https://karizmaluce.com/wp-content/uploads/2022/05/Dea-Amata-L-LDT.zip;Brochure=https://karizmaluce.com/wp-content/uploads/2024/10/Dea-Amata-L.pdf
Dea Amata L,,,,,,,,,,,,,,,,,,,Dea Amata L 26W 45°,215FW94045COP0,White,images/dea-amata/dea-amata-white-copper.jpg,4000K,CRI>90,Phase Dim,IP43,,Copper reflector · White (RAL 9003),26W,2590lm,99lm/W,45°,Installation=https://karizmaluce.com/wp-content/uploads/2022/11/Dea-Amata-L-Installation-manual.pdf;LDT=https://karizmaluce.com/wp-content/uploads/2022/05/Dea-Amata-L-LDT.zip;Brochure=https://karizmaluce.com/wp-content/uploads/2024/10/Dea-Amata-L.pdf
Dea Amata L,,,,,,,,,,,,,,,,,,,Dea Amata L 26W 45°,215FW94045COD0,White,images/dea-amata/dea-amata-white-copper.jpg,4000K,CRI>90,DALI,IP43,,Copper reflector · White (RAL 9003),26W,2590lm,99lm/W,45°,Installation=https://karizmaluce.com/wp-content/uploads/2022/11/Dea-Amata-L-Installation-manual.pdf;LDT=https://karizmaluce.com/wp-content/uploads/2022/05/Dea-Amata-L-LDT.zip;Brochure=https://karizmaluce.com/wp-content/uploads/2024/10/Dea-Amata-L.pdf
Dea Amata L,,,,,,,,,,,,,,,,,,,Dea Amata L 27W 40°,215IW183040COP0,White,images/dea-amata/dea-amata-white-copper.jpg,Warm Dim,CRI>90,Phase Dim,IP43,,Copper reflector · White (RAL 9003) · 1800–3000K dim to warm,27W,2100lm,78lm/W,40°,Installation=https://karizmaluce.com/wp-content/uploads/2022/11/Dea-Amata-L-Installation-manual.pdf;LDT=https://karizmaluce.com/wp-content/uploads/2022/05/Dea-Amata-L-LDT.zip;Brochure=https://karizmaluce.com/wp-content/uploads/2024/10/Dea-Amata-L.pdf
Dea Amata L,,,,,,,,,,,,,,,,,,,Dea Amata L 27W 40°,215IW183040COD0,White,images/dea-amata/dea-amata-white-copper.jpg,Warm Dim,CRI>90,DALI,IP43,,Copper reflector · White (RAL 9003) · 1800–3000K dim to warm,27W,2100lm,78lm/W,40°,Installation=https://karizmaluce.com/wp-content/uploads/2022/11/Dea-Amata-L-Installation-manual.pdf;LDT=https://karizmaluce.com/wp-content/uploads/2022/05/Dea-Amata-L-LDT.zip;Brochure=https://karizmaluce.com/wp-content/uploads/2024/10/Dea-Amata-L.pdf
Dea Amata L,,,,,,,,,,,,,,,,,,,Dea Amata L 28W 40°,215FW276540COD0,White,images/dea-amata/dea-amata-white-copper.jpg,Tuneable White,CRI>90,DALI,IP43,,Copper reflector · White (RAL 9003) · 2700–6500K tuneable white,28W,2250lm,80lm/W,40°,Installation=https://karizmaluce.com/wp-content/uploads/2022/11/Dea-Amata-L-Installation-manual.pdf;LDT=https://karizmaluce.com/wp-content/uploads/2022/05/Dea-Amata-L-LDT.zip;Brochure=https://karizmaluce.com/wp-content/uploads/2024/10/Dea-Amata-L.pdf
