family,brand,environment,category,tagline,description,specification,cct,cri,control,ip,finishes,drawing,new,images,slides,slide_tag,dimensions,dimensions_note,model,code,model_finish,model_image,model_cct,model_cri,model_control,model_ip,model_ugr,model_details,power,flux,efficacy,beam,downloads,ik
Linibox W,Electron,Exterior,Wall Mounted,A slim outdoor wall box that puts a precise beam exactly where it is needed.,"Linibox W is a compact rectangular wall light for façades, entrances and garden walls, aiming its light straight down. A row of small fixed optics sits flush in the underside, giving a crisp, low-glare beam from a narrow 17° spot to a wide 62° flood or an asymmetric 16°x30° wall-grazing lens. Three lengths share the same 95mm-high profile, so a run of mixed sizes still reads as one family.","Exterior wall-mounted luminaire with fixed downward optics. CREE LED. Beam 17° | 21° | 25° | 35° | 62° | 16°x30°. UGR<13.7 (17°) | <13.1 (21°) | <12.5 (25°) | <20.6 (35°) | <23.6 (62°) | <15.7 (16°x30°). IP65. IK06. L90/B10 >50,000h. Integral 230VAC driver, non-dimmable or trailing-edge phase-cut dimmable. Supply cable 3×0.75mm², maximum outer Ø7mm. Other RAL colours on request.",2700K | 3000K | 4000K | 5000K,CRI>80 | CRI>90,On/Off | Phase Dim,IP65,Black | White | Brown,surface-square,,images/linibox-w/linibox-w-thumb.jpg;images/linibox-w/linibox-w-dimensions-8.png;images/linibox-w/linibox-w-dimensions-13.png;images/linibox-w/linibox-w-dimensions-17.png;images/linibox-w/linibox-w-photometric-17.png;images/linibox-w/linibox-w-photometric-21.png;images/linibox-w/linibox-w-photometric-25.png;images/linibox-w/linibox-w-photometric-35.png;images/linibox-w/linibox-w-photometric-62.png;images/linibox-w/linibox-w-photometric-16x30.png,,,images/linibox-w/linibox-w-dimensions-13.png,8 115 × 56 × 95mm (L × projection × H) · 13 160 × 56 × 95mm · 17 205 × 56 × 95mm,Linibox W 8 8.4W 17°,LINIBOX W-08-27C-80-FX-VN-BL-230ND,Black,images/linibox-w/linibox-w-8-black.jpg,2700K,CRI>80,On/Off,IP65,UGR<13.7,Black · 115 × 56 × 95mm,8.4W,753lm,90lm/W,17°,Installation=images/linibox-w/linibox-w-installation-8.pdf;LDT=images/linibox-w/ldt/LINIBOX_W-08-27C-80-FX-VN.ldt;Brochure=images/linibox-w/linibox-w-brochure.pdf,IK06
Linibox W,,,,,,,,,,,,,,,,,,,Linibox W 8 8.4W 17°,LINIBOX W-08-27C-80-FX-VN-BL-230D,Black,images/linibox-w/linibox-w-8-black.jpg,2700K,CRI>80,Phase Dim,IP65,UGR<13.7,Black · 115 × 56 × 95mm,8.4W,753lm,90lm/W,17°,Installation=images/linibox-w/linibox-w-installation-8.pdf;LDT=images/linibox-w/ldt/LINIBOX_W-08-27C-80-FX-VN.ldt;Brochure=images/linibox-w/linibox-w-brochure.pdf,
Linibox W,,,,,,,,,,,,,,,,,,,Linibox W 8 8.4W 17°,LINIBOX W-08-27C-90-FX-VN-BL-230ND,Black,images/linibox-w/linibox-w-8-black.jpg,2700K,CRI>90,On/Off,IP65,UGR<13.7,Black · 115 × 56 × 95mm,8.4W,611lm,73lm/W,17°,Installation=images/linibox-w/linibox-w-installation-8.pdf;LDT=images/linibox-w/ldt/LINIBOX_W-08-27C-90-FX-VN.ldt;Brochure=images/linibox-w/linibox-w-brochure.pdf,
Linibox W,,,,,,,,,,,,,,,,,,,Linibox W 8 8.4W 17°,LINIBOX W-08-27C-90-FX-VN-BL-230D,Black,images/linibox-w/linibox-w-8-black.jpg,2700K,CRI>90,Phase Dim,IP65,UGR<13.7,Black · 115 × 56 × 95mm,8.4W,611lm,73lm/W,17°,Installation=images/linibox-w/linibox-w-installation-8.pdf;LDT=images/linibox-w/ldt/LINIBOX_W-08-27C-90-FX-VN.ldt;Brochure=images/linibox-w/linibox-w-brochure.pdf,
Linibox W,,,,,,,,,,,,,,,,,,,Linibox W 8 8.4W 17°,LINIBOX W-08-30C-80-FX-VN-BL-230ND,Black,images/linibox-w/linibox-w-8-black.jpg,3000K,CRI>80,On/Off,IP65,UGR<13.7,Black · 115 × 56 × 95mm,8.4W,795lm,95lm/W,17°,Installation=images/linibox-w/linibox-w-installation-8.pdf;LDT=images/linibox-w/ldt/LINIBOX_W-08-30C-80-FX-VN.ldt;Brochure=images/linibox-w/linibox-w-brochure.pdf,
Linibox W,,,,,,,,,,,,,,,,,,,Linibox W 8 8.4W 17°,LINIBOX W-08-30C-80-FX-VN-BL-230D,Black,images/linibox-w/linibox-w-8-black.jpg,3000K,CRI>80,Phase Dim,IP65,UGR<13.7,Black · 115 × 56 × 95mm,8.4W,795lm,95lm/W,17°,Installation=images/linibox-w/linibox-w-installation-8.pdf;LDT=images/linibox-w/ldt/LINIBOX_W-08-30C-80-FX-VN.ldt;Brochure=images/linibox-w/linibox-w-brochure.pdf,
Linibox W,,,,,,,,,,,,,,,,,,,Linibox W 8 8.4W 17°,LINIBOX W-08-30C-90-FX-VN-BL-230ND,Black,images/linibox-w/linibox-w-8-black.jpg,3000K,CRI>90,On/Off,IP65,UGR<13.7,Black · 115 × 56 × 95mm,8.4W,696lm,83lm/W,17°,Installation=images/linibox-w/linibox-w-installation-8.pdf;LDT=images/linibox-w/ldt/LINIBOX_W-08-30C-90-FX-VN.ldt;Brochure=images/linibox-w/linibox-w-brochure.pdf,
Linibox W,,,,,,,,,,,,,,,,,,,Linibox W 8 8.4W 17°,LINIBOX W-08-30C-90-FX-VN-BL-230D,Black,images/linibox-w/linibox-w-8-black.jpg,3000K,CRI>90,Phase Dim,IP65,UGR<13.7,Black · 115 × 56 × 95mm,8.4W,696lm,83lm/W,17°,Installation=images/linibox-w/linibox-w-installation-8.pdf;LDT=images/linibox-w/ldt/LINIBOX_W-08-30C-90-FX-VN.ldt;Brochure=images/linibox-w/linibox-w-brochure.pdf,
Linibox W,,,,,,,,,,,,,,,,,,,Linibox W 8 8.4W 17°,LINIBOX W-08-40C-80-FX-VN-BL-230ND,Black,images/linibox-w/linibox-w-8-black.jpg,4000K,CRI>80,On/Off,IP65,UGR<13.7,Black · 115 × 56 × 95mm,8.4W,838lm,100lm/W,17°,Installation=images/linibox-w/linibox-w-installation-8.pdf;LDT=images/linibox-w/ldt/LINIBOX_W-08-40C-80-FX-VN.ldt;Brochure=images/linibox-w/linibox-w-brochure.pdf,
Linibox W,,,,,,,,,,,,,,,,,,,Linibox W 8 8.4W 17°,LINIBOX W-08-40C-80-FX-VN-BL-230D,Black,images/linibox-w/linibox-w-8-black.jpg,4000K,CRI>80,Phase Dim,IP65,UGR<13.7,Black · 115 × 56 × 95mm,8.4W,838lm,100lm/W,17°,Installation=images/linibox-w/linibox-w-installation-8.pdf;LDT=images/linibox-w/ldt/LINIBOX_W-08-40C-80-FX-VN.ldt;Brochure=images/linibox-w/linibox-w-brochure.pdf,
Linibox W,,,,,,,,,,,,,,,,,,,Linibox W 8 8.4W 17°,LINIBOX W-08-40C-90-FX-VN-BL-230ND,Black,images/linibox-w/linibox-w-8-black.jpg,4000K,CRI>90,On/Off,IP65,UGR<13.7,Black · 115 × 56 × 95mm,8.4W,753lm,90lm/W,17°,Installation=images/linibox-w/linibox-w-installation-8.pdf;LDT=images/linibox-w/ldt/LINIBOX_W-08-40C-90-FX-VN.ldt;Brochure=images/linibox-w/linibox-w-brochure.pdf,
Linibox W,,,,,,,,,,,,,,,,,,,Linibox W 8 8.4W 17°,LINIBOX W-08-40C-90-FX-VN-BL-230D,Black,images/linibox-w/linibox-w-8-black.jpg,4000K,CRI>90,Phase Dim,IP65,UGR<13.7,Black · 115 × 56 × 95mm,8.4W,753lm,90lm/W,17°,Installation=images/linibox-w/linibox-w-installation-8.pdf;LDT=images/linibox-w/ldt/LINIBOX_W-08-40C-90-FX-VN.ldt;Brochure=images/linibox-w/linibox-w-brochure.pdf,
Linibox W,,,,,,,,,,,,,,,,,,,Linibox W 8 8.4W 17°,LINIBOX W-08-50C-80-FX-VN-BL-230ND,Black,images/linibox-w/linibox-w-8-black.jpg,5000K,CRI>80,On/Off,IP65,UGR<13.7,Black · 115 × 56 × 95mm,8.4W,923lm,110lm/W,17°,Installation=images/linibox-w/linibox-w-installation-8.pdf;LDT=images/linibox-w/ldt/LINIBOX_W-08-50C-80-FX-VN.ldt;Brochure=images/linibox-w/linibox-w-brochure.pdf,
Linibox W,,,,,,,,,,,,,,,,,,,Linibox W 8 8.4W 17°,LINIBOX W-08-50C-80-FX-VN-BL-230D,Black,images/linibox-w/linibox-w-8-black.jpg,5000K,CRI>80,Phase Dim,IP65,UGR<13.7,Black · 115 × 56 × 95mm,8.4W,923lm,110lm/W,17°,Installation=images/linibox-w/linibox-w-installation-8.pdf;LDT=images/linibox-w/ldt/LINIBOX_W-08-50C-80-FX-VN.ldt;Brochure=images/linibox-w/linibox-w-brochure.pdf,
Linibox W,,,,,,,,,,,,,,,,,,,Linibox W 8 8.4W 17°,LINIBOX W-08-50C-90-FX-VN-BL-230ND,Black,images/linibox-w/linibox-w-8-black.jpg,5000K,CRI>90,On/Off,IP65,UGR<13.7,Black · 115 × 56 × 95mm,8.4W,799lm,95lm/W,17°,Installation=images/linibox-w/linibox-w-installation-8.pdf;LDT=images/linibox-w/ldt/LINIBOX_W-08-50C-90-FX-VN.ldt;Brochure=images/linibox-w/linibox-w-brochure.pdf,
Linibox W,,,,,,,,,,,,,,,,,,,Linibox W 8 8.4W 17°,LINIBOX W-08-50C-90-FX-VN-BL-230D,Black,images/linibox-w/linibox-w-8-black.jpg,5000K,CRI>90,Phase Dim,IP65,UGR<13.7,Black · 115 × 56 × 95mm,8.4W,799lm,95lm/W,17°,Installation=images/linibox-w/linibox-w-installation-8.pdf;LDT=images/linibox-w/ldt/LINIBOX_W-08-50C-90-FX-VN.ldt;Brochure=images/linibox-w/linibox-w-brochure.pdf,
Linibox W,,,,,,,,,,,,,,,,,,,Linibox W 8 8.4W 21°,LINIBOX W-08-27C-80-FX-NR-BL-230ND,Black,images/linibox-w/linibox-w-8-black.jpg,2700K,CRI>80,On/Off,IP65,UGR<13.1,Black · 115 × 56 × 95mm,8.4W,912lm,109lm/W,21°,Installation=images/linibox-w/linibox-w-installation-8.pdf;LDT=images/linibox-w/ldt/LINIBOX_W-08-27C-80-FX-NR.ldt;Brochure=images/linibox-w/linibox-w-brochure.pdf,
Linibox W,,,,,,,,,,,,,,,,,,,Linibox W 8 8.4W 21°,LINIBOX W-08-27C-80-FX-NR-BL-230D,Black,images/linibox-w/linibox-w-8-black.jpg,2700K,CRI>80,Phase Dim,IP65,UGR<13.1,Black · 115 × 56 × 95mm,8.4W,912lm,109lm/W,21°,Installation=images/linibox-w/linibox-w-installation-8.pdf;LDT=images/linibox-w/ldt/LINIBOX_W-08-27C-80-FX-NR.ldt;Brochure=images/linibox-w/linibox-w-brochure.pdf,
Linibox W,,,,,,,,,,,,,,,,,,,Linibox W 8 8.4W 21°,LINIBOX W-08-27C-90-FX-NR-BL-230ND,Black,images/linibox-w/linibox-w-8-black.jpg,2700K,CRI>90,On/Off,IP65,UGR<13.1,Black · 115 × 56 × 95mm,8.4W,740lm,88lm/W,21°,Installation=images/linibox-w/linibox-w-installation-8.pdf;LDT=images/linibox-w/ldt/LINIBOX_W-08-27C-90-FX-NR.ldt;Brochure=images/linibox-w/linibox-w-brochure.pdf,
Linibox W,,,,,,,,,,,,,,,,,,,Linibox W 8 8.4W 21°,LINIBOX W-08-27C-90-FX-NR-BL-230D,Black,images/linibox-w/linibox-w-8-black.jpg,2700K,CRI>90,Phase Dim,IP65,UGR<13.1,Black · 115 × 56 × 95mm,8.4W,740lm,88lm/W,21°,Installation=images/linibox-w/linibox-w-installation-8.pdf;LDT=images/linibox-w/ldt/LINIBOX_W-08-27C-90-FX-NR.ldt;Brochure=images/linibox-w/linibox-w-brochure.pdf,
Linibox W,,,,,,,,,,,,,,,,,,,Linibox W 8 8.4W 21°,LINIBOX W-08-30C-80-FX-NR-BL-230ND,Black,images/linibox-w/linibox-w-8-black.jpg,3000K,CRI>80,On/Off,IP65,UGR<13.1,Black · 115 × 56 × 95mm,8.4W,963lm,115lm/W,21°,Installation=images/linibox-w/linibox-w-installation-8.pdf;LDT=images/linibox-w/ldt/LINIBOX_W-08-30C-80-FX-NR.ldt;Brochure=images/linibox-w/linibox-w-brochure.pdf,
Linibox W,,,,,,,,,,,,,,,,,,,Linibox W 8 8.4W 21°,LINIBOX W-08-30C-80-FX-NR-BL-230D,Black,images/linibox-w/linibox-w-8-black.jpg,3000K,CRI>80,Phase Dim,IP65,UGR<13.1,Black · 115 × 56 × 95mm,8.4W,963lm,115lm/W,21°,Installation=images/linibox-w/linibox-w-installation-8.pdf;LDT=images/linibox-w/ldt/LINIBOX_W-08-30C-80-FX-NR.ldt;Brochure=images/linibox-w/linibox-w-brochure.pdf,
Linibox W,,,,,,,,,,,,,,,,,,,Linibox W 8 8.4W 21°,LINIBOX W-08-30C-90-FX-NR-BL-230ND,Black,images/linibox-w/linibox-w-8-black.jpg,3000K,CRI>90,On/Off,IP65,UGR<13.1,Black · 115 × 56 × 95mm,8.4W,843lm,100lm/W,21°,Installation=images/linibox-w/linibox-w-installation-8.pdf;LDT=images/linibox-w/ldt/LINIBOX_W-08-30C-90-FX-NR.ldt;Brochure=images/linibox-w/linibox-w-brochure.pdf,
Linibox W,,,,,,,,,,,,,,,,,,,Linibox W 8 8.4W 21°,LINIBOX W-08-30C-90-FX-NR-BL-230D,Black,images/linibox-w/linibox-w-8-black.jpg,3000K,CRI>90,Phase Dim,IP65,UGR<13.1,Black · 115 × 56 × 95mm,8.4W,843lm,100lm/W,21°,Installation=images/linibox-w/linibox-w-installation-8.pdf;LDT=images/linibox-w/ldt/LINIBOX_W-08-30C-90-FX-NR.ldt;Brochure=images/linibox-w/linibox-w-brochure.pdf,
Linibox W,,,,,,,,,,,,,,,,,,,Linibox W 8 8.4W 21°,LINIBOX W-08-40C-80-FX-NR-BL-230ND,Black,images/linibox-w/linibox-w-8-black.jpg,4000K,CRI>80,On/Off,IP65,UGR<13.1,Black · 115 × 56 × 95mm,8.4W,1015lm,121lm/W,21°,Installation=images/linibox-w/linibox-w-installation-8.pdf;LDT=images/linibox-w/ldt/LINIBOX_W-08-40C-80-FX-NR.ldt;Brochure=images/linibox-w/linibox-w-brochure.pdf,
Linibox W,,,,,,,,,,,,,,,,,,,Linibox W 8 8.4W 21°,LINIBOX W-08-40C-80-FX-NR-BL-230D,Black,images/linibox-w/linibox-w-8-black.jpg,4000K,CRI>80,Phase Dim,IP65,UGR<13.1,Black · 115 × 56 × 95mm,8.4W,1015lm,121lm/W,21°,Installation=images/linibox-w/linibox-w-installation-8.pdf;LDT=images/linibox-w/ldt/LINIBOX_W-08-40C-80-FX-NR.ldt;Brochure=images/linibox-w/linibox-w-brochure.pdf,
Linibox W,,,,,,,,,,,,,,,,,,,Linibox W 8 8.4W 21°,LINIBOX W-08-40C-90-FX-NR-BL-230ND,Black,images/linibox-w/linibox-w-8-black.jpg,4000K,CRI>90,On/Off,IP65,UGR<13.1,Black · 115 × 56 × 95mm,8.4W,912lm,109lm/W,21°,Installation=images/linibox-w/linibox-w-installation-8.pdf;LDT=images/linibox-w/ldt/LINIBOX_W-08-40C-90-FX-NR.ldt;Brochure=images/linibox-w/linibox-w-brochure.pdf,
Linibox W,,,,,,,,,,,,,,,,,,,Linibox W 8 8.4W 21°,LINIBOX W-08-40C-90-FX-NR-BL-230D,Black,images/linibox-w/linibox-w-8-black.jpg,4000K,CRI>90,Phase Dim,IP65,UGR<13.1,Black · 115 × 56 × 95mm,8.4W,912lm,109lm/W,21°,Installation=images/linibox-w/linibox-w-installation-8.pdf;LDT=images/linibox-w/ldt/LINIBOX_W-08-40C-90-FX-NR.ldt;Brochure=images/linibox-w/linibox-w-brochure.pdf,
Linibox W,,,,,,,,,,,,,,,,,,,Linibox W 8 8.4W 21°,LINIBOX W-08-50C-80-FX-NR-BL-230ND,Black,images/linibox-w/linibox-w-8-black.jpg,5000K,CRI>80,On/Off,IP65,UGR<13.1,Black · 115 × 56 × 95mm,8.4W,1118lm,133lm/W,21°,Installation=images/linibox-w/linibox-w-installation-8.pdf;LDT=images/linibox-w/ldt/LINIBOX_W-08-50C-80-FX-NR.ldt;Brochure=images/linibox-w/linibox-w-brochure.pdf,
Linibox W,,,,,,,,,,,,,,,,,,,Linibox W 8 8.4W 21°,LINIBOX W-08-50C-80-FX-NR-BL-230D,Black,images/linibox-w/linibox-w-8-black.jpg,5000K,CRI>80,Phase Dim,IP65,UGR<13.1,Black · 115 × 56 × 95mm,8.4W,1118lm,133lm/W,21°,Installation=images/linibox-w/linibox-w-installation-8.pdf;LDT=images/linibox-w/ldt/LINIBOX_W-08-50C-80-FX-NR.ldt;Brochure=images/linibox-w/linibox-w-brochure.pdf,
Linibox W,,,,,,,,,,,,,,,,,,,Linibox W 8 8.4W 21°,LINIBOX W-08-50C-90-FX-NR-BL-230ND,Black,images/linibox-w/linibox-w-8-black.jpg,5000K,CRI>90,On/Off,IP65,UGR<13.1,Black · 115 × 56 × 95mm,8.4W,968lm,115lm/W,21°,Installation=images/linibox-w/linibox-w-installation-8.pdf;LDT=images/linibox-w/ldt/LINIBOX_W-08-50C-90-FX-NR.ldt;Brochure=images/linibox-w/linibox-w-brochure.pdf,
Linibox W,,,,,,,,,,,,,,,,,,,Linibox W 8 8.4W 21°,LINIBOX W-08-50C-90-FX-NR-BL-230D,Black,images/linibox-w/linibox-w-8-black.jpg,5000K,CRI>90,Phase Dim,IP65,UGR<13.1,Black · 115 × 56 × 95mm,8.4W,968lm,115lm/W,21°,Installation=images/linibox-w/linibox-w-installation-8.pdf;LDT=images/linibox-w/ldt/LINIBOX_W-08-50C-90-FX-NR.ldt;Brochure=images/linibox-w/linibox-w-brochure.pdf,
Linibox W,,,,,,,,,,,,,,,,,,,Linibox W 8 8.4W 25°,LINIBOX W-08-27C-80-FX-MD-BL-230ND,Black,images/linibox-w/linibox-w-8-black.jpg,2700K,CRI>80,On/Off,IP65,UGR<12.5,Black · 115 × 56 × 95mm,8.4W,806lm,96lm/W,25°,Installation=images/linibox-w/linibox-w-installation-8.pdf;LDT=images/linibox-w/ldt/LINIBOX_W-08-27C-80-FX-MD.ldt;Brochure=images/linibox-w/linibox-w-brochure.pdf,
Linibox W,,,,,,,,,,,,,,,,,,,Linibox W 8 8.4W 25°,LINIBOX W-08-27C-80-FX-MD-BL-230D,Black,images/linibox-w/linibox-w-8-black.jpg,2700K,CRI>80,Phase Dim,IP65,UGR<12.5,Black · 115 × 56 × 95mm,8.4W,806lm,96lm/W,25°,Installation=images/linibox-w/linibox-w-installation-8.pdf;LDT=images/linibox-w/ldt/LINIBOX_W-08-27C-80-FX-MD.ldt;Brochure=images/linibox-w/linibox-w-brochure.pdf,
Linibox W,,,,,,,,,,,,,,,,,,,Linibox W 8 8.4W 25°,LINIBOX W-08-27C-90-FX-MD-BL-230ND,Black,images/linibox-w/linibox-w-8-black.jpg,2700K,CRI>90,On/Off,IP65,UGR<12.5,Black · 115 × 56 × 95mm,8.4W,654lm,78lm/W,25°,Installation=images/linibox-w/linibox-w-installation-8.pdf;LDT=images/linibox-w/ldt/LINIBOX_W-08-27C-90-FX-MD.ldt;Brochure=images/linibox-w/linibox-w-brochure.pdf,
Linibox W,,,,,,,,,,,,,,,,,,,Linibox W 8 8.4W 25°,LINIBOX W-08-27C-90-FX-MD-BL-230D,Black,images/linibox-w/linibox-w-8-black.jpg,2700K,CRI>90,Phase Dim,IP65,UGR<12.5,Black · 115 × 56 × 95mm,8.4W,654lm,78lm/W,25°,Installation=images/linibox-w/linibox-w-installation-8.pdf;LDT=images/linibox-w/ldt/LINIBOX_W-08-27C-90-FX-MD.ldt;Brochure=images/linibox-w/linibox-w-brochure.pdf,
Linibox W,,,,,,,,,,,,,,,,,,,Linibox W 8 8.4W 25°,LINIBOX W-08-30C-80-FX-MD-BL-230ND,Black,images/linibox-w/linibox-w-8-black.jpg,3000K,CRI>80,On/Off,IP65,UGR<12.5,Black · 115 × 56 × 95mm,8.4W,851lm,101lm/W,25°,Installation=images/linibox-w/linibox-w-installation-8.pdf;LDT=images/linibox-w/ldt/LINIBOX_W-08-30C-80-FX-MD.ldt;Brochure=images/linibox-w/linibox-w-brochure.pdf,
Linibox W,,,,,,,,,,,,,,,,,,,Linibox W 8 8.4W 25°,LINIBOX W-08-30C-80-FX-MD-BL-230D,Black,images/linibox-w/linibox-w-8-black.jpg,3000K,CRI>80,Phase Dim,IP65,UGR<12.5,Black · 115 × 56 × 95mm,8.4W,851lm,101lm/W,25°,Installation=images/linibox-w/linibox-w-installation-8.pdf;LDT=images/linibox-w/ldt/LINIBOX_W-08-30C-80-FX-MD.ldt;Brochure=images/linibox-w/linibox-w-brochure.pdf,
Linibox W,,,,,,,,,,,,,,,,,,,Linibox W 8 8.4W 25°,LINIBOX W-08-30C-90-FX-MD-BL-230ND,Black,images/linibox-w/linibox-w-8-black.jpg,3000K,CRI>90,On/Off,IP65,UGR<12.5,Black · 115 × 56 × 95mm,8.4W,745lm,89lm/W,25°,Installation=images/linibox-w/linibox-w-installation-8.pdf;LDT=images/linibox-w/ldt/LINIBOX_W-08-30C-90-FX-MD.ldt;Brochure=images/linibox-w/linibox-w-brochure.pdf,
Linibox W,,,,,,,,,,,,,,,,,,,Linibox W 8 8.4W 25°,LINIBOX W-08-30C-90-FX-MD-BL-230D,Black,images/linibox-w/linibox-w-8-black.jpg,3000K,CRI>90,Phase Dim,IP65,UGR<12.5,Black · 115 × 56 × 95mm,8.4W,745lm,89lm/W,25°,Installation=images/linibox-w/linibox-w-installation-8.pdf;LDT=images/linibox-w/ldt/LINIBOX_W-08-30C-90-FX-MD.ldt;Brochure=images/linibox-w/linibox-w-brochure.pdf,
Linibox W,,,,,,,,,,,,,,,,,,,Linibox W 8 8.4W 25°,LINIBOX W-08-40C-80-FX-MD-BL-230ND,Black,images/linibox-w/linibox-w-8-black.jpg,4000K,CRI>80,On/Off,IP65,UGR<12.5,Black · 115 × 56 × 95mm,8.4W,897lm,107lm/W,25°,Installation=images/linibox-w/linibox-w-installation-8.pdf;LDT=images/linibox-w/ldt/LINIBOX_W-08-40C-80-FX-MD.ldt;Brochure=images/linibox-w/linibox-w-brochure.pdf,
Linibox W,,,,,,,,,,,,,,,,,,,Linibox W 8 8.4W 25°,LINIBOX W-08-40C-80-FX-MD-BL-230D,Black,images/linibox-w/linibox-w-8-black.jpg,4000K,CRI>80,Phase Dim,IP65,UGR<12.5,Black · 115 × 56 × 95mm,8.4W,897lm,107lm/W,25°,Installation=images/linibox-w/linibox-w-installation-8.pdf;LDT=images/linibox-w/ldt/LINIBOX_W-08-40C-80-FX-MD.ldt;Brochure=images/linibox-w/linibox-w-brochure.pdf,
Linibox W,,,,,,,,,,,,,,,,,,,Linibox W 8 8.4W 25°,LINIBOX W-08-40C-90-FX-MD-BL-230ND,Black,images/linibox-w/linibox-w-8-black.jpg,4000K,CRI>90,On/Off,IP65,UGR<12.5,Black · 115 × 56 × 95mm,8.4W,806lm,96lm/W,25°,Installation=images/linibox-w/linibox-w-installation-8.pdf;LDT=images/linibox-w/ldt/LINIBOX_W-08-40C-90-FX-MD.ldt;Brochure=images/linibox-w/linibox-w-brochure.pdf,
Linibox W,,,,,,,,,,,,,,,,,,,Linibox W 8 8.4W 25°,LINIBOX W-08-40C-90-FX-MD-BL-230D,Black,images/linibox-w/linibox-w-8-black.jpg,4000K,CRI>90,Phase Dim,IP65,UGR<12.5,Black · 115 × 56 × 95mm,8.4W,806lm,96lm/W,25°,Installation=images/linibox-w/linibox-w-installation-8.pdf;LDT=images/linibox-w/ldt/LINIBOX_W-08-40C-90-FX-MD.ldt;Brochure=images/linibox-w/linibox-w-brochure.pdf,
Linibox W,,,,,,,,,,,,,,,,,,,Linibox W 8 8.4W 25°,LINIBOX W-08-50C-80-FX-MD-BL-230ND,Black,images/linibox-w/linibox-w-8-black.jpg,5000K,CRI>80,On/Off,IP65,UGR<12.5,Black · 115 × 56 × 95mm,8.4W,988lm,118lm/W,25°,Installation=images/linibox-w/linibox-w-installation-8.pdf;LDT=images/linibox-w/ldt/LINIBOX_W-08-50C-80-FX-MD.ldt;Brochure=images/linibox-w/linibox-w-brochure.pdf,
Linibox W,,,,,,,,,,,,,,,,,,,Linibox W 8 8.4W 25°,LINIBOX W-08-50C-80-FX-MD-BL-230D,Black,images/linibox-w/linibox-w-8-black.jpg,5000K,CRI>80,Phase Dim,IP65,UGR<12.5,Black · 115 × 56 × 95mm,8.4W,988lm,118lm/W,25°,Installation=images/linibox-w/linibox-w-installation-8.pdf;LDT=images/linibox-w/ldt/LINIBOX_W-08-50C-80-FX-MD.ldt;Brochure=images/linibox-w/linibox-w-brochure.pdf,
Linibox W,,,,,,,,,,,,,,,,,,,Linibox W 8 8.4W 25°,LINIBOX W-08-50C-90-FX-MD-BL-230ND,Black,images/linibox-w/linibox-w-8-black.jpg,5000K,CRI>90,On/Off,IP65,UGR<12.5,Black · 115 × 56 × 95mm,8.4W,855lm,102lm/W,25°,Installation=images/linibox-w/linibox-w-installation-8.pdf;LDT=images/linibox-w/ldt/LINIBOX_W-08-50C-90-FX-MD.ldt;Brochure=images/linibox-w/linibox-w-brochure.pdf,
Linibox W,,,,,,,,,,,,,,,,,,,Linibox W 8 8.4W 25°,LINIBOX W-08-50C-90-FX-MD-BL-230D,Black,images/linibox-w/linibox-w-8-black.jpg,5000K,CRI>90,Phase Dim,IP65,UGR<12.5,Black · 115 × 56 × 95mm,8.4W,855lm,102lm/W,25°,Installation=images/linibox-w/linibox-w-installation-8.pdf;LDT=images/linibox-w/ldt/LINIBOX_W-08-50C-90-FX-MD.ldt;Brochure=images/linibox-w/linibox-w-brochure.pdf,
Linibox W,,,,,,,,,,,,,,,,,,,Linibox W 8 8.4W 35°,LINIBOX W-08-27C-80-FX-WD-BL-230ND,Black,images/linibox-w/linibox-w-8-black.jpg,2700K,CRI>80,On/Off,IP65,UGR<20.6,Black · 115 × 56 × 95mm,8.4W,816lm,97lm/W,35°,Installation=images/linibox-w/linibox-w-installation-8.pdf;LDT=images/linibox-w/ldt/LINIBOX_W-08-27C-80-FX-WD.ldt;Brochure=images/linibox-w/linibox-w-brochure.pdf,
Linibox W,,,,,,,,,,,,,,,,,,,Linibox W 8 8.4W 35°,LINIBOX W-08-27C-80-FX-WD-BL-230D,Black,images/linibox-w/linibox-w-8-black.jpg,2700K,CRI>80,Phase Dim,IP65,UGR<20.6,Black · 115 × 56 × 95mm,8.4W,816lm,97lm/W,35°,Installation=images/linibox-w/linibox-w-installation-8.pdf;LDT=images/linibox-w/ldt/LINIBOX_W-08-27C-80-FX-WD.ldt;Brochure=images/linibox-w/linibox-w-brochure.pdf,
Linibox W,,,,,,,,,,,,,,,,,,,Linibox W 8 8.4W 35°,LINIBOX W-08-27C-90-FX-WD-BL-230ND,Black,images/linibox-w/linibox-w-8-black.jpg,2700K,CRI>90,On/Off,IP65,UGR<20.6,Black · 115 × 56 × 95mm,8.4W,662lm,79lm/W,35°,Installation=images/linibox-w/linibox-w-installation-8.pdf;LDT=images/linibox-w/ldt/LINIBOX_W-08-27C-90-FX-WD.ldt;Brochure=images/linibox-w/linibox-w-brochure.pdf,
Linibox W,,,,,,,,,,,,,,,,,,,Linibox W 8 8.4W 35°,LINIBOX W-08-27C-90-FX-WD-BL-230D,Black,images/linibox-w/linibox-w-8-black.jpg,2700K,CRI>90,Phase Dim,IP65,UGR<20.6,Black · 115 × 56 × 95mm,8.4W,662lm,79lm/W,35°,Installation=images/linibox-w/linibox-w-installation-8.pdf;LDT=images/linibox-w/ldt/LINIBOX_W-08-27C-90-FX-WD.ldt;Brochure=images/linibox-w/linibox-w-brochure.pdf,
Linibox W,,,,,,,,,,,,,,,,,,,Linibox W 8 8.4W 35°,LINIBOX W-08-30C-80-FX-WD-BL-230ND,Black,images/linibox-w/linibox-w-8-black.jpg,3000K,CRI>80,On/Off,IP65,UGR<20.6,Black · 115 × 56 × 95mm,8.4W,862lm,103lm/W,35°,Installation=images/linibox-w/linibox-w-installation-8.pdf;LDT=images/linibox-w/ldt/LINIBOX_W-08-30C-80-FX-WD.ldt;Brochure=images/linibox-w/linibox-w-brochure.pdf,
Linibox W,,,,,,,,,,,,,,,,,,,Linibox W 8 8.4W 35°,LINIBOX W-08-30C-80-FX-WD-BL-230D,Black,images/linibox-w/linibox-w-8-black.jpg,3000K,CRI>80,Phase Dim,IP65,UGR<20.6,Black · 115 × 56 × 95mm,8.4W,862lm,103lm/W,35°,Installation=images/linibox-w/linibox-w-installation-8.pdf;LDT=images/linibox-w/ldt/LINIBOX_W-08-30C-80-FX-WD.ldt;Brochure=images/linibox-w/linibox-w-brochure.pdf,
Linibox W,,,,,,,,,,,,,,,,,,,Linibox W 8 8.4W 35°,LINIBOX W-08-30C-90-FX-WD-BL-230ND,Black,images/linibox-w/linibox-w-8-black.jpg,3000K,CRI>90,On/Off,IP65,UGR<20.6,Black · 115 × 56 × 95mm,8.4W,755lm,90lm/W,35°,Installation=images/linibox-w/linibox-w-installation-8.pdf;LDT=images/linibox-w/ldt/LINIBOX_W-08-30C-90-FX-WD.ldt;Brochure=images/linibox-w/linibox-w-brochure.pdf,
Linibox W,,,,,,,,,,,,,,,,,,,Linibox W 8 8.4W 35°,LINIBOX W-08-30C-90-FX-WD-BL-230D,Black,images/linibox-w/linibox-w-8-black.jpg,3000K,CRI>90,Phase Dim,IP65,UGR<20.6,Black · 115 × 56 × 95mm,8.4W,755lm,90lm/W,35°,Installation=images/linibox-w/linibox-w-installation-8.pdf;LDT=images/linibox-w/ldt/LINIBOX_W-08-30C-90-FX-WD.ldt;Brochure=images/linibox-w/linibox-w-brochure.pdf,
Linibox W,,,,,,,,,,,,,,,,,,,Linibox W 8 8.4W 35°,LINIBOX W-08-40C-80-FX-WD-BL-230ND,Black,images/linibox-w/linibox-w-8-black.jpg,4000K,CRI>80,On/Off,IP65,UGR<20.6,Black · 115 × 56 × 95mm,8.4W,909lm,108lm/W,35°,Installation=images/linibox-w/linibox-w-installation-8.pdf;LDT=images/linibox-w/ldt/LINIBOX_W-08-40C-80-FX-WD.ldt;Brochure=images/linibox-w/linibox-w-brochure.pdf,
Linibox W,,,,,,,,,,,,,,,,,,,Linibox W 8 8.4W 35°,LINIBOX W-08-40C-80-FX-WD-BL-230D,Black,images/linibox-w/linibox-w-8-black.jpg,4000K,CRI>80,Phase Dim,IP65,UGR<20.6,Black · 115 × 56 × 95mm,8.4W,909lm,108lm/W,35°,Installation=images/linibox-w/linibox-w-installation-8.pdf;LDT=images/linibox-w/ldt/LINIBOX_W-08-40C-80-FX-WD.ldt;Brochure=images/linibox-w/linibox-w-brochure.pdf,
Linibox W,,,,,,,,,,,,,,,,,,,Linibox W 8 8.4W 35°,LINIBOX W-08-40C-90-FX-WD-BL-230ND,Black,images/linibox-w/linibox-w-8-black.jpg,4000K,CRI>90,On/Off,IP65,UGR<20.6,Black · 115 × 56 × 95mm,8.4W,816lm,97lm/W,35°,Installation=images/linibox-w/linibox-w-installation-8.pdf;LDT=images/linibox-w/ldt/LINIBOX_W-08-40C-90-FX-WD.ldt;Brochure=images/linibox-w/linibox-w-brochure.pdf,
Linibox W,,,,,,,,,,,,,,,,,,,Linibox W 8 8.4W 35°,LINIBOX W-08-40C-90-FX-WD-BL-230D,Black,images/linibox-w/linibox-w-8-black.jpg,4000K,CRI>90,Phase Dim,IP65,UGR<20.6,Black · 115 × 56 × 95mm,8.4W,816lm,97lm/W,35°,Installation=images/linibox-w/linibox-w-installation-8.pdf;LDT=images/linibox-w/ldt/LINIBOX_W-08-40C-90-FX-WD.ldt;Brochure=images/linibox-w/linibox-w-brochure.pdf,
Linibox W,,,,,,,,,,,,,,,,,,,Linibox W 8 8.4W 35°,LINIBOX W-08-50C-80-FX-WD-BL-230ND,Black,images/linibox-w/linibox-w-8-black.jpg,5000K,CRI>80,On/Off,IP65,UGR<20.6,Black · 115 × 56 × 95mm,8.4W,1001lm,119lm/W,35°,Installation=images/linibox-w/linibox-w-installation-8.pdf;LDT=images/linibox-w/ldt/LINIBOX_W-08-50C-80-FX-WD.ldt;Brochure=images/linibox-w/linibox-w-brochure.pdf,
Linibox W,,,,,,,,,,,,,,,,,,,Linibox W 8 8.4W 35°,LINIBOX W-08-50C-80-FX-WD-BL-230D,Black,images/linibox-w/linibox-w-8-black.jpg,5000K,CRI>80,Phase Dim,IP65,UGR<20.6,Black · 115 × 56 × 95mm,8.4W,1001lm,119lm/W,35°,Installation=images/linibox-w/linibox-w-installation-8.pdf;LDT=images/linibox-w/ldt/LINIBOX_W-08-50C-80-FX-WD.ldt;Brochure=images/linibox-w/linibox-w-brochure.pdf,
Linibox W,,,,,,,,,,,,,,,,,,,Linibox W 8 8.4W 35°,LINIBOX W-08-50C-90-FX-WD-BL-230ND,Black,images/linibox-w/linibox-w-8-black.jpg,5000K,CRI>90,On/Off,IP65,UGR<20.6,Black · 115 × 56 × 95mm,8.4W,866lm,103lm/W,35°,Installation=images/linibox-w/linibox-w-installation-8.pdf;LDT=images/linibox-w/ldt/LINIBOX_W-08-50C-90-FX-WD.ldt;Brochure=images/linibox-w/linibox-w-brochure.pdf,
Linibox W,,,,,,,,,,,,,,,,,,,Linibox W 8 8.4W 35°,LINIBOX W-08-50C-90-FX-WD-BL-230D,Black,images/linibox-w/linibox-w-8-black.jpg,5000K,CRI>90,Phase Dim,IP65,UGR<20.6,Black · 115 × 56 × 95mm,8.4W,866lm,103lm/W,35°,Installation=images/linibox-w/linibox-w-installation-8.pdf;LDT=images/linibox-w/ldt/LINIBOX_W-08-50C-90-FX-WD.ldt;Brochure=images/linibox-w/linibox-w-brochure.pdf,
Linibox W,,,,,,,,,,,,,,,,,,,Linibox W 8 8.4W 62°,LINIBOX W-08-27C-80-FX-VW-BL-230ND,Black,images/linibox-w/linibox-w-8-black.jpg,2700K,CRI>80,On/Off,IP65,UGR<23.6,Black · 115 × 56 × 95mm,8.4W,678lm,81lm/W,62°,Installation=images/linibox-w/linibox-w-installation-8.pdf;LDT=images/linibox-w/ldt/LINIBOX_W-08-27C-80-FX-VW.ldt;Brochure=images/linibox-w/linibox-w-brochure.pdf,
Linibox W,,,,,,,,,,,,,,,,,,,Linibox W 8 8.4W 62°,LINIBOX W-08-27C-80-FX-VW-BL-230D,Black,images/linibox-w/linibox-w-8-black.jpg,2700K,CRI>80,Phase Dim,IP65,UGR<23.6,Black · 115 × 56 × 95mm,8.4W,678lm,81lm/W,62°,Installation=images/linibox-w/linibox-w-installation-8.pdf;LDT=images/linibox-w/ldt/LINIBOX_W-08-27C-80-FX-VW.ldt;Brochure=images/linibox-w/linibox-w-brochure.pdf,
Linibox W,,,,,,,,,,,,,,,,,,,Linibox W 8 8.4W 62°,LINIBOX W-08-27C-90-FX-VW-BL-230ND,Black,images/linibox-w/linibox-w-8-black.jpg,2700K,CRI>90,On/Off,IP65,UGR<23.6,Black · 115 × 56 × 95mm,8.4W,550lm,65lm/W,62°,Installation=images/linibox-w/linibox-w-installation-8.pdf;LDT=images/linibox-w/ldt/LINIBOX_W-08-27C-90-FX-VW.ldt;Brochure=images/linibox-w/linibox-w-brochure.pdf,
Linibox W,,,,,,,,,,,,,,,,,,,Linibox W 8 8.4W 62°,LINIBOX W-08-27C-90-FX-VW-BL-230D,Black,images/linibox-w/linibox-w-8-black.jpg,2700K,CRI>90,Phase Dim,IP65,UGR<23.6,Black · 115 × 56 × 95mm,8.4W,550lm,65lm/W,62°,Installation=images/linibox-w/linibox-w-installation-8.pdf;LDT=images/linibox-w/ldt/LINIBOX_W-08-27C-90-FX-VW.ldt;Brochure=images/linibox-w/linibox-w-brochure.pdf,
Linibox W,,,,,,,,,,,,,,,,,,,Linibox W 8 8.4W 62°,LINIBOX W-08-30C-80-FX-VW-BL-230ND,Black,images/linibox-w/linibox-w-8-black.jpg,3000K,CRI>80,On/Off,IP65,UGR<23.6,Black · 115 × 56 × 95mm,8.4W,717lm,85lm/W,62°,Installation=images/linibox-w/linibox-w-installation-8.pdf;LDT=images/linibox-w/ldt/LINIBOX_W-08-30C-80-FX-VW.ldt;Brochure=images/linibox-w/linibox-w-brochure.pdf,
Linibox W,,,,,,,,,,,,,,,,,,,Linibox W 8 8.4W 62°,LINIBOX W-08-30C-80-FX-VW-BL-230D,Black,images/linibox-w/linibox-w-8-black.jpg,3000K,CRI>80,Phase Dim,IP65,UGR<23.6,Black · 115 × 56 × 95mm,8.4W,717lm,85lm/W,62°,Installation=images/linibox-w/linibox-w-installation-8.pdf;LDT=images/linibox-w/ldt/LINIBOX_W-08-30C-80-FX-VW.ldt;Brochure=images/linibox-w/linibox-w-brochure.pdf,
Linibox W,,,,,,,,,,,,,,,,,,,Linibox W 8 8.4W 62°,LINIBOX W-08-30C-90-FX-VW-BL-230ND,Black,images/linibox-w/linibox-w-8-black.jpg,3000K,CRI>90,On/Off,IP65,UGR<23.6,Black · 115 × 56 × 95mm,8.4W,627lm,75lm/W,62°,Installation=images/linibox-w/linibox-w-installation-8.pdf;LDT=images/linibox-w/ldt/LINIBOX_W-08-30C-90-FX-VW.ldt;Brochure=images/linibox-w/linibox-w-brochure.pdf,
Linibox W,,,,,,,,,,,,,,,,,,,Linibox W 8 8.4W 62°,LINIBOX W-08-30C-90-FX-VW-BL-230D,Black,images/linibox-w/linibox-w-8-black.jpg,3000K,CRI>90,Phase Dim,IP65,UGR<23.6,Black · 115 × 56 × 95mm,8.4W,627lm,75lm/W,62°,Installation=images/linibox-w/linibox-w-installation-8.pdf;LDT=images/linibox-w/ldt/LINIBOX_W-08-30C-90-FX-VW.ldt;Brochure=images/linibox-w/linibox-w-brochure.pdf,
Linibox W,,,,,,,,,,,,,,,,,,,Linibox W 8 8.4W 62°,LINIBOX W-08-40C-80-FX-VW-BL-230ND,Black,images/linibox-w/linibox-w-8-black.jpg,4000K,CRI>80,On/Off,IP65,UGR<23.6,Black · 115 × 56 × 95mm,8.4W,755lm,90lm/W,62°,Installation=images/linibox-w/linibox-w-installation-8.pdf;LDT=images/linibox-w/ldt/LINIBOX_W-08-40C-80-FX-VW.ldt;Brochure=images/linibox-w/linibox-w-brochure.pdf,
Linibox W,,,,,,,,,,,,,,,,,,,Linibox W 8 8.4W 62°,LINIBOX W-08-40C-80-FX-VW-BL-230D,Black,images/linibox-w/linibox-w-8-black.jpg,4000K,CRI>80,Phase Dim,IP65,UGR<23.6,Black · 115 × 56 × 95mm,8.4W,755lm,90lm/W,62°,Installation=images/linibox-w/linibox-w-installation-8.pdf;LDT=images/linibox-w/ldt/LINIBOX_W-08-40C-80-FX-VW.ldt;Brochure=images/linibox-w/linibox-w-brochure.pdf,
Linibox W,,,,,,,,,,,,,,,,,,,Linibox W 8 8.4W 62°,LINIBOX W-08-40C-90-FX-VW-BL-230ND,Black,images/linibox-w/linibox-w-8-black.jpg,4000K,CRI>90,On/Off,IP65,UGR<23.6,Black · 115 × 56 × 95mm,8.4W,678lm,81lm/W,62°,Installation=images/linibox-w/linibox-w-installation-8.pdf;LDT=images/linibox-w/ldt/LINIBOX_W-08-40C-90-FX-VW.ldt;Brochure=images/linibox-w/linibox-w-brochure.pdf,
Linibox W,,,,,,,,,,,,,,,,,,,Linibox W 8 8.4W 62°,LINIBOX W-08-40C-90-FX-VW-BL-230D,Black,images/linibox-w/linibox-w-8-black.jpg,4000K,CRI>90,Phase Dim,IP65,UGR<23.6,Black · 115 × 56 × 95mm,8.4W,678lm,81lm/W,62°,Installation=images/linibox-w/linibox-w-installation-8.pdf;LDT=images/linibox-w/ldt/LINIBOX_W-08-40C-90-FX-VW.ldt;Brochure=images/linibox-w/linibox-w-brochure.pdf,
Linibox W,,,,,,,,,,,,,,,,,,,Linibox W 8 8.4W 62°,LINIBOX W-08-50C-80-FX-VW-BL-230ND,Black,images/linibox-w/linibox-w-8-black.jpg,5000K,CRI>80,On/Off,IP65,UGR<23.6,Black · 115 × 56 × 95mm,8.4W,832lm,99lm/W,62°,Installation=images/linibox-w/linibox-w-installation-8.pdf;LDT=images/linibox-w/ldt/LINIBOX_W-08-50C-80-FX-VW.ldt;Brochure=images/linibox-w/linibox-w-brochure.pdf,
Linibox W,,,,,,,,,,,,,,,,,,,Linibox W 8 8.4W 62°,LINIBOX W-08-50C-80-FX-VW-BL-230D,Black,images/linibox-w/linibox-w-8-black.jpg,5000K,CRI>80,Phase Dim,IP65,UGR<23.6,Black · 115 × 56 × 95mm,8.4W,832lm,99lm/W,62°,Installation=images/linibox-w/linibox-w-installation-8.pdf;LDT=images/linibox-w/ldt/LINIBOX_W-08-50C-80-FX-VW.ldt;Brochure=images/linibox-w/linibox-w-brochure.pdf,
Linibox W,,,,,,,,,,,,,,,,,,,Linibox W 8 8.4W 62°,LINIBOX W-08-50C-90-FX-VW-BL-230ND,Black,images/linibox-w/linibox-w-8-black.jpg,5000K,CRI>90,On/Off,IP65,UGR<23.6,Black · 115 × 56 × 95mm,8.4W,720lm,86lm/W,62°,Installation=images/linibox-w/linibox-w-installation-8.pdf;LDT=images/linibox-w/ldt/LINIBOX_W-08-50C-90-FX-VW.ldt;Brochure=images/linibox-w/linibox-w-brochure.pdf,
Linibox W,,,,,,,,,,,,,,,,,,,Linibox W 8 8.4W 62°,LINIBOX W-08-50C-90-FX-VW-BL-230D,Black,images/linibox-w/linibox-w-8-black.jpg,5000K,CRI>90,Phase Dim,IP65,UGR<23.6,Black · 115 × 56 × 95mm,8.4W,720lm,86lm/W,62°,Installation=images/linibox-w/linibox-w-installation-8.pdf;LDT=images/linibox-w/ldt/LINIBOX_W-08-50C-90-FX-VW.ldt;Brochure=images/linibox-w/linibox-w-brochure.pdf,
Linibox W,,,,,,,,,,,,,,,,,,,Linibox W 8 8.4W 16°x30°,LINIBOX W-08-27C-80-FX-AS-BL-230ND,Black,images/linibox-w/linibox-w-8-black.jpg,2700K,CRI>80,On/Off,IP65,UGR<15.7,Black · 115 × 56 × 95mm,8.4W,753lm,90lm/W,16°x30°,Installation=images/linibox-w/linibox-w-installation-8.pdf;LDT=images/linibox-w/ldt/LINIBOX_W-08-27C-80-FX-AS.ldt;Brochure=images/linibox-w/linibox-w-brochure.pdf,
Linibox W,,,,,,,,,,,,,,,,,,,Linibox W 8 8.4W 16°x30°,LINIBOX W-08-27C-80-FX-AS-BL-230D,Black,images/linibox-w/linibox-w-8-black.jpg,2700K,CRI>80,Phase Dim,IP65,UGR<15.7,Black · 115 × 56 × 95mm,8.4W,753lm,90lm/W,16°x30°,Installation=images/linibox-w/linibox-w-installation-8.pdf;LDT=images/linibox-w/ldt/LINIBOX_W-08-27C-80-FX-AS.ldt;Brochure=images/linibox-w/linibox-w-brochure.pdf,
Linibox W,,,,,,,,,,,,,,,,,,,Linibox W 8 8.4W 16°x30°,LINIBOX W-08-27C-90-FX-AS-BL-230ND,Black,images/linibox-w/linibox-w-8-black.jpg,2700K,CRI>90,On/Off,IP65,UGR<15.7,Black · 115 × 56 × 95mm,8.4W,611lm,73lm/W,16°x30°,Installation=images/linibox-w/linibox-w-installation-8.pdf;LDT=images/linibox-w/ldt/LINIBOX_W-08-27C-90-FX-AS.ldt;Brochure=images/linibox-w/linibox-w-brochure.pdf,
Linibox W,,,,,,,,,,,,,,,,,,,Linibox W 8 8.4W 16°x30°,LINIBOX W-08-27C-90-FX-AS-BL-230D,Black,images/linibox-w/linibox-w-8-black.jpg,2700K,CRI>90,Phase Dim,IP65,UGR<15.7,Black · 115 × 56 × 95mm,8.4W,611lm,73lm/W,16°x30°,Installation=images/linibox-w/linibox-w-installation-8.pdf;LDT=images/linibox-w/ldt/LINIBOX_W-08-27C-90-FX-AS.ldt;Brochure=images/linibox-w/linibox-w-brochure.pdf,
Linibox W,,,,,,,,,,,,,,,,,,,Linibox W 8 8.4W 16°x30°,LINIBOX W-08-30C-80-FX-AS-BL-230ND,Black,images/linibox-w/linibox-w-8-black.jpg,3000K,CRI>80,On/Off,IP65,UGR<15.7,Black · 115 × 56 × 95mm,8.4W,795lm,95lm/W,16°x30°,Installation=images/linibox-w/linibox-w-installation-8.pdf;LDT=images/linibox-w/ldt/LINIBOX_W-08-30C-80-FX-AS.ldt;Brochure=images/linibox-w/linibox-w-brochure.pdf,
Linibox W,,,,,,,,,,,,,,,,,,,Linibox W 8 8.4W 16°x30°,LINIBOX W-08-30C-80-FX-AS-BL-230D,Black,images/linibox-w/linibox-w-8-black.jpg,3000K,CRI>80,Phase Dim,IP65,UGR<15.7,Black · 115 × 56 × 95mm,8.4W,795lm,95lm/W,16°x30°,Installation=images/linibox-w/linibox-w-installation-8.pdf;LDT=images/linibox-w/ldt/LINIBOX_W-08-30C-80-FX-AS.ldt;Brochure=images/linibox-w/linibox-w-brochure.pdf,
Linibox W,,,,,,,,,,,,,,,,,,,Linibox W 8 8.4W 16°x30°,LINIBOX W-08-30C-90-FX-AS-BL-230ND,Black,images/linibox-w/linibox-w-8-black.jpg,3000K,CRI>90,On/Off,IP65,UGR<15.7,Black · 115 × 56 × 95mm,8.4W,696lm,83lm/W,16°x30°,Installation=images/linibox-w/linibox-w-installation-8.pdf;LDT=images/linibox-w/ldt/LINIBOX_W-08-30C-90-FX-AS.ldt;Brochure=images/linibox-w/linibox-w-brochure.pdf,
Linibox W,,,,,,,,,,,,,,,,,,,Linibox W 8 8.4W 16°x30°,LINIBOX W-08-30C-90-FX-AS-BL-230D,Black,images/linibox-w/linibox-w-8-black.jpg,3000K,CRI>90,Phase Dim,IP65,UGR<15.7,Black · 115 × 56 × 95mm,8.4W,696lm,83lm/W,16°x30°,Installation=images/linibox-w/linibox-w-installation-8.pdf;LDT=images/linibox-w/ldt/LINIBOX_W-08-30C-90-FX-AS.ldt;Brochure=images/linibox-w/linibox-w-brochure.pdf,
Linibox W,,,,,,,,,,,,,,,,,,,Linibox W 8 8.4W 16°x30°,LINIBOX W-08-40C-80-FX-AS-BL-230ND,Black,images/linibox-w/linibox-w-8-black.jpg,4000K,CRI>80,On/Off,IP65,UGR<15.7,Black · 115 × 56 × 95mm,8.4W,838lm,100lm/W,16°x30°,Installation=images/linibox-w/linibox-w-installation-8.pdf;LDT=images/linibox-w/ldt/LINIBOX_W-08-40C-80-FX-AS.ldt;Brochure=images/linibox-w/linibox-w-brochure.pdf,
Linibox W,,,,,,,,,,,,,,,,,,,Linibox W 8 8.4W 16°x30°,LINIBOX W-08-40C-80-FX-AS-BL-230D,Black,images/linibox-w/linibox-w-8-black.jpg,4000K,CRI>80,Phase Dim,IP65,UGR<15.7,Black · 115 × 56 × 95mm,8.4W,838lm,100lm/W,16°x30°,Installation=images/linibox-w/linibox-w-installation-8.pdf;LDT=images/linibox-w/ldt/LINIBOX_W-08-40C-80-FX-AS.ldt;Brochure=images/linibox-w/linibox-w-brochure.pdf,
Linibox W,,,,,,,,,,,,,,,,,,,Linibox W 8 8.4W 16°x30°,LINIBOX W-08-40C-90-FX-AS-BL-230ND,Black,images/linibox-w/linibox-w-8-black.jpg,4000K,CRI>90,On/Off,IP65,UGR<15.7,Black · 115 × 56 × 95mm,8.4W,753lm,90lm/W,16°x30°,Installation=images/linibox-w/linibox-w-installation-8.pdf;LDT=images/linibox-w/ldt/LINIBOX_W-08-40C-90-FX-AS.ldt;Brochure=images/linibox-w/linibox-w-brochure.pdf,
Linibox W,,,,,,,,,,,,,,,,,,,Linibox W 8 8.4W 16°x30°,LINIBOX W-08-40C-90-FX-AS-BL-230D,Black,images/linibox-w/linibox-w-8-black.jpg,4000K,CRI>90,Phase Dim,IP65,UGR<15.7,Black · 115 × 56 × 95mm,8.4W,753lm,90lm/W,16°x30°,Installation=images/linibox-w/linibox-w-installation-8.pdf;LDT=images/linibox-w/ldt/LINIBOX_W-08-40C-90-FX-AS.ldt;Brochure=images/linibox-w/linibox-w-brochure.pdf,
Linibox W,,,,,,,,,,,,,,,,,,,Linibox W 8 8.4W 16°x30°,LINIBOX W-08-50C-80-FX-AS-BL-230ND,Black,images/linibox-w/linibox-w-8-black.jpg,5000K,CRI>80,On/Off,IP65,UGR<15.7,Black · 115 × 56 × 95mm,8.4W,923lm,110lm/W,16°x30°,Installation=images/linibox-w/linibox-w-installation-8.pdf;LDT=images/linibox-w/ldt/LINIBOX_W-08-50C-80-FX-AS.ldt;Brochure=images/linibox-w/linibox-w-brochure.pdf,
Linibox W,,,,,,,,,,,,,,,,,,,Linibox W 8 8.4W 16°x30°,LINIBOX W-08-50C-80-FX-AS-BL-230D,Black,images/linibox-w/linibox-w-8-black.jpg,5000K,CRI>80,Phase Dim,IP65,UGR<15.7,Black · 115 × 56 × 95mm,8.4W,923lm,110lm/W,16°x30°,Installation=images/linibox-w/linibox-w-installation-8.pdf;LDT=images/linibox-w/ldt/LINIBOX_W-08-50C-80-FX-AS.ldt;Brochure=images/linibox-w/linibox-w-brochure.pdf,
Linibox W,,,,,,,,,,,,,,,,,,,Linibox W 8 8.4W 16°x30°,LINIBOX W-08-50C-90-FX-AS-BL-230ND,Black,images/linibox-w/linibox-w-8-black.jpg,5000K,CRI>90,On/Off,IP65,UGR<15.7,Black · 115 × 56 × 95mm,8.4W,799lm,95lm/W,16°x30°,Installation=images/linibox-w/linibox-w-installation-8.pdf;LDT=images/linibox-w/ldt/LINIBOX_W-08-50C-90-FX-AS.ldt;Brochure=images/linibox-w/linibox-w-brochure.pdf,
Linibox W,,,,,,,,,,,,,,,,,,,Linibox W 8 8.4W 16°x30°,LINIBOX W-08-50C-90-FX-AS-BL-230D,Black,images/linibox-w/linibox-w-8-black.jpg,5000K,CRI>90,Phase Dim,IP65,UGR<15.7,Black · 115 × 56 × 95mm,8.4W,799lm,95lm/W,16°x30°,Installation=images/linibox-w/linibox-w-installation-8.pdf;LDT=images/linibox-w/ldt/LINIBOX_W-08-50C-90-FX-AS.ldt;Brochure=images/linibox-w/linibox-w-brochure.pdf,
Linibox W,,,,,,,,,,,,,,,,,,,Linibox W 13 12.7W 17°,LINIBOX W-13-27C-80-FX-VN-BL-230ND,Black,images/linibox-w/linibox-w-13-black.jpg,2700K,CRI>80,On/Off,IP65,UGR<13.7,Black · 160 × 56 × 95mm,12.7W,1129lm,89lm/W,17°,Installation=images/linibox-w/linibox-w-installation-13.pdf;LDT=images/linibox-w/ldt/LINIBOX_W-13-27C-80-FX-VN.ldt;Brochure=images/linibox-w/linibox-w-brochure.pdf,
Linibox W,,,,,,,,,,,,,,,,,,,Linibox W 13 12.7W 17°,LINIBOX W-13-27C-80-FX-VN-BL-230D,Black,images/linibox-w/linibox-w-13-black.jpg,2700K,CRI>80,Phase Dim,IP65,UGR<13.7,Black · 160 × 56 × 95mm,12.7W,1129lm,89lm/W,17°,Installation=images/linibox-w/linibox-w-installation-13.pdf;LDT=images/linibox-w/ldt/LINIBOX_W-13-27C-80-FX-VN.ldt;Brochure=images/linibox-w/linibox-w-brochure.pdf,
Linibox W,,,,,,,,,,,,,,,,,,,Linibox W 13 12.7W 17°,LINIBOX W-13-27C-90-FX-VN-BL-230ND,Black,images/linibox-w/linibox-w-13-black.jpg,2700K,CRI>90,On/Off,IP65,UGR<13.7,Black · 160 × 56 × 95mm,12.7W,916lm,72lm/W,17°,Installation=images/linibox-w/linibox-w-installation-13.pdf;LDT=images/linibox-w/ldt/LINIBOX_W-13-27C-90-FX-VN.ldt;Brochure=images/linibox-w/linibox-w-brochure.pdf,
Linibox W,,,,,,,,,,,,,,,,,,,Linibox W 13 12.7W 17°,LINIBOX W-13-27C-90-FX-VN-BL-230D,Black,images/linibox-w/linibox-w-13-black.jpg,2700K,CRI>90,Phase Dim,IP65,UGR<13.7,Black · 160 × 56 × 95mm,12.7W,916lm,72lm/W,17°,Installation=images/linibox-w/linibox-w-installation-13.pdf;LDT=images/linibox-w/ldt/LINIBOX_W-13-27C-90-FX-VN.ldt;Brochure=images/linibox-w/linibox-w-brochure.pdf,
Linibox W,,,,,,,,,,,,,,,,,,,Linibox W 13 12.7W 17°,LINIBOX W-13-30C-80-FX-VN-BL-230ND,Black,images/linibox-w/linibox-w-13-black.jpg,3000K,CRI>80,On/Off,IP65,UGR<13.7,Black · 160 × 56 × 95mm,12.7W,1193lm,94lm/W,17°,Installation=images/linibox-w/linibox-w-installation-13.pdf;LDT=images/linibox-w/ldt/LINIBOX_W-13-30C-80-FX-VN.ldt;Brochure=images/linibox-w/linibox-w-brochure.pdf,
Linibox W,,,,,,,,,,,,,,,,,,,Linibox W 13 12.7W 17°,LINIBOX W-13-30C-80-FX-VN-BL-230D,Black,images/linibox-w/linibox-w-13-black.jpg,3000K,CRI>80,Phase Dim,IP65,UGR<13.7,Black · 160 × 56 × 95mm,12.7W,1193lm,94lm/W,17°,Installation=images/linibox-w/linibox-w-installation-13.pdf;LDT=images/linibox-w/ldt/LINIBOX_W-13-30C-80-FX-VN.ldt;Brochure=images/linibox-w/linibox-w-brochure.pdf,
Linibox W,,,,,,,,,,,,,,,,,,,Linibox W 13 12.7W 17°,LINIBOX W-13-30C-90-FX-VN-BL-230ND,Black,images/linibox-w/linibox-w-13-black.jpg,3000K,CRI>90,On/Off,IP65,UGR<13.7,Black · 160 × 56 × 95mm,12.7W,1044lm,82lm/W,17°,Installation=images/linibox-w/linibox-w-installation-13.pdf;LDT=images/linibox-w/ldt/LINIBOX_W-13-30C-90-FX-VN.ldt;Brochure=images/linibox-w/linibox-w-brochure.pdf,
Linibox W,,,,,,,,,,,,,,,,,,,Linibox W 13 12.7W 17°,LINIBOX W-13-30C-90-FX-VN-BL-230D,Black,images/linibox-w/linibox-w-13-black.jpg,3000K,CRI>90,Phase Dim,IP65,UGR<13.7,Black · 160 × 56 × 95mm,12.7W,1044lm,82lm/W,17°,Installation=images/linibox-w/linibox-w-installation-13.pdf;LDT=images/linibox-w/ldt/LINIBOX_W-13-30C-90-FX-VN.ldt;Brochure=images/linibox-w/linibox-w-brochure.pdf,
Linibox W,,,,,,,,,,,,,,,,,,,Linibox W 13 12.7W 17°,LINIBOX W-13-40C-80-FX-VN-BL-230ND,Black,images/linibox-w/linibox-w-13-black.jpg,4000K,CRI>80,On/Off,IP65,UGR<13.7,Black · 160 × 56 × 95mm,12.7W,1257lm,99lm/W,17°,Installation=images/linibox-w/linibox-w-installation-13.pdf;LDT=images/linibox-w/ldt/LINIBOX_W-13-40C-80-FX-VN.ldt;Brochure=images/linibox-w/linibox-w-brochure.pdf,
Linibox W,,,,,,,,,,,,,,,,,,,Linibox W 13 12.7W 17°,LINIBOX W-13-40C-80-FX-VN-BL-230D,Black,images/linibox-w/linibox-w-13-black.jpg,4000K,CRI>80,Phase Dim,IP65,UGR<13.7,Black · 160 × 56 × 95mm,12.7W,1257lm,99lm/W,17°,Installation=images/linibox-w/linibox-w-installation-13.pdf;LDT=images/linibox-w/ldt/LINIBOX_W-13-40C-80-FX-VN.ldt;Brochure=images/linibox-w/linibox-w-brochure.pdf,
Linibox W,,,,,,,,,,,,,,,,,,,Linibox W 13 12.7W 17°,LINIBOX W-13-40C-90-FX-VN-BL-230ND,Black,images/linibox-w/linibox-w-13-black.jpg,4000K,CRI>90,On/Off,IP65,UGR<13.7,Black · 160 × 56 × 95mm,12.7W,1129lm,89lm/W,17°,Installation=images/linibox-w/linibox-w-installation-13.pdf;LDT=images/linibox-w/ldt/LINIBOX_W-13-40C-90-FX-VN.ldt;Brochure=images/linibox-w/linibox-w-brochure.pdf,
Linibox W,,,,,,,,,,,,,,,,,,,Linibox W 13 12.7W 17°,LINIBOX W-13-40C-90-FX-VN-BL-230D,Black,images/linibox-w/linibox-w-13-black.jpg,4000K,CRI>90,Phase Dim,IP65,UGR<13.7,Black · 160 × 56 × 95mm,12.7W,1129lm,89lm/W,17°,Installation=images/linibox-w/linibox-w-installation-13.pdf;LDT=images/linibox-w/ldt/LINIBOX_W-13-40C-90-FX-VN.ldt;Brochure=images/linibox-w/linibox-w-brochure.pdf,
Linibox W,,,,,,,,,,,,,,,,,,,Linibox W 13 12.7W 17°,LINIBOX W-13-50C-80-FX-VN-BL-230ND,Black,images/linibox-w/linibox-w-13-black.jpg,5000K,CRI>80,On/Off,IP65,UGR<13.7,Black · 160 × 56 × 95mm,12.7W,1385lm,109lm/W,17°,Installation=images/linibox-w/linibox-w-installation-13.pdf;LDT=images/linibox-w/ldt/LINIBOX_W-13-50C-80-FX-VN.ldt;Brochure=images/linibox-w/linibox-w-brochure.pdf,
Linibox W,,,,,,,,,,,,,,,,,,,Linibox W 13 12.7W 17°,LINIBOX W-13-50C-80-FX-VN-BL-230D,Black,images/linibox-w/linibox-w-13-black.jpg,5000K,CRI>80,Phase Dim,IP65,UGR<13.7,Black · 160 × 56 × 95mm,12.7W,1385lm,109lm/W,17°,Installation=images/linibox-w/linibox-w-installation-13.pdf;LDT=images/linibox-w/ldt/LINIBOX_W-13-50C-80-FX-VN.ldt;Brochure=images/linibox-w/linibox-w-brochure.pdf,
Linibox W,,,,,,,,,,,,,,,,,,,Linibox W 13 12.7W 17°,LINIBOX W-13-50C-90-FX-VN-BL-230ND,Black,images/linibox-w/linibox-w-13-black.jpg,5000K,CRI>90,On/Off,IP65,UGR<13.7,Black · 160 × 56 × 95mm,12.7W,1200lm,94lm/W,17°,Installation=images/linibox-w/linibox-w-installation-13.pdf;LDT=images/linibox-w/ldt/LINIBOX_W-13-50C-90-FX-VN.ldt;Brochure=images/linibox-w/linibox-w-brochure.pdf,
Linibox W,,,,,,,,,,,,,,,,,,,Linibox W 13 12.7W 17°,LINIBOX W-13-50C-90-FX-VN-BL-230D,Black,images/linibox-w/linibox-w-13-black.jpg,5000K,CRI>90,Phase Dim,IP65,UGR<13.7,Black · 160 × 56 × 95mm,12.7W,1200lm,94lm/W,17°,Installation=images/linibox-w/linibox-w-installation-13.pdf;LDT=images/linibox-w/ldt/LINIBOX_W-13-50C-90-FX-VN.ldt;Brochure=images/linibox-w/linibox-w-brochure.pdf,
Linibox W,,,,,,,,,,,,,,,,,,,Linibox W 13 12.7W 21°,LINIBOX W-13-27C-80-FX-NR-BL-230ND,Black,images/linibox-w/linibox-w-13-black.jpg,2700K,CRI>80,On/Off,IP65,UGR<13.1,Black · 160 × 56 × 95mm,12.7W,1367lm,108lm/W,21°,Installation=images/linibox-w/linibox-w-installation-13.pdf;LDT=images/linibox-w/ldt/LINIBOX_W-13-27C-80-FX-NR.ldt;Brochure=images/linibox-w/linibox-w-brochure.pdf,
Linibox W,,,,,,,,,,,,,,,,,,,Linibox W 13 12.7W 21°,LINIBOX W-13-27C-80-FX-NR-BL-230D,Black,images/linibox-w/linibox-w-13-black.jpg,2700K,CRI>80,Phase Dim,IP65,UGR<13.1,Black · 160 × 56 × 95mm,12.7W,1367lm,108lm/W,21°,Installation=images/linibox-w/linibox-w-installation-13.pdf;LDT=images/linibox-w/ldt/LINIBOX_W-13-27C-80-FX-NR.ldt;Brochure=images/linibox-w/linibox-w-brochure.pdf,
Linibox W,,,,,,,,,,,,,,,,,,,Linibox W 13 12.7W 21°,LINIBOX W-13-27C-90-FX-NR-BL-230ND,Black,images/linibox-w/linibox-w-13-black.jpg,2700K,CRI>90,On/Off,IP65,UGR<13.1,Black · 160 × 56 × 95mm,12.7W,1109lm,87lm/W,21°,Installation=images/linibox-w/linibox-w-installation-13.pdf;LDT=images/linibox-w/ldt/LINIBOX_W-13-27C-90-FX-NR.ldt;Brochure=images/linibox-w/linibox-w-brochure.pdf,
Linibox W,,,,,,,,,,,,,,,,,,,Linibox W 13 12.7W 21°,LINIBOX W-13-27C-90-FX-NR-BL-230D,Black,images/linibox-w/linibox-w-13-black.jpg,2700K,CRI>90,Phase Dim,IP65,UGR<13.1,Black · 160 × 56 × 95mm,12.7W,1109lm,87lm/W,21°,Installation=images/linibox-w/linibox-w-installation-13.pdf;LDT=images/linibox-w/ldt/LINIBOX_W-13-27C-90-FX-NR.ldt;Brochure=images/linibox-w/linibox-w-brochure.pdf,
Linibox W,,,,,,,,,,,,,,,,,,,Linibox W 13 12.7W 21°,LINIBOX W-13-30C-80-FX-NR-BL-230ND,Black,images/linibox-w/linibox-w-13-black.jpg,3000K,CRI>80,On/Off,IP65,UGR<13.1,Black · 160 × 56 × 95mm,12.7W,1445lm,114lm/W,21°,Installation=images/linibox-w/linibox-w-installation-13.pdf;LDT=images/linibox-w/ldt/LINIBOX_W-13-30C-80-FX-NR.ldt;Brochure=images/linibox-w/linibox-w-brochure.pdf,
Linibox W,,,,,,,,,,,,,,,,,,,Linibox W 13 12.7W 21°,LINIBOX W-13-30C-80-FX-NR-BL-230D,Black,images/linibox-w/linibox-w-13-black.jpg,3000K,CRI>80,Phase Dim,IP65,UGR<13.1,Black · 160 × 56 × 95mm,12.7W,1445lm,114lm/W,21°,Installation=images/linibox-w/linibox-w-installation-13.pdf;LDT=images/linibox-w/ldt/LINIBOX_W-13-30C-80-FX-NR.ldt;Brochure=images/linibox-w/linibox-w-brochure.pdf,
Linibox W,,,,,,,,,,,,,,,,,,,Linibox W 13 12.7W 21°,LINIBOX W-13-30C-90-FX-NR-BL-230ND,Black,images/linibox-w/linibox-w-13-black.jpg,3000K,CRI>90,On/Off,IP65,UGR<13.1,Black · 160 × 56 × 95mm,12.7W,1264lm,100lm/W,21°,Installation=images/linibox-w/linibox-w-installation-13.pdf;LDT=images/linibox-w/ldt/LINIBOX_W-13-30C-90-FX-NR.ldt;Brochure=images/linibox-w/linibox-w-brochure.pdf,
Linibox W,,,,,,,,,,,,,,,,,,,Linibox W 13 12.7W 21°,LINIBOX W-13-30C-90-FX-NR-BL-230D,Black,images/linibox-w/linibox-w-13-black.jpg,3000K,CRI>90,Phase Dim,IP65,UGR<13.1,Black · 160 × 56 × 95mm,12.7W,1264lm,100lm/W,21°,Installation=images/linibox-w/linibox-w-installation-13.pdf;LDT=images/linibox-w/ldt/LINIBOX_W-13-30C-90-FX-NR.ldt;Brochure=images/linibox-w/linibox-w-brochure.pdf,
Linibox W,,,,,,,,,,,,,,,,,,,Linibox W 13 12.7W 21°,LINIBOX W-13-40C-80-FX-NR-BL-230ND,Black,images/linibox-w/linibox-w-13-black.jpg,4000K,CRI>80,On/Off,IP65,UGR<13.1,Black · 160 × 56 × 95mm,12.7W,1522lm,120lm/W,21°,Installation=images/linibox-w/linibox-w-installation-13.pdf;LDT=images/linibox-w/ldt/LINIBOX_W-13-40C-80-FX-NR.ldt;Brochure=images/linibox-w/linibox-w-brochure.pdf,
Linibox W,,,,,,,,,,,,,,,,,,,Linibox W 13 12.7W 21°,LINIBOX W-13-40C-80-FX-NR-BL-230D,Black,images/linibox-w/linibox-w-13-black.jpg,4000K,CRI>80,Phase Dim,IP65,UGR<13.1,Black · 160 × 56 × 95mm,12.7W,1522lm,120lm/W,21°,Installation=images/linibox-w/linibox-w-installation-13.pdf;LDT=images/linibox-w/ldt/LINIBOX_W-13-40C-80-FX-NR.ldt;Brochure=images/linibox-w/linibox-w-brochure.pdf,
Linibox W,,,,,,,,,,,,,,,,,,,Linibox W 13 12.7W 21°,LINIBOX W-13-40C-90-FX-NR-BL-230ND,Black,images/linibox-w/linibox-w-13-black.jpg,4000K,CRI>90,On/Off,IP65,UGR<13.1,Black · 160 × 56 × 95mm,12.7W,1367lm,108lm/W,21°,Installation=images/linibox-w/linibox-w-installation-13.pdf;LDT=images/linibox-w/ldt/LINIBOX_W-13-40C-90-FX-NR.ldt;Brochure=images/linibox-w/linibox-w-brochure.pdf,
Linibox W,,,,,,,,,,,,,,,,,,,Linibox W 13 12.7W 21°,LINIBOX W-13-40C-90-FX-NR-BL-230D,Black,images/linibox-w/linibox-w-13-black.jpg,4000K,CRI>90,Phase Dim,IP65,UGR<13.1,Black · 160 × 56 × 95mm,12.7W,1367lm,108lm/W,21°,Installation=images/linibox-w/linibox-w-installation-13.pdf;LDT=images/linibox-w/ldt/LINIBOX_W-13-40C-90-FX-NR.ldt;Brochure=images/linibox-w/linibox-w-brochure.pdf,
Linibox W,,,,,,,,,,,,,,,,,,,Linibox W 13 12.7W 21°,LINIBOX W-13-50C-80-FX-NR-BL-230ND,Black,images/linibox-w/linibox-w-13-black.jpg,5000K,CRI>80,On/Off,IP65,UGR<13.1,Black · 160 × 56 × 95mm,12.7W,1677lm,132lm/W,21°,Installation=images/linibox-w/linibox-w-installation-13.pdf;LDT=images/linibox-w/ldt/LINIBOX_W-13-50C-80-FX-NR.ldt;Brochure=images/linibox-w/linibox-w-brochure.pdf,
Linibox W,,,,,,,,,,,,,,,,,,,Linibox W 13 12.7W 21°,LINIBOX W-13-50C-80-FX-NR-BL-230D,Black,images/linibox-w/linibox-w-13-black.jpg,5000K,CRI>80,Phase Dim,IP65,UGR<13.1,Black · 160 × 56 × 95mm,12.7W,1677lm,132lm/W,21°,Installation=images/linibox-w/linibox-w-installation-13.pdf;LDT=images/linibox-w/ldt/LINIBOX_W-13-50C-80-FX-NR.ldt;Brochure=images/linibox-w/linibox-w-brochure.pdf,
Linibox W,,,,,,,,,,,,,,,,,,,Linibox W 13 12.7W 21°,LINIBOX W-13-50C-90-FX-NR-BL-230ND,Black,images/linibox-w/linibox-w-13-black.jpg,5000K,CRI>90,On/Off,IP65,UGR<13.1,Black · 160 × 56 × 95mm,12.7W,1453lm,114lm/W,21°,Installation=images/linibox-w/linibox-w-installation-13.pdf;LDT=images/linibox-w/ldt/LINIBOX_W-13-50C-90-FX-NR.ldt;Brochure=images/linibox-w/linibox-w-brochure.pdf,
Linibox W,,,,,,,,,,,,,,,,,,,Linibox W 13 12.7W 21°,LINIBOX W-13-50C-90-FX-NR-BL-230D,Black,images/linibox-w/linibox-w-13-black.jpg,5000K,CRI>90,Phase Dim,IP65,UGR<13.1,Black · 160 × 56 × 95mm,12.7W,1453lm,114lm/W,21°,Installation=images/linibox-w/linibox-w-installation-13.pdf;LDT=images/linibox-w/ldt/LINIBOX_W-13-50C-90-FX-NR.ldt;Brochure=images/linibox-w/linibox-w-brochure.pdf,
Linibox W,,,,,,,,,,,,,,,,,,,Linibox W 13 12.7W 25°,LINIBOX W-13-27C-80-FX-MD-BL-230ND,Black,images/linibox-w/linibox-w-13-black.jpg,2700K,CRI>80,On/Off,IP65,UGR<12.5,Black · 160 × 56 × 95mm,12.7W,1208lm,95lm/W,25°,Installation=images/linibox-w/linibox-w-installation-13.pdf;LDT=images/linibox-w/ldt/LINIBOX_W-13-27C-80-FX-MD.ldt;Brochure=images/linibox-w/linibox-w-brochure.pdf,
Linibox W,,,,,,,,,,,,,,,,,,,Linibox W 13 12.7W 25°,LINIBOX W-13-27C-80-FX-MD-BL-230D,Black,images/linibox-w/linibox-w-13-black.jpg,2700K,CRI>80,Phase Dim,IP65,UGR<12.5,Black · 160 × 56 × 95mm,12.7W,1208lm,95lm/W,25°,Installation=images/linibox-w/linibox-w-installation-13.pdf;LDT=images/linibox-w/ldt/LINIBOX_W-13-27C-80-FX-MD.ldt;Brochure=images/linibox-w/linibox-w-brochure.pdf,
Linibox W,,,,,,,,,,,,,,,,,,,Linibox W 13 12.7W 25°,LINIBOX W-13-27C-90-FX-MD-BL-230ND,Black,images/linibox-w/linibox-w-13-black.jpg,2700K,CRI>90,On/Off,IP65,UGR<12.5,Black · 160 × 56 × 95mm,12.7W,980lm,77lm/W,25°,Installation=images/linibox-w/linibox-w-installation-13.pdf;LDT=images/linibox-w/ldt/LINIBOX_W-13-27C-90-FX-MD.ldt;Brochure=images/linibox-w/linibox-w-brochure.pdf,
Linibox W,,,,,,,,,,,,,,,,,,,Linibox W 13 12.7W 25°,LINIBOX W-13-27C-90-FX-MD-BL-230D,Black,images/linibox-w/linibox-w-13-black.jpg,2700K,CRI>90,Phase Dim,IP65,UGR<12.5,Black · 160 × 56 × 95mm,12.7W,980lm,77lm/W,25°,Installation=images/linibox-w/linibox-w-installation-13.pdf;LDT=images/linibox-w/ldt/LINIBOX_W-13-27C-90-FX-MD.ldt;Brochure=images/linibox-w/linibox-w-brochure.pdf,
Linibox W,,,,,,,,,,,,,,,,,,,Linibox W 13 12.7W 25°,LINIBOX W-13-30C-80-FX-MD-BL-230ND,Black,images/linibox-w/linibox-w-13-black.jpg,3000K,CRI>80,On/Off,IP65,UGR<12.5,Black · 160 × 56 × 95mm,12.7W,1277lm,101lm/W,25°,Installation=images/linibox-w/linibox-w-installation-13.pdf;LDT=images/linibox-w/ldt/LINIBOX_W-13-30C-80-FX-MD.ldt;Brochure=images/linibox-w/linibox-w-brochure.pdf,
Linibox W,,,,,,,,,,,,,,,,,,,Linibox W 13 12.7W 25°,LINIBOX W-13-30C-80-FX-MD-BL-230D,Black,images/linibox-w/linibox-w-13-black.jpg,3000K,CRI>80,Phase Dim,IP65,UGR<12.5,Black · 160 × 56 × 95mm,12.7W,1277lm,101lm/W,25°,Installation=images/linibox-w/linibox-w-installation-13.pdf;LDT=images/linibox-w/ldt/LINIBOX_W-13-30C-80-FX-MD.ldt;Brochure=images/linibox-w/linibox-w-brochure.pdf,
Linibox W,,,,,,,,,,,,,,,,,,,Linibox W 13 12.7W 25°,LINIBOX W-13-30C-90-FX-MD-BL-230ND,Black,images/linibox-w/linibox-w-13-black.jpg,3000K,CRI>90,On/Off,IP65,UGR<12.5,Black · 160 × 56 × 95mm,12.7W,1117lm,88lm/W,25°,Installation=images/linibox-w/linibox-w-installation-13.pdf;LDT=images/linibox-w/ldt/LINIBOX_W-13-30C-90-FX-MD.ldt;Brochure=images/linibox-w/linibox-w-brochure.pdf,
Linibox W,,,,,,,,,,,,,,,,,,,Linibox W 13 12.7W 25°,LINIBOX W-13-30C-90-FX-MD-BL-230D,Black,images/linibox-w/linibox-w-13-black.jpg,3000K,CRI>90,Phase Dim,IP65,UGR<12.5,Black · 160 × 56 × 95mm,12.7W,1117lm,88lm/W,25°,Installation=images/linibox-w/linibox-w-installation-13.pdf;LDT=images/linibox-w/ldt/LINIBOX_W-13-30C-90-FX-MD.ldt;Brochure=images/linibox-w/linibox-w-brochure.pdf,
Linibox W,,,,,,,,,,,,,,,,,,,Linibox W 13 12.7W 25°,LINIBOX W-13-40C-80-FX-MD-BL-230ND,Black,images/linibox-w/linibox-w-13-black.jpg,4000K,CRI>80,On/Off,IP65,UGR<12.5,Black · 160 × 56 × 95mm,12.7W,1345lm,106lm/W,25°,Installation=images/linibox-w/linibox-w-installation-13.pdf;LDT=images/linibox-w/ldt/LINIBOX_W-13-40C-80-FX-MD.ldt;Brochure=images/linibox-w/linibox-w-brochure.pdf,
Linibox W,,,,,,,,,,,,,,,,,,,Linibox W 13 12.7W 25°,LINIBOX W-13-40C-80-FX-MD-BL-230D,Black,images/linibox-w/linibox-w-13-black.jpg,4000K,CRI>80,Phase Dim,IP65,UGR<12.5,Black · 160 × 56 × 95mm,12.7W,1345lm,106lm/W,25°,Installation=images/linibox-w/linibox-w-installation-13.pdf;LDT=images/linibox-w/ldt/LINIBOX_W-13-40C-80-FX-MD.ldt;Brochure=images/linibox-w/linibox-w-brochure.pdf,
Linibox W,,,,,,,,,,,,,,,,,,,Linibox W 13 12.7W 25°,LINIBOX W-13-40C-90-FX-MD-BL-230ND,Black,images/linibox-w/linibox-w-13-black.jpg,4000K,CRI>90,On/Off,IP65,UGR<12.5,Black · 160 × 56 × 95mm,12.7W,1209lm,95lm/W,25°,Installation=images/linibox-w/linibox-w-installation-13.pdf;LDT=images/linibox-w/ldt/LINIBOX_W-13-40C-90-FX-MD.ldt;Brochure=images/linibox-w/linibox-w-brochure.pdf,
Linibox W,,,,,,,,,,,,,,,,,,,Linibox W 13 12.7W 25°,LINIBOX W-13-40C-90-FX-MD-BL-230D,Black,images/linibox-w/linibox-w-13-black.jpg,4000K,CRI>90,Phase Dim,IP65,UGR<12.5,Black · 160 × 56 × 95mm,12.7W,1209lm,95lm/W,25°,Installation=images/linibox-w/linibox-w-installation-13.pdf;LDT=images/linibox-w/ldt/LINIBOX_W-13-40C-90-FX-MD.ldt;Brochure=images/linibox-w/linibox-w-brochure.pdf,
Linibox W,,,,,,,,,,,,,,,,,,,Linibox W 13 12.7W 25°,LINIBOX W-13-50C-80-FX-MD-BL-230ND,Black,images/linibox-w/linibox-w-13-black.jpg,5000K,CRI>80,On/Off,IP65,UGR<12.5,Black · 160 × 56 × 95mm,12.7W,1482lm,117lm/W,25°,Installation=images/linibox-w/linibox-w-installation-13.pdf;LDT=images/linibox-w/ldt/LINIBOX_W-13-50C-80-FX-MD.ldt;Brochure=images/linibox-w/linibox-w-brochure.pdf,
Linibox W,,,,,,,,,,,,,,,,,,,Linibox W 13 12.7W 25°,LINIBOX W-13-50C-80-FX-MD-BL-230D,Black,images/linibox-w/linibox-w-13-black.jpg,5000K,CRI>80,Phase Dim,IP65,UGR<12.5,Black · 160 × 56 × 95mm,12.7W,1482lm,117lm/W,25°,Installation=images/linibox-w/linibox-w-installation-13.pdf;LDT=images/linibox-w/ldt/LINIBOX_W-13-50C-80-FX-MD.ldt;Brochure=images/linibox-w/linibox-w-brochure.pdf,
Linibox W,,,,,,,,,,,,,,,,,,,Linibox W 13 12.7W 25°,LINIBOX W-13-50C-90-FX-MD-BL-230ND,Black,images/linibox-w/linibox-w-13-black.jpg,5000K,CRI>90,On/Off,IP65,UGR<12.5,Black · 160 × 56 × 95mm,12.7W,1284lm,101lm/W,25°,Installation=images/linibox-w/linibox-w-installation-13.pdf;LDT=images/linibox-w/ldt/LINIBOX_W-13-50C-90-FX-MD.ldt;Brochure=images/linibox-w/linibox-w-brochure.pdf,
Linibox W,,,,,,,,,,,,,,,,,,,Linibox W 13 12.7W 25°,LINIBOX W-13-50C-90-FX-MD-BL-230D,Black,images/linibox-w/linibox-w-13-black.jpg,5000K,CRI>90,Phase Dim,IP65,UGR<12.5,Black · 160 × 56 × 95mm,12.7W,1284lm,101lm/W,25°,Installation=images/linibox-w/linibox-w-installation-13.pdf;LDT=images/linibox-w/ldt/LINIBOX_W-13-50C-90-FX-MD.ldt;Brochure=images/linibox-w/linibox-w-brochure.pdf,
Linibox W,,,,,,,,,,,,,,,,,,,Linibox W 13 12.7W 35°,LINIBOX W-13-27C-80-FX-WD-BL-230ND,Black,images/linibox-w/linibox-w-13-black.jpg,2700K,CRI>80,On/Off,IP65,UGR<20.6,Black · 160 × 56 × 95mm,12.7W,1224lm,96lm/W,35°,Installation=images/linibox-w/linibox-w-installation-13.pdf;LDT=images/linibox-w/ldt/LINIBOX_W-13-27C-80-FX-WD.ldt;Brochure=images/linibox-w/linibox-w-brochure.pdf,
Linibox W,,,,,,,,,,,,,,,,,,,Linibox W 13 12.7W 35°,LINIBOX W-13-27C-80-FX-WD-BL-230D,Black,images/linibox-w/linibox-w-13-black.jpg,2700K,CRI>80,Phase Dim,IP65,UGR<20.6,Black · 160 × 56 × 95mm,12.7W,1224lm,96lm/W,35°,Installation=images/linibox-w/linibox-w-installation-13.pdf;LDT=images/linibox-w/ldt/LINIBOX_W-13-27C-80-FX-WD.ldt;Brochure=images/linibox-w/linibox-w-brochure.pdf,
Linibox W,,,,,,,,,,,,,,,,,,,Linibox W 13 12.7W 35°,LINIBOX W-13-27C-90-FX-WD-BL-230ND,Black,images/linibox-w/linibox-w-13-black.jpg,2700K,CRI>90,On/Off,IP65,UGR<20.6,Black · 160 × 56 × 95mm,12.7W,993lm,78lm/W,35°,Installation=images/linibox-w/linibox-w-installation-13.pdf;LDT=images/linibox-w/ldt/LINIBOX_W-13-27C-90-FX-WD.ldt;Brochure=images/linibox-w/linibox-w-brochure.pdf,
Linibox W,,,,,,,,,,,,,,,,,,,Linibox W 13 12.7W 35°,LINIBOX W-13-27C-90-FX-WD-BL-230D,Black,images/linibox-w/linibox-w-13-black.jpg,2700K,CRI>90,Phase Dim,IP65,UGR<20.6,Black · 160 × 56 × 95mm,12.7W,993lm,78lm/W,35°,Installation=images/linibox-w/linibox-w-installation-13.pdf;LDT=images/linibox-w/ldt/LINIBOX_W-13-27C-90-FX-WD.ldt;Brochure=images/linibox-w/linibox-w-brochure.pdf,
Linibox W,,,,,,,,,,,,,,,,,,,Linibox W 13 12.7W 35°,LINIBOX W-13-30C-80-FX-WD-BL-230ND,Black,images/linibox-w/linibox-w-13-black.jpg,3000K,CRI>80,On/Off,IP65,UGR<20.6,Black · 160 × 56 × 95mm,12.7W,1294lm,102lm/W,35°,Installation=images/linibox-w/linibox-w-installation-13.pdf;LDT=images/linibox-w/ldt/LINIBOX_W-13-30C-80-FX-WD.ldt;Brochure=images/linibox-w/linibox-w-brochure.pdf,
Linibox W,,,,,,,,,,,,,,,,,,,Linibox W 13 12.7W 35°,LINIBOX W-13-30C-80-FX-WD-BL-230D,Black,images/linibox-w/linibox-w-13-black.jpg,3000K,CRI>80,Phase Dim,IP65,UGR<20.6,Black · 160 × 56 × 95mm,12.7W,1294lm,102lm/W,35°,Installation=images/linibox-w/linibox-w-installation-13.pdf;LDT=images/linibox-w/ldt/LINIBOX_W-13-30C-80-FX-WD.ldt;Brochure=images/linibox-w/linibox-w-brochure.pdf,
Linibox W,,,,,,,,,,,,,,,,,,,Linibox W 13 12.7W 35°,LINIBOX W-13-30C-90-FX-WD-BL-230ND,Black,images/linibox-w/linibox-w-13-black.jpg,3000K,CRI>90,On/Off,IP65,UGR<20.6,Black · 160 × 56 × 95mm,12.7W,1132lm,89lm/W,35°,Installation=images/linibox-w/linibox-w-installation-13.pdf;LDT=images/linibox-w/ldt/LINIBOX_W-13-30C-90-FX-WD.ldt;Brochure=images/linibox-w/linibox-w-brochure.pdf,
Linibox W,,,,,,,,,,,,,,,,,,,Linibox W 13 12.7W 35°,LINIBOX W-13-30C-90-FX-WD-BL-230D,Black,images/linibox-w/linibox-w-13-black.jpg,3000K,CRI>90,Phase Dim,IP65,UGR<20.6,Black · 160 × 56 × 95mm,12.7W,1132lm,89lm/W,35°,Installation=images/linibox-w/linibox-w-installation-13.pdf;LDT=images/linibox-w/ldt/LINIBOX_W-13-30C-90-FX-WD.ldt;Brochure=images/linibox-w/linibox-w-brochure.pdf,
Linibox W,,,,,,,,,,,,,,,,,,,Linibox W 13 12.7W 35°,LINIBOX W-13-40C-80-FX-WD-BL-230ND,Black,images/linibox-w/linibox-w-13-black.jpg,4000K,CRI>80,On/Off,IP65,UGR<20.6,Black · 160 × 56 × 95mm,12.7W,1363lm,107lm/W,35°,Installation=images/linibox-w/linibox-w-installation-13.pdf;LDT=images/linibox-w/ldt/LINIBOX_W-13-40C-80-FX-WD.ldt;Brochure=images/linibox-w/linibox-w-brochure.pdf,
Linibox W,,,,,,,,,,,,,,,,,,,Linibox W 13 12.7W 35°,LINIBOX W-13-40C-80-FX-WD-BL-230D,Black,images/linibox-w/linibox-w-13-black.jpg,4000K,CRI>80,Phase Dim,IP65,UGR<20.6,Black · 160 × 56 × 95mm,12.7W,1363lm,107lm/W,35°,Installation=images/linibox-w/linibox-w-installation-13.pdf;LDT=images/linibox-w/ldt/LINIBOX_W-13-40C-80-FX-WD.ldt;Brochure=images/linibox-w/linibox-w-brochure.pdf,
Linibox W,,,,,,,,,,,,,,,,,,,Linibox W 13 12.7W 35°,LINIBOX W-13-40C-90-FX-WD-BL-230ND,Black,images/linibox-w/linibox-w-13-black.jpg,4000K,CRI>90,On/Off,IP65,UGR<20.6,Black · 160 × 56 × 95mm,12.7W,1224lm,96lm/W,35°,Installation=images/linibox-w/linibox-w-installation-13.pdf;LDT=images/linibox-w/ldt/LINIBOX_W-13-40C-90-FX-WD.ldt;Brochure=images/linibox-w/linibox-w-brochure.pdf,
Linibox W,,,,,,,,,,,,,,,,,,,Linibox W 13 12.7W 35°,LINIBOX W-13-40C-90-FX-WD-BL-230D,Black,images/linibox-w/linibox-w-13-black.jpg,4000K,CRI>90,Phase Dim,IP65,UGR<20.6,Black · 160 × 56 × 95mm,12.7W,1224lm,96lm/W,35°,Installation=images/linibox-w/linibox-w-installation-13.pdf;LDT=images/linibox-w/ldt/LINIBOX_W-13-40C-90-FX-WD.ldt;Brochure=images/linibox-w/linibox-w-brochure.pdf,
Linibox W,,,,,,,,,,,,,,,,,,,Linibox W 13 12.7W 35°,LINIBOX W-13-50C-80-FX-WD-BL-230ND,Black,images/linibox-w/linibox-w-13-black.jpg,5000K,CRI>80,On/Off,IP65,UGR<20.6,Black · 160 × 56 × 95mm,12.7W,1502lm,118lm/W,35°,Installation=images/linibox-w/linibox-w-installation-13.pdf;LDT=images/linibox-w/ldt/LINIBOX_W-13-50C-80-FX-WD.ldt;Brochure=images/linibox-w/linibox-w-brochure.pdf,
Linibox W,,,,,,,,,,,,,,,,,,,Linibox W 13 12.7W 35°,LINIBOX W-13-50C-80-FX-WD-BL-230D,Black,images/linibox-w/linibox-w-13-black.jpg,5000K,CRI>80,Phase Dim,IP65,UGR<20.6,Black · 160 × 56 × 95mm,12.7W,1502lm,118lm/W,35°,Installation=images/linibox-w/linibox-w-installation-13.pdf;LDT=images/linibox-w/ldt/LINIBOX_W-13-50C-80-FX-WD.ldt;Brochure=images/linibox-w/linibox-w-brochure.pdf,
Linibox W,,,,,,,,,,,,,,,,,,,Linibox W 13 12.7W 35°,LINIBOX W-13-50C-90-FX-WD-BL-230ND,Black,images/linibox-w/linibox-w-13-black.jpg,5000K,CRI>90,On/Off,IP65,UGR<20.6,Black · 160 × 56 × 95mm,12.7W,1301lm,102lm/W,35°,Installation=images/linibox-w/linibox-w-installation-13.pdf;LDT=images/linibox-w/ldt/LINIBOX_W-13-50C-90-FX-WD.ldt;Brochure=images/linibox-w/linibox-w-brochure.pdf,
Linibox W,,,,,,,,,,,,,,,,,,,Linibox W 13 12.7W 35°,LINIBOX W-13-50C-90-FX-WD-BL-230D,Black,images/linibox-w/linibox-w-13-black.jpg,5000K,CRI>90,Phase Dim,IP65,UGR<20.6,Black · 160 × 56 × 95mm,12.7W,1301lm,102lm/W,35°,Installation=images/linibox-w/linibox-w-installation-13.pdf;LDT=images/linibox-w/ldt/LINIBOX_W-13-50C-90-FX-WD.ldt;Brochure=images/linibox-w/linibox-w-brochure.pdf,
Linibox W,,,,,,,,,,,,,,,,,,,Linibox W 13 12.7W 62°,LINIBOX W-13-27C-80-FX-VW-BL-230ND,Black,images/linibox-w/linibox-w-13-black.jpg,2700K,CRI>80,On/Off,IP65,UGR<23.6,Black · 160 × 56 × 95mm,12.7W,1018lm,80lm/W,62°,Installation=images/linibox-w/linibox-w-installation-13.pdf;LDT=images/linibox-w/ldt/LINIBOX_W-13-27C-80-FX-VW.ldt;Brochure=images/linibox-w/linibox-w-brochure.pdf,
Linibox W,,,,,,,,,,,,,,,,,,,Linibox W 13 12.7W 62°,LINIBOX W-13-27C-80-FX-VW-BL-230D,Black,images/linibox-w/linibox-w-13-black.jpg,2700K,CRI>80,Phase Dim,IP65,UGR<23.6,Black · 160 × 56 × 95mm,12.7W,1018lm,80lm/W,62°,Installation=images/linibox-w/linibox-w-installation-13.pdf;LDT=images/linibox-w/ldt/LINIBOX_W-13-27C-80-FX-VW.ldt;Brochure=images/linibox-w/linibox-w-brochure.pdf,
Linibox W,,,,,,,,,,,,,,,,,,,Linibox W 13 12.7W 62°,LINIBOX W-13-27C-90-FX-VW-BL-230ND,Black,images/linibox-w/linibox-w-13-black.jpg,2700K,CRI>90,On/Off,IP65,UGR<23.6,Black · 160 × 56 × 95mm,12.7W,826lm,65lm/W,62°,Installation=images/linibox-w/linibox-w-installation-13.pdf;LDT=images/linibox-w/ldt/LINIBOX_W-13-27C-90-FX-VW.ldt;Brochure=images/linibox-w/linibox-w-brochure.pdf,
Linibox W,,,,,,,,,,,,,,,,,,,Linibox W 13 12.7W 62°,LINIBOX W-13-27C-90-FX-VW-BL-230D,Black,images/linibox-w/linibox-w-13-black.jpg,2700K,CRI>90,Phase Dim,IP65,UGR<23.6,Black · 160 × 56 × 95mm,12.7W,826lm,65lm/W,62°,Installation=images/linibox-w/linibox-w-installation-13.pdf;LDT=images/linibox-w/ldt/LINIBOX_W-13-27C-90-FX-VW.ldt;Brochure=images/linibox-w/linibox-w-brochure.pdf,
Linibox W,,,,,,,,,,,,,,,,,,,Linibox W 13 12.7W 62°,LINIBOX W-13-30C-80-FX-VW-BL-230ND,Black,images/linibox-w/linibox-w-13-black.jpg,3000K,CRI>80,On/Off,IP65,UGR<23.6,Black · 160 × 56 × 95mm,12.7W,1075lm,85lm/W,62°,Installation=images/linibox-w/linibox-w-installation-13.pdf;LDT=images/linibox-w/ldt/LINIBOX_W-13-30C-80-FX-VW.ldt;Brochure=images/linibox-w/linibox-w-brochure.pdf,
Linibox W,,,,,,,,,,,,,,,,,,,Linibox W 13 12.7W 62°,LINIBOX W-13-30C-80-FX-VW-BL-230D,Black,images/linibox-w/linibox-w-13-black.jpg,3000K,CRI>80,Phase Dim,IP65,UGR<23.6,Black · 160 × 56 × 95mm,12.7W,1075lm,85lm/W,62°,Installation=images/linibox-w/linibox-w-installation-13.pdf;LDT=images/linibox-w/ldt/LINIBOX_W-13-30C-80-FX-VW.ldt;Brochure=images/linibox-w/linibox-w-brochure.pdf,
Linibox W,,,,,,,,,,,,,,,,,,,Linibox W 13 12.7W 62°,LINIBOX W-13-30C-90-FX-VW-BL-230ND,Black,images/linibox-w/linibox-w-13-black.jpg,3000K,CRI>90,On/Off,IP65,UGR<23.6,Black · 160 × 56 × 95mm,12.7W,941lm,74lm/W,62°,Installation=images/linibox-w/linibox-w-installation-13.pdf;LDT=images/linibox-w/ldt/LINIBOX_W-13-30C-90-FX-VW.ldt;Brochure=images/linibox-w/linibox-w-brochure.pdf,
Linibox W,,,,,,,,,,,,,,,,,,,Linibox W 13 12.7W 62°,LINIBOX W-13-30C-90-FX-VW-BL-230D,Black,images/linibox-w/linibox-w-13-black.jpg,3000K,CRI>90,Phase Dim,IP65,UGR<23.6,Black · 160 × 56 × 95mm,12.7W,941lm,74lm/W,62°,Installation=images/linibox-w/linibox-w-installation-13.pdf;LDT=images/linibox-w/ldt/LINIBOX_W-13-30C-90-FX-VW.ldt;Brochure=images/linibox-w/linibox-w-brochure.pdf,
Linibox W,,,,,,,,,,,,,,,,,,,Linibox W 13 12.7W 62°,LINIBOX W-13-40C-80-FX-VW-BL-230ND,Black,images/linibox-w/linibox-w-13-black.jpg,4000K,CRI>80,On/Off,IP65,UGR<23.6,Black · 160 × 56 × 95mm,12.7W,1133lm,89lm/W,62°,Installation=images/linibox-w/linibox-w-installation-13.pdf;LDT=images/linibox-w/ldt/LINIBOX_W-13-40C-80-FX-VW.ldt;Brochure=images/linibox-w/linibox-w-brochure.pdf,
Linibox W,,,,,,,,,,,,,,,,,,,Linibox W 13 12.7W 62°,LINIBOX W-13-40C-80-FX-VW-BL-230D,Black,images/linibox-w/linibox-w-13-black.jpg,4000K,CRI>80,Phase Dim,IP65,UGR<23.6,Black · 160 × 56 × 95mm,12.7W,1133lm,89lm/W,62°,Installation=images/linibox-w/linibox-w-installation-13.pdf;LDT=images/linibox-w/ldt/LINIBOX_W-13-40C-80-FX-VW.ldt;Brochure=images/linibox-w/linibox-w-brochure.pdf,
Linibox W,,,,,,,,,,,,,,,,,,,Linibox W 13 12.7W 62°,LINIBOX W-13-40C-90-FX-VW-BL-230ND,Black,images/linibox-w/linibox-w-13-black.jpg,4000K,CRI>90,On/Off,IP65,UGR<23.6,Black · 160 × 56 × 95mm,12.7W,1018lm,80lm/W,62°,Installation=images/linibox-w/linibox-w-installation-13.pdf;LDT=images/linibox-w/ldt/LINIBOX_W-13-40C-90-FX-VW.ldt;Brochure=images/linibox-w/linibox-w-brochure.pdf,
Linibox W,,,,,,,,,,,,,,,,,,,Linibox W 13 12.7W 62°,LINIBOX W-13-40C-90-FX-VW-BL-230D,Black,images/linibox-w/linibox-w-13-black.jpg,4000K,CRI>90,Phase Dim,IP65,UGR<23.6,Black · 160 × 56 × 95mm,12.7W,1018lm,80lm/W,62°,Installation=images/linibox-w/linibox-w-installation-13.pdf;LDT=images/linibox-w/ldt/LINIBOX_W-13-40C-90-FX-VW.ldt;Brochure=images/linibox-w/linibox-w-brochure.pdf,
Linibox W,,,,,,,,,,,,,,,,,,,Linibox W 13 12.7W 62°,LINIBOX W-13-50C-80-FX-VW-BL-230ND,Black,images/linibox-w/linibox-w-13-black.jpg,5000K,CRI>80,On/Off,IP65,UGR<23.6,Black · 160 × 56 × 95mm,12.7W,1248lm,98lm/W,62°,Installation=images/linibox-w/linibox-w-installation-13.pdf;LDT=images/linibox-w/ldt/LINIBOX_W-13-50C-80-FX-VW.ldt;Brochure=images/linibox-w/linibox-w-brochure.pdf,
Linibox W,,,,,,,,,,,,,,,,,,,Linibox W 13 12.7W 62°,LINIBOX W-13-50C-80-FX-VW-BL-230D,Black,images/linibox-w/linibox-w-13-black.jpg,5000K,CRI>80,Phase Dim,IP65,UGR<23.6,Black · 160 × 56 × 95mm,12.7W,1248lm,98lm/W,62°,Installation=images/linibox-w/linibox-w-installation-13.pdf;LDT=images/linibox-w/ldt/LINIBOX_W-13-50C-80-FX-VW.ldt;Brochure=images/linibox-w/linibox-w-brochure.pdf,
Linibox W,,,,,,,,,,,,,,,,,,,Linibox W 13 12.7W 62°,LINIBOX W-13-50C-90-FX-VW-BL-230ND,Black,images/linibox-w/linibox-w-13-black.jpg,5000K,CRI>90,On/Off,IP65,UGR<23.6,Black · 160 × 56 × 95mm,12.7W,1082lm,85lm/W,62°,Installation=images/linibox-w/linibox-w-installation-13.pdf;LDT=images/linibox-w/ldt/LINIBOX_W-13-50C-90-FX-VW.ldt;Brochure=images/linibox-w/linibox-w-brochure.pdf,
Linibox W,,,,,,,,,,,,,,,,,,,Linibox W 13 12.7W 62°,LINIBOX W-13-50C-90-FX-VW-BL-230D,Black,images/linibox-w/linibox-w-13-black.jpg,5000K,CRI>90,Phase Dim,IP65,UGR<23.6,Black · 160 × 56 × 95mm,12.7W,1082lm,85lm/W,62°,Installation=images/linibox-w/linibox-w-installation-13.pdf;LDT=images/linibox-w/ldt/LINIBOX_W-13-50C-90-FX-VW.ldt;Brochure=images/linibox-w/linibox-w-brochure.pdf,
Linibox W,,,,,,,,,,,,,,,,,,,Linibox W 13 12.7W 16°x30°,LINIBOX W-13-27C-80-FX-AS-BL-230ND,Black,images/linibox-w/linibox-w-13-black.jpg,2700K,CRI>80,On/Off,IP65,UGR<15.7,Black · 160 × 56 × 95mm,12.7W,1129lm,89lm/W,16°x30°,Installation=images/linibox-w/linibox-w-installation-13.pdf;LDT=images/linibox-w/ldt/LINIBOX_W-13-27C-80-FX-AS.ldt;Brochure=images/linibox-w/linibox-w-brochure.pdf,
Linibox W,,,,,,,,,,,,,,,,,,,Linibox W 13 12.7W 16°x30°,LINIBOX W-13-27C-80-FX-AS-BL-230D,Black,images/linibox-w/linibox-w-13-black.jpg,2700K,CRI>80,Phase Dim,IP65,UGR<15.7,Black · 160 × 56 × 95mm,12.7W,1129lm,89lm/W,16°x30°,Installation=images/linibox-w/linibox-w-installation-13.pdf;LDT=images/linibox-w/ldt/LINIBOX_W-13-27C-80-FX-AS.ldt;Brochure=images/linibox-w/linibox-w-brochure.pdf,
Linibox W,,,,,,,,,,,,,,,,,,,Linibox W 13 12.7W 16°x30°,LINIBOX W-13-27C-90-FX-AS-BL-230ND,Black,images/linibox-w/linibox-w-13-black.jpg,2700K,CRI>90,On/Off,IP65,UGR<15.7,Black · 160 × 56 × 95mm,12.7W,916lm,72lm/W,16°x30°,Installation=images/linibox-w/linibox-w-installation-13.pdf;LDT=images/linibox-w/ldt/LINIBOX_W-13-27C-90-FX-AS.ldt;Brochure=images/linibox-w/linibox-w-brochure.pdf,
Linibox W,,,,,,,,,,,,,,,,,,,Linibox W 13 12.7W 16°x30°,LINIBOX W-13-27C-90-FX-AS-BL-230D,Black,images/linibox-w/linibox-w-13-black.jpg,2700K,CRI>90,Phase Dim,IP65,UGR<15.7,Black · 160 × 56 × 95mm,12.7W,916lm,72lm/W,16°x30°,Installation=images/linibox-w/linibox-w-installation-13.pdf;LDT=images/linibox-w/ldt/LINIBOX_W-13-27C-90-FX-AS.ldt;Brochure=images/linibox-w/linibox-w-brochure.pdf,
Linibox W,,,,,,,,,,,,,,,,,,,Linibox W 13 12.7W 16°x30°,LINIBOX W-13-30C-80-FX-AS-BL-230ND,Black,images/linibox-w/linibox-w-13-black.jpg,3000K,CRI>80,On/Off,IP65,UGR<15.7,Black · 160 × 56 × 95mm,12.7W,1193lm,94lm/W,16°x30°,Installation=images/linibox-w/linibox-w-installation-13.pdf;LDT=images/linibox-w/ldt/LINIBOX_W-13-30C-80-FX-AS.ldt;Brochure=images/linibox-w/linibox-w-brochure.pdf,
Linibox W,,,,,,,,,,,,,,,,,,,Linibox W 13 12.7W 16°x30°,LINIBOX W-13-30C-80-FX-AS-BL-230D,Black,images/linibox-w/linibox-w-13-black.jpg,3000K,CRI>80,Phase Dim,IP65,UGR<15.7,Black · 160 × 56 × 95mm,12.7W,1193lm,94lm/W,16°x30°,Installation=images/linibox-w/linibox-w-installation-13.pdf;LDT=images/linibox-w/ldt/LINIBOX_W-13-30C-80-FX-AS.ldt;Brochure=images/linibox-w/linibox-w-brochure.pdf,
Linibox W,,,,,,,,,,,,,,,,,,,Linibox W 13 12.7W 16°x30°,LINIBOX W-13-30C-90-FX-AS-BL-230ND,Black,images/linibox-w/linibox-w-13-black.jpg,3000K,CRI>90,On/Off,IP65,UGR<15.7,Black · 160 × 56 × 95mm,12.7W,1044lm,82lm/W,16°x30°,Installation=images/linibox-w/linibox-w-installation-13.pdf;LDT=images/linibox-w/ldt/LINIBOX_W-13-30C-90-FX-AS.ldt;Brochure=images/linibox-w/linibox-w-brochure.pdf,
Linibox W,,,,,,,,,,,,,,,,,,,Linibox W 13 12.7W 16°x30°,LINIBOX W-13-30C-90-FX-AS-BL-230D,Black,images/linibox-w/linibox-w-13-black.jpg,3000K,CRI>90,Phase Dim,IP65,UGR<15.7,Black · 160 × 56 × 95mm,12.7W,1044lm,82lm/W,16°x30°,Installation=images/linibox-w/linibox-w-installation-13.pdf;LDT=images/linibox-w/ldt/LINIBOX_W-13-30C-90-FX-AS.ldt;Brochure=images/linibox-w/linibox-w-brochure.pdf,
Linibox W,,,,,,,,,,,,,,,,,,,Linibox W 13 12.7W 16°x30°,LINIBOX W-13-40C-80-FX-AS-BL-230ND,Black,images/linibox-w/linibox-w-13-black.jpg,4000K,CRI>80,On/Off,IP65,UGR<15.7,Black · 160 × 56 × 95mm,12.7W,1257lm,99lm/W,16°x30°,Installation=images/linibox-w/linibox-w-installation-13.pdf;LDT=images/linibox-w/ldt/LINIBOX_W-13-40C-80-FX-AS.ldt;Brochure=images/linibox-w/linibox-w-brochure.pdf,
Linibox W,,,,,,,,,,,,,,,,,,,Linibox W 13 12.7W 16°x30°,LINIBOX W-13-40C-80-FX-AS-BL-230D,Black,images/linibox-w/linibox-w-13-black.jpg,4000K,CRI>80,Phase Dim,IP65,UGR<15.7,Black · 160 × 56 × 95mm,12.7W,1257lm,99lm/W,16°x30°,Installation=images/linibox-w/linibox-w-installation-13.pdf;LDT=images/linibox-w/ldt/LINIBOX_W-13-40C-80-FX-AS.ldt;Brochure=images/linibox-w/linibox-w-brochure.pdf,
Linibox W,,,,,,,,,,,,,,,,,,,Linibox W 13 12.7W 16°x30°,LINIBOX W-13-40C-90-FX-AS-BL-230ND,Black,images/linibox-w/linibox-w-13-black.jpg,4000K,CRI>90,On/Off,IP65,UGR<15.7,Black · 160 × 56 × 95mm,12.7W,1129lm,89lm/W,16°x30°,Installation=images/linibox-w/linibox-w-installation-13.pdf;LDT=images/linibox-w/ldt/LINIBOX_W-13-40C-90-FX-AS.ldt;Brochure=images/linibox-w/linibox-w-brochure.pdf,
Linibox W,,,,,,,,,,,,,,,,,,,Linibox W 13 12.7W 16°x30°,LINIBOX W-13-40C-90-FX-AS-BL-230D,Black,images/linibox-w/linibox-w-13-black.jpg,4000K,CRI>90,Phase Dim,IP65,UGR<15.7,Black · 160 × 56 × 95mm,12.7W,1129lm,89lm/W,16°x30°,Installation=images/linibox-w/linibox-w-installation-13.pdf;LDT=images/linibox-w/ldt/LINIBOX_W-13-40C-90-FX-AS.ldt;Brochure=images/linibox-w/linibox-w-brochure.pdf,
Linibox W,,,,,,,,,,,,,,,,,,,Linibox W 13 12.7W 16°x30°,LINIBOX W-13-50C-80-FX-AS-BL-230ND,Black,images/linibox-w/linibox-w-13-black.jpg,5000K,CRI>80,On/Off,IP65,UGR<15.7,Black · 160 × 56 × 95mm,12.7W,1385lm,109lm/W,16°x30°,Installation=images/linibox-w/linibox-w-installation-13.pdf;LDT=images/linibox-w/ldt/LINIBOX_W-13-50C-80-FX-AS.ldt;Brochure=images/linibox-w/linibox-w-brochure.pdf,
Linibox W,,,,,,,,,,,,,,,,,,,Linibox W 13 12.7W 16°x30°,LINIBOX W-13-50C-80-FX-AS-BL-230D,Black,images/linibox-w/linibox-w-13-black.jpg,5000K,CRI>80,Phase Dim,IP65,UGR<15.7,Black · 160 × 56 × 95mm,12.7W,1385lm,109lm/W,16°x30°,Installation=images/linibox-w/linibox-w-installation-13.pdf;LDT=images/linibox-w/ldt/LINIBOX_W-13-50C-80-FX-AS.ldt;Brochure=images/linibox-w/linibox-w-brochure.pdf,
Linibox W,,,,,,,,,,,,,,,,,,,Linibox W 13 12.7W 16°x30°,LINIBOX W-13-50C-90-FX-AS-BL-230ND,Black,images/linibox-w/linibox-w-13-black.jpg,5000K,CRI>90,On/Off,IP65,UGR<15.7,Black · 160 × 56 × 95mm,12.7W,1200lm,94lm/W,16°x30°,Installation=images/linibox-w/linibox-w-installation-13.pdf;LDT=images/linibox-w/ldt/LINIBOX_W-13-50C-90-FX-AS.ldt;Brochure=images/linibox-w/linibox-w-brochure.pdf,
Linibox W,,,,,,,,,,,,,,,,,,,Linibox W 13 12.7W 16°x30°,LINIBOX W-13-50C-90-FX-AS-BL-230D,Black,images/linibox-w/linibox-w-13-black.jpg,5000K,CRI>90,Phase Dim,IP65,UGR<15.7,Black · 160 × 56 × 95mm,12.7W,1200lm,94lm/W,16°x30°,Installation=images/linibox-w/linibox-w-installation-13.pdf;LDT=images/linibox-w/ldt/LINIBOX_W-13-50C-90-FX-AS.ldt;Brochure=images/linibox-w/linibox-w-brochure.pdf,
Linibox W,,,,,,,,,,,,,,,,,,,Linibox W 17 16.8W 17°,LINIBOX W-17-27C-80-FX-VN-BL-230ND,Black,images/linibox-w/linibox-w-17-black.jpg,2700K,CRI>80,On/Off,IP65,UGR<13.7,Black · 205 × 56 × 95mm,16.8W,1505lm,90lm/W,17°,Installation=images/linibox-w/linibox-w-installation-17.pdf;LDT=images/linibox-w/ldt/LINIBOX_W-17-27C-80-FX-VN.ldt;Brochure=images/linibox-w/linibox-w-brochure.pdf,
Linibox W,,,,,,,,,,,,,,,,,,,Linibox W 17 16.8W 17°,LINIBOX W-17-27C-80-FX-VN-BL-230D,Black,images/linibox-w/linibox-w-17-black.jpg,2700K,CRI>80,Phase Dim,IP65,UGR<13.7,Black · 205 × 56 × 95mm,16.8W,1505lm,90lm/W,17°,Installation=images/linibox-w/linibox-w-installation-17.pdf;LDT=images/linibox-w/ldt/LINIBOX_W-17-27C-80-FX-VN.ldt;Brochure=images/linibox-w/linibox-w-brochure.pdf,
Linibox W,,,,,,,,,,,,,,,,,,,Linibox W 17 16.8W 17°,LINIBOX W-17-27C-90-FX-VN-BL-230ND,Black,images/linibox-w/linibox-w-17-black.jpg,2700K,CRI>90,On/Off,IP65,UGR<13.7,Black · 205 × 56 × 95mm,16.8W,1221lm,73lm/W,17°,Installation=images/linibox-w/linibox-w-installation-17.pdf;LDT=images/linibox-w/ldt/LINIBOX_W-17-27C-90-FX-VN.ldt;Brochure=images/linibox-w/linibox-w-brochure.pdf,
Linibox W,,,,,,,,,,,,,,,,,,,Linibox W 17 16.8W 17°,LINIBOX W-17-27C-90-FX-VN-BL-230D,Black,images/linibox-w/linibox-w-17-black.jpg,2700K,CRI>90,Phase Dim,IP65,UGR<13.7,Black · 205 × 56 × 95mm,16.8W,1221lm,73lm/W,17°,Installation=images/linibox-w/linibox-w-installation-17.pdf;LDT=images/linibox-w/ldt/LINIBOX_W-17-27C-90-FX-VN.ldt;Brochure=images/linibox-w/linibox-w-brochure.pdf,
Linibox W,,,,,,,,,,,,,,,,,,,Linibox W 17 16.8W 17°,LINIBOX W-17-30C-80-FX-VN-BL-230ND,Black,images/linibox-w/linibox-w-17-black.jpg,3000K,CRI>80,On/Off,IP65,UGR<13.7,Black · 205 × 56 × 95mm,16.8W,1590lm,95lm/W,17°,Installation=images/linibox-w/linibox-w-installation-17.pdf;LDT=images/linibox-w/ldt/LINIBOX_W-17-30C-80-FX-VN.ldt;Brochure=images/linibox-w/linibox-w-brochure.pdf,
Linibox W,,,,,,,,,,,,,,,,,,,Linibox W 17 16.8W 17°,LINIBOX W-17-30C-80-FX-VN-BL-230D,Black,images/linibox-w/linibox-w-17-black.jpg,3000K,CRI>80,Phase Dim,IP65,UGR<13.7,Black · 205 × 56 × 95mm,16.8W,1590lm,95lm/W,17°,Installation=images/linibox-w/linibox-w-installation-17.pdf;LDT=images/linibox-w/ldt/LINIBOX_W-17-30C-80-FX-VN.ldt;Brochure=images/linibox-w/linibox-w-brochure.pdf,
Linibox W,,,,,,,,,,,,,,,,,,,Linibox W 17 16.8W 17°,LINIBOX W-17-30C-90-FX-VN-BL-230ND,Black,images/linibox-w/linibox-w-17-black.jpg,3000K,CRI>90,On/Off,IP65,UGR<13.7,Black · 205 × 56 × 95mm,16.8W,1392lm,83lm/W,17°,Installation=images/linibox-w/linibox-w-installation-17.pdf;LDT=images/linibox-w/ldt/LINIBOX_W-17-30C-90-FX-VN.ldt;Brochure=images/linibox-w/linibox-w-brochure.pdf,
Linibox W,,,,,,,,,,,,,,,,,,,Linibox W 17 16.8W 17°,LINIBOX W-17-30C-90-FX-VN-BL-230D,Black,images/linibox-w/linibox-w-17-black.jpg,3000K,CRI>90,Phase Dim,IP65,UGR<13.7,Black · 205 × 56 × 95mm,16.8W,1392lm,83lm/W,17°,Installation=images/linibox-w/linibox-w-installation-17.pdf;LDT=images/linibox-w/ldt/LINIBOX_W-17-30C-90-FX-VN.ldt;Brochure=images/linibox-w/linibox-w-brochure.pdf,
Linibox W,,,,,,,,,,,,,,,,,,,Linibox W 17 16.8W 17°,LINIBOX W-17-40C-80-FX-VN-BL-230ND,Black,images/linibox-w/linibox-w-17-black.jpg,4000K,CRI>80,On/Off,IP65,UGR<13.7,Black · 205 × 56 × 95mm,16.8W,1676lm,100lm/W,17°,Installation=images/linibox-w/linibox-w-installation-17.pdf;LDT=images/linibox-w/ldt/LINIBOX_W-17-40C-80-FX-VN.ldt;Brochure=images/linibox-w/linibox-w-brochure.pdf,
Linibox W,,,,,,,,,,,,,,,,,,,Linibox W 17 16.8W 17°,LINIBOX W-17-40C-80-FX-VN-BL-230D,Black,images/linibox-w/linibox-w-17-black.jpg,4000K,CRI>80,Phase Dim,IP65,UGR<13.7,Black · 205 × 56 × 95mm,16.8W,1676lm,100lm/W,17°,Installation=images/linibox-w/linibox-w-installation-17.pdf;LDT=images/linibox-w/ldt/LINIBOX_W-17-40C-80-FX-VN.ldt;Brochure=images/linibox-w/linibox-w-brochure.pdf,
Linibox W,,,,,,,,,,,,,,,,,,,Linibox W 17 16.8W 17°,LINIBOX W-17-40C-90-FX-VN-BL-230ND,Black,images/linibox-w/linibox-w-17-black.jpg,4000K,CRI>90,On/Off,IP65,UGR<13.7,Black · 205 × 56 × 95mm,16.8W,1505lm,90lm/W,17°,Installation=images/linibox-w/linibox-w-installation-17.pdf;LDT=images/linibox-w/ldt/LINIBOX_W-17-40C-90-FX-VN.ldt;Brochure=images/linibox-w/linibox-w-brochure.pdf,
Linibox W,,,,,,,,,,,,,,,,,,,Linibox W 17 16.8W 17°,LINIBOX W-17-40C-90-FX-VN-BL-230D,Black,images/linibox-w/linibox-w-17-black.jpg,4000K,CRI>90,Phase Dim,IP65,UGR<13.7,Black · 205 × 56 × 95mm,16.8W,1505lm,90lm/W,17°,Installation=images/linibox-w/linibox-w-installation-17.pdf;LDT=images/linibox-w/ldt/LINIBOX_W-17-40C-90-FX-VN.ldt;Brochure=images/linibox-w/linibox-w-brochure.pdf,
Linibox W,,,,,,,,,,,,,,,,,,,Linibox W 17 16.8W 17°,LINIBOX W-17-50C-80-FX-VN-BL-230ND,Black,images/linibox-w/linibox-w-17-black.jpg,5000K,CRI>80,On/Off,IP65,UGR<13.7,Black · 205 × 56 × 95mm,16.8W,1846lm,110lm/W,17°,Installation=images/linibox-w/linibox-w-installation-17.pdf;LDT=images/linibox-w/ldt/LINIBOX_W-17-50C-80-FX-VN.ldt;Brochure=images/linibox-w/linibox-w-brochure.pdf,
Linibox W,,,,,,,,,,,,,,,,,,,Linibox W 17 16.8W 17°,LINIBOX W-17-50C-80-FX-VN-BL-230D,Black,images/linibox-w/linibox-w-17-black.jpg,5000K,CRI>80,Phase Dim,IP65,UGR<13.7,Black · 205 × 56 × 95mm,16.8W,1846lm,110lm/W,17°,Installation=images/linibox-w/linibox-w-installation-17.pdf;LDT=images/linibox-w/ldt/LINIBOX_W-17-50C-80-FX-VN.ldt;Brochure=images/linibox-w/linibox-w-brochure.pdf,
Linibox W,,,,,,,,,,,,,,,,,,,Linibox W 17 16.8W 17°,LINIBOX W-17-50C-90-FX-VN-BL-230ND,Black,images/linibox-w/linibox-w-17-black.jpg,5000K,CRI>90,On/Off,IP65,UGR<13.7,Black · 205 × 56 × 95mm,16.8W,1598lm,95lm/W,17°,Installation=images/linibox-w/linibox-w-installation-17.pdf;LDT=images/linibox-w/ldt/LINIBOX_W-17-50C-90-FX-VN.ldt;Brochure=images/linibox-w/linibox-w-brochure.pdf,
Linibox W,,,,,,,,,,,,,,,,,,,Linibox W 17 16.8W 17°,LINIBOX W-17-50C-90-FX-VN-BL-230D,Black,images/linibox-w/linibox-w-17-black.jpg,5000K,CRI>90,Phase Dim,IP65,UGR<13.7,Black · 205 × 56 × 95mm,16.8W,1598lm,95lm/W,17°,Installation=images/linibox-w/linibox-w-installation-17.pdf;LDT=images/linibox-w/ldt/LINIBOX_W-17-50C-90-FX-VN.ldt;Brochure=images/linibox-w/linibox-w-brochure.pdf,
Linibox W,,,,,,,,,,,,,,,,,,,Linibox W 17 16.8W 21°,LINIBOX W-17-27C-80-FX-NR-BL-230ND,Black,images/linibox-w/linibox-w-17-black.jpg,2700K,CRI>80,On/Off,IP65,UGR<13.1,Black · 205 × 56 × 95mm,16.8W,1823lm,109lm/W,21°,Installation=images/linibox-w/linibox-w-installation-17.pdf;LDT=images/linibox-w/ldt/LINIBOX_W-17-27C-80-FX-NR.ldt;Brochure=images/linibox-w/linibox-w-brochure.pdf,
Linibox W,,,,,,,,,,,,,,,,,,,Linibox W 17 16.8W 21°,LINIBOX W-17-27C-80-FX-NR-BL-230D,Black,images/linibox-w/linibox-w-17-black.jpg,2700K,CRI>80,Phase Dim,IP65,UGR<13.1,Black · 205 × 56 × 95mm,16.8W,1823lm,109lm/W,21°,Installation=images/linibox-w/linibox-w-installation-17.pdf;LDT=images/linibox-w/ldt/LINIBOX_W-17-27C-80-FX-NR.ldt;Brochure=images/linibox-w/linibox-w-brochure.pdf,
Linibox W,,,,,,,,,,,,,,,,,,,Linibox W 17 16.8W 21°,LINIBOX W-17-27C-90-FX-NR-BL-230ND,Black,images/linibox-w/linibox-w-17-black.jpg,2700K,CRI>90,On/Off,IP65,UGR<13.1,Black · 205 × 56 × 95mm,16.8W,1479lm,88lm/W,21°,Installation=images/linibox-w/linibox-w-installation-17.pdf;LDT=images/linibox-w/ldt/LINIBOX_W-17-27C-90-FX-NR.ldt;Brochure=images/linibox-w/linibox-w-brochure.pdf,
Linibox W,,,,,,,,,,,,,,,,,,,Linibox W 17 16.8W 21°,LINIBOX W-17-27C-90-FX-NR-BL-230D,Black,images/linibox-w/linibox-w-17-black.jpg,2700K,CRI>90,Phase Dim,IP65,UGR<13.1,Black · 205 × 56 × 95mm,16.8W,1479lm,88lm/W,21°,Installation=images/linibox-w/linibox-w-installation-17.pdf;LDT=images/linibox-w/ldt/LINIBOX_W-17-27C-90-FX-NR.ldt;Brochure=images/linibox-w/linibox-w-brochure.pdf,
Linibox W,,,,,,,,,,,,,,,,,,,Linibox W 17 16.8W 21°,LINIBOX W-17-30C-80-FX-NR-BL-230ND,Black,images/linibox-w/linibox-w-17-black.jpg,3000K,CRI>80,On/Off,IP65,UGR<13.1,Black · 205 × 56 × 95mm,16.8W,1926lm,115lm/W,21°,Installation=images/linibox-w/linibox-w-installation-17.pdf;LDT=images/linibox-w/ldt/LINIBOX_W-17-30C-80-FX-NR.ldt;Brochure=images/linibox-w/linibox-w-brochure.pdf,
Linibox W,,,,,,,,,,,,,,,,,,,Linibox W 17 16.8W 21°,LINIBOX W-17-30C-80-FX-NR-BL-230D,Black,images/linibox-w/linibox-w-17-black.jpg,3000K,CRI>80,Phase Dim,IP65,UGR<13.1,Black · 205 × 56 × 95mm,16.8W,1926lm,115lm/W,21°,Installation=images/linibox-w/linibox-w-installation-17.pdf;LDT=images/linibox-w/ldt/LINIBOX_W-17-30C-80-FX-NR.ldt;Brochure=images/linibox-w/linibox-w-brochure.pdf,
Linibox W,,,,,,,,,,,,,,,,,,,Linibox W 17 16.8W 21°,LINIBOX W-17-30C-90-FX-NR-BL-230ND,Black,images/linibox-w/linibox-w-17-black.jpg,3000K,CRI>90,On/Off,IP65,UGR<13.1,Black · 205 × 56 × 95mm,16.8W,1686lm,100lm/W,21°,Installation=images/linibox-w/linibox-w-installation-17.pdf;LDT=images/linibox-w/ldt/LINIBOX_W-17-30C-90-FX-NR.ldt;Brochure=images/linibox-w/linibox-w-brochure.pdf,
Linibox W,,,,,,,,,,,,,,,,,,,Linibox W 17 16.8W 21°,LINIBOX W-17-30C-90-FX-NR-BL-230D,Black,images/linibox-w/linibox-w-17-black.jpg,3000K,CRI>90,Phase Dim,IP65,UGR<13.1,Black · 205 × 56 × 95mm,16.8W,1686lm,100lm/W,21°,Installation=images/linibox-w/linibox-w-installation-17.pdf;LDT=images/linibox-w/ldt/LINIBOX_W-17-30C-90-FX-NR.ldt;Brochure=images/linibox-w/linibox-w-brochure.pdf,
Linibox W,,,,,,,,,,,,,,,,,,,Linibox W 17 16.8W 21°,LINIBOX W-17-40C-80-FX-NR-BL-230ND,Black,images/linibox-w/linibox-w-17-black.jpg,4000K,CRI>80,On/Off,IP65,UGR<13.1,Black · 205 × 56 × 95mm,16.8W,2030lm,121lm/W,21°,Installation=images/linibox-w/linibox-w-installation-17.pdf;LDT=images/linibox-w/ldt/LINIBOX_W-17-40C-80-FX-NR.ldt;Brochure=images/linibox-w/linibox-w-brochure.pdf,
Linibox W,,,,,,,,,,,,,,,,,,,Linibox W 17 16.8W 21°,LINIBOX W-17-40C-80-FX-NR-BL-230D,Black,images/linibox-w/linibox-w-17-black.jpg,4000K,CRI>80,Phase Dim,IP65,UGR<13.1,Black · 205 × 56 × 95mm,16.8W,2030lm,121lm/W,21°,Installation=images/linibox-w/linibox-w-installation-17.pdf;LDT=images/linibox-w/ldt/LINIBOX_W-17-40C-80-FX-NR.ldt;Brochure=images/linibox-w/linibox-w-brochure.pdf,
Linibox W,,,,,,,,,,,,,,,,,,,Linibox W 17 16.8W 21°,LINIBOX W-17-40C-90-FX-NR-BL-230ND,Black,images/linibox-w/linibox-w-17-black.jpg,4000K,CRI>90,On/Off,IP65,UGR<13.1,Black · 205 × 56 × 95mm,16.8W,1823lm,109lm/W,21°,Installation=images/linibox-w/linibox-w-installation-17.pdf;LDT=images/linibox-w/ldt/LINIBOX_W-17-40C-90-FX-NR.ldt;Brochure=images/linibox-w/linibox-w-brochure.pdf,
Linibox W,,,,,,,,,,,,,,,,,,,Linibox W 17 16.8W 21°,LINIBOX W-17-40C-90-FX-NR-BL-230D,Black,images/linibox-w/linibox-w-17-black.jpg,4000K,CRI>90,Phase Dim,IP65,UGR<13.1,Black · 205 × 56 × 95mm,16.8W,1823lm,109lm/W,21°,Installation=images/linibox-w/linibox-w-installation-17.pdf;LDT=images/linibox-w/ldt/LINIBOX_W-17-40C-90-FX-NR.ldt;Brochure=images/linibox-w/linibox-w-brochure.pdf,
Linibox W,,,,,,,,,,,,,,,,,,,Linibox W 17 16.8W 21°,LINIBOX W-17-50C-80-FX-NR-BL-230ND,Black,images/linibox-w/linibox-w-17-black.jpg,5000K,CRI>80,On/Off,IP65,UGR<13.1,Black · 205 × 56 × 95mm,16.8W,2236lm,133lm/W,21°,Installation=images/linibox-w/linibox-w-installation-17.pdf;LDT=images/linibox-w/ldt/LINIBOX_W-17-50C-80-FX-NR.ldt;Brochure=images/linibox-w/linibox-w-brochure.pdf,
Linibox W,,,,,,,,,,,,,,,,,,,Linibox W 17 16.8W 21°,LINIBOX W-17-50C-80-FX-NR-BL-230D,Black,images/linibox-w/linibox-w-17-black.jpg,5000K,CRI>80,Phase Dim,IP65,UGR<13.1,Black · 205 × 56 × 95mm,16.8W,2236lm,133lm/W,21°,Installation=images/linibox-w/linibox-w-installation-17.pdf;LDT=images/linibox-w/ldt/LINIBOX_W-17-50C-80-FX-NR.ldt;Brochure=images/linibox-w/linibox-w-brochure.pdf,
Linibox W,,,,,,,,,,,,,,,,,,,Linibox W 17 16.8W 21°,LINIBOX W-17-50C-90-FX-NR-BL-230ND,Black,images/linibox-w/linibox-w-17-black.jpg,5000K,CRI>90,On/Off,IP65,UGR<13.1,Black · 205 × 56 × 95mm,16.8W,1935lm,115lm/W,21°,Installation=images/linibox-w/linibox-w-installation-17.pdf;LDT=images/linibox-w/ldt/LINIBOX_W-17-50C-90-FX-NR.ldt;Brochure=images/linibox-w/linibox-w-brochure.pdf,
Linibox W,,,,,,,,,,,,,,,,,,,Linibox W 17 16.8W 21°,LINIBOX W-17-50C-90-FX-NR-BL-230D,Black,images/linibox-w/linibox-w-17-black.jpg,5000K,CRI>90,Phase Dim,IP65,UGR<13.1,Black · 205 × 56 × 95mm,16.8W,1935lm,115lm/W,21°,Installation=images/linibox-w/linibox-w-installation-17.pdf;LDT=images/linibox-w/ldt/LINIBOX_W-17-50C-90-FX-NR.ldt;Brochure=images/linibox-w/linibox-w-brochure.pdf,
Linibox W,,,,,,,,,,,,,,,,,,,Linibox W 17 16.8W 25°,LINIBOX W-17-27C-80-FX-MD-BL-230ND,Black,images/linibox-w/linibox-w-17-black.jpg,2700K,CRI>80,On/Off,IP65,UGR<12.5,Black · 205 × 56 × 95mm,16.8W,1611lm,96lm/W,25°,Installation=images/linibox-w/linibox-w-installation-17.pdf;LDT=images/linibox-w/ldt/LINIBOX_W-17-27C-80-FX-MD.ldt;Brochure=images/linibox-w/linibox-w-brochure.pdf,
Linibox W,,,,,,,,,,,,,,,,,,,Linibox W 17 16.8W 25°,LINIBOX W-17-27C-80-FX-MD-BL-230D,Black,images/linibox-w/linibox-w-17-black.jpg,2700K,CRI>80,Phase Dim,IP65,UGR<12.5,Black · 205 × 56 × 95mm,16.8W,1611lm,96lm/W,25°,Installation=images/linibox-w/linibox-w-installation-17.pdf;LDT=images/linibox-w/ldt/LINIBOX_W-17-27C-80-FX-MD.ldt;Brochure=images/linibox-w/linibox-w-brochure.pdf,
Linibox W,,,,,,,,,,,,,,,,,,,Linibox W 17 16.8W 25°,LINIBOX W-17-27C-90-FX-MD-BL-230ND,Black,images/linibox-w/linibox-w-17-black.jpg,2700K,CRI>90,On/Off,IP65,UGR<12.5,Black · 205 × 56 × 95mm,16.8W,1307lm,78lm/W,25°,Installation=images/linibox-w/linibox-w-installation-17.pdf;LDT=images/linibox-w/ldt/LINIBOX_W-17-27C-90-FX-MD.ldt;Brochure=images/linibox-w/linibox-w-brochure.pdf,
Linibox W,,,,,,,,,,,,,,,,,,,Linibox W 17 16.8W 25°,LINIBOX W-17-27C-90-FX-MD-BL-230D,Black,images/linibox-w/linibox-w-17-black.jpg,2700K,CRI>90,Phase Dim,IP65,UGR<12.5,Black · 205 × 56 × 95mm,16.8W,1307lm,78lm/W,25°,Installation=images/linibox-w/linibox-w-installation-17.pdf;LDT=images/linibox-w/ldt/LINIBOX_W-17-27C-90-FX-MD.ldt;Brochure=images/linibox-w/linibox-w-brochure.pdf,
Linibox W,,,,,,,,,,,,,,,,,,,Linibox W 17 16.8W 25°,LINIBOX W-17-30C-80-FX-MD-BL-230ND,Black,images/linibox-w/linibox-w-17-black.jpg,3000K,CRI>80,On/Off,IP65,UGR<12.5,Black · 205 × 56 × 95mm,16.8W,1702lm,101lm/W,25°,Installation=images/linibox-w/linibox-w-installation-17.pdf;LDT=images/linibox-w/ldt/LINIBOX_W-17-30C-80-FX-MD.ldt;Brochure=images/linibox-w/linibox-w-brochure.pdf,
Linibox W,,,,,,,,,,,,,,,,,,,Linibox W 17 16.8W 25°,LINIBOX W-17-30C-80-FX-MD-BL-230D,Black,images/linibox-w/linibox-w-17-black.jpg,3000K,CRI>80,Phase Dim,IP65,UGR<12.5,Black · 205 × 56 × 95mm,16.8W,1702lm,101lm/W,25°,Installation=images/linibox-w/linibox-w-installation-17.pdf;LDT=images/linibox-w/ldt/LINIBOX_W-17-30C-80-FX-MD.ldt;Brochure=images/linibox-w/linibox-w-brochure.pdf,
Linibox W,,,,,,,,,,,,,,,,,,,Linibox W 17 16.8W 25°,LINIBOX W-17-30C-90-FX-MD-BL-230ND,Black,images/linibox-w/linibox-w-17-black.jpg,3000K,CRI>90,On/Off,IP65,UGR<12.5,Black · 205 × 56 × 95mm,16.8W,1490lm,89lm/W,25°,Installation=images/linibox-w/linibox-w-installation-17.pdf;LDT=images/linibox-w/ldt/LINIBOX_W-17-30C-90-FX-MD.ldt;Brochure=images/linibox-w/linibox-w-brochure.pdf,
Linibox W,,,,,,,,,,,,,,,,,,,Linibox W 17 16.8W 25°,LINIBOX W-17-30C-90-FX-MD-BL-230D,Black,images/linibox-w/linibox-w-17-black.jpg,3000K,CRI>90,Phase Dim,IP65,UGR<12.5,Black · 205 × 56 × 95mm,16.8W,1490lm,89lm/W,25°,Installation=images/linibox-w/linibox-w-installation-17.pdf;LDT=images/linibox-w/ldt/LINIBOX_W-17-30C-90-FX-MD.ldt;Brochure=images/linibox-w/linibox-w-brochure.pdf,
Linibox W,,,,,,,,,,,,,,,,,,,Linibox W 17 16.8W 25°,LINIBOX W-17-40C-80-FX-MD-BL-230ND,Black,images/linibox-w/linibox-w-17-black.jpg,4000K,CRI>80,On/Off,IP65,UGR<12.5,Black · 205 × 56 × 95mm,16.8W,1794lm,107lm/W,25°,Installation=images/linibox-w/linibox-w-installation-17.pdf;LDT=images/linibox-w/ldt/LINIBOX_W-17-40C-80-FX-MD.ldt;Brochure=images/linibox-w/linibox-w-brochure.pdf,
Linibox W,,,,,,,,,,,,,,,,,,,Linibox W 17 16.8W 25°,LINIBOX W-17-40C-80-FX-MD-BL-230D,Black,images/linibox-w/linibox-w-17-black.jpg,4000K,CRI>80,Phase Dim,IP65,UGR<12.5,Black · 205 × 56 × 95mm,16.8W,1794lm,107lm/W,25°,Installation=images/linibox-w/linibox-w-installation-17.pdf;LDT=images/linibox-w/ldt/LINIBOX_W-17-40C-80-FX-MD.ldt;Brochure=images/linibox-w/linibox-w-brochure.pdf,
Linibox W,,,,,,,,,,,,,,,,,,,Linibox W 17 16.8W 25°,LINIBOX W-17-40C-90-FX-MD-BL-230ND,Black,images/linibox-w/linibox-w-17-black.jpg,4000K,CRI>90,On/Off,IP65,UGR<12.5,Black · 205 × 56 × 95mm,16.8W,1611lm,96lm/W,25°,Installation=images/linibox-w/linibox-w-installation-17.pdf;LDT=images/linibox-w/ldt/LINIBOX_W-17-40C-90-FX-MD.ldt;Brochure=images/linibox-w/linibox-w-brochure.pdf,
Linibox W,,,,,,,,,,,,,,,,,,,Linibox W 17 16.8W 25°,LINIBOX W-17-40C-90-FX-MD-BL-230D,Black,images/linibox-w/linibox-w-17-black.jpg,4000K,CRI>90,Phase Dim,IP65,UGR<12.5,Black · 205 × 56 × 95mm,16.8W,1611lm,96lm/W,25°,Installation=images/linibox-w/linibox-w-installation-17.pdf;LDT=images/linibox-w/ldt/LINIBOX_W-17-40C-90-FX-MD.ldt;Brochure=images/linibox-w/linibox-w-brochure.pdf,
Linibox W,,,,,,,,,,,,,,,,,,,Linibox W 17 16.8W 25°,LINIBOX W-17-50C-80-FX-MD-BL-230ND,Black,images/linibox-w/linibox-w-17-black.jpg,5000K,CRI>80,On/Off,IP65,UGR<12.5,Black · 205 × 56 × 95mm,16.8W,1976lm,118lm/W,25°,Installation=images/linibox-w/linibox-w-installation-17.pdf;LDT=images/linibox-w/ldt/LINIBOX_W-17-50C-80-FX-MD.ldt;Brochure=images/linibox-w/linibox-w-brochure.pdf,
Linibox W,,,,,,,,,,,,,,,,,,,Linibox W 17 16.8W 25°,LINIBOX W-17-50C-80-FX-MD-BL-230D,Black,images/linibox-w/linibox-w-17-black.jpg,5000K,CRI>80,Phase Dim,IP65,UGR<12.5,Black · 205 × 56 × 95mm,16.8W,1976lm,118lm/W,25°,Installation=images/linibox-w/linibox-w-installation-17.pdf;LDT=images/linibox-w/ldt/LINIBOX_W-17-50C-80-FX-MD.ldt;Brochure=images/linibox-w/linibox-w-brochure.pdf,
Linibox W,,,,,,,,,,,,,,,,,,,Linibox W 17 16.8W 25°,LINIBOX W-17-50C-90-FX-MD-BL-230ND,Black,images/linibox-w/linibox-w-17-black.jpg,5000K,CRI>90,On/Off,IP65,UGR<12.5,Black · 205 × 56 × 95mm,16.8W,1710lm,102lm/W,25°,Installation=images/linibox-w/linibox-w-installation-17.pdf;LDT=images/linibox-w/ldt/LINIBOX_W-17-50C-90-FX-MD.ldt;Brochure=images/linibox-w/linibox-w-brochure.pdf,
Linibox W,,,,,,,,,,,,,,,,,,,Linibox W 17 16.8W 25°,LINIBOX W-17-50C-90-FX-MD-BL-230D,Black,images/linibox-w/linibox-w-17-black.jpg,5000K,CRI>90,Phase Dim,IP65,UGR<12.5,Black · 205 × 56 × 95mm,16.8W,1710lm,102lm/W,25°,Installation=images/linibox-w/linibox-w-installation-17.pdf;LDT=images/linibox-w/ldt/LINIBOX_W-17-50C-90-FX-MD.ldt;Brochure=images/linibox-w/linibox-w-brochure.pdf,
Linibox W,,,,,,,,,,,,,,,,,,,Linibox W 17 16.8W 35°,LINIBOX W-17-27C-80-FX-WD-BL-230ND,Black,images/linibox-w/linibox-w-17-black.jpg,2700K,CRI>80,On/Off,IP65,UGR<20.6,Black · 205 × 56 × 95mm,16.8W,1632lm,97lm/W,35°,Installation=images/linibox-w/linibox-w-installation-17.pdf;LDT=images/linibox-w/ldt/LINIBOX_W-17-27C-80-FX-WD.ldt;Brochure=images/linibox-w/linibox-w-brochure.pdf,
Linibox W,,,,,,,,,,,,,,,,,,,Linibox W 17 16.8W 35°,LINIBOX W-17-27C-80-FX-WD-BL-230D,Black,images/linibox-w/linibox-w-17-black.jpg,2700K,CRI>80,Phase Dim,IP65,UGR<20.6,Black · 205 × 56 × 95mm,16.8W,1632lm,97lm/W,35°,Installation=images/linibox-w/linibox-w-installation-17.pdf;LDT=images/linibox-w/ldt/LINIBOX_W-17-27C-80-FX-WD.ldt;Brochure=images/linibox-w/linibox-w-brochure.pdf,
Linibox W,,,,,,,,,,,,,,,,,,,Linibox W 17 16.8W 35°,LINIBOX W-17-27C-90-FX-WD-BL-230ND,Black,images/linibox-w/linibox-w-17-black.jpg,2700K,CRI>90,On/Off,IP65,UGR<20.6,Black · 205 × 56 × 95mm,16.8W,1324lm,79lm/W,35°,Installation=images/linibox-w/linibox-w-installation-17.pdf;LDT=images/linibox-w/ldt/LINIBOX_W-17-27C-90-FX-WD.ldt;Brochure=images/linibox-w/linibox-w-brochure.pdf,
Linibox W,,,,,,,,,,,,,,,,,,,Linibox W 17 16.8W 35°,LINIBOX W-17-27C-90-FX-WD-BL-230D,Black,images/linibox-w/linibox-w-17-black.jpg,2700K,CRI>90,Phase Dim,IP65,UGR<20.6,Black · 205 × 56 × 95mm,16.8W,1324lm,79lm/W,35°,Installation=images/linibox-w/linibox-w-installation-17.pdf;LDT=images/linibox-w/ldt/LINIBOX_W-17-27C-90-FX-WD.ldt;Brochure=images/linibox-w/linibox-w-brochure.pdf,
Linibox W,,,,,,,,,,,,,,,,,,,Linibox W 17 16.8W 35°,LINIBOX W-17-30C-80-FX-WD-BL-230ND,Black,images/linibox-w/linibox-w-17-black.jpg,3000K,CRI>80,On/Off,IP65,UGR<20.6,Black · 205 × 56 × 95mm,16.8W,1725lm,103lm/W,35°,Installation=images/linibox-w/linibox-w-installation-17.pdf;LDT=images/linibox-w/ldt/LINIBOX_W-17-30C-80-FX-WD.ldt;Brochure=images/linibox-w/linibox-w-brochure.pdf,
Linibox W,,,,,,,,,,,,,,,,,,,Linibox W 17 16.8W 35°,LINIBOX W-17-30C-80-FX-WD-BL-230D,Black,images/linibox-w/linibox-w-17-black.jpg,3000K,CRI>80,Phase Dim,IP65,UGR<20.6,Black · 205 × 56 × 95mm,16.8W,1725lm,103lm/W,35°,Installation=images/linibox-w/linibox-w-installation-17.pdf;LDT=images/linibox-w/ldt/LINIBOX_W-17-30C-80-FX-WD.ldt;Brochure=images/linibox-w/linibox-w-brochure.pdf,
Linibox W,,,,,,,,,,,,,,,,,,,Linibox W 17 16.8W 35°,LINIBOX W-17-30C-90-FX-WD-BL-230ND,Black,images/linibox-w/linibox-w-17-black.jpg,3000K,CRI>90,On/Off,IP65,UGR<20.6,Black · 205 × 56 × 95mm,16.8W,1509lm,90lm/W,35°,Installation=images/linibox-w/linibox-w-installation-17.pdf;LDT=images/linibox-w/ldt/LINIBOX_W-17-30C-90-FX-WD.ldt;Brochure=images/linibox-w/linibox-w-brochure.pdf,
Linibox W,,,,,,,,,,,,,,,,,,,Linibox W 17 16.8W 35°,LINIBOX W-17-30C-90-FX-WD-BL-230D,Black,images/linibox-w/linibox-w-17-black.jpg,3000K,CRI>90,Phase Dim,IP65,UGR<20.6,Black · 205 × 56 × 95mm,16.8W,1509lm,90lm/W,35°,Installation=images/linibox-w/linibox-w-installation-17.pdf;LDT=images/linibox-w/ldt/LINIBOX_W-17-30C-90-FX-WD.ldt;Brochure=images/linibox-w/linibox-w-brochure.pdf,
Linibox W,,,,,,,,,,,,,,,,,,,Linibox W 17 16.8W 35°,LINIBOX W-17-40C-80-FX-WD-BL-230ND,Black,images/linibox-w/linibox-w-17-black.jpg,4000K,CRI>80,On/Off,IP65,UGR<20.6,Black · 205 × 56 × 95mm,16.8W,1817lm,108lm/W,35°,Installation=images/linibox-w/linibox-w-installation-17.pdf;LDT=images/linibox-w/ldt/LINIBOX_W-17-40C-80-FX-WD.ldt;Brochure=images/linibox-w/linibox-w-brochure.pdf,
Linibox W,,,,,,,,,,,,,,,,,,,Linibox W 17 16.8W 35°,LINIBOX W-17-40C-80-FX-WD-BL-230D,Black,images/linibox-w/linibox-w-17-black.jpg,4000K,CRI>80,Phase Dim,IP65,UGR<20.6,Black · 205 × 56 × 95mm,16.8W,1817lm,108lm/W,35°,Installation=images/linibox-w/linibox-w-installation-17.pdf;LDT=images/linibox-w/ldt/LINIBOX_W-17-40C-80-FX-WD.ldt;Brochure=images/linibox-w/linibox-w-brochure.pdf,
Linibox W,,,,,,,,,,,,,,,,,,,Linibox W 17 16.8W 35°,LINIBOX W-17-40C-90-FX-WD-BL-230ND,Black,images/linibox-w/linibox-w-17-black.jpg,4000K,CRI>90,On/Off,IP65,UGR<20.6,Black · 205 × 56 × 95mm,16.8W,1632lm,97lm/W,35°,Installation=images/linibox-w/linibox-w-installation-17.pdf;LDT=images/linibox-w/ldt/LINIBOX_W-17-40C-90-FX-WD.ldt;Brochure=images/linibox-w/linibox-w-brochure.pdf,
Linibox W,,,,,,,,,,,,,,,,,,,Linibox W 17 16.8W 35°,LINIBOX W-17-40C-90-FX-WD-BL-230D,Black,images/linibox-w/linibox-w-17-black.jpg,4000K,CRI>90,Phase Dim,IP65,UGR<20.6,Black · 205 × 56 × 95mm,16.8W,1632lm,97lm/W,35°,Installation=images/linibox-w/linibox-w-installation-17.pdf;LDT=images/linibox-w/ldt/LINIBOX_W-17-40C-90-FX-WD.ldt;Brochure=images/linibox-w/linibox-w-brochure.pdf,
Linibox W,,,,,,,,,,,,,,,,,,,Linibox W 17 16.8W 35°,LINIBOX W-17-50C-80-FX-WD-BL-230ND,Black,images/linibox-w/linibox-w-17-black.jpg,5000K,CRI>80,On/Off,IP65,UGR<20.6,Black · 205 × 56 × 95mm,16.8W,2002lm,119lm/W,35°,Installation=images/linibox-w/linibox-w-installation-17.pdf;LDT=images/linibox-w/ldt/LINIBOX_W-17-50C-80-FX-WD.ldt;Brochure=images/linibox-w/linibox-w-brochure.pdf,
Linibox W,,,,,,,,,,,,,,,,,,,Linibox W 17 16.8W 35°,LINIBOX W-17-50C-80-FX-WD-BL-230D,Black,images/linibox-w/linibox-w-17-black.jpg,5000K,CRI>80,Phase Dim,IP65,UGR<20.6,Black · 205 × 56 × 95mm,16.8W,2002lm,119lm/W,35°,Installation=images/linibox-w/linibox-w-installation-17.pdf;LDT=images/linibox-w/ldt/LINIBOX_W-17-50C-80-FX-WD.ldt;Brochure=images/linibox-w/linibox-w-brochure.pdf,
Linibox W,,,,,,,,,,,,,,,,,,,Linibox W 17 16.8W 35°,LINIBOX W-17-50C-90-FX-WD-BL-230ND,Black,images/linibox-w/linibox-w-17-black.jpg,5000K,CRI>90,On/Off,IP65,UGR<20.6,Black · 205 × 56 × 95mm,16.8W,1733lm,103lm/W,35°,Installation=images/linibox-w/linibox-w-installation-17.pdf;LDT=images/linibox-w/ldt/LINIBOX_W-17-50C-90-FX-WD.ldt;Brochure=images/linibox-w/linibox-w-brochure.pdf,
Linibox W,,,,,,,,,,,,,,,,,,,Linibox W 17 16.8W 35°,LINIBOX W-17-50C-90-FX-WD-BL-230D,Black,images/linibox-w/linibox-w-17-black.jpg,5000K,CRI>90,Phase Dim,IP65,UGR<20.6,Black · 205 × 56 × 95mm,16.8W,1733lm,103lm/W,35°,Installation=images/linibox-w/linibox-w-installation-17.pdf;LDT=images/linibox-w/ldt/LINIBOX_W-17-50C-90-FX-WD.ldt;Brochure=images/linibox-w/linibox-w-brochure.pdf,
Linibox W,,,,,,,,,,,,,,,,,,,Linibox W 17 16.8W 62°,LINIBOX W-17-27C-80-FX-VW-BL-230ND,Black,images/linibox-w/linibox-w-17-black.jpg,2700K,CRI>80,On/Off,IP65,UGR<23.6,Black · 205 × 56 × 95mm,16.8W,1357lm,81lm/W,62°,Installation=images/linibox-w/linibox-w-installation-17.pdf;LDT=images/linibox-w/ldt/LINIBOX_W-17-27C-80-FX-VW.ldt;Brochure=images/linibox-w/linibox-w-brochure.pdf,
Linibox W,,,,,,,,,,,,,,,,,,,Linibox W 17 16.8W 62°,LINIBOX W-17-27C-80-FX-VW-BL-230D,Black,images/linibox-w/linibox-w-17-black.jpg,2700K,CRI>80,Phase Dim,IP65,UGR<23.6,Black · 205 × 56 × 95mm,16.8W,1357lm,81lm/W,62°,Installation=images/linibox-w/linibox-w-installation-17.pdf;LDT=images/linibox-w/ldt/LINIBOX_W-17-27C-80-FX-VW.ldt;Brochure=images/linibox-w/linibox-w-brochure.pdf,
Linibox W,,,,,,,,,,,,,,,,,,,Linibox W 17 16.8W 62°,LINIBOX W-17-27C-90-FX-VW-BL-230ND,Black,images/linibox-w/linibox-w-17-black.jpg,2700K,CRI>90,On/Off,IP65,UGR<23.6,Black · 205 × 56 × 95mm,16.8W,1101lm,66lm/W,62°,Installation=images/linibox-w/linibox-w-installation-17.pdf;LDT=images/linibox-w/ldt/LINIBOX_W-17-27C-90-FX-VW.ldt;Brochure=images/linibox-w/linibox-w-brochure.pdf,
Linibox W,,,,,,,,,,,,,,,,,,,Linibox W 17 16.8W 62°,LINIBOX W-17-27C-90-FX-VW-BL-230D,Black,images/linibox-w/linibox-w-17-black.jpg,2700K,CRI>90,Phase Dim,IP65,UGR<23.6,Black · 205 × 56 × 95mm,16.8W,1101lm,66lm/W,62°,Installation=images/linibox-w/linibox-w-installation-17.pdf;LDT=images/linibox-w/ldt/LINIBOX_W-17-27C-90-FX-VW.ldt;Brochure=images/linibox-w/linibox-w-brochure.pdf,
Linibox W,,,,,,,,,,,,,,,,,,,Linibox W 17 16.8W 62°,LINIBOX W-17-30C-80-FX-VW-BL-230ND,Black,images/linibox-w/linibox-w-17-black.jpg,3000K,CRI>80,On/Off,IP65,UGR<23.6,Black · 205 × 56 × 95mm,16.8W,1434lm,85lm/W,62°,Installation=images/linibox-w/linibox-w-installation-17.pdf;LDT=images/linibox-w/ldt/LINIBOX_W-17-30C-80-FX-VW.ldt;Brochure=images/linibox-w/linibox-w-brochure.pdf,
Linibox W,,,,,,,,,,,,,,,,,,,Linibox W 17 16.8W 62°,LINIBOX W-17-30C-80-FX-VW-BL-230D,Black,images/linibox-w/linibox-w-17-black.jpg,3000K,CRI>80,Phase Dim,IP65,UGR<23.6,Black · 205 × 56 × 95mm,16.8W,1434lm,85lm/W,62°,Installation=images/linibox-w/linibox-w-installation-17.pdf;LDT=images/linibox-w/ldt/LINIBOX_W-17-30C-80-FX-VW.ldt;Brochure=images/linibox-w/linibox-w-brochure.pdf,
Linibox W,,,,,,,,,,,,,,,,,,,Linibox W 17 16.8W 62°,LINIBOX W-17-30C-90-FX-VW-BL-230ND,Black,images/linibox-w/linibox-w-17-black.jpg,3000K,CRI>90,On/Off,IP65,UGR<23.6,Black · 205 × 56 × 95mm,16.8W,1254lm,75lm/W,62°,Installation=images/linibox-w/linibox-w-installation-17.pdf;LDT=images/linibox-w/ldt/LINIBOX_W-17-30C-90-FX-VW.ldt;Brochure=images/linibox-w/linibox-w-brochure.pdf,
Linibox W,,,,,,,,,,,,,,,,,,,Linibox W 17 16.8W 62°,LINIBOX W-17-30C-90-FX-VW-BL-230D,Black,images/linibox-w/linibox-w-17-black.jpg,3000K,CRI>90,Phase Dim,IP65,UGR<23.6,Black · 205 × 56 × 95mm,16.8W,1254lm,75lm/W,62°,Installation=images/linibox-w/linibox-w-installation-17.pdf;LDT=images/linibox-w/ldt/LINIBOX_W-17-30C-90-FX-VW.ldt;Brochure=images/linibox-w/linibox-w-brochure.pdf,
Linibox W,,,,,,,,,,,,,,,,,,,Linibox W 17 16.8W 62°,LINIBOX W-17-40C-80-FX-VW-BL-230ND,Black,images/linibox-w/linibox-w-17-black.jpg,4000K,CRI>80,On/Off,IP65,UGR<23.6,Black · 205 × 56 × 95mm,16.8W,1510lm,90lm/W,62°,Installation=images/linibox-w/linibox-w-installation-17.pdf;LDT=images/linibox-w/ldt/LINIBOX_W-17-40C-80-FX-VW.ldt;Brochure=images/linibox-w/linibox-w-brochure.pdf,
Linibox W,,,,,,,,,,,,,,,,,,,Linibox W 17 16.8W 62°,LINIBOX W-17-40C-80-FX-VW-BL-230D,Black,images/linibox-w/linibox-w-17-black.jpg,4000K,CRI>80,Phase Dim,IP65,UGR<23.6,Black · 205 × 56 × 95mm,16.8W,1510lm,90lm/W,62°,Installation=images/linibox-w/linibox-w-installation-17.pdf;LDT=images/linibox-w/ldt/LINIBOX_W-17-40C-80-FX-VW.ldt;Brochure=images/linibox-w/linibox-w-brochure.pdf,
Linibox W,,,,,,,,,,,,,,,,,,,Linibox W 17 16.8W 62°,LINIBOX W-17-40C-90-FX-VW-BL-230ND,Black,images/linibox-w/linibox-w-17-black.jpg,4000K,CRI>90,On/Off,IP65,UGR<23.6,Black · 205 × 56 × 95mm,16.8W,1357lm,81lm/W,62°,Installation=images/linibox-w/linibox-w-installation-17.pdf;LDT=images/linibox-w/ldt/LINIBOX_W-17-40C-90-FX-VW.ldt;Brochure=images/linibox-w/linibox-w-brochure.pdf,
Linibox W,,,,,,,,,,,,,,,,,,,Linibox W 17 16.8W 62°,LINIBOX W-17-40C-90-FX-VW-BL-230D,Black,images/linibox-w/linibox-w-17-black.jpg,4000K,CRI>90,Phase Dim,IP65,UGR<23.6,Black · 205 × 56 × 95mm,16.8W,1357lm,81lm/W,62°,Installation=images/linibox-w/linibox-w-installation-17.pdf;LDT=images/linibox-w/ldt/LINIBOX_W-17-40C-90-FX-VW.ldt;Brochure=images/linibox-w/linibox-w-brochure.pdf,
Linibox W,,,,,,,,,,,,,,,,,,,Linibox W 17 16.8W 62°,LINIBOX W-17-50C-80-FX-VW-BL-230ND,Black,images/linibox-w/linibox-w-17-black.jpg,5000K,CRI>80,On/Off,IP65,UGR<23.6,Black · 205 × 56 × 95mm,16.8W,1664lm,99lm/W,62°,Installation=images/linibox-w/linibox-w-installation-17.pdf;LDT=images/linibox-w/ldt/LINIBOX_W-17-50C-80-FX-VW.ldt;Brochure=images/linibox-w/linibox-w-brochure.pdf,
Linibox W,,,,,,,,,,,,,,,,,,,Linibox W 17 16.8W 62°,LINIBOX W-17-50C-80-FX-VW-BL-230D,Black,images/linibox-w/linibox-w-17-black.jpg,5000K,CRI>80,Phase Dim,IP65,UGR<23.6,Black · 205 × 56 × 95mm,16.8W,1664lm,99lm/W,62°,Installation=images/linibox-w/linibox-w-installation-17.pdf;LDT=images/linibox-w/ldt/LINIBOX_W-17-50C-80-FX-VW.ldt;Brochure=images/linibox-w/linibox-w-brochure.pdf,
Linibox W,,,,,,,,,,,,,,,,,,,Linibox W 17 16.8W 62°,LINIBOX W-17-50C-90-FX-VW-BL-230ND,Black,images/linibox-w/linibox-w-17-black.jpg,5000K,CRI>90,On/Off,IP65,UGR<23.6,Black · 205 × 56 × 95mm,16.8W,1440lm,86lm/W,62°,Installation=images/linibox-w/linibox-w-installation-17.pdf;LDT=images/linibox-w/ldt/LINIBOX_W-17-50C-90-FX-VW.ldt;Brochure=images/linibox-w/linibox-w-brochure.pdf,
Linibox W,,,,,,,,,,,,,,,,,,,Linibox W 17 16.8W 62°,LINIBOX W-17-50C-90-FX-VW-BL-230D,Black,images/linibox-w/linibox-w-17-black.jpg,5000K,CRI>90,Phase Dim,IP65,UGR<23.6,Black · 205 × 56 × 95mm,16.8W,1440lm,86lm/W,62°,Installation=images/linibox-w/linibox-w-installation-17.pdf;LDT=images/linibox-w/ldt/LINIBOX_W-17-50C-90-FX-VW.ldt;Brochure=images/linibox-w/linibox-w-brochure.pdf,
Linibox W,,,,,,,,,,,,,,,,,,,Linibox W 17 16.8W 16°x30°,LINIBOX W-17-27C-80-FX-AS-BL-230ND,Black,images/linibox-w/linibox-w-17-black.jpg,2700K,CRI>80,On/Off,IP65,UGR<15.7,Black · 205 × 56 × 95mm,16.8W,1505lm,90lm/W,16°x30°,Installation=images/linibox-w/linibox-w-installation-17.pdf;LDT=images/linibox-w/ldt/LINIBOX_W-17-27C-80-FX-AS.ldt;Brochure=images/linibox-w/linibox-w-brochure.pdf,
Linibox W,,,,,,,,,,,,,,,,,,,Linibox W 17 16.8W 16°x30°,LINIBOX W-17-27C-80-FX-AS-BL-230D,Black,images/linibox-w/linibox-w-17-black.jpg,2700K,CRI>80,Phase Dim,IP65,UGR<15.7,Black · 205 × 56 × 95mm,16.8W,1505lm,90lm/W,16°x30°,Installation=images/linibox-w/linibox-w-installation-17.pdf;LDT=images/linibox-w/ldt/LINIBOX_W-17-27C-80-FX-AS.ldt;Brochure=images/linibox-w/linibox-w-brochure.pdf,
Linibox W,,,,,,,,,,,,,,,,,,,Linibox W 17 16.8W 16°x30°,LINIBOX W-17-27C-90-FX-AS-BL-230ND,Black,images/linibox-w/linibox-w-17-black.jpg,2700K,CRI>90,On/Off,IP65,UGR<15.7,Black · 205 × 56 × 95mm,16.8W,1221lm,73lm/W,16°x30°,Installation=images/linibox-w/linibox-w-installation-17.pdf;LDT=images/linibox-w/ldt/LINIBOX_W-17-27C-90-FX-AS.ldt;Brochure=images/linibox-w/linibox-w-brochure.pdf,
Linibox W,,,,,,,,,,,,,,,,,,,Linibox W 17 16.8W 16°x30°,LINIBOX W-17-27C-90-FX-AS-BL-230D,Black,images/linibox-w/linibox-w-17-black.jpg,2700K,CRI>90,Phase Dim,IP65,UGR<15.7,Black · 205 × 56 × 95mm,16.8W,1221lm,73lm/W,16°x30°,Installation=images/linibox-w/linibox-w-installation-17.pdf;LDT=images/linibox-w/ldt/LINIBOX_W-17-27C-90-FX-AS.ldt;Brochure=images/linibox-w/linibox-w-brochure.pdf,
Linibox W,,,,,,,,,,,,,,,,,,,Linibox W 17 16.8W 16°x30°,LINIBOX W-17-30C-80-FX-AS-BL-230ND,Black,images/linibox-w/linibox-w-17-black.jpg,3000K,CRI>80,On/Off,IP65,UGR<15.7,Black · 205 × 56 × 95mm,16.8W,1590lm,95lm/W,16°x30°,Installation=images/linibox-w/linibox-w-installation-17.pdf;LDT=images/linibox-w/ldt/LINIBOX_W-17-30C-80-FX-AS.ldt;Brochure=images/linibox-w/linibox-w-brochure.pdf,
Linibox W,,,,,,,,,,,,,,,,,,,Linibox W 17 16.8W 16°x30°,LINIBOX W-17-30C-80-FX-AS-BL-230D,Black,images/linibox-w/linibox-w-17-black.jpg,3000K,CRI>80,Phase Dim,IP65,UGR<15.7,Black · 205 × 56 × 95mm,16.8W,1590lm,95lm/W,16°x30°,Installation=images/linibox-w/linibox-w-installation-17.pdf;LDT=images/linibox-w/ldt/LINIBOX_W-17-30C-80-FX-AS.ldt;Brochure=images/linibox-w/linibox-w-brochure.pdf,
Linibox W,,,,,,,,,,,,,,,,,,,Linibox W 17 16.8W 16°x30°,LINIBOX W-17-30C-90-FX-AS-BL-230ND,Black,images/linibox-w/linibox-w-17-black.jpg,3000K,CRI>90,On/Off,IP65,UGR<15.7,Black · 205 × 56 × 95mm,16.8W,1392lm,83lm/W,16°x30°,Installation=images/linibox-w/linibox-w-installation-17.pdf;LDT=images/linibox-w/ldt/LINIBOX_W-17-30C-90-FX-AS.ldt;Brochure=images/linibox-w/linibox-w-brochure.pdf,
Linibox W,,,,,,,,,,,,,,,,,,,Linibox W 17 16.8W 16°x30°,LINIBOX W-17-30C-90-FX-AS-BL-230D,Black,images/linibox-w/linibox-w-17-black.jpg,3000K,CRI>90,Phase Dim,IP65,UGR<15.7,Black · 205 × 56 × 95mm,16.8W,1392lm,83lm/W,16°x30°,Installation=images/linibox-w/linibox-w-installation-17.pdf;LDT=images/linibox-w/ldt/LINIBOX_W-17-30C-90-FX-AS.ldt;Brochure=images/linibox-w/linibox-w-brochure.pdf,
Linibox W,,,,,,,,,,,,,,,,,,,Linibox W 17 16.8W 16°x30°,LINIBOX W-17-40C-80-FX-AS-BL-230ND,Black,images/linibox-w/linibox-w-17-black.jpg,4000K,CRI>80,On/Off,IP65,UGR<15.7,Black · 205 × 56 × 95mm,16.8W,1676lm,100lm/W,16°x30°,Installation=images/linibox-w/linibox-w-installation-17.pdf;LDT=images/linibox-w/ldt/LINIBOX_W-17-40C-80-FX-AS.ldt;Brochure=images/linibox-w/linibox-w-brochure.pdf,
Linibox W,,,,,,,,,,,,,,,,,,,Linibox W 17 16.8W 16°x30°,LINIBOX W-17-40C-80-FX-AS-BL-230D,Black,images/linibox-w/linibox-w-17-black.jpg,4000K,CRI>80,Phase Dim,IP65,UGR<15.7,Black · 205 × 56 × 95mm,16.8W,1676lm,100lm/W,16°x30°,Installation=images/linibox-w/linibox-w-installation-17.pdf;LDT=images/linibox-w/ldt/LINIBOX_W-17-40C-80-FX-AS.ldt;Brochure=images/linibox-w/linibox-w-brochure.pdf,
Linibox W,,,,,,,,,,,,,,,,,,,Linibox W 17 16.8W 16°x30°,LINIBOX W-17-40C-90-FX-AS-BL-230ND,Black,images/linibox-w/linibox-w-17-black.jpg,4000K,CRI>90,On/Off,IP65,UGR<15.7,Black · 205 × 56 × 95mm,16.8W,1505lm,90lm/W,16°x30°,Installation=images/linibox-w/linibox-w-installation-17.pdf;LDT=images/linibox-w/ldt/LINIBOX_W-17-40C-90-FX-AS.ldt;Brochure=images/linibox-w/linibox-w-brochure.pdf,
Linibox W,,,,,,,,,,,,,,,,,,,Linibox W 17 16.8W 16°x30°,LINIBOX W-17-40C-90-FX-AS-BL-230D,Black,images/linibox-w/linibox-w-17-black.jpg,4000K,CRI>90,Phase Dim,IP65,UGR<15.7,Black · 205 × 56 × 95mm,16.8W,1505lm,90lm/W,16°x30°,Installation=images/linibox-w/linibox-w-installation-17.pdf;LDT=images/linibox-w/ldt/LINIBOX_W-17-40C-90-FX-AS.ldt;Brochure=images/linibox-w/linibox-w-brochure.pdf,
Linibox W,,,,,,,,,,,,,,,,,,,Linibox W 17 16.8W 16°x30°,LINIBOX W-17-50C-80-FX-AS-BL-230ND,Black,images/linibox-w/linibox-w-17-black.jpg,5000K,CRI>80,On/Off,IP65,UGR<15.7,Black · 205 × 56 × 95mm,16.8W,1846lm,110lm/W,16°x30°,Installation=images/linibox-w/linibox-w-installation-17.pdf;LDT=images/linibox-w/ldt/LINIBOX_W-17-50C-80-FX-AS.ldt;Brochure=images/linibox-w/linibox-w-brochure.pdf,
Linibox W,,,,,,,,,,,,,,,,,,,Linibox W 17 16.8W 16°x30°,LINIBOX W-17-50C-80-FX-AS-BL-230D,Black,images/linibox-w/linibox-w-17-black.jpg,5000K,CRI>80,Phase Dim,IP65,UGR<15.7,Black · 205 × 56 × 95mm,16.8W,1846lm,110lm/W,16°x30°,Installation=images/linibox-w/linibox-w-installation-17.pdf;LDT=images/linibox-w/ldt/LINIBOX_W-17-50C-80-FX-AS.ldt;Brochure=images/linibox-w/linibox-w-brochure.pdf,
Linibox W,,,,,,,,,,,,,,,,,,,Linibox W 17 16.8W 16°x30°,LINIBOX W-17-50C-90-FX-AS-BL-230ND,Black,images/linibox-w/linibox-w-17-black.jpg,5000K,CRI>90,On/Off,IP65,UGR<15.7,Black · 205 × 56 × 95mm,16.8W,1598lm,95lm/W,16°x30°,Installation=images/linibox-w/linibox-w-installation-17.pdf;LDT=images/linibox-w/ldt/LINIBOX_W-17-50C-90-FX-AS.ldt;Brochure=images/linibox-w/linibox-w-brochure.pdf,
Linibox W,,,,,,,,,,,,,,,,,,,Linibox W 17 16.8W 16°x30°,LINIBOX W-17-50C-90-FX-AS-BL-230D,Black,images/linibox-w/linibox-w-17-black.jpg,5000K,CRI>90,Phase Dim,IP65,UGR<15.7,Black · 205 × 56 × 95mm,16.8W,1598lm,95lm/W,16°x30°,Installation=images/linibox-w/linibox-w-installation-17.pdf;LDT=images/linibox-w/ldt/LINIBOX_W-17-50C-90-FX-AS.ldt;Brochure=images/linibox-w/linibox-w-brochure.pdf,
Linibox W,,,,,,,,,,,,,,,,,,,Linibox W 8 8.4W 17°,LINIBOX W-08-27C-80-FX-VN-WH-230ND,White,images/linibox-w/linibox-w-8-white.jpg,2700K,CRI>80,On/Off,IP65,UGR<13.7,White · 115 × 56 × 95mm,8.4W,753lm,90lm/W,17°,Installation=images/linibox-w/linibox-w-installation-8.pdf;LDT=images/linibox-w/ldt/LINIBOX_W-08-27C-80-FX-VN.ldt;Brochure=images/linibox-w/linibox-w-brochure.pdf,
Linibox W,,,,,,,,,,,,,,,,,,,Linibox W 8 8.4W 17°,LINIBOX W-08-27C-80-FX-VN-WH-230D,White,images/linibox-w/linibox-w-8-white.jpg,2700K,CRI>80,Phase Dim,IP65,UGR<13.7,White · 115 × 56 × 95mm,8.4W,753lm,90lm/W,17°,Installation=images/linibox-w/linibox-w-installation-8.pdf;LDT=images/linibox-w/ldt/LINIBOX_W-08-27C-80-FX-VN.ldt;Brochure=images/linibox-w/linibox-w-brochure.pdf,
Linibox W,,,,,,,,,,,,,,,,,,,Linibox W 8 8.4W 17°,LINIBOX W-08-27C-90-FX-VN-WH-230ND,White,images/linibox-w/linibox-w-8-white.jpg,2700K,CRI>90,On/Off,IP65,UGR<13.7,White · 115 × 56 × 95mm,8.4W,611lm,73lm/W,17°,Installation=images/linibox-w/linibox-w-installation-8.pdf;LDT=images/linibox-w/ldt/LINIBOX_W-08-27C-90-FX-VN.ldt;Brochure=images/linibox-w/linibox-w-brochure.pdf,
Linibox W,,,,,,,,,,,,,,,,,,,Linibox W 8 8.4W 17°,LINIBOX W-08-27C-90-FX-VN-WH-230D,White,images/linibox-w/linibox-w-8-white.jpg,2700K,CRI>90,Phase Dim,IP65,UGR<13.7,White · 115 × 56 × 95mm,8.4W,611lm,73lm/W,17°,Installation=images/linibox-w/linibox-w-installation-8.pdf;LDT=images/linibox-w/ldt/LINIBOX_W-08-27C-90-FX-VN.ldt;Brochure=images/linibox-w/linibox-w-brochure.pdf,
Linibox W,,,,,,,,,,,,,,,,,,,Linibox W 8 8.4W 17°,LINIBOX W-08-30C-80-FX-VN-WH-230ND,White,images/linibox-w/linibox-w-8-white.jpg,3000K,CRI>80,On/Off,IP65,UGR<13.7,White · 115 × 56 × 95mm,8.4W,795lm,95lm/W,17°,Installation=images/linibox-w/linibox-w-installation-8.pdf;LDT=images/linibox-w/ldt/LINIBOX_W-08-30C-80-FX-VN.ldt;Brochure=images/linibox-w/linibox-w-brochure.pdf,
Linibox W,,,,,,,,,,,,,,,,,,,Linibox W 8 8.4W 17°,LINIBOX W-08-30C-80-FX-VN-WH-230D,White,images/linibox-w/linibox-w-8-white.jpg,3000K,CRI>80,Phase Dim,IP65,UGR<13.7,White · 115 × 56 × 95mm,8.4W,795lm,95lm/W,17°,Installation=images/linibox-w/linibox-w-installation-8.pdf;LDT=images/linibox-w/ldt/LINIBOX_W-08-30C-80-FX-VN.ldt;Brochure=images/linibox-w/linibox-w-brochure.pdf,
Linibox W,,,,,,,,,,,,,,,,,,,Linibox W 8 8.4W 17°,LINIBOX W-08-30C-90-FX-VN-WH-230ND,White,images/linibox-w/linibox-w-8-white.jpg,3000K,CRI>90,On/Off,IP65,UGR<13.7,White · 115 × 56 × 95mm,8.4W,696lm,83lm/W,17°,Installation=images/linibox-w/linibox-w-installation-8.pdf;LDT=images/linibox-w/ldt/LINIBOX_W-08-30C-90-FX-VN.ldt;Brochure=images/linibox-w/linibox-w-brochure.pdf,
Linibox W,,,,,,,,,,,,,,,,,,,Linibox W 8 8.4W 17°,LINIBOX W-08-30C-90-FX-VN-WH-230D,White,images/linibox-w/linibox-w-8-white.jpg,3000K,CRI>90,Phase Dim,IP65,UGR<13.7,White · 115 × 56 × 95mm,8.4W,696lm,83lm/W,17°,Installation=images/linibox-w/linibox-w-installation-8.pdf;LDT=images/linibox-w/ldt/LINIBOX_W-08-30C-90-FX-VN.ldt;Brochure=images/linibox-w/linibox-w-brochure.pdf,
Linibox W,,,,,,,,,,,,,,,,,,,Linibox W 8 8.4W 17°,LINIBOX W-08-40C-80-FX-VN-WH-230ND,White,images/linibox-w/linibox-w-8-white.jpg,4000K,CRI>80,On/Off,IP65,UGR<13.7,White · 115 × 56 × 95mm,8.4W,838lm,100lm/W,17°,Installation=images/linibox-w/linibox-w-installation-8.pdf;LDT=images/linibox-w/ldt/LINIBOX_W-08-40C-80-FX-VN.ldt;Brochure=images/linibox-w/linibox-w-brochure.pdf,
Linibox W,,,,,,,,,,,,,,,,,,,Linibox W 8 8.4W 17°,LINIBOX W-08-40C-80-FX-VN-WH-230D,White,images/linibox-w/linibox-w-8-white.jpg,4000K,CRI>80,Phase Dim,IP65,UGR<13.7,White · 115 × 56 × 95mm,8.4W,838lm,100lm/W,17°,Installation=images/linibox-w/linibox-w-installation-8.pdf;LDT=images/linibox-w/ldt/LINIBOX_W-08-40C-80-FX-VN.ldt;Brochure=images/linibox-w/linibox-w-brochure.pdf,
Linibox W,,,,,,,,,,,,,,,,,,,Linibox W 8 8.4W 17°,LINIBOX W-08-40C-90-FX-VN-WH-230ND,White,images/linibox-w/linibox-w-8-white.jpg,4000K,CRI>90,On/Off,IP65,UGR<13.7,White · 115 × 56 × 95mm,8.4W,753lm,90lm/W,17°,Installation=images/linibox-w/linibox-w-installation-8.pdf;LDT=images/linibox-w/ldt/LINIBOX_W-08-40C-90-FX-VN.ldt;Brochure=images/linibox-w/linibox-w-brochure.pdf,
Linibox W,,,,,,,,,,,,,,,,,,,Linibox W 8 8.4W 17°,LINIBOX W-08-40C-90-FX-VN-WH-230D,White,images/linibox-w/linibox-w-8-white.jpg,4000K,CRI>90,Phase Dim,IP65,UGR<13.7,White · 115 × 56 × 95mm,8.4W,753lm,90lm/W,17°,Installation=images/linibox-w/linibox-w-installation-8.pdf;LDT=images/linibox-w/ldt/LINIBOX_W-08-40C-90-FX-VN.ldt;Brochure=images/linibox-w/linibox-w-brochure.pdf,
Linibox W,,,,,,,,,,,,,,,,,,,Linibox W 8 8.4W 17°,LINIBOX W-08-50C-80-FX-VN-WH-230ND,White,images/linibox-w/linibox-w-8-white.jpg,5000K,CRI>80,On/Off,IP65,UGR<13.7,White · 115 × 56 × 95mm,8.4W,923lm,110lm/W,17°,Installation=images/linibox-w/linibox-w-installation-8.pdf;LDT=images/linibox-w/ldt/LINIBOX_W-08-50C-80-FX-VN.ldt;Brochure=images/linibox-w/linibox-w-brochure.pdf,
Linibox W,,,,,,,,,,,,,,,,,,,Linibox W 8 8.4W 17°,LINIBOX W-08-50C-80-FX-VN-WH-230D,White,images/linibox-w/linibox-w-8-white.jpg,5000K,CRI>80,Phase Dim,IP65,UGR<13.7,White · 115 × 56 × 95mm,8.4W,923lm,110lm/W,17°,Installation=images/linibox-w/linibox-w-installation-8.pdf;LDT=images/linibox-w/ldt/LINIBOX_W-08-50C-80-FX-VN.ldt;Brochure=images/linibox-w/linibox-w-brochure.pdf,
Linibox W,,,,,,,,,,,,,,,,,,,Linibox W 8 8.4W 17°,LINIBOX W-08-50C-90-FX-VN-WH-230ND,White,images/linibox-w/linibox-w-8-white.jpg,5000K,CRI>90,On/Off,IP65,UGR<13.7,White · 115 × 56 × 95mm,8.4W,799lm,95lm/W,17°,Installation=images/linibox-w/linibox-w-installation-8.pdf;LDT=images/linibox-w/ldt/LINIBOX_W-08-50C-90-FX-VN.ldt;Brochure=images/linibox-w/linibox-w-brochure.pdf,
Linibox W,,,,,,,,,,,,,,,,,,,Linibox W 8 8.4W 17°,LINIBOX W-08-50C-90-FX-VN-WH-230D,White,images/linibox-w/linibox-w-8-white.jpg,5000K,CRI>90,Phase Dim,IP65,UGR<13.7,White · 115 × 56 × 95mm,8.4W,799lm,95lm/W,17°,Installation=images/linibox-w/linibox-w-installation-8.pdf;LDT=images/linibox-w/ldt/LINIBOX_W-08-50C-90-FX-VN.ldt;Brochure=images/linibox-w/linibox-w-brochure.pdf,
Linibox W,,,,,,,,,,,,,,,,,,,Linibox W 8 8.4W 21°,LINIBOX W-08-27C-80-FX-NR-WH-230ND,White,images/linibox-w/linibox-w-8-white.jpg,2700K,CRI>80,On/Off,IP65,UGR<13.1,White · 115 × 56 × 95mm,8.4W,912lm,109lm/W,21°,Installation=images/linibox-w/linibox-w-installation-8.pdf;LDT=images/linibox-w/ldt/LINIBOX_W-08-27C-80-FX-NR.ldt;Brochure=images/linibox-w/linibox-w-brochure.pdf,
Linibox W,,,,,,,,,,,,,,,,,,,Linibox W 8 8.4W 21°,LINIBOX W-08-27C-80-FX-NR-WH-230D,White,images/linibox-w/linibox-w-8-white.jpg,2700K,CRI>80,Phase Dim,IP65,UGR<13.1,White · 115 × 56 × 95mm,8.4W,912lm,109lm/W,21°,Installation=images/linibox-w/linibox-w-installation-8.pdf;LDT=images/linibox-w/ldt/LINIBOX_W-08-27C-80-FX-NR.ldt;Brochure=images/linibox-w/linibox-w-brochure.pdf,
Linibox W,,,,,,,,,,,,,,,,,,,Linibox W 8 8.4W 21°,LINIBOX W-08-27C-90-FX-NR-WH-230ND,White,images/linibox-w/linibox-w-8-white.jpg,2700K,CRI>90,On/Off,IP65,UGR<13.1,White · 115 × 56 × 95mm,8.4W,740lm,88lm/W,21°,Installation=images/linibox-w/linibox-w-installation-8.pdf;LDT=images/linibox-w/ldt/LINIBOX_W-08-27C-90-FX-NR.ldt;Brochure=images/linibox-w/linibox-w-brochure.pdf,
Linibox W,,,,,,,,,,,,,,,,,,,Linibox W 8 8.4W 21°,LINIBOX W-08-27C-90-FX-NR-WH-230D,White,images/linibox-w/linibox-w-8-white.jpg,2700K,CRI>90,Phase Dim,IP65,UGR<13.1,White · 115 × 56 × 95mm,8.4W,740lm,88lm/W,21°,Installation=images/linibox-w/linibox-w-installation-8.pdf;LDT=images/linibox-w/ldt/LINIBOX_W-08-27C-90-FX-NR.ldt;Brochure=images/linibox-w/linibox-w-brochure.pdf,
Linibox W,,,,,,,,,,,,,,,,,,,Linibox W 8 8.4W 21°,LINIBOX W-08-30C-80-FX-NR-WH-230ND,White,images/linibox-w/linibox-w-8-white.jpg,3000K,CRI>80,On/Off,IP65,UGR<13.1,White · 115 × 56 × 95mm,8.4W,963lm,115lm/W,21°,Installation=images/linibox-w/linibox-w-installation-8.pdf;LDT=images/linibox-w/ldt/LINIBOX_W-08-30C-80-FX-NR.ldt;Brochure=images/linibox-w/linibox-w-brochure.pdf,
Linibox W,,,,,,,,,,,,,,,,,,,Linibox W 8 8.4W 21°,LINIBOX W-08-30C-80-FX-NR-WH-230D,White,images/linibox-w/linibox-w-8-white.jpg,3000K,CRI>80,Phase Dim,IP65,UGR<13.1,White · 115 × 56 × 95mm,8.4W,963lm,115lm/W,21°,Installation=images/linibox-w/linibox-w-installation-8.pdf;LDT=images/linibox-w/ldt/LINIBOX_W-08-30C-80-FX-NR.ldt;Brochure=images/linibox-w/linibox-w-brochure.pdf,
Linibox W,,,,,,,,,,,,,,,,,,,Linibox W 8 8.4W 21°,LINIBOX W-08-30C-90-FX-NR-WH-230ND,White,images/linibox-w/linibox-w-8-white.jpg,3000K,CRI>90,On/Off,IP65,UGR<13.1,White · 115 × 56 × 95mm,8.4W,843lm,100lm/W,21°,Installation=images/linibox-w/linibox-w-installation-8.pdf;LDT=images/linibox-w/ldt/LINIBOX_W-08-30C-90-FX-NR.ldt;Brochure=images/linibox-w/linibox-w-brochure.pdf,
Linibox W,,,,,,,,,,,,,,,,,,,Linibox W 8 8.4W 21°,LINIBOX W-08-30C-90-FX-NR-WH-230D,White,images/linibox-w/linibox-w-8-white.jpg,3000K,CRI>90,Phase Dim,IP65,UGR<13.1,White · 115 × 56 × 95mm,8.4W,843lm,100lm/W,21°,Installation=images/linibox-w/linibox-w-installation-8.pdf;LDT=images/linibox-w/ldt/LINIBOX_W-08-30C-90-FX-NR.ldt;Brochure=images/linibox-w/linibox-w-brochure.pdf,
Linibox W,,,,,,,,,,,,,,,,,,,Linibox W 8 8.4W 21°,LINIBOX W-08-40C-80-FX-NR-WH-230ND,White,images/linibox-w/linibox-w-8-white.jpg,4000K,CRI>80,On/Off,IP65,UGR<13.1,White · 115 × 56 × 95mm,8.4W,1015lm,121lm/W,21°,Installation=images/linibox-w/linibox-w-installation-8.pdf;LDT=images/linibox-w/ldt/LINIBOX_W-08-40C-80-FX-NR.ldt;Brochure=images/linibox-w/linibox-w-brochure.pdf,
Linibox W,,,,,,,,,,,,,,,,,,,Linibox W 8 8.4W 21°,LINIBOX W-08-40C-80-FX-NR-WH-230D,White,images/linibox-w/linibox-w-8-white.jpg,4000K,CRI>80,Phase Dim,IP65,UGR<13.1,White · 115 × 56 × 95mm,8.4W,1015lm,121lm/W,21°,Installation=images/linibox-w/linibox-w-installation-8.pdf;LDT=images/linibox-w/ldt/LINIBOX_W-08-40C-80-FX-NR.ldt;Brochure=images/linibox-w/linibox-w-brochure.pdf,
Linibox W,,,,,,,,,,,,,,,,,,,Linibox W 8 8.4W 21°,LINIBOX W-08-40C-90-FX-NR-WH-230ND,White,images/linibox-w/linibox-w-8-white.jpg,4000K,CRI>90,On/Off,IP65,UGR<13.1,White · 115 × 56 × 95mm,8.4W,912lm,109lm/W,21°,Installation=images/linibox-w/linibox-w-installation-8.pdf;LDT=images/linibox-w/ldt/LINIBOX_W-08-40C-90-FX-NR.ldt;Brochure=images/linibox-w/linibox-w-brochure.pdf,
Linibox W,,,,,,,,,,,,,,,,,,,Linibox W 8 8.4W 21°,LINIBOX W-08-40C-90-FX-NR-WH-230D,White,images/linibox-w/linibox-w-8-white.jpg,4000K,CRI>90,Phase Dim,IP65,UGR<13.1,White · 115 × 56 × 95mm,8.4W,912lm,109lm/W,21°,Installation=images/linibox-w/linibox-w-installation-8.pdf;LDT=images/linibox-w/ldt/LINIBOX_W-08-40C-90-FX-NR.ldt;Brochure=images/linibox-w/linibox-w-brochure.pdf,
Linibox W,,,,,,,,,,,,,,,,,,,Linibox W 8 8.4W 21°,LINIBOX W-08-50C-80-FX-NR-WH-230ND,White,images/linibox-w/linibox-w-8-white.jpg,5000K,CRI>80,On/Off,IP65,UGR<13.1,White · 115 × 56 × 95mm,8.4W,1118lm,133lm/W,21°,Installation=images/linibox-w/linibox-w-installation-8.pdf;LDT=images/linibox-w/ldt/LINIBOX_W-08-50C-80-FX-NR.ldt;Brochure=images/linibox-w/linibox-w-brochure.pdf,
Linibox W,,,,,,,,,,,,,,,,,,,Linibox W 8 8.4W 21°,LINIBOX W-08-50C-80-FX-NR-WH-230D,White,images/linibox-w/linibox-w-8-white.jpg,5000K,CRI>80,Phase Dim,IP65,UGR<13.1,White · 115 × 56 × 95mm,8.4W,1118lm,133lm/W,21°,Installation=images/linibox-w/linibox-w-installation-8.pdf;LDT=images/linibox-w/ldt/LINIBOX_W-08-50C-80-FX-NR.ldt;Brochure=images/linibox-w/linibox-w-brochure.pdf,
Linibox W,,,,,,,,,,,,,,,,,,,Linibox W 8 8.4W 21°,LINIBOX W-08-50C-90-FX-NR-WH-230ND,White,images/linibox-w/linibox-w-8-white.jpg,5000K,CRI>90,On/Off,IP65,UGR<13.1,White · 115 × 56 × 95mm,8.4W,968lm,115lm/W,21°,Installation=images/linibox-w/linibox-w-installation-8.pdf;LDT=images/linibox-w/ldt/LINIBOX_W-08-50C-90-FX-NR.ldt;Brochure=images/linibox-w/linibox-w-brochure.pdf,
Linibox W,,,,,,,,,,,,,,,,,,,Linibox W 8 8.4W 21°,LINIBOX W-08-50C-90-FX-NR-WH-230D,White,images/linibox-w/linibox-w-8-white.jpg,5000K,CRI>90,Phase Dim,IP65,UGR<13.1,White · 115 × 56 × 95mm,8.4W,968lm,115lm/W,21°,Installation=images/linibox-w/linibox-w-installation-8.pdf;LDT=images/linibox-w/ldt/LINIBOX_W-08-50C-90-FX-NR.ldt;Brochure=images/linibox-w/linibox-w-brochure.pdf,
Linibox W,,,,,,,,,,,,,,,,,,,Linibox W 8 8.4W 25°,LINIBOX W-08-27C-80-FX-MD-WH-230ND,White,images/linibox-w/linibox-w-8-white.jpg,2700K,CRI>80,On/Off,IP65,UGR<12.5,White · 115 × 56 × 95mm,8.4W,806lm,96lm/W,25°,Installation=images/linibox-w/linibox-w-installation-8.pdf;LDT=images/linibox-w/ldt/LINIBOX_W-08-27C-80-FX-MD.ldt;Brochure=images/linibox-w/linibox-w-brochure.pdf,
Linibox W,,,,,,,,,,,,,,,,,,,Linibox W 8 8.4W 25°,LINIBOX W-08-27C-80-FX-MD-WH-230D,White,images/linibox-w/linibox-w-8-white.jpg,2700K,CRI>80,Phase Dim,IP65,UGR<12.5,White · 115 × 56 × 95mm,8.4W,806lm,96lm/W,25°,Installation=images/linibox-w/linibox-w-installation-8.pdf;LDT=images/linibox-w/ldt/LINIBOX_W-08-27C-80-FX-MD.ldt;Brochure=images/linibox-w/linibox-w-brochure.pdf,
Linibox W,,,,,,,,,,,,,,,,,,,Linibox W 8 8.4W 25°,LINIBOX W-08-27C-90-FX-MD-WH-230ND,White,images/linibox-w/linibox-w-8-white.jpg,2700K,CRI>90,On/Off,IP65,UGR<12.5,White · 115 × 56 × 95mm,8.4W,654lm,78lm/W,25°,Installation=images/linibox-w/linibox-w-installation-8.pdf;LDT=images/linibox-w/ldt/LINIBOX_W-08-27C-90-FX-MD.ldt;Brochure=images/linibox-w/linibox-w-brochure.pdf,
Linibox W,,,,,,,,,,,,,,,,,,,Linibox W 8 8.4W 25°,LINIBOX W-08-27C-90-FX-MD-WH-230D,White,images/linibox-w/linibox-w-8-white.jpg,2700K,CRI>90,Phase Dim,IP65,UGR<12.5,White · 115 × 56 × 95mm,8.4W,654lm,78lm/W,25°,Installation=images/linibox-w/linibox-w-installation-8.pdf;LDT=images/linibox-w/ldt/LINIBOX_W-08-27C-90-FX-MD.ldt;Brochure=images/linibox-w/linibox-w-brochure.pdf,
Linibox W,,,,,,,,,,,,,,,,,,,Linibox W 8 8.4W 25°,LINIBOX W-08-30C-80-FX-MD-WH-230ND,White,images/linibox-w/linibox-w-8-white.jpg,3000K,CRI>80,On/Off,IP65,UGR<12.5,White · 115 × 56 × 95mm,8.4W,851lm,101lm/W,25°,Installation=images/linibox-w/linibox-w-installation-8.pdf;LDT=images/linibox-w/ldt/LINIBOX_W-08-30C-80-FX-MD.ldt;Brochure=images/linibox-w/linibox-w-brochure.pdf,
Linibox W,,,,,,,,,,,,,,,,,,,Linibox W 8 8.4W 25°,LINIBOX W-08-30C-80-FX-MD-WH-230D,White,images/linibox-w/linibox-w-8-white.jpg,3000K,CRI>80,Phase Dim,IP65,UGR<12.5,White · 115 × 56 × 95mm,8.4W,851lm,101lm/W,25°,Installation=images/linibox-w/linibox-w-installation-8.pdf;LDT=images/linibox-w/ldt/LINIBOX_W-08-30C-80-FX-MD.ldt;Brochure=images/linibox-w/linibox-w-brochure.pdf,
Linibox W,,,,,,,,,,,,,,,,,,,Linibox W 8 8.4W 25°,LINIBOX W-08-30C-90-FX-MD-WH-230ND,White,images/linibox-w/linibox-w-8-white.jpg,3000K,CRI>90,On/Off,IP65,UGR<12.5,White · 115 × 56 × 95mm,8.4W,745lm,89lm/W,25°,Installation=images/linibox-w/linibox-w-installation-8.pdf;LDT=images/linibox-w/ldt/LINIBOX_W-08-30C-90-FX-MD.ldt;Brochure=images/linibox-w/linibox-w-brochure.pdf,
Linibox W,,,,,,,,,,,,,,,,,,,Linibox W 8 8.4W 25°,LINIBOX W-08-30C-90-FX-MD-WH-230D,White,images/linibox-w/linibox-w-8-white.jpg,3000K,CRI>90,Phase Dim,IP65,UGR<12.5,White · 115 × 56 × 95mm,8.4W,745lm,89lm/W,25°,Installation=images/linibox-w/linibox-w-installation-8.pdf;LDT=images/linibox-w/ldt/LINIBOX_W-08-30C-90-FX-MD.ldt;Brochure=images/linibox-w/linibox-w-brochure.pdf,
Linibox W,,,,,,,,,,,,,,,,,,,Linibox W 8 8.4W 25°,LINIBOX W-08-40C-80-FX-MD-WH-230ND,White,images/linibox-w/linibox-w-8-white.jpg,4000K,CRI>80,On/Off,IP65,UGR<12.5,White · 115 × 56 × 95mm,8.4W,897lm,107lm/W,25°,Installation=images/linibox-w/linibox-w-installation-8.pdf;LDT=images/linibox-w/ldt/LINIBOX_W-08-40C-80-FX-MD.ldt;Brochure=images/linibox-w/linibox-w-brochure.pdf,
Linibox W,,,,,,,,,,,,,,,,,,,Linibox W 8 8.4W 25°,LINIBOX W-08-40C-80-FX-MD-WH-230D,White,images/linibox-w/linibox-w-8-white.jpg,4000K,CRI>80,Phase Dim,IP65,UGR<12.5,White · 115 × 56 × 95mm,8.4W,897lm,107lm/W,25°,Installation=images/linibox-w/linibox-w-installation-8.pdf;LDT=images/linibox-w/ldt/LINIBOX_W-08-40C-80-FX-MD.ldt;Brochure=images/linibox-w/linibox-w-brochure.pdf,
Linibox W,,,,,,,,,,,,,,,,,,,Linibox W 8 8.4W 25°,LINIBOX W-08-40C-90-FX-MD-WH-230ND,White,images/linibox-w/linibox-w-8-white.jpg,4000K,CRI>90,On/Off,IP65,UGR<12.5,White · 115 × 56 × 95mm,8.4W,806lm,96lm/W,25°,Installation=images/linibox-w/linibox-w-installation-8.pdf;LDT=images/linibox-w/ldt/LINIBOX_W-08-40C-90-FX-MD.ldt;Brochure=images/linibox-w/linibox-w-brochure.pdf,
Linibox W,,,,,,,,,,,,,,,,,,,Linibox W 8 8.4W 25°,LINIBOX W-08-40C-90-FX-MD-WH-230D,White,images/linibox-w/linibox-w-8-white.jpg,4000K,CRI>90,Phase Dim,IP65,UGR<12.5,White · 115 × 56 × 95mm,8.4W,806lm,96lm/W,25°,Installation=images/linibox-w/linibox-w-installation-8.pdf;LDT=images/linibox-w/ldt/LINIBOX_W-08-40C-90-FX-MD.ldt;Brochure=images/linibox-w/linibox-w-brochure.pdf,
Linibox W,,,,,,,,,,,,,,,,,,,Linibox W 8 8.4W 25°,LINIBOX W-08-50C-80-FX-MD-WH-230ND,White,images/linibox-w/linibox-w-8-white.jpg,5000K,CRI>80,On/Off,IP65,UGR<12.5,White · 115 × 56 × 95mm,8.4W,988lm,118lm/W,25°,Installation=images/linibox-w/linibox-w-installation-8.pdf;LDT=images/linibox-w/ldt/LINIBOX_W-08-50C-80-FX-MD.ldt;Brochure=images/linibox-w/linibox-w-brochure.pdf,
Linibox W,,,,,,,,,,,,,,,,,,,Linibox W 8 8.4W 25°,LINIBOX W-08-50C-80-FX-MD-WH-230D,White,images/linibox-w/linibox-w-8-white.jpg,5000K,CRI>80,Phase Dim,IP65,UGR<12.5,White · 115 × 56 × 95mm,8.4W,988lm,118lm/W,25°,Installation=images/linibox-w/linibox-w-installation-8.pdf;LDT=images/linibox-w/ldt/LINIBOX_W-08-50C-80-FX-MD.ldt;Brochure=images/linibox-w/linibox-w-brochure.pdf,
Linibox W,,,,,,,,,,,,,,,,,,,Linibox W 8 8.4W 25°,LINIBOX W-08-50C-90-FX-MD-WH-230ND,White,images/linibox-w/linibox-w-8-white.jpg,5000K,CRI>90,On/Off,IP65,UGR<12.5,White · 115 × 56 × 95mm,8.4W,855lm,102lm/W,25°,Installation=images/linibox-w/linibox-w-installation-8.pdf;LDT=images/linibox-w/ldt/LINIBOX_W-08-50C-90-FX-MD.ldt;Brochure=images/linibox-w/linibox-w-brochure.pdf,
Linibox W,,,,,,,,,,,,,,,,,,,Linibox W 8 8.4W 25°,LINIBOX W-08-50C-90-FX-MD-WH-230D,White,images/linibox-w/linibox-w-8-white.jpg,5000K,CRI>90,Phase Dim,IP65,UGR<12.5,White · 115 × 56 × 95mm,8.4W,855lm,102lm/W,25°,Installation=images/linibox-w/linibox-w-installation-8.pdf;LDT=images/linibox-w/ldt/LINIBOX_W-08-50C-90-FX-MD.ldt;Brochure=images/linibox-w/linibox-w-brochure.pdf,
Linibox W,,,,,,,,,,,,,,,,,,,Linibox W 8 8.4W 35°,LINIBOX W-08-27C-80-FX-WD-WH-230ND,White,images/linibox-w/linibox-w-8-white.jpg,2700K,CRI>80,On/Off,IP65,UGR<20.6,White · 115 × 56 × 95mm,8.4W,816lm,97lm/W,35°,Installation=images/linibox-w/linibox-w-installation-8.pdf;LDT=images/linibox-w/ldt/LINIBOX_W-08-27C-80-FX-WD.ldt;Brochure=images/linibox-w/linibox-w-brochure.pdf,
Linibox W,,,,,,,,,,,,,,,,,,,Linibox W 8 8.4W 35°,LINIBOX W-08-27C-80-FX-WD-WH-230D,White,images/linibox-w/linibox-w-8-white.jpg,2700K,CRI>80,Phase Dim,IP65,UGR<20.6,White · 115 × 56 × 95mm,8.4W,816lm,97lm/W,35°,Installation=images/linibox-w/linibox-w-installation-8.pdf;LDT=images/linibox-w/ldt/LINIBOX_W-08-27C-80-FX-WD.ldt;Brochure=images/linibox-w/linibox-w-brochure.pdf,
Linibox W,,,,,,,,,,,,,,,,,,,Linibox W 8 8.4W 35°,LINIBOX W-08-27C-90-FX-WD-WH-230ND,White,images/linibox-w/linibox-w-8-white.jpg,2700K,CRI>90,On/Off,IP65,UGR<20.6,White · 115 × 56 × 95mm,8.4W,662lm,79lm/W,35°,Installation=images/linibox-w/linibox-w-installation-8.pdf;LDT=images/linibox-w/ldt/LINIBOX_W-08-27C-90-FX-WD.ldt;Brochure=images/linibox-w/linibox-w-brochure.pdf,
Linibox W,,,,,,,,,,,,,,,,,,,Linibox W 8 8.4W 35°,LINIBOX W-08-27C-90-FX-WD-WH-230D,White,images/linibox-w/linibox-w-8-white.jpg,2700K,CRI>90,Phase Dim,IP65,UGR<20.6,White · 115 × 56 × 95mm,8.4W,662lm,79lm/W,35°,Installation=images/linibox-w/linibox-w-installation-8.pdf;LDT=images/linibox-w/ldt/LINIBOX_W-08-27C-90-FX-WD.ldt;Brochure=images/linibox-w/linibox-w-brochure.pdf,
Linibox W,,,,,,,,,,,,,,,,,,,Linibox W 8 8.4W 35°,LINIBOX W-08-30C-80-FX-WD-WH-230ND,White,images/linibox-w/linibox-w-8-white.jpg,3000K,CRI>80,On/Off,IP65,UGR<20.6,White · 115 × 56 × 95mm,8.4W,862lm,103lm/W,35°,Installation=images/linibox-w/linibox-w-installation-8.pdf;LDT=images/linibox-w/ldt/LINIBOX_W-08-30C-80-FX-WD.ldt;Brochure=images/linibox-w/linibox-w-brochure.pdf,
Linibox W,,,,,,,,,,,,,,,,,,,Linibox W 8 8.4W 35°,LINIBOX W-08-30C-80-FX-WD-WH-230D,White,images/linibox-w/linibox-w-8-white.jpg,3000K,CRI>80,Phase Dim,IP65,UGR<20.6,White · 115 × 56 × 95mm,8.4W,862lm,103lm/W,35°,Installation=images/linibox-w/linibox-w-installation-8.pdf;LDT=images/linibox-w/ldt/LINIBOX_W-08-30C-80-FX-WD.ldt;Brochure=images/linibox-w/linibox-w-brochure.pdf,
Linibox W,,,,,,,,,,,,,,,,,,,Linibox W 8 8.4W 35°,LINIBOX W-08-30C-90-FX-WD-WH-230ND,White,images/linibox-w/linibox-w-8-white.jpg,3000K,CRI>90,On/Off,IP65,UGR<20.6,White · 115 × 56 × 95mm,8.4W,755lm,90lm/W,35°,Installation=images/linibox-w/linibox-w-installation-8.pdf;LDT=images/linibox-w/ldt/LINIBOX_W-08-30C-90-FX-WD.ldt;Brochure=images/linibox-w/linibox-w-brochure.pdf,
Linibox W,,,,,,,,,,,,,,,,,,,Linibox W 8 8.4W 35°,LINIBOX W-08-30C-90-FX-WD-WH-230D,White,images/linibox-w/linibox-w-8-white.jpg,3000K,CRI>90,Phase Dim,IP65,UGR<20.6,White · 115 × 56 × 95mm,8.4W,755lm,90lm/W,35°,Installation=images/linibox-w/linibox-w-installation-8.pdf;LDT=images/linibox-w/ldt/LINIBOX_W-08-30C-90-FX-WD.ldt;Brochure=images/linibox-w/linibox-w-brochure.pdf,
Linibox W,,,,,,,,,,,,,,,,,,,Linibox W 8 8.4W 35°,LINIBOX W-08-40C-80-FX-WD-WH-230ND,White,images/linibox-w/linibox-w-8-white.jpg,4000K,CRI>80,On/Off,IP65,UGR<20.6,White · 115 × 56 × 95mm,8.4W,909lm,108lm/W,35°,Installation=images/linibox-w/linibox-w-installation-8.pdf;LDT=images/linibox-w/ldt/LINIBOX_W-08-40C-80-FX-WD.ldt;Brochure=images/linibox-w/linibox-w-brochure.pdf,
Linibox W,,,,,,,,,,,,,,,,,,,Linibox W 8 8.4W 35°,LINIBOX W-08-40C-80-FX-WD-WH-230D,White,images/linibox-w/linibox-w-8-white.jpg,4000K,CRI>80,Phase Dim,IP65,UGR<20.6,White · 115 × 56 × 95mm,8.4W,909lm,108lm/W,35°,Installation=images/linibox-w/linibox-w-installation-8.pdf;LDT=images/linibox-w/ldt/LINIBOX_W-08-40C-80-FX-WD.ldt;Brochure=images/linibox-w/linibox-w-brochure.pdf,
Linibox W,,,,,,,,,,,,,,,,,,,Linibox W 8 8.4W 35°,LINIBOX W-08-40C-90-FX-WD-WH-230ND,White,images/linibox-w/linibox-w-8-white.jpg,4000K,CRI>90,On/Off,IP65,UGR<20.6,White · 115 × 56 × 95mm,8.4W,816lm,97lm/W,35°,Installation=images/linibox-w/linibox-w-installation-8.pdf;LDT=images/linibox-w/ldt/LINIBOX_W-08-40C-90-FX-WD.ldt;Brochure=images/linibox-w/linibox-w-brochure.pdf,
Linibox W,,,,,,,,,,,,,,,,,,,Linibox W 8 8.4W 35°,LINIBOX W-08-40C-90-FX-WD-WH-230D,White,images/linibox-w/linibox-w-8-white.jpg,4000K,CRI>90,Phase Dim,IP65,UGR<20.6,White · 115 × 56 × 95mm,8.4W,816lm,97lm/W,35°,Installation=images/linibox-w/linibox-w-installation-8.pdf;LDT=images/linibox-w/ldt/LINIBOX_W-08-40C-90-FX-WD.ldt;Brochure=images/linibox-w/linibox-w-brochure.pdf,
Linibox W,,,,,,,,,,,,,,,,,,,Linibox W 8 8.4W 35°,LINIBOX W-08-50C-80-FX-WD-WH-230ND,White,images/linibox-w/linibox-w-8-white.jpg,5000K,CRI>80,On/Off,IP65,UGR<20.6,White · 115 × 56 × 95mm,8.4W,1001lm,119lm/W,35°,Installation=images/linibox-w/linibox-w-installation-8.pdf;LDT=images/linibox-w/ldt/LINIBOX_W-08-50C-80-FX-WD.ldt;Brochure=images/linibox-w/linibox-w-brochure.pdf,
Linibox W,,,,,,,,,,,,,,,,,,,Linibox W 8 8.4W 35°,LINIBOX W-08-50C-80-FX-WD-WH-230D,White,images/linibox-w/linibox-w-8-white.jpg,5000K,CRI>80,Phase Dim,IP65,UGR<20.6,White · 115 × 56 × 95mm,8.4W,1001lm,119lm/W,35°,Installation=images/linibox-w/linibox-w-installation-8.pdf;LDT=images/linibox-w/ldt/LINIBOX_W-08-50C-80-FX-WD.ldt;Brochure=images/linibox-w/linibox-w-brochure.pdf,
Linibox W,,,,,,,,,,,,,,,,,,,Linibox W 8 8.4W 35°,LINIBOX W-08-50C-90-FX-WD-WH-230ND,White,images/linibox-w/linibox-w-8-white.jpg,5000K,CRI>90,On/Off,IP65,UGR<20.6,White · 115 × 56 × 95mm,8.4W,866lm,103lm/W,35°,Installation=images/linibox-w/linibox-w-installation-8.pdf;LDT=images/linibox-w/ldt/LINIBOX_W-08-50C-90-FX-WD.ldt;Brochure=images/linibox-w/linibox-w-brochure.pdf,
Linibox W,,,,,,,,,,,,,,,,,,,Linibox W 8 8.4W 35°,LINIBOX W-08-50C-90-FX-WD-WH-230D,White,images/linibox-w/linibox-w-8-white.jpg,5000K,CRI>90,Phase Dim,IP65,UGR<20.6,White · 115 × 56 × 95mm,8.4W,866lm,103lm/W,35°,Installation=images/linibox-w/linibox-w-installation-8.pdf;LDT=images/linibox-w/ldt/LINIBOX_W-08-50C-90-FX-WD.ldt;Brochure=images/linibox-w/linibox-w-brochure.pdf,
Linibox W,,,,,,,,,,,,,,,,,,,Linibox W 8 8.4W 62°,LINIBOX W-08-27C-80-FX-VW-WH-230ND,White,images/linibox-w/linibox-w-8-white.jpg,2700K,CRI>80,On/Off,IP65,UGR<23.6,White · 115 × 56 × 95mm,8.4W,678lm,81lm/W,62°,Installation=images/linibox-w/linibox-w-installation-8.pdf;LDT=images/linibox-w/ldt/LINIBOX_W-08-27C-80-FX-VW.ldt;Brochure=images/linibox-w/linibox-w-brochure.pdf,
Linibox W,,,,,,,,,,,,,,,,,,,Linibox W 8 8.4W 62°,LINIBOX W-08-27C-80-FX-VW-WH-230D,White,images/linibox-w/linibox-w-8-white.jpg,2700K,CRI>80,Phase Dim,IP65,UGR<23.6,White · 115 × 56 × 95mm,8.4W,678lm,81lm/W,62°,Installation=images/linibox-w/linibox-w-installation-8.pdf;LDT=images/linibox-w/ldt/LINIBOX_W-08-27C-80-FX-VW.ldt;Brochure=images/linibox-w/linibox-w-brochure.pdf,
Linibox W,,,,,,,,,,,,,,,,,,,Linibox W 8 8.4W 62°,LINIBOX W-08-27C-90-FX-VW-WH-230ND,White,images/linibox-w/linibox-w-8-white.jpg,2700K,CRI>90,On/Off,IP65,UGR<23.6,White · 115 × 56 × 95mm,8.4W,550lm,65lm/W,62°,Installation=images/linibox-w/linibox-w-installation-8.pdf;LDT=images/linibox-w/ldt/LINIBOX_W-08-27C-90-FX-VW.ldt;Brochure=images/linibox-w/linibox-w-brochure.pdf,
Linibox W,,,,,,,,,,,,,,,,,,,Linibox W 8 8.4W 62°,LINIBOX W-08-27C-90-FX-VW-WH-230D,White,images/linibox-w/linibox-w-8-white.jpg,2700K,CRI>90,Phase Dim,IP65,UGR<23.6,White · 115 × 56 × 95mm,8.4W,550lm,65lm/W,62°,Installation=images/linibox-w/linibox-w-installation-8.pdf;LDT=images/linibox-w/ldt/LINIBOX_W-08-27C-90-FX-VW.ldt;Brochure=images/linibox-w/linibox-w-brochure.pdf,
Linibox W,,,,,,,,,,,,,,,,,,,Linibox W 8 8.4W 62°,LINIBOX W-08-30C-80-FX-VW-WH-230ND,White,images/linibox-w/linibox-w-8-white.jpg,3000K,CRI>80,On/Off,IP65,UGR<23.6,White · 115 × 56 × 95mm,8.4W,717lm,85lm/W,62°,Installation=images/linibox-w/linibox-w-installation-8.pdf;LDT=images/linibox-w/ldt/LINIBOX_W-08-30C-80-FX-VW.ldt;Brochure=images/linibox-w/linibox-w-brochure.pdf,
Linibox W,,,,,,,,,,,,,,,,,,,Linibox W 8 8.4W 62°,LINIBOX W-08-30C-80-FX-VW-WH-230D,White,images/linibox-w/linibox-w-8-white.jpg,3000K,CRI>80,Phase Dim,IP65,UGR<23.6,White · 115 × 56 × 95mm,8.4W,717lm,85lm/W,62°,Installation=images/linibox-w/linibox-w-installation-8.pdf;LDT=images/linibox-w/ldt/LINIBOX_W-08-30C-80-FX-VW.ldt;Brochure=images/linibox-w/linibox-w-brochure.pdf,
Linibox W,,,,,,,,,,,,,,,,,,,Linibox W 8 8.4W 62°,LINIBOX W-08-30C-90-FX-VW-WH-230ND,White,images/linibox-w/linibox-w-8-white.jpg,3000K,CRI>90,On/Off,IP65,UGR<23.6,White · 115 × 56 × 95mm,8.4W,627lm,75lm/W,62°,Installation=images/linibox-w/linibox-w-installation-8.pdf;LDT=images/linibox-w/ldt/LINIBOX_W-08-30C-90-FX-VW.ldt;Brochure=images/linibox-w/linibox-w-brochure.pdf,
Linibox W,,,,,,,,,,,,,,,,,,,Linibox W 8 8.4W 62°,LINIBOX W-08-30C-90-FX-VW-WH-230D,White,images/linibox-w/linibox-w-8-white.jpg,3000K,CRI>90,Phase Dim,IP65,UGR<23.6,White · 115 × 56 × 95mm,8.4W,627lm,75lm/W,62°,Installation=images/linibox-w/linibox-w-installation-8.pdf;LDT=images/linibox-w/ldt/LINIBOX_W-08-30C-90-FX-VW.ldt;Brochure=images/linibox-w/linibox-w-brochure.pdf,
Linibox W,,,,,,,,,,,,,,,,,,,Linibox W 8 8.4W 62°,LINIBOX W-08-40C-80-FX-VW-WH-230ND,White,images/linibox-w/linibox-w-8-white.jpg,4000K,CRI>80,On/Off,IP65,UGR<23.6,White · 115 × 56 × 95mm,8.4W,755lm,90lm/W,62°,Installation=images/linibox-w/linibox-w-installation-8.pdf;LDT=images/linibox-w/ldt/LINIBOX_W-08-40C-80-FX-VW.ldt;Brochure=images/linibox-w/linibox-w-brochure.pdf,
Linibox W,,,,,,,,,,,,,,,,,,,Linibox W 8 8.4W 62°,LINIBOX W-08-40C-80-FX-VW-WH-230D,White,images/linibox-w/linibox-w-8-white.jpg,4000K,CRI>80,Phase Dim,IP65,UGR<23.6,White · 115 × 56 × 95mm,8.4W,755lm,90lm/W,62°,Installation=images/linibox-w/linibox-w-installation-8.pdf;LDT=images/linibox-w/ldt/LINIBOX_W-08-40C-80-FX-VW.ldt;Brochure=images/linibox-w/linibox-w-brochure.pdf,
Linibox W,,,,,,,,,,,,,,,,,,,Linibox W 8 8.4W 62°,LINIBOX W-08-40C-90-FX-VW-WH-230ND,White,images/linibox-w/linibox-w-8-white.jpg,4000K,CRI>90,On/Off,IP65,UGR<23.6,White · 115 × 56 × 95mm,8.4W,678lm,81lm/W,62°,Installation=images/linibox-w/linibox-w-installation-8.pdf;LDT=images/linibox-w/ldt/LINIBOX_W-08-40C-90-FX-VW.ldt;Brochure=images/linibox-w/linibox-w-brochure.pdf,
Linibox W,,,,,,,,,,,,,,,,,,,Linibox W 8 8.4W 62°,LINIBOX W-08-40C-90-FX-VW-WH-230D,White,images/linibox-w/linibox-w-8-white.jpg,4000K,CRI>90,Phase Dim,IP65,UGR<23.6,White · 115 × 56 × 95mm,8.4W,678lm,81lm/W,62°,Installation=images/linibox-w/linibox-w-installation-8.pdf;LDT=images/linibox-w/ldt/LINIBOX_W-08-40C-90-FX-VW.ldt;Brochure=images/linibox-w/linibox-w-brochure.pdf,
Linibox W,,,,,,,,,,,,,,,,,,,Linibox W 8 8.4W 62°,LINIBOX W-08-50C-80-FX-VW-WH-230ND,White,images/linibox-w/linibox-w-8-white.jpg,5000K,CRI>80,On/Off,IP65,UGR<23.6,White · 115 × 56 × 95mm,8.4W,832lm,99lm/W,62°,Installation=images/linibox-w/linibox-w-installation-8.pdf;LDT=images/linibox-w/ldt/LINIBOX_W-08-50C-80-FX-VW.ldt;Brochure=images/linibox-w/linibox-w-brochure.pdf,
Linibox W,,,,,,,,,,,,,,,,,,,Linibox W 8 8.4W 62°,LINIBOX W-08-50C-80-FX-VW-WH-230D,White,images/linibox-w/linibox-w-8-white.jpg,5000K,CRI>80,Phase Dim,IP65,UGR<23.6,White · 115 × 56 × 95mm,8.4W,832lm,99lm/W,62°,Installation=images/linibox-w/linibox-w-installation-8.pdf;LDT=images/linibox-w/ldt/LINIBOX_W-08-50C-80-FX-VW.ldt;Brochure=images/linibox-w/linibox-w-brochure.pdf,
Linibox W,,,,,,,,,,,,,,,,,,,Linibox W 8 8.4W 62°,LINIBOX W-08-50C-90-FX-VW-WH-230ND,White,images/linibox-w/linibox-w-8-white.jpg,5000K,CRI>90,On/Off,IP65,UGR<23.6,White · 115 × 56 × 95mm,8.4W,720lm,86lm/W,62°,Installation=images/linibox-w/linibox-w-installation-8.pdf;LDT=images/linibox-w/ldt/LINIBOX_W-08-50C-90-FX-VW.ldt;Brochure=images/linibox-w/linibox-w-brochure.pdf,
Linibox W,,,,,,,,,,,,,,,,,,,Linibox W 8 8.4W 62°,LINIBOX W-08-50C-90-FX-VW-WH-230D,White,images/linibox-w/linibox-w-8-white.jpg,5000K,CRI>90,Phase Dim,IP65,UGR<23.6,White · 115 × 56 × 95mm,8.4W,720lm,86lm/W,62°,Installation=images/linibox-w/linibox-w-installation-8.pdf;LDT=images/linibox-w/ldt/LINIBOX_W-08-50C-90-FX-VW.ldt;Brochure=images/linibox-w/linibox-w-brochure.pdf,
Linibox W,,,,,,,,,,,,,,,,,,,Linibox W 8 8.4W 16°x30°,LINIBOX W-08-27C-80-FX-AS-WH-230ND,White,images/linibox-w/linibox-w-8-white.jpg,2700K,CRI>80,On/Off,IP65,UGR<15.7,White · 115 × 56 × 95mm,8.4W,753lm,90lm/W,16°x30°,Installation=images/linibox-w/linibox-w-installation-8.pdf;LDT=images/linibox-w/ldt/LINIBOX_W-08-27C-80-FX-AS.ldt;Brochure=images/linibox-w/linibox-w-brochure.pdf,
Linibox W,,,,,,,,,,,,,,,,,,,Linibox W 8 8.4W 16°x30°,LINIBOX W-08-27C-80-FX-AS-WH-230D,White,images/linibox-w/linibox-w-8-white.jpg,2700K,CRI>80,Phase Dim,IP65,UGR<15.7,White · 115 × 56 × 95mm,8.4W,753lm,90lm/W,16°x30°,Installation=images/linibox-w/linibox-w-installation-8.pdf;LDT=images/linibox-w/ldt/LINIBOX_W-08-27C-80-FX-AS.ldt;Brochure=images/linibox-w/linibox-w-brochure.pdf,
Linibox W,,,,,,,,,,,,,,,,,,,Linibox W 8 8.4W 16°x30°,LINIBOX W-08-27C-90-FX-AS-WH-230ND,White,images/linibox-w/linibox-w-8-white.jpg,2700K,CRI>90,On/Off,IP65,UGR<15.7,White · 115 × 56 × 95mm,8.4W,611lm,73lm/W,16°x30°,Installation=images/linibox-w/linibox-w-installation-8.pdf;LDT=images/linibox-w/ldt/LINIBOX_W-08-27C-90-FX-AS.ldt;Brochure=images/linibox-w/linibox-w-brochure.pdf,
Linibox W,,,,,,,,,,,,,,,,,,,Linibox W 8 8.4W 16°x30°,LINIBOX W-08-27C-90-FX-AS-WH-230D,White,images/linibox-w/linibox-w-8-white.jpg,2700K,CRI>90,Phase Dim,IP65,UGR<15.7,White · 115 × 56 × 95mm,8.4W,611lm,73lm/W,16°x30°,Installation=images/linibox-w/linibox-w-installation-8.pdf;LDT=images/linibox-w/ldt/LINIBOX_W-08-27C-90-FX-AS.ldt;Brochure=images/linibox-w/linibox-w-brochure.pdf,
Linibox W,,,,,,,,,,,,,,,,,,,Linibox W 8 8.4W 16°x30°,LINIBOX W-08-30C-80-FX-AS-WH-230ND,White,images/linibox-w/linibox-w-8-white.jpg,3000K,CRI>80,On/Off,IP65,UGR<15.7,White · 115 × 56 × 95mm,8.4W,795lm,95lm/W,16°x30°,Installation=images/linibox-w/linibox-w-installation-8.pdf;LDT=images/linibox-w/ldt/LINIBOX_W-08-30C-80-FX-AS.ldt;Brochure=images/linibox-w/linibox-w-brochure.pdf,
Linibox W,,,,,,,,,,,,,,,,,,,Linibox W 8 8.4W 16°x30°,LINIBOX W-08-30C-80-FX-AS-WH-230D,White,images/linibox-w/linibox-w-8-white.jpg,3000K,CRI>80,Phase Dim,IP65,UGR<15.7,White · 115 × 56 × 95mm,8.4W,795lm,95lm/W,16°x30°,Installation=images/linibox-w/linibox-w-installation-8.pdf;LDT=images/linibox-w/ldt/LINIBOX_W-08-30C-80-FX-AS.ldt;Brochure=images/linibox-w/linibox-w-brochure.pdf,
Linibox W,,,,,,,,,,,,,,,,,,,Linibox W 8 8.4W 16°x30°,LINIBOX W-08-30C-90-FX-AS-WH-230ND,White,images/linibox-w/linibox-w-8-white.jpg,3000K,CRI>90,On/Off,IP65,UGR<15.7,White · 115 × 56 × 95mm,8.4W,696lm,83lm/W,16°x30°,Installation=images/linibox-w/linibox-w-installation-8.pdf;LDT=images/linibox-w/ldt/LINIBOX_W-08-30C-90-FX-AS.ldt;Brochure=images/linibox-w/linibox-w-brochure.pdf,
Linibox W,,,,,,,,,,,,,,,,,,,Linibox W 8 8.4W 16°x30°,LINIBOX W-08-30C-90-FX-AS-WH-230D,White,images/linibox-w/linibox-w-8-white.jpg,3000K,CRI>90,Phase Dim,IP65,UGR<15.7,White · 115 × 56 × 95mm,8.4W,696lm,83lm/W,16°x30°,Installation=images/linibox-w/linibox-w-installation-8.pdf;LDT=images/linibox-w/ldt/LINIBOX_W-08-30C-90-FX-AS.ldt;Brochure=images/linibox-w/linibox-w-brochure.pdf,
Linibox W,,,,,,,,,,,,,,,,,,,Linibox W 8 8.4W 16°x30°,LINIBOX W-08-40C-80-FX-AS-WH-230ND,White,images/linibox-w/linibox-w-8-white.jpg,4000K,CRI>80,On/Off,IP65,UGR<15.7,White · 115 × 56 × 95mm,8.4W,838lm,100lm/W,16°x30°,Installation=images/linibox-w/linibox-w-installation-8.pdf;LDT=images/linibox-w/ldt/LINIBOX_W-08-40C-80-FX-AS.ldt;Brochure=images/linibox-w/linibox-w-brochure.pdf,
Linibox W,,,,,,,,,,,,,,,,,,,Linibox W 8 8.4W 16°x30°,LINIBOX W-08-40C-80-FX-AS-WH-230D,White,images/linibox-w/linibox-w-8-white.jpg,4000K,CRI>80,Phase Dim,IP65,UGR<15.7,White · 115 × 56 × 95mm,8.4W,838lm,100lm/W,16°x30°,Installation=images/linibox-w/linibox-w-installation-8.pdf;LDT=images/linibox-w/ldt/LINIBOX_W-08-40C-80-FX-AS.ldt;Brochure=images/linibox-w/linibox-w-brochure.pdf,
Linibox W,,,,,,,,,,,,,,,,,,,Linibox W 8 8.4W 16°x30°,LINIBOX W-08-40C-90-FX-AS-WH-230ND,White,images/linibox-w/linibox-w-8-white.jpg,4000K,CRI>90,On/Off,IP65,UGR<15.7,White · 115 × 56 × 95mm,8.4W,753lm,90lm/W,16°x30°,Installation=images/linibox-w/linibox-w-installation-8.pdf;LDT=images/linibox-w/ldt/LINIBOX_W-08-40C-90-FX-AS.ldt;Brochure=images/linibox-w/linibox-w-brochure.pdf,
Linibox W,,,,,,,,,,,,,,,,,,,Linibox W 8 8.4W 16°x30°,LINIBOX W-08-40C-90-FX-AS-WH-230D,White,images/linibox-w/linibox-w-8-white.jpg,4000K,CRI>90,Phase Dim,IP65,UGR<15.7,White · 115 × 56 × 95mm,8.4W,753lm,90lm/W,16°x30°,Installation=images/linibox-w/linibox-w-installation-8.pdf;LDT=images/linibox-w/ldt/LINIBOX_W-08-40C-90-FX-AS.ldt;Brochure=images/linibox-w/linibox-w-brochure.pdf,
Linibox W,,,,,,,,,,,,,,,,,,,Linibox W 8 8.4W 16°x30°,LINIBOX W-08-50C-80-FX-AS-WH-230ND,White,images/linibox-w/linibox-w-8-white.jpg,5000K,CRI>80,On/Off,IP65,UGR<15.7,White · 115 × 56 × 95mm,8.4W,923lm,110lm/W,16°x30°,Installation=images/linibox-w/linibox-w-installation-8.pdf;LDT=images/linibox-w/ldt/LINIBOX_W-08-50C-80-FX-AS.ldt;Brochure=images/linibox-w/linibox-w-brochure.pdf,
Linibox W,,,,,,,,,,,,,,,,,,,Linibox W 8 8.4W 16°x30°,LINIBOX W-08-50C-80-FX-AS-WH-230D,White,images/linibox-w/linibox-w-8-white.jpg,5000K,CRI>80,Phase Dim,IP65,UGR<15.7,White · 115 × 56 × 95mm,8.4W,923lm,110lm/W,16°x30°,Installation=images/linibox-w/linibox-w-installation-8.pdf;LDT=images/linibox-w/ldt/LINIBOX_W-08-50C-80-FX-AS.ldt;Brochure=images/linibox-w/linibox-w-brochure.pdf,
Linibox W,,,,,,,,,,,,,,,,,,,Linibox W 8 8.4W 16°x30°,LINIBOX W-08-50C-90-FX-AS-WH-230ND,White,images/linibox-w/linibox-w-8-white.jpg,5000K,CRI>90,On/Off,IP65,UGR<15.7,White · 115 × 56 × 95mm,8.4W,799lm,95lm/W,16°x30°,Installation=images/linibox-w/linibox-w-installation-8.pdf;LDT=images/linibox-w/ldt/LINIBOX_W-08-50C-90-FX-AS.ldt;Brochure=images/linibox-w/linibox-w-brochure.pdf,
Linibox W,,,,,,,,,,,,,,,,,,,Linibox W 8 8.4W 16°x30°,LINIBOX W-08-50C-90-FX-AS-WH-230D,White,images/linibox-w/linibox-w-8-white.jpg,5000K,CRI>90,Phase Dim,IP65,UGR<15.7,White · 115 × 56 × 95mm,8.4W,799lm,95lm/W,16°x30°,Installation=images/linibox-w/linibox-w-installation-8.pdf;LDT=images/linibox-w/ldt/LINIBOX_W-08-50C-90-FX-AS.ldt;Brochure=images/linibox-w/linibox-w-brochure.pdf,
Linibox W,,,,,,,,,,,,,,,,,,,Linibox W 13 12.7W 17°,LINIBOX W-13-27C-80-FX-VN-WH-230ND,White,images/linibox-w/linibox-w-13-white.jpg,2700K,CRI>80,On/Off,IP65,UGR<13.7,White · 160 × 56 × 95mm,12.7W,1129lm,89lm/W,17°,Installation=images/linibox-w/linibox-w-installation-13.pdf;LDT=images/linibox-w/ldt/LINIBOX_W-13-27C-80-FX-VN.ldt;Brochure=images/linibox-w/linibox-w-brochure.pdf,
Linibox W,,,,,,,,,,,,,,,,,,,Linibox W 13 12.7W 17°,LINIBOX W-13-27C-80-FX-VN-WH-230D,White,images/linibox-w/linibox-w-13-white.jpg,2700K,CRI>80,Phase Dim,IP65,UGR<13.7,White · 160 × 56 × 95mm,12.7W,1129lm,89lm/W,17°,Installation=images/linibox-w/linibox-w-installation-13.pdf;LDT=images/linibox-w/ldt/LINIBOX_W-13-27C-80-FX-VN.ldt;Brochure=images/linibox-w/linibox-w-brochure.pdf,
Linibox W,,,,,,,,,,,,,,,,,,,Linibox W 13 12.7W 17°,LINIBOX W-13-27C-90-FX-VN-WH-230ND,White,images/linibox-w/linibox-w-13-white.jpg,2700K,CRI>90,On/Off,IP65,UGR<13.7,White · 160 × 56 × 95mm,12.7W,916lm,72lm/W,17°,Installation=images/linibox-w/linibox-w-installation-13.pdf;LDT=images/linibox-w/ldt/LINIBOX_W-13-27C-90-FX-VN.ldt;Brochure=images/linibox-w/linibox-w-brochure.pdf,
Linibox W,,,,,,,,,,,,,,,,,,,Linibox W 13 12.7W 17°,LINIBOX W-13-27C-90-FX-VN-WH-230D,White,images/linibox-w/linibox-w-13-white.jpg,2700K,CRI>90,Phase Dim,IP65,UGR<13.7,White · 160 × 56 × 95mm,12.7W,916lm,72lm/W,17°,Installation=images/linibox-w/linibox-w-installation-13.pdf;LDT=images/linibox-w/ldt/LINIBOX_W-13-27C-90-FX-VN.ldt;Brochure=images/linibox-w/linibox-w-brochure.pdf,
Linibox W,,,,,,,,,,,,,,,,,,,Linibox W 13 12.7W 17°,LINIBOX W-13-30C-80-FX-VN-WH-230ND,White,images/linibox-w/linibox-w-13-white.jpg,3000K,CRI>80,On/Off,IP65,UGR<13.7,White · 160 × 56 × 95mm,12.7W,1193lm,94lm/W,17°,Installation=images/linibox-w/linibox-w-installation-13.pdf;LDT=images/linibox-w/ldt/LINIBOX_W-13-30C-80-FX-VN.ldt;Brochure=images/linibox-w/linibox-w-brochure.pdf,
Linibox W,,,,,,,,,,,,,,,,,,,Linibox W 13 12.7W 17°,LINIBOX W-13-30C-80-FX-VN-WH-230D,White,images/linibox-w/linibox-w-13-white.jpg,3000K,CRI>80,Phase Dim,IP65,UGR<13.7,White · 160 × 56 × 95mm,12.7W,1193lm,94lm/W,17°,Installation=images/linibox-w/linibox-w-installation-13.pdf;LDT=images/linibox-w/ldt/LINIBOX_W-13-30C-80-FX-VN.ldt;Brochure=images/linibox-w/linibox-w-brochure.pdf,
Linibox W,,,,,,,,,,,,,,,,,,,Linibox W 13 12.7W 17°,LINIBOX W-13-30C-90-FX-VN-WH-230ND,White,images/linibox-w/linibox-w-13-white.jpg,3000K,CRI>90,On/Off,IP65,UGR<13.7,White · 160 × 56 × 95mm,12.7W,1044lm,82lm/W,17°,Installation=images/linibox-w/linibox-w-installation-13.pdf;LDT=images/linibox-w/ldt/LINIBOX_W-13-30C-90-FX-VN.ldt;Brochure=images/linibox-w/linibox-w-brochure.pdf,
Linibox W,,,,,,,,,,,,,,,,,,,Linibox W 13 12.7W 17°,LINIBOX W-13-30C-90-FX-VN-WH-230D,White,images/linibox-w/linibox-w-13-white.jpg,3000K,CRI>90,Phase Dim,IP65,UGR<13.7,White · 160 × 56 × 95mm,12.7W,1044lm,82lm/W,17°,Installation=images/linibox-w/linibox-w-installation-13.pdf;LDT=images/linibox-w/ldt/LINIBOX_W-13-30C-90-FX-VN.ldt;Brochure=images/linibox-w/linibox-w-brochure.pdf,
Linibox W,,,,,,,,,,,,,,,,,,,Linibox W 13 12.7W 17°,LINIBOX W-13-40C-80-FX-VN-WH-230ND,White,images/linibox-w/linibox-w-13-white.jpg,4000K,CRI>80,On/Off,IP65,UGR<13.7,White · 160 × 56 × 95mm,12.7W,1257lm,99lm/W,17°,Installation=images/linibox-w/linibox-w-installation-13.pdf;LDT=images/linibox-w/ldt/LINIBOX_W-13-40C-80-FX-VN.ldt;Brochure=images/linibox-w/linibox-w-brochure.pdf,
Linibox W,,,,,,,,,,,,,,,,,,,Linibox W 13 12.7W 17°,LINIBOX W-13-40C-80-FX-VN-WH-230D,White,images/linibox-w/linibox-w-13-white.jpg,4000K,CRI>80,Phase Dim,IP65,UGR<13.7,White · 160 × 56 × 95mm,12.7W,1257lm,99lm/W,17°,Installation=images/linibox-w/linibox-w-installation-13.pdf;LDT=images/linibox-w/ldt/LINIBOX_W-13-40C-80-FX-VN.ldt;Brochure=images/linibox-w/linibox-w-brochure.pdf,
Linibox W,,,,,,,,,,,,,,,,,,,Linibox W 13 12.7W 17°,LINIBOX W-13-40C-90-FX-VN-WH-230ND,White,images/linibox-w/linibox-w-13-white.jpg,4000K,CRI>90,On/Off,IP65,UGR<13.7,White · 160 × 56 × 95mm,12.7W,1129lm,89lm/W,17°,Installation=images/linibox-w/linibox-w-installation-13.pdf;LDT=images/linibox-w/ldt/LINIBOX_W-13-40C-90-FX-VN.ldt;Brochure=images/linibox-w/linibox-w-brochure.pdf,
Linibox W,,,,,,,,,,,,,,,,,,,Linibox W 13 12.7W 17°,LINIBOX W-13-40C-90-FX-VN-WH-230D,White,images/linibox-w/linibox-w-13-white.jpg,4000K,CRI>90,Phase Dim,IP65,UGR<13.7,White · 160 × 56 × 95mm,12.7W,1129lm,89lm/W,17°,Installation=images/linibox-w/linibox-w-installation-13.pdf;LDT=images/linibox-w/ldt/LINIBOX_W-13-40C-90-FX-VN.ldt;Brochure=images/linibox-w/linibox-w-brochure.pdf,
Linibox W,,,,,,,,,,,,,,,,,,,Linibox W 13 12.7W 17°,LINIBOX W-13-50C-80-FX-VN-WH-230ND,White,images/linibox-w/linibox-w-13-white.jpg,5000K,CRI>80,On/Off,IP65,UGR<13.7,White · 160 × 56 × 95mm,12.7W,1385lm,109lm/W,17°,Installation=images/linibox-w/linibox-w-installation-13.pdf;LDT=images/linibox-w/ldt/LINIBOX_W-13-50C-80-FX-VN.ldt;Brochure=images/linibox-w/linibox-w-brochure.pdf,
Linibox W,,,,,,,,,,,,,,,,,,,Linibox W 13 12.7W 17°,LINIBOX W-13-50C-80-FX-VN-WH-230D,White,images/linibox-w/linibox-w-13-white.jpg,5000K,CRI>80,Phase Dim,IP65,UGR<13.7,White · 160 × 56 × 95mm,12.7W,1385lm,109lm/W,17°,Installation=images/linibox-w/linibox-w-installation-13.pdf;LDT=images/linibox-w/ldt/LINIBOX_W-13-50C-80-FX-VN.ldt;Brochure=images/linibox-w/linibox-w-brochure.pdf,
Linibox W,,,,,,,,,,,,,,,,,,,Linibox W 13 12.7W 17°,LINIBOX W-13-50C-90-FX-VN-WH-230ND,White,images/linibox-w/linibox-w-13-white.jpg,5000K,CRI>90,On/Off,IP65,UGR<13.7,White · 160 × 56 × 95mm,12.7W,1200lm,94lm/W,17°,Installation=images/linibox-w/linibox-w-installation-13.pdf;LDT=images/linibox-w/ldt/LINIBOX_W-13-50C-90-FX-VN.ldt;Brochure=images/linibox-w/linibox-w-brochure.pdf,
Linibox W,,,,,,,,,,,,,,,,,,,Linibox W 13 12.7W 17°,LINIBOX W-13-50C-90-FX-VN-WH-230D,White,images/linibox-w/linibox-w-13-white.jpg,5000K,CRI>90,Phase Dim,IP65,UGR<13.7,White · 160 × 56 × 95mm,12.7W,1200lm,94lm/W,17°,Installation=images/linibox-w/linibox-w-installation-13.pdf;LDT=images/linibox-w/ldt/LINIBOX_W-13-50C-90-FX-VN.ldt;Brochure=images/linibox-w/linibox-w-brochure.pdf,
Linibox W,,,,,,,,,,,,,,,,,,,Linibox W 13 12.7W 21°,LINIBOX W-13-27C-80-FX-NR-WH-230ND,White,images/linibox-w/linibox-w-13-white.jpg,2700K,CRI>80,On/Off,IP65,UGR<13.1,White · 160 × 56 × 95mm,12.7W,1367lm,108lm/W,21°,Installation=images/linibox-w/linibox-w-installation-13.pdf;LDT=images/linibox-w/ldt/LINIBOX_W-13-27C-80-FX-NR.ldt;Brochure=images/linibox-w/linibox-w-brochure.pdf,
Linibox W,,,,,,,,,,,,,,,,,,,Linibox W 13 12.7W 21°,LINIBOX W-13-27C-80-FX-NR-WH-230D,White,images/linibox-w/linibox-w-13-white.jpg,2700K,CRI>80,Phase Dim,IP65,UGR<13.1,White · 160 × 56 × 95mm,12.7W,1367lm,108lm/W,21°,Installation=images/linibox-w/linibox-w-installation-13.pdf;LDT=images/linibox-w/ldt/LINIBOX_W-13-27C-80-FX-NR.ldt;Brochure=images/linibox-w/linibox-w-brochure.pdf,
Linibox W,,,,,,,,,,,,,,,,,,,Linibox W 13 12.7W 21°,LINIBOX W-13-27C-90-FX-NR-WH-230ND,White,images/linibox-w/linibox-w-13-white.jpg,2700K,CRI>90,On/Off,IP65,UGR<13.1,White · 160 × 56 × 95mm,12.7W,1109lm,87lm/W,21°,Installation=images/linibox-w/linibox-w-installation-13.pdf;LDT=images/linibox-w/ldt/LINIBOX_W-13-27C-90-FX-NR.ldt;Brochure=images/linibox-w/linibox-w-brochure.pdf,
Linibox W,,,,,,,,,,,,,,,,,,,Linibox W 13 12.7W 21°,LINIBOX W-13-27C-90-FX-NR-WH-230D,White,images/linibox-w/linibox-w-13-white.jpg,2700K,CRI>90,Phase Dim,IP65,UGR<13.1,White · 160 × 56 × 95mm,12.7W,1109lm,87lm/W,21°,Installation=images/linibox-w/linibox-w-installation-13.pdf;LDT=images/linibox-w/ldt/LINIBOX_W-13-27C-90-FX-NR.ldt;Brochure=images/linibox-w/linibox-w-brochure.pdf,
Linibox W,,,,,,,,,,,,,,,,,,,Linibox W 13 12.7W 21°,LINIBOX W-13-30C-80-FX-NR-WH-230ND,White,images/linibox-w/linibox-w-13-white.jpg,3000K,CRI>80,On/Off,IP65,UGR<13.1,White · 160 × 56 × 95mm,12.7W,1445lm,114lm/W,21°,Installation=images/linibox-w/linibox-w-installation-13.pdf;LDT=images/linibox-w/ldt/LINIBOX_W-13-30C-80-FX-NR.ldt;Brochure=images/linibox-w/linibox-w-brochure.pdf,
Linibox W,,,,,,,,,,,,,,,,,,,Linibox W 13 12.7W 21°,LINIBOX W-13-30C-80-FX-NR-WH-230D,White,images/linibox-w/linibox-w-13-white.jpg,3000K,CRI>80,Phase Dim,IP65,UGR<13.1,White · 160 × 56 × 95mm,12.7W,1445lm,114lm/W,21°,Installation=images/linibox-w/linibox-w-installation-13.pdf;LDT=images/linibox-w/ldt/LINIBOX_W-13-30C-80-FX-NR.ldt;Brochure=images/linibox-w/linibox-w-brochure.pdf,
Linibox W,,,,,,,,,,,,,,,,,,,Linibox W 13 12.7W 21°,LINIBOX W-13-30C-90-FX-NR-WH-230ND,White,images/linibox-w/linibox-w-13-white.jpg,3000K,CRI>90,On/Off,IP65,UGR<13.1,White · 160 × 56 × 95mm,12.7W,1264lm,100lm/W,21°,Installation=images/linibox-w/linibox-w-installation-13.pdf;LDT=images/linibox-w/ldt/LINIBOX_W-13-30C-90-FX-NR.ldt;Brochure=images/linibox-w/linibox-w-brochure.pdf,
Linibox W,,,,,,,,,,,,,,,,,,,Linibox W 13 12.7W 21°,LINIBOX W-13-30C-90-FX-NR-WH-230D,White,images/linibox-w/linibox-w-13-white.jpg,3000K,CRI>90,Phase Dim,IP65,UGR<13.1,White · 160 × 56 × 95mm,12.7W,1264lm,100lm/W,21°,Installation=images/linibox-w/linibox-w-installation-13.pdf;LDT=images/linibox-w/ldt/LINIBOX_W-13-30C-90-FX-NR.ldt;Brochure=images/linibox-w/linibox-w-brochure.pdf,
Linibox W,,,,,,,,,,,,,,,,,,,Linibox W 13 12.7W 21°,LINIBOX W-13-40C-80-FX-NR-WH-230ND,White,images/linibox-w/linibox-w-13-white.jpg,4000K,CRI>80,On/Off,IP65,UGR<13.1,White · 160 × 56 × 95mm,12.7W,1522lm,120lm/W,21°,Installation=images/linibox-w/linibox-w-installation-13.pdf;LDT=images/linibox-w/ldt/LINIBOX_W-13-40C-80-FX-NR.ldt;Brochure=images/linibox-w/linibox-w-brochure.pdf,
Linibox W,,,,,,,,,,,,,,,,,,,Linibox W 13 12.7W 21°,LINIBOX W-13-40C-80-FX-NR-WH-230D,White,images/linibox-w/linibox-w-13-white.jpg,4000K,CRI>80,Phase Dim,IP65,UGR<13.1,White · 160 × 56 × 95mm,12.7W,1522lm,120lm/W,21°,Installation=images/linibox-w/linibox-w-installation-13.pdf;LDT=images/linibox-w/ldt/LINIBOX_W-13-40C-80-FX-NR.ldt;Brochure=images/linibox-w/linibox-w-brochure.pdf,
Linibox W,,,,,,,,,,,,,,,,,,,Linibox W 13 12.7W 21°,LINIBOX W-13-40C-90-FX-NR-WH-230ND,White,images/linibox-w/linibox-w-13-white.jpg,4000K,CRI>90,On/Off,IP65,UGR<13.1,White · 160 × 56 × 95mm,12.7W,1367lm,108lm/W,21°,Installation=images/linibox-w/linibox-w-installation-13.pdf;LDT=images/linibox-w/ldt/LINIBOX_W-13-40C-90-FX-NR.ldt;Brochure=images/linibox-w/linibox-w-brochure.pdf,
Linibox W,,,,,,,,,,,,,,,,,,,Linibox W 13 12.7W 21°,LINIBOX W-13-40C-90-FX-NR-WH-230D,White,images/linibox-w/linibox-w-13-white.jpg,4000K,CRI>90,Phase Dim,IP65,UGR<13.1,White · 160 × 56 × 95mm,12.7W,1367lm,108lm/W,21°,Installation=images/linibox-w/linibox-w-installation-13.pdf;LDT=images/linibox-w/ldt/LINIBOX_W-13-40C-90-FX-NR.ldt;Brochure=images/linibox-w/linibox-w-brochure.pdf,
Linibox W,,,,,,,,,,,,,,,,,,,Linibox W 13 12.7W 21°,LINIBOX W-13-50C-80-FX-NR-WH-230ND,White,images/linibox-w/linibox-w-13-white.jpg,5000K,CRI>80,On/Off,IP65,UGR<13.1,White · 160 × 56 × 95mm,12.7W,1677lm,132lm/W,21°,Installation=images/linibox-w/linibox-w-installation-13.pdf;LDT=images/linibox-w/ldt/LINIBOX_W-13-50C-80-FX-NR.ldt;Brochure=images/linibox-w/linibox-w-brochure.pdf,
Linibox W,,,,,,,,,,,,,,,,,,,Linibox W 13 12.7W 21°,LINIBOX W-13-50C-80-FX-NR-WH-230D,White,images/linibox-w/linibox-w-13-white.jpg,5000K,CRI>80,Phase Dim,IP65,UGR<13.1,White · 160 × 56 × 95mm,12.7W,1677lm,132lm/W,21°,Installation=images/linibox-w/linibox-w-installation-13.pdf;LDT=images/linibox-w/ldt/LINIBOX_W-13-50C-80-FX-NR.ldt;Brochure=images/linibox-w/linibox-w-brochure.pdf,
Linibox W,,,,,,,,,,,,,,,,,,,Linibox W 13 12.7W 21°,LINIBOX W-13-50C-90-FX-NR-WH-230ND,White,images/linibox-w/linibox-w-13-white.jpg,5000K,CRI>90,On/Off,IP65,UGR<13.1,White · 160 × 56 × 95mm,12.7W,1453lm,114lm/W,21°,Installation=images/linibox-w/linibox-w-installation-13.pdf;LDT=images/linibox-w/ldt/LINIBOX_W-13-50C-90-FX-NR.ldt;Brochure=images/linibox-w/linibox-w-brochure.pdf,
Linibox W,,,,,,,,,,,,,,,,,,,Linibox W 13 12.7W 21°,LINIBOX W-13-50C-90-FX-NR-WH-230D,White,images/linibox-w/linibox-w-13-white.jpg,5000K,CRI>90,Phase Dim,IP65,UGR<13.1,White · 160 × 56 × 95mm,12.7W,1453lm,114lm/W,21°,Installation=images/linibox-w/linibox-w-installation-13.pdf;LDT=images/linibox-w/ldt/LINIBOX_W-13-50C-90-FX-NR.ldt;Brochure=images/linibox-w/linibox-w-brochure.pdf,
Linibox W,,,,,,,,,,,,,,,,,,,Linibox W 13 12.7W 25°,LINIBOX W-13-27C-80-FX-MD-WH-230ND,White,images/linibox-w/linibox-w-13-white.jpg,2700K,CRI>80,On/Off,IP65,UGR<12.5,White · 160 × 56 × 95mm,12.7W,1208lm,95lm/W,25°,Installation=images/linibox-w/linibox-w-installation-13.pdf;LDT=images/linibox-w/ldt/LINIBOX_W-13-27C-80-FX-MD.ldt;Brochure=images/linibox-w/linibox-w-brochure.pdf,
Linibox W,,,,,,,,,,,,,,,,,,,Linibox W 13 12.7W 25°,LINIBOX W-13-27C-80-FX-MD-WH-230D,White,images/linibox-w/linibox-w-13-white.jpg,2700K,CRI>80,Phase Dim,IP65,UGR<12.5,White · 160 × 56 × 95mm,12.7W,1208lm,95lm/W,25°,Installation=images/linibox-w/linibox-w-installation-13.pdf;LDT=images/linibox-w/ldt/LINIBOX_W-13-27C-80-FX-MD.ldt;Brochure=images/linibox-w/linibox-w-brochure.pdf,
Linibox W,,,,,,,,,,,,,,,,,,,Linibox W 13 12.7W 25°,LINIBOX W-13-27C-90-FX-MD-WH-230ND,White,images/linibox-w/linibox-w-13-white.jpg,2700K,CRI>90,On/Off,IP65,UGR<12.5,White · 160 × 56 × 95mm,12.7W,980lm,77lm/W,25°,Installation=images/linibox-w/linibox-w-installation-13.pdf;LDT=images/linibox-w/ldt/LINIBOX_W-13-27C-90-FX-MD.ldt;Brochure=images/linibox-w/linibox-w-brochure.pdf,
Linibox W,,,,,,,,,,,,,,,,,,,Linibox W 13 12.7W 25°,LINIBOX W-13-27C-90-FX-MD-WH-230D,White,images/linibox-w/linibox-w-13-white.jpg,2700K,CRI>90,Phase Dim,IP65,UGR<12.5,White · 160 × 56 × 95mm,12.7W,980lm,77lm/W,25°,Installation=images/linibox-w/linibox-w-installation-13.pdf;LDT=images/linibox-w/ldt/LINIBOX_W-13-27C-90-FX-MD.ldt;Brochure=images/linibox-w/linibox-w-brochure.pdf,
Linibox W,,,,,,,,,,,,,,,,,,,Linibox W 13 12.7W 25°,LINIBOX W-13-30C-80-FX-MD-WH-230ND,White,images/linibox-w/linibox-w-13-white.jpg,3000K,CRI>80,On/Off,IP65,UGR<12.5,White · 160 × 56 × 95mm,12.7W,1277lm,101lm/W,25°,Installation=images/linibox-w/linibox-w-installation-13.pdf;LDT=images/linibox-w/ldt/LINIBOX_W-13-30C-80-FX-MD.ldt;Brochure=images/linibox-w/linibox-w-brochure.pdf,
Linibox W,,,,,,,,,,,,,,,,,,,Linibox W 13 12.7W 25°,LINIBOX W-13-30C-80-FX-MD-WH-230D,White,images/linibox-w/linibox-w-13-white.jpg,3000K,CRI>80,Phase Dim,IP65,UGR<12.5,White · 160 × 56 × 95mm,12.7W,1277lm,101lm/W,25°,Installation=images/linibox-w/linibox-w-installation-13.pdf;LDT=images/linibox-w/ldt/LINIBOX_W-13-30C-80-FX-MD.ldt;Brochure=images/linibox-w/linibox-w-brochure.pdf,
Linibox W,,,,,,,,,,,,,,,,,,,Linibox W 13 12.7W 25°,LINIBOX W-13-30C-90-FX-MD-WH-230ND,White,images/linibox-w/linibox-w-13-white.jpg,3000K,CRI>90,On/Off,IP65,UGR<12.5,White · 160 × 56 × 95mm,12.7W,1117lm,88lm/W,25°,Installation=images/linibox-w/linibox-w-installation-13.pdf;LDT=images/linibox-w/ldt/LINIBOX_W-13-30C-90-FX-MD.ldt;Brochure=images/linibox-w/linibox-w-brochure.pdf,
Linibox W,,,,,,,,,,,,,,,,,,,Linibox W 13 12.7W 25°,LINIBOX W-13-30C-90-FX-MD-WH-230D,White,images/linibox-w/linibox-w-13-white.jpg,3000K,CRI>90,Phase Dim,IP65,UGR<12.5,White · 160 × 56 × 95mm,12.7W,1117lm,88lm/W,25°,Installation=images/linibox-w/linibox-w-installation-13.pdf;LDT=images/linibox-w/ldt/LINIBOX_W-13-30C-90-FX-MD.ldt;Brochure=images/linibox-w/linibox-w-brochure.pdf,
Linibox W,,,,,,,,,,,,,,,,,,,Linibox W 13 12.7W 25°,LINIBOX W-13-40C-80-FX-MD-WH-230ND,White,images/linibox-w/linibox-w-13-white.jpg,4000K,CRI>80,On/Off,IP65,UGR<12.5,White · 160 × 56 × 95mm,12.7W,1345lm,106lm/W,25°,Installation=images/linibox-w/linibox-w-installation-13.pdf;LDT=images/linibox-w/ldt/LINIBOX_W-13-40C-80-FX-MD.ldt;Brochure=images/linibox-w/linibox-w-brochure.pdf,
Linibox W,,,,,,,,,,,,,,,,,,,Linibox W 13 12.7W 25°,LINIBOX W-13-40C-80-FX-MD-WH-230D,White,images/linibox-w/linibox-w-13-white.jpg,4000K,CRI>80,Phase Dim,IP65,UGR<12.5,White · 160 × 56 × 95mm,12.7W,1345lm,106lm/W,25°,Installation=images/linibox-w/linibox-w-installation-13.pdf;LDT=images/linibox-w/ldt/LINIBOX_W-13-40C-80-FX-MD.ldt;Brochure=images/linibox-w/linibox-w-brochure.pdf,
Linibox W,,,,,,,,,,,,,,,,,,,Linibox W 13 12.7W 25°,LINIBOX W-13-40C-90-FX-MD-WH-230ND,White,images/linibox-w/linibox-w-13-white.jpg,4000K,CRI>90,On/Off,IP65,UGR<12.5,White · 160 × 56 × 95mm,12.7W,1209lm,95lm/W,25°,Installation=images/linibox-w/linibox-w-installation-13.pdf;LDT=images/linibox-w/ldt/LINIBOX_W-13-40C-90-FX-MD.ldt;Brochure=images/linibox-w/linibox-w-brochure.pdf,
Linibox W,,,,,,,,,,,,,,,,,,,Linibox W 13 12.7W 25°,LINIBOX W-13-40C-90-FX-MD-WH-230D,White,images/linibox-w/linibox-w-13-white.jpg,4000K,CRI>90,Phase Dim,IP65,UGR<12.5,White · 160 × 56 × 95mm,12.7W,1209lm,95lm/W,25°,Installation=images/linibox-w/linibox-w-installation-13.pdf;LDT=images/linibox-w/ldt/LINIBOX_W-13-40C-90-FX-MD.ldt;Brochure=images/linibox-w/linibox-w-brochure.pdf,
Linibox W,,,,,,,,,,,,,,,,,,,Linibox W 13 12.7W 25°,LINIBOX W-13-50C-80-FX-MD-WH-230ND,White,images/linibox-w/linibox-w-13-white.jpg,5000K,CRI>80,On/Off,IP65,UGR<12.5,White · 160 × 56 × 95mm,12.7W,1482lm,117lm/W,25°,Installation=images/linibox-w/linibox-w-installation-13.pdf;LDT=images/linibox-w/ldt/LINIBOX_W-13-50C-80-FX-MD.ldt;Brochure=images/linibox-w/linibox-w-brochure.pdf,
Linibox W,,,,,,,,,,,,,,,,,,,Linibox W 13 12.7W 25°,LINIBOX W-13-50C-80-FX-MD-WH-230D,White,images/linibox-w/linibox-w-13-white.jpg,5000K,CRI>80,Phase Dim,IP65,UGR<12.5,White · 160 × 56 × 95mm,12.7W,1482lm,117lm/W,25°,Installation=images/linibox-w/linibox-w-installation-13.pdf;LDT=images/linibox-w/ldt/LINIBOX_W-13-50C-80-FX-MD.ldt;Brochure=images/linibox-w/linibox-w-brochure.pdf,
Linibox W,,,,,,,,,,,,,,,,,,,Linibox W 13 12.7W 25°,LINIBOX W-13-50C-90-FX-MD-WH-230ND,White,images/linibox-w/linibox-w-13-white.jpg,5000K,CRI>90,On/Off,IP65,UGR<12.5,White · 160 × 56 × 95mm,12.7W,1284lm,101lm/W,25°,Installation=images/linibox-w/linibox-w-installation-13.pdf;LDT=images/linibox-w/ldt/LINIBOX_W-13-50C-90-FX-MD.ldt;Brochure=images/linibox-w/linibox-w-brochure.pdf,
Linibox W,,,,,,,,,,,,,,,,,,,Linibox W 13 12.7W 25°,LINIBOX W-13-50C-90-FX-MD-WH-230D,White,images/linibox-w/linibox-w-13-white.jpg,5000K,CRI>90,Phase Dim,IP65,UGR<12.5,White · 160 × 56 × 95mm,12.7W,1284lm,101lm/W,25°,Installation=images/linibox-w/linibox-w-installation-13.pdf;LDT=images/linibox-w/ldt/LINIBOX_W-13-50C-90-FX-MD.ldt;Brochure=images/linibox-w/linibox-w-brochure.pdf,
Linibox W,,,,,,,,,,,,,,,,,,,Linibox W 13 12.7W 35°,LINIBOX W-13-27C-80-FX-WD-WH-230ND,White,images/linibox-w/linibox-w-13-white.jpg,2700K,CRI>80,On/Off,IP65,UGR<20.6,White · 160 × 56 × 95mm,12.7W,1224lm,96lm/W,35°,Installation=images/linibox-w/linibox-w-installation-13.pdf;LDT=images/linibox-w/ldt/LINIBOX_W-13-27C-80-FX-WD.ldt;Brochure=images/linibox-w/linibox-w-brochure.pdf,
Linibox W,,,,,,,,,,,,,,,,,,,Linibox W 13 12.7W 35°,LINIBOX W-13-27C-80-FX-WD-WH-230D,White,images/linibox-w/linibox-w-13-white.jpg,2700K,CRI>80,Phase Dim,IP65,UGR<20.6,White · 160 × 56 × 95mm,12.7W,1224lm,96lm/W,35°,Installation=images/linibox-w/linibox-w-installation-13.pdf;LDT=images/linibox-w/ldt/LINIBOX_W-13-27C-80-FX-WD.ldt;Brochure=images/linibox-w/linibox-w-brochure.pdf,
Linibox W,,,,,,,,,,,,,,,,,,,Linibox W 13 12.7W 35°,LINIBOX W-13-27C-90-FX-WD-WH-230ND,White,images/linibox-w/linibox-w-13-white.jpg,2700K,CRI>90,On/Off,IP65,UGR<20.6,White · 160 × 56 × 95mm,12.7W,993lm,78lm/W,35°,Installation=images/linibox-w/linibox-w-installation-13.pdf;LDT=images/linibox-w/ldt/LINIBOX_W-13-27C-90-FX-WD.ldt;Brochure=images/linibox-w/linibox-w-brochure.pdf,
Linibox W,,,,,,,,,,,,,,,,,,,Linibox W 13 12.7W 35°,LINIBOX W-13-27C-90-FX-WD-WH-230D,White,images/linibox-w/linibox-w-13-white.jpg,2700K,CRI>90,Phase Dim,IP65,UGR<20.6,White · 160 × 56 × 95mm,12.7W,993lm,78lm/W,35°,Installation=images/linibox-w/linibox-w-installation-13.pdf;LDT=images/linibox-w/ldt/LINIBOX_W-13-27C-90-FX-WD.ldt;Brochure=images/linibox-w/linibox-w-brochure.pdf,
Linibox W,,,,,,,,,,,,,,,,,,,Linibox W 13 12.7W 35°,LINIBOX W-13-30C-80-FX-WD-WH-230ND,White,images/linibox-w/linibox-w-13-white.jpg,3000K,CRI>80,On/Off,IP65,UGR<20.6,White · 160 × 56 × 95mm,12.7W,1294lm,102lm/W,35°,Installation=images/linibox-w/linibox-w-installation-13.pdf;LDT=images/linibox-w/ldt/LINIBOX_W-13-30C-80-FX-WD.ldt;Brochure=images/linibox-w/linibox-w-brochure.pdf,
Linibox W,,,,,,,,,,,,,,,,,,,Linibox W 13 12.7W 35°,LINIBOX W-13-30C-80-FX-WD-WH-230D,White,images/linibox-w/linibox-w-13-white.jpg,3000K,CRI>80,Phase Dim,IP65,UGR<20.6,White · 160 × 56 × 95mm,12.7W,1294lm,102lm/W,35°,Installation=images/linibox-w/linibox-w-installation-13.pdf;LDT=images/linibox-w/ldt/LINIBOX_W-13-30C-80-FX-WD.ldt;Brochure=images/linibox-w/linibox-w-brochure.pdf,
Linibox W,,,,,,,,,,,,,,,,,,,Linibox W 13 12.7W 35°,LINIBOX W-13-30C-90-FX-WD-WH-230ND,White,images/linibox-w/linibox-w-13-white.jpg,3000K,CRI>90,On/Off,IP65,UGR<20.6,White · 160 × 56 × 95mm,12.7W,1132lm,89lm/W,35°,Installation=images/linibox-w/linibox-w-installation-13.pdf;LDT=images/linibox-w/ldt/LINIBOX_W-13-30C-90-FX-WD.ldt;Brochure=images/linibox-w/linibox-w-brochure.pdf,
Linibox W,,,,,,,,,,,,,,,,,,,Linibox W 13 12.7W 35°,LINIBOX W-13-30C-90-FX-WD-WH-230D,White,images/linibox-w/linibox-w-13-white.jpg,3000K,CRI>90,Phase Dim,IP65,UGR<20.6,White · 160 × 56 × 95mm,12.7W,1132lm,89lm/W,35°,Installation=images/linibox-w/linibox-w-installation-13.pdf;LDT=images/linibox-w/ldt/LINIBOX_W-13-30C-90-FX-WD.ldt;Brochure=images/linibox-w/linibox-w-brochure.pdf,
Linibox W,,,,,,,,,,,,,,,,,,,Linibox W 13 12.7W 35°,LINIBOX W-13-40C-80-FX-WD-WH-230ND,White,images/linibox-w/linibox-w-13-white.jpg,4000K,CRI>80,On/Off,IP65,UGR<20.6,White · 160 × 56 × 95mm,12.7W,1363lm,107lm/W,35°,Installation=images/linibox-w/linibox-w-installation-13.pdf;LDT=images/linibox-w/ldt/LINIBOX_W-13-40C-80-FX-WD.ldt;Brochure=images/linibox-w/linibox-w-brochure.pdf,
Linibox W,,,,,,,,,,,,,,,,,,,Linibox W 13 12.7W 35°,LINIBOX W-13-40C-80-FX-WD-WH-230D,White,images/linibox-w/linibox-w-13-white.jpg,4000K,CRI>80,Phase Dim,IP65,UGR<20.6,White · 160 × 56 × 95mm,12.7W,1363lm,107lm/W,35°,Installation=images/linibox-w/linibox-w-installation-13.pdf;LDT=images/linibox-w/ldt/LINIBOX_W-13-40C-80-FX-WD.ldt;Brochure=images/linibox-w/linibox-w-brochure.pdf,
Linibox W,,,,,,,,,,,,,,,,,,,Linibox W 13 12.7W 35°,LINIBOX W-13-40C-90-FX-WD-WH-230ND,White,images/linibox-w/linibox-w-13-white.jpg,4000K,CRI>90,On/Off,IP65,UGR<20.6,White · 160 × 56 × 95mm,12.7W,1224lm,96lm/W,35°,Installation=images/linibox-w/linibox-w-installation-13.pdf;LDT=images/linibox-w/ldt/LINIBOX_W-13-40C-90-FX-WD.ldt;Brochure=images/linibox-w/linibox-w-brochure.pdf,
Linibox W,,,,,,,,,,,,,,,,,,,Linibox W 13 12.7W 35°,LINIBOX W-13-40C-90-FX-WD-WH-230D,White,images/linibox-w/linibox-w-13-white.jpg,4000K,CRI>90,Phase Dim,IP65,UGR<20.6,White · 160 × 56 × 95mm,12.7W,1224lm,96lm/W,35°,Installation=images/linibox-w/linibox-w-installation-13.pdf;LDT=images/linibox-w/ldt/LINIBOX_W-13-40C-90-FX-WD.ldt;Brochure=images/linibox-w/linibox-w-brochure.pdf,
Linibox W,,,,,,,,,,,,,,,,,,,Linibox W 13 12.7W 35°,LINIBOX W-13-50C-80-FX-WD-WH-230ND,White,images/linibox-w/linibox-w-13-white.jpg,5000K,CRI>80,On/Off,IP65,UGR<20.6,White · 160 × 56 × 95mm,12.7W,1502lm,118lm/W,35°,Installation=images/linibox-w/linibox-w-installation-13.pdf;LDT=images/linibox-w/ldt/LINIBOX_W-13-50C-80-FX-WD.ldt;Brochure=images/linibox-w/linibox-w-brochure.pdf,
Linibox W,,,,,,,,,,,,,,,,,,,Linibox W 13 12.7W 35°,LINIBOX W-13-50C-80-FX-WD-WH-230D,White,images/linibox-w/linibox-w-13-white.jpg,5000K,CRI>80,Phase Dim,IP65,UGR<20.6,White · 160 × 56 × 95mm,12.7W,1502lm,118lm/W,35°,Installation=images/linibox-w/linibox-w-installation-13.pdf;LDT=images/linibox-w/ldt/LINIBOX_W-13-50C-80-FX-WD.ldt;Brochure=images/linibox-w/linibox-w-brochure.pdf,
Linibox W,,,,,,,,,,,,,,,,,,,Linibox W 13 12.7W 35°,LINIBOX W-13-50C-90-FX-WD-WH-230ND,White,images/linibox-w/linibox-w-13-white.jpg,5000K,CRI>90,On/Off,IP65,UGR<20.6,White · 160 × 56 × 95mm,12.7W,1301lm,102lm/W,35°,Installation=images/linibox-w/linibox-w-installation-13.pdf;LDT=images/linibox-w/ldt/LINIBOX_W-13-50C-90-FX-WD.ldt;Brochure=images/linibox-w/linibox-w-brochure.pdf,
Linibox W,,,,,,,,,,,,,,,,,,,Linibox W 13 12.7W 35°,LINIBOX W-13-50C-90-FX-WD-WH-230D,White,images/linibox-w/linibox-w-13-white.jpg,5000K,CRI>90,Phase Dim,IP65,UGR<20.6,White · 160 × 56 × 95mm,12.7W,1301lm,102lm/W,35°,Installation=images/linibox-w/linibox-w-installation-13.pdf;LDT=images/linibox-w/ldt/LINIBOX_W-13-50C-90-FX-WD.ldt;Brochure=images/linibox-w/linibox-w-brochure.pdf,
Linibox W,,,,,,,,,,,,,,,,,,,Linibox W 13 12.7W 62°,LINIBOX W-13-27C-80-FX-VW-WH-230ND,White,images/linibox-w/linibox-w-13-white.jpg,2700K,CRI>80,On/Off,IP65,UGR<23.6,White · 160 × 56 × 95mm,12.7W,1018lm,80lm/W,62°,Installation=images/linibox-w/linibox-w-installation-13.pdf;LDT=images/linibox-w/ldt/LINIBOX_W-13-27C-80-FX-VW.ldt;Brochure=images/linibox-w/linibox-w-brochure.pdf,
Linibox W,,,,,,,,,,,,,,,,,,,Linibox W 13 12.7W 62°,LINIBOX W-13-27C-80-FX-VW-WH-230D,White,images/linibox-w/linibox-w-13-white.jpg,2700K,CRI>80,Phase Dim,IP65,UGR<23.6,White · 160 × 56 × 95mm,12.7W,1018lm,80lm/W,62°,Installation=images/linibox-w/linibox-w-installation-13.pdf;LDT=images/linibox-w/ldt/LINIBOX_W-13-27C-80-FX-VW.ldt;Brochure=images/linibox-w/linibox-w-brochure.pdf,
Linibox W,,,,,,,,,,,,,,,,,,,Linibox W 13 12.7W 62°,LINIBOX W-13-27C-90-FX-VW-WH-230ND,White,images/linibox-w/linibox-w-13-white.jpg,2700K,CRI>90,On/Off,IP65,UGR<23.6,White · 160 × 56 × 95mm,12.7W,826lm,65lm/W,62°,Installation=images/linibox-w/linibox-w-installation-13.pdf;LDT=images/linibox-w/ldt/LINIBOX_W-13-27C-90-FX-VW.ldt;Brochure=images/linibox-w/linibox-w-brochure.pdf,
Linibox W,,,,,,,,,,,,,,,,,,,Linibox W 13 12.7W 62°,LINIBOX W-13-27C-90-FX-VW-WH-230D,White,images/linibox-w/linibox-w-13-white.jpg,2700K,CRI>90,Phase Dim,IP65,UGR<23.6,White · 160 × 56 × 95mm,12.7W,826lm,65lm/W,62°,Installation=images/linibox-w/linibox-w-installation-13.pdf;LDT=images/linibox-w/ldt/LINIBOX_W-13-27C-90-FX-VW.ldt;Brochure=images/linibox-w/linibox-w-brochure.pdf,
Linibox W,,,,,,,,,,,,,,,,,,,Linibox W 13 12.7W 62°,LINIBOX W-13-30C-80-FX-VW-WH-230ND,White,images/linibox-w/linibox-w-13-white.jpg,3000K,CRI>80,On/Off,IP65,UGR<23.6,White · 160 × 56 × 95mm,12.7W,1075lm,85lm/W,62°,Installation=images/linibox-w/linibox-w-installation-13.pdf;LDT=images/linibox-w/ldt/LINIBOX_W-13-30C-80-FX-VW.ldt;Brochure=images/linibox-w/linibox-w-brochure.pdf,
Linibox W,,,,,,,,,,,,,,,,,,,Linibox W 13 12.7W 62°,LINIBOX W-13-30C-80-FX-VW-WH-230D,White,images/linibox-w/linibox-w-13-white.jpg,3000K,CRI>80,Phase Dim,IP65,UGR<23.6,White · 160 × 56 × 95mm,12.7W,1075lm,85lm/W,62°,Installation=images/linibox-w/linibox-w-installation-13.pdf;LDT=images/linibox-w/ldt/LINIBOX_W-13-30C-80-FX-VW.ldt;Brochure=images/linibox-w/linibox-w-brochure.pdf,
Linibox W,,,,,,,,,,,,,,,,,,,Linibox W 13 12.7W 62°,LINIBOX W-13-30C-90-FX-VW-WH-230ND,White,images/linibox-w/linibox-w-13-white.jpg,3000K,CRI>90,On/Off,IP65,UGR<23.6,White · 160 × 56 × 95mm,12.7W,941lm,74lm/W,62°,Installation=images/linibox-w/linibox-w-installation-13.pdf;LDT=images/linibox-w/ldt/LINIBOX_W-13-30C-90-FX-VW.ldt;Brochure=images/linibox-w/linibox-w-brochure.pdf,
Linibox W,,,,,,,,,,,,,,,,,,,Linibox W 13 12.7W 62°,LINIBOX W-13-30C-90-FX-VW-WH-230D,White,images/linibox-w/linibox-w-13-white.jpg,3000K,CRI>90,Phase Dim,IP65,UGR<23.6,White · 160 × 56 × 95mm,12.7W,941lm,74lm/W,62°,Installation=images/linibox-w/linibox-w-installation-13.pdf;LDT=images/linibox-w/ldt/LINIBOX_W-13-30C-90-FX-VW.ldt;Brochure=images/linibox-w/linibox-w-brochure.pdf,
Linibox W,,,,,,,,,,,,,,,,,,,Linibox W 13 12.7W 62°,LINIBOX W-13-40C-80-FX-VW-WH-230ND,White,images/linibox-w/linibox-w-13-white.jpg,4000K,CRI>80,On/Off,IP65,UGR<23.6,White · 160 × 56 × 95mm,12.7W,1133lm,89lm/W,62°,Installation=images/linibox-w/linibox-w-installation-13.pdf;LDT=images/linibox-w/ldt/LINIBOX_W-13-40C-80-FX-VW.ldt;Brochure=images/linibox-w/linibox-w-brochure.pdf,
Linibox W,,,,,,,,,,,,,,,,,,,Linibox W 13 12.7W 62°,LINIBOX W-13-40C-80-FX-VW-WH-230D,White,images/linibox-w/linibox-w-13-white.jpg,4000K,CRI>80,Phase Dim,IP65,UGR<23.6,White · 160 × 56 × 95mm,12.7W,1133lm,89lm/W,62°,Installation=images/linibox-w/linibox-w-installation-13.pdf;LDT=images/linibox-w/ldt/LINIBOX_W-13-40C-80-FX-VW.ldt;Brochure=images/linibox-w/linibox-w-brochure.pdf,
Linibox W,,,,,,,,,,,,,,,,,,,Linibox W 13 12.7W 62°,LINIBOX W-13-40C-90-FX-VW-WH-230ND,White,images/linibox-w/linibox-w-13-white.jpg,4000K,CRI>90,On/Off,IP65,UGR<23.6,White · 160 × 56 × 95mm,12.7W,1018lm,80lm/W,62°,Installation=images/linibox-w/linibox-w-installation-13.pdf;LDT=images/linibox-w/ldt/LINIBOX_W-13-40C-90-FX-VW.ldt;Brochure=images/linibox-w/linibox-w-brochure.pdf,
Linibox W,,,,,,,,,,,,,,,,,,,Linibox W 13 12.7W 62°,LINIBOX W-13-40C-90-FX-VW-WH-230D,White,images/linibox-w/linibox-w-13-white.jpg,4000K,CRI>90,Phase Dim,IP65,UGR<23.6,White · 160 × 56 × 95mm,12.7W,1018lm,80lm/W,62°,Installation=images/linibox-w/linibox-w-installation-13.pdf;LDT=images/linibox-w/ldt/LINIBOX_W-13-40C-90-FX-VW.ldt;Brochure=images/linibox-w/linibox-w-brochure.pdf,
Linibox W,,,,,,,,,,,,,,,,,,,Linibox W 13 12.7W 62°,LINIBOX W-13-50C-80-FX-VW-WH-230ND,White,images/linibox-w/linibox-w-13-white.jpg,5000K,CRI>80,On/Off,IP65,UGR<23.6,White · 160 × 56 × 95mm,12.7W,1248lm,98lm/W,62°,Installation=images/linibox-w/linibox-w-installation-13.pdf;LDT=images/linibox-w/ldt/LINIBOX_W-13-50C-80-FX-VW.ldt;Brochure=images/linibox-w/linibox-w-brochure.pdf,
Linibox W,,,,,,,,,,,,,,,,,,,Linibox W 13 12.7W 62°,LINIBOX W-13-50C-80-FX-VW-WH-230D,White,images/linibox-w/linibox-w-13-white.jpg,5000K,CRI>80,Phase Dim,IP65,UGR<23.6,White · 160 × 56 × 95mm,12.7W,1248lm,98lm/W,62°,Installation=images/linibox-w/linibox-w-installation-13.pdf;LDT=images/linibox-w/ldt/LINIBOX_W-13-50C-80-FX-VW.ldt;Brochure=images/linibox-w/linibox-w-brochure.pdf,
Linibox W,,,,,,,,,,,,,,,,,,,Linibox W 13 12.7W 62°,LINIBOX W-13-50C-90-FX-VW-WH-230ND,White,images/linibox-w/linibox-w-13-white.jpg,5000K,CRI>90,On/Off,IP65,UGR<23.6,White · 160 × 56 × 95mm,12.7W,1082lm,85lm/W,62°,Installation=images/linibox-w/linibox-w-installation-13.pdf;LDT=images/linibox-w/ldt/LINIBOX_W-13-50C-90-FX-VW.ldt;Brochure=images/linibox-w/linibox-w-brochure.pdf,
Linibox W,,,,,,,,,,,,,,,,,,,Linibox W 13 12.7W 62°,LINIBOX W-13-50C-90-FX-VW-WH-230D,White,images/linibox-w/linibox-w-13-white.jpg,5000K,CRI>90,Phase Dim,IP65,UGR<23.6,White · 160 × 56 × 95mm,12.7W,1082lm,85lm/W,62°,Installation=images/linibox-w/linibox-w-installation-13.pdf;LDT=images/linibox-w/ldt/LINIBOX_W-13-50C-90-FX-VW.ldt;Brochure=images/linibox-w/linibox-w-brochure.pdf,
Linibox W,,,,,,,,,,,,,,,,,,,Linibox W 13 12.7W 16°x30°,LINIBOX W-13-27C-80-FX-AS-WH-230ND,White,images/linibox-w/linibox-w-13-white.jpg,2700K,CRI>80,On/Off,IP65,UGR<15.7,White · 160 × 56 × 95mm,12.7W,1129lm,89lm/W,16°x30°,Installation=images/linibox-w/linibox-w-installation-13.pdf;LDT=images/linibox-w/ldt/LINIBOX_W-13-27C-80-FX-AS.ldt;Brochure=images/linibox-w/linibox-w-brochure.pdf,
Linibox W,,,,,,,,,,,,,,,,,,,Linibox W 13 12.7W 16°x30°,LINIBOX W-13-27C-80-FX-AS-WH-230D,White,images/linibox-w/linibox-w-13-white.jpg,2700K,CRI>80,Phase Dim,IP65,UGR<15.7,White · 160 × 56 × 95mm,12.7W,1129lm,89lm/W,16°x30°,Installation=images/linibox-w/linibox-w-installation-13.pdf;LDT=images/linibox-w/ldt/LINIBOX_W-13-27C-80-FX-AS.ldt;Brochure=images/linibox-w/linibox-w-brochure.pdf,
Linibox W,,,,,,,,,,,,,,,,,,,Linibox W 13 12.7W 16°x30°,LINIBOX W-13-27C-90-FX-AS-WH-230ND,White,images/linibox-w/linibox-w-13-white.jpg,2700K,CRI>90,On/Off,IP65,UGR<15.7,White · 160 × 56 × 95mm,12.7W,916lm,72lm/W,16°x30°,Installation=images/linibox-w/linibox-w-installation-13.pdf;LDT=images/linibox-w/ldt/LINIBOX_W-13-27C-90-FX-AS.ldt;Brochure=images/linibox-w/linibox-w-brochure.pdf,
Linibox W,,,,,,,,,,,,,,,,,,,Linibox W 13 12.7W 16°x30°,LINIBOX W-13-27C-90-FX-AS-WH-230D,White,images/linibox-w/linibox-w-13-white.jpg,2700K,CRI>90,Phase Dim,IP65,UGR<15.7,White · 160 × 56 × 95mm,12.7W,916lm,72lm/W,16°x30°,Installation=images/linibox-w/linibox-w-installation-13.pdf;LDT=images/linibox-w/ldt/LINIBOX_W-13-27C-90-FX-AS.ldt;Brochure=images/linibox-w/linibox-w-brochure.pdf,
Linibox W,,,,,,,,,,,,,,,,,,,Linibox W 13 12.7W 16°x30°,LINIBOX W-13-30C-80-FX-AS-WH-230ND,White,images/linibox-w/linibox-w-13-white.jpg,3000K,CRI>80,On/Off,IP65,UGR<15.7,White · 160 × 56 × 95mm,12.7W,1193lm,94lm/W,16°x30°,Installation=images/linibox-w/linibox-w-installation-13.pdf;LDT=images/linibox-w/ldt/LINIBOX_W-13-30C-80-FX-AS.ldt;Brochure=images/linibox-w/linibox-w-brochure.pdf,
Linibox W,,,,,,,,,,,,,,,,,,,Linibox W 13 12.7W 16°x30°,LINIBOX W-13-30C-80-FX-AS-WH-230D,White,images/linibox-w/linibox-w-13-white.jpg,3000K,CRI>80,Phase Dim,IP65,UGR<15.7,White · 160 × 56 × 95mm,12.7W,1193lm,94lm/W,16°x30°,Installation=images/linibox-w/linibox-w-installation-13.pdf;LDT=images/linibox-w/ldt/LINIBOX_W-13-30C-80-FX-AS.ldt;Brochure=images/linibox-w/linibox-w-brochure.pdf,
Linibox W,,,,,,,,,,,,,,,,,,,Linibox W 13 12.7W 16°x30°,LINIBOX W-13-30C-90-FX-AS-WH-230ND,White,images/linibox-w/linibox-w-13-white.jpg,3000K,CRI>90,On/Off,IP65,UGR<15.7,White · 160 × 56 × 95mm,12.7W,1044lm,82lm/W,16°x30°,Installation=images/linibox-w/linibox-w-installation-13.pdf;LDT=images/linibox-w/ldt/LINIBOX_W-13-30C-90-FX-AS.ldt;Brochure=images/linibox-w/linibox-w-brochure.pdf,
Linibox W,,,,,,,,,,,,,,,,,,,Linibox W 13 12.7W 16°x30°,LINIBOX W-13-30C-90-FX-AS-WH-230D,White,images/linibox-w/linibox-w-13-white.jpg,3000K,CRI>90,Phase Dim,IP65,UGR<15.7,White · 160 × 56 × 95mm,12.7W,1044lm,82lm/W,16°x30°,Installation=images/linibox-w/linibox-w-installation-13.pdf;LDT=images/linibox-w/ldt/LINIBOX_W-13-30C-90-FX-AS.ldt;Brochure=images/linibox-w/linibox-w-brochure.pdf,
Linibox W,,,,,,,,,,,,,,,,,,,Linibox W 13 12.7W 16°x30°,LINIBOX W-13-40C-80-FX-AS-WH-230ND,White,images/linibox-w/linibox-w-13-white.jpg,4000K,CRI>80,On/Off,IP65,UGR<15.7,White · 160 × 56 × 95mm,12.7W,1257lm,99lm/W,16°x30°,Installation=images/linibox-w/linibox-w-installation-13.pdf;LDT=images/linibox-w/ldt/LINIBOX_W-13-40C-80-FX-AS.ldt;Brochure=images/linibox-w/linibox-w-brochure.pdf,
Linibox W,,,,,,,,,,,,,,,,,,,Linibox W 13 12.7W 16°x30°,LINIBOX W-13-40C-80-FX-AS-WH-230D,White,images/linibox-w/linibox-w-13-white.jpg,4000K,CRI>80,Phase Dim,IP65,UGR<15.7,White · 160 × 56 × 95mm,12.7W,1257lm,99lm/W,16°x30°,Installation=images/linibox-w/linibox-w-installation-13.pdf;LDT=images/linibox-w/ldt/LINIBOX_W-13-40C-80-FX-AS.ldt;Brochure=images/linibox-w/linibox-w-brochure.pdf,
Linibox W,,,,,,,,,,,,,,,,,,,Linibox W 13 12.7W 16°x30°,LINIBOX W-13-40C-90-FX-AS-WH-230ND,White,images/linibox-w/linibox-w-13-white.jpg,4000K,CRI>90,On/Off,IP65,UGR<15.7,White · 160 × 56 × 95mm,12.7W,1129lm,89lm/W,16°x30°,Installation=images/linibox-w/linibox-w-installation-13.pdf;LDT=images/linibox-w/ldt/LINIBOX_W-13-40C-90-FX-AS.ldt;Brochure=images/linibox-w/linibox-w-brochure.pdf,
Linibox W,,,,,,,,,,,,,,,,,,,Linibox W 13 12.7W 16°x30°,LINIBOX W-13-40C-90-FX-AS-WH-230D,White,images/linibox-w/linibox-w-13-white.jpg,4000K,CRI>90,Phase Dim,IP65,UGR<15.7,White · 160 × 56 × 95mm,12.7W,1129lm,89lm/W,16°x30°,Installation=images/linibox-w/linibox-w-installation-13.pdf;LDT=images/linibox-w/ldt/LINIBOX_W-13-40C-90-FX-AS.ldt;Brochure=images/linibox-w/linibox-w-brochure.pdf,
Linibox W,,,,,,,,,,,,,,,,,,,Linibox W 13 12.7W 16°x30°,LINIBOX W-13-50C-80-FX-AS-WH-230ND,White,images/linibox-w/linibox-w-13-white.jpg,5000K,CRI>80,On/Off,IP65,UGR<15.7,White · 160 × 56 × 95mm,12.7W,1385lm,109lm/W,16°x30°,Installation=images/linibox-w/linibox-w-installation-13.pdf;LDT=images/linibox-w/ldt/LINIBOX_W-13-50C-80-FX-AS.ldt;Brochure=images/linibox-w/linibox-w-brochure.pdf,
Linibox W,,,,,,,,,,,,,,,,,,,Linibox W 13 12.7W 16°x30°,LINIBOX W-13-50C-80-FX-AS-WH-230D,White,images/linibox-w/linibox-w-13-white.jpg,5000K,CRI>80,Phase Dim,IP65,UGR<15.7,White · 160 × 56 × 95mm,12.7W,1385lm,109lm/W,16°x30°,Installation=images/linibox-w/linibox-w-installation-13.pdf;LDT=images/linibox-w/ldt/LINIBOX_W-13-50C-80-FX-AS.ldt;Brochure=images/linibox-w/linibox-w-brochure.pdf,
Linibox W,,,,,,,,,,,,,,,,,,,Linibox W 13 12.7W 16°x30°,LINIBOX W-13-50C-90-FX-AS-WH-230ND,White,images/linibox-w/linibox-w-13-white.jpg,5000K,CRI>90,On/Off,IP65,UGR<15.7,White · 160 × 56 × 95mm,12.7W,1200lm,94lm/W,16°x30°,Installation=images/linibox-w/linibox-w-installation-13.pdf;LDT=images/linibox-w/ldt/LINIBOX_W-13-50C-90-FX-AS.ldt;Brochure=images/linibox-w/linibox-w-brochure.pdf,
Linibox W,,,,,,,,,,,,,,,,,,,Linibox W 13 12.7W 16°x30°,LINIBOX W-13-50C-90-FX-AS-WH-230D,White,images/linibox-w/linibox-w-13-white.jpg,5000K,CRI>90,Phase Dim,IP65,UGR<15.7,White · 160 × 56 × 95mm,12.7W,1200lm,94lm/W,16°x30°,Installation=images/linibox-w/linibox-w-installation-13.pdf;LDT=images/linibox-w/ldt/LINIBOX_W-13-50C-90-FX-AS.ldt;Brochure=images/linibox-w/linibox-w-brochure.pdf,
Linibox W,,,,,,,,,,,,,,,,,,,Linibox W 17 16.8W 17°,LINIBOX W-17-27C-80-FX-VN-WH-230ND,White,images/linibox-w/linibox-w-17-white.jpg,2700K,CRI>80,On/Off,IP65,UGR<13.7,White · 205 × 56 × 95mm,16.8W,1505lm,90lm/W,17°,Installation=images/linibox-w/linibox-w-installation-17.pdf;LDT=images/linibox-w/ldt/LINIBOX_W-17-27C-80-FX-VN.ldt;Brochure=images/linibox-w/linibox-w-brochure.pdf,
Linibox W,,,,,,,,,,,,,,,,,,,Linibox W 17 16.8W 17°,LINIBOX W-17-27C-80-FX-VN-WH-230D,White,images/linibox-w/linibox-w-17-white.jpg,2700K,CRI>80,Phase Dim,IP65,UGR<13.7,White · 205 × 56 × 95mm,16.8W,1505lm,90lm/W,17°,Installation=images/linibox-w/linibox-w-installation-17.pdf;LDT=images/linibox-w/ldt/LINIBOX_W-17-27C-80-FX-VN.ldt;Brochure=images/linibox-w/linibox-w-brochure.pdf,
Linibox W,,,,,,,,,,,,,,,,,,,Linibox W 17 16.8W 17°,LINIBOX W-17-27C-90-FX-VN-WH-230ND,White,images/linibox-w/linibox-w-17-white.jpg,2700K,CRI>90,On/Off,IP65,UGR<13.7,White · 205 × 56 × 95mm,16.8W,1221lm,73lm/W,17°,Installation=images/linibox-w/linibox-w-installation-17.pdf;LDT=images/linibox-w/ldt/LINIBOX_W-17-27C-90-FX-VN.ldt;Brochure=images/linibox-w/linibox-w-brochure.pdf,
Linibox W,,,,,,,,,,,,,,,,,,,Linibox W 17 16.8W 17°,LINIBOX W-17-27C-90-FX-VN-WH-230D,White,images/linibox-w/linibox-w-17-white.jpg,2700K,CRI>90,Phase Dim,IP65,UGR<13.7,White · 205 × 56 × 95mm,16.8W,1221lm,73lm/W,17°,Installation=images/linibox-w/linibox-w-installation-17.pdf;LDT=images/linibox-w/ldt/LINIBOX_W-17-27C-90-FX-VN.ldt;Brochure=images/linibox-w/linibox-w-brochure.pdf,
Linibox W,,,,,,,,,,,,,,,,,,,Linibox W 17 16.8W 17°,LINIBOX W-17-30C-80-FX-VN-WH-230ND,White,images/linibox-w/linibox-w-17-white.jpg,3000K,CRI>80,On/Off,IP65,UGR<13.7,White · 205 × 56 × 95mm,16.8W,1590lm,95lm/W,17°,Installation=images/linibox-w/linibox-w-installation-17.pdf;LDT=images/linibox-w/ldt/LINIBOX_W-17-30C-80-FX-VN.ldt;Brochure=images/linibox-w/linibox-w-brochure.pdf,
Linibox W,,,,,,,,,,,,,,,,,,,Linibox W 17 16.8W 17°,LINIBOX W-17-30C-80-FX-VN-WH-230D,White,images/linibox-w/linibox-w-17-white.jpg,3000K,CRI>80,Phase Dim,IP65,UGR<13.7,White · 205 × 56 × 95mm,16.8W,1590lm,95lm/W,17°,Installation=images/linibox-w/linibox-w-installation-17.pdf;LDT=images/linibox-w/ldt/LINIBOX_W-17-30C-80-FX-VN.ldt;Brochure=images/linibox-w/linibox-w-brochure.pdf,
Linibox W,,,,,,,,,,,,,,,,,,,Linibox W 17 16.8W 17°,LINIBOX W-17-30C-90-FX-VN-WH-230ND,White,images/linibox-w/linibox-w-17-white.jpg,3000K,CRI>90,On/Off,IP65,UGR<13.7,White · 205 × 56 × 95mm,16.8W,1392lm,83lm/W,17°,Installation=images/linibox-w/linibox-w-installation-17.pdf;LDT=images/linibox-w/ldt/LINIBOX_W-17-30C-90-FX-VN.ldt;Brochure=images/linibox-w/linibox-w-brochure.pdf,
Linibox W,,,,,,,,,,,,,,,,,,,Linibox W 17 16.8W 17°,LINIBOX W-17-30C-90-FX-VN-WH-230D,White,images/linibox-w/linibox-w-17-white.jpg,3000K,CRI>90,Phase Dim,IP65,UGR<13.7,White · 205 × 56 × 95mm,16.8W,1392lm,83lm/W,17°,Installation=images/linibox-w/linibox-w-installation-17.pdf;LDT=images/linibox-w/ldt/LINIBOX_W-17-30C-90-FX-VN.ldt;Brochure=images/linibox-w/linibox-w-brochure.pdf,
Linibox W,,,,,,,,,,,,,,,,,,,Linibox W 17 16.8W 17°,LINIBOX W-17-40C-80-FX-VN-WH-230ND,White,images/linibox-w/linibox-w-17-white.jpg,4000K,CRI>80,On/Off,IP65,UGR<13.7,White · 205 × 56 × 95mm,16.8W,1676lm,100lm/W,17°,Installation=images/linibox-w/linibox-w-installation-17.pdf;LDT=images/linibox-w/ldt/LINIBOX_W-17-40C-80-FX-VN.ldt;Brochure=images/linibox-w/linibox-w-brochure.pdf,
Linibox W,,,,,,,,,,,,,,,,,,,Linibox W 17 16.8W 17°,LINIBOX W-17-40C-80-FX-VN-WH-230D,White,images/linibox-w/linibox-w-17-white.jpg,4000K,CRI>80,Phase Dim,IP65,UGR<13.7,White · 205 × 56 × 95mm,16.8W,1676lm,100lm/W,17°,Installation=images/linibox-w/linibox-w-installation-17.pdf;LDT=images/linibox-w/ldt/LINIBOX_W-17-40C-80-FX-VN.ldt;Brochure=images/linibox-w/linibox-w-brochure.pdf,
Linibox W,,,,,,,,,,,,,,,,,,,Linibox W 17 16.8W 17°,LINIBOX W-17-40C-90-FX-VN-WH-230ND,White,images/linibox-w/linibox-w-17-white.jpg,4000K,CRI>90,On/Off,IP65,UGR<13.7,White · 205 × 56 × 95mm,16.8W,1505lm,90lm/W,17°,Installation=images/linibox-w/linibox-w-installation-17.pdf;LDT=images/linibox-w/ldt/LINIBOX_W-17-40C-90-FX-VN.ldt;Brochure=images/linibox-w/linibox-w-brochure.pdf,
Linibox W,,,,,,,,,,,,,,,,,,,Linibox W 17 16.8W 17°,LINIBOX W-17-40C-90-FX-VN-WH-230D,White,images/linibox-w/linibox-w-17-white.jpg,4000K,CRI>90,Phase Dim,IP65,UGR<13.7,White · 205 × 56 × 95mm,16.8W,1505lm,90lm/W,17°,Installation=images/linibox-w/linibox-w-installation-17.pdf;LDT=images/linibox-w/ldt/LINIBOX_W-17-40C-90-FX-VN.ldt;Brochure=images/linibox-w/linibox-w-brochure.pdf,
Linibox W,,,,,,,,,,,,,,,,,,,Linibox W 17 16.8W 17°,LINIBOX W-17-50C-80-FX-VN-WH-230ND,White,images/linibox-w/linibox-w-17-white.jpg,5000K,CRI>80,On/Off,IP65,UGR<13.7,White · 205 × 56 × 95mm,16.8W,1846lm,110lm/W,17°,Installation=images/linibox-w/linibox-w-installation-17.pdf;LDT=images/linibox-w/ldt/LINIBOX_W-17-50C-80-FX-VN.ldt;Brochure=images/linibox-w/linibox-w-brochure.pdf,
Linibox W,,,,,,,,,,,,,,,,,,,Linibox W 17 16.8W 17°,LINIBOX W-17-50C-80-FX-VN-WH-230D,White,images/linibox-w/linibox-w-17-white.jpg,5000K,CRI>80,Phase Dim,IP65,UGR<13.7,White · 205 × 56 × 95mm,16.8W,1846lm,110lm/W,17°,Installation=images/linibox-w/linibox-w-installation-17.pdf;LDT=images/linibox-w/ldt/LINIBOX_W-17-50C-80-FX-VN.ldt;Brochure=images/linibox-w/linibox-w-brochure.pdf,
Linibox W,,,,,,,,,,,,,,,,,,,Linibox W 17 16.8W 17°,LINIBOX W-17-50C-90-FX-VN-WH-230ND,White,images/linibox-w/linibox-w-17-white.jpg,5000K,CRI>90,On/Off,IP65,UGR<13.7,White · 205 × 56 × 95mm,16.8W,1598lm,95lm/W,17°,Installation=images/linibox-w/linibox-w-installation-17.pdf;LDT=images/linibox-w/ldt/LINIBOX_W-17-50C-90-FX-VN.ldt;Brochure=images/linibox-w/linibox-w-brochure.pdf,
Linibox W,,,,,,,,,,,,,,,,,,,Linibox W 17 16.8W 17°,LINIBOX W-17-50C-90-FX-VN-WH-230D,White,images/linibox-w/linibox-w-17-white.jpg,5000K,CRI>90,Phase Dim,IP65,UGR<13.7,White · 205 × 56 × 95mm,16.8W,1598lm,95lm/W,17°,Installation=images/linibox-w/linibox-w-installation-17.pdf;LDT=images/linibox-w/ldt/LINIBOX_W-17-50C-90-FX-VN.ldt;Brochure=images/linibox-w/linibox-w-brochure.pdf,
Linibox W,,,,,,,,,,,,,,,,,,,Linibox W 17 16.8W 21°,LINIBOX W-17-27C-80-FX-NR-WH-230ND,White,images/linibox-w/linibox-w-17-white.jpg,2700K,CRI>80,On/Off,IP65,UGR<13.1,White · 205 × 56 × 95mm,16.8W,1823lm,109lm/W,21°,Installation=images/linibox-w/linibox-w-installation-17.pdf;LDT=images/linibox-w/ldt/LINIBOX_W-17-27C-80-FX-NR.ldt;Brochure=images/linibox-w/linibox-w-brochure.pdf,
Linibox W,,,,,,,,,,,,,,,,,,,Linibox W 17 16.8W 21°,LINIBOX W-17-27C-80-FX-NR-WH-230D,White,images/linibox-w/linibox-w-17-white.jpg,2700K,CRI>80,Phase Dim,IP65,UGR<13.1,White · 205 × 56 × 95mm,16.8W,1823lm,109lm/W,21°,Installation=images/linibox-w/linibox-w-installation-17.pdf;LDT=images/linibox-w/ldt/LINIBOX_W-17-27C-80-FX-NR.ldt;Brochure=images/linibox-w/linibox-w-brochure.pdf,
Linibox W,,,,,,,,,,,,,,,,,,,Linibox W 17 16.8W 21°,LINIBOX W-17-27C-90-FX-NR-WH-230ND,White,images/linibox-w/linibox-w-17-white.jpg,2700K,CRI>90,On/Off,IP65,UGR<13.1,White · 205 × 56 × 95mm,16.8W,1479lm,88lm/W,21°,Installation=images/linibox-w/linibox-w-installation-17.pdf;LDT=images/linibox-w/ldt/LINIBOX_W-17-27C-90-FX-NR.ldt;Brochure=images/linibox-w/linibox-w-brochure.pdf,
Linibox W,,,,,,,,,,,,,,,,,,,Linibox W 17 16.8W 21°,LINIBOX W-17-27C-90-FX-NR-WH-230D,White,images/linibox-w/linibox-w-17-white.jpg,2700K,CRI>90,Phase Dim,IP65,UGR<13.1,White · 205 × 56 × 95mm,16.8W,1479lm,88lm/W,21°,Installation=images/linibox-w/linibox-w-installation-17.pdf;LDT=images/linibox-w/ldt/LINIBOX_W-17-27C-90-FX-NR.ldt;Brochure=images/linibox-w/linibox-w-brochure.pdf,
Linibox W,,,,,,,,,,,,,,,,,,,Linibox W 17 16.8W 21°,LINIBOX W-17-30C-80-FX-NR-WH-230ND,White,images/linibox-w/linibox-w-17-white.jpg,3000K,CRI>80,On/Off,IP65,UGR<13.1,White · 205 × 56 × 95mm,16.8W,1926lm,115lm/W,21°,Installation=images/linibox-w/linibox-w-installation-17.pdf;LDT=images/linibox-w/ldt/LINIBOX_W-17-30C-80-FX-NR.ldt;Brochure=images/linibox-w/linibox-w-brochure.pdf,
Linibox W,,,,,,,,,,,,,,,,,,,Linibox W 17 16.8W 21°,LINIBOX W-17-30C-80-FX-NR-WH-230D,White,images/linibox-w/linibox-w-17-white.jpg,3000K,CRI>80,Phase Dim,IP65,UGR<13.1,White · 205 × 56 × 95mm,16.8W,1926lm,115lm/W,21°,Installation=images/linibox-w/linibox-w-installation-17.pdf;LDT=images/linibox-w/ldt/LINIBOX_W-17-30C-80-FX-NR.ldt;Brochure=images/linibox-w/linibox-w-brochure.pdf,
Linibox W,,,,,,,,,,,,,,,,,,,Linibox W 17 16.8W 21°,LINIBOX W-17-30C-90-FX-NR-WH-230ND,White,images/linibox-w/linibox-w-17-white.jpg,3000K,CRI>90,On/Off,IP65,UGR<13.1,White · 205 × 56 × 95mm,16.8W,1686lm,100lm/W,21°,Installation=images/linibox-w/linibox-w-installation-17.pdf;LDT=images/linibox-w/ldt/LINIBOX_W-17-30C-90-FX-NR.ldt;Brochure=images/linibox-w/linibox-w-brochure.pdf,
Linibox W,,,,,,,,,,,,,,,,,,,Linibox W 17 16.8W 21°,LINIBOX W-17-30C-90-FX-NR-WH-230D,White,images/linibox-w/linibox-w-17-white.jpg,3000K,CRI>90,Phase Dim,IP65,UGR<13.1,White · 205 × 56 × 95mm,16.8W,1686lm,100lm/W,21°,Installation=images/linibox-w/linibox-w-installation-17.pdf;LDT=images/linibox-w/ldt/LINIBOX_W-17-30C-90-FX-NR.ldt;Brochure=images/linibox-w/linibox-w-brochure.pdf,
Linibox W,,,,,,,,,,,,,,,,,,,Linibox W 17 16.8W 21°,LINIBOX W-17-40C-80-FX-NR-WH-230ND,White,images/linibox-w/linibox-w-17-white.jpg,4000K,CRI>80,On/Off,IP65,UGR<13.1,White · 205 × 56 × 95mm,16.8W,2030lm,121lm/W,21°,Installation=images/linibox-w/linibox-w-installation-17.pdf;LDT=images/linibox-w/ldt/LINIBOX_W-17-40C-80-FX-NR.ldt;Brochure=images/linibox-w/linibox-w-brochure.pdf,
Linibox W,,,,,,,,,,,,,,,,,,,Linibox W 17 16.8W 21°,LINIBOX W-17-40C-80-FX-NR-WH-230D,White,images/linibox-w/linibox-w-17-white.jpg,4000K,CRI>80,Phase Dim,IP65,UGR<13.1,White · 205 × 56 × 95mm,16.8W,2030lm,121lm/W,21°,Installation=images/linibox-w/linibox-w-installation-17.pdf;LDT=images/linibox-w/ldt/LINIBOX_W-17-40C-80-FX-NR.ldt;Brochure=images/linibox-w/linibox-w-brochure.pdf,
Linibox W,,,,,,,,,,,,,,,,,,,Linibox W 17 16.8W 21°,LINIBOX W-17-40C-90-FX-NR-WH-230ND,White,images/linibox-w/linibox-w-17-white.jpg,4000K,CRI>90,On/Off,IP65,UGR<13.1,White · 205 × 56 × 95mm,16.8W,1823lm,109lm/W,21°,Installation=images/linibox-w/linibox-w-installation-17.pdf;LDT=images/linibox-w/ldt/LINIBOX_W-17-40C-90-FX-NR.ldt;Brochure=images/linibox-w/linibox-w-brochure.pdf,
Linibox W,,,,,,,,,,,,,,,,,,,Linibox W 17 16.8W 21°,LINIBOX W-17-40C-90-FX-NR-WH-230D,White,images/linibox-w/linibox-w-17-white.jpg,4000K,CRI>90,Phase Dim,IP65,UGR<13.1,White · 205 × 56 × 95mm,16.8W,1823lm,109lm/W,21°,Installation=images/linibox-w/linibox-w-installation-17.pdf;LDT=images/linibox-w/ldt/LINIBOX_W-17-40C-90-FX-NR.ldt;Brochure=images/linibox-w/linibox-w-brochure.pdf,
Linibox W,,,,,,,,,,,,,,,,,,,Linibox W 17 16.8W 21°,LINIBOX W-17-50C-80-FX-NR-WH-230ND,White,images/linibox-w/linibox-w-17-white.jpg,5000K,CRI>80,On/Off,IP65,UGR<13.1,White · 205 × 56 × 95mm,16.8W,2236lm,133lm/W,21°,Installation=images/linibox-w/linibox-w-installation-17.pdf;LDT=images/linibox-w/ldt/LINIBOX_W-17-50C-80-FX-NR.ldt;Brochure=images/linibox-w/linibox-w-brochure.pdf,
Linibox W,,,,,,,,,,,,,,,,,,,Linibox W 17 16.8W 21°,LINIBOX W-17-50C-80-FX-NR-WH-230D,White,images/linibox-w/linibox-w-17-white.jpg,5000K,CRI>80,Phase Dim,IP65,UGR<13.1,White · 205 × 56 × 95mm,16.8W,2236lm,133lm/W,21°,Installation=images/linibox-w/linibox-w-installation-17.pdf;LDT=images/linibox-w/ldt/LINIBOX_W-17-50C-80-FX-NR.ldt;Brochure=images/linibox-w/linibox-w-brochure.pdf,
Linibox W,,,,,,,,,,,,,,,,,,,Linibox W 17 16.8W 21°,LINIBOX W-17-50C-90-FX-NR-WH-230ND,White,images/linibox-w/linibox-w-17-white.jpg,5000K,CRI>90,On/Off,IP65,UGR<13.1,White · 205 × 56 × 95mm,16.8W,1935lm,115lm/W,21°,Installation=images/linibox-w/linibox-w-installation-17.pdf;LDT=images/linibox-w/ldt/LINIBOX_W-17-50C-90-FX-NR.ldt;Brochure=images/linibox-w/linibox-w-brochure.pdf,
Linibox W,,,,,,,,,,,,,,,,,,,Linibox W 17 16.8W 21°,LINIBOX W-17-50C-90-FX-NR-WH-230D,White,images/linibox-w/linibox-w-17-white.jpg,5000K,CRI>90,Phase Dim,IP65,UGR<13.1,White · 205 × 56 × 95mm,16.8W,1935lm,115lm/W,21°,Installation=images/linibox-w/linibox-w-installation-17.pdf;LDT=images/linibox-w/ldt/LINIBOX_W-17-50C-90-FX-NR.ldt;Brochure=images/linibox-w/linibox-w-brochure.pdf,
Linibox W,,,,,,,,,,,,,,,,,,,Linibox W 17 16.8W 25°,LINIBOX W-17-27C-80-FX-MD-WH-230ND,White,images/linibox-w/linibox-w-17-white.jpg,2700K,CRI>80,On/Off,IP65,UGR<12.5,White · 205 × 56 × 95mm,16.8W,1611lm,96lm/W,25°,Installation=images/linibox-w/linibox-w-installation-17.pdf;LDT=images/linibox-w/ldt/LINIBOX_W-17-27C-80-FX-MD.ldt;Brochure=images/linibox-w/linibox-w-brochure.pdf,
Linibox W,,,,,,,,,,,,,,,,,,,Linibox W 17 16.8W 25°,LINIBOX W-17-27C-80-FX-MD-WH-230D,White,images/linibox-w/linibox-w-17-white.jpg,2700K,CRI>80,Phase Dim,IP65,UGR<12.5,White · 205 × 56 × 95mm,16.8W,1611lm,96lm/W,25°,Installation=images/linibox-w/linibox-w-installation-17.pdf;LDT=images/linibox-w/ldt/LINIBOX_W-17-27C-80-FX-MD.ldt;Brochure=images/linibox-w/linibox-w-brochure.pdf,
Linibox W,,,,,,,,,,,,,,,,,,,Linibox W 17 16.8W 25°,LINIBOX W-17-27C-90-FX-MD-WH-230ND,White,images/linibox-w/linibox-w-17-white.jpg,2700K,CRI>90,On/Off,IP65,UGR<12.5,White · 205 × 56 × 95mm,16.8W,1307lm,78lm/W,25°,Installation=images/linibox-w/linibox-w-installation-17.pdf;LDT=images/linibox-w/ldt/LINIBOX_W-17-27C-90-FX-MD.ldt;Brochure=images/linibox-w/linibox-w-brochure.pdf,
Linibox W,,,,,,,,,,,,,,,,,,,Linibox W 17 16.8W 25°,LINIBOX W-17-27C-90-FX-MD-WH-230D,White,images/linibox-w/linibox-w-17-white.jpg,2700K,CRI>90,Phase Dim,IP65,UGR<12.5,White · 205 × 56 × 95mm,16.8W,1307lm,78lm/W,25°,Installation=images/linibox-w/linibox-w-installation-17.pdf;LDT=images/linibox-w/ldt/LINIBOX_W-17-27C-90-FX-MD.ldt;Brochure=images/linibox-w/linibox-w-brochure.pdf,
Linibox W,,,,,,,,,,,,,,,,,,,Linibox W 17 16.8W 25°,LINIBOX W-17-30C-80-FX-MD-WH-230ND,White,images/linibox-w/linibox-w-17-white.jpg,3000K,CRI>80,On/Off,IP65,UGR<12.5,White · 205 × 56 × 95mm,16.8W,1702lm,101lm/W,25°,Installation=images/linibox-w/linibox-w-installation-17.pdf;LDT=images/linibox-w/ldt/LINIBOX_W-17-30C-80-FX-MD.ldt;Brochure=images/linibox-w/linibox-w-brochure.pdf,
Linibox W,,,,,,,,,,,,,,,,,,,Linibox W 17 16.8W 25°,LINIBOX W-17-30C-80-FX-MD-WH-230D,White,images/linibox-w/linibox-w-17-white.jpg,3000K,CRI>80,Phase Dim,IP65,UGR<12.5,White · 205 × 56 × 95mm,16.8W,1702lm,101lm/W,25°,Installation=images/linibox-w/linibox-w-installation-17.pdf;LDT=images/linibox-w/ldt/LINIBOX_W-17-30C-80-FX-MD.ldt;Brochure=images/linibox-w/linibox-w-brochure.pdf,
Linibox W,,,,,,,,,,,,,,,,,,,Linibox W 17 16.8W 25°,LINIBOX W-17-30C-90-FX-MD-WH-230ND,White,images/linibox-w/linibox-w-17-white.jpg,3000K,CRI>90,On/Off,IP65,UGR<12.5,White · 205 × 56 × 95mm,16.8W,1490lm,89lm/W,25°,Installation=images/linibox-w/linibox-w-installation-17.pdf;LDT=images/linibox-w/ldt/LINIBOX_W-17-30C-90-FX-MD.ldt;Brochure=images/linibox-w/linibox-w-brochure.pdf,
Linibox W,,,,,,,,,,,,,,,,,,,Linibox W 17 16.8W 25°,LINIBOX W-17-30C-90-FX-MD-WH-230D,White,images/linibox-w/linibox-w-17-white.jpg,3000K,CRI>90,Phase Dim,IP65,UGR<12.5,White · 205 × 56 × 95mm,16.8W,1490lm,89lm/W,25°,Installation=images/linibox-w/linibox-w-installation-17.pdf;LDT=images/linibox-w/ldt/LINIBOX_W-17-30C-90-FX-MD.ldt;Brochure=images/linibox-w/linibox-w-brochure.pdf,
Linibox W,,,,,,,,,,,,,,,,,,,Linibox W 17 16.8W 25°,LINIBOX W-17-40C-80-FX-MD-WH-230ND,White,images/linibox-w/linibox-w-17-white.jpg,4000K,CRI>80,On/Off,IP65,UGR<12.5,White · 205 × 56 × 95mm,16.8W,1794lm,107lm/W,25°,Installation=images/linibox-w/linibox-w-installation-17.pdf;LDT=images/linibox-w/ldt/LINIBOX_W-17-40C-80-FX-MD.ldt;Brochure=images/linibox-w/linibox-w-brochure.pdf,
Linibox W,,,,,,,,,,,,,,,,,,,Linibox W 17 16.8W 25°,LINIBOX W-17-40C-80-FX-MD-WH-230D,White,images/linibox-w/linibox-w-17-white.jpg,4000K,CRI>80,Phase Dim,IP65,UGR<12.5,White · 205 × 56 × 95mm,16.8W,1794lm,107lm/W,25°,Installation=images/linibox-w/linibox-w-installation-17.pdf;LDT=images/linibox-w/ldt/LINIBOX_W-17-40C-80-FX-MD.ldt;Brochure=images/linibox-w/linibox-w-brochure.pdf,
Linibox W,,,,,,,,,,,,,,,,,,,Linibox W 17 16.8W 25°,LINIBOX W-17-40C-90-FX-MD-WH-230ND,White,images/linibox-w/linibox-w-17-white.jpg,4000K,CRI>90,On/Off,IP65,UGR<12.5,White · 205 × 56 × 95mm,16.8W,1611lm,96lm/W,25°,Installation=images/linibox-w/linibox-w-installation-17.pdf;LDT=images/linibox-w/ldt/LINIBOX_W-17-40C-90-FX-MD.ldt;Brochure=images/linibox-w/linibox-w-brochure.pdf,
Linibox W,,,,,,,,,,,,,,,,,,,Linibox W 17 16.8W 25°,LINIBOX W-17-40C-90-FX-MD-WH-230D,White,images/linibox-w/linibox-w-17-white.jpg,4000K,CRI>90,Phase Dim,IP65,UGR<12.5,White · 205 × 56 × 95mm,16.8W,1611lm,96lm/W,25°,Installation=images/linibox-w/linibox-w-installation-17.pdf;LDT=images/linibox-w/ldt/LINIBOX_W-17-40C-90-FX-MD.ldt;Brochure=images/linibox-w/linibox-w-brochure.pdf,
Linibox W,,,,,,,,,,,,,,,,,,,Linibox W 17 16.8W 25°,LINIBOX W-17-50C-80-FX-MD-WH-230ND,White,images/linibox-w/linibox-w-17-white.jpg,5000K,CRI>80,On/Off,IP65,UGR<12.5,White · 205 × 56 × 95mm,16.8W,1976lm,118lm/W,25°,Installation=images/linibox-w/linibox-w-installation-17.pdf;LDT=images/linibox-w/ldt/LINIBOX_W-17-50C-80-FX-MD.ldt;Brochure=images/linibox-w/linibox-w-brochure.pdf,
Linibox W,,,,,,,,,,,,,,,,,,,Linibox W 17 16.8W 25°,LINIBOX W-17-50C-80-FX-MD-WH-230D,White,images/linibox-w/linibox-w-17-white.jpg,5000K,CRI>80,Phase Dim,IP65,UGR<12.5,White · 205 × 56 × 95mm,16.8W,1976lm,118lm/W,25°,Installation=images/linibox-w/linibox-w-installation-17.pdf;LDT=images/linibox-w/ldt/LINIBOX_W-17-50C-80-FX-MD.ldt;Brochure=images/linibox-w/linibox-w-brochure.pdf,
Linibox W,,,,,,,,,,,,,,,,,,,Linibox W 17 16.8W 25°,LINIBOX W-17-50C-90-FX-MD-WH-230ND,White,images/linibox-w/linibox-w-17-white.jpg,5000K,CRI>90,On/Off,IP65,UGR<12.5,White · 205 × 56 × 95mm,16.8W,1710lm,102lm/W,25°,Installation=images/linibox-w/linibox-w-installation-17.pdf;LDT=images/linibox-w/ldt/LINIBOX_W-17-50C-90-FX-MD.ldt;Brochure=images/linibox-w/linibox-w-brochure.pdf,
Linibox W,,,,,,,,,,,,,,,,,,,Linibox W 17 16.8W 25°,LINIBOX W-17-50C-90-FX-MD-WH-230D,White,images/linibox-w/linibox-w-17-white.jpg,5000K,CRI>90,Phase Dim,IP65,UGR<12.5,White · 205 × 56 × 95mm,16.8W,1710lm,102lm/W,25°,Installation=images/linibox-w/linibox-w-installation-17.pdf;LDT=images/linibox-w/ldt/LINIBOX_W-17-50C-90-FX-MD.ldt;Brochure=images/linibox-w/linibox-w-brochure.pdf,
Linibox W,,,,,,,,,,,,,,,,,,,Linibox W 17 16.8W 35°,LINIBOX W-17-27C-80-FX-WD-WH-230ND,White,images/linibox-w/linibox-w-17-white.jpg,2700K,CRI>80,On/Off,IP65,UGR<20.6,White · 205 × 56 × 95mm,16.8W,1632lm,97lm/W,35°,Installation=images/linibox-w/linibox-w-installation-17.pdf;LDT=images/linibox-w/ldt/LINIBOX_W-17-27C-80-FX-WD.ldt;Brochure=images/linibox-w/linibox-w-brochure.pdf,
Linibox W,,,,,,,,,,,,,,,,,,,Linibox W 17 16.8W 35°,LINIBOX W-17-27C-80-FX-WD-WH-230D,White,images/linibox-w/linibox-w-17-white.jpg,2700K,CRI>80,Phase Dim,IP65,UGR<20.6,White · 205 × 56 × 95mm,16.8W,1632lm,97lm/W,35°,Installation=images/linibox-w/linibox-w-installation-17.pdf;LDT=images/linibox-w/ldt/LINIBOX_W-17-27C-80-FX-WD.ldt;Brochure=images/linibox-w/linibox-w-brochure.pdf,
Linibox W,,,,,,,,,,,,,,,,,,,Linibox W 17 16.8W 35°,LINIBOX W-17-27C-90-FX-WD-WH-230ND,White,images/linibox-w/linibox-w-17-white.jpg,2700K,CRI>90,On/Off,IP65,UGR<20.6,White · 205 × 56 × 95mm,16.8W,1324lm,79lm/W,35°,Installation=images/linibox-w/linibox-w-installation-17.pdf;LDT=images/linibox-w/ldt/LINIBOX_W-17-27C-90-FX-WD.ldt;Brochure=images/linibox-w/linibox-w-brochure.pdf,
Linibox W,,,,,,,,,,,,,,,,,,,Linibox W 17 16.8W 35°,LINIBOX W-17-27C-90-FX-WD-WH-230D,White,images/linibox-w/linibox-w-17-white.jpg,2700K,CRI>90,Phase Dim,IP65,UGR<20.6,White · 205 × 56 × 95mm,16.8W,1324lm,79lm/W,35°,Installation=images/linibox-w/linibox-w-installation-17.pdf;LDT=images/linibox-w/ldt/LINIBOX_W-17-27C-90-FX-WD.ldt;Brochure=images/linibox-w/linibox-w-brochure.pdf,
Linibox W,,,,,,,,,,,,,,,,,,,Linibox W 17 16.8W 35°,LINIBOX W-17-30C-80-FX-WD-WH-230ND,White,images/linibox-w/linibox-w-17-white.jpg,3000K,CRI>80,On/Off,IP65,UGR<20.6,White · 205 × 56 × 95mm,16.8W,1725lm,103lm/W,35°,Installation=images/linibox-w/linibox-w-installation-17.pdf;LDT=images/linibox-w/ldt/LINIBOX_W-17-30C-80-FX-WD.ldt;Brochure=images/linibox-w/linibox-w-brochure.pdf,
Linibox W,,,,,,,,,,,,,,,,,,,Linibox W 17 16.8W 35°,LINIBOX W-17-30C-80-FX-WD-WH-230D,White,images/linibox-w/linibox-w-17-white.jpg,3000K,CRI>80,Phase Dim,IP65,UGR<20.6,White · 205 × 56 × 95mm,16.8W,1725lm,103lm/W,35°,Installation=images/linibox-w/linibox-w-installation-17.pdf;LDT=images/linibox-w/ldt/LINIBOX_W-17-30C-80-FX-WD.ldt;Brochure=images/linibox-w/linibox-w-brochure.pdf,
Linibox W,,,,,,,,,,,,,,,,,,,Linibox W 17 16.8W 35°,LINIBOX W-17-30C-90-FX-WD-WH-230ND,White,images/linibox-w/linibox-w-17-white.jpg,3000K,CRI>90,On/Off,IP65,UGR<20.6,White · 205 × 56 × 95mm,16.8W,1509lm,90lm/W,35°,Installation=images/linibox-w/linibox-w-installation-17.pdf;LDT=images/linibox-w/ldt/LINIBOX_W-17-30C-90-FX-WD.ldt;Brochure=images/linibox-w/linibox-w-brochure.pdf,
Linibox W,,,,,,,,,,,,,,,,,,,Linibox W 17 16.8W 35°,LINIBOX W-17-30C-90-FX-WD-WH-230D,White,images/linibox-w/linibox-w-17-white.jpg,3000K,CRI>90,Phase Dim,IP65,UGR<20.6,White · 205 × 56 × 95mm,16.8W,1509lm,90lm/W,35°,Installation=images/linibox-w/linibox-w-installation-17.pdf;LDT=images/linibox-w/ldt/LINIBOX_W-17-30C-90-FX-WD.ldt;Brochure=images/linibox-w/linibox-w-brochure.pdf,
Linibox W,,,,,,,,,,,,,,,,,,,Linibox W 17 16.8W 35°,LINIBOX W-17-40C-80-FX-WD-WH-230ND,White,images/linibox-w/linibox-w-17-white.jpg,4000K,CRI>80,On/Off,IP65,UGR<20.6,White · 205 × 56 × 95mm,16.8W,1817lm,108lm/W,35°,Installation=images/linibox-w/linibox-w-installation-17.pdf;LDT=images/linibox-w/ldt/LINIBOX_W-17-40C-80-FX-WD.ldt;Brochure=images/linibox-w/linibox-w-brochure.pdf,
Linibox W,,,,,,,,,,,,,,,,,,,Linibox W 17 16.8W 35°,LINIBOX W-17-40C-80-FX-WD-WH-230D,White,images/linibox-w/linibox-w-17-white.jpg,4000K,CRI>80,Phase Dim,IP65,UGR<20.6,White · 205 × 56 × 95mm,16.8W,1817lm,108lm/W,35°,Installation=images/linibox-w/linibox-w-installation-17.pdf;LDT=images/linibox-w/ldt/LINIBOX_W-17-40C-80-FX-WD.ldt;Brochure=images/linibox-w/linibox-w-brochure.pdf,
Linibox W,,,,,,,,,,,,,,,,,,,Linibox W 17 16.8W 35°,LINIBOX W-17-40C-90-FX-WD-WH-230ND,White,images/linibox-w/linibox-w-17-white.jpg,4000K,CRI>90,On/Off,IP65,UGR<20.6,White · 205 × 56 × 95mm,16.8W,1632lm,97lm/W,35°,Installation=images/linibox-w/linibox-w-installation-17.pdf;LDT=images/linibox-w/ldt/LINIBOX_W-17-40C-90-FX-WD.ldt;Brochure=images/linibox-w/linibox-w-brochure.pdf,
Linibox W,,,,,,,,,,,,,,,,,,,Linibox W 17 16.8W 35°,LINIBOX W-17-40C-90-FX-WD-WH-230D,White,images/linibox-w/linibox-w-17-white.jpg,4000K,CRI>90,Phase Dim,IP65,UGR<20.6,White · 205 × 56 × 95mm,16.8W,1632lm,97lm/W,35°,Installation=images/linibox-w/linibox-w-installation-17.pdf;LDT=images/linibox-w/ldt/LINIBOX_W-17-40C-90-FX-WD.ldt;Brochure=images/linibox-w/linibox-w-brochure.pdf,
Linibox W,,,,,,,,,,,,,,,,,,,Linibox W 17 16.8W 35°,LINIBOX W-17-50C-80-FX-WD-WH-230ND,White,images/linibox-w/linibox-w-17-white.jpg,5000K,CRI>80,On/Off,IP65,UGR<20.6,White · 205 × 56 × 95mm,16.8W,2002lm,119lm/W,35°,Installation=images/linibox-w/linibox-w-installation-17.pdf;LDT=images/linibox-w/ldt/LINIBOX_W-17-50C-80-FX-WD.ldt;Brochure=images/linibox-w/linibox-w-brochure.pdf,
Linibox W,,,,,,,,,,,,,,,,,,,Linibox W 17 16.8W 35°,LINIBOX W-17-50C-80-FX-WD-WH-230D,White,images/linibox-w/linibox-w-17-white.jpg,5000K,CRI>80,Phase Dim,IP65,UGR<20.6,White · 205 × 56 × 95mm,16.8W,2002lm,119lm/W,35°,Installation=images/linibox-w/linibox-w-installation-17.pdf;LDT=images/linibox-w/ldt/LINIBOX_W-17-50C-80-FX-WD.ldt;Brochure=images/linibox-w/linibox-w-brochure.pdf,
Linibox W,,,,,,,,,,,,,,,,,,,Linibox W 17 16.8W 35°,LINIBOX W-17-50C-90-FX-WD-WH-230ND,White,images/linibox-w/linibox-w-17-white.jpg,5000K,CRI>90,On/Off,IP65,UGR<20.6,White · 205 × 56 × 95mm,16.8W,1733lm,103lm/W,35°,Installation=images/linibox-w/linibox-w-installation-17.pdf;LDT=images/linibox-w/ldt/LINIBOX_W-17-50C-90-FX-WD.ldt;Brochure=images/linibox-w/linibox-w-brochure.pdf,
Linibox W,,,,,,,,,,,,,,,,,,,Linibox W 17 16.8W 35°,LINIBOX W-17-50C-90-FX-WD-WH-230D,White,images/linibox-w/linibox-w-17-white.jpg,5000K,CRI>90,Phase Dim,IP65,UGR<20.6,White · 205 × 56 × 95mm,16.8W,1733lm,103lm/W,35°,Installation=images/linibox-w/linibox-w-installation-17.pdf;LDT=images/linibox-w/ldt/LINIBOX_W-17-50C-90-FX-WD.ldt;Brochure=images/linibox-w/linibox-w-brochure.pdf,
Linibox W,,,,,,,,,,,,,,,,,,,Linibox W 17 16.8W 62°,LINIBOX W-17-27C-80-FX-VW-WH-230ND,White,images/linibox-w/linibox-w-17-white.jpg,2700K,CRI>80,On/Off,IP65,UGR<23.6,White · 205 × 56 × 95mm,16.8W,1357lm,81lm/W,62°,Installation=images/linibox-w/linibox-w-installation-17.pdf;LDT=images/linibox-w/ldt/LINIBOX_W-17-27C-80-FX-VW.ldt;Brochure=images/linibox-w/linibox-w-brochure.pdf,
Linibox W,,,,,,,,,,,,,,,,,,,Linibox W 17 16.8W 62°,LINIBOX W-17-27C-80-FX-VW-WH-230D,White,images/linibox-w/linibox-w-17-white.jpg,2700K,CRI>80,Phase Dim,IP65,UGR<23.6,White · 205 × 56 × 95mm,16.8W,1357lm,81lm/W,62°,Installation=images/linibox-w/linibox-w-installation-17.pdf;LDT=images/linibox-w/ldt/LINIBOX_W-17-27C-80-FX-VW.ldt;Brochure=images/linibox-w/linibox-w-brochure.pdf,
Linibox W,,,,,,,,,,,,,,,,,,,Linibox W 17 16.8W 62°,LINIBOX W-17-27C-90-FX-VW-WH-230ND,White,images/linibox-w/linibox-w-17-white.jpg,2700K,CRI>90,On/Off,IP65,UGR<23.6,White · 205 × 56 × 95mm,16.8W,1101lm,66lm/W,62°,Installation=images/linibox-w/linibox-w-installation-17.pdf;LDT=images/linibox-w/ldt/LINIBOX_W-17-27C-90-FX-VW.ldt;Brochure=images/linibox-w/linibox-w-brochure.pdf,
Linibox W,,,,,,,,,,,,,,,,,,,Linibox W 17 16.8W 62°,LINIBOX W-17-27C-90-FX-VW-WH-230D,White,images/linibox-w/linibox-w-17-white.jpg,2700K,CRI>90,Phase Dim,IP65,UGR<23.6,White · 205 × 56 × 95mm,16.8W,1101lm,66lm/W,62°,Installation=images/linibox-w/linibox-w-installation-17.pdf;LDT=images/linibox-w/ldt/LINIBOX_W-17-27C-90-FX-VW.ldt;Brochure=images/linibox-w/linibox-w-brochure.pdf,
Linibox W,,,,,,,,,,,,,,,,,,,Linibox W 17 16.8W 62°,LINIBOX W-17-30C-80-FX-VW-WH-230ND,White,images/linibox-w/linibox-w-17-white.jpg,3000K,CRI>80,On/Off,IP65,UGR<23.6,White · 205 × 56 × 95mm,16.8W,1434lm,85lm/W,62°,Installation=images/linibox-w/linibox-w-installation-17.pdf;LDT=images/linibox-w/ldt/LINIBOX_W-17-30C-80-FX-VW.ldt;Brochure=images/linibox-w/linibox-w-brochure.pdf,
Linibox W,,,,,,,,,,,,,,,,,,,Linibox W 17 16.8W 62°,LINIBOX W-17-30C-80-FX-VW-WH-230D,White,images/linibox-w/linibox-w-17-white.jpg,3000K,CRI>80,Phase Dim,IP65,UGR<23.6,White · 205 × 56 × 95mm,16.8W,1434lm,85lm/W,62°,Installation=images/linibox-w/linibox-w-installation-17.pdf;LDT=images/linibox-w/ldt/LINIBOX_W-17-30C-80-FX-VW.ldt;Brochure=images/linibox-w/linibox-w-brochure.pdf,
Linibox W,,,,,,,,,,,,,,,,,,,Linibox W 17 16.8W 62°,LINIBOX W-17-30C-90-FX-VW-WH-230ND,White,images/linibox-w/linibox-w-17-white.jpg,3000K,CRI>90,On/Off,IP65,UGR<23.6,White · 205 × 56 × 95mm,16.8W,1254lm,75lm/W,62°,Installation=images/linibox-w/linibox-w-installation-17.pdf;LDT=images/linibox-w/ldt/LINIBOX_W-17-30C-90-FX-VW.ldt;Brochure=images/linibox-w/linibox-w-brochure.pdf,
Linibox W,,,,,,,,,,,,,,,,,,,Linibox W 17 16.8W 62°,LINIBOX W-17-30C-90-FX-VW-WH-230D,White,images/linibox-w/linibox-w-17-white.jpg,3000K,CRI>90,Phase Dim,IP65,UGR<23.6,White · 205 × 56 × 95mm,16.8W,1254lm,75lm/W,62°,Installation=images/linibox-w/linibox-w-installation-17.pdf;LDT=images/linibox-w/ldt/LINIBOX_W-17-30C-90-FX-VW.ldt;Brochure=images/linibox-w/linibox-w-brochure.pdf,
Linibox W,,,,,,,,,,,,,,,,,,,Linibox W 17 16.8W 62°,LINIBOX W-17-40C-80-FX-VW-WH-230ND,White,images/linibox-w/linibox-w-17-white.jpg,4000K,CRI>80,On/Off,IP65,UGR<23.6,White · 205 × 56 × 95mm,16.8W,1510lm,90lm/W,62°,Installation=images/linibox-w/linibox-w-installation-17.pdf;LDT=images/linibox-w/ldt/LINIBOX_W-17-40C-80-FX-VW.ldt;Brochure=images/linibox-w/linibox-w-brochure.pdf,
Linibox W,,,,,,,,,,,,,,,,,,,Linibox W 17 16.8W 62°,LINIBOX W-17-40C-80-FX-VW-WH-230D,White,images/linibox-w/linibox-w-17-white.jpg,4000K,CRI>80,Phase Dim,IP65,UGR<23.6,White · 205 × 56 × 95mm,16.8W,1510lm,90lm/W,62°,Installation=images/linibox-w/linibox-w-installation-17.pdf;LDT=images/linibox-w/ldt/LINIBOX_W-17-40C-80-FX-VW.ldt;Brochure=images/linibox-w/linibox-w-brochure.pdf,
Linibox W,,,,,,,,,,,,,,,,,,,Linibox W 17 16.8W 62°,LINIBOX W-17-40C-90-FX-VW-WH-230ND,White,images/linibox-w/linibox-w-17-white.jpg,4000K,CRI>90,On/Off,IP65,UGR<23.6,White · 205 × 56 × 95mm,16.8W,1357lm,81lm/W,62°,Installation=images/linibox-w/linibox-w-installation-17.pdf;LDT=images/linibox-w/ldt/LINIBOX_W-17-40C-90-FX-VW.ldt;Brochure=images/linibox-w/linibox-w-brochure.pdf,
Linibox W,,,,,,,,,,,,,,,,,,,Linibox W 17 16.8W 62°,LINIBOX W-17-40C-90-FX-VW-WH-230D,White,images/linibox-w/linibox-w-17-white.jpg,4000K,CRI>90,Phase Dim,IP65,UGR<23.6,White · 205 × 56 × 95mm,16.8W,1357lm,81lm/W,62°,Installation=images/linibox-w/linibox-w-installation-17.pdf;LDT=images/linibox-w/ldt/LINIBOX_W-17-40C-90-FX-VW.ldt;Brochure=images/linibox-w/linibox-w-brochure.pdf,
Linibox W,,,,,,,,,,,,,,,,,,,Linibox W 17 16.8W 62°,LINIBOX W-17-50C-80-FX-VW-WH-230ND,White,images/linibox-w/linibox-w-17-white.jpg,5000K,CRI>80,On/Off,IP65,UGR<23.6,White · 205 × 56 × 95mm,16.8W,1664lm,99lm/W,62°,Installation=images/linibox-w/linibox-w-installation-17.pdf;LDT=images/linibox-w/ldt/LINIBOX_W-17-50C-80-FX-VW.ldt;Brochure=images/linibox-w/linibox-w-brochure.pdf,
Linibox W,,,,,,,,,,,,,,,,,,,Linibox W 17 16.8W 62°,LINIBOX W-17-50C-80-FX-VW-WH-230D,White,images/linibox-w/linibox-w-17-white.jpg,5000K,CRI>80,Phase Dim,IP65,UGR<23.6,White · 205 × 56 × 95mm,16.8W,1664lm,99lm/W,62°,Installation=images/linibox-w/linibox-w-installation-17.pdf;LDT=images/linibox-w/ldt/LINIBOX_W-17-50C-80-FX-VW.ldt;Brochure=images/linibox-w/linibox-w-brochure.pdf,
Linibox W,,,,,,,,,,,,,,,,,,,Linibox W 17 16.8W 62°,LINIBOX W-17-50C-90-FX-VW-WH-230ND,White,images/linibox-w/linibox-w-17-white.jpg,5000K,CRI>90,On/Off,IP65,UGR<23.6,White · 205 × 56 × 95mm,16.8W,1440lm,86lm/W,62°,Installation=images/linibox-w/linibox-w-installation-17.pdf;LDT=images/linibox-w/ldt/LINIBOX_W-17-50C-90-FX-VW.ldt;Brochure=images/linibox-w/linibox-w-brochure.pdf,
Linibox W,,,,,,,,,,,,,,,,,,,Linibox W 17 16.8W 62°,LINIBOX W-17-50C-90-FX-VW-WH-230D,White,images/linibox-w/linibox-w-17-white.jpg,5000K,CRI>90,Phase Dim,IP65,UGR<23.6,White · 205 × 56 × 95mm,16.8W,1440lm,86lm/W,62°,Installation=images/linibox-w/linibox-w-installation-17.pdf;LDT=images/linibox-w/ldt/LINIBOX_W-17-50C-90-FX-VW.ldt;Brochure=images/linibox-w/linibox-w-brochure.pdf,
Linibox W,,,,,,,,,,,,,,,,,,,Linibox W 17 16.8W 16°x30°,LINIBOX W-17-27C-80-FX-AS-WH-230ND,White,images/linibox-w/linibox-w-17-white.jpg,2700K,CRI>80,On/Off,IP65,UGR<15.7,White · 205 × 56 × 95mm,16.8W,1505lm,90lm/W,16°x30°,Installation=images/linibox-w/linibox-w-installation-17.pdf;LDT=images/linibox-w/ldt/LINIBOX_W-17-27C-80-FX-AS.ldt;Brochure=images/linibox-w/linibox-w-brochure.pdf,
Linibox W,,,,,,,,,,,,,,,,,,,Linibox W 17 16.8W 16°x30°,LINIBOX W-17-27C-80-FX-AS-WH-230D,White,images/linibox-w/linibox-w-17-white.jpg,2700K,CRI>80,Phase Dim,IP65,UGR<15.7,White · 205 × 56 × 95mm,16.8W,1505lm,90lm/W,16°x30°,Installation=images/linibox-w/linibox-w-installation-17.pdf;LDT=images/linibox-w/ldt/LINIBOX_W-17-27C-80-FX-AS.ldt;Brochure=images/linibox-w/linibox-w-brochure.pdf,
Linibox W,,,,,,,,,,,,,,,,,,,Linibox W 17 16.8W 16°x30°,LINIBOX W-17-27C-90-FX-AS-WH-230ND,White,images/linibox-w/linibox-w-17-white.jpg,2700K,CRI>90,On/Off,IP65,UGR<15.7,White · 205 × 56 × 95mm,16.8W,1221lm,73lm/W,16°x30°,Installation=images/linibox-w/linibox-w-installation-17.pdf;LDT=images/linibox-w/ldt/LINIBOX_W-17-27C-90-FX-AS.ldt;Brochure=images/linibox-w/linibox-w-brochure.pdf,
Linibox W,,,,,,,,,,,,,,,,,,,Linibox W 17 16.8W 16°x30°,LINIBOX W-17-27C-90-FX-AS-WH-230D,White,images/linibox-w/linibox-w-17-white.jpg,2700K,CRI>90,Phase Dim,IP65,UGR<15.7,White · 205 × 56 × 95mm,16.8W,1221lm,73lm/W,16°x30°,Installation=images/linibox-w/linibox-w-installation-17.pdf;LDT=images/linibox-w/ldt/LINIBOX_W-17-27C-90-FX-AS.ldt;Brochure=images/linibox-w/linibox-w-brochure.pdf,
Linibox W,,,,,,,,,,,,,,,,,,,Linibox W 17 16.8W 16°x30°,LINIBOX W-17-30C-80-FX-AS-WH-230ND,White,images/linibox-w/linibox-w-17-white.jpg,3000K,CRI>80,On/Off,IP65,UGR<15.7,White · 205 × 56 × 95mm,16.8W,1590lm,95lm/W,16°x30°,Installation=images/linibox-w/linibox-w-installation-17.pdf;LDT=images/linibox-w/ldt/LINIBOX_W-17-30C-80-FX-AS.ldt;Brochure=images/linibox-w/linibox-w-brochure.pdf,
Linibox W,,,,,,,,,,,,,,,,,,,Linibox W 17 16.8W 16°x30°,LINIBOX W-17-30C-80-FX-AS-WH-230D,White,images/linibox-w/linibox-w-17-white.jpg,3000K,CRI>80,Phase Dim,IP65,UGR<15.7,White · 205 × 56 × 95mm,16.8W,1590lm,95lm/W,16°x30°,Installation=images/linibox-w/linibox-w-installation-17.pdf;LDT=images/linibox-w/ldt/LINIBOX_W-17-30C-80-FX-AS.ldt;Brochure=images/linibox-w/linibox-w-brochure.pdf,
Linibox W,,,,,,,,,,,,,,,,,,,Linibox W 17 16.8W 16°x30°,LINIBOX W-17-30C-90-FX-AS-WH-230ND,White,images/linibox-w/linibox-w-17-white.jpg,3000K,CRI>90,On/Off,IP65,UGR<15.7,White · 205 × 56 × 95mm,16.8W,1392lm,83lm/W,16°x30°,Installation=images/linibox-w/linibox-w-installation-17.pdf;LDT=images/linibox-w/ldt/LINIBOX_W-17-30C-90-FX-AS.ldt;Brochure=images/linibox-w/linibox-w-brochure.pdf,
Linibox W,,,,,,,,,,,,,,,,,,,Linibox W 17 16.8W 16°x30°,LINIBOX W-17-30C-90-FX-AS-WH-230D,White,images/linibox-w/linibox-w-17-white.jpg,3000K,CRI>90,Phase Dim,IP65,UGR<15.7,White · 205 × 56 × 95mm,16.8W,1392lm,83lm/W,16°x30°,Installation=images/linibox-w/linibox-w-installation-17.pdf;LDT=images/linibox-w/ldt/LINIBOX_W-17-30C-90-FX-AS.ldt;Brochure=images/linibox-w/linibox-w-brochure.pdf,
Linibox W,,,,,,,,,,,,,,,,,,,Linibox W 17 16.8W 16°x30°,LINIBOX W-17-40C-80-FX-AS-WH-230ND,White,images/linibox-w/linibox-w-17-white.jpg,4000K,CRI>80,On/Off,IP65,UGR<15.7,White · 205 × 56 × 95mm,16.8W,1676lm,100lm/W,16°x30°,Installation=images/linibox-w/linibox-w-installation-17.pdf;LDT=images/linibox-w/ldt/LINIBOX_W-17-40C-80-FX-AS.ldt;Brochure=images/linibox-w/linibox-w-brochure.pdf,
Linibox W,,,,,,,,,,,,,,,,,,,Linibox W 17 16.8W 16°x30°,LINIBOX W-17-40C-80-FX-AS-WH-230D,White,images/linibox-w/linibox-w-17-white.jpg,4000K,CRI>80,Phase Dim,IP65,UGR<15.7,White · 205 × 56 × 95mm,16.8W,1676lm,100lm/W,16°x30°,Installation=images/linibox-w/linibox-w-installation-17.pdf;LDT=images/linibox-w/ldt/LINIBOX_W-17-40C-80-FX-AS.ldt;Brochure=images/linibox-w/linibox-w-brochure.pdf,
Linibox W,,,,,,,,,,,,,,,,,,,Linibox W 17 16.8W 16°x30°,LINIBOX W-17-40C-90-FX-AS-WH-230ND,White,images/linibox-w/linibox-w-17-white.jpg,4000K,CRI>90,On/Off,IP65,UGR<15.7,White · 205 × 56 × 95mm,16.8W,1505lm,90lm/W,16°x30°,Installation=images/linibox-w/linibox-w-installation-17.pdf;LDT=images/linibox-w/ldt/LINIBOX_W-17-40C-90-FX-AS.ldt;Brochure=images/linibox-w/linibox-w-brochure.pdf,
Linibox W,,,,,,,,,,,,,,,,,,,Linibox W 17 16.8W 16°x30°,LINIBOX W-17-40C-90-FX-AS-WH-230D,White,images/linibox-w/linibox-w-17-white.jpg,4000K,CRI>90,Phase Dim,IP65,UGR<15.7,White · 205 × 56 × 95mm,16.8W,1505lm,90lm/W,16°x30°,Installation=images/linibox-w/linibox-w-installation-17.pdf;LDT=images/linibox-w/ldt/LINIBOX_W-17-40C-90-FX-AS.ldt;Brochure=images/linibox-w/linibox-w-brochure.pdf,
Linibox W,,,,,,,,,,,,,,,,,,,Linibox W 17 16.8W 16°x30°,LINIBOX W-17-50C-80-FX-AS-WH-230ND,White,images/linibox-w/linibox-w-17-white.jpg,5000K,CRI>80,On/Off,IP65,UGR<15.7,White · 205 × 56 × 95mm,16.8W,1846lm,110lm/W,16°x30°,Installation=images/linibox-w/linibox-w-installation-17.pdf;LDT=images/linibox-w/ldt/LINIBOX_W-17-50C-80-FX-AS.ldt;Brochure=images/linibox-w/linibox-w-brochure.pdf,
Linibox W,,,,,,,,,,,,,,,,,,,Linibox W 17 16.8W 16°x30°,LINIBOX W-17-50C-80-FX-AS-WH-230D,White,images/linibox-w/linibox-w-17-white.jpg,5000K,CRI>80,Phase Dim,IP65,UGR<15.7,White · 205 × 56 × 95mm,16.8W,1846lm,110lm/W,16°x30°,Installation=images/linibox-w/linibox-w-installation-17.pdf;LDT=images/linibox-w/ldt/LINIBOX_W-17-50C-80-FX-AS.ldt;Brochure=images/linibox-w/linibox-w-brochure.pdf,
Linibox W,,,,,,,,,,,,,,,,,,,Linibox W 17 16.8W 16°x30°,LINIBOX W-17-50C-90-FX-AS-WH-230ND,White,images/linibox-w/linibox-w-17-white.jpg,5000K,CRI>90,On/Off,IP65,UGR<15.7,White · 205 × 56 × 95mm,16.8W,1598lm,95lm/W,16°x30°,Installation=images/linibox-w/linibox-w-installation-17.pdf;LDT=images/linibox-w/ldt/LINIBOX_W-17-50C-90-FX-AS.ldt;Brochure=images/linibox-w/linibox-w-brochure.pdf,
Linibox W,,,,,,,,,,,,,,,,,,,Linibox W 17 16.8W 16°x30°,LINIBOX W-17-50C-90-FX-AS-WH-230D,White,images/linibox-w/linibox-w-17-white.jpg,5000K,CRI>90,Phase Dim,IP65,UGR<15.7,White · 205 × 56 × 95mm,16.8W,1598lm,95lm/W,16°x30°,Installation=images/linibox-w/linibox-w-installation-17.pdf;LDT=images/linibox-w/ldt/LINIBOX_W-17-50C-90-FX-AS.ldt;Brochure=images/linibox-w/linibox-w-brochure.pdf,
Linibox W,,,,,,,,,,,,,,,,,,,Linibox W 8 8.4W 17°,LINIBOX W-08-27C-80-FX-VN-BR-230ND,Brown,images/linibox-w/linibox-w-8-brown.jpg,2700K,CRI>80,On/Off,IP65,UGR<13.7,Brown · 115 × 56 × 95mm,8.4W,753lm,90lm/W,17°,Installation=images/linibox-w/linibox-w-installation-8.pdf;LDT=images/linibox-w/ldt/LINIBOX_W-08-27C-80-FX-VN.ldt;Brochure=images/linibox-w/linibox-w-brochure.pdf,
Linibox W,,,,,,,,,,,,,,,,,,,Linibox W 8 8.4W 17°,LINIBOX W-08-27C-80-FX-VN-BR-230D,Brown,images/linibox-w/linibox-w-8-brown.jpg,2700K,CRI>80,Phase Dim,IP65,UGR<13.7,Brown · 115 × 56 × 95mm,8.4W,753lm,90lm/W,17°,Installation=images/linibox-w/linibox-w-installation-8.pdf;LDT=images/linibox-w/ldt/LINIBOX_W-08-27C-80-FX-VN.ldt;Brochure=images/linibox-w/linibox-w-brochure.pdf,
Linibox W,,,,,,,,,,,,,,,,,,,Linibox W 8 8.4W 17°,LINIBOX W-08-27C-90-FX-VN-BR-230ND,Brown,images/linibox-w/linibox-w-8-brown.jpg,2700K,CRI>90,On/Off,IP65,UGR<13.7,Brown · 115 × 56 × 95mm,8.4W,611lm,73lm/W,17°,Installation=images/linibox-w/linibox-w-installation-8.pdf;LDT=images/linibox-w/ldt/LINIBOX_W-08-27C-90-FX-VN.ldt;Brochure=images/linibox-w/linibox-w-brochure.pdf,
Linibox W,,,,,,,,,,,,,,,,,,,Linibox W 8 8.4W 17°,LINIBOX W-08-27C-90-FX-VN-BR-230D,Brown,images/linibox-w/linibox-w-8-brown.jpg,2700K,CRI>90,Phase Dim,IP65,UGR<13.7,Brown · 115 × 56 × 95mm,8.4W,611lm,73lm/W,17°,Installation=images/linibox-w/linibox-w-installation-8.pdf;LDT=images/linibox-w/ldt/LINIBOX_W-08-27C-90-FX-VN.ldt;Brochure=images/linibox-w/linibox-w-brochure.pdf,
Linibox W,,,,,,,,,,,,,,,,,,,Linibox W 8 8.4W 17°,LINIBOX W-08-30C-80-FX-VN-BR-230ND,Brown,images/linibox-w/linibox-w-8-brown.jpg,3000K,CRI>80,On/Off,IP65,UGR<13.7,Brown · 115 × 56 × 95mm,8.4W,795lm,95lm/W,17°,Installation=images/linibox-w/linibox-w-installation-8.pdf;LDT=images/linibox-w/ldt/LINIBOX_W-08-30C-80-FX-VN.ldt;Brochure=images/linibox-w/linibox-w-brochure.pdf,
Linibox W,,,,,,,,,,,,,,,,,,,Linibox W 8 8.4W 17°,LINIBOX W-08-30C-80-FX-VN-BR-230D,Brown,images/linibox-w/linibox-w-8-brown.jpg,3000K,CRI>80,Phase Dim,IP65,UGR<13.7,Brown · 115 × 56 × 95mm,8.4W,795lm,95lm/W,17°,Installation=images/linibox-w/linibox-w-installation-8.pdf;LDT=images/linibox-w/ldt/LINIBOX_W-08-30C-80-FX-VN.ldt;Brochure=images/linibox-w/linibox-w-brochure.pdf,
Linibox W,,,,,,,,,,,,,,,,,,,Linibox W 8 8.4W 17°,LINIBOX W-08-30C-90-FX-VN-BR-230ND,Brown,images/linibox-w/linibox-w-8-brown.jpg,3000K,CRI>90,On/Off,IP65,UGR<13.7,Brown · 115 × 56 × 95mm,8.4W,696lm,83lm/W,17°,Installation=images/linibox-w/linibox-w-installation-8.pdf;LDT=images/linibox-w/ldt/LINIBOX_W-08-30C-90-FX-VN.ldt;Brochure=images/linibox-w/linibox-w-brochure.pdf,
Linibox W,,,,,,,,,,,,,,,,,,,Linibox W 8 8.4W 17°,LINIBOX W-08-30C-90-FX-VN-BR-230D,Brown,images/linibox-w/linibox-w-8-brown.jpg,3000K,CRI>90,Phase Dim,IP65,UGR<13.7,Brown · 115 × 56 × 95mm,8.4W,696lm,83lm/W,17°,Installation=images/linibox-w/linibox-w-installation-8.pdf;LDT=images/linibox-w/ldt/LINIBOX_W-08-30C-90-FX-VN.ldt;Brochure=images/linibox-w/linibox-w-brochure.pdf,
Linibox W,,,,,,,,,,,,,,,,,,,Linibox W 8 8.4W 17°,LINIBOX W-08-40C-80-FX-VN-BR-230ND,Brown,images/linibox-w/linibox-w-8-brown.jpg,4000K,CRI>80,On/Off,IP65,UGR<13.7,Brown · 115 × 56 × 95mm,8.4W,838lm,100lm/W,17°,Installation=images/linibox-w/linibox-w-installation-8.pdf;LDT=images/linibox-w/ldt/LINIBOX_W-08-40C-80-FX-VN.ldt;Brochure=images/linibox-w/linibox-w-brochure.pdf,
Linibox W,,,,,,,,,,,,,,,,,,,Linibox W 8 8.4W 17°,LINIBOX W-08-40C-80-FX-VN-BR-230D,Brown,images/linibox-w/linibox-w-8-brown.jpg,4000K,CRI>80,Phase Dim,IP65,UGR<13.7,Brown · 115 × 56 × 95mm,8.4W,838lm,100lm/W,17°,Installation=images/linibox-w/linibox-w-installation-8.pdf;LDT=images/linibox-w/ldt/LINIBOX_W-08-40C-80-FX-VN.ldt;Brochure=images/linibox-w/linibox-w-brochure.pdf,
Linibox W,,,,,,,,,,,,,,,,,,,Linibox W 8 8.4W 17°,LINIBOX W-08-40C-90-FX-VN-BR-230ND,Brown,images/linibox-w/linibox-w-8-brown.jpg,4000K,CRI>90,On/Off,IP65,UGR<13.7,Brown · 115 × 56 × 95mm,8.4W,753lm,90lm/W,17°,Installation=images/linibox-w/linibox-w-installation-8.pdf;LDT=images/linibox-w/ldt/LINIBOX_W-08-40C-90-FX-VN.ldt;Brochure=images/linibox-w/linibox-w-brochure.pdf,
Linibox W,,,,,,,,,,,,,,,,,,,Linibox W 8 8.4W 17°,LINIBOX W-08-40C-90-FX-VN-BR-230D,Brown,images/linibox-w/linibox-w-8-brown.jpg,4000K,CRI>90,Phase Dim,IP65,UGR<13.7,Brown · 115 × 56 × 95mm,8.4W,753lm,90lm/W,17°,Installation=images/linibox-w/linibox-w-installation-8.pdf;LDT=images/linibox-w/ldt/LINIBOX_W-08-40C-90-FX-VN.ldt;Brochure=images/linibox-w/linibox-w-brochure.pdf,
Linibox W,,,,,,,,,,,,,,,,,,,Linibox W 8 8.4W 17°,LINIBOX W-08-50C-80-FX-VN-BR-230ND,Brown,images/linibox-w/linibox-w-8-brown.jpg,5000K,CRI>80,On/Off,IP65,UGR<13.7,Brown · 115 × 56 × 95mm,8.4W,923lm,110lm/W,17°,Installation=images/linibox-w/linibox-w-installation-8.pdf;LDT=images/linibox-w/ldt/LINIBOX_W-08-50C-80-FX-VN.ldt;Brochure=images/linibox-w/linibox-w-brochure.pdf,
Linibox W,,,,,,,,,,,,,,,,,,,Linibox W 8 8.4W 17°,LINIBOX W-08-50C-80-FX-VN-BR-230D,Brown,images/linibox-w/linibox-w-8-brown.jpg,5000K,CRI>80,Phase Dim,IP65,UGR<13.7,Brown · 115 × 56 × 95mm,8.4W,923lm,110lm/W,17°,Installation=images/linibox-w/linibox-w-installation-8.pdf;LDT=images/linibox-w/ldt/LINIBOX_W-08-50C-80-FX-VN.ldt;Brochure=images/linibox-w/linibox-w-brochure.pdf,
Linibox W,,,,,,,,,,,,,,,,,,,Linibox W 8 8.4W 17°,LINIBOX W-08-50C-90-FX-VN-BR-230ND,Brown,images/linibox-w/linibox-w-8-brown.jpg,5000K,CRI>90,On/Off,IP65,UGR<13.7,Brown · 115 × 56 × 95mm,8.4W,799lm,95lm/W,17°,Installation=images/linibox-w/linibox-w-installation-8.pdf;LDT=images/linibox-w/ldt/LINIBOX_W-08-50C-90-FX-VN.ldt;Brochure=images/linibox-w/linibox-w-brochure.pdf,
Linibox W,,,,,,,,,,,,,,,,,,,Linibox W 8 8.4W 17°,LINIBOX W-08-50C-90-FX-VN-BR-230D,Brown,images/linibox-w/linibox-w-8-brown.jpg,5000K,CRI>90,Phase Dim,IP65,UGR<13.7,Brown · 115 × 56 × 95mm,8.4W,799lm,95lm/W,17°,Installation=images/linibox-w/linibox-w-installation-8.pdf;LDT=images/linibox-w/ldt/LINIBOX_W-08-50C-90-FX-VN.ldt;Brochure=images/linibox-w/linibox-w-brochure.pdf,
Linibox W,,,,,,,,,,,,,,,,,,,Linibox W 8 8.4W 21°,LINIBOX W-08-27C-80-FX-NR-BR-230ND,Brown,images/linibox-w/linibox-w-8-brown.jpg,2700K,CRI>80,On/Off,IP65,UGR<13.1,Brown · 115 × 56 × 95mm,8.4W,912lm,109lm/W,21°,Installation=images/linibox-w/linibox-w-installation-8.pdf;LDT=images/linibox-w/ldt/LINIBOX_W-08-27C-80-FX-NR.ldt;Brochure=images/linibox-w/linibox-w-brochure.pdf,
Linibox W,,,,,,,,,,,,,,,,,,,Linibox W 8 8.4W 21°,LINIBOX W-08-27C-80-FX-NR-BR-230D,Brown,images/linibox-w/linibox-w-8-brown.jpg,2700K,CRI>80,Phase Dim,IP65,UGR<13.1,Brown · 115 × 56 × 95mm,8.4W,912lm,109lm/W,21°,Installation=images/linibox-w/linibox-w-installation-8.pdf;LDT=images/linibox-w/ldt/LINIBOX_W-08-27C-80-FX-NR.ldt;Brochure=images/linibox-w/linibox-w-brochure.pdf,
Linibox W,,,,,,,,,,,,,,,,,,,Linibox W 8 8.4W 21°,LINIBOX W-08-27C-90-FX-NR-BR-230ND,Brown,images/linibox-w/linibox-w-8-brown.jpg,2700K,CRI>90,On/Off,IP65,UGR<13.1,Brown · 115 × 56 × 95mm,8.4W,740lm,88lm/W,21°,Installation=images/linibox-w/linibox-w-installation-8.pdf;LDT=images/linibox-w/ldt/LINIBOX_W-08-27C-90-FX-NR.ldt;Brochure=images/linibox-w/linibox-w-brochure.pdf,
Linibox W,,,,,,,,,,,,,,,,,,,Linibox W 8 8.4W 21°,LINIBOX W-08-27C-90-FX-NR-BR-230D,Brown,images/linibox-w/linibox-w-8-brown.jpg,2700K,CRI>90,Phase Dim,IP65,UGR<13.1,Brown · 115 × 56 × 95mm,8.4W,740lm,88lm/W,21°,Installation=images/linibox-w/linibox-w-installation-8.pdf;LDT=images/linibox-w/ldt/LINIBOX_W-08-27C-90-FX-NR.ldt;Brochure=images/linibox-w/linibox-w-brochure.pdf,
Linibox W,,,,,,,,,,,,,,,,,,,Linibox W 8 8.4W 21°,LINIBOX W-08-30C-80-FX-NR-BR-230ND,Brown,images/linibox-w/linibox-w-8-brown.jpg,3000K,CRI>80,On/Off,IP65,UGR<13.1,Brown · 115 × 56 × 95mm,8.4W,963lm,115lm/W,21°,Installation=images/linibox-w/linibox-w-installation-8.pdf;LDT=images/linibox-w/ldt/LINIBOX_W-08-30C-80-FX-NR.ldt;Brochure=images/linibox-w/linibox-w-brochure.pdf,
Linibox W,,,,,,,,,,,,,,,,,,,Linibox W 8 8.4W 21°,LINIBOX W-08-30C-80-FX-NR-BR-230D,Brown,images/linibox-w/linibox-w-8-brown.jpg,3000K,CRI>80,Phase Dim,IP65,UGR<13.1,Brown · 115 × 56 × 95mm,8.4W,963lm,115lm/W,21°,Installation=images/linibox-w/linibox-w-installation-8.pdf;LDT=images/linibox-w/ldt/LINIBOX_W-08-30C-80-FX-NR.ldt;Brochure=images/linibox-w/linibox-w-brochure.pdf,
Linibox W,,,,,,,,,,,,,,,,,,,Linibox W 8 8.4W 21°,LINIBOX W-08-30C-90-FX-NR-BR-230ND,Brown,images/linibox-w/linibox-w-8-brown.jpg,3000K,CRI>90,On/Off,IP65,UGR<13.1,Brown · 115 × 56 × 95mm,8.4W,843lm,100lm/W,21°,Installation=images/linibox-w/linibox-w-installation-8.pdf;LDT=images/linibox-w/ldt/LINIBOX_W-08-30C-90-FX-NR.ldt;Brochure=images/linibox-w/linibox-w-brochure.pdf,
Linibox W,,,,,,,,,,,,,,,,,,,Linibox W 8 8.4W 21°,LINIBOX W-08-30C-90-FX-NR-BR-230D,Brown,images/linibox-w/linibox-w-8-brown.jpg,3000K,CRI>90,Phase Dim,IP65,UGR<13.1,Brown · 115 × 56 × 95mm,8.4W,843lm,100lm/W,21°,Installation=images/linibox-w/linibox-w-installation-8.pdf;LDT=images/linibox-w/ldt/LINIBOX_W-08-30C-90-FX-NR.ldt;Brochure=images/linibox-w/linibox-w-brochure.pdf,
Linibox W,,,,,,,,,,,,,,,,,,,Linibox W 8 8.4W 21°,LINIBOX W-08-40C-80-FX-NR-BR-230ND,Brown,images/linibox-w/linibox-w-8-brown.jpg,4000K,CRI>80,On/Off,IP65,UGR<13.1,Brown · 115 × 56 × 95mm,8.4W,1015lm,121lm/W,21°,Installation=images/linibox-w/linibox-w-installation-8.pdf;LDT=images/linibox-w/ldt/LINIBOX_W-08-40C-80-FX-NR.ldt;Brochure=images/linibox-w/linibox-w-brochure.pdf,
Linibox W,,,,,,,,,,,,,,,,,,,Linibox W 8 8.4W 21°,LINIBOX W-08-40C-80-FX-NR-BR-230D,Brown,images/linibox-w/linibox-w-8-brown.jpg,4000K,CRI>80,Phase Dim,IP65,UGR<13.1,Brown · 115 × 56 × 95mm,8.4W,1015lm,121lm/W,21°,Installation=images/linibox-w/linibox-w-installation-8.pdf;LDT=images/linibox-w/ldt/LINIBOX_W-08-40C-80-FX-NR.ldt;Brochure=images/linibox-w/linibox-w-brochure.pdf,
Linibox W,,,,,,,,,,,,,,,,,,,Linibox W 8 8.4W 21°,LINIBOX W-08-40C-90-FX-NR-BR-230ND,Brown,images/linibox-w/linibox-w-8-brown.jpg,4000K,CRI>90,On/Off,IP65,UGR<13.1,Brown · 115 × 56 × 95mm,8.4W,912lm,109lm/W,21°,Installation=images/linibox-w/linibox-w-installation-8.pdf;LDT=images/linibox-w/ldt/LINIBOX_W-08-40C-90-FX-NR.ldt;Brochure=images/linibox-w/linibox-w-brochure.pdf,
Linibox W,,,,,,,,,,,,,,,,,,,Linibox W 8 8.4W 21°,LINIBOX W-08-40C-90-FX-NR-BR-230D,Brown,images/linibox-w/linibox-w-8-brown.jpg,4000K,CRI>90,Phase Dim,IP65,UGR<13.1,Brown · 115 × 56 × 95mm,8.4W,912lm,109lm/W,21°,Installation=images/linibox-w/linibox-w-installation-8.pdf;LDT=images/linibox-w/ldt/LINIBOX_W-08-40C-90-FX-NR.ldt;Brochure=images/linibox-w/linibox-w-brochure.pdf,
Linibox W,,,,,,,,,,,,,,,,,,,Linibox W 8 8.4W 21°,LINIBOX W-08-50C-80-FX-NR-BR-230ND,Brown,images/linibox-w/linibox-w-8-brown.jpg,5000K,CRI>80,On/Off,IP65,UGR<13.1,Brown · 115 × 56 × 95mm,8.4W,1118lm,133lm/W,21°,Installation=images/linibox-w/linibox-w-installation-8.pdf;LDT=images/linibox-w/ldt/LINIBOX_W-08-50C-80-FX-NR.ldt;Brochure=images/linibox-w/linibox-w-brochure.pdf,
Linibox W,,,,,,,,,,,,,,,,,,,Linibox W 8 8.4W 21°,LINIBOX W-08-50C-80-FX-NR-BR-230D,Brown,images/linibox-w/linibox-w-8-brown.jpg,5000K,CRI>80,Phase Dim,IP65,UGR<13.1,Brown · 115 × 56 × 95mm,8.4W,1118lm,133lm/W,21°,Installation=images/linibox-w/linibox-w-installation-8.pdf;LDT=images/linibox-w/ldt/LINIBOX_W-08-50C-80-FX-NR.ldt;Brochure=images/linibox-w/linibox-w-brochure.pdf,
Linibox W,,,,,,,,,,,,,,,,,,,Linibox W 8 8.4W 21°,LINIBOX W-08-50C-90-FX-NR-BR-230ND,Brown,images/linibox-w/linibox-w-8-brown.jpg,5000K,CRI>90,On/Off,IP65,UGR<13.1,Brown · 115 × 56 × 95mm,8.4W,968lm,115lm/W,21°,Installation=images/linibox-w/linibox-w-installation-8.pdf;LDT=images/linibox-w/ldt/LINIBOX_W-08-50C-90-FX-NR.ldt;Brochure=images/linibox-w/linibox-w-brochure.pdf,
Linibox W,,,,,,,,,,,,,,,,,,,Linibox W 8 8.4W 21°,LINIBOX W-08-50C-90-FX-NR-BR-230D,Brown,images/linibox-w/linibox-w-8-brown.jpg,5000K,CRI>90,Phase Dim,IP65,UGR<13.1,Brown · 115 × 56 × 95mm,8.4W,968lm,115lm/W,21°,Installation=images/linibox-w/linibox-w-installation-8.pdf;LDT=images/linibox-w/ldt/LINIBOX_W-08-50C-90-FX-NR.ldt;Brochure=images/linibox-w/linibox-w-brochure.pdf,
Linibox W,,,,,,,,,,,,,,,,,,,Linibox W 8 8.4W 25°,LINIBOX W-08-27C-80-FX-MD-BR-230ND,Brown,images/linibox-w/linibox-w-8-brown.jpg,2700K,CRI>80,On/Off,IP65,UGR<12.5,Brown · 115 × 56 × 95mm,8.4W,806lm,96lm/W,25°,Installation=images/linibox-w/linibox-w-installation-8.pdf;LDT=images/linibox-w/ldt/LINIBOX_W-08-27C-80-FX-MD.ldt;Brochure=images/linibox-w/linibox-w-brochure.pdf,
Linibox W,,,,,,,,,,,,,,,,,,,Linibox W 8 8.4W 25°,LINIBOX W-08-27C-80-FX-MD-BR-230D,Brown,images/linibox-w/linibox-w-8-brown.jpg,2700K,CRI>80,Phase Dim,IP65,UGR<12.5,Brown · 115 × 56 × 95mm,8.4W,806lm,96lm/W,25°,Installation=images/linibox-w/linibox-w-installation-8.pdf;LDT=images/linibox-w/ldt/LINIBOX_W-08-27C-80-FX-MD.ldt;Brochure=images/linibox-w/linibox-w-brochure.pdf,
Linibox W,,,,,,,,,,,,,,,,,,,Linibox W 8 8.4W 25°,LINIBOX W-08-27C-90-FX-MD-BR-230ND,Brown,images/linibox-w/linibox-w-8-brown.jpg,2700K,CRI>90,On/Off,IP65,UGR<12.5,Brown · 115 × 56 × 95mm,8.4W,654lm,78lm/W,25°,Installation=images/linibox-w/linibox-w-installation-8.pdf;LDT=images/linibox-w/ldt/LINIBOX_W-08-27C-90-FX-MD.ldt;Brochure=images/linibox-w/linibox-w-brochure.pdf,
Linibox W,,,,,,,,,,,,,,,,,,,Linibox W 8 8.4W 25°,LINIBOX W-08-27C-90-FX-MD-BR-230D,Brown,images/linibox-w/linibox-w-8-brown.jpg,2700K,CRI>90,Phase Dim,IP65,UGR<12.5,Brown · 115 × 56 × 95mm,8.4W,654lm,78lm/W,25°,Installation=images/linibox-w/linibox-w-installation-8.pdf;LDT=images/linibox-w/ldt/LINIBOX_W-08-27C-90-FX-MD.ldt;Brochure=images/linibox-w/linibox-w-brochure.pdf,
Linibox W,,,,,,,,,,,,,,,,,,,Linibox W 8 8.4W 25°,LINIBOX W-08-30C-80-FX-MD-BR-230ND,Brown,images/linibox-w/linibox-w-8-brown.jpg,3000K,CRI>80,On/Off,IP65,UGR<12.5,Brown · 115 × 56 × 95mm,8.4W,851lm,101lm/W,25°,Installation=images/linibox-w/linibox-w-installation-8.pdf;LDT=images/linibox-w/ldt/LINIBOX_W-08-30C-80-FX-MD.ldt;Brochure=images/linibox-w/linibox-w-brochure.pdf,
Linibox W,,,,,,,,,,,,,,,,,,,Linibox W 8 8.4W 25°,LINIBOX W-08-30C-80-FX-MD-BR-230D,Brown,images/linibox-w/linibox-w-8-brown.jpg,3000K,CRI>80,Phase Dim,IP65,UGR<12.5,Brown · 115 × 56 × 95mm,8.4W,851lm,101lm/W,25°,Installation=images/linibox-w/linibox-w-installation-8.pdf;LDT=images/linibox-w/ldt/LINIBOX_W-08-30C-80-FX-MD.ldt;Brochure=images/linibox-w/linibox-w-brochure.pdf,
Linibox W,,,,,,,,,,,,,,,,,,,Linibox W 8 8.4W 25°,LINIBOX W-08-30C-90-FX-MD-BR-230ND,Brown,images/linibox-w/linibox-w-8-brown.jpg,3000K,CRI>90,On/Off,IP65,UGR<12.5,Brown · 115 × 56 × 95mm,8.4W,745lm,89lm/W,25°,Installation=images/linibox-w/linibox-w-installation-8.pdf;LDT=images/linibox-w/ldt/LINIBOX_W-08-30C-90-FX-MD.ldt;Brochure=images/linibox-w/linibox-w-brochure.pdf,
Linibox W,,,,,,,,,,,,,,,,,,,Linibox W 8 8.4W 25°,LINIBOX W-08-30C-90-FX-MD-BR-230D,Brown,images/linibox-w/linibox-w-8-brown.jpg,3000K,CRI>90,Phase Dim,IP65,UGR<12.5,Brown · 115 × 56 × 95mm,8.4W,745lm,89lm/W,25°,Installation=images/linibox-w/linibox-w-installation-8.pdf;LDT=images/linibox-w/ldt/LINIBOX_W-08-30C-90-FX-MD.ldt;Brochure=images/linibox-w/linibox-w-brochure.pdf,
Linibox W,,,,,,,,,,,,,,,,,,,Linibox W 8 8.4W 25°,LINIBOX W-08-40C-80-FX-MD-BR-230ND,Brown,images/linibox-w/linibox-w-8-brown.jpg,4000K,CRI>80,On/Off,IP65,UGR<12.5,Brown · 115 × 56 × 95mm,8.4W,897lm,107lm/W,25°,Installation=images/linibox-w/linibox-w-installation-8.pdf;LDT=images/linibox-w/ldt/LINIBOX_W-08-40C-80-FX-MD.ldt;Brochure=images/linibox-w/linibox-w-brochure.pdf,
Linibox W,,,,,,,,,,,,,,,,,,,Linibox W 8 8.4W 25°,LINIBOX W-08-40C-80-FX-MD-BR-230D,Brown,images/linibox-w/linibox-w-8-brown.jpg,4000K,CRI>80,Phase Dim,IP65,UGR<12.5,Brown · 115 × 56 × 95mm,8.4W,897lm,107lm/W,25°,Installation=images/linibox-w/linibox-w-installation-8.pdf;LDT=images/linibox-w/ldt/LINIBOX_W-08-40C-80-FX-MD.ldt;Brochure=images/linibox-w/linibox-w-brochure.pdf,
Linibox W,,,,,,,,,,,,,,,,,,,Linibox W 8 8.4W 25°,LINIBOX W-08-40C-90-FX-MD-BR-230ND,Brown,images/linibox-w/linibox-w-8-brown.jpg,4000K,CRI>90,On/Off,IP65,UGR<12.5,Brown · 115 × 56 × 95mm,8.4W,806lm,96lm/W,25°,Installation=images/linibox-w/linibox-w-installation-8.pdf;LDT=images/linibox-w/ldt/LINIBOX_W-08-40C-90-FX-MD.ldt;Brochure=images/linibox-w/linibox-w-brochure.pdf,
Linibox W,,,,,,,,,,,,,,,,,,,Linibox W 8 8.4W 25°,LINIBOX W-08-40C-90-FX-MD-BR-230D,Brown,images/linibox-w/linibox-w-8-brown.jpg,4000K,CRI>90,Phase Dim,IP65,UGR<12.5,Brown · 115 × 56 × 95mm,8.4W,806lm,96lm/W,25°,Installation=images/linibox-w/linibox-w-installation-8.pdf;LDT=images/linibox-w/ldt/LINIBOX_W-08-40C-90-FX-MD.ldt;Brochure=images/linibox-w/linibox-w-brochure.pdf,
Linibox W,,,,,,,,,,,,,,,,,,,Linibox W 8 8.4W 25°,LINIBOX W-08-50C-80-FX-MD-BR-230ND,Brown,images/linibox-w/linibox-w-8-brown.jpg,5000K,CRI>80,On/Off,IP65,UGR<12.5,Brown · 115 × 56 × 95mm,8.4W,988lm,118lm/W,25°,Installation=images/linibox-w/linibox-w-installation-8.pdf;LDT=images/linibox-w/ldt/LINIBOX_W-08-50C-80-FX-MD.ldt;Brochure=images/linibox-w/linibox-w-brochure.pdf,
Linibox W,,,,,,,,,,,,,,,,,,,Linibox W 8 8.4W 25°,LINIBOX W-08-50C-80-FX-MD-BR-230D,Brown,images/linibox-w/linibox-w-8-brown.jpg,5000K,CRI>80,Phase Dim,IP65,UGR<12.5,Brown · 115 × 56 × 95mm,8.4W,988lm,118lm/W,25°,Installation=images/linibox-w/linibox-w-installation-8.pdf;LDT=images/linibox-w/ldt/LINIBOX_W-08-50C-80-FX-MD.ldt;Brochure=images/linibox-w/linibox-w-brochure.pdf,
Linibox W,,,,,,,,,,,,,,,,,,,Linibox W 8 8.4W 25°,LINIBOX W-08-50C-90-FX-MD-BR-230ND,Brown,images/linibox-w/linibox-w-8-brown.jpg,5000K,CRI>90,On/Off,IP65,UGR<12.5,Brown · 115 × 56 × 95mm,8.4W,855lm,102lm/W,25°,Installation=images/linibox-w/linibox-w-installation-8.pdf;LDT=images/linibox-w/ldt/LINIBOX_W-08-50C-90-FX-MD.ldt;Brochure=images/linibox-w/linibox-w-brochure.pdf,
Linibox W,,,,,,,,,,,,,,,,,,,Linibox W 8 8.4W 25°,LINIBOX W-08-50C-90-FX-MD-BR-230D,Brown,images/linibox-w/linibox-w-8-brown.jpg,5000K,CRI>90,Phase Dim,IP65,UGR<12.5,Brown · 115 × 56 × 95mm,8.4W,855lm,102lm/W,25°,Installation=images/linibox-w/linibox-w-installation-8.pdf;LDT=images/linibox-w/ldt/LINIBOX_W-08-50C-90-FX-MD.ldt;Brochure=images/linibox-w/linibox-w-brochure.pdf,
Linibox W,,,,,,,,,,,,,,,,,,,Linibox W 8 8.4W 35°,LINIBOX W-08-27C-80-FX-WD-BR-230ND,Brown,images/linibox-w/linibox-w-8-brown.jpg,2700K,CRI>80,On/Off,IP65,UGR<20.6,Brown · 115 × 56 × 95mm,8.4W,816lm,97lm/W,35°,Installation=images/linibox-w/linibox-w-installation-8.pdf;LDT=images/linibox-w/ldt/LINIBOX_W-08-27C-80-FX-WD.ldt;Brochure=images/linibox-w/linibox-w-brochure.pdf,
Linibox W,,,,,,,,,,,,,,,,,,,Linibox W 8 8.4W 35°,LINIBOX W-08-27C-80-FX-WD-BR-230D,Brown,images/linibox-w/linibox-w-8-brown.jpg,2700K,CRI>80,Phase Dim,IP65,UGR<20.6,Brown · 115 × 56 × 95mm,8.4W,816lm,97lm/W,35°,Installation=images/linibox-w/linibox-w-installation-8.pdf;LDT=images/linibox-w/ldt/LINIBOX_W-08-27C-80-FX-WD.ldt;Brochure=images/linibox-w/linibox-w-brochure.pdf,
Linibox W,,,,,,,,,,,,,,,,,,,Linibox W 8 8.4W 35°,LINIBOX W-08-27C-90-FX-WD-BR-230ND,Brown,images/linibox-w/linibox-w-8-brown.jpg,2700K,CRI>90,On/Off,IP65,UGR<20.6,Brown · 115 × 56 × 95mm,8.4W,662lm,79lm/W,35°,Installation=images/linibox-w/linibox-w-installation-8.pdf;LDT=images/linibox-w/ldt/LINIBOX_W-08-27C-90-FX-WD.ldt;Brochure=images/linibox-w/linibox-w-brochure.pdf,
Linibox W,,,,,,,,,,,,,,,,,,,Linibox W 8 8.4W 35°,LINIBOX W-08-27C-90-FX-WD-BR-230D,Brown,images/linibox-w/linibox-w-8-brown.jpg,2700K,CRI>90,Phase Dim,IP65,UGR<20.6,Brown · 115 × 56 × 95mm,8.4W,662lm,79lm/W,35°,Installation=images/linibox-w/linibox-w-installation-8.pdf;LDT=images/linibox-w/ldt/LINIBOX_W-08-27C-90-FX-WD.ldt;Brochure=images/linibox-w/linibox-w-brochure.pdf,
Linibox W,,,,,,,,,,,,,,,,,,,Linibox W 8 8.4W 35°,LINIBOX W-08-30C-80-FX-WD-BR-230ND,Brown,images/linibox-w/linibox-w-8-brown.jpg,3000K,CRI>80,On/Off,IP65,UGR<20.6,Brown · 115 × 56 × 95mm,8.4W,862lm,103lm/W,35°,Installation=images/linibox-w/linibox-w-installation-8.pdf;LDT=images/linibox-w/ldt/LINIBOX_W-08-30C-80-FX-WD.ldt;Brochure=images/linibox-w/linibox-w-brochure.pdf,
Linibox W,,,,,,,,,,,,,,,,,,,Linibox W 8 8.4W 35°,LINIBOX W-08-30C-80-FX-WD-BR-230D,Brown,images/linibox-w/linibox-w-8-brown.jpg,3000K,CRI>80,Phase Dim,IP65,UGR<20.6,Brown · 115 × 56 × 95mm,8.4W,862lm,103lm/W,35°,Installation=images/linibox-w/linibox-w-installation-8.pdf;LDT=images/linibox-w/ldt/LINIBOX_W-08-30C-80-FX-WD.ldt;Brochure=images/linibox-w/linibox-w-brochure.pdf,
Linibox W,,,,,,,,,,,,,,,,,,,Linibox W 8 8.4W 35°,LINIBOX W-08-30C-90-FX-WD-BR-230ND,Brown,images/linibox-w/linibox-w-8-brown.jpg,3000K,CRI>90,On/Off,IP65,UGR<20.6,Brown · 115 × 56 × 95mm,8.4W,755lm,90lm/W,35°,Installation=images/linibox-w/linibox-w-installation-8.pdf;LDT=images/linibox-w/ldt/LINIBOX_W-08-30C-90-FX-WD.ldt;Brochure=images/linibox-w/linibox-w-brochure.pdf,
Linibox W,,,,,,,,,,,,,,,,,,,Linibox W 8 8.4W 35°,LINIBOX W-08-30C-90-FX-WD-BR-230D,Brown,images/linibox-w/linibox-w-8-brown.jpg,3000K,CRI>90,Phase Dim,IP65,UGR<20.6,Brown · 115 × 56 × 95mm,8.4W,755lm,90lm/W,35°,Installation=images/linibox-w/linibox-w-installation-8.pdf;LDT=images/linibox-w/ldt/LINIBOX_W-08-30C-90-FX-WD.ldt;Brochure=images/linibox-w/linibox-w-brochure.pdf,
Linibox W,,,,,,,,,,,,,,,,,,,Linibox W 8 8.4W 35°,LINIBOX W-08-40C-80-FX-WD-BR-230ND,Brown,images/linibox-w/linibox-w-8-brown.jpg,4000K,CRI>80,On/Off,IP65,UGR<20.6,Brown · 115 × 56 × 95mm,8.4W,909lm,108lm/W,35°,Installation=images/linibox-w/linibox-w-installation-8.pdf;LDT=images/linibox-w/ldt/LINIBOX_W-08-40C-80-FX-WD.ldt;Brochure=images/linibox-w/linibox-w-brochure.pdf,
Linibox W,,,,,,,,,,,,,,,,,,,Linibox W 8 8.4W 35°,LINIBOX W-08-40C-80-FX-WD-BR-230D,Brown,images/linibox-w/linibox-w-8-brown.jpg,4000K,CRI>80,Phase Dim,IP65,UGR<20.6,Brown · 115 × 56 × 95mm,8.4W,909lm,108lm/W,35°,Installation=images/linibox-w/linibox-w-installation-8.pdf;LDT=images/linibox-w/ldt/LINIBOX_W-08-40C-80-FX-WD.ldt;Brochure=images/linibox-w/linibox-w-brochure.pdf,
Linibox W,,,,,,,,,,,,,,,,,,,Linibox W 8 8.4W 35°,LINIBOX W-08-40C-90-FX-WD-BR-230ND,Brown,images/linibox-w/linibox-w-8-brown.jpg,4000K,CRI>90,On/Off,IP65,UGR<20.6,Brown · 115 × 56 × 95mm,8.4W,816lm,97lm/W,35°,Installation=images/linibox-w/linibox-w-installation-8.pdf;LDT=images/linibox-w/ldt/LINIBOX_W-08-40C-90-FX-WD.ldt;Brochure=images/linibox-w/linibox-w-brochure.pdf,
Linibox W,,,,,,,,,,,,,,,,,,,Linibox W 8 8.4W 35°,LINIBOX W-08-40C-90-FX-WD-BR-230D,Brown,images/linibox-w/linibox-w-8-brown.jpg,4000K,CRI>90,Phase Dim,IP65,UGR<20.6,Brown · 115 × 56 × 95mm,8.4W,816lm,97lm/W,35°,Installation=images/linibox-w/linibox-w-installation-8.pdf;LDT=images/linibox-w/ldt/LINIBOX_W-08-40C-90-FX-WD.ldt;Brochure=images/linibox-w/linibox-w-brochure.pdf,
Linibox W,,,,,,,,,,,,,,,,,,,Linibox W 8 8.4W 35°,LINIBOX W-08-50C-80-FX-WD-BR-230ND,Brown,images/linibox-w/linibox-w-8-brown.jpg,5000K,CRI>80,On/Off,IP65,UGR<20.6,Brown · 115 × 56 × 95mm,8.4W,1001lm,119lm/W,35°,Installation=images/linibox-w/linibox-w-installation-8.pdf;LDT=images/linibox-w/ldt/LINIBOX_W-08-50C-80-FX-WD.ldt;Brochure=images/linibox-w/linibox-w-brochure.pdf,
Linibox W,,,,,,,,,,,,,,,,,,,Linibox W 8 8.4W 35°,LINIBOX W-08-50C-80-FX-WD-BR-230D,Brown,images/linibox-w/linibox-w-8-brown.jpg,5000K,CRI>80,Phase Dim,IP65,UGR<20.6,Brown · 115 × 56 × 95mm,8.4W,1001lm,119lm/W,35°,Installation=images/linibox-w/linibox-w-installation-8.pdf;LDT=images/linibox-w/ldt/LINIBOX_W-08-50C-80-FX-WD.ldt;Brochure=images/linibox-w/linibox-w-brochure.pdf,
Linibox W,,,,,,,,,,,,,,,,,,,Linibox W 8 8.4W 35°,LINIBOX W-08-50C-90-FX-WD-BR-230ND,Brown,images/linibox-w/linibox-w-8-brown.jpg,5000K,CRI>90,On/Off,IP65,UGR<20.6,Brown · 115 × 56 × 95mm,8.4W,866lm,103lm/W,35°,Installation=images/linibox-w/linibox-w-installation-8.pdf;LDT=images/linibox-w/ldt/LINIBOX_W-08-50C-90-FX-WD.ldt;Brochure=images/linibox-w/linibox-w-brochure.pdf,
Linibox W,,,,,,,,,,,,,,,,,,,Linibox W 8 8.4W 35°,LINIBOX W-08-50C-90-FX-WD-BR-230D,Brown,images/linibox-w/linibox-w-8-brown.jpg,5000K,CRI>90,Phase Dim,IP65,UGR<20.6,Brown · 115 × 56 × 95mm,8.4W,866lm,103lm/W,35°,Installation=images/linibox-w/linibox-w-installation-8.pdf;LDT=images/linibox-w/ldt/LINIBOX_W-08-50C-90-FX-WD.ldt;Brochure=images/linibox-w/linibox-w-brochure.pdf,
Linibox W,,,,,,,,,,,,,,,,,,,Linibox W 8 8.4W 62°,LINIBOX W-08-27C-80-FX-VW-BR-230ND,Brown,images/linibox-w/linibox-w-8-brown.jpg,2700K,CRI>80,On/Off,IP65,UGR<23.6,Brown · 115 × 56 × 95mm,8.4W,678lm,81lm/W,62°,Installation=images/linibox-w/linibox-w-installation-8.pdf;LDT=images/linibox-w/ldt/LINIBOX_W-08-27C-80-FX-VW.ldt;Brochure=images/linibox-w/linibox-w-brochure.pdf,
Linibox W,,,,,,,,,,,,,,,,,,,Linibox W 8 8.4W 62°,LINIBOX W-08-27C-80-FX-VW-BR-230D,Brown,images/linibox-w/linibox-w-8-brown.jpg,2700K,CRI>80,Phase Dim,IP65,UGR<23.6,Brown · 115 × 56 × 95mm,8.4W,678lm,81lm/W,62°,Installation=images/linibox-w/linibox-w-installation-8.pdf;LDT=images/linibox-w/ldt/LINIBOX_W-08-27C-80-FX-VW.ldt;Brochure=images/linibox-w/linibox-w-brochure.pdf,
Linibox W,,,,,,,,,,,,,,,,,,,Linibox W 8 8.4W 62°,LINIBOX W-08-27C-90-FX-VW-BR-230ND,Brown,images/linibox-w/linibox-w-8-brown.jpg,2700K,CRI>90,On/Off,IP65,UGR<23.6,Brown · 115 × 56 × 95mm,8.4W,550lm,65lm/W,62°,Installation=images/linibox-w/linibox-w-installation-8.pdf;LDT=images/linibox-w/ldt/LINIBOX_W-08-27C-90-FX-VW.ldt;Brochure=images/linibox-w/linibox-w-brochure.pdf,
Linibox W,,,,,,,,,,,,,,,,,,,Linibox W 8 8.4W 62°,LINIBOX W-08-27C-90-FX-VW-BR-230D,Brown,images/linibox-w/linibox-w-8-brown.jpg,2700K,CRI>90,Phase Dim,IP65,UGR<23.6,Brown · 115 × 56 × 95mm,8.4W,550lm,65lm/W,62°,Installation=images/linibox-w/linibox-w-installation-8.pdf;LDT=images/linibox-w/ldt/LINIBOX_W-08-27C-90-FX-VW.ldt;Brochure=images/linibox-w/linibox-w-brochure.pdf,
Linibox W,,,,,,,,,,,,,,,,,,,Linibox W 8 8.4W 62°,LINIBOX W-08-30C-80-FX-VW-BR-230ND,Brown,images/linibox-w/linibox-w-8-brown.jpg,3000K,CRI>80,On/Off,IP65,UGR<23.6,Brown · 115 × 56 × 95mm,8.4W,717lm,85lm/W,62°,Installation=images/linibox-w/linibox-w-installation-8.pdf;LDT=images/linibox-w/ldt/LINIBOX_W-08-30C-80-FX-VW.ldt;Brochure=images/linibox-w/linibox-w-brochure.pdf,
Linibox W,,,,,,,,,,,,,,,,,,,Linibox W 8 8.4W 62°,LINIBOX W-08-30C-80-FX-VW-BR-230D,Brown,images/linibox-w/linibox-w-8-brown.jpg,3000K,CRI>80,Phase Dim,IP65,UGR<23.6,Brown · 115 × 56 × 95mm,8.4W,717lm,85lm/W,62°,Installation=images/linibox-w/linibox-w-installation-8.pdf;LDT=images/linibox-w/ldt/LINIBOX_W-08-30C-80-FX-VW.ldt;Brochure=images/linibox-w/linibox-w-brochure.pdf,
Linibox W,,,,,,,,,,,,,,,,,,,Linibox W 8 8.4W 62°,LINIBOX W-08-30C-90-FX-VW-BR-230ND,Brown,images/linibox-w/linibox-w-8-brown.jpg,3000K,CRI>90,On/Off,IP65,UGR<23.6,Brown · 115 × 56 × 95mm,8.4W,627lm,75lm/W,62°,Installation=images/linibox-w/linibox-w-installation-8.pdf;LDT=images/linibox-w/ldt/LINIBOX_W-08-30C-90-FX-VW.ldt;Brochure=images/linibox-w/linibox-w-brochure.pdf,
Linibox W,,,,,,,,,,,,,,,,,,,Linibox W 8 8.4W 62°,LINIBOX W-08-30C-90-FX-VW-BR-230D,Brown,images/linibox-w/linibox-w-8-brown.jpg,3000K,CRI>90,Phase Dim,IP65,UGR<23.6,Brown · 115 × 56 × 95mm,8.4W,627lm,75lm/W,62°,Installation=images/linibox-w/linibox-w-installation-8.pdf;LDT=images/linibox-w/ldt/LINIBOX_W-08-30C-90-FX-VW.ldt;Brochure=images/linibox-w/linibox-w-brochure.pdf,
Linibox W,,,,,,,,,,,,,,,,,,,Linibox W 8 8.4W 62°,LINIBOX W-08-40C-80-FX-VW-BR-230ND,Brown,images/linibox-w/linibox-w-8-brown.jpg,4000K,CRI>80,On/Off,IP65,UGR<23.6,Brown · 115 × 56 × 95mm,8.4W,755lm,90lm/W,62°,Installation=images/linibox-w/linibox-w-installation-8.pdf;LDT=images/linibox-w/ldt/LINIBOX_W-08-40C-80-FX-VW.ldt;Brochure=images/linibox-w/linibox-w-brochure.pdf,
Linibox W,,,,,,,,,,,,,,,,,,,Linibox W 8 8.4W 62°,LINIBOX W-08-40C-80-FX-VW-BR-230D,Brown,images/linibox-w/linibox-w-8-brown.jpg,4000K,CRI>80,Phase Dim,IP65,UGR<23.6,Brown · 115 × 56 × 95mm,8.4W,755lm,90lm/W,62°,Installation=images/linibox-w/linibox-w-installation-8.pdf;LDT=images/linibox-w/ldt/LINIBOX_W-08-40C-80-FX-VW.ldt;Brochure=images/linibox-w/linibox-w-brochure.pdf,
Linibox W,,,,,,,,,,,,,,,,,,,Linibox W 8 8.4W 62°,LINIBOX W-08-40C-90-FX-VW-BR-230ND,Brown,images/linibox-w/linibox-w-8-brown.jpg,4000K,CRI>90,On/Off,IP65,UGR<23.6,Brown · 115 × 56 × 95mm,8.4W,678lm,81lm/W,62°,Installation=images/linibox-w/linibox-w-installation-8.pdf;LDT=images/linibox-w/ldt/LINIBOX_W-08-40C-90-FX-VW.ldt;Brochure=images/linibox-w/linibox-w-brochure.pdf,
Linibox W,,,,,,,,,,,,,,,,,,,Linibox W 8 8.4W 62°,LINIBOX W-08-40C-90-FX-VW-BR-230D,Brown,images/linibox-w/linibox-w-8-brown.jpg,4000K,CRI>90,Phase Dim,IP65,UGR<23.6,Brown · 115 × 56 × 95mm,8.4W,678lm,81lm/W,62°,Installation=images/linibox-w/linibox-w-installation-8.pdf;LDT=images/linibox-w/ldt/LINIBOX_W-08-40C-90-FX-VW.ldt;Brochure=images/linibox-w/linibox-w-brochure.pdf,
Linibox W,,,,,,,,,,,,,,,,,,,Linibox W 8 8.4W 62°,LINIBOX W-08-50C-80-FX-VW-BR-230ND,Brown,images/linibox-w/linibox-w-8-brown.jpg,5000K,CRI>80,On/Off,IP65,UGR<23.6,Brown · 115 × 56 × 95mm,8.4W,832lm,99lm/W,62°,Installation=images/linibox-w/linibox-w-installation-8.pdf;LDT=images/linibox-w/ldt/LINIBOX_W-08-50C-80-FX-VW.ldt;Brochure=images/linibox-w/linibox-w-brochure.pdf,
Linibox W,,,,,,,,,,,,,,,,,,,Linibox W 8 8.4W 62°,LINIBOX W-08-50C-80-FX-VW-BR-230D,Brown,images/linibox-w/linibox-w-8-brown.jpg,5000K,CRI>80,Phase Dim,IP65,UGR<23.6,Brown · 115 × 56 × 95mm,8.4W,832lm,99lm/W,62°,Installation=images/linibox-w/linibox-w-installation-8.pdf;LDT=images/linibox-w/ldt/LINIBOX_W-08-50C-80-FX-VW.ldt;Brochure=images/linibox-w/linibox-w-brochure.pdf,
Linibox W,,,,,,,,,,,,,,,,,,,Linibox W 8 8.4W 62°,LINIBOX W-08-50C-90-FX-VW-BR-230ND,Brown,images/linibox-w/linibox-w-8-brown.jpg,5000K,CRI>90,On/Off,IP65,UGR<23.6,Brown · 115 × 56 × 95mm,8.4W,720lm,86lm/W,62°,Installation=images/linibox-w/linibox-w-installation-8.pdf;LDT=images/linibox-w/ldt/LINIBOX_W-08-50C-90-FX-VW.ldt;Brochure=images/linibox-w/linibox-w-brochure.pdf,
Linibox W,,,,,,,,,,,,,,,,,,,Linibox W 8 8.4W 62°,LINIBOX W-08-50C-90-FX-VW-BR-230D,Brown,images/linibox-w/linibox-w-8-brown.jpg,5000K,CRI>90,Phase Dim,IP65,UGR<23.6,Brown · 115 × 56 × 95mm,8.4W,720lm,86lm/W,62°,Installation=images/linibox-w/linibox-w-installation-8.pdf;LDT=images/linibox-w/ldt/LINIBOX_W-08-50C-90-FX-VW.ldt;Brochure=images/linibox-w/linibox-w-brochure.pdf,
Linibox W,,,,,,,,,,,,,,,,,,,Linibox W 8 8.4W 16°x30°,LINIBOX W-08-27C-80-FX-AS-BR-230ND,Brown,images/linibox-w/linibox-w-8-brown.jpg,2700K,CRI>80,On/Off,IP65,UGR<15.7,Brown · 115 × 56 × 95mm,8.4W,753lm,90lm/W,16°x30°,Installation=images/linibox-w/linibox-w-installation-8.pdf;LDT=images/linibox-w/ldt/LINIBOX_W-08-27C-80-FX-AS.ldt;Brochure=images/linibox-w/linibox-w-brochure.pdf,
Linibox W,,,,,,,,,,,,,,,,,,,Linibox W 8 8.4W 16°x30°,LINIBOX W-08-27C-80-FX-AS-BR-230D,Brown,images/linibox-w/linibox-w-8-brown.jpg,2700K,CRI>80,Phase Dim,IP65,UGR<15.7,Brown · 115 × 56 × 95mm,8.4W,753lm,90lm/W,16°x30°,Installation=images/linibox-w/linibox-w-installation-8.pdf;LDT=images/linibox-w/ldt/LINIBOX_W-08-27C-80-FX-AS.ldt;Brochure=images/linibox-w/linibox-w-brochure.pdf,
Linibox W,,,,,,,,,,,,,,,,,,,Linibox W 8 8.4W 16°x30°,LINIBOX W-08-27C-90-FX-AS-BR-230ND,Brown,images/linibox-w/linibox-w-8-brown.jpg,2700K,CRI>90,On/Off,IP65,UGR<15.7,Brown · 115 × 56 × 95mm,8.4W,611lm,73lm/W,16°x30°,Installation=images/linibox-w/linibox-w-installation-8.pdf;LDT=images/linibox-w/ldt/LINIBOX_W-08-27C-90-FX-AS.ldt;Brochure=images/linibox-w/linibox-w-brochure.pdf,
Linibox W,,,,,,,,,,,,,,,,,,,Linibox W 8 8.4W 16°x30°,LINIBOX W-08-27C-90-FX-AS-BR-230D,Brown,images/linibox-w/linibox-w-8-brown.jpg,2700K,CRI>90,Phase Dim,IP65,UGR<15.7,Brown · 115 × 56 × 95mm,8.4W,611lm,73lm/W,16°x30°,Installation=images/linibox-w/linibox-w-installation-8.pdf;LDT=images/linibox-w/ldt/LINIBOX_W-08-27C-90-FX-AS.ldt;Brochure=images/linibox-w/linibox-w-brochure.pdf,
Linibox W,,,,,,,,,,,,,,,,,,,Linibox W 8 8.4W 16°x30°,LINIBOX W-08-30C-80-FX-AS-BR-230ND,Brown,images/linibox-w/linibox-w-8-brown.jpg,3000K,CRI>80,On/Off,IP65,UGR<15.7,Brown · 115 × 56 × 95mm,8.4W,795lm,95lm/W,16°x30°,Installation=images/linibox-w/linibox-w-installation-8.pdf;LDT=images/linibox-w/ldt/LINIBOX_W-08-30C-80-FX-AS.ldt;Brochure=images/linibox-w/linibox-w-brochure.pdf,
Linibox W,,,,,,,,,,,,,,,,,,,Linibox W 8 8.4W 16°x30°,LINIBOX W-08-30C-80-FX-AS-BR-230D,Brown,images/linibox-w/linibox-w-8-brown.jpg,3000K,CRI>80,Phase Dim,IP65,UGR<15.7,Brown · 115 × 56 × 95mm,8.4W,795lm,95lm/W,16°x30°,Installation=images/linibox-w/linibox-w-installation-8.pdf;LDT=images/linibox-w/ldt/LINIBOX_W-08-30C-80-FX-AS.ldt;Brochure=images/linibox-w/linibox-w-brochure.pdf,
Linibox W,,,,,,,,,,,,,,,,,,,Linibox W 8 8.4W 16°x30°,LINIBOX W-08-30C-90-FX-AS-BR-230ND,Brown,images/linibox-w/linibox-w-8-brown.jpg,3000K,CRI>90,On/Off,IP65,UGR<15.7,Brown · 115 × 56 × 95mm,8.4W,696lm,83lm/W,16°x30°,Installation=images/linibox-w/linibox-w-installation-8.pdf;LDT=images/linibox-w/ldt/LINIBOX_W-08-30C-90-FX-AS.ldt;Brochure=images/linibox-w/linibox-w-brochure.pdf,
Linibox W,,,,,,,,,,,,,,,,,,,Linibox W 8 8.4W 16°x30°,LINIBOX W-08-30C-90-FX-AS-BR-230D,Brown,images/linibox-w/linibox-w-8-brown.jpg,3000K,CRI>90,Phase Dim,IP65,UGR<15.7,Brown · 115 × 56 × 95mm,8.4W,696lm,83lm/W,16°x30°,Installation=images/linibox-w/linibox-w-installation-8.pdf;LDT=images/linibox-w/ldt/LINIBOX_W-08-30C-90-FX-AS.ldt;Brochure=images/linibox-w/linibox-w-brochure.pdf,
Linibox W,,,,,,,,,,,,,,,,,,,Linibox W 8 8.4W 16°x30°,LINIBOX W-08-40C-80-FX-AS-BR-230ND,Brown,images/linibox-w/linibox-w-8-brown.jpg,4000K,CRI>80,On/Off,IP65,UGR<15.7,Brown · 115 × 56 × 95mm,8.4W,838lm,100lm/W,16°x30°,Installation=images/linibox-w/linibox-w-installation-8.pdf;LDT=images/linibox-w/ldt/LINIBOX_W-08-40C-80-FX-AS.ldt;Brochure=images/linibox-w/linibox-w-brochure.pdf,
Linibox W,,,,,,,,,,,,,,,,,,,Linibox W 8 8.4W 16°x30°,LINIBOX W-08-40C-80-FX-AS-BR-230D,Brown,images/linibox-w/linibox-w-8-brown.jpg,4000K,CRI>80,Phase Dim,IP65,UGR<15.7,Brown · 115 × 56 × 95mm,8.4W,838lm,100lm/W,16°x30°,Installation=images/linibox-w/linibox-w-installation-8.pdf;LDT=images/linibox-w/ldt/LINIBOX_W-08-40C-80-FX-AS.ldt;Brochure=images/linibox-w/linibox-w-brochure.pdf,
Linibox W,,,,,,,,,,,,,,,,,,,Linibox W 8 8.4W 16°x30°,LINIBOX W-08-40C-90-FX-AS-BR-230ND,Brown,images/linibox-w/linibox-w-8-brown.jpg,4000K,CRI>90,On/Off,IP65,UGR<15.7,Brown · 115 × 56 × 95mm,8.4W,753lm,90lm/W,16°x30°,Installation=images/linibox-w/linibox-w-installation-8.pdf;LDT=images/linibox-w/ldt/LINIBOX_W-08-40C-90-FX-AS.ldt;Brochure=images/linibox-w/linibox-w-brochure.pdf,
Linibox W,,,,,,,,,,,,,,,,,,,Linibox W 8 8.4W 16°x30°,LINIBOX W-08-40C-90-FX-AS-BR-230D,Brown,images/linibox-w/linibox-w-8-brown.jpg,4000K,CRI>90,Phase Dim,IP65,UGR<15.7,Brown · 115 × 56 × 95mm,8.4W,753lm,90lm/W,16°x30°,Installation=images/linibox-w/linibox-w-installation-8.pdf;LDT=images/linibox-w/ldt/LINIBOX_W-08-40C-90-FX-AS.ldt;Brochure=images/linibox-w/linibox-w-brochure.pdf,
Linibox W,,,,,,,,,,,,,,,,,,,Linibox W 8 8.4W 16°x30°,LINIBOX W-08-50C-80-FX-AS-BR-230ND,Brown,images/linibox-w/linibox-w-8-brown.jpg,5000K,CRI>80,On/Off,IP65,UGR<15.7,Brown · 115 × 56 × 95mm,8.4W,923lm,110lm/W,16°x30°,Installation=images/linibox-w/linibox-w-installation-8.pdf;LDT=images/linibox-w/ldt/LINIBOX_W-08-50C-80-FX-AS.ldt;Brochure=images/linibox-w/linibox-w-brochure.pdf,
Linibox W,,,,,,,,,,,,,,,,,,,Linibox W 8 8.4W 16°x30°,LINIBOX W-08-50C-80-FX-AS-BR-230D,Brown,images/linibox-w/linibox-w-8-brown.jpg,5000K,CRI>80,Phase Dim,IP65,UGR<15.7,Brown · 115 × 56 × 95mm,8.4W,923lm,110lm/W,16°x30°,Installation=images/linibox-w/linibox-w-installation-8.pdf;LDT=images/linibox-w/ldt/LINIBOX_W-08-50C-80-FX-AS.ldt;Brochure=images/linibox-w/linibox-w-brochure.pdf,
Linibox W,,,,,,,,,,,,,,,,,,,Linibox W 8 8.4W 16°x30°,LINIBOX W-08-50C-90-FX-AS-BR-230ND,Brown,images/linibox-w/linibox-w-8-brown.jpg,5000K,CRI>90,On/Off,IP65,UGR<15.7,Brown · 115 × 56 × 95mm,8.4W,799lm,95lm/W,16°x30°,Installation=images/linibox-w/linibox-w-installation-8.pdf;LDT=images/linibox-w/ldt/LINIBOX_W-08-50C-90-FX-AS.ldt;Brochure=images/linibox-w/linibox-w-brochure.pdf,
Linibox W,,,,,,,,,,,,,,,,,,,Linibox W 8 8.4W 16°x30°,LINIBOX W-08-50C-90-FX-AS-BR-230D,Brown,images/linibox-w/linibox-w-8-brown.jpg,5000K,CRI>90,Phase Dim,IP65,UGR<15.7,Brown · 115 × 56 × 95mm,8.4W,799lm,95lm/W,16°x30°,Installation=images/linibox-w/linibox-w-installation-8.pdf;LDT=images/linibox-w/ldt/LINIBOX_W-08-50C-90-FX-AS.ldt;Brochure=images/linibox-w/linibox-w-brochure.pdf,
Linibox W,,,,,,,,,,,,,,,,,,,Linibox W 13 12.7W 17°,LINIBOX W-13-27C-80-FX-VN-BR-230ND,Brown,images/linibox-w/linibox-w-13-brown.jpg,2700K,CRI>80,On/Off,IP65,UGR<13.7,Brown · 160 × 56 × 95mm,12.7W,1129lm,89lm/W,17°,Installation=images/linibox-w/linibox-w-installation-13.pdf;LDT=images/linibox-w/ldt/LINIBOX_W-13-27C-80-FX-VN.ldt;Brochure=images/linibox-w/linibox-w-brochure.pdf,
Linibox W,,,,,,,,,,,,,,,,,,,Linibox W 13 12.7W 17°,LINIBOX W-13-27C-80-FX-VN-BR-230D,Brown,images/linibox-w/linibox-w-13-brown.jpg,2700K,CRI>80,Phase Dim,IP65,UGR<13.7,Brown · 160 × 56 × 95mm,12.7W,1129lm,89lm/W,17°,Installation=images/linibox-w/linibox-w-installation-13.pdf;LDT=images/linibox-w/ldt/LINIBOX_W-13-27C-80-FX-VN.ldt;Brochure=images/linibox-w/linibox-w-brochure.pdf,
Linibox W,,,,,,,,,,,,,,,,,,,Linibox W 13 12.7W 17°,LINIBOX W-13-27C-90-FX-VN-BR-230ND,Brown,images/linibox-w/linibox-w-13-brown.jpg,2700K,CRI>90,On/Off,IP65,UGR<13.7,Brown · 160 × 56 × 95mm,12.7W,916lm,72lm/W,17°,Installation=images/linibox-w/linibox-w-installation-13.pdf;LDT=images/linibox-w/ldt/LINIBOX_W-13-27C-90-FX-VN.ldt;Brochure=images/linibox-w/linibox-w-brochure.pdf,
Linibox W,,,,,,,,,,,,,,,,,,,Linibox W 13 12.7W 17°,LINIBOX W-13-27C-90-FX-VN-BR-230D,Brown,images/linibox-w/linibox-w-13-brown.jpg,2700K,CRI>90,Phase Dim,IP65,UGR<13.7,Brown · 160 × 56 × 95mm,12.7W,916lm,72lm/W,17°,Installation=images/linibox-w/linibox-w-installation-13.pdf;LDT=images/linibox-w/ldt/LINIBOX_W-13-27C-90-FX-VN.ldt;Brochure=images/linibox-w/linibox-w-brochure.pdf,
Linibox W,,,,,,,,,,,,,,,,,,,Linibox W 13 12.7W 17°,LINIBOX W-13-30C-80-FX-VN-BR-230ND,Brown,images/linibox-w/linibox-w-13-brown.jpg,3000K,CRI>80,On/Off,IP65,UGR<13.7,Brown · 160 × 56 × 95mm,12.7W,1193lm,94lm/W,17°,Installation=images/linibox-w/linibox-w-installation-13.pdf;LDT=images/linibox-w/ldt/LINIBOX_W-13-30C-80-FX-VN.ldt;Brochure=images/linibox-w/linibox-w-brochure.pdf,
Linibox W,,,,,,,,,,,,,,,,,,,Linibox W 13 12.7W 17°,LINIBOX W-13-30C-80-FX-VN-BR-230D,Brown,images/linibox-w/linibox-w-13-brown.jpg,3000K,CRI>80,Phase Dim,IP65,UGR<13.7,Brown · 160 × 56 × 95mm,12.7W,1193lm,94lm/W,17°,Installation=images/linibox-w/linibox-w-installation-13.pdf;LDT=images/linibox-w/ldt/LINIBOX_W-13-30C-80-FX-VN.ldt;Brochure=images/linibox-w/linibox-w-brochure.pdf,
Linibox W,,,,,,,,,,,,,,,,,,,Linibox W 13 12.7W 17°,LINIBOX W-13-30C-90-FX-VN-BR-230ND,Brown,images/linibox-w/linibox-w-13-brown.jpg,3000K,CRI>90,On/Off,IP65,UGR<13.7,Brown · 160 × 56 × 95mm,12.7W,1044lm,82lm/W,17°,Installation=images/linibox-w/linibox-w-installation-13.pdf;LDT=images/linibox-w/ldt/LINIBOX_W-13-30C-90-FX-VN.ldt;Brochure=images/linibox-w/linibox-w-brochure.pdf,
Linibox W,,,,,,,,,,,,,,,,,,,Linibox W 13 12.7W 17°,LINIBOX W-13-30C-90-FX-VN-BR-230D,Brown,images/linibox-w/linibox-w-13-brown.jpg,3000K,CRI>90,Phase Dim,IP65,UGR<13.7,Brown · 160 × 56 × 95mm,12.7W,1044lm,82lm/W,17°,Installation=images/linibox-w/linibox-w-installation-13.pdf;LDT=images/linibox-w/ldt/LINIBOX_W-13-30C-90-FX-VN.ldt;Brochure=images/linibox-w/linibox-w-brochure.pdf,
Linibox W,,,,,,,,,,,,,,,,,,,Linibox W 13 12.7W 17°,LINIBOX W-13-40C-80-FX-VN-BR-230ND,Brown,images/linibox-w/linibox-w-13-brown.jpg,4000K,CRI>80,On/Off,IP65,UGR<13.7,Brown · 160 × 56 × 95mm,12.7W,1257lm,99lm/W,17°,Installation=images/linibox-w/linibox-w-installation-13.pdf;LDT=images/linibox-w/ldt/LINIBOX_W-13-40C-80-FX-VN.ldt;Brochure=images/linibox-w/linibox-w-brochure.pdf,
Linibox W,,,,,,,,,,,,,,,,,,,Linibox W 13 12.7W 17°,LINIBOX W-13-40C-80-FX-VN-BR-230D,Brown,images/linibox-w/linibox-w-13-brown.jpg,4000K,CRI>80,Phase Dim,IP65,UGR<13.7,Brown · 160 × 56 × 95mm,12.7W,1257lm,99lm/W,17°,Installation=images/linibox-w/linibox-w-installation-13.pdf;LDT=images/linibox-w/ldt/LINIBOX_W-13-40C-80-FX-VN.ldt;Brochure=images/linibox-w/linibox-w-brochure.pdf,
Linibox W,,,,,,,,,,,,,,,,,,,Linibox W 13 12.7W 17°,LINIBOX W-13-40C-90-FX-VN-BR-230ND,Brown,images/linibox-w/linibox-w-13-brown.jpg,4000K,CRI>90,On/Off,IP65,UGR<13.7,Brown · 160 × 56 × 95mm,12.7W,1129lm,89lm/W,17°,Installation=images/linibox-w/linibox-w-installation-13.pdf;LDT=images/linibox-w/ldt/LINIBOX_W-13-40C-90-FX-VN.ldt;Brochure=images/linibox-w/linibox-w-brochure.pdf,
Linibox W,,,,,,,,,,,,,,,,,,,Linibox W 13 12.7W 17°,LINIBOX W-13-40C-90-FX-VN-BR-230D,Brown,images/linibox-w/linibox-w-13-brown.jpg,4000K,CRI>90,Phase Dim,IP65,UGR<13.7,Brown · 160 × 56 × 95mm,12.7W,1129lm,89lm/W,17°,Installation=images/linibox-w/linibox-w-installation-13.pdf;LDT=images/linibox-w/ldt/LINIBOX_W-13-40C-90-FX-VN.ldt;Brochure=images/linibox-w/linibox-w-brochure.pdf,
Linibox W,,,,,,,,,,,,,,,,,,,Linibox W 13 12.7W 17°,LINIBOX W-13-50C-80-FX-VN-BR-230ND,Brown,images/linibox-w/linibox-w-13-brown.jpg,5000K,CRI>80,On/Off,IP65,UGR<13.7,Brown · 160 × 56 × 95mm,12.7W,1385lm,109lm/W,17°,Installation=images/linibox-w/linibox-w-installation-13.pdf;LDT=images/linibox-w/ldt/LINIBOX_W-13-50C-80-FX-VN.ldt;Brochure=images/linibox-w/linibox-w-brochure.pdf,
Linibox W,,,,,,,,,,,,,,,,,,,Linibox W 13 12.7W 17°,LINIBOX W-13-50C-80-FX-VN-BR-230D,Brown,images/linibox-w/linibox-w-13-brown.jpg,5000K,CRI>80,Phase Dim,IP65,UGR<13.7,Brown · 160 × 56 × 95mm,12.7W,1385lm,109lm/W,17°,Installation=images/linibox-w/linibox-w-installation-13.pdf;LDT=images/linibox-w/ldt/LINIBOX_W-13-50C-80-FX-VN.ldt;Brochure=images/linibox-w/linibox-w-brochure.pdf,
Linibox W,,,,,,,,,,,,,,,,,,,Linibox W 13 12.7W 17°,LINIBOX W-13-50C-90-FX-VN-BR-230ND,Brown,images/linibox-w/linibox-w-13-brown.jpg,5000K,CRI>90,On/Off,IP65,UGR<13.7,Brown · 160 × 56 × 95mm,12.7W,1200lm,94lm/W,17°,Installation=images/linibox-w/linibox-w-installation-13.pdf;LDT=images/linibox-w/ldt/LINIBOX_W-13-50C-90-FX-VN.ldt;Brochure=images/linibox-w/linibox-w-brochure.pdf,
Linibox W,,,,,,,,,,,,,,,,,,,Linibox W 13 12.7W 17°,LINIBOX W-13-50C-90-FX-VN-BR-230D,Brown,images/linibox-w/linibox-w-13-brown.jpg,5000K,CRI>90,Phase Dim,IP65,UGR<13.7,Brown · 160 × 56 × 95mm,12.7W,1200lm,94lm/W,17°,Installation=images/linibox-w/linibox-w-installation-13.pdf;LDT=images/linibox-w/ldt/LINIBOX_W-13-50C-90-FX-VN.ldt;Brochure=images/linibox-w/linibox-w-brochure.pdf,
Linibox W,,,,,,,,,,,,,,,,,,,Linibox W 13 12.7W 21°,LINIBOX W-13-27C-80-FX-NR-BR-230ND,Brown,images/linibox-w/linibox-w-13-brown.jpg,2700K,CRI>80,On/Off,IP65,UGR<13.1,Brown · 160 × 56 × 95mm,12.7W,1367lm,108lm/W,21°,Installation=images/linibox-w/linibox-w-installation-13.pdf;LDT=images/linibox-w/ldt/LINIBOX_W-13-27C-80-FX-NR.ldt;Brochure=images/linibox-w/linibox-w-brochure.pdf,
Linibox W,,,,,,,,,,,,,,,,,,,Linibox W 13 12.7W 21°,LINIBOX W-13-27C-80-FX-NR-BR-230D,Brown,images/linibox-w/linibox-w-13-brown.jpg,2700K,CRI>80,Phase Dim,IP65,UGR<13.1,Brown · 160 × 56 × 95mm,12.7W,1367lm,108lm/W,21°,Installation=images/linibox-w/linibox-w-installation-13.pdf;LDT=images/linibox-w/ldt/LINIBOX_W-13-27C-80-FX-NR.ldt;Brochure=images/linibox-w/linibox-w-brochure.pdf,
Linibox W,,,,,,,,,,,,,,,,,,,Linibox W 13 12.7W 21°,LINIBOX W-13-27C-90-FX-NR-BR-230ND,Brown,images/linibox-w/linibox-w-13-brown.jpg,2700K,CRI>90,On/Off,IP65,UGR<13.1,Brown · 160 × 56 × 95mm,12.7W,1109lm,87lm/W,21°,Installation=images/linibox-w/linibox-w-installation-13.pdf;LDT=images/linibox-w/ldt/LINIBOX_W-13-27C-90-FX-NR.ldt;Brochure=images/linibox-w/linibox-w-brochure.pdf,
Linibox W,,,,,,,,,,,,,,,,,,,Linibox W 13 12.7W 21°,LINIBOX W-13-27C-90-FX-NR-BR-230D,Brown,images/linibox-w/linibox-w-13-brown.jpg,2700K,CRI>90,Phase Dim,IP65,UGR<13.1,Brown · 160 × 56 × 95mm,12.7W,1109lm,87lm/W,21°,Installation=images/linibox-w/linibox-w-installation-13.pdf;LDT=images/linibox-w/ldt/LINIBOX_W-13-27C-90-FX-NR.ldt;Brochure=images/linibox-w/linibox-w-brochure.pdf,
Linibox W,,,,,,,,,,,,,,,,,,,Linibox W 13 12.7W 21°,LINIBOX W-13-30C-80-FX-NR-BR-230ND,Brown,images/linibox-w/linibox-w-13-brown.jpg,3000K,CRI>80,On/Off,IP65,UGR<13.1,Brown · 160 × 56 × 95mm,12.7W,1445lm,114lm/W,21°,Installation=images/linibox-w/linibox-w-installation-13.pdf;LDT=images/linibox-w/ldt/LINIBOX_W-13-30C-80-FX-NR.ldt;Brochure=images/linibox-w/linibox-w-brochure.pdf,
Linibox W,,,,,,,,,,,,,,,,,,,Linibox W 13 12.7W 21°,LINIBOX W-13-30C-80-FX-NR-BR-230D,Brown,images/linibox-w/linibox-w-13-brown.jpg,3000K,CRI>80,Phase Dim,IP65,UGR<13.1,Brown · 160 × 56 × 95mm,12.7W,1445lm,114lm/W,21°,Installation=images/linibox-w/linibox-w-installation-13.pdf;LDT=images/linibox-w/ldt/LINIBOX_W-13-30C-80-FX-NR.ldt;Brochure=images/linibox-w/linibox-w-brochure.pdf,
Linibox W,,,,,,,,,,,,,,,,,,,Linibox W 13 12.7W 21°,LINIBOX W-13-30C-90-FX-NR-BR-230ND,Brown,images/linibox-w/linibox-w-13-brown.jpg,3000K,CRI>90,On/Off,IP65,UGR<13.1,Brown · 160 × 56 × 95mm,12.7W,1264lm,100lm/W,21°,Installation=images/linibox-w/linibox-w-installation-13.pdf;LDT=images/linibox-w/ldt/LINIBOX_W-13-30C-90-FX-NR.ldt;Brochure=images/linibox-w/linibox-w-brochure.pdf,
Linibox W,,,,,,,,,,,,,,,,,,,Linibox W 13 12.7W 21°,LINIBOX W-13-30C-90-FX-NR-BR-230D,Brown,images/linibox-w/linibox-w-13-brown.jpg,3000K,CRI>90,Phase Dim,IP65,UGR<13.1,Brown · 160 × 56 × 95mm,12.7W,1264lm,100lm/W,21°,Installation=images/linibox-w/linibox-w-installation-13.pdf;LDT=images/linibox-w/ldt/LINIBOX_W-13-30C-90-FX-NR.ldt;Brochure=images/linibox-w/linibox-w-brochure.pdf,
Linibox W,,,,,,,,,,,,,,,,,,,Linibox W 13 12.7W 21°,LINIBOX W-13-40C-80-FX-NR-BR-230ND,Brown,images/linibox-w/linibox-w-13-brown.jpg,4000K,CRI>80,On/Off,IP65,UGR<13.1,Brown · 160 × 56 × 95mm,12.7W,1522lm,120lm/W,21°,Installation=images/linibox-w/linibox-w-installation-13.pdf;LDT=images/linibox-w/ldt/LINIBOX_W-13-40C-80-FX-NR.ldt;Brochure=images/linibox-w/linibox-w-brochure.pdf,
Linibox W,,,,,,,,,,,,,,,,,,,Linibox W 13 12.7W 21°,LINIBOX W-13-40C-80-FX-NR-BR-230D,Brown,images/linibox-w/linibox-w-13-brown.jpg,4000K,CRI>80,Phase Dim,IP65,UGR<13.1,Brown · 160 × 56 × 95mm,12.7W,1522lm,120lm/W,21°,Installation=images/linibox-w/linibox-w-installation-13.pdf;LDT=images/linibox-w/ldt/LINIBOX_W-13-40C-80-FX-NR.ldt;Brochure=images/linibox-w/linibox-w-brochure.pdf,
Linibox W,,,,,,,,,,,,,,,,,,,Linibox W 13 12.7W 21°,LINIBOX W-13-40C-90-FX-NR-BR-230ND,Brown,images/linibox-w/linibox-w-13-brown.jpg,4000K,CRI>90,On/Off,IP65,UGR<13.1,Brown · 160 × 56 × 95mm,12.7W,1367lm,108lm/W,21°,Installation=images/linibox-w/linibox-w-installation-13.pdf;LDT=images/linibox-w/ldt/LINIBOX_W-13-40C-90-FX-NR.ldt;Brochure=images/linibox-w/linibox-w-brochure.pdf,
Linibox W,,,,,,,,,,,,,,,,,,,Linibox W 13 12.7W 21°,LINIBOX W-13-40C-90-FX-NR-BR-230D,Brown,images/linibox-w/linibox-w-13-brown.jpg,4000K,CRI>90,Phase Dim,IP65,UGR<13.1,Brown · 160 × 56 × 95mm,12.7W,1367lm,108lm/W,21°,Installation=images/linibox-w/linibox-w-installation-13.pdf;LDT=images/linibox-w/ldt/LINIBOX_W-13-40C-90-FX-NR.ldt;Brochure=images/linibox-w/linibox-w-brochure.pdf,
Linibox W,,,,,,,,,,,,,,,,,,,Linibox W 13 12.7W 21°,LINIBOX W-13-50C-80-FX-NR-BR-230ND,Brown,images/linibox-w/linibox-w-13-brown.jpg,5000K,CRI>80,On/Off,IP65,UGR<13.1,Brown · 160 × 56 × 95mm,12.7W,1677lm,132lm/W,21°,Installation=images/linibox-w/linibox-w-installation-13.pdf;LDT=images/linibox-w/ldt/LINIBOX_W-13-50C-80-FX-NR.ldt;Brochure=images/linibox-w/linibox-w-brochure.pdf,
Linibox W,,,,,,,,,,,,,,,,,,,Linibox W 13 12.7W 21°,LINIBOX W-13-50C-80-FX-NR-BR-230D,Brown,images/linibox-w/linibox-w-13-brown.jpg,5000K,CRI>80,Phase Dim,IP65,UGR<13.1,Brown · 160 × 56 × 95mm,12.7W,1677lm,132lm/W,21°,Installation=images/linibox-w/linibox-w-installation-13.pdf;LDT=images/linibox-w/ldt/LINIBOX_W-13-50C-80-FX-NR.ldt;Brochure=images/linibox-w/linibox-w-brochure.pdf,
Linibox W,,,,,,,,,,,,,,,,,,,Linibox W 13 12.7W 21°,LINIBOX W-13-50C-90-FX-NR-BR-230ND,Brown,images/linibox-w/linibox-w-13-brown.jpg,5000K,CRI>90,On/Off,IP65,UGR<13.1,Brown · 160 × 56 × 95mm,12.7W,1453lm,114lm/W,21°,Installation=images/linibox-w/linibox-w-installation-13.pdf;LDT=images/linibox-w/ldt/LINIBOX_W-13-50C-90-FX-NR.ldt;Brochure=images/linibox-w/linibox-w-brochure.pdf,
Linibox W,,,,,,,,,,,,,,,,,,,Linibox W 13 12.7W 21°,LINIBOX W-13-50C-90-FX-NR-BR-230D,Brown,images/linibox-w/linibox-w-13-brown.jpg,5000K,CRI>90,Phase Dim,IP65,UGR<13.1,Brown · 160 × 56 × 95mm,12.7W,1453lm,114lm/W,21°,Installation=images/linibox-w/linibox-w-installation-13.pdf;LDT=images/linibox-w/ldt/LINIBOX_W-13-50C-90-FX-NR.ldt;Brochure=images/linibox-w/linibox-w-brochure.pdf,
Linibox W,,,,,,,,,,,,,,,,,,,Linibox W 13 12.7W 25°,LINIBOX W-13-27C-80-FX-MD-BR-230ND,Brown,images/linibox-w/linibox-w-13-brown.jpg,2700K,CRI>80,On/Off,IP65,UGR<12.5,Brown · 160 × 56 × 95mm,12.7W,1208lm,95lm/W,25°,Installation=images/linibox-w/linibox-w-installation-13.pdf;LDT=images/linibox-w/ldt/LINIBOX_W-13-27C-80-FX-MD.ldt;Brochure=images/linibox-w/linibox-w-brochure.pdf,
Linibox W,,,,,,,,,,,,,,,,,,,Linibox W 13 12.7W 25°,LINIBOX W-13-27C-80-FX-MD-BR-230D,Brown,images/linibox-w/linibox-w-13-brown.jpg,2700K,CRI>80,Phase Dim,IP65,UGR<12.5,Brown · 160 × 56 × 95mm,12.7W,1208lm,95lm/W,25°,Installation=images/linibox-w/linibox-w-installation-13.pdf;LDT=images/linibox-w/ldt/LINIBOX_W-13-27C-80-FX-MD.ldt;Brochure=images/linibox-w/linibox-w-brochure.pdf,
Linibox W,,,,,,,,,,,,,,,,,,,Linibox W 13 12.7W 25°,LINIBOX W-13-27C-90-FX-MD-BR-230ND,Brown,images/linibox-w/linibox-w-13-brown.jpg,2700K,CRI>90,On/Off,IP65,UGR<12.5,Brown · 160 × 56 × 95mm,12.7W,980lm,77lm/W,25°,Installation=images/linibox-w/linibox-w-installation-13.pdf;LDT=images/linibox-w/ldt/LINIBOX_W-13-27C-90-FX-MD.ldt;Brochure=images/linibox-w/linibox-w-brochure.pdf,
Linibox W,,,,,,,,,,,,,,,,,,,Linibox W 13 12.7W 25°,LINIBOX W-13-27C-90-FX-MD-BR-230D,Brown,images/linibox-w/linibox-w-13-brown.jpg,2700K,CRI>90,Phase Dim,IP65,UGR<12.5,Brown · 160 × 56 × 95mm,12.7W,980lm,77lm/W,25°,Installation=images/linibox-w/linibox-w-installation-13.pdf;LDT=images/linibox-w/ldt/LINIBOX_W-13-27C-90-FX-MD.ldt;Brochure=images/linibox-w/linibox-w-brochure.pdf,
Linibox W,,,,,,,,,,,,,,,,,,,Linibox W 13 12.7W 25°,LINIBOX W-13-30C-80-FX-MD-BR-230ND,Brown,images/linibox-w/linibox-w-13-brown.jpg,3000K,CRI>80,On/Off,IP65,UGR<12.5,Brown · 160 × 56 × 95mm,12.7W,1277lm,101lm/W,25°,Installation=images/linibox-w/linibox-w-installation-13.pdf;LDT=images/linibox-w/ldt/LINIBOX_W-13-30C-80-FX-MD.ldt;Brochure=images/linibox-w/linibox-w-brochure.pdf,
Linibox W,,,,,,,,,,,,,,,,,,,Linibox W 13 12.7W 25°,LINIBOX W-13-30C-80-FX-MD-BR-230D,Brown,images/linibox-w/linibox-w-13-brown.jpg,3000K,CRI>80,Phase Dim,IP65,UGR<12.5,Brown · 160 × 56 × 95mm,12.7W,1277lm,101lm/W,25°,Installation=images/linibox-w/linibox-w-installation-13.pdf;LDT=images/linibox-w/ldt/LINIBOX_W-13-30C-80-FX-MD.ldt;Brochure=images/linibox-w/linibox-w-brochure.pdf,
Linibox W,,,,,,,,,,,,,,,,,,,Linibox W 13 12.7W 25°,LINIBOX W-13-30C-90-FX-MD-BR-230ND,Brown,images/linibox-w/linibox-w-13-brown.jpg,3000K,CRI>90,On/Off,IP65,UGR<12.5,Brown · 160 × 56 × 95mm,12.7W,1117lm,88lm/W,25°,Installation=images/linibox-w/linibox-w-installation-13.pdf;LDT=images/linibox-w/ldt/LINIBOX_W-13-30C-90-FX-MD.ldt;Brochure=images/linibox-w/linibox-w-brochure.pdf,
Linibox W,,,,,,,,,,,,,,,,,,,Linibox W 13 12.7W 25°,LINIBOX W-13-30C-90-FX-MD-BR-230D,Brown,images/linibox-w/linibox-w-13-brown.jpg,3000K,CRI>90,Phase Dim,IP65,UGR<12.5,Brown · 160 × 56 × 95mm,12.7W,1117lm,88lm/W,25°,Installation=images/linibox-w/linibox-w-installation-13.pdf;LDT=images/linibox-w/ldt/LINIBOX_W-13-30C-90-FX-MD.ldt;Brochure=images/linibox-w/linibox-w-brochure.pdf,
Linibox W,,,,,,,,,,,,,,,,,,,Linibox W 13 12.7W 25°,LINIBOX W-13-40C-80-FX-MD-BR-230ND,Brown,images/linibox-w/linibox-w-13-brown.jpg,4000K,CRI>80,On/Off,IP65,UGR<12.5,Brown · 160 × 56 × 95mm,12.7W,1345lm,106lm/W,25°,Installation=images/linibox-w/linibox-w-installation-13.pdf;LDT=images/linibox-w/ldt/LINIBOX_W-13-40C-80-FX-MD.ldt;Brochure=images/linibox-w/linibox-w-brochure.pdf,
Linibox W,,,,,,,,,,,,,,,,,,,Linibox W 13 12.7W 25°,LINIBOX W-13-40C-80-FX-MD-BR-230D,Brown,images/linibox-w/linibox-w-13-brown.jpg,4000K,CRI>80,Phase Dim,IP65,UGR<12.5,Brown · 160 × 56 × 95mm,12.7W,1345lm,106lm/W,25°,Installation=images/linibox-w/linibox-w-installation-13.pdf;LDT=images/linibox-w/ldt/LINIBOX_W-13-40C-80-FX-MD.ldt;Brochure=images/linibox-w/linibox-w-brochure.pdf,
Linibox W,,,,,,,,,,,,,,,,,,,Linibox W 13 12.7W 25°,LINIBOX W-13-40C-90-FX-MD-BR-230ND,Brown,images/linibox-w/linibox-w-13-brown.jpg,4000K,CRI>90,On/Off,IP65,UGR<12.5,Brown · 160 × 56 × 95mm,12.7W,1209lm,95lm/W,25°,Installation=images/linibox-w/linibox-w-installation-13.pdf;LDT=images/linibox-w/ldt/LINIBOX_W-13-40C-90-FX-MD.ldt;Brochure=images/linibox-w/linibox-w-brochure.pdf,
Linibox W,,,,,,,,,,,,,,,,,,,Linibox W 13 12.7W 25°,LINIBOX W-13-40C-90-FX-MD-BR-230D,Brown,images/linibox-w/linibox-w-13-brown.jpg,4000K,CRI>90,Phase Dim,IP65,UGR<12.5,Brown · 160 × 56 × 95mm,12.7W,1209lm,95lm/W,25°,Installation=images/linibox-w/linibox-w-installation-13.pdf;LDT=images/linibox-w/ldt/LINIBOX_W-13-40C-90-FX-MD.ldt;Brochure=images/linibox-w/linibox-w-brochure.pdf,
Linibox W,,,,,,,,,,,,,,,,,,,Linibox W 13 12.7W 25°,LINIBOX W-13-50C-80-FX-MD-BR-230ND,Brown,images/linibox-w/linibox-w-13-brown.jpg,5000K,CRI>80,On/Off,IP65,UGR<12.5,Brown · 160 × 56 × 95mm,12.7W,1482lm,117lm/W,25°,Installation=images/linibox-w/linibox-w-installation-13.pdf;LDT=images/linibox-w/ldt/LINIBOX_W-13-50C-80-FX-MD.ldt;Brochure=images/linibox-w/linibox-w-brochure.pdf,
Linibox W,,,,,,,,,,,,,,,,,,,Linibox W 13 12.7W 25°,LINIBOX W-13-50C-80-FX-MD-BR-230D,Brown,images/linibox-w/linibox-w-13-brown.jpg,5000K,CRI>80,Phase Dim,IP65,UGR<12.5,Brown · 160 × 56 × 95mm,12.7W,1482lm,117lm/W,25°,Installation=images/linibox-w/linibox-w-installation-13.pdf;LDT=images/linibox-w/ldt/LINIBOX_W-13-50C-80-FX-MD.ldt;Brochure=images/linibox-w/linibox-w-brochure.pdf,
Linibox W,,,,,,,,,,,,,,,,,,,Linibox W 13 12.7W 25°,LINIBOX W-13-50C-90-FX-MD-BR-230ND,Brown,images/linibox-w/linibox-w-13-brown.jpg,5000K,CRI>90,On/Off,IP65,UGR<12.5,Brown · 160 × 56 × 95mm,12.7W,1284lm,101lm/W,25°,Installation=images/linibox-w/linibox-w-installation-13.pdf;LDT=images/linibox-w/ldt/LINIBOX_W-13-50C-90-FX-MD.ldt;Brochure=images/linibox-w/linibox-w-brochure.pdf,
Linibox W,,,,,,,,,,,,,,,,,,,Linibox W 13 12.7W 25°,LINIBOX W-13-50C-90-FX-MD-BR-230D,Brown,images/linibox-w/linibox-w-13-brown.jpg,5000K,CRI>90,Phase Dim,IP65,UGR<12.5,Brown · 160 × 56 × 95mm,12.7W,1284lm,101lm/W,25°,Installation=images/linibox-w/linibox-w-installation-13.pdf;LDT=images/linibox-w/ldt/LINIBOX_W-13-50C-90-FX-MD.ldt;Brochure=images/linibox-w/linibox-w-brochure.pdf,
Linibox W,,,,,,,,,,,,,,,,,,,Linibox W 13 12.7W 35°,LINIBOX W-13-27C-80-FX-WD-BR-230ND,Brown,images/linibox-w/linibox-w-13-brown.jpg,2700K,CRI>80,On/Off,IP65,UGR<20.6,Brown · 160 × 56 × 95mm,12.7W,1224lm,96lm/W,35°,Installation=images/linibox-w/linibox-w-installation-13.pdf;LDT=images/linibox-w/ldt/LINIBOX_W-13-27C-80-FX-WD.ldt;Brochure=images/linibox-w/linibox-w-brochure.pdf,
Linibox W,,,,,,,,,,,,,,,,,,,Linibox W 13 12.7W 35°,LINIBOX W-13-27C-80-FX-WD-BR-230D,Brown,images/linibox-w/linibox-w-13-brown.jpg,2700K,CRI>80,Phase Dim,IP65,UGR<20.6,Brown · 160 × 56 × 95mm,12.7W,1224lm,96lm/W,35°,Installation=images/linibox-w/linibox-w-installation-13.pdf;LDT=images/linibox-w/ldt/LINIBOX_W-13-27C-80-FX-WD.ldt;Brochure=images/linibox-w/linibox-w-brochure.pdf,
Linibox W,,,,,,,,,,,,,,,,,,,Linibox W 13 12.7W 35°,LINIBOX W-13-27C-90-FX-WD-BR-230ND,Brown,images/linibox-w/linibox-w-13-brown.jpg,2700K,CRI>90,On/Off,IP65,UGR<20.6,Brown · 160 × 56 × 95mm,12.7W,993lm,78lm/W,35°,Installation=images/linibox-w/linibox-w-installation-13.pdf;LDT=images/linibox-w/ldt/LINIBOX_W-13-27C-90-FX-WD.ldt;Brochure=images/linibox-w/linibox-w-brochure.pdf,
Linibox W,,,,,,,,,,,,,,,,,,,Linibox W 13 12.7W 35°,LINIBOX W-13-27C-90-FX-WD-BR-230D,Brown,images/linibox-w/linibox-w-13-brown.jpg,2700K,CRI>90,Phase Dim,IP65,UGR<20.6,Brown · 160 × 56 × 95mm,12.7W,993lm,78lm/W,35°,Installation=images/linibox-w/linibox-w-installation-13.pdf;LDT=images/linibox-w/ldt/LINIBOX_W-13-27C-90-FX-WD.ldt;Brochure=images/linibox-w/linibox-w-brochure.pdf,
Linibox W,,,,,,,,,,,,,,,,,,,Linibox W 13 12.7W 35°,LINIBOX W-13-30C-80-FX-WD-BR-230ND,Brown,images/linibox-w/linibox-w-13-brown.jpg,3000K,CRI>80,On/Off,IP65,UGR<20.6,Brown · 160 × 56 × 95mm,12.7W,1294lm,102lm/W,35°,Installation=images/linibox-w/linibox-w-installation-13.pdf;LDT=images/linibox-w/ldt/LINIBOX_W-13-30C-80-FX-WD.ldt;Brochure=images/linibox-w/linibox-w-brochure.pdf,
Linibox W,,,,,,,,,,,,,,,,,,,Linibox W 13 12.7W 35°,LINIBOX W-13-30C-80-FX-WD-BR-230D,Brown,images/linibox-w/linibox-w-13-brown.jpg,3000K,CRI>80,Phase Dim,IP65,UGR<20.6,Brown · 160 × 56 × 95mm,12.7W,1294lm,102lm/W,35°,Installation=images/linibox-w/linibox-w-installation-13.pdf;LDT=images/linibox-w/ldt/LINIBOX_W-13-30C-80-FX-WD.ldt;Brochure=images/linibox-w/linibox-w-brochure.pdf,
Linibox W,,,,,,,,,,,,,,,,,,,Linibox W 13 12.7W 35°,LINIBOX W-13-30C-90-FX-WD-BR-230ND,Brown,images/linibox-w/linibox-w-13-brown.jpg,3000K,CRI>90,On/Off,IP65,UGR<20.6,Brown · 160 × 56 × 95mm,12.7W,1132lm,89lm/W,35°,Installation=images/linibox-w/linibox-w-installation-13.pdf;LDT=images/linibox-w/ldt/LINIBOX_W-13-30C-90-FX-WD.ldt;Brochure=images/linibox-w/linibox-w-brochure.pdf,
Linibox W,,,,,,,,,,,,,,,,,,,Linibox W 13 12.7W 35°,LINIBOX W-13-30C-90-FX-WD-BR-230D,Brown,images/linibox-w/linibox-w-13-brown.jpg,3000K,CRI>90,Phase Dim,IP65,UGR<20.6,Brown · 160 × 56 × 95mm,12.7W,1132lm,89lm/W,35°,Installation=images/linibox-w/linibox-w-installation-13.pdf;LDT=images/linibox-w/ldt/LINIBOX_W-13-30C-90-FX-WD.ldt;Brochure=images/linibox-w/linibox-w-brochure.pdf,
Linibox W,,,,,,,,,,,,,,,,,,,Linibox W 13 12.7W 35°,LINIBOX W-13-40C-80-FX-WD-BR-230ND,Brown,images/linibox-w/linibox-w-13-brown.jpg,4000K,CRI>80,On/Off,IP65,UGR<20.6,Brown · 160 × 56 × 95mm,12.7W,1363lm,107lm/W,35°,Installation=images/linibox-w/linibox-w-installation-13.pdf;LDT=images/linibox-w/ldt/LINIBOX_W-13-40C-80-FX-WD.ldt;Brochure=images/linibox-w/linibox-w-brochure.pdf,
Linibox W,,,,,,,,,,,,,,,,,,,Linibox W 13 12.7W 35°,LINIBOX W-13-40C-80-FX-WD-BR-230D,Brown,images/linibox-w/linibox-w-13-brown.jpg,4000K,CRI>80,Phase Dim,IP65,UGR<20.6,Brown · 160 × 56 × 95mm,12.7W,1363lm,107lm/W,35°,Installation=images/linibox-w/linibox-w-installation-13.pdf;LDT=images/linibox-w/ldt/LINIBOX_W-13-40C-80-FX-WD.ldt;Brochure=images/linibox-w/linibox-w-brochure.pdf,
Linibox W,,,,,,,,,,,,,,,,,,,Linibox W 13 12.7W 35°,LINIBOX W-13-40C-90-FX-WD-BR-230ND,Brown,images/linibox-w/linibox-w-13-brown.jpg,4000K,CRI>90,On/Off,IP65,UGR<20.6,Brown · 160 × 56 × 95mm,12.7W,1224lm,96lm/W,35°,Installation=images/linibox-w/linibox-w-installation-13.pdf;LDT=images/linibox-w/ldt/LINIBOX_W-13-40C-90-FX-WD.ldt;Brochure=images/linibox-w/linibox-w-brochure.pdf,
Linibox W,,,,,,,,,,,,,,,,,,,Linibox W 13 12.7W 35°,LINIBOX W-13-40C-90-FX-WD-BR-230D,Brown,images/linibox-w/linibox-w-13-brown.jpg,4000K,CRI>90,Phase Dim,IP65,UGR<20.6,Brown · 160 × 56 × 95mm,12.7W,1224lm,96lm/W,35°,Installation=images/linibox-w/linibox-w-installation-13.pdf;LDT=images/linibox-w/ldt/LINIBOX_W-13-40C-90-FX-WD.ldt;Brochure=images/linibox-w/linibox-w-brochure.pdf,
Linibox W,,,,,,,,,,,,,,,,,,,Linibox W 13 12.7W 35°,LINIBOX W-13-50C-80-FX-WD-BR-230ND,Brown,images/linibox-w/linibox-w-13-brown.jpg,5000K,CRI>80,On/Off,IP65,UGR<20.6,Brown · 160 × 56 × 95mm,12.7W,1502lm,118lm/W,35°,Installation=images/linibox-w/linibox-w-installation-13.pdf;LDT=images/linibox-w/ldt/LINIBOX_W-13-50C-80-FX-WD.ldt;Brochure=images/linibox-w/linibox-w-brochure.pdf,
Linibox W,,,,,,,,,,,,,,,,,,,Linibox W 13 12.7W 35°,LINIBOX W-13-50C-80-FX-WD-BR-230D,Brown,images/linibox-w/linibox-w-13-brown.jpg,5000K,CRI>80,Phase Dim,IP65,UGR<20.6,Brown · 160 × 56 × 95mm,12.7W,1502lm,118lm/W,35°,Installation=images/linibox-w/linibox-w-installation-13.pdf;LDT=images/linibox-w/ldt/LINIBOX_W-13-50C-80-FX-WD.ldt;Brochure=images/linibox-w/linibox-w-brochure.pdf,
Linibox W,,,,,,,,,,,,,,,,,,,Linibox W 13 12.7W 35°,LINIBOX W-13-50C-90-FX-WD-BR-230ND,Brown,images/linibox-w/linibox-w-13-brown.jpg,5000K,CRI>90,On/Off,IP65,UGR<20.6,Brown · 160 × 56 × 95mm,12.7W,1301lm,102lm/W,35°,Installation=images/linibox-w/linibox-w-installation-13.pdf;LDT=images/linibox-w/ldt/LINIBOX_W-13-50C-90-FX-WD.ldt;Brochure=images/linibox-w/linibox-w-brochure.pdf,
Linibox W,,,,,,,,,,,,,,,,,,,Linibox W 13 12.7W 35°,LINIBOX W-13-50C-90-FX-WD-BR-230D,Brown,images/linibox-w/linibox-w-13-brown.jpg,5000K,CRI>90,Phase Dim,IP65,UGR<20.6,Brown · 160 × 56 × 95mm,12.7W,1301lm,102lm/W,35°,Installation=images/linibox-w/linibox-w-installation-13.pdf;LDT=images/linibox-w/ldt/LINIBOX_W-13-50C-90-FX-WD.ldt;Brochure=images/linibox-w/linibox-w-brochure.pdf,
Linibox W,,,,,,,,,,,,,,,,,,,Linibox W 13 12.7W 62°,LINIBOX W-13-27C-80-FX-VW-BR-230ND,Brown,images/linibox-w/linibox-w-13-brown.jpg,2700K,CRI>80,On/Off,IP65,UGR<23.6,Brown · 160 × 56 × 95mm,12.7W,1018lm,80lm/W,62°,Installation=images/linibox-w/linibox-w-installation-13.pdf;LDT=images/linibox-w/ldt/LINIBOX_W-13-27C-80-FX-VW.ldt;Brochure=images/linibox-w/linibox-w-brochure.pdf,
Linibox W,,,,,,,,,,,,,,,,,,,Linibox W 13 12.7W 62°,LINIBOX W-13-27C-80-FX-VW-BR-230D,Brown,images/linibox-w/linibox-w-13-brown.jpg,2700K,CRI>80,Phase Dim,IP65,UGR<23.6,Brown · 160 × 56 × 95mm,12.7W,1018lm,80lm/W,62°,Installation=images/linibox-w/linibox-w-installation-13.pdf;LDT=images/linibox-w/ldt/LINIBOX_W-13-27C-80-FX-VW.ldt;Brochure=images/linibox-w/linibox-w-brochure.pdf,
Linibox W,,,,,,,,,,,,,,,,,,,Linibox W 13 12.7W 62°,LINIBOX W-13-27C-90-FX-VW-BR-230ND,Brown,images/linibox-w/linibox-w-13-brown.jpg,2700K,CRI>90,On/Off,IP65,UGR<23.6,Brown · 160 × 56 × 95mm,12.7W,826lm,65lm/W,62°,Installation=images/linibox-w/linibox-w-installation-13.pdf;LDT=images/linibox-w/ldt/LINIBOX_W-13-27C-90-FX-VW.ldt;Brochure=images/linibox-w/linibox-w-brochure.pdf,
Linibox W,,,,,,,,,,,,,,,,,,,Linibox W 13 12.7W 62°,LINIBOX W-13-27C-90-FX-VW-BR-230D,Brown,images/linibox-w/linibox-w-13-brown.jpg,2700K,CRI>90,Phase Dim,IP65,UGR<23.6,Brown · 160 × 56 × 95mm,12.7W,826lm,65lm/W,62°,Installation=images/linibox-w/linibox-w-installation-13.pdf;LDT=images/linibox-w/ldt/LINIBOX_W-13-27C-90-FX-VW.ldt;Brochure=images/linibox-w/linibox-w-brochure.pdf,
Linibox W,,,,,,,,,,,,,,,,,,,Linibox W 13 12.7W 62°,LINIBOX W-13-30C-80-FX-VW-BR-230ND,Brown,images/linibox-w/linibox-w-13-brown.jpg,3000K,CRI>80,On/Off,IP65,UGR<23.6,Brown · 160 × 56 × 95mm,12.7W,1075lm,85lm/W,62°,Installation=images/linibox-w/linibox-w-installation-13.pdf;LDT=images/linibox-w/ldt/LINIBOX_W-13-30C-80-FX-VW.ldt;Brochure=images/linibox-w/linibox-w-brochure.pdf,
Linibox W,,,,,,,,,,,,,,,,,,,Linibox W 13 12.7W 62°,LINIBOX W-13-30C-80-FX-VW-BR-230D,Brown,images/linibox-w/linibox-w-13-brown.jpg,3000K,CRI>80,Phase Dim,IP65,UGR<23.6,Brown · 160 × 56 × 95mm,12.7W,1075lm,85lm/W,62°,Installation=images/linibox-w/linibox-w-installation-13.pdf;LDT=images/linibox-w/ldt/LINIBOX_W-13-30C-80-FX-VW.ldt;Brochure=images/linibox-w/linibox-w-brochure.pdf,
Linibox W,,,,,,,,,,,,,,,,,,,Linibox W 13 12.7W 62°,LINIBOX W-13-30C-90-FX-VW-BR-230ND,Brown,images/linibox-w/linibox-w-13-brown.jpg,3000K,CRI>90,On/Off,IP65,UGR<23.6,Brown · 160 × 56 × 95mm,12.7W,941lm,74lm/W,62°,Installation=images/linibox-w/linibox-w-installation-13.pdf;LDT=images/linibox-w/ldt/LINIBOX_W-13-30C-90-FX-VW.ldt;Brochure=images/linibox-w/linibox-w-brochure.pdf,
Linibox W,,,,,,,,,,,,,,,,,,,Linibox W 13 12.7W 62°,LINIBOX W-13-30C-90-FX-VW-BR-230D,Brown,images/linibox-w/linibox-w-13-brown.jpg,3000K,CRI>90,Phase Dim,IP65,UGR<23.6,Brown · 160 × 56 × 95mm,12.7W,941lm,74lm/W,62°,Installation=images/linibox-w/linibox-w-installation-13.pdf;LDT=images/linibox-w/ldt/LINIBOX_W-13-30C-90-FX-VW.ldt;Brochure=images/linibox-w/linibox-w-brochure.pdf,
Linibox W,,,,,,,,,,,,,,,,,,,Linibox W 13 12.7W 62°,LINIBOX W-13-40C-80-FX-VW-BR-230ND,Brown,images/linibox-w/linibox-w-13-brown.jpg,4000K,CRI>80,On/Off,IP65,UGR<23.6,Brown · 160 × 56 × 95mm,12.7W,1133lm,89lm/W,62°,Installation=images/linibox-w/linibox-w-installation-13.pdf;LDT=images/linibox-w/ldt/LINIBOX_W-13-40C-80-FX-VW.ldt;Brochure=images/linibox-w/linibox-w-brochure.pdf,
Linibox W,,,,,,,,,,,,,,,,,,,Linibox W 13 12.7W 62°,LINIBOX W-13-40C-80-FX-VW-BR-230D,Brown,images/linibox-w/linibox-w-13-brown.jpg,4000K,CRI>80,Phase Dim,IP65,UGR<23.6,Brown · 160 × 56 × 95mm,12.7W,1133lm,89lm/W,62°,Installation=images/linibox-w/linibox-w-installation-13.pdf;LDT=images/linibox-w/ldt/LINIBOX_W-13-40C-80-FX-VW.ldt;Brochure=images/linibox-w/linibox-w-brochure.pdf,
Linibox W,,,,,,,,,,,,,,,,,,,Linibox W 13 12.7W 62°,LINIBOX W-13-40C-90-FX-VW-BR-230ND,Brown,images/linibox-w/linibox-w-13-brown.jpg,4000K,CRI>90,On/Off,IP65,UGR<23.6,Brown · 160 × 56 × 95mm,12.7W,1018lm,80lm/W,62°,Installation=images/linibox-w/linibox-w-installation-13.pdf;LDT=images/linibox-w/ldt/LINIBOX_W-13-40C-90-FX-VW.ldt;Brochure=images/linibox-w/linibox-w-brochure.pdf,
Linibox W,,,,,,,,,,,,,,,,,,,Linibox W 13 12.7W 62°,LINIBOX W-13-40C-90-FX-VW-BR-230D,Brown,images/linibox-w/linibox-w-13-brown.jpg,4000K,CRI>90,Phase Dim,IP65,UGR<23.6,Brown · 160 × 56 × 95mm,12.7W,1018lm,80lm/W,62°,Installation=images/linibox-w/linibox-w-installation-13.pdf;LDT=images/linibox-w/ldt/LINIBOX_W-13-40C-90-FX-VW.ldt;Brochure=images/linibox-w/linibox-w-brochure.pdf,
Linibox W,,,,,,,,,,,,,,,,,,,Linibox W 13 12.7W 62°,LINIBOX W-13-50C-80-FX-VW-BR-230ND,Brown,images/linibox-w/linibox-w-13-brown.jpg,5000K,CRI>80,On/Off,IP65,UGR<23.6,Brown · 160 × 56 × 95mm,12.7W,1248lm,98lm/W,62°,Installation=images/linibox-w/linibox-w-installation-13.pdf;LDT=images/linibox-w/ldt/LINIBOX_W-13-50C-80-FX-VW.ldt;Brochure=images/linibox-w/linibox-w-brochure.pdf,
Linibox W,,,,,,,,,,,,,,,,,,,Linibox W 13 12.7W 62°,LINIBOX W-13-50C-80-FX-VW-BR-230D,Brown,images/linibox-w/linibox-w-13-brown.jpg,5000K,CRI>80,Phase Dim,IP65,UGR<23.6,Brown · 160 × 56 × 95mm,12.7W,1248lm,98lm/W,62°,Installation=images/linibox-w/linibox-w-installation-13.pdf;LDT=images/linibox-w/ldt/LINIBOX_W-13-50C-80-FX-VW.ldt;Brochure=images/linibox-w/linibox-w-brochure.pdf,
Linibox W,,,,,,,,,,,,,,,,,,,Linibox W 13 12.7W 62°,LINIBOX W-13-50C-90-FX-VW-BR-230ND,Brown,images/linibox-w/linibox-w-13-brown.jpg,5000K,CRI>90,On/Off,IP65,UGR<23.6,Brown · 160 × 56 × 95mm,12.7W,1082lm,85lm/W,62°,Installation=images/linibox-w/linibox-w-installation-13.pdf;LDT=images/linibox-w/ldt/LINIBOX_W-13-50C-90-FX-VW.ldt;Brochure=images/linibox-w/linibox-w-brochure.pdf,
Linibox W,,,,,,,,,,,,,,,,,,,Linibox W 13 12.7W 62°,LINIBOX W-13-50C-90-FX-VW-BR-230D,Brown,images/linibox-w/linibox-w-13-brown.jpg,5000K,CRI>90,Phase Dim,IP65,UGR<23.6,Brown · 160 × 56 × 95mm,12.7W,1082lm,85lm/W,62°,Installation=images/linibox-w/linibox-w-installation-13.pdf;LDT=images/linibox-w/ldt/LINIBOX_W-13-50C-90-FX-VW.ldt;Brochure=images/linibox-w/linibox-w-brochure.pdf,
Linibox W,,,,,,,,,,,,,,,,,,,Linibox W 13 12.7W 16°x30°,LINIBOX W-13-27C-80-FX-AS-BR-230ND,Brown,images/linibox-w/linibox-w-13-brown.jpg,2700K,CRI>80,On/Off,IP65,UGR<15.7,Brown · 160 × 56 × 95mm,12.7W,1129lm,89lm/W,16°x30°,Installation=images/linibox-w/linibox-w-installation-13.pdf;LDT=images/linibox-w/ldt/LINIBOX_W-13-27C-80-FX-AS.ldt;Brochure=images/linibox-w/linibox-w-brochure.pdf,
Linibox W,,,,,,,,,,,,,,,,,,,Linibox W 13 12.7W 16°x30°,LINIBOX W-13-27C-80-FX-AS-BR-230D,Brown,images/linibox-w/linibox-w-13-brown.jpg,2700K,CRI>80,Phase Dim,IP65,UGR<15.7,Brown · 160 × 56 × 95mm,12.7W,1129lm,89lm/W,16°x30°,Installation=images/linibox-w/linibox-w-installation-13.pdf;LDT=images/linibox-w/ldt/LINIBOX_W-13-27C-80-FX-AS.ldt;Brochure=images/linibox-w/linibox-w-brochure.pdf,
Linibox W,,,,,,,,,,,,,,,,,,,Linibox W 13 12.7W 16°x30°,LINIBOX W-13-27C-90-FX-AS-BR-230ND,Brown,images/linibox-w/linibox-w-13-brown.jpg,2700K,CRI>90,On/Off,IP65,UGR<15.7,Brown · 160 × 56 × 95mm,12.7W,916lm,72lm/W,16°x30°,Installation=images/linibox-w/linibox-w-installation-13.pdf;LDT=images/linibox-w/ldt/LINIBOX_W-13-27C-90-FX-AS.ldt;Brochure=images/linibox-w/linibox-w-brochure.pdf,
Linibox W,,,,,,,,,,,,,,,,,,,Linibox W 13 12.7W 16°x30°,LINIBOX W-13-27C-90-FX-AS-BR-230D,Brown,images/linibox-w/linibox-w-13-brown.jpg,2700K,CRI>90,Phase Dim,IP65,UGR<15.7,Brown · 160 × 56 × 95mm,12.7W,916lm,72lm/W,16°x30°,Installation=images/linibox-w/linibox-w-installation-13.pdf;LDT=images/linibox-w/ldt/LINIBOX_W-13-27C-90-FX-AS.ldt;Brochure=images/linibox-w/linibox-w-brochure.pdf,
Linibox W,,,,,,,,,,,,,,,,,,,Linibox W 13 12.7W 16°x30°,LINIBOX W-13-30C-80-FX-AS-BR-230ND,Brown,images/linibox-w/linibox-w-13-brown.jpg,3000K,CRI>80,On/Off,IP65,UGR<15.7,Brown · 160 × 56 × 95mm,12.7W,1193lm,94lm/W,16°x30°,Installation=images/linibox-w/linibox-w-installation-13.pdf;LDT=images/linibox-w/ldt/LINIBOX_W-13-30C-80-FX-AS.ldt;Brochure=images/linibox-w/linibox-w-brochure.pdf,
Linibox W,,,,,,,,,,,,,,,,,,,Linibox W 13 12.7W 16°x30°,LINIBOX W-13-30C-80-FX-AS-BR-230D,Brown,images/linibox-w/linibox-w-13-brown.jpg,3000K,CRI>80,Phase Dim,IP65,UGR<15.7,Brown · 160 × 56 × 95mm,12.7W,1193lm,94lm/W,16°x30°,Installation=images/linibox-w/linibox-w-installation-13.pdf;LDT=images/linibox-w/ldt/LINIBOX_W-13-30C-80-FX-AS.ldt;Brochure=images/linibox-w/linibox-w-brochure.pdf,
Linibox W,,,,,,,,,,,,,,,,,,,Linibox W 13 12.7W 16°x30°,LINIBOX W-13-30C-90-FX-AS-BR-230ND,Brown,images/linibox-w/linibox-w-13-brown.jpg,3000K,CRI>90,On/Off,IP65,UGR<15.7,Brown · 160 × 56 × 95mm,12.7W,1044lm,82lm/W,16°x30°,Installation=images/linibox-w/linibox-w-installation-13.pdf;LDT=images/linibox-w/ldt/LINIBOX_W-13-30C-90-FX-AS.ldt;Brochure=images/linibox-w/linibox-w-brochure.pdf,
Linibox W,,,,,,,,,,,,,,,,,,,Linibox W 13 12.7W 16°x30°,LINIBOX W-13-30C-90-FX-AS-BR-230D,Brown,images/linibox-w/linibox-w-13-brown.jpg,3000K,CRI>90,Phase Dim,IP65,UGR<15.7,Brown · 160 × 56 × 95mm,12.7W,1044lm,82lm/W,16°x30°,Installation=images/linibox-w/linibox-w-installation-13.pdf;LDT=images/linibox-w/ldt/LINIBOX_W-13-30C-90-FX-AS.ldt;Brochure=images/linibox-w/linibox-w-brochure.pdf,
Linibox W,,,,,,,,,,,,,,,,,,,Linibox W 13 12.7W 16°x30°,LINIBOX W-13-40C-80-FX-AS-BR-230ND,Brown,images/linibox-w/linibox-w-13-brown.jpg,4000K,CRI>80,On/Off,IP65,UGR<15.7,Brown · 160 × 56 × 95mm,12.7W,1257lm,99lm/W,16°x30°,Installation=images/linibox-w/linibox-w-installation-13.pdf;LDT=images/linibox-w/ldt/LINIBOX_W-13-40C-80-FX-AS.ldt;Brochure=images/linibox-w/linibox-w-brochure.pdf,
Linibox W,,,,,,,,,,,,,,,,,,,Linibox W 13 12.7W 16°x30°,LINIBOX W-13-40C-80-FX-AS-BR-230D,Brown,images/linibox-w/linibox-w-13-brown.jpg,4000K,CRI>80,Phase Dim,IP65,UGR<15.7,Brown · 160 × 56 × 95mm,12.7W,1257lm,99lm/W,16°x30°,Installation=images/linibox-w/linibox-w-installation-13.pdf;LDT=images/linibox-w/ldt/LINIBOX_W-13-40C-80-FX-AS.ldt;Brochure=images/linibox-w/linibox-w-brochure.pdf,
Linibox W,,,,,,,,,,,,,,,,,,,Linibox W 13 12.7W 16°x30°,LINIBOX W-13-40C-90-FX-AS-BR-230ND,Brown,images/linibox-w/linibox-w-13-brown.jpg,4000K,CRI>90,On/Off,IP65,UGR<15.7,Brown · 160 × 56 × 95mm,12.7W,1129lm,89lm/W,16°x30°,Installation=images/linibox-w/linibox-w-installation-13.pdf;LDT=images/linibox-w/ldt/LINIBOX_W-13-40C-90-FX-AS.ldt;Brochure=images/linibox-w/linibox-w-brochure.pdf,
Linibox W,,,,,,,,,,,,,,,,,,,Linibox W 13 12.7W 16°x30°,LINIBOX W-13-40C-90-FX-AS-BR-230D,Brown,images/linibox-w/linibox-w-13-brown.jpg,4000K,CRI>90,Phase Dim,IP65,UGR<15.7,Brown · 160 × 56 × 95mm,12.7W,1129lm,89lm/W,16°x30°,Installation=images/linibox-w/linibox-w-installation-13.pdf;LDT=images/linibox-w/ldt/LINIBOX_W-13-40C-90-FX-AS.ldt;Brochure=images/linibox-w/linibox-w-brochure.pdf,
Linibox W,,,,,,,,,,,,,,,,,,,Linibox W 13 12.7W 16°x30°,LINIBOX W-13-50C-80-FX-AS-BR-230ND,Brown,images/linibox-w/linibox-w-13-brown.jpg,5000K,CRI>80,On/Off,IP65,UGR<15.7,Brown · 160 × 56 × 95mm,12.7W,1385lm,109lm/W,16°x30°,Installation=images/linibox-w/linibox-w-installation-13.pdf;LDT=images/linibox-w/ldt/LINIBOX_W-13-50C-80-FX-AS.ldt;Brochure=images/linibox-w/linibox-w-brochure.pdf,
Linibox W,,,,,,,,,,,,,,,,,,,Linibox W 13 12.7W 16°x30°,LINIBOX W-13-50C-80-FX-AS-BR-230D,Brown,images/linibox-w/linibox-w-13-brown.jpg,5000K,CRI>80,Phase Dim,IP65,UGR<15.7,Brown · 160 × 56 × 95mm,12.7W,1385lm,109lm/W,16°x30°,Installation=images/linibox-w/linibox-w-installation-13.pdf;LDT=images/linibox-w/ldt/LINIBOX_W-13-50C-80-FX-AS.ldt;Brochure=images/linibox-w/linibox-w-brochure.pdf,
Linibox W,,,,,,,,,,,,,,,,,,,Linibox W 13 12.7W 16°x30°,LINIBOX W-13-50C-90-FX-AS-BR-230ND,Brown,images/linibox-w/linibox-w-13-brown.jpg,5000K,CRI>90,On/Off,IP65,UGR<15.7,Brown · 160 × 56 × 95mm,12.7W,1200lm,94lm/W,16°x30°,Installation=images/linibox-w/linibox-w-installation-13.pdf;LDT=images/linibox-w/ldt/LINIBOX_W-13-50C-90-FX-AS.ldt;Brochure=images/linibox-w/linibox-w-brochure.pdf,
Linibox W,,,,,,,,,,,,,,,,,,,Linibox W 13 12.7W 16°x30°,LINIBOX W-13-50C-90-FX-AS-BR-230D,Brown,images/linibox-w/linibox-w-13-brown.jpg,5000K,CRI>90,Phase Dim,IP65,UGR<15.7,Brown · 160 × 56 × 95mm,12.7W,1200lm,94lm/W,16°x30°,Installation=images/linibox-w/linibox-w-installation-13.pdf;LDT=images/linibox-w/ldt/LINIBOX_W-13-50C-90-FX-AS.ldt;Brochure=images/linibox-w/linibox-w-brochure.pdf,
Linibox W,,,,,,,,,,,,,,,,,,,Linibox W 17 16.8W 17°,LINIBOX W-17-27C-80-FX-VN-BR-230ND,Brown,images/linibox-w/linibox-w-17-brown.jpg,2700K,CRI>80,On/Off,IP65,UGR<13.7,Brown · 205 × 56 × 95mm,16.8W,1505lm,90lm/W,17°,Installation=images/linibox-w/linibox-w-installation-17.pdf;LDT=images/linibox-w/ldt/LINIBOX_W-17-27C-80-FX-VN.ldt;Brochure=images/linibox-w/linibox-w-brochure.pdf,
Linibox W,,,,,,,,,,,,,,,,,,,Linibox W 17 16.8W 17°,LINIBOX W-17-27C-80-FX-VN-BR-230D,Brown,images/linibox-w/linibox-w-17-brown.jpg,2700K,CRI>80,Phase Dim,IP65,UGR<13.7,Brown · 205 × 56 × 95mm,16.8W,1505lm,90lm/W,17°,Installation=images/linibox-w/linibox-w-installation-17.pdf;LDT=images/linibox-w/ldt/LINIBOX_W-17-27C-80-FX-VN.ldt;Brochure=images/linibox-w/linibox-w-brochure.pdf,
Linibox W,,,,,,,,,,,,,,,,,,,Linibox W 17 16.8W 17°,LINIBOX W-17-27C-90-FX-VN-BR-230ND,Brown,images/linibox-w/linibox-w-17-brown.jpg,2700K,CRI>90,On/Off,IP65,UGR<13.7,Brown · 205 × 56 × 95mm,16.8W,1221lm,73lm/W,17°,Installation=images/linibox-w/linibox-w-installation-17.pdf;LDT=images/linibox-w/ldt/LINIBOX_W-17-27C-90-FX-VN.ldt;Brochure=images/linibox-w/linibox-w-brochure.pdf,
Linibox W,,,,,,,,,,,,,,,,,,,Linibox W 17 16.8W 17°,LINIBOX W-17-27C-90-FX-VN-BR-230D,Brown,images/linibox-w/linibox-w-17-brown.jpg,2700K,CRI>90,Phase Dim,IP65,UGR<13.7,Brown · 205 × 56 × 95mm,16.8W,1221lm,73lm/W,17°,Installation=images/linibox-w/linibox-w-installation-17.pdf;LDT=images/linibox-w/ldt/LINIBOX_W-17-27C-90-FX-VN.ldt;Brochure=images/linibox-w/linibox-w-brochure.pdf,
Linibox W,,,,,,,,,,,,,,,,,,,Linibox W 17 16.8W 17°,LINIBOX W-17-30C-80-FX-VN-BR-230ND,Brown,images/linibox-w/linibox-w-17-brown.jpg,3000K,CRI>80,On/Off,IP65,UGR<13.7,Brown · 205 × 56 × 95mm,16.8W,1590lm,95lm/W,17°,Installation=images/linibox-w/linibox-w-installation-17.pdf;LDT=images/linibox-w/ldt/LINIBOX_W-17-30C-80-FX-VN.ldt;Brochure=images/linibox-w/linibox-w-brochure.pdf,
Linibox W,,,,,,,,,,,,,,,,,,,Linibox W 17 16.8W 17°,LINIBOX W-17-30C-80-FX-VN-BR-230D,Brown,images/linibox-w/linibox-w-17-brown.jpg,3000K,CRI>80,Phase Dim,IP65,UGR<13.7,Brown · 205 × 56 × 95mm,16.8W,1590lm,95lm/W,17°,Installation=images/linibox-w/linibox-w-installation-17.pdf;LDT=images/linibox-w/ldt/LINIBOX_W-17-30C-80-FX-VN.ldt;Brochure=images/linibox-w/linibox-w-brochure.pdf,
Linibox W,,,,,,,,,,,,,,,,,,,Linibox W 17 16.8W 17°,LINIBOX W-17-30C-90-FX-VN-BR-230ND,Brown,images/linibox-w/linibox-w-17-brown.jpg,3000K,CRI>90,On/Off,IP65,UGR<13.7,Brown · 205 × 56 × 95mm,16.8W,1392lm,83lm/W,17°,Installation=images/linibox-w/linibox-w-installation-17.pdf;LDT=images/linibox-w/ldt/LINIBOX_W-17-30C-90-FX-VN.ldt;Brochure=images/linibox-w/linibox-w-brochure.pdf,
Linibox W,,,,,,,,,,,,,,,,,,,Linibox W 17 16.8W 17°,LINIBOX W-17-30C-90-FX-VN-BR-230D,Brown,images/linibox-w/linibox-w-17-brown.jpg,3000K,CRI>90,Phase Dim,IP65,UGR<13.7,Brown · 205 × 56 × 95mm,16.8W,1392lm,83lm/W,17°,Installation=images/linibox-w/linibox-w-installation-17.pdf;LDT=images/linibox-w/ldt/LINIBOX_W-17-30C-90-FX-VN.ldt;Brochure=images/linibox-w/linibox-w-brochure.pdf,
Linibox W,,,,,,,,,,,,,,,,,,,Linibox W 17 16.8W 17°,LINIBOX W-17-40C-80-FX-VN-BR-230ND,Brown,images/linibox-w/linibox-w-17-brown.jpg,4000K,CRI>80,On/Off,IP65,UGR<13.7,Brown · 205 × 56 × 95mm,16.8W,1676lm,100lm/W,17°,Installation=images/linibox-w/linibox-w-installation-17.pdf;LDT=images/linibox-w/ldt/LINIBOX_W-17-40C-80-FX-VN.ldt;Brochure=images/linibox-w/linibox-w-brochure.pdf,
Linibox W,,,,,,,,,,,,,,,,,,,Linibox W 17 16.8W 17°,LINIBOX W-17-40C-80-FX-VN-BR-230D,Brown,images/linibox-w/linibox-w-17-brown.jpg,4000K,CRI>80,Phase Dim,IP65,UGR<13.7,Brown · 205 × 56 × 95mm,16.8W,1676lm,100lm/W,17°,Installation=images/linibox-w/linibox-w-installation-17.pdf;LDT=images/linibox-w/ldt/LINIBOX_W-17-40C-80-FX-VN.ldt;Brochure=images/linibox-w/linibox-w-brochure.pdf,
Linibox W,,,,,,,,,,,,,,,,,,,Linibox W 17 16.8W 17°,LINIBOX W-17-40C-90-FX-VN-BR-230ND,Brown,images/linibox-w/linibox-w-17-brown.jpg,4000K,CRI>90,On/Off,IP65,UGR<13.7,Brown · 205 × 56 × 95mm,16.8W,1505lm,90lm/W,17°,Installation=images/linibox-w/linibox-w-installation-17.pdf;LDT=images/linibox-w/ldt/LINIBOX_W-17-40C-90-FX-VN.ldt;Brochure=images/linibox-w/linibox-w-brochure.pdf,
Linibox W,,,,,,,,,,,,,,,,,,,Linibox W 17 16.8W 17°,LINIBOX W-17-40C-90-FX-VN-BR-230D,Brown,images/linibox-w/linibox-w-17-brown.jpg,4000K,CRI>90,Phase Dim,IP65,UGR<13.7,Brown · 205 × 56 × 95mm,16.8W,1505lm,90lm/W,17°,Installation=images/linibox-w/linibox-w-installation-17.pdf;LDT=images/linibox-w/ldt/LINIBOX_W-17-40C-90-FX-VN.ldt;Brochure=images/linibox-w/linibox-w-brochure.pdf,
Linibox W,,,,,,,,,,,,,,,,,,,Linibox W 17 16.8W 17°,LINIBOX W-17-50C-80-FX-VN-BR-230ND,Brown,images/linibox-w/linibox-w-17-brown.jpg,5000K,CRI>80,On/Off,IP65,UGR<13.7,Brown · 205 × 56 × 95mm,16.8W,1846lm,110lm/W,17°,Installation=images/linibox-w/linibox-w-installation-17.pdf;LDT=images/linibox-w/ldt/LINIBOX_W-17-50C-80-FX-VN.ldt;Brochure=images/linibox-w/linibox-w-brochure.pdf,
Linibox W,,,,,,,,,,,,,,,,,,,Linibox W 17 16.8W 17°,LINIBOX W-17-50C-80-FX-VN-BR-230D,Brown,images/linibox-w/linibox-w-17-brown.jpg,5000K,CRI>80,Phase Dim,IP65,UGR<13.7,Brown · 205 × 56 × 95mm,16.8W,1846lm,110lm/W,17°,Installation=images/linibox-w/linibox-w-installation-17.pdf;LDT=images/linibox-w/ldt/LINIBOX_W-17-50C-80-FX-VN.ldt;Brochure=images/linibox-w/linibox-w-brochure.pdf,
Linibox W,,,,,,,,,,,,,,,,,,,Linibox W 17 16.8W 17°,LINIBOX W-17-50C-90-FX-VN-BR-230ND,Brown,images/linibox-w/linibox-w-17-brown.jpg,5000K,CRI>90,On/Off,IP65,UGR<13.7,Brown · 205 × 56 × 95mm,16.8W,1598lm,95lm/W,17°,Installation=images/linibox-w/linibox-w-installation-17.pdf;LDT=images/linibox-w/ldt/LINIBOX_W-17-50C-90-FX-VN.ldt;Brochure=images/linibox-w/linibox-w-brochure.pdf,
Linibox W,,,,,,,,,,,,,,,,,,,Linibox W 17 16.8W 17°,LINIBOX W-17-50C-90-FX-VN-BR-230D,Brown,images/linibox-w/linibox-w-17-brown.jpg,5000K,CRI>90,Phase Dim,IP65,UGR<13.7,Brown · 205 × 56 × 95mm,16.8W,1598lm,95lm/W,17°,Installation=images/linibox-w/linibox-w-installation-17.pdf;LDT=images/linibox-w/ldt/LINIBOX_W-17-50C-90-FX-VN.ldt;Brochure=images/linibox-w/linibox-w-brochure.pdf,
Linibox W,,,,,,,,,,,,,,,,,,,Linibox W 17 16.8W 21°,LINIBOX W-17-27C-80-FX-NR-BR-230ND,Brown,images/linibox-w/linibox-w-17-brown.jpg,2700K,CRI>80,On/Off,IP65,UGR<13.1,Brown · 205 × 56 × 95mm,16.8W,1823lm,109lm/W,21°,Installation=images/linibox-w/linibox-w-installation-17.pdf;LDT=images/linibox-w/ldt/LINIBOX_W-17-27C-80-FX-NR.ldt;Brochure=images/linibox-w/linibox-w-brochure.pdf,
Linibox W,,,,,,,,,,,,,,,,,,,Linibox W 17 16.8W 21°,LINIBOX W-17-27C-80-FX-NR-BR-230D,Brown,images/linibox-w/linibox-w-17-brown.jpg,2700K,CRI>80,Phase Dim,IP65,UGR<13.1,Brown · 205 × 56 × 95mm,16.8W,1823lm,109lm/W,21°,Installation=images/linibox-w/linibox-w-installation-17.pdf;LDT=images/linibox-w/ldt/LINIBOX_W-17-27C-80-FX-NR.ldt;Brochure=images/linibox-w/linibox-w-brochure.pdf,
Linibox W,,,,,,,,,,,,,,,,,,,Linibox W 17 16.8W 21°,LINIBOX W-17-27C-90-FX-NR-BR-230ND,Brown,images/linibox-w/linibox-w-17-brown.jpg,2700K,CRI>90,On/Off,IP65,UGR<13.1,Brown · 205 × 56 × 95mm,16.8W,1479lm,88lm/W,21°,Installation=images/linibox-w/linibox-w-installation-17.pdf;LDT=images/linibox-w/ldt/LINIBOX_W-17-27C-90-FX-NR.ldt;Brochure=images/linibox-w/linibox-w-brochure.pdf,
Linibox W,,,,,,,,,,,,,,,,,,,Linibox W 17 16.8W 21°,LINIBOX W-17-27C-90-FX-NR-BR-230D,Brown,images/linibox-w/linibox-w-17-brown.jpg,2700K,CRI>90,Phase Dim,IP65,UGR<13.1,Brown · 205 × 56 × 95mm,16.8W,1479lm,88lm/W,21°,Installation=images/linibox-w/linibox-w-installation-17.pdf;LDT=images/linibox-w/ldt/LINIBOX_W-17-27C-90-FX-NR.ldt;Brochure=images/linibox-w/linibox-w-brochure.pdf,
Linibox W,,,,,,,,,,,,,,,,,,,Linibox W 17 16.8W 21°,LINIBOX W-17-30C-80-FX-NR-BR-230ND,Brown,images/linibox-w/linibox-w-17-brown.jpg,3000K,CRI>80,On/Off,IP65,UGR<13.1,Brown · 205 × 56 × 95mm,16.8W,1926lm,115lm/W,21°,Installation=images/linibox-w/linibox-w-installation-17.pdf;LDT=images/linibox-w/ldt/LINIBOX_W-17-30C-80-FX-NR.ldt;Brochure=images/linibox-w/linibox-w-brochure.pdf,
Linibox W,,,,,,,,,,,,,,,,,,,Linibox W 17 16.8W 21°,LINIBOX W-17-30C-80-FX-NR-BR-230D,Brown,images/linibox-w/linibox-w-17-brown.jpg,3000K,CRI>80,Phase Dim,IP65,UGR<13.1,Brown · 205 × 56 × 95mm,16.8W,1926lm,115lm/W,21°,Installation=images/linibox-w/linibox-w-installation-17.pdf;LDT=images/linibox-w/ldt/LINIBOX_W-17-30C-80-FX-NR.ldt;Brochure=images/linibox-w/linibox-w-brochure.pdf,
Linibox W,,,,,,,,,,,,,,,,,,,Linibox W 17 16.8W 21°,LINIBOX W-17-30C-90-FX-NR-BR-230ND,Brown,images/linibox-w/linibox-w-17-brown.jpg,3000K,CRI>90,On/Off,IP65,UGR<13.1,Brown · 205 × 56 × 95mm,16.8W,1686lm,100lm/W,21°,Installation=images/linibox-w/linibox-w-installation-17.pdf;LDT=images/linibox-w/ldt/LINIBOX_W-17-30C-90-FX-NR.ldt;Brochure=images/linibox-w/linibox-w-brochure.pdf,
Linibox W,,,,,,,,,,,,,,,,,,,Linibox W 17 16.8W 21°,LINIBOX W-17-30C-90-FX-NR-BR-230D,Brown,images/linibox-w/linibox-w-17-brown.jpg,3000K,CRI>90,Phase Dim,IP65,UGR<13.1,Brown · 205 × 56 × 95mm,16.8W,1686lm,100lm/W,21°,Installation=images/linibox-w/linibox-w-installation-17.pdf;LDT=images/linibox-w/ldt/LINIBOX_W-17-30C-90-FX-NR.ldt;Brochure=images/linibox-w/linibox-w-brochure.pdf,
Linibox W,,,,,,,,,,,,,,,,,,,Linibox W 17 16.8W 21°,LINIBOX W-17-40C-80-FX-NR-BR-230ND,Brown,images/linibox-w/linibox-w-17-brown.jpg,4000K,CRI>80,On/Off,IP65,UGR<13.1,Brown · 205 × 56 × 95mm,16.8W,2030lm,121lm/W,21°,Installation=images/linibox-w/linibox-w-installation-17.pdf;LDT=images/linibox-w/ldt/LINIBOX_W-17-40C-80-FX-NR.ldt;Brochure=images/linibox-w/linibox-w-brochure.pdf,
Linibox W,,,,,,,,,,,,,,,,,,,Linibox W 17 16.8W 21°,LINIBOX W-17-40C-80-FX-NR-BR-230D,Brown,images/linibox-w/linibox-w-17-brown.jpg,4000K,CRI>80,Phase Dim,IP65,UGR<13.1,Brown · 205 × 56 × 95mm,16.8W,2030lm,121lm/W,21°,Installation=images/linibox-w/linibox-w-installation-17.pdf;LDT=images/linibox-w/ldt/LINIBOX_W-17-40C-80-FX-NR.ldt;Brochure=images/linibox-w/linibox-w-brochure.pdf,
Linibox W,,,,,,,,,,,,,,,,,,,Linibox W 17 16.8W 21°,LINIBOX W-17-40C-90-FX-NR-BR-230ND,Brown,images/linibox-w/linibox-w-17-brown.jpg,4000K,CRI>90,On/Off,IP65,UGR<13.1,Brown · 205 × 56 × 95mm,16.8W,1823lm,109lm/W,21°,Installation=images/linibox-w/linibox-w-installation-17.pdf;LDT=images/linibox-w/ldt/LINIBOX_W-17-40C-90-FX-NR.ldt;Brochure=images/linibox-w/linibox-w-brochure.pdf,
Linibox W,,,,,,,,,,,,,,,,,,,Linibox W 17 16.8W 21°,LINIBOX W-17-40C-90-FX-NR-BR-230D,Brown,images/linibox-w/linibox-w-17-brown.jpg,4000K,CRI>90,Phase Dim,IP65,UGR<13.1,Brown · 205 × 56 × 95mm,16.8W,1823lm,109lm/W,21°,Installation=images/linibox-w/linibox-w-installation-17.pdf;LDT=images/linibox-w/ldt/LINIBOX_W-17-40C-90-FX-NR.ldt;Brochure=images/linibox-w/linibox-w-brochure.pdf,
Linibox W,,,,,,,,,,,,,,,,,,,Linibox W 17 16.8W 21°,LINIBOX W-17-50C-80-FX-NR-BR-230ND,Brown,images/linibox-w/linibox-w-17-brown.jpg,5000K,CRI>80,On/Off,IP65,UGR<13.1,Brown · 205 × 56 × 95mm,16.8W,2236lm,133lm/W,21°,Installation=images/linibox-w/linibox-w-installation-17.pdf;LDT=images/linibox-w/ldt/LINIBOX_W-17-50C-80-FX-NR.ldt;Brochure=images/linibox-w/linibox-w-brochure.pdf,
Linibox W,,,,,,,,,,,,,,,,,,,Linibox W 17 16.8W 21°,LINIBOX W-17-50C-80-FX-NR-BR-230D,Brown,images/linibox-w/linibox-w-17-brown.jpg,5000K,CRI>80,Phase Dim,IP65,UGR<13.1,Brown · 205 × 56 × 95mm,16.8W,2236lm,133lm/W,21°,Installation=images/linibox-w/linibox-w-installation-17.pdf;LDT=images/linibox-w/ldt/LINIBOX_W-17-50C-80-FX-NR.ldt;Brochure=images/linibox-w/linibox-w-brochure.pdf,
Linibox W,,,,,,,,,,,,,,,,,,,Linibox W 17 16.8W 21°,LINIBOX W-17-50C-90-FX-NR-BR-230ND,Brown,images/linibox-w/linibox-w-17-brown.jpg,5000K,CRI>90,On/Off,IP65,UGR<13.1,Brown · 205 × 56 × 95mm,16.8W,1935lm,115lm/W,21°,Installation=images/linibox-w/linibox-w-installation-17.pdf;LDT=images/linibox-w/ldt/LINIBOX_W-17-50C-90-FX-NR.ldt;Brochure=images/linibox-w/linibox-w-brochure.pdf,
Linibox W,,,,,,,,,,,,,,,,,,,Linibox W 17 16.8W 21°,LINIBOX W-17-50C-90-FX-NR-BR-230D,Brown,images/linibox-w/linibox-w-17-brown.jpg,5000K,CRI>90,Phase Dim,IP65,UGR<13.1,Brown · 205 × 56 × 95mm,16.8W,1935lm,115lm/W,21°,Installation=images/linibox-w/linibox-w-installation-17.pdf;LDT=images/linibox-w/ldt/LINIBOX_W-17-50C-90-FX-NR.ldt;Brochure=images/linibox-w/linibox-w-brochure.pdf,
Linibox W,,,,,,,,,,,,,,,,,,,Linibox W 17 16.8W 25°,LINIBOX W-17-27C-80-FX-MD-BR-230ND,Brown,images/linibox-w/linibox-w-17-brown.jpg,2700K,CRI>80,On/Off,IP65,UGR<12.5,Brown · 205 × 56 × 95mm,16.8W,1611lm,96lm/W,25°,Installation=images/linibox-w/linibox-w-installation-17.pdf;LDT=images/linibox-w/ldt/LINIBOX_W-17-27C-80-FX-MD.ldt;Brochure=images/linibox-w/linibox-w-brochure.pdf,
Linibox W,,,,,,,,,,,,,,,,,,,Linibox W 17 16.8W 25°,LINIBOX W-17-27C-80-FX-MD-BR-230D,Brown,images/linibox-w/linibox-w-17-brown.jpg,2700K,CRI>80,Phase Dim,IP65,UGR<12.5,Brown · 205 × 56 × 95mm,16.8W,1611lm,96lm/W,25°,Installation=images/linibox-w/linibox-w-installation-17.pdf;LDT=images/linibox-w/ldt/LINIBOX_W-17-27C-80-FX-MD.ldt;Brochure=images/linibox-w/linibox-w-brochure.pdf,
Linibox W,,,,,,,,,,,,,,,,,,,Linibox W 17 16.8W 25°,LINIBOX W-17-27C-90-FX-MD-BR-230ND,Brown,images/linibox-w/linibox-w-17-brown.jpg,2700K,CRI>90,On/Off,IP65,UGR<12.5,Brown · 205 × 56 × 95mm,16.8W,1307lm,78lm/W,25°,Installation=images/linibox-w/linibox-w-installation-17.pdf;LDT=images/linibox-w/ldt/LINIBOX_W-17-27C-90-FX-MD.ldt;Brochure=images/linibox-w/linibox-w-brochure.pdf,
Linibox W,,,,,,,,,,,,,,,,,,,Linibox W 17 16.8W 25°,LINIBOX W-17-27C-90-FX-MD-BR-230D,Brown,images/linibox-w/linibox-w-17-brown.jpg,2700K,CRI>90,Phase Dim,IP65,UGR<12.5,Brown · 205 × 56 × 95mm,16.8W,1307lm,78lm/W,25°,Installation=images/linibox-w/linibox-w-installation-17.pdf;LDT=images/linibox-w/ldt/LINIBOX_W-17-27C-90-FX-MD.ldt;Brochure=images/linibox-w/linibox-w-brochure.pdf,
Linibox W,,,,,,,,,,,,,,,,,,,Linibox W 17 16.8W 25°,LINIBOX W-17-30C-80-FX-MD-BR-230ND,Brown,images/linibox-w/linibox-w-17-brown.jpg,3000K,CRI>80,On/Off,IP65,UGR<12.5,Brown · 205 × 56 × 95mm,16.8W,1702lm,101lm/W,25°,Installation=images/linibox-w/linibox-w-installation-17.pdf;LDT=images/linibox-w/ldt/LINIBOX_W-17-30C-80-FX-MD.ldt;Brochure=images/linibox-w/linibox-w-brochure.pdf,
Linibox W,,,,,,,,,,,,,,,,,,,Linibox W 17 16.8W 25°,LINIBOX W-17-30C-80-FX-MD-BR-230D,Brown,images/linibox-w/linibox-w-17-brown.jpg,3000K,CRI>80,Phase Dim,IP65,UGR<12.5,Brown · 205 × 56 × 95mm,16.8W,1702lm,101lm/W,25°,Installation=images/linibox-w/linibox-w-installation-17.pdf;LDT=images/linibox-w/ldt/LINIBOX_W-17-30C-80-FX-MD.ldt;Brochure=images/linibox-w/linibox-w-brochure.pdf,
Linibox W,,,,,,,,,,,,,,,,,,,Linibox W 17 16.8W 25°,LINIBOX W-17-30C-90-FX-MD-BR-230ND,Brown,images/linibox-w/linibox-w-17-brown.jpg,3000K,CRI>90,On/Off,IP65,UGR<12.5,Brown · 205 × 56 × 95mm,16.8W,1490lm,89lm/W,25°,Installation=images/linibox-w/linibox-w-installation-17.pdf;LDT=images/linibox-w/ldt/LINIBOX_W-17-30C-90-FX-MD.ldt;Brochure=images/linibox-w/linibox-w-brochure.pdf,
Linibox W,,,,,,,,,,,,,,,,,,,Linibox W 17 16.8W 25°,LINIBOX W-17-30C-90-FX-MD-BR-230D,Brown,images/linibox-w/linibox-w-17-brown.jpg,3000K,CRI>90,Phase Dim,IP65,UGR<12.5,Brown · 205 × 56 × 95mm,16.8W,1490lm,89lm/W,25°,Installation=images/linibox-w/linibox-w-installation-17.pdf;LDT=images/linibox-w/ldt/LINIBOX_W-17-30C-90-FX-MD.ldt;Brochure=images/linibox-w/linibox-w-brochure.pdf,
Linibox W,,,,,,,,,,,,,,,,,,,Linibox W 17 16.8W 25°,LINIBOX W-17-40C-80-FX-MD-BR-230ND,Brown,images/linibox-w/linibox-w-17-brown.jpg,4000K,CRI>80,On/Off,IP65,UGR<12.5,Brown · 205 × 56 × 95mm,16.8W,1794lm,107lm/W,25°,Installation=images/linibox-w/linibox-w-installation-17.pdf;LDT=images/linibox-w/ldt/LINIBOX_W-17-40C-80-FX-MD.ldt;Brochure=images/linibox-w/linibox-w-brochure.pdf,
Linibox W,,,,,,,,,,,,,,,,,,,Linibox W 17 16.8W 25°,LINIBOX W-17-40C-80-FX-MD-BR-230D,Brown,images/linibox-w/linibox-w-17-brown.jpg,4000K,CRI>80,Phase Dim,IP65,UGR<12.5,Brown · 205 × 56 × 95mm,16.8W,1794lm,107lm/W,25°,Installation=images/linibox-w/linibox-w-installation-17.pdf;LDT=images/linibox-w/ldt/LINIBOX_W-17-40C-80-FX-MD.ldt;Brochure=images/linibox-w/linibox-w-brochure.pdf,
Linibox W,,,,,,,,,,,,,,,,,,,Linibox W 17 16.8W 25°,LINIBOX W-17-40C-90-FX-MD-BR-230ND,Brown,images/linibox-w/linibox-w-17-brown.jpg,4000K,CRI>90,On/Off,IP65,UGR<12.5,Brown · 205 × 56 × 95mm,16.8W,1611lm,96lm/W,25°,Installation=images/linibox-w/linibox-w-installation-17.pdf;LDT=images/linibox-w/ldt/LINIBOX_W-17-40C-90-FX-MD.ldt;Brochure=images/linibox-w/linibox-w-brochure.pdf,
Linibox W,,,,,,,,,,,,,,,,,,,Linibox W 17 16.8W 25°,LINIBOX W-17-40C-90-FX-MD-BR-230D,Brown,images/linibox-w/linibox-w-17-brown.jpg,4000K,CRI>90,Phase Dim,IP65,UGR<12.5,Brown · 205 × 56 × 95mm,16.8W,1611lm,96lm/W,25°,Installation=images/linibox-w/linibox-w-installation-17.pdf;LDT=images/linibox-w/ldt/LINIBOX_W-17-40C-90-FX-MD.ldt;Brochure=images/linibox-w/linibox-w-brochure.pdf,
Linibox W,,,,,,,,,,,,,,,,,,,Linibox W 17 16.8W 25°,LINIBOX W-17-50C-80-FX-MD-BR-230ND,Brown,images/linibox-w/linibox-w-17-brown.jpg,5000K,CRI>80,On/Off,IP65,UGR<12.5,Brown · 205 × 56 × 95mm,16.8W,1976lm,118lm/W,25°,Installation=images/linibox-w/linibox-w-installation-17.pdf;LDT=images/linibox-w/ldt/LINIBOX_W-17-50C-80-FX-MD.ldt;Brochure=images/linibox-w/linibox-w-brochure.pdf,
Linibox W,,,,,,,,,,,,,,,,,,,Linibox W 17 16.8W 25°,LINIBOX W-17-50C-80-FX-MD-BR-230D,Brown,images/linibox-w/linibox-w-17-brown.jpg,5000K,CRI>80,Phase Dim,IP65,UGR<12.5,Brown · 205 × 56 × 95mm,16.8W,1976lm,118lm/W,25°,Installation=images/linibox-w/linibox-w-installation-17.pdf;LDT=images/linibox-w/ldt/LINIBOX_W-17-50C-80-FX-MD.ldt;Brochure=images/linibox-w/linibox-w-brochure.pdf,
Linibox W,,,,,,,,,,,,,,,,,,,Linibox W 17 16.8W 25°,LINIBOX W-17-50C-90-FX-MD-BR-230ND,Brown,images/linibox-w/linibox-w-17-brown.jpg,5000K,CRI>90,On/Off,IP65,UGR<12.5,Brown · 205 × 56 × 95mm,16.8W,1710lm,102lm/W,25°,Installation=images/linibox-w/linibox-w-installation-17.pdf;LDT=images/linibox-w/ldt/LINIBOX_W-17-50C-90-FX-MD.ldt;Brochure=images/linibox-w/linibox-w-brochure.pdf,
Linibox W,,,,,,,,,,,,,,,,,,,Linibox W 17 16.8W 25°,LINIBOX W-17-50C-90-FX-MD-BR-230D,Brown,images/linibox-w/linibox-w-17-brown.jpg,5000K,CRI>90,Phase Dim,IP65,UGR<12.5,Brown · 205 × 56 × 95mm,16.8W,1710lm,102lm/W,25°,Installation=images/linibox-w/linibox-w-installation-17.pdf;LDT=images/linibox-w/ldt/LINIBOX_W-17-50C-90-FX-MD.ldt;Brochure=images/linibox-w/linibox-w-brochure.pdf,
Linibox W,,,,,,,,,,,,,,,,,,,Linibox W 17 16.8W 35°,LINIBOX W-17-27C-80-FX-WD-BR-230ND,Brown,images/linibox-w/linibox-w-17-brown.jpg,2700K,CRI>80,On/Off,IP65,UGR<20.6,Brown · 205 × 56 × 95mm,16.8W,1632lm,97lm/W,35°,Installation=images/linibox-w/linibox-w-installation-17.pdf;LDT=images/linibox-w/ldt/LINIBOX_W-17-27C-80-FX-WD.ldt;Brochure=images/linibox-w/linibox-w-brochure.pdf,
Linibox W,,,,,,,,,,,,,,,,,,,Linibox W 17 16.8W 35°,LINIBOX W-17-27C-80-FX-WD-BR-230D,Brown,images/linibox-w/linibox-w-17-brown.jpg,2700K,CRI>80,Phase Dim,IP65,UGR<20.6,Brown · 205 × 56 × 95mm,16.8W,1632lm,97lm/W,35°,Installation=images/linibox-w/linibox-w-installation-17.pdf;LDT=images/linibox-w/ldt/LINIBOX_W-17-27C-80-FX-WD.ldt;Brochure=images/linibox-w/linibox-w-brochure.pdf,
Linibox W,,,,,,,,,,,,,,,,,,,Linibox W 17 16.8W 35°,LINIBOX W-17-27C-90-FX-WD-BR-230ND,Brown,images/linibox-w/linibox-w-17-brown.jpg,2700K,CRI>90,On/Off,IP65,UGR<20.6,Brown · 205 × 56 × 95mm,16.8W,1324lm,79lm/W,35°,Installation=images/linibox-w/linibox-w-installation-17.pdf;LDT=images/linibox-w/ldt/LINIBOX_W-17-27C-90-FX-WD.ldt;Brochure=images/linibox-w/linibox-w-brochure.pdf,
Linibox W,,,,,,,,,,,,,,,,,,,Linibox W 17 16.8W 35°,LINIBOX W-17-27C-90-FX-WD-BR-230D,Brown,images/linibox-w/linibox-w-17-brown.jpg,2700K,CRI>90,Phase Dim,IP65,UGR<20.6,Brown · 205 × 56 × 95mm,16.8W,1324lm,79lm/W,35°,Installation=images/linibox-w/linibox-w-installation-17.pdf;LDT=images/linibox-w/ldt/LINIBOX_W-17-27C-90-FX-WD.ldt;Brochure=images/linibox-w/linibox-w-brochure.pdf,
Linibox W,,,,,,,,,,,,,,,,,,,Linibox W 17 16.8W 35°,LINIBOX W-17-30C-80-FX-WD-BR-230ND,Brown,images/linibox-w/linibox-w-17-brown.jpg,3000K,CRI>80,On/Off,IP65,UGR<20.6,Brown · 205 × 56 × 95mm,16.8W,1725lm,103lm/W,35°,Installation=images/linibox-w/linibox-w-installation-17.pdf;LDT=images/linibox-w/ldt/LINIBOX_W-17-30C-80-FX-WD.ldt;Brochure=images/linibox-w/linibox-w-brochure.pdf,
Linibox W,,,,,,,,,,,,,,,,,,,Linibox W 17 16.8W 35°,LINIBOX W-17-30C-80-FX-WD-BR-230D,Brown,images/linibox-w/linibox-w-17-brown.jpg,3000K,CRI>80,Phase Dim,IP65,UGR<20.6,Brown · 205 × 56 × 95mm,16.8W,1725lm,103lm/W,35°,Installation=images/linibox-w/linibox-w-installation-17.pdf;LDT=images/linibox-w/ldt/LINIBOX_W-17-30C-80-FX-WD.ldt;Brochure=images/linibox-w/linibox-w-brochure.pdf,
Linibox W,,,,,,,,,,,,,,,,,,,Linibox W 17 16.8W 35°,LINIBOX W-17-30C-90-FX-WD-BR-230ND,Brown,images/linibox-w/linibox-w-17-brown.jpg,3000K,CRI>90,On/Off,IP65,UGR<20.6,Brown · 205 × 56 × 95mm,16.8W,1509lm,90lm/W,35°,Installation=images/linibox-w/linibox-w-installation-17.pdf;LDT=images/linibox-w/ldt/LINIBOX_W-17-30C-90-FX-WD.ldt;Brochure=images/linibox-w/linibox-w-brochure.pdf,
Linibox W,,,,,,,,,,,,,,,,,,,Linibox W 17 16.8W 35°,LINIBOX W-17-30C-90-FX-WD-BR-230D,Brown,images/linibox-w/linibox-w-17-brown.jpg,3000K,CRI>90,Phase Dim,IP65,UGR<20.6,Brown · 205 × 56 × 95mm,16.8W,1509lm,90lm/W,35°,Installation=images/linibox-w/linibox-w-installation-17.pdf;LDT=images/linibox-w/ldt/LINIBOX_W-17-30C-90-FX-WD.ldt;Brochure=images/linibox-w/linibox-w-brochure.pdf,
Linibox W,,,,,,,,,,,,,,,,,,,Linibox W 17 16.8W 35°,LINIBOX W-17-40C-80-FX-WD-BR-230ND,Brown,images/linibox-w/linibox-w-17-brown.jpg,4000K,CRI>80,On/Off,IP65,UGR<20.6,Brown · 205 × 56 × 95mm,16.8W,1817lm,108lm/W,35°,Installation=images/linibox-w/linibox-w-installation-17.pdf;LDT=images/linibox-w/ldt/LINIBOX_W-17-40C-80-FX-WD.ldt;Brochure=images/linibox-w/linibox-w-brochure.pdf,
Linibox W,,,,,,,,,,,,,,,,,,,Linibox W 17 16.8W 35°,LINIBOX W-17-40C-80-FX-WD-BR-230D,Brown,images/linibox-w/linibox-w-17-brown.jpg,4000K,CRI>80,Phase Dim,IP65,UGR<20.6,Brown · 205 × 56 × 95mm,16.8W,1817lm,108lm/W,35°,Installation=images/linibox-w/linibox-w-installation-17.pdf;LDT=images/linibox-w/ldt/LINIBOX_W-17-40C-80-FX-WD.ldt;Brochure=images/linibox-w/linibox-w-brochure.pdf,
Linibox W,,,,,,,,,,,,,,,,,,,Linibox W 17 16.8W 35°,LINIBOX W-17-40C-90-FX-WD-BR-230ND,Brown,images/linibox-w/linibox-w-17-brown.jpg,4000K,CRI>90,On/Off,IP65,UGR<20.6,Brown · 205 × 56 × 95mm,16.8W,1632lm,97lm/W,35°,Installation=images/linibox-w/linibox-w-installation-17.pdf;LDT=images/linibox-w/ldt/LINIBOX_W-17-40C-90-FX-WD.ldt;Brochure=images/linibox-w/linibox-w-brochure.pdf,
Linibox W,,,,,,,,,,,,,,,,,,,Linibox W 17 16.8W 35°,LINIBOX W-17-40C-90-FX-WD-BR-230D,Brown,images/linibox-w/linibox-w-17-brown.jpg,4000K,CRI>90,Phase Dim,IP65,UGR<20.6,Brown · 205 × 56 × 95mm,16.8W,1632lm,97lm/W,35°,Installation=images/linibox-w/linibox-w-installation-17.pdf;LDT=images/linibox-w/ldt/LINIBOX_W-17-40C-90-FX-WD.ldt;Brochure=images/linibox-w/linibox-w-brochure.pdf,
Linibox W,,,,,,,,,,,,,,,,,,,Linibox W 17 16.8W 35°,LINIBOX W-17-50C-80-FX-WD-BR-230ND,Brown,images/linibox-w/linibox-w-17-brown.jpg,5000K,CRI>80,On/Off,IP65,UGR<20.6,Brown · 205 × 56 × 95mm,16.8W,2002lm,119lm/W,35°,Installation=images/linibox-w/linibox-w-installation-17.pdf;LDT=images/linibox-w/ldt/LINIBOX_W-17-50C-80-FX-WD.ldt;Brochure=images/linibox-w/linibox-w-brochure.pdf,
Linibox W,,,,,,,,,,,,,,,,,,,Linibox W 17 16.8W 35°,LINIBOX W-17-50C-80-FX-WD-BR-230D,Brown,images/linibox-w/linibox-w-17-brown.jpg,5000K,CRI>80,Phase Dim,IP65,UGR<20.6,Brown · 205 × 56 × 95mm,16.8W,2002lm,119lm/W,35°,Installation=images/linibox-w/linibox-w-installation-17.pdf;LDT=images/linibox-w/ldt/LINIBOX_W-17-50C-80-FX-WD.ldt;Brochure=images/linibox-w/linibox-w-brochure.pdf,
Linibox W,,,,,,,,,,,,,,,,,,,Linibox W 17 16.8W 35°,LINIBOX W-17-50C-90-FX-WD-BR-230ND,Brown,images/linibox-w/linibox-w-17-brown.jpg,5000K,CRI>90,On/Off,IP65,UGR<20.6,Brown · 205 × 56 × 95mm,16.8W,1733lm,103lm/W,35°,Installation=images/linibox-w/linibox-w-installation-17.pdf;LDT=images/linibox-w/ldt/LINIBOX_W-17-50C-90-FX-WD.ldt;Brochure=images/linibox-w/linibox-w-brochure.pdf,
Linibox W,,,,,,,,,,,,,,,,,,,Linibox W 17 16.8W 35°,LINIBOX W-17-50C-90-FX-WD-BR-230D,Brown,images/linibox-w/linibox-w-17-brown.jpg,5000K,CRI>90,Phase Dim,IP65,UGR<20.6,Brown · 205 × 56 × 95mm,16.8W,1733lm,103lm/W,35°,Installation=images/linibox-w/linibox-w-installation-17.pdf;LDT=images/linibox-w/ldt/LINIBOX_W-17-50C-90-FX-WD.ldt;Brochure=images/linibox-w/linibox-w-brochure.pdf,
Linibox W,,,,,,,,,,,,,,,,,,,Linibox W 17 16.8W 62°,LINIBOX W-17-27C-80-FX-VW-BR-230ND,Brown,images/linibox-w/linibox-w-17-brown.jpg,2700K,CRI>80,On/Off,IP65,UGR<23.6,Brown · 205 × 56 × 95mm,16.8W,1357lm,81lm/W,62°,Installation=images/linibox-w/linibox-w-installation-17.pdf;LDT=images/linibox-w/ldt/LINIBOX_W-17-27C-80-FX-VW.ldt;Brochure=images/linibox-w/linibox-w-brochure.pdf,
Linibox W,,,,,,,,,,,,,,,,,,,Linibox W 17 16.8W 62°,LINIBOX W-17-27C-80-FX-VW-BR-230D,Brown,images/linibox-w/linibox-w-17-brown.jpg,2700K,CRI>80,Phase Dim,IP65,UGR<23.6,Brown · 205 × 56 × 95mm,16.8W,1357lm,81lm/W,62°,Installation=images/linibox-w/linibox-w-installation-17.pdf;LDT=images/linibox-w/ldt/LINIBOX_W-17-27C-80-FX-VW.ldt;Brochure=images/linibox-w/linibox-w-brochure.pdf,
Linibox W,,,,,,,,,,,,,,,,,,,Linibox W 17 16.8W 62°,LINIBOX W-17-27C-90-FX-VW-BR-230ND,Brown,images/linibox-w/linibox-w-17-brown.jpg,2700K,CRI>90,On/Off,IP65,UGR<23.6,Brown · 205 × 56 × 95mm,16.8W,1101lm,66lm/W,62°,Installation=images/linibox-w/linibox-w-installation-17.pdf;LDT=images/linibox-w/ldt/LINIBOX_W-17-27C-90-FX-VW.ldt;Brochure=images/linibox-w/linibox-w-brochure.pdf,
Linibox W,,,,,,,,,,,,,,,,,,,Linibox W 17 16.8W 62°,LINIBOX W-17-27C-90-FX-VW-BR-230D,Brown,images/linibox-w/linibox-w-17-brown.jpg,2700K,CRI>90,Phase Dim,IP65,UGR<23.6,Brown · 205 × 56 × 95mm,16.8W,1101lm,66lm/W,62°,Installation=images/linibox-w/linibox-w-installation-17.pdf;LDT=images/linibox-w/ldt/LINIBOX_W-17-27C-90-FX-VW.ldt;Brochure=images/linibox-w/linibox-w-brochure.pdf,
Linibox W,,,,,,,,,,,,,,,,,,,Linibox W 17 16.8W 62°,LINIBOX W-17-30C-80-FX-VW-BR-230ND,Brown,images/linibox-w/linibox-w-17-brown.jpg,3000K,CRI>80,On/Off,IP65,UGR<23.6,Brown · 205 × 56 × 95mm,16.8W,1434lm,85lm/W,62°,Installation=images/linibox-w/linibox-w-installation-17.pdf;LDT=images/linibox-w/ldt/LINIBOX_W-17-30C-80-FX-VW.ldt;Brochure=images/linibox-w/linibox-w-brochure.pdf,
Linibox W,,,,,,,,,,,,,,,,,,,Linibox W 17 16.8W 62°,LINIBOX W-17-30C-80-FX-VW-BR-230D,Brown,images/linibox-w/linibox-w-17-brown.jpg,3000K,CRI>80,Phase Dim,IP65,UGR<23.6,Brown · 205 × 56 × 95mm,16.8W,1434lm,85lm/W,62°,Installation=images/linibox-w/linibox-w-installation-17.pdf;LDT=images/linibox-w/ldt/LINIBOX_W-17-30C-80-FX-VW.ldt;Brochure=images/linibox-w/linibox-w-brochure.pdf,
Linibox W,,,,,,,,,,,,,,,,,,,Linibox W 17 16.8W 62°,LINIBOX W-17-30C-90-FX-VW-BR-230ND,Brown,images/linibox-w/linibox-w-17-brown.jpg,3000K,CRI>90,On/Off,IP65,UGR<23.6,Brown · 205 × 56 × 95mm,16.8W,1254lm,75lm/W,62°,Installation=images/linibox-w/linibox-w-installation-17.pdf;LDT=images/linibox-w/ldt/LINIBOX_W-17-30C-90-FX-VW.ldt;Brochure=images/linibox-w/linibox-w-brochure.pdf,
Linibox W,,,,,,,,,,,,,,,,,,,Linibox W 17 16.8W 62°,LINIBOX W-17-30C-90-FX-VW-BR-230D,Brown,images/linibox-w/linibox-w-17-brown.jpg,3000K,CRI>90,Phase Dim,IP65,UGR<23.6,Brown · 205 × 56 × 95mm,16.8W,1254lm,75lm/W,62°,Installation=images/linibox-w/linibox-w-installation-17.pdf;LDT=images/linibox-w/ldt/LINIBOX_W-17-30C-90-FX-VW.ldt;Brochure=images/linibox-w/linibox-w-brochure.pdf,
Linibox W,,,,,,,,,,,,,,,,,,,Linibox W 17 16.8W 62°,LINIBOX W-17-40C-80-FX-VW-BR-230ND,Brown,images/linibox-w/linibox-w-17-brown.jpg,4000K,CRI>80,On/Off,IP65,UGR<23.6,Brown · 205 × 56 × 95mm,16.8W,1510lm,90lm/W,62°,Installation=images/linibox-w/linibox-w-installation-17.pdf;LDT=images/linibox-w/ldt/LINIBOX_W-17-40C-80-FX-VW.ldt;Brochure=images/linibox-w/linibox-w-brochure.pdf,
Linibox W,,,,,,,,,,,,,,,,,,,Linibox W 17 16.8W 62°,LINIBOX W-17-40C-80-FX-VW-BR-230D,Brown,images/linibox-w/linibox-w-17-brown.jpg,4000K,CRI>80,Phase Dim,IP65,UGR<23.6,Brown · 205 × 56 × 95mm,16.8W,1510lm,90lm/W,62°,Installation=images/linibox-w/linibox-w-installation-17.pdf;LDT=images/linibox-w/ldt/LINIBOX_W-17-40C-80-FX-VW.ldt;Brochure=images/linibox-w/linibox-w-brochure.pdf,
Linibox W,,,,,,,,,,,,,,,,,,,Linibox W 17 16.8W 62°,LINIBOX W-17-40C-90-FX-VW-BR-230ND,Brown,images/linibox-w/linibox-w-17-brown.jpg,4000K,CRI>90,On/Off,IP65,UGR<23.6,Brown · 205 × 56 × 95mm,16.8W,1357lm,81lm/W,62°,Installation=images/linibox-w/linibox-w-installation-17.pdf;LDT=images/linibox-w/ldt/LINIBOX_W-17-40C-90-FX-VW.ldt;Brochure=images/linibox-w/linibox-w-brochure.pdf,
Linibox W,,,,,,,,,,,,,,,,,,,Linibox W 17 16.8W 62°,LINIBOX W-17-40C-90-FX-VW-BR-230D,Brown,images/linibox-w/linibox-w-17-brown.jpg,4000K,CRI>90,Phase Dim,IP65,UGR<23.6,Brown · 205 × 56 × 95mm,16.8W,1357lm,81lm/W,62°,Installation=images/linibox-w/linibox-w-installation-17.pdf;LDT=images/linibox-w/ldt/LINIBOX_W-17-40C-90-FX-VW.ldt;Brochure=images/linibox-w/linibox-w-brochure.pdf,
Linibox W,,,,,,,,,,,,,,,,,,,Linibox W 17 16.8W 62°,LINIBOX W-17-50C-80-FX-VW-BR-230ND,Brown,images/linibox-w/linibox-w-17-brown.jpg,5000K,CRI>80,On/Off,IP65,UGR<23.6,Brown · 205 × 56 × 95mm,16.8W,1664lm,99lm/W,62°,Installation=images/linibox-w/linibox-w-installation-17.pdf;LDT=images/linibox-w/ldt/LINIBOX_W-17-50C-80-FX-VW.ldt;Brochure=images/linibox-w/linibox-w-brochure.pdf,
Linibox W,,,,,,,,,,,,,,,,,,,Linibox W 17 16.8W 62°,LINIBOX W-17-50C-80-FX-VW-BR-230D,Brown,images/linibox-w/linibox-w-17-brown.jpg,5000K,CRI>80,Phase Dim,IP65,UGR<23.6,Brown · 205 × 56 × 95mm,16.8W,1664lm,99lm/W,62°,Installation=images/linibox-w/linibox-w-installation-17.pdf;LDT=images/linibox-w/ldt/LINIBOX_W-17-50C-80-FX-VW.ldt;Brochure=images/linibox-w/linibox-w-brochure.pdf,
Linibox W,,,,,,,,,,,,,,,,,,,Linibox W 17 16.8W 62°,LINIBOX W-17-50C-90-FX-VW-BR-230ND,Brown,images/linibox-w/linibox-w-17-brown.jpg,5000K,CRI>90,On/Off,IP65,UGR<23.6,Brown · 205 × 56 × 95mm,16.8W,1440lm,86lm/W,62°,Installation=images/linibox-w/linibox-w-installation-17.pdf;LDT=images/linibox-w/ldt/LINIBOX_W-17-50C-90-FX-VW.ldt;Brochure=images/linibox-w/linibox-w-brochure.pdf,
Linibox W,,,,,,,,,,,,,,,,,,,Linibox W 17 16.8W 62°,LINIBOX W-17-50C-90-FX-VW-BR-230D,Brown,images/linibox-w/linibox-w-17-brown.jpg,5000K,CRI>90,Phase Dim,IP65,UGR<23.6,Brown · 205 × 56 × 95mm,16.8W,1440lm,86lm/W,62°,Installation=images/linibox-w/linibox-w-installation-17.pdf;LDT=images/linibox-w/ldt/LINIBOX_W-17-50C-90-FX-VW.ldt;Brochure=images/linibox-w/linibox-w-brochure.pdf,
Linibox W,,,,,,,,,,,,,,,,,,,Linibox W 17 16.8W 16°x30°,LINIBOX W-17-27C-80-FX-AS-BR-230ND,Brown,images/linibox-w/linibox-w-17-brown.jpg,2700K,CRI>80,On/Off,IP65,UGR<15.7,Brown · 205 × 56 × 95mm,16.8W,1505lm,90lm/W,16°x30°,Installation=images/linibox-w/linibox-w-installation-17.pdf;LDT=images/linibox-w/ldt/LINIBOX_W-17-27C-80-FX-AS.ldt;Brochure=images/linibox-w/linibox-w-brochure.pdf,
Linibox W,,,,,,,,,,,,,,,,,,,Linibox W 17 16.8W 16°x30°,LINIBOX W-17-27C-80-FX-AS-BR-230D,Brown,images/linibox-w/linibox-w-17-brown.jpg,2700K,CRI>80,Phase Dim,IP65,UGR<15.7,Brown · 205 × 56 × 95mm,16.8W,1505lm,90lm/W,16°x30°,Installation=images/linibox-w/linibox-w-installation-17.pdf;LDT=images/linibox-w/ldt/LINIBOX_W-17-27C-80-FX-AS.ldt;Brochure=images/linibox-w/linibox-w-brochure.pdf,
Linibox W,,,,,,,,,,,,,,,,,,,Linibox W 17 16.8W 16°x30°,LINIBOX W-17-27C-90-FX-AS-BR-230ND,Brown,images/linibox-w/linibox-w-17-brown.jpg,2700K,CRI>90,On/Off,IP65,UGR<15.7,Brown · 205 × 56 × 95mm,16.8W,1221lm,73lm/W,16°x30°,Installation=images/linibox-w/linibox-w-installation-17.pdf;LDT=images/linibox-w/ldt/LINIBOX_W-17-27C-90-FX-AS.ldt;Brochure=images/linibox-w/linibox-w-brochure.pdf,
Linibox W,,,,,,,,,,,,,,,,,,,Linibox W 17 16.8W 16°x30°,LINIBOX W-17-27C-90-FX-AS-BR-230D,Brown,images/linibox-w/linibox-w-17-brown.jpg,2700K,CRI>90,Phase Dim,IP65,UGR<15.7,Brown · 205 × 56 × 95mm,16.8W,1221lm,73lm/W,16°x30°,Installation=images/linibox-w/linibox-w-installation-17.pdf;LDT=images/linibox-w/ldt/LINIBOX_W-17-27C-90-FX-AS.ldt;Brochure=images/linibox-w/linibox-w-brochure.pdf,
Linibox W,,,,,,,,,,,,,,,,,,,Linibox W 17 16.8W 16°x30°,LINIBOX W-17-30C-80-FX-AS-BR-230ND,Brown,images/linibox-w/linibox-w-17-brown.jpg,3000K,CRI>80,On/Off,IP65,UGR<15.7,Brown · 205 × 56 × 95mm,16.8W,1590lm,95lm/W,16°x30°,Installation=images/linibox-w/linibox-w-installation-17.pdf;LDT=images/linibox-w/ldt/LINIBOX_W-17-30C-80-FX-AS.ldt;Brochure=images/linibox-w/linibox-w-brochure.pdf,
Linibox W,,,,,,,,,,,,,,,,,,,Linibox W 17 16.8W 16°x30°,LINIBOX W-17-30C-80-FX-AS-BR-230D,Brown,images/linibox-w/linibox-w-17-brown.jpg,3000K,CRI>80,Phase Dim,IP65,UGR<15.7,Brown · 205 × 56 × 95mm,16.8W,1590lm,95lm/W,16°x30°,Installation=images/linibox-w/linibox-w-installation-17.pdf;LDT=images/linibox-w/ldt/LINIBOX_W-17-30C-80-FX-AS.ldt;Brochure=images/linibox-w/linibox-w-brochure.pdf,
Linibox W,,,,,,,,,,,,,,,,,,,Linibox W 17 16.8W 16°x30°,LINIBOX W-17-30C-90-FX-AS-BR-230ND,Brown,images/linibox-w/linibox-w-17-brown.jpg,3000K,CRI>90,On/Off,IP65,UGR<15.7,Brown · 205 × 56 × 95mm,16.8W,1392lm,83lm/W,16°x30°,Installation=images/linibox-w/linibox-w-installation-17.pdf;LDT=images/linibox-w/ldt/LINIBOX_W-17-30C-90-FX-AS.ldt;Brochure=images/linibox-w/linibox-w-brochure.pdf,
Linibox W,,,,,,,,,,,,,,,,,,,Linibox W 17 16.8W 16°x30°,LINIBOX W-17-30C-90-FX-AS-BR-230D,Brown,images/linibox-w/linibox-w-17-brown.jpg,3000K,CRI>90,Phase Dim,IP65,UGR<15.7,Brown · 205 × 56 × 95mm,16.8W,1392lm,83lm/W,16°x30°,Installation=images/linibox-w/linibox-w-installation-17.pdf;LDT=images/linibox-w/ldt/LINIBOX_W-17-30C-90-FX-AS.ldt;Brochure=images/linibox-w/linibox-w-brochure.pdf,
Linibox W,,,,,,,,,,,,,,,,,,,Linibox W 17 16.8W 16°x30°,LINIBOX W-17-40C-80-FX-AS-BR-230ND,Brown,images/linibox-w/linibox-w-17-brown.jpg,4000K,CRI>80,On/Off,IP65,UGR<15.7,Brown · 205 × 56 × 95mm,16.8W,1676lm,100lm/W,16°x30°,Installation=images/linibox-w/linibox-w-installation-17.pdf;LDT=images/linibox-w/ldt/LINIBOX_W-17-40C-80-FX-AS.ldt;Brochure=images/linibox-w/linibox-w-brochure.pdf,
Linibox W,,,,,,,,,,,,,,,,,,,Linibox W 17 16.8W 16°x30°,LINIBOX W-17-40C-80-FX-AS-BR-230D,Brown,images/linibox-w/linibox-w-17-brown.jpg,4000K,CRI>80,Phase Dim,IP65,UGR<15.7,Brown · 205 × 56 × 95mm,16.8W,1676lm,100lm/W,16°x30°,Installation=images/linibox-w/linibox-w-installation-17.pdf;LDT=images/linibox-w/ldt/LINIBOX_W-17-40C-80-FX-AS.ldt;Brochure=images/linibox-w/linibox-w-brochure.pdf,
Linibox W,,,,,,,,,,,,,,,,,,,Linibox W 17 16.8W 16°x30°,LINIBOX W-17-40C-90-FX-AS-BR-230ND,Brown,images/linibox-w/linibox-w-17-brown.jpg,4000K,CRI>90,On/Off,IP65,UGR<15.7,Brown · 205 × 56 × 95mm,16.8W,1505lm,90lm/W,16°x30°,Installation=images/linibox-w/linibox-w-installation-17.pdf;LDT=images/linibox-w/ldt/LINIBOX_W-17-40C-90-FX-AS.ldt;Brochure=images/linibox-w/linibox-w-brochure.pdf,
Linibox W,,,,,,,,,,,,,,,,,,,Linibox W 17 16.8W 16°x30°,LINIBOX W-17-40C-90-FX-AS-BR-230D,Brown,images/linibox-w/linibox-w-17-brown.jpg,4000K,CRI>90,Phase Dim,IP65,UGR<15.7,Brown · 205 × 56 × 95mm,16.8W,1505lm,90lm/W,16°x30°,Installation=images/linibox-w/linibox-w-installation-17.pdf;LDT=images/linibox-w/ldt/LINIBOX_W-17-40C-90-FX-AS.ldt;Brochure=images/linibox-w/linibox-w-brochure.pdf,
Linibox W,,,,,,,,,,,,,,,,,,,Linibox W 17 16.8W 16°x30°,LINIBOX W-17-50C-80-FX-AS-BR-230ND,Brown,images/linibox-w/linibox-w-17-brown.jpg,5000K,CRI>80,On/Off,IP65,UGR<15.7,Brown · 205 × 56 × 95mm,16.8W,1846lm,110lm/W,16°x30°,Installation=images/linibox-w/linibox-w-installation-17.pdf;LDT=images/linibox-w/ldt/LINIBOX_W-17-50C-80-FX-AS.ldt;Brochure=images/linibox-w/linibox-w-brochure.pdf,
Linibox W,,,,,,,,,,,,,,,,,,,Linibox W 17 16.8W 16°x30°,LINIBOX W-17-50C-80-FX-AS-BR-230D,Brown,images/linibox-w/linibox-w-17-brown.jpg,5000K,CRI>80,Phase Dim,IP65,UGR<15.7,Brown · 205 × 56 × 95mm,16.8W,1846lm,110lm/W,16°x30°,Installation=images/linibox-w/linibox-w-installation-17.pdf;LDT=images/linibox-w/ldt/LINIBOX_W-17-50C-80-FX-AS.ldt;Brochure=images/linibox-w/linibox-w-brochure.pdf,
Linibox W,,,,,,,,,,,,,,,,,,,Linibox W 17 16.8W 16°x30°,LINIBOX W-17-50C-90-FX-AS-BR-230ND,Brown,images/linibox-w/linibox-w-17-brown.jpg,5000K,CRI>90,On/Off,IP65,UGR<15.7,Brown · 205 × 56 × 95mm,16.8W,1598lm,95lm/W,16°x30°,Installation=images/linibox-w/linibox-w-installation-17.pdf;LDT=images/linibox-w/ldt/LINIBOX_W-17-50C-90-FX-AS.ldt;Brochure=images/linibox-w/linibox-w-brochure.pdf,
Linibox W,,,,,,,,,,,,,,,,,,,Linibox W 17 16.8W 16°x30°,LINIBOX W-17-50C-90-FX-AS-BR-230D,Brown,images/linibox-w/linibox-w-17-brown.jpg,5000K,CRI>90,Phase Dim,IP65,UGR<15.7,Brown · 205 × 56 × 95mm,16.8W,1598lm,95lm/W,16°x30°,Installation=images/linibox-w/linibox-w-installation-17.pdf;LDT=images/linibox-w/ldt/LINIBOX_W-17-50C-90-FX-AS.ldt;Brochure=images/linibox-w/linibox-w-brochure.pdf,
Linibox C,Electron,Exterior,Surface Downlights | Spotlights,"A low, linear ceiling box for crisp outdoor downlight under eaves and canopies.","Linibox C is a slim rectangular surface-mounted downlight for soffits, porches and covered walkways. Its row of fixed optics delivers tightly controlled light, from a 17° spot to a 62° flood, plus an asymmetric 16°x30° lens for lighting along a wall. At just 46mm wide and 85mm deep in three lengths, it keeps a neat, architectural line on the ceiling.","Exterior surface-mounted ceiling luminaire with fixed optics. CREE LED. Beam 17° | 21° | 25° | 35° | 62° | 16°x30°. UGR<13.7 (17°) | <13.1 (21°) | <12.5 (25°) | <20.6 (35°) | <23.6 (62°) | <15.7 (16°x30°). IP65. IK06. L90/B10 >50,000h. Integral 230VAC driver, non-dimmable or trailing-edge phase-cut dimmable. Supply cable 3×0.75mm², maximum outer Ø7mm. Other RAL colours on request.",2700K | 3000K | 4000K | 5000K,CRI>80 | CRI>90,On/Off | Phase Dim,IP65,Black | White | Brown,surface-square,,images/linibox-c/linibox-c-thumb.jpg;images/linibox-c/linibox-c-dimensions-8.png;images/linibox-c/linibox-c-dimensions-13.png;images/linibox-c/linibox-c-dimensions-17.png;images/linibox-c/linibox-c-photometric-17.png;images/linibox-c/linibox-c-photometric-21.png;images/linibox-c/linibox-c-photometric-25.png;images/linibox-c/linibox-c-photometric-35.png;images/linibox-c/linibox-c-photometric-62.png;images/linibox-c/linibox-c-photometric-16x30.png,,,images/linibox-c/linibox-c-dimensions-13.png,8 115 × 46 × 85mm (L × W × H) · 13 160 × 46 × 85mm · 17 205 × 46 × 85mm,Linibox C 8 8.4W 17°,LINIBOX C-08-27C-80-FX-VN-BL-230ND,Black,images/linibox-c/linibox-c-8-black.jpg,2700K,CRI>80,On/Off,IP65,UGR<13.7,Black · 115 × 46 × 85mm,8.4W,753lm,90lm/W,17°,Installation=images/linibox-c/linibox-c-installation-8.pdf;LDT=images/linibox-c/ldt/LINIBOX_C-08-27C-80-FX-VN.ldt;Brochure=images/linibox-c/linibox-c-brochure.pdf,IK06
Linibox C,,,,,,,,,,,,,,,,,,,Linibox C 8 8.4W 17°,LINIBOX C-08-27C-80-FX-VN-BL-230D,Black,images/linibox-c/linibox-c-8-black.jpg,2700K,CRI>80,Phase Dim,IP65,UGR<13.7,Black · 115 × 46 × 85mm,8.4W,753lm,90lm/W,17°,Installation=images/linibox-c/linibox-c-installation-8.pdf;LDT=images/linibox-c/ldt/LINIBOX_C-08-27C-80-FX-VN.ldt;Brochure=images/linibox-c/linibox-c-brochure.pdf,
Linibox C,,,,,,,,,,,,,,,,,,,Linibox C 8 8.4W 17°,LINIBOX C-08-27C-90-FX-VN-BL-230ND,Black,images/linibox-c/linibox-c-8-black.jpg,2700K,CRI>90,On/Off,IP65,UGR<13.7,Black · 115 × 46 × 85mm,8.4W,611lm,73lm/W,17°,Installation=images/linibox-c/linibox-c-installation-8.pdf;LDT=images/linibox-c/ldt/LINIBOX_C-08-27C-90-FX-VN.ldt;Brochure=images/linibox-c/linibox-c-brochure.pdf,
Linibox C,,,,,,,,,,,,,,,,,,,Linibox C 8 8.4W 17°,LINIBOX C-08-27C-90-FX-VN-BL-230D,Black,images/linibox-c/linibox-c-8-black.jpg,2700K,CRI>90,Phase Dim,IP65,UGR<13.7,Black · 115 × 46 × 85mm,8.4W,611lm,73lm/W,17°,Installation=images/linibox-c/linibox-c-installation-8.pdf;LDT=images/linibox-c/ldt/LINIBOX_C-08-27C-90-FX-VN.ldt;Brochure=images/linibox-c/linibox-c-brochure.pdf,
Linibox C,,,,,,,,,,,,,,,,,,,Linibox C 8 8.4W 17°,LINIBOX C-08-30C-80-FX-VN-BL-230ND,Black,images/linibox-c/linibox-c-8-black.jpg,3000K,CRI>80,On/Off,IP65,UGR<13.7,Black · 115 × 46 × 85mm,8.4W,795lm,95lm/W,17°,Installation=images/linibox-c/linibox-c-installation-8.pdf;LDT=images/linibox-c/ldt/LINIBOX_C-08-30C-80-FX-VN.ldt;Brochure=images/linibox-c/linibox-c-brochure.pdf,
Linibox C,,,,,,,,,,,,,,,,,,,Linibox C 8 8.4W 17°,LINIBOX C-08-30C-80-FX-VN-BL-230D,Black,images/linibox-c/linibox-c-8-black.jpg,3000K,CRI>80,Phase Dim,IP65,UGR<13.7,Black · 115 × 46 × 85mm,8.4W,795lm,95lm/W,17°,Installation=images/linibox-c/linibox-c-installation-8.pdf;LDT=images/linibox-c/ldt/LINIBOX_C-08-30C-80-FX-VN.ldt;Brochure=images/linibox-c/linibox-c-brochure.pdf,
Linibox C,,,,,,,,,,,,,,,,,,,Linibox C 8 8.4W 17°,LINIBOX C-08-30C-90-FX-VN-BL-230ND,Black,images/linibox-c/linibox-c-8-black.jpg,3000K,CRI>90,On/Off,IP65,UGR<13.7,Black · 115 × 46 × 85mm,8.4W,696lm,83lm/W,17°,Installation=images/linibox-c/linibox-c-installation-8.pdf;LDT=images/linibox-c/ldt/LINIBOX_C-08-30C-90-FX-VN.ldt;Brochure=images/linibox-c/linibox-c-brochure.pdf,
Linibox C,,,,,,,,,,,,,,,,,,,Linibox C 8 8.4W 17°,LINIBOX C-08-30C-90-FX-VN-BL-230D,Black,images/linibox-c/linibox-c-8-black.jpg,3000K,CRI>90,Phase Dim,IP65,UGR<13.7,Black · 115 × 46 × 85mm,8.4W,696lm,83lm/W,17°,Installation=images/linibox-c/linibox-c-installation-8.pdf;LDT=images/linibox-c/ldt/LINIBOX_C-08-30C-90-FX-VN.ldt;Brochure=images/linibox-c/linibox-c-brochure.pdf,
Linibox C,,,,,,,,,,,,,,,,,,,Linibox C 8 8.4W 17°,LINIBOX C-08-40C-80-FX-VN-BL-230ND,Black,images/linibox-c/linibox-c-8-black.jpg,4000K,CRI>80,On/Off,IP65,UGR<13.7,Black · 115 × 46 × 85mm,8.4W,838lm,100lm/W,17°,Installation=images/linibox-c/linibox-c-installation-8.pdf;LDT=images/linibox-c/ldt/LINIBOX_C-08-40C-80-FX-VN.ldt;Brochure=images/linibox-c/linibox-c-brochure.pdf,
Linibox C,,,,,,,,,,,,,,,,,,,Linibox C 8 8.4W 17°,LINIBOX C-08-40C-80-FX-VN-BL-230D,Black,images/linibox-c/linibox-c-8-black.jpg,4000K,CRI>80,Phase Dim,IP65,UGR<13.7,Black · 115 × 46 × 85mm,8.4W,838lm,100lm/W,17°,Installation=images/linibox-c/linibox-c-installation-8.pdf;LDT=images/linibox-c/ldt/LINIBOX_C-08-40C-80-FX-VN.ldt;Brochure=images/linibox-c/linibox-c-brochure.pdf,
Linibox C,,,,,,,,,,,,,,,,,,,Linibox C 8 8.4W 17°,LINIBOX C-08-40C-90-FX-VN-BL-230ND,Black,images/linibox-c/linibox-c-8-black.jpg,4000K,CRI>90,On/Off,IP65,UGR<13.7,Black · 115 × 46 × 85mm,8.4W,753lm,90lm/W,17°,Installation=images/linibox-c/linibox-c-installation-8.pdf;LDT=images/linibox-c/ldt/LINIBOX_C-08-40C-90-FX-VN.ldt;Brochure=images/linibox-c/linibox-c-brochure.pdf,
Linibox C,,,,,,,,,,,,,,,,,,,Linibox C 8 8.4W 17°,LINIBOX C-08-40C-90-FX-VN-BL-230D,Black,images/linibox-c/linibox-c-8-black.jpg,4000K,CRI>90,Phase Dim,IP65,UGR<13.7,Black · 115 × 46 × 85mm,8.4W,753lm,90lm/W,17°,Installation=images/linibox-c/linibox-c-installation-8.pdf;LDT=images/linibox-c/ldt/LINIBOX_C-08-40C-90-FX-VN.ldt;Brochure=images/linibox-c/linibox-c-brochure.pdf,
Linibox C,,,,,,,,,,,,,,,,,,,Linibox C 8 8.4W 17°,LINIBOX C-08-50C-80-FX-VN-BL-230ND,Black,images/linibox-c/linibox-c-8-black.jpg,5000K,CRI>80,On/Off,IP65,UGR<13.7,Black · 115 × 46 × 85mm,8.4W,923lm,110lm/W,17°,Installation=images/linibox-c/linibox-c-installation-8.pdf;LDT=images/linibox-c/ldt/LINIBOX_C-08-50C-80-FX-VN.ldt;Brochure=images/linibox-c/linibox-c-brochure.pdf,
Linibox C,,,,,,,,,,,,,,,,,,,Linibox C 8 8.4W 17°,LINIBOX C-08-50C-80-FX-VN-BL-230D,Black,images/linibox-c/linibox-c-8-black.jpg,5000K,CRI>80,Phase Dim,IP65,UGR<13.7,Black · 115 × 46 × 85mm,8.4W,923lm,110lm/W,17°,Installation=images/linibox-c/linibox-c-installation-8.pdf;LDT=images/linibox-c/ldt/LINIBOX_C-08-50C-80-FX-VN.ldt;Brochure=images/linibox-c/linibox-c-brochure.pdf,
Linibox C,,,,,,,,,,,,,,,,,,,Linibox C 8 8.4W 17°,LINIBOX C-08-50C-90-FX-VN-BL-230ND,Black,images/linibox-c/linibox-c-8-black.jpg,5000K,CRI>90,On/Off,IP65,UGR<13.7,Black · 115 × 46 × 85mm,8.4W,799lm,95lm/W,17°,Installation=images/linibox-c/linibox-c-installation-8.pdf;LDT=images/linibox-c/ldt/LINIBOX_C-08-50C-90-FX-VN.ldt;Brochure=images/linibox-c/linibox-c-brochure.pdf,
Linibox C,,,,,,,,,,,,,,,,,,,Linibox C 8 8.4W 17°,LINIBOX C-08-50C-90-FX-VN-BL-230D,Black,images/linibox-c/linibox-c-8-black.jpg,5000K,CRI>90,Phase Dim,IP65,UGR<13.7,Black · 115 × 46 × 85mm,8.4W,799lm,95lm/W,17°,Installation=images/linibox-c/linibox-c-installation-8.pdf;LDT=images/linibox-c/ldt/LINIBOX_C-08-50C-90-FX-VN.ldt;Brochure=images/linibox-c/linibox-c-brochure.pdf,
Linibox C,,,,,,,,,,,,,,,,,,,Linibox C 8 8.4W 21°,LINIBOX C-08-27C-80-FX-NR-BL-230ND,Black,images/linibox-c/linibox-c-8-black.jpg,2700K,CRI>80,On/Off,IP65,UGR<13.1,Black · 115 × 46 × 85mm,8.4W,912lm,109lm/W,21°,Installation=images/linibox-c/linibox-c-installation-8.pdf;LDT=images/linibox-c/ldt/LINIBOX_C-08-27C-80-FX-NR.ldt;Brochure=images/linibox-c/linibox-c-brochure.pdf,
Linibox C,,,,,,,,,,,,,,,,,,,Linibox C 8 8.4W 21°,LINIBOX C-08-27C-80-FX-NR-BL-230D,Black,images/linibox-c/linibox-c-8-black.jpg,2700K,CRI>80,Phase Dim,IP65,UGR<13.1,Black · 115 × 46 × 85mm,8.4W,912lm,109lm/W,21°,Installation=images/linibox-c/linibox-c-installation-8.pdf;LDT=images/linibox-c/ldt/LINIBOX_C-08-27C-80-FX-NR.ldt;Brochure=images/linibox-c/linibox-c-brochure.pdf,
Linibox C,,,,,,,,,,,,,,,,,,,Linibox C 8 8.4W 21°,LINIBOX C-08-27C-90-FX-NR-BL-230ND,Black,images/linibox-c/linibox-c-8-black.jpg,2700K,CRI>90,On/Off,IP65,UGR<13.1,Black · 115 × 46 × 85mm,8.4W,740lm,88lm/W,21°,Installation=images/linibox-c/linibox-c-installation-8.pdf;LDT=images/linibox-c/ldt/LINIBOX_C-08-27C-90-FX-NR.ldt;Brochure=images/linibox-c/linibox-c-brochure.pdf,
Linibox C,,,,,,,,,,,,,,,,,,,Linibox C 8 8.4W 21°,LINIBOX C-08-27C-90-FX-NR-BL-230D,Black,images/linibox-c/linibox-c-8-black.jpg,2700K,CRI>90,Phase Dim,IP65,UGR<13.1,Black · 115 × 46 × 85mm,8.4W,740lm,88lm/W,21°,Installation=images/linibox-c/linibox-c-installation-8.pdf;LDT=images/linibox-c/ldt/LINIBOX_C-08-27C-90-FX-NR.ldt;Brochure=images/linibox-c/linibox-c-brochure.pdf,
Linibox C,,,,,,,,,,,,,,,,,,,Linibox C 8 8.4W 21°,LINIBOX C-08-30C-80-FX-NR-BL-230ND,Black,images/linibox-c/linibox-c-8-black.jpg,3000K,CRI>80,On/Off,IP65,UGR<13.1,Black · 115 × 46 × 85mm,8.4W,963lm,115lm/W,21°,Installation=images/linibox-c/linibox-c-installation-8.pdf;LDT=images/linibox-c/ldt/LINIBOX_C-08-30C-80-FX-NR.ldt;Brochure=images/linibox-c/linibox-c-brochure.pdf,
Linibox C,,,,,,,,,,,,,,,,,,,Linibox C 8 8.4W 21°,LINIBOX C-08-30C-80-FX-NR-BL-230D,Black,images/linibox-c/linibox-c-8-black.jpg,3000K,CRI>80,Phase Dim,IP65,UGR<13.1,Black · 115 × 46 × 85mm,8.4W,963lm,115lm/W,21°,Installation=images/linibox-c/linibox-c-installation-8.pdf;LDT=images/linibox-c/ldt/LINIBOX_C-08-30C-80-FX-NR.ldt;Brochure=images/linibox-c/linibox-c-brochure.pdf,
Linibox C,,,,,,,,,,,,,,,,,,,Linibox C 8 8.4W 21°,LINIBOX C-08-30C-90-FX-NR-BL-230ND,Black,images/linibox-c/linibox-c-8-black.jpg,3000K,CRI>90,On/Off,IP65,UGR<13.1,Black · 115 × 46 × 85mm,8.4W,843lm,100lm/W,21°,Installation=images/linibox-c/linibox-c-installation-8.pdf;LDT=images/linibox-c/ldt/LINIBOX_C-08-30C-90-FX-NR.ldt;Brochure=images/linibox-c/linibox-c-brochure.pdf,
Linibox C,,,,,,,,,,,,,,,,,,,Linibox C 8 8.4W 21°,LINIBOX C-08-30C-90-FX-NR-BL-230D,Black,images/linibox-c/linibox-c-8-black.jpg,3000K,CRI>90,Phase Dim,IP65,UGR<13.1,Black · 115 × 46 × 85mm,8.4W,843lm,100lm/W,21°,Installation=images/linibox-c/linibox-c-installation-8.pdf;LDT=images/linibox-c/ldt/LINIBOX_C-08-30C-90-FX-NR.ldt;Brochure=images/linibox-c/linibox-c-brochure.pdf,
Linibox C,,,,,,,,,,,,,,,,,,,Linibox C 8 8.4W 21°,LINIBOX C-08-40C-80-FX-NR-BL-230ND,Black,images/linibox-c/linibox-c-8-black.jpg,4000K,CRI>80,On/Off,IP65,UGR<13.1,Black · 115 × 46 × 85mm,8.4W,1015lm,121lm/W,21°,Installation=images/linibox-c/linibox-c-installation-8.pdf;LDT=images/linibox-c/ldt/LINIBOX_C-08-40C-80-FX-NR.ldt;Brochure=images/linibox-c/linibox-c-brochure.pdf,
Linibox C,,,,,,,,,,,,,,,,,,,Linibox C 8 8.4W 21°,LINIBOX C-08-40C-80-FX-NR-BL-230D,Black,images/linibox-c/linibox-c-8-black.jpg,4000K,CRI>80,Phase Dim,IP65,UGR<13.1,Black · 115 × 46 × 85mm,8.4W,1015lm,121lm/W,21°,Installation=images/linibox-c/linibox-c-installation-8.pdf;LDT=images/linibox-c/ldt/LINIBOX_C-08-40C-80-FX-NR.ldt;Brochure=images/linibox-c/linibox-c-brochure.pdf,
Linibox C,,,,,,,,,,,,,,,,,,,Linibox C 8 8.4W 21°,LINIBOX C-08-40C-90-FX-NR-BL-230ND,Black,images/linibox-c/linibox-c-8-black.jpg,4000K,CRI>90,On/Off,IP65,UGR<13.1,Black · 115 × 46 × 85mm,8.4W,912lm,109lm/W,21°,Installation=images/linibox-c/linibox-c-installation-8.pdf;LDT=images/linibox-c/ldt/LINIBOX_C-08-40C-90-FX-NR.ldt;Brochure=images/linibox-c/linibox-c-brochure.pdf,
Linibox C,,,,,,,,,,,,,,,,,,,Linibox C 8 8.4W 21°,LINIBOX C-08-40C-90-FX-NR-BL-230D,Black,images/linibox-c/linibox-c-8-black.jpg,4000K,CRI>90,Phase Dim,IP65,UGR<13.1,Black · 115 × 46 × 85mm,8.4W,912lm,109lm/W,21°,Installation=images/linibox-c/linibox-c-installation-8.pdf;LDT=images/linibox-c/ldt/LINIBOX_C-08-40C-90-FX-NR.ldt;Brochure=images/linibox-c/linibox-c-brochure.pdf,
Linibox C,,,,,,,,,,,,,,,,,,,Linibox C 8 8.4W 21°,LINIBOX C-08-50C-80-FX-NR-BL-230ND,Black,images/linibox-c/linibox-c-8-black.jpg,5000K,CRI>80,On/Off,IP65,UGR<13.1,Black · 115 × 46 × 85mm,8.4W,1118lm,133lm/W,21°,Installation=images/linibox-c/linibox-c-installation-8.pdf;LDT=images/linibox-c/ldt/LINIBOX_C-08-50C-80-FX-NR.ldt;Brochure=images/linibox-c/linibox-c-brochure.pdf,
Linibox C,,,,,,,,,,,,,,,,,,,Linibox C 8 8.4W 21°,LINIBOX C-08-50C-80-FX-NR-BL-230D,Black,images/linibox-c/linibox-c-8-black.jpg,5000K,CRI>80,Phase Dim,IP65,UGR<13.1,Black · 115 × 46 × 85mm,8.4W,1118lm,133lm/W,21°,Installation=images/linibox-c/linibox-c-installation-8.pdf;LDT=images/linibox-c/ldt/LINIBOX_C-08-50C-80-FX-NR.ldt;Brochure=images/linibox-c/linibox-c-brochure.pdf,
Linibox C,,,,,,,,,,,,,,,,,,,Linibox C 8 8.4W 21°,LINIBOX C-08-50C-90-FX-NR-BL-230ND,Black,images/linibox-c/linibox-c-8-black.jpg,5000K,CRI>90,On/Off,IP65,UGR<13.1,Black · 115 × 46 × 85mm,8.4W,968lm,115lm/W,21°,Installation=images/linibox-c/linibox-c-installation-8.pdf;LDT=images/linibox-c/ldt/LINIBOX_C-08-50C-90-FX-NR.ldt;Brochure=images/linibox-c/linibox-c-brochure.pdf,
Linibox C,,,,,,,,,,,,,,,,,,,Linibox C 8 8.4W 21°,LINIBOX C-08-50C-90-FX-NR-BL-230D,Black,images/linibox-c/linibox-c-8-black.jpg,5000K,CRI>90,Phase Dim,IP65,UGR<13.1,Black · 115 × 46 × 85mm,8.4W,968lm,115lm/W,21°,Installation=images/linibox-c/linibox-c-installation-8.pdf;LDT=images/linibox-c/ldt/LINIBOX_C-08-50C-90-FX-NR.ldt;Brochure=images/linibox-c/linibox-c-brochure.pdf,
Linibox C,,,,,,,,,,,,,,,,,,,Linibox C 8 8.4W 25°,LINIBOX C-08-27C-80-FX-MD-BL-230ND,Black,images/linibox-c/linibox-c-8-black.jpg,2700K,CRI>80,On/Off,IP65,UGR<12.5,Black · 115 × 46 × 85mm,8.4W,806lm,96lm/W,25°,Installation=images/linibox-c/linibox-c-installation-8.pdf;LDT=images/linibox-c/ldt/LINIBOX_C-08-27C-80-FX-MD.ldt;Brochure=images/linibox-c/linibox-c-brochure.pdf,
Linibox C,,,,,,,,,,,,,,,,,,,Linibox C 8 8.4W 25°,LINIBOX C-08-27C-80-FX-MD-BL-230D,Black,images/linibox-c/linibox-c-8-black.jpg,2700K,CRI>80,Phase Dim,IP65,UGR<12.5,Black · 115 × 46 × 85mm,8.4W,806lm,96lm/W,25°,Installation=images/linibox-c/linibox-c-installation-8.pdf;LDT=images/linibox-c/ldt/LINIBOX_C-08-27C-80-FX-MD.ldt;Brochure=images/linibox-c/linibox-c-brochure.pdf,
Linibox C,,,,,,,,,,,,,,,,,,,Linibox C 8 8.4W 25°,LINIBOX C-08-27C-90-FX-MD-BL-230ND,Black,images/linibox-c/linibox-c-8-black.jpg,2700K,CRI>90,On/Off,IP65,UGR<12.5,Black · 115 × 46 × 85mm,8.4W,654lm,78lm/W,25°,Installation=images/linibox-c/linibox-c-installation-8.pdf;LDT=images/linibox-c/ldt/LINIBOX_C-08-27C-90-FX-MD.ldt;Brochure=images/linibox-c/linibox-c-brochure.pdf,
Linibox C,,,,,,,,,,,,,,,,,,,Linibox C 8 8.4W 25°,LINIBOX C-08-27C-90-FX-MD-BL-230D,Black,images/linibox-c/linibox-c-8-black.jpg,2700K,CRI>90,Phase Dim,IP65,UGR<12.5,Black · 115 × 46 × 85mm,8.4W,654lm,78lm/W,25°,Installation=images/linibox-c/linibox-c-installation-8.pdf;LDT=images/linibox-c/ldt/LINIBOX_C-08-27C-90-FX-MD.ldt;Brochure=images/linibox-c/linibox-c-brochure.pdf,
Linibox C,,,,,,,,,,,,,,,,,,,Linibox C 8 8.4W 25°,LINIBOX C-08-30C-80-FX-MD-BL-230ND,Black,images/linibox-c/linibox-c-8-black.jpg,3000K,CRI>80,On/Off,IP65,UGR<12.5,Black · 115 × 46 × 85mm,8.4W,851lm,101lm/W,25°,Installation=images/linibox-c/linibox-c-installation-8.pdf;LDT=images/linibox-c/ldt/LINIBOX_C-08-30C-80-FX-MD.ldt;Brochure=images/linibox-c/linibox-c-brochure.pdf,
Linibox C,,,,,,,,,,,,,,,,,,,Linibox C 8 8.4W 25°,LINIBOX C-08-30C-80-FX-MD-BL-230D,Black,images/linibox-c/linibox-c-8-black.jpg,3000K,CRI>80,Phase Dim,IP65,UGR<12.5,Black · 115 × 46 × 85mm,8.4W,851lm,101lm/W,25°,Installation=images/linibox-c/linibox-c-installation-8.pdf;LDT=images/linibox-c/ldt/LINIBOX_C-08-30C-80-FX-MD.ldt;Brochure=images/linibox-c/linibox-c-brochure.pdf,
Linibox C,,,,,,,,,,,,,,,,,,,Linibox C 8 8.4W 25°,LINIBOX C-08-30C-90-FX-MD-BL-230ND,Black,images/linibox-c/linibox-c-8-black.jpg,3000K,CRI>90,On/Off,IP65,UGR<12.5,Black · 115 × 46 × 85mm,8.4W,745lm,89lm/W,25°,Installation=images/linibox-c/linibox-c-installation-8.pdf;LDT=images/linibox-c/ldt/LINIBOX_C-08-30C-90-FX-MD.ldt;Brochure=images/linibox-c/linibox-c-brochure.pdf,
Linibox C,,,,,,,,,,,,,,,,,,,Linibox C 8 8.4W 25°,LINIBOX C-08-30C-90-FX-MD-BL-230D,Black,images/linibox-c/linibox-c-8-black.jpg,3000K,CRI>90,Phase Dim,IP65,UGR<12.5,Black · 115 × 46 × 85mm,8.4W,745lm,89lm/W,25°,Installation=images/linibox-c/linibox-c-installation-8.pdf;LDT=images/linibox-c/ldt/LINIBOX_C-08-30C-90-FX-MD.ldt;Brochure=images/linibox-c/linibox-c-brochure.pdf,
Linibox C,,,,,,,,,,,,,,,,,,,Linibox C 8 8.4W 25°,LINIBOX C-08-40C-80-FX-MD-BL-230ND,Black,images/linibox-c/linibox-c-8-black.jpg,4000K,CRI>80,On/Off,IP65,UGR<12.5,Black · 115 × 46 × 85mm,8.4W,897lm,107lm/W,25°,Installation=images/linibox-c/linibox-c-installation-8.pdf;LDT=images/linibox-c/ldt/LINIBOX_C-08-40C-80-FX-MD.ldt;Brochure=images/linibox-c/linibox-c-brochure.pdf,
Linibox C,,,,,,,,,,,,,,,,,,,Linibox C 8 8.4W 25°,LINIBOX C-08-40C-80-FX-MD-BL-230D,Black,images/linibox-c/linibox-c-8-black.jpg,4000K,CRI>80,Phase Dim,IP65,UGR<12.5,Black · 115 × 46 × 85mm,8.4W,897lm,107lm/W,25°,Installation=images/linibox-c/linibox-c-installation-8.pdf;LDT=images/linibox-c/ldt/LINIBOX_C-08-40C-80-FX-MD.ldt;Brochure=images/linibox-c/linibox-c-brochure.pdf,
Linibox C,,,,,,,,,,,,,,,,,,,Linibox C 8 8.4W 25°,LINIBOX C-08-40C-90-FX-MD-BL-230ND,Black,images/linibox-c/linibox-c-8-black.jpg,4000K,CRI>90,On/Off,IP65,UGR<12.5,Black · 115 × 46 × 85mm,8.4W,806lm,96lm/W,25°,Installation=images/linibox-c/linibox-c-installation-8.pdf;LDT=images/linibox-c/ldt/LINIBOX_C-08-40C-90-FX-MD.ldt;Brochure=images/linibox-c/linibox-c-brochure.pdf,
Linibox C,,,,,,,,,,,,,,,,,,,Linibox C 8 8.4W 25°,LINIBOX C-08-40C-90-FX-MD-BL-230D,Black,images/linibox-c/linibox-c-8-black.jpg,4000K,CRI>90,Phase Dim,IP65,UGR<12.5,Black · 115 × 46 × 85mm,8.4W,806lm,96lm/W,25°,Installation=images/linibox-c/linibox-c-installation-8.pdf;LDT=images/linibox-c/ldt/LINIBOX_C-08-40C-90-FX-MD.ldt;Brochure=images/linibox-c/linibox-c-brochure.pdf,
Linibox C,,,,,,,,,,,,,,,,,,,Linibox C 8 8.4W 25°,LINIBOX C-08-50C-80-FX-MD-BL-230ND,Black,images/linibox-c/linibox-c-8-black.jpg,5000K,CRI>80,On/Off,IP65,UGR<12.5,Black · 115 × 46 × 85mm,8.4W,988lm,118lm/W,25°,Installation=images/linibox-c/linibox-c-installation-8.pdf;LDT=images/linibox-c/ldt/LINIBOX_C-08-50C-80-FX-MD.ldt;Brochure=images/linibox-c/linibox-c-brochure.pdf,
Linibox C,,,,,,,,,,,,,,,,,,,Linibox C 8 8.4W 25°,LINIBOX C-08-50C-80-FX-MD-BL-230D,Black,images/linibox-c/linibox-c-8-black.jpg,5000K,CRI>80,Phase Dim,IP65,UGR<12.5,Black · 115 × 46 × 85mm,8.4W,988lm,118lm/W,25°,Installation=images/linibox-c/linibox-c-installation-8.pdf;LDT=images/linibox-c/ldt/LINIBOX_C-08-50C-80-FX-MD.ldt;Brochure=images/linibox-c/linibox-c-brochure.pdf,
Linibox C,,,,,,,,,,,,,,,,,,,Linibox C 8 8.4W 25°,LINIBOX C-08-50C-90-FX-MD-BL-230ND,Black,images/linibox-c/linibox-c-8-black.jpg,5000K,CRI>90,On/Off,IP65,UGR<12.5,Black · 115 × 46 × 85mm,8.4W,855lm,102lm/W,25°,Installation=images/linibox-c/linibox-c-installation-8.pdf;LDT=images/linibox-c/ldt/LINIBOX_C-08-50C-90-FX-MD.ldt;Brochure=images/linibox-c/linibox-c-brochure.pdf,
Linibox C,,,,,,,,,,,,,,,,,,,Linibox C 8 8.4W 25°,LINIBOX C-08-50C-90-FX-MD-BL-230D,Black,images/linibox-c/linibox-c-8-black.jpg,5000K,CRI>90,Phase Dim,IP65,UGR<12.5,Black · 115 × 46 × 85mm,8.4W,855lm,102lm/W,25°,Installation=images/linibox-c/linibox-c-installation-8.pdf;LDT=images/linibox-c/ldt/LINIBOX_C-08-50C-90-FX-MD.ldt;Brochure=images/linibox-c/linibox-c-brochure.pdf,
Linibox C,,,,,,,,,,,,,,,,,,,Linibox C 8 8.4W 35°,LINIBOX C-08-27C-80-FX-WD-BL-230ND,Black,images/linibox-c/linibox-c-8-black.jpg,2700K,CRI>80,On/Off,IP65,UGR<20.6,Black · 115 × 46 × 85mm,8.4W,816lm,97lm/W,35°,Installation=images/linibox-c/linibox-c-installation-8.pdf;LDT=images/linibox-c/ldt/LINIBOX_C-08-27C-80-FX-WD.ldt;Brochure=images/linibox-c/linibox-c-brochure.pdf,
Linibox C,,,,,,,,,,,,,,,,,,,Linibox C 8 8.4W 35°,LINIBOX C-08-27C-80-FX-WD-BL-230D,Black,images/linibox-c/linibox-c-8-black.jpg,2700K,CRI>80,Phase Dim,IP65,UGR<20.6,Black · 115 × 46 × 85mm,8.4W,816lm,97lm/W,35°,Installation=images/linibox-c/linibox-c-installation-8.pdf;LDT=images/linibox-c/ldt/LINIBOX_C-08-27C-80-FX-WD.ldt;Brochure=images/linibox-c/linibox-c-brochure.pdf,
Linibox C,,,,,,,,,,,,,,,,,,,Linibox C 8 8.4W 35°,LINIBOX C-08-27C-90-FX-WD-BL-230ND,Black,images/linibox-c/linibox-c-8-black.jpg,2700K,CRI>90,On/Off,IP65,UGR<20.6,Black · 115 × 46 × 85mm,8.4W,662lm,79lm/W,35°,Installation=images/linibox-c/linibox-c-installation-8.pdf;LDT=images/linibox-c/ldt/LINIBOX_C-08-27C-90-FX-WD.ldt;Brochure=images/linibox-c/linibox-c-brochure.pdf,
Linibox C,,,,,,,,,,,,,,,,,,,Linibox C 8 8.4W 35°,LINIBOX C-08-27C-90-FX-WD-BL-230D,Black,images/linibox-c/linibox-c-8-black.jpg,2700K,CRI>90,Phase Dim,IP65,UGR<20.6,Black · 115 × 46 × 85mm,8.4W,662lm,79lm/W,35°,Installation=images/linibox-c/linibox-c-installation-8.pdf;LDT=images/linibox-c/ldt/LINIBOX_C-08-27C-90-FX-WD.ldt;Brochure=images/linibox-c/linibox-c-brochure.pdf,
Linibox C,,,,,,,,,,,,,,,,,,,Linibox C 8 8.4W 35°,LINIBOX C-08-30C-80-FX-WD-BL-230ND,Black,images/linibox-c/linibox-c-8-black.jpg,3000K,CRI>80,On/Off,IP65,UGR<20.6,Black · 115 × 46 × 85mm,8.4W,862lm,103lm/W,35°,Installation=images/linibox-c/linibox-c-installation-8.pdf;LDT=images/linibox-c/ldt/LINIBOX_C-08-30C-80-FX-WD.ldt;Brochure=images/linibox-c/linibox-c-brochure.pdf,
Linibox C,,,,,,,,,,,,,,,,,,,Linibox C 8 8.4W 35°,LINIBOX C-08-30C-80-FX-WD-BL-230D,Black,images/linibox-c/linibox-c-8-black.jpg,3000K,CRI>80,Phase Dim,IP65,UGR<20.6,Black · 115 × 46 × 85mm,8.4W,862lm,103lm/W,35°,Installation=images/linibox-c/linibox-c-installation-8.pdf;LDT=images/linibox-c/ldt/LINIBOX_C-08-30C-80-FX-WD.ldt;Brochure=images/linibox-c/linibox-c-brochure.pdf,
Linibox C,,,,,,,,,,,,,,,,,,,Linibox C 8 8.4W 35°,LINIBOX C-08-30C-90-FX-WD-BL-230ND,Black,images/linibox-c/linibox-c-8-black.jpg,3000K,CRI>90,On/Off,IP65,UGR<20.6,Black · 115 × 46 × 85mm,8.4W,755lm,90lm/W,35°,Installation=images/linibox-c/linibox-c-installation-8.pdf;LDT=images/linibox-c/ldt/LINIBOX_C-08-30C-90-FX-WD.ldt;Brochure=images/linibox-c/linibox-c-brochure.pdf,
Linibox C,,,,,,,,,,,,,,,,,,,Linibox C 8 8.4W 35°,LINIBOX C-08-30C-90-FX-WD-BL-230D,Black,images/linibox-c/linibox-c-8-black.jpg,3000K,CRI>90,Phase Dim,IP65,UGR<20.6,Black · 115 × 46 × 85mm,8.4W,755lm,90lm/W,35°,Installation=images/linibox-c/linibox-c-installation-8.pdf;LDT=images/linibox-c/ldt/LINIBOX_C-08-30C-90-FX-WD.ldt;Brochure=images/linibox-c/linibox-c-brochure.pdf,
Linibox C,,,,,,,,,,,,,,,,,,,Linibox C 8 8.4W 35°,LINIBOX C-08-40C-80-FX-WD-BL-230ND,Black,images/linibox-c/linibox-c-8-black.jpg,4000K,CRI>80,On/Off,IP65,UGR<20.6,Black · 115 × 46 × 85mm,8.4W,909lm,108lm/W,35°,Installation=images/linibox-c/linibox-c-installation-8.pdf;LDT=images/linibox-c/ldt/LINIBOX_C-08-40C-80-FX-WD.ldt;Brochure=images/linibox-c/linibox-c-brochure.pdf,
Linibox C,,,,,,,,,,,,,,,,,,,Linibox C 8 8.4W 35°,LINIBOX C-08-40C-80-FX-WD-BL-230D,Black,images/linibox-c/linibox-c-8-black.jpg,4000K,CRI>80,Phase Dim,IP65,UGR<20.6,Black · 115 × 46 × 85mm,8.4W,909lm,108lm/W,35°,Installation=images/linibox-c/linibox-c-installation-8.pdf;LDT=images/linibox-c/ldt/LINIBOX_C-08-40C-80-FX-WD.ldt;Brochure=images/linibox-c/linibox-c-brochure.pdf,
Linibox C,,,,,,,,,,,,,,,,,,,Linibox C 8 8.4W 35°,LINIBOX C-08-40C-90-FX-WD-BL-230ND,Black,images/linibox-c/linibox-c-8-black.jpg,4000K,CRI>90,On/Off,IP65,UGR<20.6,Black · 115 × 46 × 85mm,8.4W,816lm,97lm/W,35°,Installation=images/linibox-c/linibox-c-installation-8.pdf;LDT=images/linibox-c/ldt/LINIBOX_C-08-40C-90-FX-WD.ldt;Brochure=images/linibox-c/linibox-c-brochure.pdf,
Linibox C,,,,,,,,,,,,,,,,,,,Linibox C 8 8.4W 35°,LINIBOX C-08-40C-90-FX-WD-BL-230D,Black,images/linibox-c/linibox-c-8-black.jpg,4000K,CRI>90,Phase Dim,IP65,UGR<20.6,Black · 115 × 46 × 85mm,8.4W,816lm,97lm/W,35°,Installation=images/linibox-c/linibox-c-installation-8.pdf;LDT=images/linibox-c/ldt/LINIBOX_C-08-40C-90-FX-WD.ldt;Brochure=images/linibox-c/linibox-c-brochure.pdf,
Linibox C,,,,,,,,,,,,,,,,,,,Linibox C 8 8.4W 35°,LINIBOX C-08-50C-80-FX-WD-BL-230ND,Black,images/linibox-c/linibox-c-8-black.jpg,5000K,CRI>80,On/Off,IP65,UGR<20.6,Black · 115 × 46 × 85mm,8.4W,1001lm,119lm/W,35°,Installation=images/linibox-c/linibox-c-installation-8.pdf;LDT=images/linibox-c/ldt/LINIBOX_C-08-50C-80-FX-WD.ldt;Brochure=images/linibox-c/linibox-c-brochure.pdf,
Linibox C,,,,,,,,,,,,,,,,,,,Linibox C 8 8.4W 35°,LINIBOX C-08-50C-80-FX-WD-BL-230D,Black,images/linibox-c/linibox-c-8-black.jpg,5000K,CRI>80,Phase Dim,IP65,UGR<20.6,Black · 115 × 46 × 85mm,8.4W,1001lm,119lm/W,35°,Installation=images/linibox-c/linibox-c-installation-8.pdf;LDT=images/linibox-c/ldt/LINIBOX_C-08-50C-80-FX-WD.ldt;Brochure=images/linibox-c/linibox-c-brochure.pdf,
Linibox C,,,,,,,,,,,,,,,,,,,Linibox C 8 8.4W 35°,LINIBOX C-08-50C-90-FX-WD-BL-230ND,Black,images/linibox-c/linibox-c-8-black.jpg,5000K,CRI>90,On/Off,IP65,UGR<20.6,Black · 115 × 46 × 85mm,8.4W,866lm,103lm/W,35°,Installation=images/linibox-c/linibox-c-installation-8.pdf;LDT=images/linibox-c/ldt/LINIBOX_C-08-50C-90-FX-WD.ldt;Brochure=images/linibox-c/linibox-c-brochure.pdf,
Linibox C,,,,,,,,,,,,,,,,,,,Linibox C 8 8.4W 35°,LINIBOX C-08-50C-90-FX-WD-BL-230D,Black,images/linibox-c/linibox-c-8-black.jpg,5000K,CRI>90,Phase Dim,IP65,UGR<20.6,Black · 115 × 46 × 85mm,8.4W,866lm,103lm/W,35°,Installation=images/linibox-c/linibox-c-installation-8.pdf;LDT=images/linibox-c/ldt/LINIBOX_C-08-50C-90-FX-WD.ldt;Brochure=images/linibox-c/linibox-c-brochure.pdf,
Linibox C,,,,,,,,,,,,,,,,,,,Linibox C 8 8.4W 62°,LINIBOX C-08-27C-80-FX-VW-BL-230ND,Black,images/linibox-c/linibox-c-8-black.jpg,2700K,CRI>80,On/Off,IP65,UGR<23.6,Black · 115 × 46 × 85mm,8.4W,678lm,81lm/W,62°,Installation=images/linibox-c/linibox-c-installation-8.pdf;LDT=images/linibox-c/ldt/LINIBOX_C-08-27C-80-FX-VW.ldt;Brochure=images/linibox-c/linibox-c-brochure.pdf,
Linibox C,,,,,,,,,,,,,,,,,,,Linibox C 8 8.4W 62°,LINIBOX C-08-27C-80-FX-VW-BL-230D,Black,images/linibox-c/linibox-c-8-black.jpg,2700K,CRI>80,Phase Dim,IP65,UGR<23.6,Black · 115 × 46 × 85mm,8.4W,678lm,81lm/W,62°,Installation=images/linibox-c/linibox-c-installation-8.pdf;LDT=images/linibox-c/ldt/LINIBOX_C-08-27C-80-FX-VW.ldt;Brochure=images/linibox-c/linibox-c-brochure.pdf,
Linibox C,,,,,,,,,,,,,,,,,,,Linibox C 8 8.4W 62°,LINIBOX C-08-27C-90-FX-VW-BL-230ND,Black,images/linibox-c/linibox-c-8-black.jpg,2700K,CRI>90,On/Off,IP65,UGR<23.6,Black · 115 × 46 × 85mm,8.4W,550lm,65lm/W,62°,Installation=images/linibox-c/linibox-c-installation-8.pdf;LDT=images/linibox-c/ldt/LINIBOX_C-08-27C-90-FX-VW.ldt;Brochure=images/linibox-c/linibox-c-brochure.pdf,
Linibox C,,,,,,,,,,,,,,,,,,,Linibox C 8 8.4W 62°,LINIBOX C-08-27C-90-FX-VW-BL-230D,Black,images/linibox-c/linibox-c-8-black.jpg,2700K,CRI>90,Phase Dim,IP65,UGR<23.6,Black · 115 × 46 × 85mm,8.4W,550lm,65lm/W,62°,Installation=images/linibox-c/linibox-c-installation-8.pdf;LDT=images/linibox-c/ldt/LINIBOX_C-08-27C-90-FX-VW.ldt;Brochure=images/linibox-c/linibox-c-brochure.pdf,
Linibox C,,,,,,,,,,,,,,,,,,,Linibox C 8 8.4W 62°,LINIBOX C-08-30C-80-FX-VW-BL-230ND,Black,images/linibox-c/linibox-c-8-black.jpg,3000K,CRI>80,On/Off,IP65,UGR<23.6,Black · 115 × 46 × 85mm,8.4W,717lm,85lm/W,62°,Installation=images/linibox-c/linibox-c-installation-8.pdf;LDT=images/linibox-c/ldt/LINIBOX_C-08-30C-80-FX-VW.ldt;Brochure=images/linibox-c/linibox-c-brochure.pdf,
Linibox C,,,,,,,,,,,,,,,,,,,Linibox C 8 8.4W 62°,LINIBOX C-08-30C-80-FX-VW-BL-230D,Black,images/linibox-c/linibox-c-8-black.jpg,3000K,CRI>80,Phase Dim,IP65,UGR<23.6,Black · 115 × 46 × 85mm,8.4W,717lm,85lm/W,62°,Installation=images/linibox-c/linibox-c-installation-8.pdf;LDT=images/linibox-c/ldt/LINIBOX_C-08-30C-80-FX-VW.ldt;Brochure=images/linibox-c/linibox-c-brochure.pdf,
Linibox C,,,,,,,,,,,,,,,,,,,Linibox C 8 8.4W 62°,LINIBOX C-08-30C-90-FX-VW-BL-230ND,Black,images/linibox-c/linibox-c-8-black.jpg,3000K,CRI>90,On/Off,IP65,UGR<23.6,Black · 115 × 46 × 85mm,8.4W,627lm,75lm/W,62°,Installation=images/linibox-c/linibox-c-installation-8.pdf;LDT=images/linibox-c/ldt/LINIBOX_C-08-30C-90-FX-VW.ldt;Brochure=images/linibox-c/linibox-c-brochure.pdf,
Linibox C,,,,,,,,,,,,,,,,,,,Linibox C 8 8.4W 62°,LINIBOX C-08-30C-90-FX-VW-BL-230D,Black,images/linibox-c/linibox-c-8-black.jpg,3000K,CRI>90,Phase Dim,IP65,UGR<23.6,Black · 115 × 46 × 85mm,8.4W,627lm,75lm/W,62°,Installation=images/linibox-c/linibox-c-installation-8.pdf;LDT=images/linibox-c/ldt/LINIBOX_C-08-30C-90-FX-VW.ldt;Brochure=images/linibox-c/linibox-c-brochure.pdf,
Linibox C,,,,,,,,,,,,,,,,,,,Linibox C 8 8.4W 62°,LINIBOX C-08-40C-80-FX-VW-BL-230ND,Black,images/linibox-c/linibox-c-8-black.jpg,4000K,CRI>80,On/Off,IP65,UGR<23.6,Black · 115 × 46 × 85mm,8.4W,755lm,90lm/W,62°,Installation=images/linibox-c/linibox-c-installation-8.pdf;LDT=images/linibox-c/ldt/LINIBOX_C-08-40C-80-FX-VW.ldt;Brochure=images/linibox-c/linibox-c-brochure.pdf,
Linibox C,,,,,,,,,,,,,,,,,,,Linibox C 8 8.4W 62°,LINIBOX C-08-40C-80-FX-VW-BL-230D,Black,images/linibox-c/linibox-c-8-black.jpg,4000K,CRI>80,Phase Dim,IP65,UGR<23.6,Black · 115 × 46 × 85mm,8.4W,755lm,90lm/W,62°,Installation=images/linibox-c/linibox-c-installation-8.pdf;LDT=images/linibox-c/ldt/LINIBOX_C-08-40C-80-FX-VW.ldt;Brochure=images/linibox-c/linibox-c-brochure.pdf,
Linibox C,,,,,,,,,,,,,,,,,,,Linibox C 8 8.4W 62°,LINIBOX C-08-40C-90-FX-VW-BL-230ND,Black,images/linibox-c/linibox-c-8-black.jpg,4000K,CRI>90,On/Off,IP65,UGR<23.6,Black · 115 × 46 × 85mm,8.4W,678lm,81lm/W,62°,Installation=images/linibox-c/linibox-c-installation-8.pdf;LDT=images/linibox-c/ldt/LINIBOX_C-08-40C-90-FX-VW.ldt;Brochure=images/linibox-c/linibox-c-brochure.pdf,
Linibox C,,,,,,,,,,,,,,,,,,,Linibox C 8 8.4W 62°,LINIBOX C-08-40C-90-FX-VW-BL-230D,Black,images/linibox-c/linibox-c-8-black.jpg,4000K,CRI>90,Phase Dim,IP65,UGR<23.6,Black · 115 × 46 × 85mm,8.4W,678lm,81lm/W,62°,Installation=images/linibox-c/linibox-c-installation-8.pdf;LDT=images/linibox-c/ldt/LINIBOX_C-08-40C-90-FX-VW.ldt;Brochure=images/linibox-c/linibox-c-brochure.pdf,
Linibox C,,,,,,,,,,,,,,,,,,,Linibox C 8 8.4W 62°,LINIBOX C-08-50C-80-FX-VW-BL-230ND,Black,images/linibox-c/linibox-c-8-black.jpg,5000K,CRI>80,On/Off,IP65,UGR<23.6,Black · 115 × 46 × 85mm,8.4W,832lm,99lm/W,62°,Installation=images/linibox-c/linibox-c-installation-8.pdf;LDT=images/linibox-c/ldt/LINIBOX_C-08-50C-80-FX-VW.ldt;Brochure=images/linibox-c/linibox-c-brochure.pdf,
Linibox C,,,,,,,,,,,,,,,,,,,Linibox C 8 8.4W 62°,LINIBOX C-08-50C-80-FX-VW-BL-230D,Black,images/linibox-c/linibox-c-8-black.jpg,5000K,CRI>80,Phase Dim,IP65,UGR<23.6,Black · 115 × 46 × 85mm,8.4W,832lm,99lm/W,62°,Installation=images/linibox-c/linibox-c-installation-8.pdf;LDT=images/linibox-c/ldt/LINIBOX_C-08-50C-80-FX-VW.ldt;Brochure=images/linibox-c/linibox-c-brochure.pdf,
Linibox C,,,,,,,,,,,,,,,,,,,Linibox C 8 8.4W 62°,LINIBOX C-08-50C-90-FX-VW-BL-230ND,Black,images/linibox-c/linibox-c-8-black.jpg,5000K,CRI>90,On/Off,IP65,UGR<23.6,Black · 115 × 46 × 85mm,8.4W,720lm,86lm/W,62°,Installation=images/linibox-c/linibox-c-installation-8.pdf;LDT=images/linibox-c/ldt/LINIBOX_C-08-50C-90-FX-VW.ldt;Brochure=images/linibox-c/linibox-c-brochure.pdf,
Linibox C,,,,,,,,,,,,,,,,,,,Linibox C 8 8.4W 62°,LINIBOX C-08-50C-90-FX-VW-BL-230D,Black,images/linibox-c/linibox-c-8-black.jpg,5000K,CRI>90,Phase Dim,IP65,UGR<23.6,Black · 115 × 46 × 85mm,8.4W,720lm,86lm/W,62°,Installation=images/linibox-c/linibox-c-installation-8.pdf;LDT=images/linibox-c/ldt/LINIBOX_C-08-50C-90-FX-VW.ldt;Brochure=images/linibox-c/linibox-c-brochure.pdf,
Linibox C,,,,,,,,,,,,,,,,,,,Linibox C 8 8.4W 16°x30°,LINIBOX C-08-27C-80-FX-AS-BL-230ND,Black,images/linibox-c/linibox-c-8-black.jpg,2700K,CRI>80,On/Off,IP65,UGR<15.7,Black · 115 × 46 × 85mm,8.4W,753lm,90lm/W,16°x30°,Installation=images/linibox-c/linibox-c-installation-8.pdf;LDT=images/linibox-c/ldt/LINIBOX_C-08-27C-80-FX-AS.ldt;Brochure=images/linibox-c/linibox-c-brochure.pdf,
Linibox C,,,,,,,,,,,,,,,,,,,Linibox C 8 8.4W 16°x30°,LINIBOX C-08-27C-80-FX-AS-BL-230D,Black,images/linibox-c/linibox-c-8-black.jpg,2700K,CRI>80,Phase Dim,IP65,UGR<15.7,Black · 115 × 46 × 85mm,8.4W,753lm,90lm/W,16°x30°,Installation=images/linibox-c/linibox-c-installation-8.pdf;LDT=images/linibox-c/ldt/LINIBOX_C-08-27C-80-FX-AS.ldt;Brochure=images/linibox-c/linibox-c-brochure.pdf,
Linibox C,,,,,,,,,,,,,,,,,,,Linibox C 8 8.4W 16°x30°,LINIBOX C-08-27C-90-FX-AS-BL-230ND,Black,images/linibox-c/linibox-c-8-black.jpg,2700K,CRI>90,On/Off,IP65,UGR<15.7,Black · 115 × 46 × 85mm,8.4W,611lm,73lm/W,16°x30°,Installation=images/linibox-c/linibox-c-installation-8.pdf;LDT=images/linibox-c/ldt/LINIBOX_C-08-27C-90-FX-AS.ldt;Brochure=images/linibox-c/linibox-c-brochure.pdf,
Linibox C,,,,,,,,,,,,,,,,,,,Linibox C 8 8.4W 16°x30°,LINIBOX C-08-27C-90-FX-AS-BL-230D,Black,images/linibox-c/linibox-c-8-black.jpg,2700K,CRI>90,Phase Dim,IP65,UGR<15.7,Black · 115 × 46 × 85mm,8.4W,611lm,73lm/W,16°x30°,Installation=images/linibox-c/linibox-c-installation-8.pdf;LDT=images/linibox-c/ldt/LINIBOX_C-08-27C-90-FX-AS.ldt;Brochure=images/linibox-c/linibox-c-brochure.pdf,
Linibox C,,,,,,,,,,,,,,,,,,,Linibox C 8 8.4W 16°x30°,LINIBOX C-08-30C-80-FX-AS-BL-230ND,Black,images/linibox-c/linibox-c-8-black.jpg,3000K,CRI>80,On/Off,IP65,UGR<15.7,Black · 115 × 46 × 85mm,8.4W,795lm,95lm/W,16°x30°,Installation=images/linibox-c/linibox-c-installation-8.pdf;LDT=images/linibox-c/ldt/LINIBOX_C-08-30C-80-FX-AS.ldt;Brochure=images/linibox-c/linibox-c-brochure.pdf,
Linibox C,,,,,,,,,,,,,,,,,,,Linibox C 8 8.4W 16°x30°,LINIBOX C-08-30C-80-FX-AS-BL-230D,Black,images/linibox-c/linibox-c-8-black.jpg,3000K,CRI>80,Phase Dim,IP65,UGR<15.7,Black · 115 × 46 × 85mm,8.4W,795lm,95lm/W,16°x30°,Installation=images/linibox-c/linibox-c-installation-8.pdf;LDT=images/linibox-c/ldt/LINIBOX_C-08-30C-80-FX-AS.ldt;Brochure=images/linibox-c/linibox-c-brochure.pdf,
Linibox C,,,,,,,,,,,,,,,,,,,Linibox C 8 8.4W 16°x30°,LINIBOX C-08-30C-90-FX-AS-BL-230ND,Black,images/linibox-c/linibox-c-8-black.jpg,3000K,CRI>90,On/Off,IP65,UGR<15.7,Black · 115 × 46 × 85mm,8.4W,696lm,83lm/W,16°x30°,Installation=images/linibox-c/linibox-c-installation-8.pdf;LDT=images/linibox-c/ldt/LINIBOX_C-08-30C-90-FX-AS.ldt;Brochure=images/linibox-c/linibox-c-brochure.pdf,
Linibox C,,,,,,,,,,,,,,,,,,,Linibox C 8 8.4W 16°x30°,LINIBOX C-08-30C-90-FX-AS-BL-230D,Black,images/linibox-c/linibox-c-8-black.jpg,3000K,CRI>90,Phase Dim,IP65,UGR<15.7,Black · 115 × 46 × 85mm,8.4W,696lm,83lm/W,16°x30°,Installation=images/linibox-c/linibox-c-installation-8.pdf;LDT=images/linibox-c/ldt/LINIBOX_C-08-30C-90-FX-AS.ldt;Brochure=images/linibox-c/linibox-c-brochure.pdf,
Linibox C,,,,,,,,,,,,,,,,,,,Linibox C 8 8.4W 16°x30°,LINIBOX C-08-40C-80-FX-AS-BL-230ND,Black,images/linibox-c/linibox-c-8-black.jpg,4000K,CRI>80,On/Off,IP65,UGR<15.7,Black · 115 × 46 × 85mm,8.4W,838lm,100lm/W,16°x30°,Installation=images/linibox-c/linibox-c-installation-8.pdf;LDT=images/linibox-c/ldt/LINIBOX_C-08-40C-80-FX-AS.ldt;Brochure=images/linibox-c/linibox-c-brochure.pdf,
Linibox C,,,,,,,,,,,,,,,,,,,Linibox C 8 8.4W 16°x30°,LINIBOX C-08-40C-80-FX-AS-BL-230D,Black,images/linibox-c/linibox-c-8-black.jpg,4000K,CRI>80,Phase Dim,IP65,UGR<15.7,Black · 115 × 46 × 85mm,8.4W,838lm,100lm/W,16°x30°,Installation=images/linibox-c/linibox-c-installation-8.pdf;LDT=images/linibox-c/ldt/LINIBOX_C-08-40C-80-FX-AS.ldt;Brochure=images/linibox-c/linibox-c-brochure.pdf,
Linibox C,,,,,,,,,,,,,,,,,,,Linibox C 8 8.4W 16°x30°,LINIBOX C-08-40C-90-FX-AS-BL-230ND,Black,images/linibox-c/linibox-c-8-black.jpg,4000K,CRI>90,On/Off,IP65,UGR<15.7,Black · 115 × 46 × 85mm,8.4W,753lm,90lm/W,16°x30°,Installation=images/linibox-c/linibox-c-installation-8.pdf;LDT=images/linibox-c/ldt/LINIBOX_C-08-40C-90-FX-AS.ldt;Brochure=images/linibox-c/linibox-c-brochure.pdf,
Linibox C,,,,,,,,,,,,,,,,,,,Linibox C 8 8.4W 16°x30°,LINIBOX C-08-40C-90-FX-AS-BL-230D,Black,images/linibox-c/linibox-c-8-black.jpg,4000K,CRI>90,Phase Dim,IP65,UGR<15.7,Black · 115 × 46 × 85mm,8.4W,753lm,90lm/W,16°x30°,Installation=images/linibox-c/linibox-c-installation-8.pdf;LDT=images/linibox-c/ldt/LINIBOX_C-08-40C-90-FX-AS.ldt;Brochure=images/linibox-c/linibox-c-brochure.pdf,
Linibox C,,,,,,,,,,,,,,,,,,,Linibox C 8 8.4W 16°x30°,LINIBOX C-08-50C-80-FX-AS-BL-230ND,Black,images/linibox-c/linibox-c-8-black.jpg,5000K,CRI>80,On/Off,IP65,UGR<15.7,Black · 115 × 46 × 85mm,8.4W,923lm,110lm/W,16°x30°,Installation=images/linibox-c/linibox-c-installation-8.pdf;LDT=images/linibox-c/ldt/LINIBOX_C-08-50C-80-FX-AS.ldt;Brochure=images/linibox-c/linibox-c-brochure.pdf,
Linibox C,,,,,,,,,,,,,,,,,,,Linibox C 8 8.4W 16°x30°,LINIBOX C-08-50C-80-FX-AS-BL-230D,Black,images/linibox-c/linibox-c-8-black.jpg,5000K,CRI>80,Phase Dim,IP65,UGR<15.7,Black · 115 × 46 × 85mm,8.4W,923lm,110lm/W,16°x30°,Installation=images/linibox-c/linibox-c-installation-8.pdf;LDT=images/linibox-c/ldt/LINIBOX_C-08-50C-80-FX-AS.ldt;Brochure=images/linibox-c/linibox-c-brochure.pdf,
Linibox C,,,,,,,,,,,,,,,,,,,Linibox C 8 8.4W 16°x30°,LINIBOX C-08-50C-90-FX-AS-BL-230ND,Black,images/linibox-c/linibox-c-8-black.jpg,5000K,CRI>90,On/Off,IP65,UGR<15.7,Black · 115 × 46 × 85mm,8.4W,799lm,95lm/W,16°x30°,Installation=images/linibox-c/linibox-c-installation-8.pdf;LDT=images/linibox-c/ldt/LINIBOX_C-08-50C-90-FX-AS.ldt;Brochure=images/linibox-c/linibox-c-brochure.pdf,
Linibox C,,,,,,,,,,,,,,,,,,,Linibox C 8 8.4W 16°x30°,LINIBOX C-08-50C-90-FX-AS-BL-230D,Black,images/linibox-c/linibox-c-8-black.jpg,5000K,CRI>90,Phase Dim,IP65,UGR<15.7,Black · 115 × 46 × 85mm,8.4W,799lm,95lm/W,16°x30°,Installation=images/linibox-c/linibox-c-installation-8.pdf;LDT=images/linibox-c/ldt/LINIBOX_C-08-50C-90-FX-AS.ldt;Brochure=images/linibox-c/linibox-c-brochure.pdf,
Linibox C,,,,,,,,,,,,,,,,,,,Linibox C 13 12.7W 17°,LINIBOX C-13-27C-80-FX-VN-BL-230ND,Black,images/linibox-c/linibox-c-13-black.jpg,2700K,CRI>80,On/Off,IP65,UGR<13.7,Black · 160 × 46 × 85mm,12.7W,1129lm,89lm/W,17°,Installation=images/linibox-c/linibox-c-installation-13.pdf;LDT=images/linibox-c/ldt/LINIBOX_C-13-27C-80-FX-VN.ldt;Brochure=images/linibox-c/linibox-c-brochure.pdf,
Linibox C,,,,,,,,,,,,,,,,,,,Linibox C 13 12.7W 17°,LINIBOX C-13-27C-80-FX-VN-BL-230D,Black,images/linibox-c/linibox-c-13-black.jpg,2700K,CRI>80,Phase Dim,IP65,UGR<13.7,Black · 160 × 46 × 85mm,12.7W,1129lm,89lm/W,17°,Installation=images/linibox-c/linibox-c-installation-13.pdf;LDT=images/linibox-c/ldt/LINIBOX_C-13-27C-80-FX-VN.ldt;Brochure=images/linibox-c/linibox-c-brochure.pdf,
Linibox C,,,,,,,,,,,,,,,,,,,Linibox C 13 12.7W 17°,LINIBOX C-13-27C-90-FX-VN-BL-230ND,Black,images/linibox-c/linibox-c-13-black.jpg,2700K,CRI>90,On/Off,IP65,UGR<13.7,Black · 160 × 46 × 85mm,12.7W,916lm,72lm/W,17°,Installation=images/linibox-c/linibox-c-installation-13.pdf;LDT=images/linibox-c/ldt/LINIBOX_C-13-27C-90-FX-VN.ldt;Brochure=images/linibox-c/linibox-c-brochure.pdf,
Linibox C,,,,,,,,,,,,,,,,,,,Linibox C 13 12.7W 17°,LINIBOX C-13-27C-90-FX-VN-BL-230D,Black,images/linibox-c/linibox-c-13-black.jpg,2700K,CRI>90,Phase Dim,IP65,UGR<13.7,Black · 160 × 46 × 85mm,12.7W,916lm,72lm/W,17°,Installation=images/linibox-c/linibox-c-installation-13.pdf;LDT=images/linibox-c/ldt/LINIBOX_C-13-27C-90-FX-VN.ldt;Brochure=images/linibox-c/linibox-c-brochure.pdf,
Linibox C,,,,,,,,,,,,,,,,,,,Linibox C 13 12.7W 17°,LINIBOX C-13-30C-80-FX-VN-BL-230ND,Black,images/linibox-c/linibox-c-13-black.jpg,3000K,CRI>80,On/Off,IP65,UGR<13.7,Black · 160 × 46 × 85mm,12.7W,1193lm,94lm/W,17°,Installation=images/linibox-c/linibox-c-installation-13.pdf;LDT=images/linibox-c/ldt/LINIBOX_C-13-30C-80-FX-VN.ldt;Brochure=images/linibox-c/linibox-c-brochure.pdf,
Linibox C,,,,,,,,,,,,,,,,,,,Linibox C 13 12.7W 17°,LINIBOX C-13-30C-80-FX-VN-BL-230D,Black,images/linibox-c/linibox-c-13-black.jpg,3000K,CRI>80,Phase Dim,IP65,UGR<13.7,Black · 160 × 46 × 85mm,12.7W,1193lm,94lm/W,17°,Installation=images/linibox-c/linibox-c-installation-13.pdf;LDT=images/linibox-c/ldt/LINIBOX_C-13-30C-80-FX-VN.ldt;Brochure=images/linibox-c/linibox-c-brochure.pdf,
Linibox C,,,,,,,,,,,,,,,,,,,Linibox C 13 12.7W 17°,LINIBOX C-13-30C-90-FX-VN-BL-230ND,Black,images/linibox-c/linibox-c-13-black.jpg,3000K,CRI>90,On/Off,IP65,UGR<13.7,Black · 160 × 46 × 85mm,12.7W,1044lm,82lm/W,17°,Installation=images/linibox-c/linibox-c-installation-13.pdf;LDT=images/linibox-c/ldt/LINIBOX_C-13-30C-90-FX-VN.ldt;Brochure=images/linibox-c/linibox-c-brochure.pdf,
Linibox C,,,,,,,,,,,,,,,,,,,Linibox C 13 12.7W 17°,LINIBOX C-13-30C-90-FX-VN-BL-230D,Black,images/linibox-c/linibox-c-13-black.jpg,3000K,CRI>90,Phase Dim,IP65,UGR<13.7,Black · 160 × 46 × 85mm,12.7W,1044lm,82lm/W,17°,Installation=images/linibox-c/linibox-c-installation-13.pdf;LDT=images/linibox-c/ldt/LINIBOX_C-13-30C-90-FX-VN.ldt;Brochure=images/linibox-c/linibox-c-brochure.pdf,
Linibox C,,,,,,,,,,,,,,,,,,,Linibox C 13 12.7W 17°,LINIBOX C-13-40C-80-FX-VN-BL-230ND,Black,images/linibox-c/linibox-c-13-black.jpg,4000K,CRI>80,On/Off,IP65,UGR<13.7,Black · 160 × 46 × 85mm,12.7W,1257lm,99lm/W,17°,Installation=images/linibox-c/linibox-c-installation-13.pdf;LDT=images/linibox-c/ldt/LINIBOX_C-13-40C-80-FX-VN.ldt;Brochure=images/linibox-c/linibox-c-brochure.pdf,
Linibox C,,,,,,,,,,,,,,,,,,,Linibox C 13 12.7W 17°,LINIBOX C-13-40C-80-FX-VN-BL-230D,Black,images/linibox-c/linibox-c-13-black.jpg,4000K,CRI>80,Phase Dim,IP65,UGR<13.7,Black · 160 × 46 × 85mm,12.7W,1257lm,99lm/W,17°,Installation=images/linibox-c/linibox-c-installation-13.pdf;LDT=images/linibox-c/ldt/LINIBOX_C-13-40C-80-FX-VN.ldt;Brochure=images/linibox-c/linibox-c-brochure.pdf,
Linibox C,,,,,,,,,,,,,,,,,,,Linibox C 13 12.7W 17°,LINIBOX C-13-40C-90-FX-VN-BL-230ND,Black,images/linibox-c/linibox-c-13-black.jpg,4000K,CRI>90,On/Off,IP65,UGR<13.7,Black · 160 × 46 × 85mm,12.7W,1129lm,89lm/W,17°,Installation=images/linibox-c/linibox-c-installation-13.pdf;LDT=images/linibox-c/ldt/LINIBOX_C-13-40C-90-FX-VN.ldt;Brochure=images/linibox-c/linibox-c-brochure.pdf,
Linibox C,,,,,,,,,,,,,,,,,,,Linibox C 13 12.7W 17°,LINIBOX C-13-40C-90-FX-VN-BL-230D,Black,images/linibox-c/linibox-c-13-black.jpg,4000K,CRI>90,Phase Dim,IP65,UGR<13.7,Black · 160 × 46 × 85mm,12.7W,1129lm,89lm/W,17°,Installation=images/linibox-c/linibox-c-installation-13.pdf;LDT=images/linibox-c/ldt/LINIBOX_C-13-40C-90-FX-VN.ldt;Brochure=images/linibox-c/linibox-c-brochure.pdf,
Linibox C,,,,,,,,,,,,,,,,,,,Linibox C 13 12.7W 17°,LINIBOX C-13-50C-80-FX-VN-BL-230ND,Black,images/linibox-c/linibox-c-13-black.jpg,5000K,CRI>80,On/Off,IP65,UGR<13.7,Black · 160 × 46 × 85mm,12.7W,1385lm,109lm/W,17°,Installation=images/linibox-c/linibox-c-installation-13.pdf;LDT=images/linibox-c/ldt/LINIBOX_C-13-50C-80-FX-VN.ldt;Brochure=images/linibox-c/linibox-c-brochure.pdf,
Linibox C,,,,,,,,,,,,,,,,,,,Linibox C 13 12.7W 17°,LINIBOX C-13-50C-80-FX-VN-BL-230D,Black,images/linibox-c/linibox-c-13-black.jpg,5000K,CRI>80,Phase Dim,IP65,UGR<13.7,Black · 160 × 46 × 85mm,12.7W,1385lm,109lm/W,17°,Installation=images/linibox-c/linibox-c-installation-13.pdf;LDT=images/linibox-c/ldt/LINIBOX_C-13-50C-80-FX-VN.ldt;Brochure=images/linibox-c/linibox-c-brochure.pdf,
Linibox C,,,,,,,,,,,,,,,,,,,Linibox C 13 12.7W 17°,LINIBOX C-13-50C-90-FX-VN-BL-230ND,Black,images/linibox-c/linibox-c-13-black.jpg,5000K,CRI>90,On/Off,IP65,UGR<13.7,Black · 160 × 46 × 85mm,12.7W,1200lm,94lm/W,17°,Installation=images/linibox-c/linibox-c-installation-13.pdf;LDT=images/linibox-c/ldt/LINIBOX_C-13-50C-90-FX-VN.ldt;Brochure=images/linibox-c/linibox-c-brochure.pdf,
Linibox C,,,,,,,,,,,,,,,,,,,Linibox C 13 12.7W 17°,LINIBOX C-13-50C-90-FX-VN-BL-230D,Black,images/linibox-c/linibox-c-13-black.jpg,5000K,CRI>90,Phase Dim,IP65,UGR<13.7,Black · 160 × 46 × 85mm,12.7W,1200lm,94lm/W,17°,Installation=images/linibox-c/linibox-c-installation-13.pdf;LDT=images/linibox-c/ldt/LINIBOX_C-13-50C-90-FX-VN.ldt;Brochure=images/linibox-c/linibox-c-brochure.pdf,
Linibox C,,,,,,,,,,,,,,,,,,,Linibox C 13 12.7W 21°,LINIBOX C-13-27C-80-FX-NR-BL-230ND,Black,images/linibox-c/linibox-c-13-black.jpg,2700K,CRI>80,On/Off,IP65,UGR<13.1,Black · 160 × 46 × 85mm,12.7W,1367lm,108lm/W,21°,Installation=images/linibox-c/linibox-c-installation-13.pdf;LDT=images/linibox-c/ldt/LINIBOX_C-13-27C-80-FX-NR.ldt;Brochure=images/linibox-c/linibox-c-brochure.pdf,
Linibox C,,,,,,,,,,,,,,,,,,,Linibox C 13 12.7W 21°,LINIBOX C-13-27C-80-FX-NR-BL-230D,Black,images/linibox-c/linibox-c-13-black.jpg,2700K,CRI>80,Phase Dim,IP65,UGR<13.1,Black · 160 × 46 × 85mm,12.7W,1367lm,108lm/W,21°,Installation=images/linibox-c/linibox-c-installation-13.pdf;LDT=images/linibox-c/ldt/LINIBOX_C-13-27C-80-FX-NR.ldt;Brochure=images/linibox-c/linibox-c-brochure.pdf,
Linibox C,,,,,,,,,,,,,,,,,,,Linibox C 13 12.7W 21°,LINIBOX C-13-27C-90-FX-NR-BL-230ND,Black,images/linibox-c/linibox-c-13-black.jpg,2700K,CRI>90,On/Off,IP65,UGR<13.1,Black · 160 × 46 × 85mm,12.7W,1109lm,87lm/W,21°,Installation=images/linibox-c/linibox-c-installation-13.pdf;LDT=images/linibox-c/ldt/LINIBOX_C-13-27C-90-FX-NR.ldt;Brochure=images/linibox-c/linibox-c-brochure.pdf,
Linibox C,,,,,,,,,,,,,,,,,,,Linibox C 13 12.7W 21°,LINIBOX C-13-27C-90-FX-NR-BL-230D,Black,images/linibox-c/linibox-c-13-black.jpg,2700K,CRI>90,Phase Dim,IP65,UGR<13.1,Black · 160 × 46 × 85mm,12.7W,1109lm,87lm/W,21°,Installation=images/linibox-c/linibox-c-installation-13.pdf;LDT=images/linibox-c/ldt/LINIBOX_C-13-27C-90-FX-NR.ldt;Brochure=images/linibox-c/linibox-c-brochure.pdf,
Linibox C,,,,,,,,,,,,,,,,,,,Linibox C 13 12.7W 21°,LINIBOX C-13-30C-80-FX-NR-BL-230ND,Black,images/linibox-c/linibox-c-13-black.jpg,3000K,CRI>80,On/Off,IP65,UGR<13.1,Black · 160 × 46 × 85mm,12.7W,1445lm,114lm/W,21°,Installation=images/linibox-c/linibox-c-installation-13.pdf;LDT=images/linibox-c/ldt/LINIBOX_C-13-30C-80-FX-NR.ldt;Brochure=images/linibox-c/linibox-c-brochure.pdf,
Linibox C,,,,,,,,,,,,,,,,,,,Linibox C 13 12.7W 21°,LINIBOX C-13-30C-80-FX-NR-BL-230D,Black,images/linibox-c/linibox-c-13-black.jpg,3000K,CRI>80,Phase Dim,IP65,UGR<13.1,Black · 160 × 46 × 85mm,12.7W,1445lm,114lm/W,21°,Installation=images/linibox-c/linibox-c-installation-13.pdf;LDT=images/linibox-c/ldt/LINIBOX_C-13-30C-80-FX-NR.ldt;Brochure=images/linibox-c/linibox-c-brochure.pdf,
Linibox C,,,,,,,,,,,,,,,,,,,Linibox C 13 12.7W 21°,LINIBOX C-13-30C-90-FX-NR-BL-230ND,Black,images/linibox-c/linibox-c-13-black.jpg,3000K,CRI>90,On/Off,IP65,UGR<13.1,Black · 160 × 46 × 85mm,12.7W,1264lm,100lm/W,21°,Installation=images/linibox-c/linibox-c-installation-13.pdf;LDT=images/linibox-c/ldt/LINIBOX_C-13-30C-90-FX-NR.ldt;Brochure=images/linibox-c/linibox-c-brochure.pdf,
Linibox C,,,,,,,,,,,,,,,,,,,Linibox C 13 12.7W 21°,LINIBOX C-13-30C-90-FX-NR-BL-230D,Black,images/linibox-c/linibox-c-13-black.jpg,3000K,CRI>90,Phase Dim,IP65,UGR<13.1,Black · 160 × 46 × 85mm,12.7W,1264lm,100lm/W,21°,Installation=images/linibox-c/linibox-c-installation-13.pdf;LDT=images/linibox-c/ldt/LINIBOX_C-13-30C-90-FX-NR.ldt;Brochure=images/linibox-c/linibox-c-brochure.pdf,
Linibox C,,,,,,,,,,,,,,,,,,,Linibox C 13 12.7W 21°,LINIBOX C-13-40C-80-FX-NR-BL-230ND,Black,images/linibox-c/linibox-c-13-black.jpg,4000K,CRI>80,On/Off,IP65,UGR<13.1,Black · 160 × 46 × 85mm,12.7W,1522lm,120lm/W,21°,Installation=images/linibox-c/linibox-c-installation-13.pdf;LDT=images/linibox-c/ldt/LINIBOX_C-13-40C-80-FX-NR.ldt;Brochure=images/linibox-c/linibox-c-brochure.pdf,
Linibox C,,,,,,,,,,,,,,,,,,,Linibox C 13 12.7W 21°,LINIBOX C-13-40C-80-FX-NR-BL-230D,Black,images/linibox-c/linibox-c-13-black.jpg,4000K,CRI>80,Phase Dim,IP65,UGR<13.1,Black · 160 × 46 × 85mm,12.7W,1522lm,120lm/W,21°,Installation=images/linibox-c/linibox-c-installation-13.pdf;LDT=images/linibox-c/ldt/LINIBOX_C-13-40C-80-FX-NR.ldt;Brochure=images/linibox-c/linibox-c-brochure.pdf,
Linibox C,,,,,,,,,,,,,,,,,,,Linibox C 13 12.7W 21°,LINIBOX C-13-40C-90-FX-NR-BL-230ND,Black,images/linibox-c/linibox-c-13-black.jpg,4000K,CRI>90,On/Off,IP65,UGR<13.1,Black · 160 × 46 × 85mm,12.7W,1367lm,108lm/W,21°,Installation=images/linibox-c/linibox-c-installation-13.pdf;LDT=images/linibox-c/ldt/LINIBOX_C-13-40C-90-FX-NR.ldt;Brochure=images/linibox-c/linibox-c-brochure.pdf,
Linibox C,,,,,,,,,,,,,,,,,,,Linibox C 13 12.7W 21°,LINIBOX C-13-40C-90-FX-NR-BL-230D,Black,images/linibox-c/linibox-c-13-black.jpg,4000K,CRI>90,Phase Dim,IP65,UGR<13.1,Black · 160 × 46 × 85mm,12.7W,1367lm,108lm/W,21°,Installation=images/linibox-c/linibox-c-installation-13.pdf;LDT=images/linibox-c/ldt/LINIBOX_C-13-40C-90-FX-NR.ldt;Brochure=images/linibox-c/linibox-c-brochure.pdf,
Linibox C,,,,,,,,,,,,,,,,,,,Linibox C 13 12.7W 21°,LINIBOX C-13-50C-80-FX-NR-BL-230ND,Black,images/linibox-c/linibox-c-13-black.jpg,5000K,CRI>80,On/Off,IP65,UGR<13.1,Black · 160 × 46 × 85mm,12.7W,1677lm,132lm/W,21°,Installation=images/linibox-c/linibox-c-installation-13.pdf;LDT=images/linibox-c/ldt/LINIBOX_C-13-50C-80-FX-NR.ldt;Brochure=images/linibox-c/linibox-c-brochure.pdf,
Linibox C,,,,,,,,,,,,,,,,,,,Linibox C 13 12.7W 21°,LINIBOX C-13-50C-80-FX-NR-BL-230D,Black,images/linibox-c/linibox-c-13-black.jpg,5000K,CRI>80,Phase Dim,IP65,UGR<13.1,Black · 160 × 46 × 85mm,12.7W,1677lm,132lm/W,21°,Installation=images/linibox-c/linibox-c-installation-13.pdf;LDT=images/linibox-c/ldt/LINIBOX_C-13-50C-80-FX-NR.ldt;Brochure=images/linibox-c/linibox-c-brochure.pdf,
Linibox C,,,,,,,,,,,,,,,,,,,Linibox C 13 12.7W 21°,LINIBOX C-13-50C-90-FX-NR-BL-230ND,Black,images/linibox-c/linibox-c-13-black.jpg,5000K,CRI>90,On/Off,IP65,UGR<13.1,Black · 160 × 46 × 85mm,12.7W,1453lm,114lm/W,21°,Installation=images/linibox-c/linibox-c-installation-13.pdf;LDT=images/linibox-c/ldt/LINIBOX_C-13-50C-90-FX-NR.ldt;Brochure=images/linibox-c/linibox-c-brochure.pdf,
Linibox C,,,,,,,,,,,,,,,,,,,Linibox C 13 12.7W 21°,LINIBOX C-13-50C-90-FX-NR-BL-230D,Black,images/linibox-c/linibox-c-13-black.jpg,5000K,CRI>90,Phase Dim,IP65,UGR<13.1,Black · 160 × 46 × 85mm,12.7W,1453lm,114lm/W,21°,Installation=images/linibox-c/linibox-c-installation-13.pdf;LDT=images/linibox-c/ldt/LINIBOX_C-13-50C-90-FX-NR.ldt;Brochure=images/linibox-c/linibox-c-brochure.pdf,
Linibox C,,,,,,,,,,,,,,,,,,,Linibox C 13 12.7W 25°,LINIBOX C-13-27C-80-FX-MD-BL-230ND,Black,images/linibox-c/linibox-c-13-black.jpg,2700K,CRI>80,On/Off,IP65,UGR<12.5,Black · 160 × 46 × 85mm,12.7W,1208lm,95lm/W,25°,Installation=images/linibox-c/linibox-c-installation-13.pdf;LDT=images/linibox-c/ldt/LINIBOX_C-13-27C-80-FX-MD.ldt;Brochure=images/linibox-c/linibox-c-brochure.pdf,
Linibox C,,,,,,,,,,,,,,,,,,,Linibox C 13 12.7W 25°,LINIBOX C-13-27C-80-FX-MD-BL-230D,Black,images/linibox-c/linibox-c-13-black.jpg,2700K,CRI>80,Phase Dim,IP65,UGR<12.5,Black · 160 × 46 × 85mm,12.7W,1208lm,95lm/W,25°,Installation=images/linibox-c/linibox-c-installation-13.pdf;LDT=images/linibox-c/ldt/LINIBOX_C-13-27C-80-FX-MD.ldt;Brochure=images/linibox-c/linibox-c-brochure.pdf,
Linibox C,,,,,,,,,,,,,,,,,,,Linibox C 13 12.7W 25°,LINIBOX C-13-27C-90-FX-MD-BL-230ND,Black,images/linibox-c/linibox-c-13-black.jpg,2700K,CRI>90,On/Off,IP65,UGR<12.5,Black · 160 × 46 × 85mm,12.7W,980lm,77lm/W,25°,Installation=images/linibox-c/linibox-c-installation-13.pdf;LDT=images/linibox-c/ldt/LINIBOX_C-13-27C-90-FX-MD.ldt;Brochure=images/linibox-c/linibox-c-brochure.pdf,
Linibox C,,,,,,,,,,,,,,,,,,,Linibox C 13 12.7W 25°,LINIBOX C-13-27C-90-FX-MD-BL-230D,Black,images/linibox-c/linibox-c-13-black.jpg,2700K,CRI>90,Phase Dim,IP65,UGR<12.5,Black · 160 × 46 × 85mm,12.7W,980lm,77lm/W,25°,Installation=images/linibox-c/linibox-c-installation-13.pdf;LDT=images/linibox-c/ldt/LINIBOX_C-13-27C-90-FX-MD.ldt;Brochure=images/linibox-c/linibox-c-brochure.pdf,
Linibox C,,,,,,,,,,,,,,,,,,,Linibox C 13 12.7W 25°,LINIBOX C-13-30C-80-FX-MD-BL-230ND,Black,images/linibox-c/linibox-c-13-black.jpg,3000K,CRI>80,On/Off,IP65,UGR<12.5,Black · 160 × 46 × 85mm,12.7W,1277lm,101lm/W,25°,Installation=images/linibox-c/linibox-c-installation-13.pdf;LDT=images/linibox-c/ldt/LINIBOX_C-13-30C-80-FX-MD.ldt;Brochure=images/linibox-c/linibox-c-brochure.pdf,
Linibox C,,,,,,,,,,,,,,,,,,,Linibox C 13 12.7W 25°,LINIBOX C-13-30C-80-FX-MD-BL-230D,Black,images/linibox-c/linibox-c-13-black.jpg,3000K,CRI>80,Phase Dim,IP65,UGR<12.5,Black · 160 × 46 × 85mm,12.7W,1277lm,101lm/W,25°,Installation=images/linibox-c/linibox-c-installation-13.pdf;LDT=images/linibox-c/ldt/LINIBOX_C-13-30C-80-FX-MD.ldt;Brochure=images/linibox-c/linibox-c-brochure.pdf,
Linibox C,,,,,,,,,,,,,,,,,,,Linibox C 13 12.7W 25°,LINIBOX C-13-30C-90-FX-MD-BL-230ND,Black,images/linibox-c/linibox-c-13-black.jpg,3000K,CRI>90,On/Off,IP65,UGR<12.5,Black · 160 × 46 × 85mm,12.7W,1117lm,88lm/W,25°,Installation=images/linibox-c/linibox-c-installation-13.pdf;LDT=images/linibox-c/ldt/LINIBOX_C-13-30C-90-FX-MD.ldt;Brochure=images/linibox-c/linibox-c-brochure.pdf,
Linibox C,,,,,,,,,,,,,,,,,,,Linibox C 13 12.7W 25°,LINIBOX C-13-30C-90-FX-MD-BL-230D,Black,images/linibox-c/linibox-c-13-black.jpg,3000K,CRI>90,Phase Dim,IP65,UGR<12.5,Black · 160 × 46 × 85mm,12.7W,1117lm,88lm/W,25°,Installation=images/linibox-c/linibox-c-installation-13.pdf;LDT=images/linibox-c/ldt/LINIBOX_C-13-30C-90-FX-MD.ldt;Brochure=images/linibox-c/linibox-c-brochure.pdf,
Linibox C,,,,,,,,,,,,,,,,,,,Linibox C 13 12.7W 25°,LINIBOX C-13-40C-80-FX-MD-BL-230ND,Black,images/linibox-c/linibox-c-13-black.jpg,4000K,CRI>80,On/Off,IP65,UGR<12.5,Black · 160 × 46 × 85mm,12.7W,1345lm,106lm/W,25°,Installation=images/linibox-c/linibox-c-installation-13.pdf;LDT=images/linibox-c/ldt/LINIBOX_C-13-40C-80-FX-MD.ldt;Brochure=images/linibox-c/linibox-c-brochure.pdf,
Linibox C,,,,,,,,,,,,,,,,,,,Linibox C 13 12.7W 25°,LINIBOX C-13-40C-80-FX-MD-BL-230D,Black,images/linibox-c/linibox-c-13-black.jpg,4000K,CRI>80,Phase Dim,IP65,UGR<12.5,Black · 160 × 46 × 85mm,12.7W,1345lm,106lm/W,25°,Installation=images/linibox-c/linibox-c-installation-13.pdf;LDT=images/linibox-c/ldt/LINIBOX_C-13-40C-80-FX-MD.ldt;Brochure=images/linibox-c/linibox-c-brochure.pdf,
Linibox C,,,,,,,,,,,,,,,,,,,Linibox C 13 12.7W 25°,LINIBOX C-13-40C-90-FX-MD-BL-230ND,Black,images/linibox-c/linibox-c-13-black.jpg,4000K,CRI>90,On/Off,IP65,UGR<12.5,Black · 160 × 46 × 85mm,12.7W,1209lm,95lm/W,25°,Installation=images/linibox-c/linibox-c-installation-13.pdf;LDT=images/linibox-c/ldt/LINIBOX_C-13-40C-90-FX-MD.ldt;Brochure=images/linibox-c/linibox-c-brochure.pdf,
Linibox C,,,,,,,,,,,,,,,,,,,Linibox C 13 12.7W 25°,LINIBOX C-13-40C-90-FX-MD-BL-230D,Black,images/linibox-c/linibox-c-13-black.jpg,4000K,CRI>90,Phase Dim,IP65,UGR<12.5,Black · 160 × 46 × 85mm,12.7W,1209lm,95lm/W,25°,Installation=images/linibox-c/linibox-c-installation-13.pdf;LDT=images/linibox-c/ldt/LINIBOX_C-13-40C-90-FX-MD.ldt;Brochure=images/linibox-c/linibox-c-brochure.pdf,
Linibox C,,,,,,,,,,,,,,,,,,,Linibox C 13 12.7W 25°,LINIBOX C-13-50C-80-FX-MD-BL-230ND,Black,images/linibox-c/linibox-c-13-black.jpg,5000K,CRI>80,On/Off,IP65,UGR<12.5,Black · 160 × 46 × 85mm,12.7W,1482lm,117lm/W,25°,Installation=images/linibox-c/linibox-c-installation-13.pdf;LDT=images/linibox-c/ldt/LINIBOX_C-13-50C-80-FX-MD.ldt;Brochure=images/linibox-c/linibox-c-brochure.pdf,
Linibox C,,,,,,,,,,,,,,,,,,,Linibox C 13 12.7W 25°,LINIBOX C-13-50C-80-FX-MD-BL-230D,Black,images/linibox-c/linibox-c-13-black.jpg,5000K,CRI>80,Phase Dim,IP65,UGR<12.5,Black · 160 × 46 × 85mm,12.7W,1482lm,117lm/W,25°,Installation=images/linibox-c/linibox-c-installation-13.pdf;LDT=images/linibox-c/ldt/LINIBOX_C-13-50C-80-FX-MD.ldt;Brochure=images/linibox-c/linibox-c-brochure.pdf,
Linibox C,,,,,,,,,,,,,,,,,,,Linibox C 13 12.7W 25°,LINIBOX C-13-50C-90-FX-MD-BL-230ND,Black,images/linibox-c/linibox-c-13-black.jpg,5000K,CRI>90,On/Off,IP65,UGR<12.5,Black · 160 × 46 × 85mm,12.7W,1284lm,101lm/W,25°,Installation=images/linibox-c/linibox-c-installation-13.pdf;LDT=images/linibox-c/ldt/LINIBOX_C-13-50C-90-FX-MD.ldt;Brochure=images/linibox-c/linibox-c-brochure.pdf,
Linibox C,,,,,,,,,,,,,,,,,,,Linibox C 13 12.7W 25°,LINIBOX C-13-50C-90-FX-MD-BL-230D,Black,images/linibox-c/linibox-c-13-black.jpg,5000K,CRI>90,Phase Dim,IP65,UGR<12.5,Black · 160 × 46 × 85mm,12.7W,1284lm,101lm/W,25°,Installation=images/linibox-c/linibox-c-installation-13.pdf;LDT=images/linibox-c/ldt/LINIBOX_C-13-50C-90-FX-MD.ldt;Brochure=images/linibox-c/linibox-c-brochure.pdf,
Linibox C,,,,,,,,,,,,,,,,,,,Linibox C 13 12.7W 35°,LINIBOX C-13-27C-80-FX-WD-BL-230ND,Black,images/linibox-c/linibox-c-13-black.jpg,2700K,CRI>80,On/Off,IP65,UGR<20.6,Black · 160 × 46 × 85mm,12.7W,1224lm,96lm/W,35°,Installation=images/linibox-c/linibox-c-installation-13.pdf;LDT=images/linibox-c/ldt/LINIBOX_C-13-27C-80-FX-WD.ldt;Brochure=images/linibox-c/linibox-c-brochure.pdf,
Linibox C,,,,,,,,,,,,,,,,,,,Linibox C 13 12.7W 35°,LINIBOX C-13-27C-80-FX-WD-BL-230D,Black,images/linibox-c/linibox-c-13-black.jpg,2700K,CRI>80,Phase Dim,IP65,UGR<20.6,Black · 160 × 46 × 85mm,12.7W,1224lm,96lm/W,35°,Installation=images/linibox-c/linibox-c-installation-13.pdf;LDT=images/linibox-c/ldt/LINIBOX_C-13-27C-80-FX-WD.ldt;Brochure=images/linibox-c/linibox-c-brochure.pdf,
Linibox C,,,,,,,,,,,,,,,,,,,Linibox C 13 12.7W 35°,LINIBOX C-13-27C-90-FX-WD-BL-230ND,Black,images/linibox-c/linibox-c-13-black.jpg,2700K,CRI>90,On/Off,IP65,UGR<20.6,Black · 160 × 46 × 85mm,12.7W,993lm,78lm/W,35°,Installation=images/linibox-c/linibox-c-installation-13.pdf;LDT=images/linibox-c/ldt/LINIBOX_C-13-27C-90-FX-WD.ldt;Brochure=images/linibox-c/linibox-c-brochure.pdf,
Linibox C,,,,,,,,,,,,,,,,,,,Linibox C 13 12.7W 35°,LINIBOX C-13-27C-90-FX-WD-BL-230D,Black,images/linibox-c/linibox-c-13-black.jpg,2700K,CRI>90,Phase Dim,IP65,UGR<20.6,Black · 160 × 46 × 85mm,12.7W,993lm,78lm/W,35°,Installation=images/linibox-c/linibox-c-installation-13.pdf;LDT=images/linibox-c/ldt/LINIBOX_C-13-27C-90-FX-WD.ldt;Brochure=images/linibox-c/linibox-c-brochure.pdf,
Linibox C,,,,,,,,,,,,,,,,,,,Linibox C 13 12.7W 35°,LINIBOX C-13-30C-80-FX-WD-BL-230ND,Black,images/linibox-c/linibox-c-13-black.jpg,3000K,CRI>80,On/Off,IP65,UGR<20.6,Black · 160 × 46 × 85mm,12.7W,1294lm,102lm/W,35°,Installation=images/linibox-c/linibox-c-installation-13.pdf;LDT=images/linibox-c/ldt/LINIBOX_C-13-30C-80-FX-WD.ldt;Brochure=images/linibox-c/linibox-c-brochure.pdf,
Linibox C,,,,,,,,,,,,,,,,,,,Linibox C 13 12.7W 35°,LINIBOX C-13-30C-80-FX-WD-BL-230D,Black,images/linibox-c/linibox-c-13-black.jpg,3000K,CRI>80,Phase Dim,IP65,UGR<20.6,Black · 160 × 46 × 85mm,12.7W,1294lm,102lm/W,35°,Installation=images/linibox-c/linibox-c-installation-13.pdf;LDT=images/linibox-c/ldt/LINIBOX_C-13-30C-80-FX-WD.ldt;Brochure=images/linibox-c/linibox-c-brochure.pdf,
Linibox C,,,,,,,,,,,,,,,,,,,Linibox C 13 12.7W 35°,LINIBOX C-13-30C-90-FX-WD-BL-230ND,Black,images/linibox-c/linibox-c-13-black.jpg,3000K,CRI>90,On/Off,IP65,UGR<20.6,Black · 160 × 46 × 85mm,12.7W,1132lm,89lm/W,35°,Installation=images/linibox-c/linibox-c-installation-13.pdf;LDT=images/linibox-c/ldt/LINIBOX_C-13-30C-90-FX-WD.ldt;Brochure=images/linibox-c/linibox-c-brochure.pdf,
Linibox C,,,,,,,,,,,,,,,,,,,Linibox C 13 12.7W 35°,LINIBOX C-13-30C-90-FX-WD-BL-230D,Black,images/linibox-c/linibox-c-13-black.jpg,3000K,CRI>90,Phase Dim,IP65,UGR<20.6,Black · 160 × 46 × 85mm,12.7W,1132lm,89lm/W,35°,Installation=images/linibox-c/linibox-c-installation-13.pdf;LDT=images/linibox-c/ldt/LINIBOX_C-13-30C-90-FX-WD.ldt;Brochure=images/linibox-c/linibox-c-brochure.pdf,
Linibox C,,,,,,,,,,,,,,,,,,,Linibox C 13 12.7W 35°,LINIBOX C-13-40C-80-FX-WD-BL-230ND,Black,images/linibox-c/linibox-c-13-black.jpg,4000K,CRI>80,On/Off,IP65,UGR<20.6,Black · 160 × 46 × 85mm,12.7W,1363lm,107lm/W,35°,Installation=images/linibox-c/linibox-c-installation-13.pdf;LDT=images/linibox-c/ldt/LINIBOX_C-13-40C-80-FX-WD.ldt;Brochure=images/linibox-c/linibox-c-brochure.pdf,
Linibox C,,,,,,,,,,,,,,,,,,,Linibox C 13 12.7W 35°,LINIBOX C-13-40C-80-FX-WD-BL-230D,Black,images/linibox-c/linibox-c-13-black.jpg,4000K,CRI>80,Phase Dim,IP65,UGR<20.6,Black · 160 × 46 × 85mm,12.7W,1363lm,107lm/W,35°,Installation=images/linibox-c/linibox-c-installation-13.pdf;LDT=images/linibox-c/ldt/LINIBOX_C-13-40C-80-FX-WD.ldt;Brochure=images/linibox-c/linibox-c-brochure.pdf,
Linibox C,,,,,,,,,,,,,,,,,,,Linibox C 13 12.7W 35°,LINIBOX C-13-40C-90-FX-WD-BL-230ND,Black,images/linibox-c/linibox-c-13-black.jpg,4000K,CRI>90,On/Off,IP65,UGR<20.6,Black · 160 × 46 × 85mm,12.7W,1224lm,96lm/W,35°,Installation=images/linibox-c/linibox-c-installation-13.pdf;LDT=images/linibox-c/ldt/LINIBOX_C-13-40C-90-FX-WD.ldt;Brochure=images/linibox-c/linibox-c-brochure.pdf,
Linibox C,,,,,,,,,,,,,,,,,,,Linibox C 13 12.7W 35°,LINIBOX C-13-40C-90-FX-WD-BL-230D,Black,images/linibox-c/linibox-c-13-black.jpg,4000K,CRI>90,Phase Dim,IP65,UGR<20.6,Black · 160 × 46 × 85mm,12.7W,1224lm,96lm/W,35°,Installation=images/linibox-c/linibox-c-installation-13.pdf;LDT=images/linibox-c/ldt/LINIBOX_C-13-40C-90-FX-WD.ldt;Brochure=images/linibox-c/linibox-c-brochure.pdf,
Linibox C,,,,,,,,,,,,,,,,,,,Linibox C 13 12.7W 35°,LINIBOX C-13-50C-80-FX-WD-BL-230ND,Black,images/linibox-c/linibox-c-13-black.jpg,5000K,CRI>80,On/Off,IP65,UGR<20.6,Black · 160 × 46 × 85mm,12.7W,1502lm,118lm/W,35°,Installation=images/linibox-c/linibox-c-installation-13.pdf;LDT=images/linibox-c/ldt/LINIBOX_C-13-50C-80-FX-WD.ldt;Brochure=images/linibox-c/linibox-c-brochure.pdf,
Linibox C,,,,,,,,,,,,,,,,,,,Linibox C 13 12.7W 35°,LINIBOX C-13-50C-80-FX-WD-BL-230D,Black,images/linibox-c/linibox-c-13-black.jpg,5000K,CRI>80,Phase Dim,IP65,UGR<20.6,Black · 160 × 46 × 85mm,12.7W,1502lm,118lm/W,35°,Installation=images/linibox-c/linibox-c-installation-13.pdf;LDT=images/linibox-c/ldt/LINIBOX_C-13-50C-80-FX-WD.ldt;Brochure=images/linibox-c/linibox-c-brochure.pdf,
Linibox C,,,,,,,,,,,,,,,,,,,Linibox C 13 12.7W 35°,LINIBOX C-13-50C-90-FX-WD-BL-230ND,Black,images/linibox-c/linibox-c-13-black.jpg,5000K,CRI>90,On/Off,IP65,UGR<20.6,Black · 160 × 46 × 85mm,12.7W,1301lm,102lm/W,35°,Installation=images/linibox-c/linibox-c-installation-13.pdf;LDT=images/linibox-c/ldt/LINIBOX_C-13-50C-90-FX-WD.ldt;Brochure=images/linibox-c/linibox-c-brochure.pdf,
Linibox C,,,,,,,,,,,,,,,,,,,Linibox C 13 12.7W 35°,LINIBOX C-13-50C-90-FX-WD-BL-230D,Black,images/linibox-c/linibox-c-13-black.jpg,5000K,CRI>90,Phase Dim,IP65,UGR<20.6,Black · 160 × 46 × 85mm,12.7W,1301lm,102lm/W,35°,Installation=images/linibox-c/linibox-c-installation-13.pdf;LDT=images/linibox-c/ldt/LINIBOX_C-13-50C-90-FX-WD.ldt;Brochure=images/linibox-c/linibox-c-brochure.pdf,
Linibox C,,,,,,,,,,,,,,,,,,,Linibox C 13 12.7W 62°,LINIBOX C-13-27C-80-FX-VW-BL-230ND,Black,images/linibox-c/linibox-c-13-black.jpg,2700K,CRI>80,On/Off,IP65,UGR<23.6,Black · 160 × 46 × 85mm,12.7W,1018lm,80lm/W,62°,Installation=images/linibox-c/linibox-c-installation-13.pdf;LDT=images/linibox-c/ldt/LINIBOX_C-13-27C-80-FX-VW.ldt;Brochure=images/linibox-c/linibox-c-brochure.pdf,
Linibox C,,,,,,,,,,,,,,,,,,,Linibox C 13 12.7W 62°,LINIBOX C-13-27C-80-FX-VW-BL-230D,Black,images/linibox-c/linibox-c-13-black.jpg,2700K,CRI>80,Phase Dim,IP65,UGR<23.6,Black · 160 × 46 × 85mm,12.7W,1018lm,80lm/W,62°,Installation=images/linibox-c/linibox-c-installation-13.pdf;LDT=images/linibox-c/ldt/LINIBOX_C-13-27C-80-FX-VW.ldt;Brochure=images/linibox-c/linibox-c-brochure.pdf,
Linibox C,,,,,,,,,,,,,,,,,,,Linibox C 13 12.7W 62°,LINIBOX C-13-27C-90-FX-VW-BL-230ND,Black,images/linibox-c/linibox-c-13-black.jpg,2700K,CRI>90,On/Off,IP65,UGR<23.6,Black · 160 × 46 × 85mm,12.7W,826lm,65lm/W,62°,Installation=images/linibox-c/linibox-c-installation-13.pdf;LDT=images/linibox-c/ldt/LINIBOX_C-13-27C-90-FX-VW.ldt;Brochure=images/linibox-c/linibox-c-brochure.pdf,
Linibox C,,,,,,,,,,,,,,,,,,,Linibox C 13 12.7W 62°,LINIBOX C-13-27C-90-FX-VW-BL-230D,Black,images/linibox-c/linibox-c-13-black.jpg,2700K,CRI>90,Phase Dim,IP65,UGR<23.6,Black · 160 × 46 × 85mm,12.7W,826lm,65lm/W,62°,Installation=images/linibox-c/linibox-c-installation-13.pdf;LDT=images/linibox-c/ldt/LINIBOX_C-13-27C-90-FX-VW.ldt;Brochure=images/linibox-c/linibox-c-brochure.pdf,
Linibox C,,,,,,,,,,,,,,,,,,,Linibox C 13 12.7W 62°,LINIBOX C-13-30C-80-FX-VW-BL-230ND,Black,images/linibox-c/linibox-c-13-black.jpg,3000K,CRI>80,On/Off,IP65,UGR<23.6,Black · 160 × 46 × 85mm,12.7W,1075lm,85lm/W,62°,Installation=images/linibox-c/linibox-c-installation-13.pdf;LDT=images/linibox-c/ldt/LINIBOX_C-13-30C-80-FX-VW.ldt;Brochure=images/linibox-c/linibox-c-brochure.pdf,
Linibox C,,,,,,,,,,,,,,,,,,,Linibox C 13 12.7W 62°,LINIBOX C-13-30C-80-FX-VW-BL-230D,Black,images/linibox-c/linibox-c-13-black.jpg,3000K,CRI>80,Phase Dim,IP65,UGR<23.6,Black · 160 × 46 × 85mm,12.7W,1075lm,85lm/W,62°,Installation=images/linibox-c/linibox-c-installation-13.pdf;LDT=images/linibox-c/ldt/LINIBOX_C-13-30C-80-FX-VW.ldt;Brochure=images/linibox-c/linibox-c-brochure.pdf,
Linibox C,,,,,,,,,,,,,,,,,,,Linibox C 13 12.7W 62°,LINIBOX C-13-30C-90-FX-VW-BL-230ND,Black,images/linibox-c/linibox-c-13-black.jpg,3000K,CRI>90,On/Off,IP65,UGR<23.6,Black · 160 × 46 × 85mm,12.7W,941lm,74lm/W,62°,Installation=images/linibox-c/linibox-c-installation-13.pdf;LDT=images/linibox-c/ldt/LINIBOX_C-13-30C-90-FX-VW.ldt;Brochure=images/linibox-c/linibox-c-brochure.pdf,
Linibox C,,,,,,,,,,,,,,,,,,,Linibox C 13 12.7W 62°,LINIBOX C-13-30C-90-FX-VW-BL-230D,Black,images/linibox-c/linibox-c-13-black.jpg,3000K,CRI>90,Phase Dim,IP65,UGR<23.6,Black · 160 × 46 × 85mm,12.7W,941lm,74lm/W,62°,Installation=images/linibox-c/linibox-c-installation-13.pdf;LDT=images/linibox-c/ldt/LINIBOX_C-13-30C-90-FX-VW.ldt;Brochure=images/linibox-c/linibox-c-brochure.pdf,
Linibox C,,,,,,,,,,,,,,,,,,,Linibox C 13 12.7W 62°,LINIBOX C-13-40C-80-FX-VW-BL-230ND,Black,images/linibox-c/linibox-c-13-black.jpg,4000K,CRI>80,On/Off,IP65,UGR<23.6,Black · 160 × 46 × 85mm,12.7W,1133lm,89lm/W,62°,Installation=images/linibox-c/linibox-c-installation-13.pdf;LDT=images/linibox-c/ldt/LINIBOX_C-13-40C-80-FX-VW.ldt;Brochure=images/linibox-c/linibox-c-brochure.pdf,
Linibox C,,,,,,,,,,,,,,,,,,,Linibox C 13 12.7W 62°,LINIBOX C-13-40C-80-FX-VW-BL-230D,Black,images/linibox-c/linibox-c-13-black.jpg,4000K,CRI>80,Phase Dim,IP65,UGR<23.6,Black · 160 × 46 × 85mm,12.7W,1133lm,89lm/W,62°,Installation=images/linibox-c/linibox-c-installation-13.pdf;LDT=images/linibox-c/ldt/LINIBOX_C-13-40C-80-FX-VW.ldt;Brochure=images/linibox-c/linibox-c-brochure.pdf,
Linibox C,,,,,,,,,,,,,,,,,,,Linibox C 13 12.7W 62°,LINIBOX C-13-40C-90-FX-VW-BL-230ND,Black,images/linibox-c/linibox-c-13-black.jpg,4000K,CRI>90,On/Off,IP65,UGR<23.6,Black · 160 × 46 × 85mm,12.7W,1018lm,80lm/W,62°,Installation=images/linibox-c/linibox-c-installation-13.pdf;LDT=images/linibox-c/ldt/LINIBOX_C-13-40C-90-FX-VW.ldt;Brochure=images/linibox-c/linibox-c-brochure.pdf,
Linibox C,,,,,,,,,,,,,,,,,,,Linibox C 13 12.7W 62°,LINIBOX C-13-40C-90-FX-VW-BL-230D,Black,images/linibox-c/linibox-c-13-black.jpg,4000K,CRI>90,Phase Dim,IP65,UGR<23.6,Black · 160 × 46 × 85mm,12.7W,1018lm,80lm/W,62°,Installation=images/linibox-c/linibox-c-installation-13.pdf;LDT=images/linibox-c/ldt/LINIBOX_C-13-40C-90-FX-VW.ldt;Brochure=images/linibox-c/linibox-c-brochure.pdf,
Linibox C,,,,,,,,,,,,,,,,,,,Linibox C 13 12.7W 62°,LINIBOX C-13-50C-80-FX-VW-BL-230ND,Black,images/linibox-c/linibox-c-13-black.jpg,5000K,CRI>80,On/Off,IP65,UGR<23.6,Black · 160 × 46 × 85mm,12.7W,1248lm,98lm/W,62°,Installation=images/linibox-c/linibox-c-installation-13.pdf;LDT=images/linibox-c/ldt/LINIBOX_C-13-50C-80-FX-VW.ldt;Brochure=images/linibox-c/linibox-c-brochure.pdf,
Linibox C,,,,,,,,,,,,,,,,,,,Linibox C 13 12.7W 62°,LINIBOX C-13-50C-80-FX-VW-BL-230D,Black,images/linibox-c/linibox-c-13-black.jpg,5000K,CRI>80,Phase Dim,IP65,UGR<23.6,Black · 160 × 46 × 85mm,12.7W,1248lm,98lm/W,62°,Installation=images/linibox-c/linibox-c-installation-13.pdf;LDT=images/linibox-c/ldt/LINIBOX_C-13-50C-80-FX-VW.ldt;Brochure=images/linibox-c/linibox-c-brochure.pdf,
Linibox C,,,,,,,,,,,,,,,,,,,Linibox C 13 12.7W 62°,LINIBOX C-13-50C-90-FX-VW-BL-230ND,Black,images/linibox-c/linibox-c-13-black.jpg,5000K,CRI>90,On/Off,IP65,UGR<23.6,Black · 160 × 46 × 85mm,12.7W,1082lm,85lm/W,62°,Installation=images/linibox-c/linibox-c-installation-13.pdf;LDT=images/linibox-c/ldt/LINIBOX_C-13-50C-90-FX-VW.ldt;Brochure=images/linibox-c/linibox-c-brochure.pdf,
Linibox C,,,,,,,,,,,,,,,,,,,Linibox C 13 12.7W 62°,LINIBOX C-13-50C-90-FX-VW-BL-230D,Black,images/linibox-c/linibox-c-13-black.jpg,5000K,CRI>90,Phase Dim,IP65,UGR<23.6,Black · 160 × 46 × 85mm,12.7W,1082lm,85lm/W,62°,Installation=images/linibox-c/linibox-c-installation-13.pdf;LDT=images/linibox-c/ldt/LINIBOX_C-13-50C-90-FX-VW.ldt;Brochure=images/linibox-c/linibox-c-brochure.pdf,
Linibox C,,,,,,,,,,,,,,,,,,,Linibox C 13 12.7W 16°x30°,LINIBOX C-13-27C-80-FX-AS-BL-230ND,Black,images/linibox-c/linibox-c-13-black.jpg,2700K,CRI>80,On/Off,IP65,UGR<15.7,Black · 160 × 46 × 85mm,12.7W,1129lm,89lm/W,16°x30°,Installation=images/linibox-c/linibox-c-installation-13.pdf;LDT=images/linibox-c/ldt/LINIBOX_C-13-27C-80-FX-AS.ldt;Brochure=images/linibox-c/linibox-c-brochure.pdf,
Linibox C,,,,,,,,,,,,,,,,,,,Linibox C 13 12.7W 16°x30°,LINIBOX C-13-27C-80-FX-AS-BL-230D,Black,images/linibox-c/linibox-c-13-black.jpg,2700K,CRI>80,Phase Dim,IP65,UGR<15.7,Black · 160 × 46 × 85mm,12.7W,1129lm,89lm/W,16°x30°,Installation=images/linibox-c/linibox-c-installation-13.pdf;LDT=images/linibox-c/ldt/LINIBOX_C-13-27C-80-FX-AS.ldt;Brochure=images/linibox-c/linibox-c-brochure.pdf,
Linibox C,,,,,,,,,,,,,,,,,,,Linibox C 13 12.7W 16°x30°,LINIBOX C-13-27C-90-FX-AS-BL-230ND,Black,images/linibox-c/linibox-c-13-black.jpg,2700K,CRI>90,On/Off,IP65,UGR<15.7,Black · 160 × 46 × 85mm,12.7W,916lm,72lm/W,16°x30°,Installation=images/linibox-c/linibox-c-installation-13.pdf;LDT=images/linibox-c/ldt/LINIBOX_C-13-27C-90-FX-AS.ldt;Brochure=images/linibox-c/linibox-c-brochure.pdf,
Linibox C,,,,,,,,,,,,,,,,,,,Linibox C 13 12.7W 16°x30°,LINIBOX C-13-27C-90-FX-AS-BL-230D,Black,images/linibox-c/linibox-c-13-black.jpg,2700K,CRI>90,Phase Dim,IP65,UGR<15.7,Black · 160 × 46 × 85mm,12.7W,916lm,72lm/W,16°x30°,Installation=images/linibox-c/linibox-c-installation-13.pdf;LDT=images/linibox-c/ldt/LINIBOX_C-13-27C-90-FX-AS.ldt;Brochure=images/linibox-c/linibox-c-brochure.pdf,
Linibox C,,,,,,,,,,,,,,,,,,,Linibox C 13 12.7W 16°x30°,LINIBOX C-13-30C-80-FX-AS-BL-230ND,Black,images/linibox-c/linibox-c-13-black.jpg,3000K,CRI>80,On/Off,IP65,UGR<15.7,Black · 160 × 46 × 85mm,12.7W,1193lm,94lm/W,16°x30°,Installation=images/linibox-c/linibox-c-installation-13.pdf;LDT=images/linibox-c/ldt/LINIBOX_C-13-30C-80-FX-AS.ldt;Brochure=images/linibox-c/linibox-c-brochure.pdf,
Linibox C,,,,,,,,,,,,,,,,,,,Linibox C 13 12.7W 16°x30°,LINIBOX C-13-30C-80-FX-AS-BL-230D,Black,images/linibox-c/linibox-c-13-black.jpg,3000K,CRI>80,Phase Dim,IP65,UGR<15.7,Black · 160 × 46 × 85mm,12.7W,1193lm,94lm/W,16°x30°,Installation=images/linibox-c/linibox-c-installation-13.pdf;LDT=images/linibox-c/ldt/LINIBOX_C-13-30C-80-FX-AS.ldt;Brochure=images/linibox-c/linibox-c-brochure.pdf,
Linibox C,,,,,,,,,,,,,,,,,,,Linibox C 13 12.7W 16°x30°,LINIBOX C-13-30C-90-FX-AS-BL-230ND,Black,images/linibox-c/linibox-c-13-black.jpg,3000K,CRI>90,On/Off,IP65,UGR<15.7,Black · 160 × 46 × 85mm,12.7W,1044lm,82lm/W,16°x30°,Installation=images/linibox-c/linibox-c-installation-13.pdf;LDT=images/linibox-c/ldt/LINIBOX_C-13-30C-90-FX-AS.ldt;Brochure=images/linibox-c/linibox-c-brochure.pdf,
Linibox C,,,,,,,,,,,,,,,,,,,Linibox C 13 12.7W 16°x30°,LINIBOX C-13-30C-90-FX-AS-BL-230D,Black,images/linibox-c/linibox-c-13-black.jpg,3000K,CRI>90,Phase Dim,IP65,UGR<15.7,Black · 160 × 46 × 85mm,12.7W,1044lm,82lm/W,16°x30°,Installation=images/linibox-c/linibox-c-installation-13.pdf;LDT=images/linibox-c/ldt/LINIBOX_C-13-30C-90-FX-AS.ldt;Brochure=images/linibox-c/linibox-c-brochure.pdf,
Linibox C,,,,,,,,,,,,,,,,,,,Linibox C 13 12.7W 16°x30°,LINIBOX C-13-40C-80-FX-AS-BL-230ND,Black,images/linibox-c/linibox-c-13-black.jpg,4000K,CRI>80,On/Off,IP65,UGR<15.7,Black · 160 × 46 × 85mm,12.7W,1257lm,99lm/W,16°x30°,Installation=images/linibox-c/linibox-c-installation-13.pdf;LDT=images/linibox-c/ldt/LINIBOX_C-13-40C-80-FX-AS.ldt;Brochure=images/linibox-c/linibox-c-brochure.pdf,
Linibox C,,,,,,,,,,,,,,,,,,,Linibox C 13 12.7W 16°x30°,LINIBOX C-13-40C-80-FX-AS-BL-230D,Black,images/linibox-c/linibox-c-13-black.jpg,4000K,CRI>80,Phase Dim,IP65,UGR<15.7,Black · 160 × 46 × 85mm,12.7W,1257lm,99lm/W,16°x30°,Installation=images/linibox-c/linibox-c-installation-13.pdf;LDT=images/linibox-c/ldt/LINIBOX_C-13-40C-80-FX-AS.ldt;Brochure=images/linibox-c/linibox-c-brochure.pdf,
Linibox C,,,,,,,,,,,,,,,,,,,Linibox C 13 12.7W 16°x30°,LINIBOX C-13-40C-90-FX-AS-BL-230ND,Black,images/linibox-c/linibox-c-13-black.jpg,4000K,CRI>90,On/Off,IP65,UGR<15.7,Black · 160 × 46 × 85mm,12.7W,1129lm,89lm/W,16°x30°,Installation=images/linibox-c/linibox-c-installation-13.pdf;LDT=images/linibox-c/ldt/LINIBOX_C-13-40C-90-FX-AS.ldt;Brochure=images/linibox-c/linibox-c-brochure.pdf,
Linibox C,,,,,,,,,,,,,,,,,,,Linibox C 13 12.7W 16°x30°,LINIBOX C-13-40C-90-FX-AS-BL-230D,Black,images/linibox-c/linibox-c-13-black.jpg,4000K,CRI>90,Phase Dim,IP65,UGR<15.7,Black · 160 × 46 × 85mm,12.7W,1129lm,89lm/W,16°x30°,Installation=images/linibox-c/linibox-c-installation-13.pdf;LDT=images/linibox-c/ldt/LINIBOX_C-13-40C-90-FX-AS.ldt;Brochure=images/linibox-c/linibox-c-brochure.pdf,
Linibox C,,,,,,,,,,,,,,,,,,,Linibox C 13 12.7W 16°x30°,LINIBOX C-13-50C-80-FX-AS-BL-230ND,Black,images/linibox-c/linibox-c-13-black.jpg,5000K,CRI>80,On/Off,IP65,UGR<15.7,Black · 160 × 46 × 85mm,12.7W,1385lm,109lm/W,16°x30°,Installation=images/linibox-c/linibox-c-installation-13.pdf;LDT=images/linibox-c/ldt/LINIBOX_C-13-50C-80-FX-AS.ldt;Brochure=images/linibox-c/linibox-c-brochure.pdf,
Linibox C,,,,,,,,,,,,,,,,,,,Linibox C 13 12.7W 16°x30°,LINIBOX C-13-50C-80-FX-AS-BL-230D,Black,images/linibox-c/linibox-c-13-black.jpg,5000K,CRI>80,Phase Dim,IP65,UGR<15.7,Black · 160 × 46 × 85mm,12.7W,1385lm,109lm/W,16°x30°,Installation=images/linibox-c/linibox-c-installation-13.pdf;LDT=images/linibox-c/ldt/LINIBOX_C-13-50C-80-FX-AS.ldt;Brochure=images/linibox-c/linibox-c-brochure.pdf,
Linibox C,,,,,,,,,,,,,,,,,,,Linibox C 13 12.7W 16°x30°,LINIBOX C-13-50C-90-FX-AS-BL-230ND,Black,images/linibox-c/linibox-c-13-black.jpg,5000K,CRI>90,On/Off,IP65,UGR<15.7,Black · 160 × 46 × 85mm,12.7W,1200lm,94lm/W,16°x30°,Installation=images/linibox-c/linibox-c-installation-13.pdf;LDT=images/linibox-c/ldt/LINIBOX_C-13-50C-90-FX-AS.ldt;Brochure=images/linibox-c/linibox-c-brochure.pdf,
Linibox C,,,,,,,,,,,,,,,,,,,Linibox C 13 12.7W 16°x30°,LINIBOX C-13-50C-90-FX-AS-BL-230D,Black,images/linibox-c/linibox-c-13-black.jpg,5000K,CRI>90,Phase Dim,IP65,UGR<15.7,Black · 160 × 46 × 85mm,12.7W,1200lm,94lm/W,16°x30°,Installation=images/linibox-c/linibox-c-installation-13.pdf;LDT=images/linibox-c/ldt/LINIBOX_C-13-50C-90-FX-AS.ldt;Brochure=images/linibox-c/linibox-c-brochure.pdf,
Linibox C,,,,,,,,,,,,,,,,,,,Linibox C 17 16.8W 17°,LINIBOX C-17-27C-80-FX-VN-BL-230ND,Black,images/linibox-c/linibox-c-17-black.jpg,2700K,CRI>80,On/Off,IP65,UGR<13.7,Black · 205 × 46 × 85mm,16.8W,1505lm,90lm/W,17°,Installation=images/linibox-c/linibox-c-installation-17.pdf;LDT=images/linibox-c/ldt/LINIBOX_C-17-27C-80-FX-VN.ldt;Brochure=images/linibox-c/linibox-c-brochure.pdf,
Linibox C,,,,,,,,,,,,,,,,,,,Linibox C 17 16.8W 17°,LINIBOX C-17-27C-80-FX-VN-BL-230D,Black,images/linibox-c/linibox-c-17-black.jpg,2700K,CRI>80,Phase Dim,IP65,UGR<13.7,Black · 205 × 46 × 85mm,16.8W,1505lm,90lm/W,17°,Installation=images/linibox-c/linibox-c-installation-17.pdf;LDT=images/linibox-c/ldt/LINIBOX_C-17-27C-80-FX-VN.ldt;Brochure=images/linibox-c/linibox-c-brochure.pdf,
Linibox C,,,,,,,,,,,,,,,,,,,Linibox C 17 16.8W 17°,LINIBOX C-17-27C-90-FX-VN-BL-230ND,Black,images/linibox-c/linibox-c-17-black.jpg,2700K,CRI>90,On/Off,IP65,UGR<13.7,Black · 205 × 46 × 85mm,16.8W,1221lm,73lm/W,17°,Installation=images/linibox-c/linibox-c-installation-17.pdf;LDT=images/linibox-c/ldt/LINIBOX_C-17-27C-90-FX-VN.ldt;Brochure=images/linibox-c/linibox-c-brochure.pdf,
Linibox C,,,,,,,,,,,,,,,,,,,Linibox C 17 16.8W 17°,LINIBOX C-17-27C-90-FX-VN-BL-230D,Black,images/linibox-c/linibox-c-17-black.jpg,2700K,CRI>90,Phase Dim,IP65,UGR<13.7,Black · 205 × 46 × 85mm,16.8W,1221lm,73lm/W,17°,Installation=images/linibox-c/linibox-c-installation-17.pdf;LDT=images/linibox-c/ldt/LINIBOX_C-17-27C-90-FX-VN.ldt;Brochure=images/linibox-c/linibox-c-brochure.pdf,
Linibox C,,,,,,,,,,,,,,,,,,,Linibox C 17 16.8W 17°,LINIBOX C-17-30C-80-FX-VN-BL-230ND,Black,images/linibox-c/linibox-c-17-black.jpg,3000K,CRI>80,On/Off,IP65,UGR<13.7,Black · 205 × 46 × 85mm,16.8W,1590lm,95lm/W,17°,Installation=images/linibox-c/linibox-c-installation-17.pdf;LDT=images/linibox-c/ldt/LINIBOX_C-17-30C-80-FX-VN.ldt;Brochure=images/linibox-c/linibox-c-brochure.pdf,
Linibox C,,,,,,,,,,,,,,,,,,,Linibox C 17 16.8W 17°,LINIBOX C-17-30C-80-FX-VN-BL-230D,Black,images/linibox-c/linibox-c-17-black.jpg,3000K,CRI>80,Phase Dim,IP65,UGR<13.7,Black · 205 × 46 × 85mm,16.8W,1590lm,95lm/W,17°,Installation=images/linibox-c/linibox-c-installation-17.pdf;LDT=images/linibox-c/ldt/LINIBOX_C-17-30C-80-FX-VN.ldt;Brochure=images/linibox-c/linibox-c-brochure.pdf,
Linibox C,,,,,,,,,,,,,,,,,,,Linibox C 17 16.8W 17°,LINIBOX C-17-30C-90-FX-VN-BL-230ND,Black,images/linibox-c/linibox-c-17-black.jpg,3000K,CRI>90,On/Off,IP65,UGR<13.7,Black · 205 × 46 × 85mm,16.8W,1392lm,83lm/W,17°,Installation=images/linibox-c/linibox-c-installation-17.pdf;LDT=images/linibox-c/ldt/LINIBOX_C-17-30C-90-FX-VN.ldt;Brochure=images/linibox-c/linibox-c-brochure.pdf,
Linibox C,,,,,,,,,,,,,,,,,,,Linibox C 17 16.8W 17°,LINIBOX C-17-30C-90-FX-VN-BL-230D,Black,images/linibox-c/linibox-c-17-black.jpg,3000K,CRI>90,Phase Dim,IP65,UGR<13.7,Black · 205 × 46 × 85mm,16.8W,1392lm,83lm/W,17°,Installation=images/linibox-c/linibox-c-installation-17.pdf;LDT=images/linibox-c/ldt/LINIBOX_C-17-30C-90-FX-VN.ldt;Brochure=images/linibox-c/linibox-c-brochure.pdf,
Linibox C,,,,,,,,,,,,,,,,,,,Linibox C 17 16.8W 17°,LINIBOX C-17-40C-80-FX-VN-BL-230ND,Black,images/linibox-c/linibox-c-17-black.jpg,4000K,CRI>80,On/Off,IP65,UGR<13.7,Black · 205 × 46 × 85mm,16.8W,1676lm,100lm/W,17°,Installation=images/linibox-c/linibox-c-installation-17.pdf;LDT=images/linibox-c/ldt/LINIBOX_C-17-40C-80-FX-VN.ldt;Brochure=images/linibox-c/linibox-c-brochure.pdf,
Linibox C,,,,,,,,,,,,,,,,,,,Linibox C 17 16.8W 17°,LINIBOX C-17-40C-80-FX-VN-BL-230D,Black,images/linibox-c/linibox-c-17-black.jpg,4000K,CRI>80,Phase Dim,IP65,UGR<13.7,Black · 205 × 46 × 85mm,16.8W,1676lm,100lm/W,17°,Installation=images/linibox-c/linibox-c-installation-17.pdf;LDT=images/linibox-c/ldt/LINIBOX_C-17-40C-80-FX-VN.ldt;Brochure=images/linibox-c/linibox-c-brochure.pdf,
Linibox C,,,,,,,,,,,,,,,,,,,Linibox C 17 16.8W 17°,LINIBOX C-17-40C-90-FX-VN-BL-230ND,Black,images/linibox-c/linibox-c-17-black.jpg,4000K,CRI>90,On/Off,IP65,UGR<13.7,Black · 205 × 46 × 85mm,16.8W,1505lm,90lm/W,17°,Installation=images/linibox-c/linibox-c-installation-17.pdf;LDT=images/linibox-c/ldt/LINIBOX_C-17-40C-90-FX-VN.ldt;Brochure=images/linibox-c/linibox-c-brochure.pdf,
Linibox C,,,,,,,,,,,,,,,,,,,Linibox C 17 16.8W 17°,LINIBOX C-17-40C-90-FX-VN-BL-230D,Black,images/linibox-c/linibox-c-17-black.jpg,4000K,CRI>90,Phase Dim,IP65,UGR<13.7,Black · 205 × 46 × 85mm,16.8W,1505lm,90lm/W,17°,Installation=images/linibox-c/linibox-c-installation-17.pdf;LDT=images/linibox-c/ldt/LINIBOX_C-17-40C-90-FX-VN.ldt;Brochure=images/linibox-c/linibox-c-brochure.pdf,
Linibox C,,,,,,,,,,,,,,,,,,,Linibox C 17 16.8W 17°,LINIBOX C-17-50C-80-FX-VN-BL-230ND,Black,images/linibox-c/linibox-c-17-black.jpg,5000K,CRI>80,On/Off,IP65,UGR<13.7,Black · 205 × 46 × 85mm,16.8W,1846lm,110lm/W,17°,Installation=images/linibox-c/linibox-c-installation-17.pdf;LDT=images/linibox-c/ldt/LINIBOX_C-17-50C-80-FX-VN.ldt;Brochure=images/linibox-c/linibox-c-brochure.pdf,
Linibox C,,,,,,,,,,,,,,,,,,,Linibox C 17 16.8W 17°,LINIBOX C-17-50C-80-FX-VN-BL-230D,Black,images/linibox-c/linibox-c-17-black.jpg,5000K,CRI>80,Phase Dim,IP65,UGR<13.7,Black · 205 × 46 × 85mm,16.8W,1846lm,110lm/W,17°,Installation=images/linibox-c/linibox-c-installation-17.pdf;LDT=images/linibox-c/ldt/LINIBOX_C-17-50C-80-FX-VN.ldt;Brochure=images/linibox-c/linibox-c-brochure.pdf,
Linibox C,,,,,,,,,,,,,,,,,,,Linibox C 17 16.8W 17°,LINIBOX C-17-50C-90-FX-VN-BL-230ND,Black,images/linibox-c/linibox-c-17-black.jpg,5000K,CRI>90,On/Off,IP65,UGR<13.7,Black · 205 × 46 × 85mm,16.8W,1598lm,95lm/W,17°,Installation=images/linibox-c/linibox-c-installation-17.pdf;LDT=images/linibox-c/ldt/LINIBOX_C-17-50C-90-FX-VN.ldt;Brochure=images/linibox-c/linibox-c-brochure.pdf,
Linibox C,,,,,,,,,,,,,,,,,,,Linibox C 17 16.8W 17°,LINIBOX C-17-50C-90-FX-VN-BL-230D,Black,images/linibox-c/linibox-c-17-black.jpg,5000K,CRI>90,Phase Dim,IP65,UGR<13.7,Black · 205 × 46 × 85mm,16.8W,1598lm,95lm/W,17°,Installation=images/linibox-c/linibox-c-installation-17.pdf;LDT=images/linibox-c/ldt/LINIBOX_C-17-50C-90-FX-VN.ldt;Brochure=images/linibox-c/linibox-c-brochure.pdf,
Linibox C,,,,,,,,,,,,,,,,,,,Linibox C 17 16.8W 21°,LINIBOX C-17-27C-80-FX-NR-BL-230ND,Black,images/linibox-c/linibox-c-17-black.jpg,2700K,CRI>80,On/Off,IP65,UGR<13.1,Black · 205 × 46 × 85mm,16.8W,1823lm,109lm/W,21°,Installation=images/linibox-c/linibox-c-installation-17.pdf;LDT=images/linibox-c/ldt/LINIBOX_C-17-27C-80-FX-NR.ldt;Brochure=images/linibox-c/linibox-c-brochure.pdf,
Linibox C,,,,,,,,,,,,,,,,,,,Linibox C 17 16.8W 21°,LINIBOX C-17-27C-80-FX-NR-BL-230D,Black,images/linibox-c/linibox-c-17-black.jpg,2700K,CRI>80,Phase Dim,IP65,UGR<13.1,Black · 205 × 46 × 85mm,16.8W,1823lm,109lm/W,21°,Installation=images/linibox-c/linibox-c-installation-17.pdf;LDT=images/linibox-c/ldt/LINIBOX_C-17-27C-80-FX-NR.ldt;Brochure=images/linibox-c/linibox-c-brochure.pdf,
Linibox C,,,,,,,,,,,,,,,,,,,Linibox C 17 16.8W 21°,LINIBOX C-17-27C-90-FX-NR-BL-230ND,Black,images/linibox-c/linibox-c-17-black.jpg,2700K,CRI>90,On/Off,IP65,UGR<13.1,Black · 205 × 46 × 85mm,16.8W,1479lm,88lm/W,21°,Installation=images/linibox-c/linibox-c-installation-17.pdf;LDT=images/linibox-c/ldt/LINIBOX_C-17-27C-90-FX-NR.ldt;Brochure=images/linibox-c/linibox-c-brochure.pdf,
Linibox C,,,,,,,,,,,,,,,,,,,Linibox C 17 16.8W 21°,LINIBOX C-17-27C-90-FX-NR-BL-230D,Black,images/linibox-c/linibox-c-17-black.jpg,2700K,CRI>90,Phase Dim,IP65,UGR<13.1,Black · 205 × 46 × 85mm,16.8W,1479lm,88lm/W,21°,Installation=images/linibox-c/linibox-c-installation-17.pdf;LDT=images/linibox-c/ldt/LINIBOX_C-17-27C-90-FX-NR.ldt;Brochure=images/linibox-c/linibox-c-brochure.pdf,
Linibox C,,,,,,,,,,,,,,,,,,,Linibox C 17 16.8W 21°,LINIBOX C-17-30C-80-FX-NR-BL-230ND,Black,images/linibox-c/linibox-c-17-black.jpg,3000K,CRI>80,On/Off,IP65,UGR<13.1,Black · 205 × 46 × 85mm,16.8W,1926lm,115lm/W,21°,Installation=images/linibox-c/linibox-c-installation-17.pdf;LDT=images/linibox-c/ldt/LINIBOX_C-17-30C-80-FX-NR.ldt;Brochure=images/linibox-c/linibox-c-brochure.pdf,
Linibox C,,,,,,,,,,,,,,,,,,,Linibox C 17 16.8W 21°,LINIBOX C-17-30C-80-FX-NR-BL-230D,Black,images/linibox-c/linibox-c-17-black.jpg,3000K,CRI>80,Phase Dim,IP65,UGR<13.1,Black · 205 × 46 × 85mm,16.8W,1926lm,115lm/W,21°,Installation=images/linibox-c/linibox-c-installation-17.pdf;LDT=images/linibox-c/ldt/LINIBOX_C-17-30C-80-FX-NR.ldt;Brochure=images/linibox-c/linibox-c-brochure.pdf,
Linibox C,,,,,,,,,,,,,,,,,,,Linibox C 17 16.8W 21°,LINIBOX C-17-30C-90-FX-NR-BL-230ND,Black,images/linibox-c/linibox-c-17-black.jpg,3000K,CRI>90,On/Off,IP65,UGR<13.1,Black · 205 × 46 × 85mm,16.8W,1686lm,100lm/W,21°,Installation=images/linibox-c/linibox-c-installation-17.pdf;LDT=images/linibox-c/ldt/LINIBOX_C-17-30C-90-FX-NR.ldt;Brochure=images/linibox-c/linibox-c-brochure.pdf,
Linibox C,,,,,,,,,,,,,,,,,,,Linibox C 17 16.8W 21°,LINIBOX C-17-30C-90-FX-NR-BL-230D,Black,images/linibox-c/linibox-c-17-black.jpg,3000K,CRI>90,Phase Dim,IP65,UGR<13.1,Black · 205 × 46 × 85mm,16.8W,1686lm,100lm/W,21°,Installation=images/linibox-c/linibox-c-installation-17.pdf;LDT=images/linibox-c/ldt/LINIBOX_C-17-30C-90-FX-NR.ldt;Brochure=images/linibox-c/linibox-c-brochure.pdf,
Linibox C,,,,,,,,,,,,,,,,,,,Linibox C 17 16.8W 21°,LINIBOX C-17-40C-80-FX-NR-BL-230ND,Black,images/linibox-c/linibox-c-17-black.jpg,4000K,CRI>80,On/Off,IP65,UGR<13.1,Black · 205 × 46 × 85mm,16.8W,2030lm,121lm/W,21°,Installation=images/linibox-c/linibox-c-installation-17.pdf;LDT=images/linibox-c/ldt/LINIBOX_C-17-40C-80-FX-NR.ldt;Brochure=images/linibox-c/linibox-c-brochure.pdf,
Linibox C,,,,,,,,,,,,,,,,,,,Linibox C 17 16.8W 21°,LINIBOX C-17-40C-80-FX-NR-BL-230D,Black,images/linibox-c/linibox-c-17-black.jpg,4000K,CRI>80,Phase Dim,IP65,UGR<13.1,Black · 205 × 46 × 85mm,16.8W,2030lm,121lm/W,21°,Installation=images/linibox-c/linibox-c-installation-17.pdf;LDT=images/linibox-c/ldt/LINIBOX_C-17-40C-80-FX-NR.ldt;Brochure=images/linibox-c/linibox-c-brochure.pdf,
Linibox C,,,,,,,,,,,,,,,,,,,Linibox C 17 16.8W 21°,LINIBOX C-17-40C-90-FX-NR-BL-230ND,Black,images/linibox-c/linibox-c-17-black.jpg,4000K,CRI>90,On/Off,IP65,UGR<13.1,Black · 205 × 46 × 85mm,16.8W,1823lm,109lm/W,21°,Installation=images/linibox-c/linibox-c-installation-17.pdf;LDT=images/linibox-c/ldt/LINIBOX_C-17-40C-90-FX-NR.ldt;Brochure=images/linibox-c/linibox-c-brochure.pdf,
Linibox C,,,,,,,,,,,,,,,,,,,Linibox C 17 16.8W 21°,LINIBOX C-17-40C-90-FX-NR-BL-230D,Black,images/linibox-c/linibox-c-17-black.jpg,4000K,CRI>90,Phase Dim,IP65,UGR<13.1,Black · 205 × 46 × 85mm,16.8W,1823lm,109lm/W,21°,Installation=images/linibox-c/linibox-c-installation-17.pdf;LDT=images/linibox-c/ldt/LINIBOX_C-17-40C-90-FX-NR.ldt;Brochure=images/linibox-c/linibox-c-brochure.pdf,
Linibox C,,,,,,,,,,,,,,,,,,,Linibox C 17 16.8W 21°,LINIBOX C-17-50C-80-FX-NR-BL-230ND,Black,images/linibox-c/linibox-c-17-black.jpg,5000K,CRI>80,On/Off,IP65,UGR<13.1,Black · 205 × 46 × 85mm,16.8W,2236lm,133lm/W,21°,Installation=images/linibox-c/linibox-c-installation-17.pdf;LDT=images/linibox-c/ldt/LINIBOX_C-17-50C-80-FX-NR.ldt;Brochure=images/linibox-c/linibox-c-brochure.pdf,
Linibox C,,,,,,,,,,,,,,,,,,,Linibox C 17 16.8W 21°,LINIBOX C-17-50C-80-FX-NR-BL-230D,Black,images/linibox-c/linibox-c-17-black.jpg,5000K,CRI>80,Phase Dim,IP65,UGR<13.1,Black · 205 × 46 × 85mm,16.8W,2236lm,133lm/W,21°,Installation=images/linibox-c/linibox-c-installation-17.pdf;LDT=images/linibox-c/ldt/LINIBOX_C-17-50C-80-FX-NR.ldt;Brochure=images/linibox-c/linibox-c-brochure.pdf,
Linibox C,,,,,,,,,,,,,,,,,,,Linibox C 17 16.8W 21°,LINIBOX C-17-50C-90-FX-NR-BL-230ND,Black,images/linibox-c/linibox-c-17-black.jpg,5000K,CRI>90,On/Off,IP65,UGR<13.1,Black · 205 × 46 × 85mm,16.8W,1935lm,115lm/W,21°,Installation=images/linibox-c/linibox-c-installation-17.pdf;LDT=images/linibox-c/ldt/LINIBOX_C-17-50C-90-FX-NR.ldt;Brochure=images/linibox-c/linibox-c-brochure.pdf,
Linibox C,,,,,,,,,,,,,,,,,,,Linibox C 17 16.8W 21°,LINIBOX C-17-50C-90-FX-NR-BL-230D,Black,images/linibox-c/linibox-c-17-black.jpg,5000K,CRI>90,Phase Dim,IP65,UGR<13.1,Black · 205 × 46 × 85mm,16.8W,1935lm,115lm/W,21°,Installation=images/linibox-c/linibox-c-installation-17.pdf;LDT=images/linibox-c/ldt/LINIBOX_C-17-50C-90-FX-NR.ldt;Brochure=images/linibox-c/linibox-c-brochure.pdf,
Linibox C,,,,,,,,,,,,,,,,,,,Linibox C 17 16.8W 25°,LINIBOX C-17-27C-80-FX-MD-BL-230ND,Black,images/linibox-c/linibox-c-17-black.jpg,2700K,CRI>80,On/Off,IP65,UGR<12.5,Black · 205 × 46 × 85mm,16.8W,1611lm,96lm/W,25°,Installation=images/linibox-c/linibox-c-installation-17.pdf;LDT=images/linibox-c/ldt/LINIBOX_C-17-27C-80-FX-MD.ldt;Brochure=images/linibox-c/linibox-c-brochure.pdf,
Linibox C,,,,,,,,,,,,,,,,,,,Linibox C 17 16.8W 25°,LINIBOX C-17-27C-80-FX-MD-BL-230D,Black,images/linibox-c/linibox-c-17-black.jpg,2700K,CRI>80,Phase Dim,IP65,UGR<12.5,Black · 205 × 46 × 85mm,16.8W,1611lm,96lm/W,25°,Installation=images/linibox-c/linibox-c-installation-17.pdf;LDT=images/linibox-c/ldt/LINIBOX_C-17-27C-80-FX-MD.ldt;Brochure=images/linibox-c/linibox-c-brochure.pdf,
Linibox C,,,,,,,,,,,,,,,,,,,Linibox C 17 16.8W 25°,LINIBOX C-17-27C-90-FX-MD-BL-230ND,Black,images/linibox-c/linibox-c-17-black.jpg,2700K,CRI>90,On/Off,IP65,UGR<12.5,Black · 205 × 46 × 85mm,16.8W,1307lm,78lm/W,25°,Installation=images/linibox-c/linibox-c-installation-17.pdf;LDT=images/linibox-c/ldt/LINIBOX_C-17-27C-90-FX-MD.ldt;Brochure=images/linibox-c/linibox-c-brochure.pdf,
Linibox C,,,,,,,,,,,,,,,,,,,Linibox C 17 16.8W 25°,LINIBOX C-17-27C-90-FX-MD-BL-230D,Black,images/linibox-c/linibox-c-17-black.jpg,2700K,CRI>90,Phase Dim,IP65,UGR<12.5,Black · 205 × 46 × 85mm,16.8W,1307lm,78lm/W,25°,Installation=images/linibox-c/linibox-c-installation-17.pdf;LDT=images/linibox-c/ldt/LINIBOX_C-17-27C-90-FX-MD.ldt;Brochure=images/linibox-c/linibox-c-brochure.pdf,
Linibox C,,,,,,,,,,,,,,,,,,,Linibox C 17 16.8W 25°,LINIBOX C-17-30C-80-FX-MD-BL-230ND,Black,images/linibox-c/linibox-c-17-black.jpg,3000K,CRI>80,On/Off,IP65,UGR<12.5,Black · 205 × 46 × 85mm,16.8W,1702lm,101lm/W,25°,Installation=images/linibox-c/linibox-c-installation-17.pdf;LDT=images/linibox-c/ldt/LINIBOX_C-17-30C-80-FX-MD.ldt;Brochure=images/linibox-c/linibox-c-brochure.pdf,
Linibox C,,,,,,,,,,,,,,,,,,,Linibox C 17 16.8W 25°,LINIBOX C-17-30C-80-FX-MD-BL-230D,Black,images/linibox-c/linibox-c-17-black.jpg,3000K,CRI>80,Phase Dim,IP65,UGR<12.5,Black · 205 × 46 × 85mm,16.8W,1702lm,101lm/W,25°,Installation=images/linibox-c/linibox-c-installation-17.pdf;LDT=images/linibox-c/ldt/LINIBOX_C-17-30C-80-FX-MD.ldt;Brochure=images/linibox-c/linibox-c-brochure.pdf,
Linibox C,,,,,,,,,,,,,,,,,,,Linibox C 17 16.8W 25°,LINIBOX C-17-30C-90-FX-MD-BL-230ND,Black,images/linibox-c/linibox-c-17-black.jpg,3000K,CRI>90,On/Off,IP65,UGR<12.5,Black · 205 × 46 × 85mm,16.8W,1490lm,89lm/W,25°,Installation=images/linibox-c/linibox-c-installation-17.pdf;LDT=images/linibox-c/ldt/LINIBOX_C-17-30C-90-FX-MD.ldt;Brochure=images/linibox-c/linibox-c-brochure.pdf,
Linibox C,,,,,,,,,,,,,,,,,,,Linibox C 17 16.8W 25°,LINIBOX C-17-30C-90-FX-MD-BL-230D,Black,images/linibox-c/linibox-c-17-black.jpg,3000K,CRI>90,Phase Dim,IP65,UGR<12.5,Black · 205 × 46 × 85mm,16.8W,1490lm,89lm/W,25°,Installation=images/linibox-c/linibox-c-installation-17.pdf;LDT=images/linibox-c/ldt/LINIBOX_C-17-30C-90-FX-MD.ldt;Brochure=images/linibox-c/linibox-c-brochure.pdf,
Linibox C,,,,,,,,,,,,,,,,,,,Linibox C 17 16.8W 25°,LINIBOX C-17-40C-80-FX-MD-BL-230ND,Black,images/linibox-c/linibox-c-17-black.jpg,4000K,CRI>80,On/Off,IP65,UGR<12.5,Black · 205 × 46 × 85mm,16.8W,1794lm,107lm/W,25°,Installation=images/linibox-c/linibox-c-installation-17.pdf;LDT=images/linibox-c/ldt/LINIBOX_C-17-40C-80-FX-MD.ldt;Brochure=images/linibox-c/linibox-c-brochure.pdf,
Linibox C,,,,,,,,,,,,,,,,,,,Linibox C 17 16.8W 25°,LINIBOX C-17-40C-80-FX-MD-BL-230D,Black,images/linibox-c/linibox-c-17-black.jpg,4000K,CRI>80,Phase Dim,IP65,UGR<12.5,Black · 205 × 46 × 85mm,16.8W,1794lm,107lm/W,25°,Installation=images/linibox-c/linibox-c-installation-17.pdf;LDT=images/linibox-c/ldt/LINIBOX_C-17-40C-80-FX-MD.ldt;Brochure=images/linibox-c/linibox-c-brochure.pdf,
Linibox C,,,,,,,,,,,,,,,,,,,Linibox C 17 16.8W 25°,LINIBOX C-17-40C-90-FX-MD-BL-230ND,Black,images/linibox-c/linibox-c-17-black.jpg,4000K,CRI>90,On/Off,IP65,UGR<12.5,Black · 205 × 46 × 85mm,16.8W,1611lm,96lm/W,25°,Installation=images/linibox-c/linibox-c-installation-17.pdf;LDT=images/linibox-c/ldt/LINIBOX_C-17-40C-90-FX-MD.ldt;Brochure=images/linibox-c/linibox-c-brochure.pdf,
Linibox C,,,,,,,,,,,,,,,,,,,Linibox C 17 16.8W 25°,LINIBOX C-17-40C-90-FX-MD-BL-230D,Black,images/linibox-c/linibox-c-17-black.jpg,4000K,CRI>90,Phase Dim,IP65,UGR<12.5,Black · 205 × 46 × 85mm,16.8W,1611lm,96lm/W,25°,Installation=images/linibox-c/linibox-c-installation-17.pdf;LDT=images/linibox-c/ldt/LINIBOX_C-17-40C-90-FX-MD.ldt;Brochure=images/linibox-c/linibox-c-brochure.pdf,
Linibox C,,,,,,,,,,,,,,,,,,,Linibox C 17 16.8W 25°,LINIBOX C-17-50C-80-FX-MD-BL-230ND,Black,images/linibox-c/linibox-c-17-black.jpg,5000K,CRI>80,On/Off,IP65,UGR<12.5,Black · 205 × 46 × 85mm,16.8W,1976lm,118lm/W,25°,Installation=images/linibox-c/linibox-c-installation-17.pdf;LDT=images/linibox-c/ldt/LINIBOX_C-17-50C-80-FX-MD.ldt;Brochure=images/linibox-c/linibox-c-brochure.pdf,
Linibox C,,,,,,,,,,,,,,,,,,,Linibox C 17 16.8W 25°,LINIBOX C-17-50C-80-FX-MD-BL-230D,Black,images/linibox-c/linibox-c-17-black.jpg,5000K,CRI>80,Phase Dim,IP65,UGR<12.5,Black · 205 × 46 × 85mm,16.8W,1976lm,118lm/W,25°,Installation=images/linibox-c/linibox-c-installation-17.pdf;LDT=images/linibox-c/ldt/LINIBOX_C-17-50C-80-FX-MD.ldt;Brochure=images/linibox-c/linibox-c-brochure.pdf,
Linibox C,,,,,,,,,,,,,,,,,,,Linibox C 17 16.8W 25°,LINIBOX C-17-50C-90-FX-MD-BL-230ND,Black,images/linibox-c/linibox-c-17-black.jpg,5000K,CRI>90,On/Off,IP65,UGR<12.5,Black · 205 × 46 × 85mm,16.8W,1710lm,102lm/W,25°,Installation=images/linibox-c/linibox-c-installation-17.pdf;LDT=images/linibox-c/ldt/LINIBOX_C-17-50C-90-FX-MD.ldt;Brochure=images/linibox-c/linibox-c-brochure.pdf,
Linibox C,,,,,,,,,,,,,,,,,,,Linibox C 17 16.8W 25°,LINIBOX C-17-50C-90-FX-MD-BL-230D,Black,images/linibox-c/linibox-c-17-black.jpg,5000K,CRI>90,Phase Dim,IP65,UGR<12.5,Black · 205 × 46 × 85mm,16.8W,1710lm,102lm/W,25°,Installation=images/linibox-c/linibox-c-installation-17.pdf;LDT=images/linibox-c/ldt/LINIBOX_C-17-50C-90-FX-MD.ldt;Brochure=images/linibox-c/linibox-c-brochure.pdf,
Linibox C,,,,,,,,,,,,,,,,,,,Linibox C 17 16.8W 35°,LINIBOX C-17-27C-80-FX-WD-BL-230ND,Black,images/linibox-c/linibox-c-17-black.jpg,2700K,CRI>80,On/Off,IP65,UGR<20.6,Black · 205 × 46 × 85mm,16.8W,1632lm,97lm/W,35°,Installation=images/linibox-c/linibox-c-installation-17.pdf;LDT=images/linibox-c/ldt/LINIBOX_C-17-27C-80-FX-WD.ldt;Brochure=images/linibox-c/linibox-c-brochure.pdf,
Linibox C,,,,,,,,,,,,,,,,,,,Linibox C 17 16.8W 35°,LINIBOX C-17-27C-80-FX-WD-BL-230D,Black,images/linibox-c/linibox-c-17-black.jpg,2700K,CRI>80,Phase Dim,IP65,UGR<20.6,Black · 205 × 46 × 85mm,16.8W,1632lm,97lm/W,35°,Installation=images/linibox-c/linibox-c-installation-17.pdf;LDT=images/linibox-c/ldt/LINIBOX_C-17-27C-80-FX-WD.ldt;Brochure=images/linibox-c/linibox-c-brochure.pdf,
Linibox C,,,,,,,,,,,,,,,,,,,Linibox C 17 16.8W 35°,LINIBOX C-17-27C-90-FX-WD-BL-230ND,Black,images/linibox-c/linibox-c-17-black.jpg,2700K,CRI>90,On/Off,IP65,UGR<20.6,Black · 205 × 46 × 85mm,16.8W,1324lm,79lm/W,35°,Installation=images/linibox-c/linibox-c-installation-17.pdf;LDT=images/linibox-c/ldt/LINIBOX_C-17-27C-90-FX-WD.ldt;Brochure=images/linibox-c/linibox-c-brochure.pdf,
Linibox C,,,,,,,,,,,,,,,,,,,Linibox C 17 16.8W 35°,LINIBOX C-17-27C-90-FX-WD-BL-230D,Black,images/linibox-c/linibox-c-17-black.jpg,2700K,CRI>90,Phase Dim,IP65,UGR<20.6,Black · 205 × 46 × 85mm,16.8W,1324lm,79lm/W,35°,Installation=images/linibox-c/linibox-c-installation-17.pdf;LDT=images/linibox-c/ldt/LINIBOX_C-17-27C-90-FX-WD.ldt;Brochure=images/linibox-c/linibox-c-brochure.pdf,
Linibox C,,,,,,,,,,,,,,,,,,,Linibox C 17 16.8W 35°,LINIBOX C-17-30C-80-FX-WD-BL-230ND,Black,images/linibox-c/linibox-c-17-black.jpg,3000K,CRI>80,On/Off,IP65,UGR<20.6,Black · 205 × 46 × 85mm,16.8W,1725lm,103lm/W,35°,Installation=images/linibox-c/linibox-c-installation-17.pdf;LDT=images/linibox-c/ldt/LINIBOX_C-17-30C-80-FX-WD.ldt;Brochure=images/linibox-c/linibox-c-brochure.pdf,
Linibox C,,,,,,,,,,,,,,,,,,,Linibox C 17 16.8W 35°,LINIBOX C-17-30C-80-FX-WD-BL-230D,Black,images/linibox-c/linibox-c-17-black.jpg,3000K,CRI>80,Phase Dim,IP65,UGR<20.6,Black · 205 × 46 × 85mm,16.8W,1725lm,103lm/W,35°,Installation=images/linibox-c/linibox-c-installation-17.pdf;LDT=images/linibox-c/ldt/LINIBOX_C-17-30C-80-FX-WD.ldt;Brochure=images/linibox-c/linibox-c-brochure.pdf,
Linibox C,,,,,,,,,,,,,,,,,,,Linibox C 17 16.8W 35°,LINIBOX C-17-30C-90-FX-WD-BL-230ND,Black,images/linibox-c/linibox-c-17-black.jpg,3000K,CRI>90,On/Off,IP65,UGR<20.6,Black · 205 × 46 × 85mm,16.8W,1509lm,90lm/W,35°,Installation=images/linibox-c/linibox-c-installation-17.pdf;LDT=images/linibox-c/ldt/LINIBOX_C-17-30C-90-FX-WD.ldt;Brochure=images/linibox-c/linibox-c-brochure.pdf,
Linibox C,,,,,,,,,,,,,,,,,,,Linibox C 17 16.8W 35°,LINIBOX C-17-30C-90-FX-WD-BL-230D,Black,images/linibox-c/linibox-c-17-black.jpg,3000K,CRI>90,Phase Dim,IP65,UGR<20.6,Black · 205 × 46 × 85mm,16.8W,1509lm,90lm/W,35°,Installation=images/linibox-c/linibox-c-installation-17.pdf;LDT=images/linibox-c/ldt/LINIBOX_C-17-30C-90-FX-WD.ldt;Brochure=images/linibox-c/linibox-c-brochure.pdf,
Linibox C,,,,,,,,,,,,,,,,,,,Linibox C 17 16.8W 35°,LINIBOX C-17-40C-80-FX-WD-BL-230ND,Black,images/linibox-c/linibox-c-17-black.jpg,4000K,CRI>80,On/Off,IP65,UGR<20.6,Black · 205 × 46 × 85mm,16.8W,1817lm,108lm/W,35°,Installation=images/linibox-c/linibox-c-installation-17.pdf;LDT=images/linibox-c/ldt/LINIBOX_C-17-40C-80-FX-WD.ldt;Brochure=images/linibox-c/linibox-c-brochure.pdf,
Linibox C,,,,,,,,,,,,,,,,,,,Linibox C 17 16.8W 35°,LINIBOX C-17-40C-80-FX-WD-BL-230D,Black,images/linibox-c/linibox-c-17-black.jpg,4000K,CRI>80,Phase Dim,IP65,UGR<20.6,Black · 205 × 46 × 85mm,16.8W,1817lm,108lm/W,35°,Installation=images/linibox-c/linibox-c-installation-17.pdf;LDT=images/linibox-c/ldt/LINIBOX_C-17-40C-80-FX-WD.ldt;Brochure=images/linibox-c/linibox-c-brochure.pdf,
Linibox C,,,,,,,,,,,,,,,,,,,Linibox C 17 16.8W 35°,LINIBOX C-17-40C-90-FX-WD-BL-230ND,Black,images/linibox-c/linibox-c-17-black.jpg,4000K,CRI>90,On/Off,IP65,UGR<20.6,Black · 205 × 46 × 85mm,16.8W,1632lm,97lm/W,35°,Installation=images/linibox-c/linibox-c-installation-17.pdf;LDT=images/linibox-c/ldt/LINIBOX_C-17-40C-90-FX-WD.ldt;Brochure=images/linibox-c/linibox-c-brochure.pdf,
Linibox C,,,,,,,,,,,,,,,,,,,Linibox C 17 16.8W 35°,LINIBOX C-17-40C-90-FX-WD-BL-230D,Black,images/linibox-c/linibox-c-17-black.jpg,4000K,CRI>90,Phase Dim,IP65,UGR<20.6,Black · 205 × 46 × 85mm,16.8W,1632lm,97lm/W,35°,Installation=images/linibox-c/linibox-c-installation-17.pdf;LDT=images/linibox-c/ldt/LINIBOX_C-17-40C-90-FX-WD.ldt;Brochure=images/linibox-c/linibox-c-brochure.pdf,
Linibox C,,,,,,,,,,,,,,,,,,,Linibox C 17 16.8W 35°,LINIBOX C-17-50C-80-FX-WD-BL-230ND,Black,images/linibox-c/linibox-c-17-black.jpg,5000K,CRI>80,On/Off,IP65,UGR<20.6,Black · 205 × 46 × 85mm,16.8W,2002lm,119lm/W,35°,Installation=images/linibox-c/linibox-c-installation-17.pdf;LDT=images/linibox-c/ldt/LINIBOX_C-17-50C-80-FX-WD.ldt;Brochure=images/linibox-c/linibox-c-brochure.pdf,
Linibox C,,,,,,,,,,,,,,,,,,,Linibox C 17 16.8W 35°,LINIBOX C-17-50C-80-FX-WD-BL-230D,Black,images/linibox-c/linibox-c-17-black.jpg,5000K,CRI>80,Phase Dim,IP65,UGR<20.6,Black · 205 × 46 × 85mm,16.8W,2002lm,119lm/W,35°,Installation=images/linibox-c/linibox-c-installation-17.pdf;LDT=images/linibox-c/ldt/LINIBOX_C-17-50C-80-FX-WD.ldt;Brochure=images/linibox-c/linibox-c-brochure.pdf,
Linibox C,,,,,,,,,,,,,,,,,,,Linibox C 17 16.8W 35°,LINIBOX C-17-50C-90-FX-WD-BL-230ND,Black,images/linibox-c/linibox-c-17-black.jpg,5000K,CRI>90,On/Off,IP65,UGR<20.6,Black · 205 × 46 × 85mm,16.8W,1733lm,103lm/W,35°,Installation=images/linibox-c/linibox-c-installation-17.pdf;LDT=images/linibox-c/ldt/LINIBOX_C-17-50C-90-FX-WD.ldt;Brochure=images/linibox-c/linibox-c-brochure.pdf,
Linibox C,,,,,,,,,,,,,,,,,,,Linibox C 17 16.8W 35°,LINIBOX C-17-50C-90-FX-WD-BL-230D,Black,images/linibox-c/linibox-c-17-black.jpg,5000K,CRI>90,Phase Dim,IP65,UGR<20.6,Black · 205 × 46 × 85mm,16.8W,1733lm,103lm/W,35°,Installation=images/linibox-c/linibox-c-installation-17.pdf;LDT=images/linibox-c/ldt/LINIBOX_C-17-50C-90-FX-WD.ldt;Brochure=images/linibox-c/linibox-c-brochure.pdf,
Linibox C,,,,,,,,,,,,,,,,,,,Linibox C 17 16.8W 62°,LINIBOX C-17-27C-80-FX-VW-BL-230ND,Black,images/linibox-c/linibox-c-17-black.jpg,2700K,CRI>80,On/Off,IP65,UGR<23.6,Black · 205 × 46 × 85mm,16.8W,1357lm,81lm/W,62°,Installation=images/linibox-c/linibox-c-installation-17.pdf;LDT=images/linibox-c/ldt/LINIBOX_C-17-27C-80-FX-VW.ldt;Brochure=images/linibox-c/linibox-c-brochure.pdf,
Linibox C,,,,,,,,,,,,,,,,,,,Linibox C 17 16.8W 62°,LINIBOX C-17-27C-80-FX-VW-BL-230D,Black,images/linibox-c/linibox-c-17-black.jpg,2700K,CRI>80,Phase Dim,IP65,UGR<23.6,Black · 205 × 46 × 85mm,16.8W,1357lm,81lm/W,62°,Installation=images/linibox-c/linibox-c-installation-17.pdf;LDT=images/linibox-c/ldt/LINIBOX_C-17-27C-80-FX-VW.ldt;Brochure=images/linibox-c/linibox-c-brochure.pdf,
Linibox C,,,,,,,,,,,,,,,,,,,Linibox C 17 16.8W 62°,LINIBOX C-17-27C-90-FX-VW-BL-230ND,Black,images/linibox-c/linibox-c-17-black.jpg,2700K,CRI>90,On/Off,IP65,UGR<23.6,Black · 205 × 46 × 85mm,16.8W,1101lm,66lm/W,62°,Installation=images/linibox-c/linibox-c-installation-17.pdf;LDT=images/linibox-c/ldt/LINIBOX_C-17-27C-90-FX-VW.ldt;Brochure=images/linibox-c/linibox-c-brochure.pdf,
Linibox C,,,,,,,,,,,,,,,,,,,Linibox C 17 16.8W 62°,LINIBOX C-17-27C-90-FX-VW-BL-230D,Black,images/linibox-c/linibox-c-17-black.jpg,2700K,CRI>90,Phase Dim,IP65,UGR<23.6,Black · 205 × 46 × 85mm,16.8W,1101lm,66lm/W,62°,Installation=images/linibox-c/linibox-c-installation-17.pdf;LDT=images/linibox-c/ldt/LINIBOX_C-17-27C-90-FX-VW.ldt;Brochure=images/linibox-c/linibox-c-brochure.pdf,
Linibox C,,,,,,,,,,,,,,,,,,,Linibox C 17 16.8W 62°,LINIBOX C-17-30C-80-FX-VW-BL-230ND,Black,images/linibox-c/linibox-c-17-black.jpg,3000K,CRI>80,On/Off,IP65,UGR<23.6,Black · 205 × 46 × 85mm,16.8W,1434lm,85lm/W,62°,Installation=images/linibox-c/linibox-c-installation-17.pdf;LDT=images/linibox-c/ldt/LINIBOX_C-17-30C-80-FX-VW.ldt;Brochure=images/linibox-c/linibox-c-brochure.pdf,
Linibox C,,,,,,,,,,,,,,,,,,,Linibox C 17 16.8W 62°,LINIBOX C-17-30C-80-FX-VW-BL-230D,Black,images/linibox-c/linibox-c-17-black.jpg,3000K,CRI>80,Phase Dim,IP65,UGR<23.6,Black · 205 × 46 × 85mm,16.8W,1434lm,85lm/W,62°,Installation=images/linibox-c/linibox-c-installation-17.pdf;LDT=images/linibox-c/ldt/LINIBOX_C-17-30C-80-FX-VW.ldt;Brochure=images/linibox-c/linibox-c-brochure.pdf,
Linibox C,,,,,,,,,,,,,,,,,,,Linibox C 17 16.8W 62°,LINIBOX C-17-30C-90-FX-VW-BL-230ND,Black,images/linibox-c/linibox-c-17-black.jpg,3000K,CRI>90,On/Off,IP65,UGR<23.6,Black · 205 × 46 × 85mm,16.8W,1254lm,75lm/W,62°,Installation=images/linibox-c/linibox-c-installation-17.pdf;LDT=images/linibox-c/ldt/LINIBOX_C-17-30C-90-FX-VW.ldt;Brochure=images/linibox-c/linibox-c-brochure.pdf,
Linibox C,,,,,,,,,,,,,,,,,,,Linibox C 17 16.8W 62°,LINIBOX C-17-30C-90-FX-VW-BL-230D,Black,images/linibox-c/linibox-c-17-black.jpg,3000K,CRI>90,Phase Dim,IP65,UGR<23.6,Black · 205 × 46 × 85mm,16.8W,1254lm,75lm/W,62°,Installation=images/linibox-c/linibox-c-installation-17.pdf;LDT=images/linibox-c/ldt/LINIBOX_C-17-30C-90-FX-VW.ldt;Brochure=images/linibox-c/linibox-c-brochure.pdf,
Linibox C,,,,,,,,,,,,,,,,,,,Linibox C 17 16.8W 62°,LINIBOX C-17-40C-80-FX-VW-BL-230ND,Black,images/linibox-c/linibox-c-17-black.jpg,4000K,CRI>80,On/Off,IP65,UGR<23.6,Black · 205 × 46 × 85mm,16.8W,1510lm,90lm/W,62°,Installation=images/linibox-c/linibox-c-installation-17.pdf;LDT=images/linibox-c/ldt/LINIBOX_C-17-40C-80-FX-VW.ldt;Brochure=images/linibox-c/linibox-c-brochure.pdf,
Linibox C,,,,,,,,,,,,,,,,,,,Linibox C 17 16.8W 62°,LINIBOX C-17-40C-80-FX-VW-BL-230D,Black,images/linibox-c/linibox-c-17-black.jpg,4000K,CRI>80,Phase Dim,IP65,UGR<23.6,Black · 205 × 46 × 85mm,16.8W,1510lm,90lm/W,62°,Installation=images/linibox-c/linibox-c-installation-17.pdf;LDT=images/linibox-c/ldt/LINIBOX_C-17-40C-80-FX-VW.ldt;Brochure=images/linibox-c/linibox-c-brochure.pdf,
Linibox C,,,,,,,,,,,,,,,,,,,Linibox C 17 16.8W 62°,LINIBOX C-17-40C-90-FX-VW-BL-230ND,Black,images/linibox-c/linibox-c-17-black.jpg,4000K,CRI>90,On/Off,IP65,UGR<23.6,Black · 205 × 46 × 85mm,16.8W,1357lm,81lm/W,62°,Installation=images/linibox-c/linibox-c-installation-17.pdf;LDT=images/linibox-c/ldt/LINIBOX_C-17-40C-90-FX-VW.ldt;Brochure=images/linibox-c/linibox-c-brochure.pdf,
Linibox C,,,,,,,,,,,,,,,,,,,Linibox C 17 16.8W 62°,LINIBOX C-17-40C-90-FX-VW-BL-230D,Black,images/linibox-c/linibox-c-17-black.jpg,4000K,CRI>90,Phase Dim,IP65,UGR<23.6,Black · 205 × 46 × 85mm,16.8W,1357lm,81lm/W,62°,Installation=images/linibox-c/linibox-c-installation-17.pdf;LDT=images/linibox-c/ldt/LINIBOX_C-17-40C-90-FX-VW.ldt;Brochure=images/linibox-c/linibox-c-brochure.pdf,
Linibox C,,,,,,,,,,,,,,,,,,,Linibox C 17 16.8W 62°,LINIBOX C-17-50C-80-FX-VW-BL-230ND,Black,images/linibox-c/linibox-c-17-black.jpg,5000K,CRI>80,On/Off,IP65,UGR<23.6,Black · 205 × 46 × 85mm,16.8W,1664lm,99lm/W,62°,Installation=images/linibox-c/linibox-c-installation-17.pdf;LDT=images/linibox-c/ldt/LINIBOX_C-17-50C-80-FX-VW.ldt;Brochure=images/linibox-c/linibox-c-brochure.pdf,
Linibox C,,,,,,,,,,,,,,,,,,,Linibox C 17 16.8W 62°,LINIBOX C-17-50C-80-FX-VW-BL-230D,Black,images/linibox-c/linibox-c-17-black.jpg,5000K,CRI>80,Phase Dim,IP65,UGR<23.6,Black · 205 × 46 × 85mm,16.8W,1664lm,99lm/W,62°,Installation=images/linibox-c/linibox-c-installation-17.pdf;LDT=images/linibox-c/ldt/LINIBOX_C-17-50C-80-FX-VW.ldt;Brochure=images/linibox-c/linibox-c-brochure.pdf,
Linibox C,,,,,,,,,,,,,,,,,,,Linibox C 17 16.8W 62°,LINIBOX C-17-50C-90-FX-VW-BL-230ND,Black,images/linibox-c/linibox-c-17-black.jpg,5000K,CRI>90,On/Off,IP65,UGR<23.6,Black · 205 × 46 × 85mm,16.8W,1440lm,86lm/W,62°,Installation=images/linibox-c/linibox-c-installation-17.pdf;LDT=images/linibox-c/ldt/LINIBOX_C-17-50C-90-FX-VW.ldt;Brochure=images/linibox-c/linibox-c-brochure.pdf,
Linibox C,,,,,,,,,,,,,,,,,,,Linibox C 17 16.8W 62°,LINIBOX C-17-50C-90-FX-VW-BL-230D,Black,images/linibox-c/linibox-c-17-black.jpg,5000K,CRI>90,Phase Dim,IP65,UGR<23.6,Black · 205 × 46 × 85mm,16.8W,1440lm,86lm/W,62°,Installation=images/linibox-c/linibox-c-installation-17.pdf;LDT=images/linibox-c/ldt/LINIBOX_C-17-50C-90-FX-VW.ldt;Brochure=images/linibox-c/linibox-c-brochure.pdf,
Linibox C,,,,,,,,,,,,,,,,,,,Linibox C 17 16.8W 16°x30°,LINIBOX C-17-27C-80-FX-AS-BL-230ND,Black,images/linibox-c/linibox-c-17-black.jpg,2700K,CRI>80,On/Off,IP65,UGR<15.7,Black · 205 × 46 × 85mm,16.8W,1505lm,90lm/W,16°x30°,Installation=images/linibox-c/linibox-c-installation-17.pdf;LDT=images/linibox-c/ldt/LINIBOX_C-17-27C-80-FX-AS.ldt;Brochure=images/linibox-c/linibox-c-brochure.pdf,
Linibox C,,,,,,,,,,,,,,,,,,,Linibox C 17 16.8W 16°x30°,LINIBOX C-17-27C-80-FX-AS-BL-230D,Black,images/linibox-c/linibox-c-17-black.jpg,2700K,CRI>80,Phase Dim,IP65,UGR<15.7,Black · 205 × 46 × 85mm,16.8W,1505lm,90lm/W,16°x30°,Installation=images/linibox-c/linibox-c-installation-17.pdf;LDT=images/linibox-c/ldt/LINIBOX_C-17-27C-80-FX-AS.ldt;Brochure=images/linibox-c/linibox-c-brochure.pdf,
Linibox C,,,,,,,,,,,,,,,,,,,Linibox C 17 16.8W 16°x30°,LINIBOX C-17-27C-90-FX-AS-BL-230ND,Black,images/linibox-c/linibox-c-17-black.jpg,2700K,CRI>90,On/Off,IP65,UGR<15.7,Black · 205 × 46 × 85mm,16.8W,1221lm,73lm/W,16°x30°,Installation=images/linibox-c/linibox-c-installation-17.pdf;LDT=images/linibox-c/ldt/LINIBOX_C-17-27C-90-FX-AS.ldt;Brochure=images/linibox-c/linibox-c-brochure.pdf,
Linibox C,,,,,,,,,,,,,,,,,,,Linibox C 17 16.8W 16°x30°,LINIBOX C-17-27C-90-FX-AS-BL-230D,Black,images/linibox-c/linibox-c-17-black.jpg,2700K,CRI>90,Phase Dim,IP65,UGR<15.7,Black · 205 × 46 × 85mm,16.8W,1221lm,73lm/W,16°x30°,Installation=images/linibox-c/linibox-c-installation-17.pdf;LDT=images/linibox-c/ldt/LINIBOX_C-17-27C-90-FX-AS.ldt;Brochure=images/linibox-c/linibox-c-brochure.pdf,
Linibox C,,,,,,,,,,,,,,,,,,,Linibox C 17 16.8W 16°x30°,LINIBOX C-17-30C-80-FX-AS-BL-230ND,Black,images/linibox-c/linibox-c-17-black.jpg,3000K,CRI>80,On/Off,IP65,UGR<15.7,Black · 205 × 46 × 85mm,16.8W,1590lm,95lm/W,16°x30°,Installation=images/linibox-c/linibox-c-installation-17.pdf;LDT=images/linibox-c/ldt/LINIBOX_C-17-30C-80-FX-AS.ldt;Brochure=images/linibox-c/linibox-c-brochure.pdf,
Linibox C,,,,,,,,,,,,,,,,,,,Linibox C 17 16.8W 16°x30°,LINIBOX C-17-30C-80-FX-AS-BL-230D,Black,images/linibox-c/linibox-c-17-black.jpg,3000K,CRI>80,Phase Dim,IP65,UGR<15.7,Black · 205 × 46 × 85mm,16.8W,1590lm,95lm/W,16°x30°,Installation=images/linibox-c/linibox-c-installation-17.pdf;LDT=images/linibox-c/ldt/LINIBOX_C-17-30C-80-FX-AS.ldt;Brochure=images/linibox-c/linibox-c-brochure.pdf,
Linibox C,,,,,,,,,,,,,,,,,,,Linibox C 17 16.8W 16°x30°,LINIBOX C-17-30C-90-FX-AS-BL-230ND,Black,images/linibox-c/linibox-c-17-black.jpg,3000K,CRI>90,On/Off,IP65,UGR<15.7,Black · 205 × 46 × 85mm,16.8W,1392lm,83lm/W,16°x30°,Installation=images/linibox-c/linibox-c-installation-17.pdf;LDT=images/linibox-c/ldt/LINIBOX_C-17-30C-90-FX-AS.ldt;Brochure=images/linibox-c/linibox-c-brochure.pdf,
Linibox C,,,,,,,,,,,,,,,,,,,Linibox C 17 16.8W 16°x30°,LINIBOX C-17-30C-90-FX-AS-BL-230D,Black,images/linibox-c/linibox-c-17-black.jpg,3000K,CRI>90,Phase Dim,IP65,UGR<15.7,Black · 205 × 46 × 85mm,16.8W,1392lm,83lm/W,16°x30°,Installation=images/linibox-c/linibox-c-installation-17.pdf;LDT=images/linibox-c/ldt/LINIBOX_C-17-30C-90-FX-AS.ldt;Brochure=images/linibox-c/linibox-c-brochure.pdf,
Linibox C,,,,,,,,,,,,,,,,,,,Linibox C 17 16.8W 16°x30°,LINIBOX C-17-40C-80-FX-AS-BL-230ND,Black,images/linibox-c/linibox-c-17-black.jpg,4000K,CRI>80,On/Off,IP65,UGR<15.7,Black · 205 × 46 × 85mm,16.8W,1676lm,100lm/W,16°x30°,Installation=images/linibox-c/linibox-c-installation-17.pdf;LDT=images/linibox-c/ldt/LINIBOX_C-17-40C-80-FX-AS.ldt;Brochure=images/linibox-c/linibox-c-brochure.pdf,
Linibox C,,,,,,,,,,,,,,,,,,,Linibox C 17 16.8W 16°x30°,LINIBOX C-17-40C-80-FX-AS-BL-230D,Black,images/linibox-c/linibox-c-17-black.jpg,4000K,CRI>80,Phase Dim,IP65,UGR<15.7,Black · 205 × 46 × 85mm,16.8W,1676lm,100lm/W,16°x30°,Installation=images/linibox-c/linibox-c-installation-17.pdf;LDT=images/linibox-c/ldt/LINIBOX_C-17-40C-80-FX-AS.ldt;Brochure=images/linibox-c/linibox-c-brochure.pdf,
Linibox C,,,,,,,,,,,,,,,,,,,Linibox C 17 16.8W 16°x30°,LINIBOX C-17-40C-90-FX-AS-BL-230ND,Black,images/linibox-c/linibox-c-17-black.jpg,4000K,CRI>90,On/Off,IP65,UGR<15.7,Black · 205 × 46 × 85mm,16.8W,1505lm,90lm/W,16°x30°,Installation=images/linibox-c/linibox-c-installation-17.pdf;LDT=images/linibox-c/ldt/LINIBOX_C-17-40C-90-FX-AS.ldt;Brochure=images/linibox-c/linibox-c-brochure.pdf,
Linibox C,,,,,,,,,,,,,,,,,,,Linibox C 17 16.8W 16°x30°,LINIBOX C-17-40C-90-FX-AS-BL-230D,Black,images/linibox-c/linibox-c-17-black.jpg,4000K,CRI>90,Phase Dim,IP65,UGR<15.7,Black · 205 × 46 × 85mm,16.8W,1505lm,90lm/W,16°x30°,Installation=images/linibox-c/linibox-c-installation-17.pdf;LDT=images/linibox-c/ldt/LINIBOX_C-17-40C-90-FX-AS.ldt;Brochure=images/linibox-c/linibox-c-brochure.pdf,
Linibox C,,,,,,,,,,,,,,,,,,,Linibox C 17 16.8W 16°x30°,LINIBOX C-17-50C-80-FX-AS-BL-230ND,Black,images/linibox-c/linibox-c-17-black.jpg,5000K,CRI>80,On/Off,IP65,UGR<15.7,Black · 205 × 46 × 85mm,16.8W,1846lm,110lm/W,16°x30°,Installation=images/linibox-c/linibox-c-installation-17.pdf;LDT=images/linibox-c/ldt/LINIBOX_C-17-50C-80-FX-AS.ldt;Brochure=images/linibox-c/linibox-c-brochure.pdf,
Linibox C,,,,,,,,,,,,,,,,,,,Linibox C 17 16.8W 16°x30°,LINIBOX C-17-50C-80-FX-AS-BL-230D,Black,images/linibox-c/linibox-c-17-black.jpg,5000K,CRI>80,Phase Dim,IP65,UGR<15.7,Black · 205 × 46 × 85mm,16.8W,1846lm,110lm/W,16°x30°,Installation=images/linibox-c/linibox-c-installation-17.pdf;LDT=images/linibox-c/ldt/LINIBOX_C-17-50C-80-FX-AS.ldt;Brochure=images/linibox-c/linibox-c-brochure.pdf,
Linibox C,,,,,,,,,,,,,,,,,,,Linibox C 17 16.8W 16°x30°,LINIBOX C-17-50C-90-FX-AS-BL-230ND,Black,images/linibox-c/linibox-c-17-black.jpg,5000K,CRI>90,On/Off,IP65,UGR<15.7,Black · 205 × 46 × 85mm,16.8W,1598lm,95lm/W,16°x30°,Installation=images/linibox-c/linibox-c-installation-17.pdf;LDT=images/linibox-c/ldt/LINIBOX_C-17-50C-90-FX-AS.ldt;Brochure=images/linibox-c/linibox-c-brochure.pdf,
Linibox C,,,,,,,,,,,,,,,,,,,Linibox C 17 16.8W 16°x30°,LINIBOX C-17-50C-90-FX-AS-BL-230D,Black,images/linibox-c/linibox-c-17-black.jpg,5000K,CRI>90,Phase Dim,IP65,UGR<15.7,Black · 205 × 46 × 85mm,16.8W,1598lm,95lm/W,16°x30°,Installation=images/linibox-c/linibox-c-installation-17.pdf;LDT=images/linibox-c/ldt/LINIBOX_C-17-50C-90-FX-AS.ldt;Brochure=images/linibox-c/linibox-c-brochure.pdf,
Linibox C,,,,,,,,,,,,,,,,,,,Linibox C 8 8.4W 17°,LINIBOX C-08-27C-80-FX-VN-WH-230ND,White,images/linibox-c/linibox-c-8-white.jpg,2700K,CRI>80,On/Off,IP65,UGR<13.7,White · 115 × 46 × 85mm,8.4W,753lm,90lm/W,17°,Installation=images/linibox-c/linibox-c-installation-8.pdf;LDT=images/linibox-c/ldt/LINIBOX_C-08-27C-80-FX-VN.ldt;Brochure=images/linibox-c/linibox-c-brochure.pdf,
Linibox C,,,,,,,,,,,,,,,,,,,Linibox C 8 8.4W 17°,LINIBOX C-08-27C-80-FX-VN-WH-230D,White,images/linibox-c/linibox-c-8-white.jpg,2700K,CRI>80,Phase Dim,IP65,UGR<13.7,White · 115 × 46 × 85mm,8.4W,753lm,90lm/W,17°,Installation=images/linibox-c/linibox-c-installation-8.pdf;LDT=images/linibox-c/ldt/LINIBOX_C-08-27C-80-FX-VN.ldt;Brochure=images/linibox-c/linibox-c-brochure.pdf,
Linibox C,,,,,,,,,,,,,,,,,,,Linibox C 8 8.4W 17°,LINIBOX C-08-27C-90-FX-VN-WH-230ND,White,images/linibox-c/linibox-c-8-white.jpg,2700K,CRI>90,On/Off,IP65,UGR<13.7,White · 115 × 46 × 85mm,8.4W,611lm,73lm/W,17°,Installation=images/linibox-c/linibox-c-installation-8.pdf;LDT=images/linibox-c/ldt/LINIBOX_C-08-27C-90-FX-VN.ldt;Brochure=images/linibox-c/linibox-c-brochure.pdf,
Linibox C,,,,,,,,,,,,,,,,,,,Linibox C 8 8.4W 17°,LINIBOX C-08-27C-90-FX-VN-WH-230D,White,images/linibox-c/linibox-c-8-white.jpg,2700K,CRI>90,Phase Dim,IP65,UGR<13.7,White · 115 × 46 × 85mm,8.4W,611lm,73lm/W,17°,Installation=images/linibox-c/linibox-c-installation-8.pdf;LDT=images/linibox-c/ldt/LINIBOX_C-08-27C-90-FX-VN.ldt;Brochure=images/linibox-c/linibox-c-brochure.pdf,
Linibox C,,,,,,,,,,,,,,,,,,,Linibox C 8 8.4W 17°,LINIBOX C-08-30C-80-FX-VN-WH-230ND,White,images/linibox-c/linibox-c-8-white.jpg,3000K,CRI>80,On/Off,IP65,UGR<13.7,White · 115 × 46 × 85mm,8.4W,795lm,95lm/W,17°,Installation=images/linibox-c/linibox-c-installation-8.pdf;LDT=images/linibox-c/ldt/LINIBOX_C-08-30C-80-FX-VN.ldt;Brochure=images/linibox-c/linibox-c-brochure.pdf,
Linibox C,,,,,,,,,,,,,,,,,,,Linibox C 8 8.4W 17°,LINIBOX C-08-30C-80-FX-VN-WH-230D,White,images/linibox-c/linibox-c-8-white.jpg,3000K,CRI>80,Phase Dim,IP65,UGR<13.7,White · 115 × 46 × 85mm,8.4W,795lm,95lm/W,17°,Installation=images/linibox-c/linibox-c-installation-8.pdf;LDT=images/linibox-c/ldt/LINIBOX_C-08-30C-80-FX-VN.ldt;Brochure=images/linibox-c/linibox-c-brochure.pdf,
Linibox C,,,,,,,,,,,,,,,,,,,Linibox C 8 8.4W 17°,LINIBOX C-08-30C-90-FX-VN-WH-230ND,White,images/linibox-c/linibox-c-8-white.jpg,3000K,CRI>90,On/Off,IP65,UGR<13.7,White · 115 × 46 × 85mm,8.4W,696lm,83lm/W,17°,Installation=images/linibox-c/linibox-c-installation-8.pdf;LDT=images/linibox-c/ldt/LINIBOX_C-08-30C-90-FX-VN.ldt;Brochure=images/linibox-c/linibox-c-brochure.pdf,
Linibox C,,,,,,,,,,,,,,,,,,,Linibox C 8 8.4W 17°,LINIBOX C-08-30C-90-FX-VN-WH-230D,White,images/linibox-c/linibox-c-8-white.jpg,3000K,CRI>90,Phase Dim,IP65,UGR<13.7,White · 115 × 46 × 85mm,8.4W,696lm,83lm/W,17°,Installation=images/linibox-c/linibox-c-installation-8.pdf;LDT=images/linibox-c/ldt/LINIBOX_C-08-30C-90-FX-VN.ldt;Brochure=images/linibox-c/linibox-c-brochure.pdf,
Linibox C,,,,,,,,,,,,,,,,,,,Linibox C 8 8.4W 17°,LINIBOX C-08-40C-80-FX-VN-WH-230ND,White,images/linibox-c/linibox-c-8-white.jpg,4000K,CRI>80,On/Off,IP65,UGR<13.7,White · 115 × 46 × 85mm,8.4W,838lm,100lm/W,17°,Installation=images/linibox-c/linibox-c-installation-8.pdf;LDT=images/linibox-c/ldt/LINIBOX_C-08-40C-80-FX-VN.ldt;Brochure=images/linibox-c/linibox-c-brochure.pdf,
Linibox C,,,,,,,,,,,,,,,,,,,Linibox C 8 8.4W 17°,LINIBOX C-08-40C-80-FX-VN-WH-230D,White,images/linibox-c/linibox-c-8-white.jpg,4000K,CRI>80,Phase Dim,IP65,UGR<13.7,White · 115 × 46 × 85mm,8.4W,838lm,100lm/W,17°,Installation=images/linibox-c/linibox-c-installation-8.pdf;LDT=images/linibox-c/ldt/LINIBOX_C-08-40C-80-FX-VN.ldt;Brochure=images/linibox-c/linibox-c-brochure.pdf,
Linibox C,,,,,,,,,,,,,,,,,,,Linibox C 8 8.4W 17°,LINIBOX C-08-40C-90-FX-VN-WH-230ND,White,images/linibox-c/linibox-c-8-white.jpg,4000K,CRI>90,On/Off,IP65,UGR<13.7,White · 115 × 46 × 85mm,8.4W,753lm,90lm/W,17°,Installation=images/linibox-c/linibox-c-installation-8.pdf;LDT=images/linibox-c/ldt/LINIBOX_C-08-40C-90-FX-VN.ldt;Brochure=images/linibox-c/linibox-c-brochure.pdf,
Linibox C,,,,,,,,,,,,,,,,,,,Linibox C 8 8.4W 17°,LINIBOX C-08-40C-90-FX-VN-WH-230D,White,images/linibox-c/linibox-c-8-white.jpg,4000K,CRI>90,Phase Dim,IP65,UGR<13.7,White · 115 × 46 × 85mm,8.4W,753lm,90lm/W,17°,Installation=images/linibox-c/linibox-c-installation-8.pdf;LDT=images/linibox-c/ldt/LINIBOX_C-08-40C-90-FX-VN.ldt;Brochure=images/linibox-c/linibox-c-brochure.pdf,
Linibox C,,,,,,,,,,,,,,,,,,,Linibox C 8 8.4W 17°,LINIBOX C-08-50C-80-FX-VN-WH-230ND,White,images/linibox-c/linibox-c-8-white.jpg,5000K,CRI>80,On/Off,IP65,UGR<13.7,White · 115 × 46 × 85mm,8.4W,923lm,110lm/W,17°,Installation=images/linibox-c/linibox-c-installation-8.pdf;LDT=images/linibox-c/ldt/LINIBOX_C-08-50C-80-FX-VN.ldt;Brochure=images/linibox-c/linibox-c-brochure.pdf,
Linibox C,,,,,,,,,,,,,,,,,,,Linibox C 8 8.4W 17°,LINIBOX C-08-50C-80-FX-VN-WH-230D,White,images/linibox-c/linibox-c-8-white.jpg,5000K,CRI>80,Phase Dim,IP65,UGR<13.7,White · 115 × 46 × 85mm,8.4W,923lm,110lm/W,17°,Installation=images/linibox-c/linibox-c-installation-8.pdf;LDT=images/linibox-c/ldt/LINIBOX_C-08-50C-80-FX-VN.ldt;Brochure=images/linibox-c/linibox-c-brochure.pdf,
Linibox C,,,,,,,,,,,,,,,,,,,Linibox C 8 8.4W 17°,LINIBOX C-08-50C-90-FX-VN-WH-230ND,White,images/linibox-c/linibox-c-8-white.jpg,5000K,CRI>90,On/Off,IP65,UGR<13.7,White · 115 × 46 × 85mm,8.4W,799lm,95lm/W,17°,Installation=images/linibox-c/linibox-c-installation-8.pdf;LDT=images/linibox-c/ldt/LINIBOX_C-08-50C-90-FX-VN.ldt;Brochure=images/linibox-c/linibox-c-brochure.pdf,
Linibox C,,,,,,,,,,,,,,,,,,,Linibox C 8 8.4W 17°,LINIBOX C-08-50C-90-FX-VN-WH-230D,White,images/linibox-c/linibox-c-8-white.jpg,5000K,CRI>90,Phase Dim,IP65,UGR<13.7,White · 115 × 46 × 85mm,8.4W,799lm,95lm/W,17°,Installation=images/linibox-c/linibox-c-installation-8.pdf;LDT=images/linibox-c/ldt/LINIBOX_C-08-50C-90-FX-VN.ldt;Brochure=images/linibox-c/linibox-c-brochure.pdf,
Linibox C,,,,,,,,,,,,,,,,,,,Linibox C 8 8.4W 21°,LINIBOX C-08-27C-80-FX-NR-WH-230ND,White,images/linibox-c/linibox-c-8-white.jpg,2700K,CRI>80,On/Off,IP65,UGR<13.1,White · 115 × 46 × 85mm,8.4W,912lm,109lm/W,21°,Installation=images/linibox-c/linibox-c-installation-8.pdf;LDT=images/linibox-c/ldt/LINIBOX_C-08-27C-80-FX-NR.ldt;Brochure=images/linibox-c/linibox-c-brochure.pdf,
Linibox C,,,,,,,,,,,,,,,,,,,Linibox C 8 8.4W 21°,LINIBOX C-08-27C-80-FX-NR-WH-230D,White,images/linibox-c/linibox-c-8-white.jpg,2700K,CRI>80,Phase Dim,IP65,UGR<13.1,White · 115 × 46 × 85mm,8.4W,912lm,109lm/W,21°,Installation=images/linibox-c/linibox-c-installation-8.pdf;LDT=images/linibox-c/ldt/LINIBOX_C-08-27C-80-FX-NR.ldt;Brochure=images/linibox-c/linibox-c-brochure.pdf,
Linibox C,,,,,,,,,,,,,,,,,,,Linibox C 8 8.4W 21°,LINIBOX C-08-27C-90-FX-NR-WH-230ND,White,images/linibox-c/linibox-c-8-white.jpg,2700K,CRI>90,On/Off,IP65,UGR<13.1,White · 115 × 46 × 85mm,8.4W,740lm,88lm/W,21°,Installation=images/linibox-c/linibox-c-installation-8.pdf;LDT=images/linibox-c/ldt/LINIBOX_C-08-27C-90-FX-NR.ldt;Brochure=images/linibox-c/linibox-c-brochure.pdf,
Linibox C,,,,,,,,,,,,,,,,,,,Linibox C 8 8.4W 21°,LINIBOX C-08-27C-90-FX-NR-WH-230D,White,images/linibox-c/linibox-c-8-white.jpg,2700K,CRI>90,Phase Dim,IP65,UGR<13.1,White · 115 × 46 × 85mm,8.4W,740lm,88lm/W,21°,Installation=images/linibox-c/linibox-c-installation-8.pdf;LDT=images/linibox-c/ldt/LINIBOX_C-08-27C-90-FX-NR.ldt;Brochure=images/linibox-c/linibox-c-brochure.pdf,
Linibox C,,,,,,,,,,,,,,,,,,,Linibox C 8 8.4W 21°,LINIBOX C-08-30C-80-FX-NR-WH-230ND,White,images/linibox-c/linibox-c-8-white.jpg,3000K,CRI>80,On/Off,IP65,UGR<13.1,White · 115 × 46 × 85mm,8.4W,963lm,115lm/W,21°,Installation=images/linibox-c/linibox-c-installation-8.pdf;LDT=images/linibox-c/ldt/LINIBOX_C-08-30C-80-FX-NR.ldt;Brochure=images/linibox-c/linibox-c-brochure.pdf,
Linibox C,,,,,,,,,,,,,,,,,,,Linibox C 8 8.4W 21°,LINIBOX C-08-30C-80-FX-NR-WH-230D,White,images/linibox-c/linibox-c-8-white.jpg,3000K,CRI>80,Phase Dim,IP65,UGR<13.1,White · 115 × 46 × 85mm,8.4W,963lm,115lm/W,21°,Installation=images/linibox-c/linibox-c-installation-8.pdf;LDT=images/linibox-c/ldt/LINIBOX_C-08-30C-80-FX-NR.ldt;Brochure=images/linibox-c/linibox-c-brochure.pdf,
Linibox C,,,,,,,,,,,,,,,,,,,Linibox C 8 8.4W 21°,LINIBOX C-08-30C-90-FX-NR-WH-230ND,White,images/linibox-c/linibox-c-8-white.jpg,3000K,CRI>90,On/Off,IP65,UGR<13.1,White · 115 × 46 × 85mm,8.4W,843lm,100lm/W,21°,Installation=images/linibox-c/linibox-c-installation-8.pdf;LDT=images/linibox-c/ldt/LINIBOX_C-08-30C-90-FX-NR.ldt;Brochure=images/linibox-c/linibox-c-brochure.pdf,
Linibox C,,,,,,,,,,,,,,,,,,,Linibox C 8 8.4W 21°,LINIBOX C-08-30C-90-FX-NR-WH-230D,White,images/linibox-c/linibox-c-8-white.jpg,3000K,CRI>90,Phase Dim,IP65,UGR<13.1,White · 115 × 46 × 85mm,8.4W,843lm,100lm/W,21°,Installation=images/linibox-c/linibox-c-installation-8.pdf;LDT=images/linibox-c/ldt/LINIBOX_C-08-30C-90-FX-NR.ldt;Brochure=images/linibox-c/linibox-c-brochure.pdf,
Linibox C,,,,,,,,,,,,,,,,,,,Linibox C 8 8.4W 21°,LINIBOX C-08-40C-80-FX-NR-WH-230ND,White,images/linibox-c/linibox-c-8-white.jpg,4000K,CRI>80,On/Off,IP65,UGR<13.1,White · 115 × 46 × 85mm,8.4W,1015lm,121lm/W,21°,Installation=images/linibox-c/linibox-c-installation-8.pdf;LDT=images/linibox-c/ldt/LINIBOX_C-08-40C-80-FX-NR.ldt;Brochure=images/linibox-c/linibox-c-brochure.pdf,
Linibox C,,,,,,,,,,,,,,,,,,,Linibox C 8 8.4W 21°,LINIBOX C-08-40C-80-FX-NR-WH-230D,White,images/linibox-c/linibox-c-8-white.jpg,4000K,CRI>80,Phase Dim,IP65,UGR<13.1,White · 115 × 46 × 85mm,8.4W,1015lm,121lm/W,21°,Installation=images/linibox-c/linibox-c-installation-8.pdf;LDT=images/linibox-c/ldt/LINIBOX_C-08-40C-80-FX-NR.ldt;Brochure=images/linibox-c/linibox-c-brochure.pdf,
Linibox C,,,,,,,,,,,,,,,,,,,Linibox C 8 8.4W 21°,LINIBOX C-08-40C-90-FX-NR-WH-230ND,White,images/linibox-c/linibox-c-8-white.jpg,4000K,CRI>90,On/Off,IP65,UGR<13.1,White · 115 × 46 × 85mm,8.4W,912lm,109lm/W,21°,Installation=images/linibox-c/linibox-c-installation-8.pdf;LDT=images/linibox-c/ldt/LINIBOX_C-08-40C-90-FX-NR.ldt;Brochure=images/linibox-c/linibox-c-brochure.pdf,
Linibox C,,,,,,,,,,,,,,,,,,,Linibox C 8 8.4W 21°,LINIBOX C-08-40C-90-FX-NR-WH-230D,White,images/linibox-c/linibox-c-8-white.jpg,4000K,CRI>90,Phase Dim,IP65,UGR<13.1,White · 115 × 46 × 85mm,8.4W,912lm,109lm/W,21°,Installation=images/linibox-c/linibox-c-installation-8.pdf;LDT=images/linibox-c/ldt/LINIBOX_C-08-40C-90-FX-NR.ldt;Brochure=images/linibox-c/linibox-c-brochure.pdf,
Linibox C,,,,,,,,,,,,,,,,,,,Linibox C 8 8.4W 21°,LINIBOX C-08-50C-80-FX-NR-WH-230ND,White,images/linibox-c/linibox-c-8-white.jpg,5000K,CRI>80,On/Off,IP65,UGR<13.1,White · 115 × 46 × 85mm,8.4W,1118lm,133lm/W,21°,Installation=images/linibox-c/linibox-c-installation-8.pdf;LDT=images/linibox-c/ldt/LINIBOX_C-08-50C-80-FX-NR.ldt;Brochure=images/linibox-c/linibox-c-brochure.pdf,
Linibox C,,,,,,,,,,,,,,,,,,,Linibox C 8 8.4W 21°,LINIBOX C-08-50C-80-FX-NR-WH-230D,White,images/linibox-c/linibox-c-8-white.jpg,5000K,CRI>80,Phase Dim,IP65,UGR<13.1,White · 115 × 46 × 85mm,8.4W,1118lm,133lm/W,21°,Installation=images/linibox-c/linibox-c-installation-8.pdf;LDT=images/linibox-c/ldt/LINIBOX_C-08-50C-80-FX-NR.ldt;Brochure=images/linibox-c/linibox-c-brochure.pdf,
Linibox C,,,,,,,,,,,,,,,,,,,Linibox C 8 8.4W 21°,LINIBOX C-08-50C-90-FX-NR-WH-230ND,White,images/linibox-c/linibox-c-8-white.jpg,5000K,CRI>90,On/Off,IP65,UGR<13.1,White · 115 × 46 × 85mm,8.4W,968lm,115lm/W,21°,Installation=images/linibox-c/linibox-c-installation-8.pdf;LDT=images/linibox-c/ldt/LINIBOX_C-08-50C-90-FX-NR.ldt;Brochure=images/linibox-c/linibox-c-brochure.pdf,
Linibox C,,,,,,,,,,,,,,,,,,,Linibox C 8 8.4W 21°,LINIBOX C-08-50C-90-FX-NR-WH-230D,White,images/linibox-c/linibox-c-8-white.jpg,5000K,CRI>90,Phase Dim,IP65,UGR<13.1,White · 115 × 46 × 85mm,8.4W,968lm,115lm/W,21°,Installation=images/linibox-c/linibox-c-installation-8.pdf;LDT=images/linibox-c/ldt/LINIBOX_C-08-50C-90-FX-NR.ldt;Brochure=images/linibox-c/linibox-c-brochure.pdf,
Linibox C,,,,,,,,,,,,,,,,,,,Linibox C 8 8.4W 25°,LINIBOX C-08-27C-80-FX-MD-WH-230ND,White,images/linibox-c/linibox-c-8-white.jpg,2700K,CRI>80,On/Off,IP65,UGR<12.5,White · 115 × 46 × 85mm,8.4W,806lm,96lm/W,25°,Installation=images/linibox-c/linibox-c-installation-8.pdf;LDT=images/linibox-c/ldt/LINIBOX_C-08-27C-80-FX-MD.ldt;Brochure=images/linibox-c/linibox-c-brochure.pdf,
Linibox C,,,,,,,,,,,,,,,,,,,Linibox C 8 8.4W 25°,LINIBOX C-08-27C-80-FX-MD-WH-230D,White,images/linibox-c/linibox-c-8-white.jpg,2700K,CRI>80,Phase Dim,IP65,UGR<12.5,White · 115 × 46 × 85mm,8.4W,806lm,96lm/W,25°,Installation=images/linibox-c/linibox-c-installation-8.pdf;LDT=images/linibox-c/ldt/LINIBOX_C-08-27C-80-FX-MD.ldt;Brochure=images/linibox-c/linibox-c-brochure.pdf,
Linibox C,,,,,,,,,,,,,,,,,,,Linibox C 8 8.4W 25°,LINIBOX C-08-27C-90-FX-MD-WH-230ND,White,images/linibox-c/linibox-c-8-white.jpg,2700K,CRI>90,On/Off,IP65,UGR<12.5,White · 115 × 46 × 85mm,8.4W,654lm,78lm/W,25°,Installation=images/linibox-c/linibox-c-installation-8.pdf;LDT=images/linibox-c/ldt/LINIBOX_C-08-27C-90-FX-MD.ldt;Brochure=images/linibox-c/linibox-c-brochure.pdf,
Linibox C,,,,,,,,,,,,,,,,,,,Linibox C 8 8.4W 25°,LINIBOX C-08-27C-90-FX-MD-WH-230D,White,images/linibox-c/linibox-c-8-white.jpg,2700K,CRI>90,Phase Dim,IP65,UGR<12.5,White · 115 × 46 × 85mm,8.4W,654lm,78lm/W,25°,Installation=images/linibox-c/linibox-c-installation-8.pdf;LDT=images/linibox-c/ldt/LINIBOX_C-08-27C-90-FX-MD.ldt;Brochure=images/linibox-c/linibox-c-brochure.pdf,
Linibox C,,,,,,,,,,,,,,,,,,,Linibox C 8 8.4W 25°,LINIBOX C-08-30C-80-FX-MD-WH-230ND,White,images/linibox-c/linibox-c-8-white.jpg,3000K,CRI>80,On/Off,IP65,UGR<12.5,White · 115 × 46 × 85mm,8.4W,851lm,101lm/W,25°,Installation=images/linibox-c/linibox-c-installation-8.pdf;LDT=images/linibox-c/ldt/LINIBOX_C-08-30C-80-FX-MD.ldt;Brochure=images/linibox-c/linibox-c-brochure.pdf,
Linibox C,,,,,,,,,,,,,,,,,,,Linibox C 8 8.4W 25°,LINIBOX C-08-30C-80-FX-MD-WH-230D,White,images/linibox-c/linibox-c-8-white.jpg,3000K,CRI>80,Phase Dim,IP65,UGR<12.5,White · 115 × 46 × 85mm,8.4W,851lm,101lm/W,25°,Installation=images/linibox-c/linibox-c-installation-8.pdf;LDT=images/linibox-c/ldt/LINIBOX_C-08-30C-80-FX-MD.ldt;Brochure=images/linibox-c/linibox-c-brochure.pdf,
Linibox C,,,,,,,,,,,,,,,,,,,Linibox C 8 8.4W 25°,LINIBOX C-08-30C-90-FX-MD-WH-230ND,White,images/linibox-c/linibox-c-8-white.jpg,3000K,CRI>90,On/Off,IP65,UGR<12.5,White · 115 × 46 × 85mm,8.4W,745lm,89lm/W,25°,Installation=images/linibox-c/linibox-c-installation-8.pdf;LDT=images/linibox-c/ldt/LINIBOX_C-08-30C-90-FX-MD.ldt;Brochure=images/linibox-c/linibox-c-brochure.pdf,
Linibox C,,,,,,,,,,,,,,,,,,,Linibox C 8 8.4W 25°,LINIBOX C-08-30C-90-FX-MD-WH-230D,White,images/linibox-c/linibox-c-8-white.jpg,3000K,CRI>90,Phase Dim,IP65,UGR<12.5,White · 115 × 46 × 85mm,8.4W,745lm,89lm/W,25°,Installation=images/linibox-c/linibox-c-installation-8.pdf;LDT=images/linibox-c/ldt/LINIBOX_C-08-30C-90-FX-MD.ldt;Brochure=images/linibox-c/linibox-c-brochure.pdf,
Linibox C,,,,,,,,,,,,,,,,,,,Linibox C 8 8.4W 25°,LINIBOX C-08-40C-80-FX-MD-WH-230ND,White,images/linibox-c/linibox-c-8-white.jpg,4000K,CRI>80,On/Off,IP65,UGR<12.5,White · 115 × 46 × 85mm,8.4W,897lm,107lm/W,25°,Installation=images/linibox-c/linibox-c-installation-8.pdf;LDT=images/linibox-c/ldt/LINIBOX_C-08-40C-80-FX-MD.ldt;Brochure=images/linibox-c/linibox-c-brochure.pdf,
Linibox C,,,,,,,,,,,,,,,,,,,Linibox C 8 8.4W 25°,LINIBOX C-08-40C-80-FX-MD-WH-230D,White,images/linibox-c/linibox-c-8-white.jpg,4000K,CRI>80,Phase Dim,IP65,UGR<12.5,White · 115 × 46 × 85mm,8.4W,897lm,107lm/W,25°,Installation=images/linibox-c/linibox-c-installation-8.pdf;LDT=images/linibox-c/ldt/LINIBOX_C-08-40C-80-FX-MD.ldt;Brochure=images/linibox-c/linibox-c-brochure.pdf,
Linibox C,,,,,,,,,,,,,,,,,,,Linibox C 8 8.4W 25°,LINIBOX C-08-40C-90-FX-MD-WH-230ND,White,images/linibox-c/linibox-c-8-white.jpg,4000K,CRI>90,On/Off,IP65,UGR<12.5,White · 115 × 46 × 85mm,8.4W,806lm,96lm/W,25°,Installation=images/linibox-c/linibox-c-installation-8.pdf;LDT=images/linibox-c/ldt/LINIBOX_C-08-40C-90-FX-MD.ldt;Brochure=images/linibox-c/linibox-c-brochure.pdf,
Linibox C,,,,,,,,,,,,,,,,,,,Linibox C 8 8.4W 25°,LINIBOX C-08-40C-90-FX-MD-WH-230D,White,images/linibox-c/linibox-c-8-white.jpg,4000K,CRI>90,Phase Dim,IP65,UGR<12.5,White · 115 × 46 × 85mm,8.4W,806lm,96lm/W,25°,Installation=images/linibox-c/linibox-c-installation-8.pdf;LDT=images/linibox-c/ldt/LINIBOX_C-08-40C-90-FX-MD.ldt;Brochure=images/linibox-c/linibox-c-brochure.pdf,
Linibox C,,,,,,,,,,,,,,,,,,,Linibox C 8 8.4W 25°,LINIBOX C-08-50C-80-FX-MD-WH-230ND,White,images/linibox-c/linibox-c-8-white.jpg,5000K,CRI>80,On/Off,IP65,UGR<12.5,White · 115 × 46 × 85mm,8.4W,988lm,118lm/W,25°,Installation=images/linibox-c/linibox-c-installation-8.pdf;LDT=images/linibox-c/ldt/LINIBOX_C-08-50C-80-FX-MD.ldt;Brochure=images/linibox-c/linibox-c-brochure.pdf,
Linibox C,,,,,,,,,,,,,,,,,,,Linibox C 8 8.4W 25°,LINIBOX C-08-50C-80-FX-MD-WH-230D,White,images/linibox-c/linibox-c-8-white.jpg,5000K,CRI>80,Phase Dim,IP65,UGR<12.5,White · 115 × 46 × 85mm,8.4W,988lm,118lm/W,25°,Installation=images/linibox-c/linibox-c-installation-8.pdf;LDT=images/linibox-c/ldt/LINIBOX_C-08-50C-80-FX-MD.ldt;Brochure=images/linibox-c/linibox-c-brochure.pdf,
Linibox C,,,,,,,,,,,,,,,,,,,Linibox C 8 8.4W 25°,LINIBOX C-08-50C-90-FX-MD-WH-230ND,White,images/linibox-c/linibox-c-8-white.jpg,5000K,CRI>90,On/Off,IP65,UGR<12.5,White · 115 × 46 × 85mm,8.4W,855lm,102lm/W,25°,Installation=images/linibox-c/linibox-c-installation-8.pdf;LDT=images/linibox-c/ldt/LINIBOX_C-08-50C-90-FX-MD.ldt;Brochure=images/linibox-c/linibox-c-brochure.pdf,
Linibox C,,,,,,,,,,,,,,,,,,,Linibox C 8 8.4W 25°,LINIBOX C-08-50C-90-FX-MD-WH-230D,White,images/linibox-c/linibox-c-8-white.jpg,5000K,CRI>90,Phase Dim,IP65,UGR<12.5,White · 115 × 46 × 85mm,8.4W,855lm,102lm/W,25°,Installation=images/linibox-c/linibox-c-installation-8.pdf;LDT=images/linibox-c/ldt/LINIBOX_C-08-50C-90-FX-MD.ldt;Brochure=images/linibox-c/linibox-c-brochure.pdf,
Linibox C,,,,,,,,,,,,,,,,,,,Linibox C 8 8.4W 35°,LINIBOX C-08-27C-80-FX-WD-WH-230ND,White,images/linibox-c/linibox-c-8-white.jpg,2700K,CRI>80,On/Off,IP65,UGR<20.6,White · 115 × 46 × 85mm,8.4W,816lm,97lm/W,35°,Installation=images/linibox-c/linibox-c-installation-8.pdf;LDT=images/linibox-c/ldt/LINIBOX_C-08-27C-80-FX-WD.ldt;Brochure=images/linibox-c/linibox-c-brochure.pdf,
Linibox C,,,,,,,,,,,,,,,,,,,Linibox C 8 8.4W 35°,LINIBOX C-08-27C-80-FX-WD-WH-230D,White,images/linibox-c/linibox-c-8-white.jpg,2700K,CRI>80,Phase Dim,IP65,UGR<20.6,White · 115 × 46 × 85mm,8.4W,816lm,97lm/W,35°,Installation=images/linibox-c/linibox-c-installation-8.pdf;LDT=images/linibox-c/ldt/LINIBOX_C-08-27C-80-FX-WD.ldt;Brochure=images/linibox-c/linibox-c-brochure.pdf,
Linibox C,,,,,,,,,,,,,,,,,,,Linibox C 8 8.4W 35°,LINIBOX C-08-27C-90-FX-WD-WH-230ND,White,images/linibox-c/linibox-c-8-white.jpg,2700K,CRI>90,On/Off,IP65,UGR<20.6,White · 115 × 46 × 85mm,8.4W,662lm,79lm/W,35°,Installation=images/linibox-c/linibox-c-installation-8.pdf;LDT=images/linibox-c/ldt/LINIBOX_C-08-27C-90-FX-WD.ldt;Brochure=images/linibox-c/linibox-c-brochure.pdf,
Linibox C,,,,,,,,,,,,,,,,,,,Linibox C 8 8.4W 35°,LINIBOX C-08-27C-90-FX-WD-WH-230D,White,images/linibox-c/linibox-c-8-white.jpg,2700K,CRI>90,Phase Dim,IP65,UGR<20.6,White · 115 × 46 × 85mm,8.4W,662lm,79lm/W,35°,Installation=images/linibox-c/linibox-c-installation-8.pdf;LDT=images/linibox-c/ldt/LINIBOX_C-08-27C-90-FX-WD.ldt;Brochure=images/linibox-c/linibox-c-brochure.pdf,
Linibox C,,,,,,,,,,,,,,,,,,,Linibox C 8 8.4W 35°,LINIBOX C-08-30C-80-FX-WD-WH-230ND,White,images/linibox-c/linibox-c-8-white.jpg,3000K,CRI>80,On/Off,IP65,UGR<20.6,White · 115 × 46 × 85mm,8.4W,862lm,103lm/W,35°,Installation=images/linibox-c/linibox-c-installation-8.pdf;LDT=images/linibox-c/ldt/LINIBOX_C-08-30C-80-FX-WD.ldt;Brochure=images/linibox-c/linibox-c-brochure.pdf,
Linibox C,,,,,,,,,,,,,,,,,,,Linibox C 8 8.4W 35°,LINIBOX C-08-30C-80-FX-WD-WH-230D,White,images/linibox-c/linibox-c-8-white.jpg,3000K,CRI>80,Phase Dim,IP65,UGR<20.6,White · 115 × 46 × 85mm,8.4W,862lm,103lm/W,35°,Installation=images/linibox-c/linibox-c-installation-8.pdf;LDT=images/linibox-c/ldt/LINIBOX_C-08-30C-80-FX-WD.ldt;Brochure=images/linibox-c/linibox-c-brochure.pdf,
Linibox C,,,,,,,,,,,,,,,,,,,Linibox C 8 8.4W 35°,LINIBOX C-08-30C-90-FX-WD-WH-230ND,White,images/linibox-c/linibox-c-8-white.jpg,3000K,CRI>90,On/Off,IP65,UGR<20.6,White · 115 × 46 × 85mm,8.4W,755lm,90lm/W,35°,Installation=images/linibox-c/linibox-c-installation-8.pdf;LDT=images/linibox-c/ldt/LINIBOX_C-08-30C-90-FX-WD.ldt;Brochure=images/linibox-c/linibox-c-brochure.pdf,
Linibox C,,,,,,,,,,,,,,,,,,,Linibox C 8 8.4W 35°,LINIBOX C-08-30C-90-FX-WD-WH-230D,White,images/linibox-c/linibox-c-8-white.jpg,3000K,CRI>90,Phase Dim,IP65,UGR<20.6,White · 115 × 46 × 85mm,8.4W,755lm,90lm/W,35°,Installation=images/linibox-c/linibox-c-installation-8.pdf;LDT=images/linibox-c/ldt/LINIBOX_C-08-30C-90-FX-WD.ldt;Brochure=images/linibox-c/linibox-c-brochure.pdf,
Linibox C,,,,,,,,,,,,,,,,,,,Linibox C 8 8.4W 35°,LINIBOX C-08-40C-80-FX-WD-WH-230ND,White,images/linibox-c/linibox-c-8-white.jpg,4000K,CRI>80,On/Off,IP65,UGR<20.6,White · 115 × 46 × 85mm,8.4W,909lm,108lm/W,35°,Installation=images/linibox-c/linibox-c-installation-8.pdf;LDT=images/linibox-c/ldt/LINIBOX_C-08-40C-80-FX-WD.ldt;Brochure=images/linibox-c/linibox-c-brochure.pdf,
Linibox C,,,,,,,,,,,,,,,,,,,Linibox C 8 8.4W 35°,LINIBOX C-08-40C-80-FX-WD-WH-230D,White,images/linibox-c/linibox-c-8-white.jpg,4000K,CRI>80,Phase Dim,IP65,UGR<20.6,White · 115 × 46 × 85mm,8.4W,909lm,108lm/W,35°,Installation=images/linibox-c/linibox-c-installation-8.pdf;LDT=images/linibox-c/ldt/LINIBOX_C-08-40C-80-FX-WD.ldt;Brochure=images/linibox-c/linibox-c-brochure.pdf,
Linibox C,,,,,,,,,,,,,,,,,,,Linibox C 8 8.4W 35°,LINIBOX C-08-40C-90-FX-WD-WH-230ND,White,images/linibox-c/linibox-c-8-white.jpg,4000K,CRI>90,On/Off,IP65,UGR<20.6,White · 115 × 46 × 85mm,8.4W,816lm,97lm/W,35°,Installation=images/linibox-c/linibox-c-installation-8.pdf;LDT=images/linibox-c/ldt/LINIBOX_C-08-40C-90-FX-WD.ldt;Brochure=images/linibox-c/linibox-c-brochure.pdf,
Linibox C,,,,,,,,,,,,,,,,,,,Linibox C 8 8.4W 35°,LINIBOX C-08-40C-90-FX-WD-WH-230D,White,images/linibox-c/linibox-c-8-white.jpg,4000K,CRI>90,Phase Dim,IP65,UGR<20.6,White · 115 × 46 × 85mm,8.4W,816lm,97lm/W,35°,Installation=images/linibox-c/linibox-c-installation-8.pdf;LDT=images/linibox-c/ldt/LINIBOX_C-08-40C-90-FX-WD.ldt;Brochure=images/linibox-c/linibox-c-brochure.pdf,
Linibox C,,,,,,,,,,,,,,,,,,,Linibox C 8 8.4W 35°,LINIBOX C-08-50C-80-FX-WD-WH-230ND,White,images/linibox-c/linibox-c-8-white.jpg,5000K,CRI>80,On/Off,IP65,UGR<20.6,White · 115 × 46 × 85mm,8.4W,1001lm,119lm/W,35°,Installation=images/linibox-c/linibox-c-installation-8.pdf;LDT=images/linibox-c/ldt/LINIBOX_C-08-50C-80-FX-WD.ldt;Brochure=images/linibox-c/linibox-c-brochure.pdf,
Linibox C,,,,,,,,,,,,,,,,,,,Linibox C 8 8.4W 35°,LINIBOX C-08-50C-80-FX-WD-WH-230D,White,images/linibox-c/linibox-c-8-white.jpg,5000K,CRI>80,Phase Dim,IP65,UGR<20.6,White · 115 × 46 × 85mm,8.4W,1001lm,119lm/W,35°,Installation=images/linibox-c/linibox-c-installation-8.pdf;LDT=images/linibox-c/ldt/LINIBOX_C-08-50C-80-FX-WD.ldt;Brochure=images/linibox-c/linibox-c-brochure.pdf,
Linibox C,,,,,,,,,,,,,,,,,,,Linibox C 8 8.4W 35°,LINIBOX C-08-50C-90-FX-WD-WH-230ND,White,images/linibox-c/linibox-c-8-white.jpg,5000K,CRI>90,On/Off,IP65,UGR<20.6,White · 115 × 46 × 85mm,8.4W,866lm,103lm/W,35°,Installation=images/linibox-c/linibox-c-installation-8.pdf;LDT=images/linibox-c/ldt/LINIBOX_C-08-50C-90-FX-WD.ldt;Brochure=images/linibox-c/linibox-c-brochure.pdf,
Linibox C,,,,,,,,,,,,,,,,,,,Linibox C 8 8.4W 35°,LINIBOX C-08-50C-90-FX-WD-WH-230D,White,images/linibox-c/linibox-c-8-white.jpg,5000K,CRI>90,Phase Dim,IP65,UGR<20.6,White · 115 × 46 × 85mm,8.4W,866lm,103lm/W,35°,Installation=images/linibox-c/linibox-c-installation-8.pdf;LDT=images/linibox-c/ldt/LINIBOX_C-08-50C-90-FX-WD.ldt;Brochure=images/linibox-c/linibox-c-brochure.pdf,
Linibox C,,,,,,,,,,,,,,,,,,,Linibox C 8 8.4W 62°,LINIBOX C-08-27C-80-FX-VW-WH-230ND,White,images/linibox-c/linibox-c-8-white.jpg,2700K,CRI>80,On/Off,IP65,UGR<23.6,White · 115 × 46 × 85mm,8.4W,678lm,81lm/W,62°,Installation=images/linibox-c/linibox-c-installation-8.pdf;LDT=images/linibox-c/ldt/LINIBOX_C-08-27C-80-FX-VW.ldt;Brochure=images/linibox-c/linibox-c-brochure.pdf,
Linibox C,,,,,,,,,,,,,,,,,,,Linibox C 8 8.4W 62°,LINIBOX C-08-27C-80-FX-VW-WH-230D,White,images/linibox-c/linibox-c-8-white.jpg,2700K,CRI>80,Phase Dim,IP65,UGR<23.6,White · 115 × 46 × 85mm,8.4W,678lm,81lm/W,62°,Installation=images/linibox-c/linibox-c-installation-8.pdf;LDT=images/linibox-c/ldt/LINIBOX_C-08-27C-80-FX-VW.ldt;Brochure=images/linibox-c/linibox-c-brochure.pdf,
Linibox C,,,,,,,,,,,,,,,,,,,Linibox C 8 8.4W 62°,LINIBOX C-08-27C-90-FX-VW-WH-230ND,White,images/linibox-c/linibox-c-8-white.jpg,2700K,CRI>90,On/Off,IP65,UGR<23.6,White · 115 × 46 × 85mm,8.4W,550lm,65lm/W,62°,Installation=images/linibox-c/linibox-c-installation-8.pdf;LDT=images/linibox-c/ldt/LINIBOX_C-08-27C-90-FX-VW.ldt;Brochure=images/linibox-c/linibox-c-brochure.pdf,
Linibox C,,,,,,,,,,,,,,,,,,,Linibox C 8 8.4W 62°,LINIBOX C-08-27C-90-FX-VW-WH-230D,White,images/linibox-c/linibox-c-8-white.jpg,2700K,CRI>90,Phase Dim,IP65,UGR<23.6,White · 115 × 46 × 85mm,8.4W,550lm,65lm/W,62°,Installation=images/linibox-c/linibox-c-installation-8.pdf;LDT=images/linibox-c/ldt/LINIBOX_C-08-27C-90-FX-VW.ldt;Brochure=images/linibox-c/linibox-c-brochure.pdf,
Linibox C,,,,,,,,,,,,,,,,,,,Linibox C 8 8.4W 62°,LINIBOX C-08-30C-80-FX-VW-WH-230ND,White,images/linibox-c/linibox-c-8-white.jpg,3000K,CRI>80,On/Off,IP65,UGR<23.6,White · 115 × 46 × 85mm,8.4W,717lm,85lm/W,62°,Installation=images/linibox-c/linibox-c-installation-8.pdf;LDT=images/linibox-c/ldt/LINIBOX_C-08-30C-80-FX-VW.ldt;Brochure=images/linibox-c/linibox-c-brochure.pdf,
Linibox C,,,,,,,,,,,,,,,,,,,Linibox C 8 8.4W 62°,LINIBOX C-08-30C-80-FX-VW-WH-230D,White,images/linibox-c/linibox-c-8-white.jpg,3000K,CRI>80,Phase Dim,IP65,UGR<23.6,White · 115 × 46 × 85mm,8.4W,717lm,85lm/W,62°,Installation=images/linibox-c/linibox-c-installation-8.pdf;LDT=images/linibox-c/ldt/LINIBOX_C-08-30C-80-FX-VW.ldt;Brochure=images/linibox-c/linibox-c-brochure.pdf,
Linibox C,,,,,,,,,,,,,,,,,,,Linibox C 8 8.4W 62°,LINIBOX C-08-30C-90-FX-VW-WH-230ND,White,images/linibox-c/linibox-c-8-white.jpg,3000K,CRI>90,On/Off,IP65,UGR<23.6,White · 115 × 46 × 85mm,8.4W,627lm,75lm/W,62°,Installation=images/linibox-c/linibox-c-installation-8.pdf;LDT=images/linibox-c/ldt/LINIBOX_C-08-30C-90-FX-VW.ldt;Brochure=images/linibox-c/linibox-c-brochure.pdf,
Linibox C,,,,,,,,,,,,,,,,,,,Linibox C 8 8.4W 62°,LINIBOX C-08-30C-90-FX-VW-WH-230D,White,images/linibox-c/linibox-c-8-white.jpg,3000K,CRI>90,Phase Dim,IP65,UGR<23.6,White · 115 × 46 × 85mm,8.4W,627lm,75lm/W,62°,Installation=images/linibox-c/linibox-c-installation-8.pdf;LDT=images/linibox-c/ldt/LINIBOX_C-08-30C-90-FX-VW.ldt;Brochure=images/linibox-c/linibox-c-brochure.pdf,
Linibox C,,,,,,,,,,,,,,,,,,,Linibox C 8 8.4W 62°,LINIBOX C-08-40C-80-FX-VW-WH-230ND,White,images/linibox-c/linibox-c-8-white.jpg,4000K,CRI>80,On/Off,IP65,UGR<23.6,White · 115 × 46 × 85mm,8.4W,755lm,90lm/W,62°,Installation=images/linibox-c/linibox-c-installation-8.pdf;LDT=images/linibox-c/ldt/LINIBOX_C-08-40C-80-FX-VW.ldt;Brochure=images/linibox-c/linibox-c-brochure.pdf,
Linibox C,,,,,,,,,,,,,,,,,,,Linibox C 8 8.4W 62°,LINIBOX C-08-40C-80-FX-VW-WH-230D,White,images/linibox-c/linibox-c-8-white.jpg,4000K,CRI>80,Phase Dim,IP65,UGR<23.6,White · 115 × 46 × 85mm,8.4W,755lm,90lm/W,62°,Installation=images/linibox-c/linibox-c-installation-8.pdf;LDT=images/linibox-c/ldt/LINIBOX_C-08-40C-80-FX-VW.ldt;Brochure=images/linibox-c/linibox-c-brochure.pdf,
Linibox C,,,,,,,,,,,,,,,,,,,Linibox C 8 8.4W 62°,LINIBOX C-08-40C-90-FX-VW-WH-230ND,White,images/linibox-c/linibox-c-8-white.jpg,4000K,CRI>90,On/Off,IP65,UGR<23.6,White · 115 × 46 × 85mm,8.4W,678lm,81lm/W,62°,Installation=images/linibox-c/linibox-c-installation-8.pdf;LDT=images/linibox-c/ldt/LINIBOX_C-08-40C-90-FX-VW.ldt;Brochure=images/linibox-c/linibox-c-brochure.pdf,
Linibox C,,,,,,,,,,,,,,,,,,,Linibox C 8 8.4W 62°,LINIBOX C-08-40C-90-FX-VW-WH-230D,White,images/linibox-c/linibox-c-8-white.jpg,4000K,CRI>90,Phase Dim,IP65,UGR<23.6,White · 115 × 46 × 85mm,8.4W,678lm,81lm/W,62°,Installation=images/linibox-c/linibox-c-installation-8.pdf;LDT=images/linibox-c/ldt/LINIBOX_C-08-40C-90-FX-VW.ldt;Brochure=images/linibox-c/linibox-c-brochure.pdf,
Linibox C,,,,,,,,,,,,,,,,,,,Linibox C 8 8.4W 62°,LINIBOX C-08-50C-80-FX-VW-WH-230ND,White,images/linibox-c/linibox-c-8-white.jpg,5000K,CRI>80,On/Off,IP65,UGR<23.6,White · 115 × 46 × 85mm,8.4W,832lm,99lm/W,62°,Installation=images/linibox-c/linibox-c-installation-8.pdf;LDT=images/linibox-c/ldt/LINIBOX_C-08-50C-80-FX-VW.ldt;Brochure=images/linibox-c/linibox-c-brochure.pdf,
Linibox C,,,,,,,,,,,,,,,,,,,Linibox C 8 8.4W 62°,LINIBOX C-08-50C-80-FX-VW-WH-230D,White,images/linibox-c/linibox-c-8-white.jpg,5000K,CRI>80,Phase Dim,IP65,UGR<23.6,White · 115 × 46 × 85mm,8.4W,832lm,99lm/W,62°,Installation=images/linibox-c/linibox-c-installation-8.pdf;LDT=images/linibox-c/ldt/LINIBOX_C-08-50C-80-FX-VW.ldt;Brochure=images/linibox-c/linibox-c-brochure.pdf,
Linibox C,,,,,,,,,,,,,,,,,,,Linibox C 8 8.4W 62°,LINIBOX C-08-50C-90-FX-VW-WH-230ND,White,images/linibox-c/linibox-c-8-white.jpg,5000K,CRI>90,On/Off,IP65,UGR<23.6,White · 115 × 46 × 85mm,8.4W,720lm,86lm/W,62°,Installation=images/linibox-c/linibox-c-installation-8.pdf;LDT=images/linibox-c/ldt/LINIBOX_C-08-50C-90-FX-VW.ldt;Brochure=images/linibox-c/linibox-c-brochure.pdf,
Linibox C,,,,,,,,,,,,,,,,,,,Linibox C 8 8.4W 62°,LINIBOX C-08-50C-90-FX-VW-WH-230D,White,images/linibox-c/linibox-c-8-white.jpg,5000K,CRI>90,Phase Dim,IP65,UGR<23.6,White · 115 × 46 × 85mm,8.4W,720lm,86lm/W,62°,Installation=images/linibox-c/linibox-c-installation-8.pdf;LDT=images/linibox-c/ldt/LINIBOX_C-08-50C-90-FX-VW.ldt;Brochure=images/linibox-c/linibox-c-brochure.pdf,
Linibox C,,,,,,,,,,,,,,,,,,,Linibox C 8 8.4W 16°x30°,LINIBOX C-08-27C-80-FX-AS-WH-230ND,White,images/linibox-c/linibox-c-8-white.jpg,2700K,CRI>80,On/Off,IP65,UGR<15.7,White · 115 × 46 × 85mm,8.4W,753lm,90lm/W,16°x30°,Installation=images/linibox-c/linibox-c-installation-8.pdf;LDT=images/linibox-c/ldt/LINIBOX_C-08-27C-80-FX-AS.ldt;Brochure=images/linibox-c/linibox-c-brochure.pdf,
Linibox C,,,,,,,,,,,,,,,,,,,Linibox C 8 8.4W 16°x30°,LINIBOX C-08-27C-80-FX-AS-WH-230D,White,images/linibox-c/linibox-c-8-white.jpg,2700K,CRI>80,Phase Dim,IP65,UGR<15.7,White · 115 × 46 × 85mm,8.4W,753lm,90lm/W,16°x30°,Installation=images/linibox-c/linibox-c-installation-8.pdf;LDT=images/linibox-c/ldt/LINIBOX_C-08-27C-80-FX-AS.ldt;Brochure=images/linibox-c/linibox-c-brochure.pdf,
Linibox C,,,,,,,,,,,,,,,,,,,Linibox C 8 8.4W 16°x30°,LINIBOX C-08-27C-90-FX-AS-WH-230ND,White,images/linibox-c/linibox-c-8-white.jpg,2700K,CRI>90,On/Off,IP65,UGR<15.7,White · 115 × 46 × 85mm,8.4W,611lm,73lm/W,16°x30°,Installation=images/linibox-c/linibox-c-installation-8.pdf;LDT=images/linibox-c/ldt/LINIBOX_C-08-27C-90-FX-AS.ldt;Brochure=images/linibox-c/linibox-c-brochure.pdf,
Linibox C,,,,,,,,,,,,,,,,,,,Linibox C 8 8.4W 16°x30°,LINIBOX C-08-27C-90-FX-AS-WH-230D,White,images/linibox-c/linibox-c-8-white.jpg,2700K,CRI>90,Phase Dim,IP65,UGR<15.7,White · 115 × 46 × 85mm,8.4W,611lm,73lm/W,16°x30°,Installation=images/linibox-c/linibox-c-installation-8.pdf;LDT=images/linibox-c/ldt/LINIBOX_C-08-27C-90-FX-AS.ldt;Brochure=images/linibox-c/linibox-c-brochure.pdf,
Linibox C,,,,,,,,,,,,,,,,,,,Linibox C 8 8.4W 16°x30°,LINIBOX C-08-30C-80-FX-AS-WH-230ND,White,images/linibox-c/linibox-c-8-white.jpg,3000K,CRI>80,On/Off,IP65,UGR<15.7,White · 115 × 46 × 85mm,8.4W,795lm,95lm/W,16°x30°,Installation=images/linibox-c/linibox-c-installation-8.pdf;LDT=images/linibox-c/ldt/LINIBOX_C-08-30C-80-FX-AS.ldt;Brochure=images/linibox-c/linibox-c-brochure.pdf,
Linibox C,,,,,,,,,,,,,,,,,,,Linibox C 8 8.4W 16°x30°,LINIBOX C-08-30C-80-FX-AS-WH-230D,White,images/linibox-c/linibox-c-8-white.jpg,3000K,CRI>80,Phase Dim,IP65,UGR<15.7,White · 115 × 46 × 85mm,8.4W,795lm,95lm/W,16°x30°,Installation=images/linibox-c/linibox-c-installation-8.pdf;LDT=images/linibox-c/ldt/LINIBOX_C-08-30C-80-FX-AS.ldt;Brochure=images/linibox-c/linibox-c-brochure.pdf,
Linibox C,,,,,,,,,,,,,,,,,,,Linibox C 8 8.4W 16°x30°,LINIBOX C-08-30C-90-FX-AS-WH-230ND,White,images/linibox-c/linibox-c-8-white.jpg,3000K,CRI>90,On/Off,IP65,UGR<15.7,White · 115 × 46 × 85mm,8.4W,696lm,83lm/W,16°x30°,Installation=images/linibox-c/linibox-c-installation-8.pdf;LDT=images/linibox-c/ldt/LINIBOX_C-08-30C-90-FX-AS.ldt;Brochure=images/linibox-c/linibox-c-brochure.pdf,
Linibox C,,,,,,,,,,,,,,,,,,,Linibox C 8 8.4W 16°x30°,LINIBOX C-08-30C-90-FX-AS-WH-230D,White,images/linibox-c/linibox-c-8-white.jpg,3000K,CRI>90,Phase Dim,IP65,UGR<15.7,White · 115 × 46 × 85mm,8.4W,696lm,83lm/W,16°x30°,Installation=images/linibox-c/linibox-c-installation-8.pdf;LDT=images/linibox-c/ldt/LINIBOX_C-08-30C-90-FX-AS.ldt;Brochure=images/linibox-c/linibox-c-brochure.pdf,
Linibox C,,,,,,,,,,,,,,,,,,,Linibox C 8 8.4W 16°x30°,LINIBOX C-08-40C-80-FX-AS-WH-230ND,White,images/linibox-c/linibox-c-8-white.jpg,4000K,CRI>80,On/Off,IP65,UGR<15.7,White · 115 × 46 × 85mm,8.4W,838lm,100lm/W,16°x30°,Installation=images/linibox-c/linibox-c-installation-8.pdf;LDT=images/linibox-c/ldt/LINIBOX_C-08-40C-80-FX-AS.ldt;Brochure=images/linibox-c/linibox-c-brochure.pdf,
Linibox C,,,,,,,,,,,,,,,,,,,Linibox C 8 8.4W 16°x30°,LINIBOX C-08-40C-80-FX-AS-WH-230D,White,images/linibox-c/linibox-c-8-white.jpg,4000K,CRI>80,Phase Dim,IP65,UGR<15.7,White · 115 × 46 × 85mm,8.4W,838lm,100lm/W,16°x30°,Installation=images/linibox-c/linibox-c-installation-8.pdf;LDT=images/linibox-c/ldt/LINIBOX_C-08-40C-80-FX-AS.ldt;Brochure=images/linibox-c/linibox-c-brochure.pdf,
Linibox C,,,,,,,,,,,,,,,,,,,Linibox C 8 8.4W 16°x30°,LINIBOX C-08-40C-90-FX-AS-WH-230ND,White,images/linibox-c/linibox-c-8-white.jpg,4000K,CRI>90,On/Off,IP65,UGR<15.7,White · 115 × 46 × 85mm,8.4W,753lm,90lm/W,16°x30°,Installation=images/linibox-c/linibox-c-installation-8.pdf;LDT=images/linibox-c/ldt/LINIBOX_C-08-40C-90-FX-AS.ldt;Brochure=images/linibox-c/linibox-c-brochure.pdf,
Linibox C,,,,,,,,,,,,,,,,,,,Linibox C 8 8.4W 16°x30°,LINIBOX C-08-40C-90-FX-AS-WH-230D,White,images/linibox-c/linibox-c-8-white.jpg,4000K,CRI>90,Phase Dim,IP65,UGR<15.7,White · 115 × 46 × 85mm,8.4W,753lm,90lm/W,16°x30°,Installation=images/linibox-c/linibox-c-installation-8.pdf;LDT=images/linibox-c/ldt/LINIBOX_C-08-40C-90-FX-AS.ldt;Brochure=images/linibox-c/linibox-c-brochure.pdf,
Linibox C,,,,,,,,,,,,,,,,,,,Linibox C 8 8.4W 16°x30°,LINIBOX C-08-50C-80-FX-AS-WH-230ND,White,images/linibox-c/linibox-c-8-white.jpg,5000K,CRI>80,On/Off,IP65,UGR<15.7,White · 115 × 46 × 85mm,8.4W,923lm,110lm/W,16°x30°,Installation=images/linibox-c/linibox-c-installation-8.pdf;LDT=images/linibox-c/ldt/LINIBOX_C-08-50C-80-FX-AS.ldt;Brochure=images/linibox-c/linibox-c-brochure.pdf,
Linibox C,,,,,,,,,,,,,,,,,,,Linibox C 8 8.4W 16°x30°,LINIBOX C-08-50C-80-FX-AS-WH-230D,White,images/linibox-c/linibox-c-8-white.jpg,5000K,CRI>80,Phase Dim,IP65,UGR<15.7,White · 115 × 46 × 85mm,8.4W,923lm,110lm/W,16°x30°,Installation=images/linibox-c/linibox-c-installation-8.pdf;LDT=images/linibox-c/ldt/LINIBOX_C-08-50C-80-FX-AS.ldt;Brochure=images/linibox-c/linibox-c-brochure.pdf,
Linibox C,,,,,,,,,,,,,,,,,,,Linibox C 8 8.4W 16°x30°,LINIBOX C-08-50C-90-FX-AS-WH-230ND,White,images/linibox-c/linibox-c-8-white.jpg,5000K,CRI>90,On/Off,IP65,UGR<15.7,White · 115 × 46 × 85mm,8.4W,799lm,95lm/W,16°x30°,Installation=images/linibox-c/linibox-c-installation-8.pdf;LDT=images/linibox-c/ldt/LINIBOX_C-08-50C-90-FX-AS.ldt;Brochure=images/linibox-c/linibox-c-brochure.pdf,
Linibox C,,,,,,,,,,,,,,,,,,,Linibox C 8 8.4W 16°x30°,LINIBOX C-08-50C-90-FX-AS-WH-230D,White,images/linibox-c/linibox-c-8-white.jpg,5000K,CRI>90,Phase Dim,IP65,UGR<15.7,White · 115 × 46 × 85mm,8.4W,799lm,95lm/W,16°x30°,Installation=images/linibox-c/linibox-c-installation-8.pdf;LDT=images/linibox-c/ldt/LINIBOX_C-08-50C-90-FX-AS.ldt;Brochure=images/linibox-c/linibox-c-brochure.pdf,
Linibox C,,,,,,,,,,,,,,,,,,,Linibox C 13 12.7W 17°,LINIBOX C-13-27C-80-FX-VN-WH-230ND,White,images/linibox-c/linibox-c-13-white.jpg,2700K,CRI>80,On/Off,IP65,UGR<13.7,White · 160 × 46 × 85mm,12.7W,1129lm,89lm/W,17°,Installation=images/linibox-c/linibox-c-installation-13.pdf;LDT=images/linibox-c/ldt/LINIBOX_C-13-27C-80-FX-VN.ldt;Brochure=images/linibox-c/linibox-c-brochure.pdf,
Linibox C,,,,,,,,,,,,,,,,,,,Linibox C 13 12.7W 17°,LINIBOX C-13-27C-80-FX-VN-WH-230D,White,images/linibox-c/linibox-c-13-white.jpg,2700K,CRI>80,Phase Dim,IP65,UGR<13.7,White · 160 × 46 × 85mm,12.7W,1129lm,89lm/W,17°,Installation=images/linibox-c/linibox-c-installation-13.pdf;LDT=images/linibox-c/ldt/LINIBOX_C-13-27C-80-FX-VN.ldt;Brochure=images/linibox-c/linibox-c-brochure.pdf,
Linibox C,,,,,,,,,,,,,,,,,,,Linibox C 13 12.7W 17°,LINIBOX C-13-27C-90-FX-VN-WH-230ND,White,images/linibox-c/linibox-c-13-white.jpg,2700K,CRI>90,On/Off,IP65,UGR<13.7,White · 160 × 46 × 85mm,12.7W,916lm,72lm/W,17°,Installation=images/linibox-c/linibox-c-installation-13.pdf;LDT=images/linibox-c/ldt/LINIBOX_C-13-27C-90-FX-VN.ldt;Brochure=images/linibox-c/linibox-c-brochure.pdf,
Linibox C,,,,,,,,,,,,,,,,,,,Linibox C 13 12.7W 17°,LINIBOX C-13-27C-90-FX-VN-WH-230D,White,images/linibox-c/linibox-c-13-white.jpg,2700K,CRI>90,Phase Dim,IP65,UGR<13.7,White · 160 × 46 × 85mm,12.7W,916lm,72lm/W,17°,Installation=images/linibox-c/linibox-c-installation-13.pdf;LDT=images/linibox-c/ldt/LINIBOX_C-13-27C-90-FX-VN.ldt;Brochure=images/linibox-c/linibox-c-brochure.pdf,
Linibox C,,,,,,,,,,,,,,,,,,,Linibox C 13 12.7W 17°,LINIBOX C-13-30C-80-FX-VN-WH-230ND,White,images/linibox-c/linibox-c-13-white.jpg,3000K,CRI>80,On/Off,IP65,UGR<13.7,White · 160 × 46 × 85mm,12.7W,1193lm,94lm/W,17°,Installation=images/linibox-c/linibox-c-installation-13.pdf;LDT=images/linibox-c/ldt/LINIBOX_C-13-30C-80-FX-VN.ldt;Brochure=images/linibox-c/linibox-c-brochure.pdf,
Linibox C,,,,,,,,,,,,,,,,,,,Linibox C 13 12.7W 17°,LINIBOX C-13-30C-80-FX-VN-WH-230D,White,images/linibox-c/linibox-c-13-white.jpg,3000K,CRI>80,Phase Dim,IP65,UGR<13.7,White · 160 × 46 × 85mm,12.7W,1193lm,94lm/W,17°,Installation=images/linibox-c/linibox-c-installation-13.pdf;LDT=images/linibox-c/ldt/LINIBOX_C-13-30C-80-FX-VN.ldt;Brochure=images/linibox-c/linibox-c-brochure.pdf,
Linibox C,,,,,,,,,,,,,,,,,,,Linibox C 13 12.7W 17°,LINIBOX C-13-30C-90-FX-VN-WH-230ND,White,images/linibox-c/linibox-c-13-white.jpg,3000K,CRI>90,On/Off,IP65,UGR<13.7,White · 160 × 46 × 85mm,12.7W,1044lm,82lm/W,17°,Installation=images/linibox-c/linibox-c-installation-13.pdf;LDT=images/linibox-c/ldt/LINIBOX_C-13-30C-90-FX-VN.ldt;Brochure=images/linibox-c/linibox-c-brochure.pdf,
Linibox C,,,,,,,,,,,,,,,,,,,Linibox C 13 12.7W 17°,LINIBOX C-13-30C-90-FX-VN-WH-230D,White,images/linibox-c/linibox-c-13-white.jpg,3000K,CRI>90,Phase Dim,IP65,UGR<13.7,White · 160 × 46 × 85mm,12.7W,1044lm,82lm/W,17°,Installation=images/linibox-c/linibox-c-installation-13.pdf;LDT=images/linibox-c/ldt/LINIBOX_C-13-30C-90-FX-VN.ldt;Brochure=images/linibox-c/linibox-c-brochure.pdf,
Linibox C,,,,,,,,,,,,,,,,,,,Linibox C 13 12.7W 17°,LINIBOX C-13-40C-80-FX-VN-WH-230ND,White,images/linibox-c/linibox-c-13-white.jpg,4000K,CRI>80,On/Off,IP65,UGR<13.7,White · 160 × 46 × 85mm,12.7W,1257lm,99lm/W,17°,Installation=images/linibox-c/linibox-c-installation-13.pdf;LDT=images/linibox-c/ldt/LINIBOX_C-13-40C-80-FX-VN.ldt;Brochure=images/linibox-c/linibox-c-brochure.pdf,
Linibox C,,,,,,,,,,,,,,,,,,,Linibox C 13 12.7W 17°,LINIBOX C-13-40C-80-FX-VN-WH-230D,White,images/linibox-c/linibox-c-13-white.jpg,4000K,CRI>80,Phase Dim,IP65,UGR<13.7,White · 160 × 46 × 85mm,12.7W,1257lm,99lm/W,17°,Installation=images/linibox-c/linibox-c-installation-13.pdf;LDT=images/linibox-c/ldt/LINIBOX_C-13-40C-80-FX-VN.ldt;Brochure=images/linibox-c/linibox-c-brochure.pdf,
Linibox C,,,,,,,,,,,,,,,,,,,Linibox C 13 12.7W 17°,LINIBOX C-13-40C-90-FX-VN-WH-230ND,White,images/linibox-c/linibox-c-13-white.jpg,4000K,CRI>90,On/Off,IP65,UGR<13.7,White · 160 × 46 × 85mm,12.7W,1129lm,89lm/W,17°,Installation=images/linibox-c/linibox-c-installation-13.pdf;LDT=images/linibox-c/ldt/LINIBOX_C-13-40C-90-FX-VN.ldt;Brochure=images/linibox-c/linibox-c-brochure.pdf,
Linibox C,,,,,,,,,,,,,,,,,,,Linibox C 13 12.7W 17°,LINIBOX C-13-40C-90-FX-VN-WH-230D,White,images/linibox-c/linibox-c-13-white.jpg,4000K,CRI>90,Phase Dim,IP65,UGR<13.7,White · 160 × 46 × 85mm,12.7W,1129lm,89lm/W,17°,Installation=images/linibox-c/linibox-c-installation-13.pdf;LDT=images/linibox-c/ldt/LINIBOX_C-13-40C-90-FX-VN.ldt;Brochure=images/linibox-c/linibox-c-brochure.pdf,
Linibox C,,,,,,,,,,,,,,,,,,,Linibox C 13 12.7W 17°,LINIBOX C-13-50C-80-FX-VN-WH-230ND,White,images/linibox-c/linibox-c-13-white.jpg,5000K,CRI>80,On/Off,IP65,UGR<13.7,White · 160 × 46 × 85mm,12.7W,1385lm,109lm/W,17°,Installation=images/linibox-c/linibox-c-installation-13.pdf;LDT=images/linibox-c/ldt/LINIBOX_C-13-50C-80-FX-VN.ldt;Brochure=images/linibox-c/linibox-c-brochure.pdf,
Linibox C,,,,,,,,,,,,,,,,,,,Linibox C 13 12.7W 17°,LINIBOX C-13-50C-80-FX-VN-WH-230D,White,images/linibox-c/linibox-c-13-white.jpg,5000K,CRI>80,Phase Dim,IP65,UGR<13.7,White · 160 × 46 × 85mm,12.7W,1385lm,109lm/W,17°,Installation=images/linibox-c/linibox-c-installation-13.pdf;LDT=images/linibox-c/ldt/LINIBOX_C-13-50C-80-FX-VN.ldt;Brochure=images/linibox-c/linibox-c-brochure.pdf,
Linibox C,,,,,,,,,,,,,,,,,,,Linibox C 13 12.7W 17°,LINIBOX C-13-50C-90-FX-VN-WH-230ND,White,images/linibox-c/linibox-c-13-white.jpg,5000K,CRI>90,On/Off,IP65,UGR<13.7,White · 160 × 46 × 85mm,12.7W,1200lm,94lm/W,17°,Installation=images/linibox-c/linibox-c-installation-13.pdf;LDT=images/linibox-c/ldt/LINIBOX_C-13-50C-90-FX-VN.ldt;Brochure=images/linibox-c/linibox-c-brochure.pdf,
Linibox C,,,,,,,,,,,,,,,,,,,Linibox C 13 12.7W 17°,LINIBOX C-13-50C-90-FX-VN-WH-230D,White,images/linibox-c/linibox-c-13-white.jpg,5000K,CRI>90,Phase Dim,IP65,UGR<13.7,White · 160 × 46 × 85mm,12.7W,1200lm,94lm/W,17°,Installation=images/linibox-c/linibox-c-installation-13.pdf;LDT=images/linibox-c/ldt/LINIBOX_C-13-50C-90-FX-VN.ldt;Brochure=images/linibox-c/linibox-c-brochure.pdf,
Linibox C,,,,,,,,,,,,,,,,,,,Linibox C 13 12.7W 21°,LINIBOX C-13-27C-80-FX-NR-WH-230ND,White,images/linibox-c/linibox-c-13-white.jpg,2700K,CRI>80,On/Off,IP65,UGR<13.1,White · 160 × 46 × 85mm,12.7W,1367lm,108lm/W,21°,Installation=images/linibox-c/linibox-c-installation-13.pdf;LDT=images/linibox-c/ldt/LINIBOX_C-13-27C-80-FX-NR.ldt;Brochure=images/linibox-c/linibox-c-brochure.pdf,
Linibox C,,,,,,,,,,,,,,,,,,,Linibox C 13 12.7W 21°,LINIBOX C-13-27C-80-FX-NR-WH-230D,White,images/linibox-c/linibox-c-13-white.jpg,2700K,CRI>80,Phase Dim,IP65,UGR<13.1,White · 160 × 46 × 85mm,12.7W,1367lm,108lm/W,21°,Installation=images/linibox-c/linibox-c-installation-13.pdf;LDT=images/linibox-c/ldt/LINIBOX_C-13-27C-80-FX-NR.ldt;Brochure=images/linibox-c/linibox-c-brochure.pdf,
Linibox C,,,,,,,,,,,,,,,,,,,Linibox C 13 12.7W 21°,LINIBOX C-13-27C-90-FX-NR-WH-230ND,White,images/linibox-c/linibox-c-13-white.jpg,2700K,CRI>90,On/Off,IP65,UGR<13.1,White · 160 × 46 × 85mm,12.7W,1109lm,87lm/W,21°,Installation=images/linibox-c/linibox-c-installation-13.pdf;LDT=images/linibox-c/ldt/LINIBOX_C-13-27C-90-FX-NR.ldt;Brochure=images/linibox-c/linibox-c-brochure.pdf,
Linibox C,,,,,,,,,,,,,,,,,,,Linibox C 13 12.7W 21°,LINIBOX C-13-27C-90-FX-NR-WH-230D,White,images/linibox-c/linibox-c-13-white.jpg,2700K,CRI>90,Phase Dim,IP65,UGR<13.1,White · 160 × 46 × 85mm,12.7W,1109lm,87lm/W,21°,Installation=images/linibox-c/linibox-c-installation-13.pdf;LDT=images/linibox-c/ldt/LINIBOX_C-13-27C-90-FX-NR.ldt;Brochure=images/linibox-c/linibox-c-brochure.pdf,
Linibox C,,,,,,,,,,,,,,,,,,,Linibox C 13 12.7W 21°,LINIBOX C-13-30C-80-FX-NR-WH-230ND,White,images/linibox-c/linibox-c-13-white.jpg,3000K,CRI>80,On/Off,IP65,UGR<13.1,White · 160 × 46 × 85mm,12.7W,1445lm,114lm/W,21°,Installation=images/linibox-c/linibox-c-installation-13.pdf;LDT=images/linibox-c/ldt/LINIBOX_C-13-30C-80-FX-NR.ldt;Brochure=images/linibox-c/linibox-c-brochure.pdf,
Linibox C,,,,,,,,,,,,,,,,,,,Linibox C 13 12.7W 21°,LINIBOX C-13-30C-80-FX-NR-WH-230D,White,images/linibox-c/linibox-c-13-white.jpg,3000K,CRI>80,Phase Dim,IP65,UGR<13.1,White · 160 × 46 × 85mm,12.7W,1445lm,114lm/W,21°,Installation=images/linibox-c/linibox-c-installation-13.pdf;LDT=images/linibox-c/ldt/LINIBOX_C-13-30C-80-FX-NR.ldt;Brochure=images/linibox-c/linibox-c-brochure.pdf,
Linibox C,,,,,,,,,,,,,,,,,,,Linibox C 13 12.7W 21°,LINIBOX C-13-30C-90-FX-NR-WH-230ND,White,images/linibox-c/linibox-c-13-white.jpg,3000K,CRI>90,On/Off,IP65,UGR<13.1,White · 160 × 46 × 85mm,12.7W,1264lm,100lm/W,21°,Installation=images/linibox-c/linibox-c-installation-13.pdf;LDT=images/linibox-c/ldt/LINIBOX_C-13-30C-90-FX-NR.ldt;Brochure=images/linibox-c/linibox-c-brochure.pdf,
Linibox C,,,,,,,,,,,,,,,,,,,Linibox C 13 12.7W 21°,LINIBOX C-13-30C-90-FX-NR-WH-230D,White,images/linibox-c/linibox-c-13-white.jpg,3000K,CRI>90,Phase Dim,IP65,UGR<13.1,White · 160 × 46 × 85mm,12.7W,1264lm,100lm/W,21°,Installation=images/linibox-c/linibox-c-installation-13.pdf;LDT=images/linibox-c/ldt/LINIBOX_C-13-30C-90-FX-NR.ldt;Brochure=images/linibox-c/linibox-c-brochure.pdf,
Linibox C,,,,,,,,,,,,,,,,,,,Linibox C 13 12.7W 21°,LINIBOX C-13-40C-80-FX-NR-WH-230ND,White,images/linibox-c/linibox-c-13-white.jpg,4000K,CRI>80,On/Off,IP65,UGR<13.1,White · 160 × 46 × 85mm,12.7W,1522lm,120lm/W,21°,Installation=images/linibox-c/linibox-c-installation-13.pdf;LDT=images/linibox-c/ldt/LINIBOX_C-13-40C-80-FX-NR.ldt;Brochure=images/linibox-c/linibox-c-brochure.pdf,
Linibox C,,,,,,,,,,,,,,,,,,,Linibox C 13 12.7W 21°,LINIBOX C-13-40C-80-FX-NR-WH-230D,White,images/linibox-c/linibox-c-13-white.jpg,4000K,CRI>80,Phase Dim,IP65,UGR<13.1,White · 160 × 46 × 85mm,12.7W,1522lm,120lm/W,21°,Installation=images/linibox-c/linibox-c-installation-13.pdf;LDT=images/linibox-c/ldt/LINIBOX_C-13-40C-80-FX-NR.ldt;Brochure=images/linibox-c/linibox-c-brochure.pdf,
Linibox C,,,,,,,,,,,,,,,,,,,Linibox C 13 12.7W 21°,LINIBOX C-13-40C-90-FX-NR-WH-230ND,White,images/linibox-c/linibox-c-13-white.jpg,4000K,CRI>90,On/Off,IP65,UGR<13.1,White · 160 × 46 × 85mm,12.7W,1367lm,108lm/W,21°,Installation=images/linibox-c/linibox-c-installation-13.pdf;LDT=images/linibox-c/ldt/LINIBOX_C-13-40C-90-FX-NR.ldt;Brochure=images/linibox-c/linibox-c-brochure.pdf,
Linibox C,,,,,,,,,,,,,,,,,,,Linibox C 13 12.7W 21°,LINIBOX C-13-40C-90-FX-NR-WH-230D,White,images/linibox-c/linibox-c-13-white.jpg,4000K,CRI>90,Phase Dim,IP65,UGR<13.1,White · 160 × 46 × 85mm,12.7W,1367lm,108lm/W,21°,Installation=images/linibox-c/linibox-c-installation-13.pdf;LDT=images/linibox-c/ldt/LINIBOX_C-13-40C-90-FX-NR.ldt;Brochure=images/linibox-c/linibox-c-brochure.pdf,
Linibox C,,,,,,,,,,,,,,,,,,,Linibox C 13 12.7W 21°,LINIBOX C-13-50C-80-FX-NR-WH-230ND,White,images/linibox-c/linibox-c-13-white.jpg,5000K,CRI>80,On/Off,IP65,UGR<13.1,White · 160 × 46 × 85mm,12.7W,1677lm,132lm/W,21°,Installation=images/linibox-c/linibox-c-installation-13.pdf;LDT=images/linibox-c/ldt/LINIBOX_C-13-50C-80-FX-NR.ldt;Brochure=images/linibox-c/linibox-c-brochure.pdf,
Linibox C,,,,,,,,,,,,,,,,,,,Linibox C 13 12.7W 21°,LINIBOX C-13-50C-80-FX-NR-WH-230D,White,images/linibox-c/linibox-c-13-white.jpg,5000K,CRI>80,Phase Dim,IP65,UGR<13.1,White · 160 × 46 × 85mm,12.7W,1677lm,132lm/W,21°,Installation=images/linibox-c/linibox-c-installation-13.pdf;LDT=images/linibox-c/ldt/LINIBOX_C-13-50C-80-FX-NR.ldt;Brochure=images/linibox-c/linibox-c-brochure.pdf,
Linibox C,,,,,,,,,,,,,,,,,,,Linibox C 13 12.7W 21°,LINIBOX C-13-50C-90-FX-NR-WH-230ND,White,images/linibox-c/linibox-c-13-white.jpg,5000K,CRI>90,On/Off,IP65,UGR<13.1,White · 160 × 46 × 85mm,12.7W,1453lm,114lm/W,21°,Installation=images/linibox-c/linibox-c-installation-13.pdf;LDT=images/linibox-c/ldt/LINIBOX_C-13-50C-90-FX-NR.ldt;Brochure=images/linibox-c/linibox-c-brochure.pdf,
Linibox C,,,,,,,,,,,,,,,,,,,Linibox C 13 12.7W 21°,LINIBOX C-13-50C-90-FX-NR-WH-230D,White,images/linibox-c/linibox-c-13-white.jpg,5000K,CRI>90,Phase Dim,IP65,UGR<13.1,White · 160 × 46 × 85mm,12.7W,1453lm,114lm/W,21°,Installation=images/linibox-c/linibox-c-installation-13.pdf;LDT=images/linibox-c/ldt/LINIBOX_C-13-50C-90-FX-NR.ldt;Brochure=images/linibox-c/linibox-c-brochure.pdf,
Linibox C,,,,,,,,,,,,,,,,,,,Linibox C 13 12.7W 25°,LINIBOX C-13-27C-80-FX-MD-WH-230ND,White,images/linibox-c/linibox-c-13-white.jpg,2700K,CRI>80,On/Off,IP65,UGR<12.5,White · 160 × 46 × 85mm,12.7W,1208lm,95lm/W,25°,Installation=images/linibox-c/linibox-c-installation-13.pdf;LDT=images/linibox-c/ldt/LINIBOX_C-13-27C-80-FX-MD.ldt;Brochure=images/linibox-c/linibox-c-brochure.pdf,
Linibox C,,,,,,,,,,,,,,,,,,,Linibox C 13 12.7W 25°,LINIBOX C-13-27C-80-FX-MD-WH-230D,White,images/linibox-c/linibox-c-13-white.jpg,2700K,CRI>80,Phase Dim,IP65,UGR<12.5,White · 160 × 46 × 85mm,12.7W,1208lm,95lm/W,25°,Installation=images/linibox-c/linibox-c-installation-13.pdf;LDT=images/linibox-c/ldt/LINIBOX_C-13-27C-80-FX-MD.ldt;Brochure=images/linibox-c/linibox-c-brochure.pdf,
Linibox C,,,,,,,,,,,,,,,,,,,Linibox C 13 12.7W 25°,LINIBOX C-13-27C-90-FX-MD-WH-230ND,White,images/linibox-c/linibox-c-13-white.jpg,2700K,CRI>90,On/Off,IP65,UGR<12.5,White · 160 × 46 × 85mm,12.7W,980lm,77lm/W,25°,Installation=images/linibox-c/linibox-c-installation-13.pdf;LDT=images/linibox-c/ldt/LINIBOX_C-13-27C-90-FX-MD.ldt;Brochure=images/linibox-c/linibox-c-brochure.pdf,
Linibox C,,,,,,,,,,,,,,,,,,,Linibox C 13 12.7W 25°,LINIBOX C-13-27C-90-FX-MD-WH-230D,White,images/linibox-c/linibox-c-13-white.jpg,2700K,CRI>90,Phase Dim,IP65,UGR<12.5,White · 160 × 46 × 85mm,12.7W,980lm,77lm/W,25°,Installation=images/linibox-c/linibox-c-installation-13.pdf;LDT=images/linibox-c/ldt/LINIBOX_C-13-27C-90-FX-MD.ldt;Brochure=images/linibox-c/linibox-c-brochure.pdf,
Linibox C,,,,,,,,,,,,,,,,,,,Linibox C 13 12.7W 25°,LINIBOX C-13-30C-80-FX-MD-WH-230ND,White,images/linibox-c/linibox-c-13-white.jpg,3000K,CRI>80,On/Off,IP65,UGR<12.5,White · 160 × 46 × 85mm,12.7W,1277lm,101lm/W,25°,Installation=images/linibox-c/linibox-c-installation-13.pdf;LDT=images/linibox-c/ldt/LINIBOX_C-13-30C-80-FX-MD.ldt;Brochure=images/linibox-c/linibox-c-brochure.pdf,
Linibox C,,,,,,,,,,,,,,,,,,,Linibox C 13 12.7W 25°,LINIBOX C-13-30C-80-FX-MD-WH-230D,White,images/linibox-c/linibox-c-13-white.jpg,3000K,CRI>80,Phase Dim,IP65,UGR<12.5,White · 160 × 46 × 85mm,12.7W,1277lm,101lm/W,25°,Installation=images/linibox-c/linibox-c-installation-13.pdf;LDT=images/linibox-c/ldt/LINIBOX_C-13-30C-80-FX-MD.ldt;Brochure=images/linibox-c/linibox-c-brochure.pdf,
Linibox C,,,,,,,,,,,,,,,,,,,Linibox C 13 12.7W 25°,LINIBOX C-13-30C-90-FX-MD-WH-230ND,White,images/linibox-c/linibox-c-13-white.jpg,3000K,CRI>90,On/Off,IP65,UGR<12.5,White · 160 × 46 × 85mm,12.7W,1117lm,88lm/W,25°,Installation=images/linibox-c/linibox-c-installation-13.pdf;LDT=images/linibox-c/ldt/LINIBOX_C-13-30C-90-FX-MD.ldt;Brochure=images/linibox-c/linibox-c-brochure.pdf,
Linibox C,,,,,,,,,,,,,,,,,,,Linibox C 13 12.7W 25°,LINIBOX C-13-30C-90-FX-MD-WH-230D,White,images/linibox-c/linibox-c-13-white.jpg,3000K,CRI>90,Phase Dim,IP65,UGR<12.5,White · 160 × 46 × 85mm,12.7W,1117lm,88lm/W,25°,Installation=images/linibox-c/linibox-c-installation-13.pdf;LDT=images/linibox-c/ldt/LINIBOX_C-13-30C-90-FX-MD.ldt;Brochure=images/linibox-c/linibox-c-brochure.pdf,
Linibox C,,,,,,,,,,,,,,,,,,,Linibox C 13 12.7W 25°,LINIBOX C-13-40C-80-FX-MD-WH-230ND,White,images/linibox-c/linibox-c-13-white.jpg,4000K,CRI>80,On/Off,IP65,UGR<12.5,White · 160 × 46 × 85mm,12.7W,1345lm,106lm/W,25°,Installation=images/linibox-c/linibox-c-installation-13.pdf;LDT=images/linibox-c/ldt/LINIBOX_C-13-40C-80-FX-MD.ldt;Brochure=images/linibox-c/linibox-c-brochure.pdf,
Linibox C,,,,,,,,,,,,,,,,,,,Linibox C 13 12.7W 25°,LINIBOX C-13-40C-80-FX-MD-WH-230D,White,images/linibox-c/linibox-c-13-white.jpg,4000K,CRI>80,Phase Dim,IP65,UGR<12.5,White · 160 × 46 × 85mm,12.7W,1345lm,106lm/W,25°,Installation=images/linibox-c/linibox-c-installation-13.pdf;LDT=images/linibox-c/ldt/LINIBOX_C-13-40C-80-FX-MD.ldt;Brochure=images/linibox-c/linibox-c-brochure.pdf,
Linibox C,,,,,,,,,,,,,,,,,,,Linibox C 13 12.7W 25°,LINIBOX C-13-40C-90-FX-MD-WH-230ND,White,images/linibox-c/linibox-c-13-white.jpg,4000K,CRI>90,On/Off,IP65,UGR<12.5,White · 160 × 46 × 85mm,12.7W,1209lm,95lm/W,25°,Installation=images/linibox-c/linibox-c-installation-13.pdf;LDT=images/linibox-c/ldt/LINIBOX_C-13-40C-90-FX-MD.ldt;Brochure=images/linibox-c/linibox-c-brochure.pdf,
Linibox C,,,,,,,,,,,,,,,,,,,Linibox C 13 12.7W 25°,LINIBOX C-13-40C-90-FX-MD-WH-230D,White,images/linibox-c/linibox-c-13-white.jpg,4000K,CRI>90,Phase Dim,IP65,UGR<12.5,White · 160 × 46 × 85mm,12.7W,1209lm,95lm/W,25°,Installation=images/linibox-c/linibox-c-installation-13.pdf;LDT=images/linibox-c/ldt/LINIBOX_C-13-40C-90-FX-MD.ldt;Brochure=images/linibox-c/linibox-c-brochure.pdf,
Linibox C,,,,,,,,,,,,,,,,,,,Linibox C 13 12.7W 25°,LINIBOX C-13-50C-80-FX-MD-WH-230ND,White,images/linibox-c/linibox-c-13-white.jpg,5000K,CRI>80,On/Off,IP65,UGR<12.5,White · 160 × 46 × 85mm,12.7W,1482lm,117lm/W,25°,Installation=images/linibox-c/linibox-c-installation-13.pdf;LDT=images/linibox-c/ldt/LINIBOX_C-13-50C-80-FX-MD.ldt;Brochure=images/linibox-c/linibox-c-brochure.pdf,
Linibox C,,,,,,,,,,,,,,,,,,,Linibox C 13 12.7W 25°,LINIBOX C-13-50C-80-FX-MD-WH-230D,White,images/linibox-c/linibox-c-13-white.jpg,5000K,CRI>80,Phase Dim,IP65,UGR<12.5,White · 160 × 46 × 85mm,12.7W,1482lm,117lm/W,25°,Installation=images/linibox-c/linibox-c-installation-13.pdf;LDT=images/linibox-c/ldt/LINIBOX_C-13-50C-80-FX-MD.ldt;Brochure=images/linibox-c/linibox-c-brochure.pdf,
Linibox C,,,,,,,,,,,,,,,,,,,Linibox C 13 12.7W 25°,LINIBOX C-13-50C-90-FX-MD-WH-230ND,White,images/linibox-c/linibox-c-13-white.jpg,5000K,CRI>90,On/Off,IP65,UGR<12.5,White · 160 × 46 × 85mm,12.7W,1284lm,101lm/W,25°,Installation=images/linibox-c/linibox-c-installation-13.pdf;LDT=images/linibox-c/ldt/LINIBOX_C-13-50C-90-FX-MD.ldt;Brochure=images/linibox-c/linibox-c-brochure.pdf,
Linibox C,,,,,,,,,,,,,,,,,,,Linibox C 13 12.7W 25°,LINIBOX C-13-50C-90-FX-MD-WH-230D,White,images/linibox-c/linibox-c-13-white.jpg,5000K,CRI>90,Phase Dim,IP65,UGR<12.5,White · 160 × 46 × 85mm,12.7W,1284lm,101lm/W,25°,Installation=images/linibox-c/linibox-c-installation-13.pdf;LDT=images/linibox-c/ldt/LINIBOX_C-13-50C-90-FX-MD.ldt;Brochure=images/linibox-c/linibox-c-brochure.pdf,
Linibox C,,,,,,,,,,,,,,,,,,,Linibox C 13 12.7W 35°,LINIBOX C-13-27C-80-FX-WD-WH-230ND,White,images/linibox-c/linibox-c-13-white.jpg,2700K,CRI>80,On/Off,IP65,UGR<20.6,White · 160 × 46 × 85mm,12.7W,1224lm,96lm/W,35°,Installation=images/linibox-c/linibox-c-installation-13.pdf;LDT=images/linibox-c/ldt/LINIBOX_C-13-27C-80-FX-WD.ldt;Brochure=images/linibox-c/linibox-c-brochure.pdf,
Linibox C,,,,,,,,,,,,,,,,,,,Linibox C 13 12.7W 35°,LINIBOX C-13-27C-80-FX-WD-WH-230D,White,images/linibox-c/linibox-c-13-white.jpg,2700K,CRI>80,Phase Dim,IP65,UGR<20.6,White · 160 × 46 × 85mm,12.7W,1224lm,96lm/W,35°,Installation=images/linibox-c/linibox-c-installation-13.pdf;LDT=images/linibox-c/ldt/LINIBOX_C-13-27C-80-FX-WD.ldt;Brochure=images/linibox-c/linibox-c-brochure.pdf,
Linibox C,,,,,,,,,,,,,,,,,,,Linibox C 13 12.7W 35°,LINIBOX C-13-27C-90-FX-WD-WH-230ND,White,images/linibox-c/linibox-c-13-white.jpg,2700K,CRI>90,On/Off,IP65,UGR<20.6,White · 160 × 46 × 85mm,12.7W,993lm,78lm/W,35°,Installation=images/linibox-c/linibox-c-installation-13.pdf;LDT=images/linibox-c/ldt/LINIBOX_C-13-27C-90-FX-WD.ldt;Brochure=images/linibox-c/linibox-c-brochure.pdf,
Linibox C,,,,,,,,,,,,,,,,,,,Linibox C 13 12.7W 35°,LINIBOX C-13-27C-90-FX-WD-WH-230D,White,images/linibox-c/linibox-c-13-white.jpg,2700K,CRI>90,Phase Dim,IP65,UGR<20.6,White · 160 × 46 × 85mm,12.7W,993lm,78lm/W,35°,Installation=images/linibox-c/linibox-c-installation-13.pdf;LDT=images/linibox-c/ldt/LINIBOX_C-13-27C-90-FX-WD.ldt;Brochure=images/linibox-c/linibox-c-brochure.pdf,
Linibox C,,,,,,,,,,,,,,,,,,,Linibox C 13 12.7W 35°,LINIBOX C-13-30C-80-FX-WD-WH-230ND,White,images/linibox-c/linibox-c-13-white.jpg,3000K,CRI>80,On/Off,IP65,UGR<20.6,White · 160 × 46 × 85mm,12.7W,1294lm,102lm/W,35°,Installation=images/linibox-c/linibox-c-installation-13.pdf;LDT=images/linibox-c/ldt/LINIBOX_C-13-30C-80-FX-WD.ldt;Brochure=images/linibox-c/linibox-c-brochure.pdf,
Linibox C,,,,,,,,,,,,,,,,,,,Linibox C 13 12.7W 35°,LINIBOX C-13-30C-80-FX-WD-WH-230D,White,images/linibox-c/linibox-c-13-white.jpg,3000K,CRI>80,Phase Dim,IP65,UGR<20.6,White · 160 × 46 × 85mm,12.7W,1294lm,102lm/W,35°,Installation=images/linibox-c/linibox-c-installation-13.pdf;LDT=images/linibox-c/ldt/LINIBOX_C-13-30C-80-FX-WD.ldt;Brochure=images/linibox-c/linibox-c-brochure.pdf,
Linibox C,,,,,,,,,,,,,,,,,,,Linibox C 13 12.7W 35°,LINIBOX C-13-30C-90-FX-WD-WH-230ND,White,images/linibox-c/linibox-c-13-white.jpg,3000K,CRI>90,On/Off,IP65,UGR<20.6,White · 160 × 46 × 85mm,12.7W,1132lm,89lm/W,35°,Installation=images/linibox-c/linibox-c-installation-13.pdf;LDT=images/linibox-c/ldt/LINIBOX_C-13-30C-90-FX-WD.ldt;Brochure=images/linibox-c/linibox-c-brochure.pdf,
Linibox C,,,,,,,,,,,,,,,,,,,Linibox C 13 12.7W 35°,LINIBOX C-13-30C-90-FX-WD-WH-230D,White,images/linibox-c/linibox-c-13-white.jpg,3000K,CRI>90,Phase Dim,IP65,UGR<20.6,White · 160 × 46 × 85mm,12.7W,1132lm,89lm/W,35°,Installation=images/linibox-c/linibox-c-installation-13.pdf;LDT=images/linibox-c/ldt/LINIBOX_C-13-30C-90-FX-WD.ldt;Brochure=images/linibox-c/linibox-c-brochure.pdf,
Linibox C,,,,,,,,,,,,,,,,,,,Linibox C 13 12.7W 35°,LINIBOX C-13-40C-80-FX-WD-WH-230ND,White,images/linibox-c/linibox-c-13-white.jpg,4000K,CRI>80,On/Off,IP65,UGR<20.6,White · 160 × 46 × 85mm,12.7W,1363lm,107lm/W,35°,Installation=images/linibox-c/linibox-c-installation-13.pdf;LDT=images/linibox-c/ldt/LINIBOX_C-13-40C-80-FX-WD.ldt;Brochure=images/linibox-c/linibox-c-brochure.pdf,
Linibox C,,,,,,,,,,,,,,,,,,,Linibox C 13 12.7W 35°,LINIBOX C-13-40C-80-FX-WD-WH-230D,White,images/linibox-c/linibox-c-13-white.jpg,4000K,CRI>80,Phase Dim,IP65,UGR<20.6,White · 160 × 46 × 85mm,12.7W,1363lm,107lm/W,35°,Installation=images/linibox-c/linibox-c-installation-13.pdf;LDT=images/linibox-c/ldt/LINIBOX_C-13-40C-80-FX-WD.ldt;Brochure=images/linibox-c/linibox-c-brochure.pdf,
Linibox C,,,,,,,,,,,,,,,,,,,Linibox C 13 12.7W 35°,LINIBOX C-13-40C-90-FX-WD-WH-230ND,White,images/linibox-c/linibox-c-13-white.jpg,4000K,CRI>90,On/Off,IP65,UGR<20.6,White · 160 × 46 × 85mm,12.7W,1224lm,96lm/W,35°,Installation=images/linibox-c/linibox-c-installation-13.pdf;LDT=images/linibox-c/ldt/LINIBOX_C-13-40C-90-FX-WD.ldt;Brochure=images/linibox-c/linibox-c-brochure.pdf,
Linibox C,,,,,,,,,,,,,,,,,,,Linibox C 13 12.7W 35°,LINIBOX C-13-40C-90-FX-WD-WH-230D,White,images/linibox-c/linibox-c-13-white.jpg,4000K,CRI>90,Phase Dim,IP65,UGR<20.6,White · 160 × 46 × 85mm,12.7W,1224lm,96lm/W,35°,Installation=images/linibox-c/linibox-c-installation-13.pdf;LDT=images/linibox-c/ldt/LINIBOX_C-13-40C-90-FX-WD.ldt;Brochure=images/linibox-c/linibox-c-brochure.pdf,
Linibox C,,,,,,,,,,,,,,,,,,,Linibox C 13 12.7W 35°,LINIBOX C-13-50C-80-FX-WD-WH-230ND,White,images/linibox-c/linibox-c-13-white.jpg,5000K,CRI>80,On/Off,IP65,UGR<20.6,White · 160 × 46 × 85mm,12.7W,1502lm,118lm/W,35°,Installation=images/linibox-c/linibox-c-installation-13.pdf;LDT=images/linibox-c/ldt/LINIBOX_C-13-50C-80-FX-WD.ldt;Brochure=images/linibox-c/linibox-c-brochure.pdf,
Linibox C,,,,,,,,,,,,,,,,,,,Linibox C 13 12.7W 35°,LINIBOX C-13-50C-80-FX-WD-WH-230D,White,images/linibox-c/linibox-c-13-white.jpg,5000K,CRI>80,Phase Dim,IP65,UGR<20.6,White · 160 × 46 × 85mm,12.7W,1502lm,118lm/W,35°,Installation=images/linibox-c/linibox-c-installation-13.pdf;LDT=images/linibox-c/ldt/LINIBOX_C-13-50C-80-FX-WD.ldt;Brochure=images/linibox-c/linibox-c-brochure.pdf,
Linibox C,,,,,,,,,,,,,,,,,,,Linibox C 13 12.7W 35°,LINIBOX C-13-50C-90-FX-WD-WH-230ND,White,images/linibox-c/linibox-c-13-white.jpg,5000K,CRI>90,On/Off,IP65,UGR<20.6,White · 160 × 46 × 85mm,12.7W,1301lm,102lm/W,35°,Installation=images/linibox-c/linibox-c-installation-13.pdf;LDT=images/linibox-c/ldt/LINIBOX_C-13-50C-90-FX-WD.ldt;Brochure=images/linibox-c/linibox-c-brochure.pdf,
Linibox C,,,,,,,,,,,,,,,,,,,Linibox C 13 12.7W 35°,LINIBOX C-13-50C-90-FX-WD-WH-230D,White,images/linibox-c/linibox-c-13-white.jpg,5000K,CRI>90,Phase Dim,IP65,UGR<20.6,White · 160 × 46 × 85mm,12.7W,1301lm,102lm/W,35°,Installation=images/linibox-c/linibox-c-installation-13.pdf;LDT=images/linibox-c/ldt/LINIBOX_C-13-50C-90-FX-WD.ldt;Brochure=images/linibox-c/linibox-c-brochure.pdf,
Linibox C,,,,,,,,,,,,,,,,,,,Linibox C 13 12.7W 62°,LINIBOX C-13-27C-80-FX-VW-WH-230ND,White,images/linibox-c/linibox-c-13-white.jpg,2700K,CRI>80,On/Off,IP65,UGR<23.6,White · 160 × 46 × 85mm,12.7W,1018lm,80lm/W,62°,Installation=images/linibox-c/linibox-c-installation-13.pdf;LDT=images/linibox-c/ldt/LINIBOX_C-13-27C-80-FX-VW.ldt;Brochure=images/linibox-c/linibox-c-brochure.pdf,
Linibox C,,,,,,,,,,,,,,,,,,,Linibox C 13 12.7W 62°,LINIBOX C-13-27C-80-FX-VW-WH-230D,White,images/linibox-c/linibox-c-13-white.jpg,2700K,CRI>80,Phase Dim,IP65,UGR<23.6,White · 160 × 46 × 85mm,12.7W,1018lm,80lm/W,62°,Installation=images/linibox-c/linibox-c-installation-13.pdf;LDT=images/linibox-c/ldt/LINIBOX_C-13-27C-80-FX-VW.ldt;Brochure=images/linibox-c/linibox-c-brochure.pdf,
Linibox C,,,,,,,,,,,,,,,,,,,Linibox C 13 12.7W 62°,LINIBOX C-13-27C-90-FX-VW-WH-230ND,White,images/linibox-c/linibox-c-13-white.jpg,2700K,CRI>90,On/Off,IP65,UGR<23.6,White · 160 × 46 × 85mm,12.7W,826lm,65lm/W,62°,Installation=images/linibox-c/linibox-c-installation-13.pdf;LDT=images/linibox-c/ldt/LINIBOX_C-13-27C-90-FX-VW.ldt;Brochure=images/linibox-c/linibox-c-brochure.pdf,
Linibox C,,,,,,,,,,,,,,,,,,,Linibox C 13 12.7W 62°,LINIBOX C-13-27C-90-FX-VW-WH-230D,White,images/linibox-c/linibox-c-13-white.jpg,2700K,CRI>90,Phase Dim,IP65,UGR<23.6,White · 160 × 46 × 85mm,12.7W,826lm,65lm/W,62°,Installation=images/linibox-c/linibox-c-installation-13.pdf;LDT=images/linibox-c/ldt/LINIBOX_C-13-27C-90-FX-VW.ldt;Brochure=images/linibox-c/linibox-c-brochure.pdf,
Linibox C,,,,,,,,,,,,,,,,,,,Linibox C 13 12.7W 62°,LINIBOX C-13-30C-80-FX-VW-WH-230ND,White,images/linibox-c/linibox-c-13-white.jpg,3000K,CRI>80,On/Off,IP65,UGR<23.6,White · 160 × 46 × 85mm,12.7W,1075lm,85lm/W,62°,Installation=images/linibox-c/linibox-c-installation-13.pdf;LDT=images/linibox-c/ldt/LINIBOX_C-13-30C-80-FX-VW.ldt;Brochure=images/linibox-c/linibox-c-brochure.pdf,
Linibox C,,,,,,,,,,,,,,,,,,,Linibox C 13 12.7W 62°,LINIBOX C-13-30C-80-FX-VW-WH-230D,White,images/linibox-c/linibox-c-13-white.jpg,3000K,CRI>80,Phase Dim,IP65,UGR<23.6,White · 160 × 46 × 85mm,12.7W,1075lm,85lm/W,62°,Installation=images/linibox-c/linibox-c-installation-13.pdf;LDT=images/linibox-c/ldt/LINIBOX_C-13-30C-80-FX-VW.ldt;Brochure=images/linibox-c/linibox-c-brochure.pdf,
Linibox C,,,,,,,,,,,,,,,,,,,Linibox C 13 12.7W 62°,LINIBOX C-13-30C-90-FX-VW-WH-230ND,White,images/linibox-c/linibox-c-13-white.jpg,3000K,CRI>90,On/Off,IP65,UGR<23.6,White · 160 × 46 × 85mm,12.7W,941lm,74lm/W,62°,Installation=images/linibox-c/linibox-c-installation-13.pdf;LDT=images/linibox-c/ldt/LINIBOX_C-13-30C-90-FX-VW.ldt;Brochure=images/linibox-c/linibox-c-brochure.pdf,
Linibox C,,,,,,,,,,,,,,,,,,,Linibox C 13 12.7W 62°,LINIBOX C-13-30C-90-FX-VW-WH-230D,White,images/linibox-c/linibox-c-13-white.jpg,3000K,CRI>90,Phase Dim,IP65,UGR<23.6,White · 160 × 46 × 85mm,12.7W,941lm,74lm/W,62°,Installation=images/linibox-c/linibox-c-installation-13.pdf;LDT=images/linibox-c/ldt/LINIBOX_C-13-30C-90-FX-VW.ldt;Brochure=images/linibox-c/linibox-c-brochure.pdf,
Linibox C,,,,,,,,,,,,,,,,,,,Linibox C 13 12.7W 62°,LINIBOX C-13-40C-80-FX-VW-WH-230ND,White,images/linibox-c/linibox-c-13-white.jpg,4000K,CRI>80,On/Off,IP65,UGR<23.6,White · 160 × 46 × 85mm,12.7W,1133lm,89lm/W,62°,Installation=images/linibox-c/linibox-c-installation-13.pdf;LDT=images/linibox-c/ldt/LINIBOX_C-13-40C-80-FX-VW.ldt;Brochure=images/linibox-c/linibox-c-brochure.pdf,
Linibox C,,,,,,,,,,,,,,,,,,,Linibox C 13 12.7W 62°,LINIBOX C-13-40C-80-FX-VW-WH-230D,White,images/linibox-c/linibox-c-13-white.jpg,4000K,CRI>80,Phase Dim,IP65,UGR<23.6,White · 160 × 46 × 85mm,12.7W,1133lm,89lm/W,62°,Installation=images/linibox-c/linibox-c-installation-13.pdf;LDT=images/linibox-c/ldt/LINIBOX_C-13-40C-80-FX-VW.ldt;Brochure=images/linibox-c/linibox-c-brochure.pdf,
Linibox C,,,,,,,,,,,,,,,,,,,Linibox C 13 12.7W 62°,LINIBOX C-13-40C-90-FX-VW-WH-230ND,White,images/linibox-c/linibox-c-13-white.jpg,4000K,CRI>90,On/Off,IP65,UGR<23.6,White · 160 × 46 × 85mm,12.7W,1018lm,80lm/W,62°,Installation=images/linibox-c/linibox-c-installation-13.pdf;LDT=images/linibox-c/ldt/LINIBOX_C-13-40C-90-FX-VW.ldt;Brochure=images/linibox-c/linibox-c-brochure.pdf,
Linibox C,,,,,,,,,,,,,,,,,,,Linibox C 13 12.7W 62°,LINIBOX C-13-40C-90-FX-VW-WH-230D,White,images/linibox-c/linibox-c-13-white.jpg,4000K,CRI>90,Phase Dim,IP65,UGR<23.6,White · 160 × 46 × 85mm,12.7W,1018lm,80lm/W,62°,Installation=images/linibox-c/linibox-c-installation-13.pdf;LDT=images/linibox-c/ldt/LINIBOX_C-13-40C-90-FX-VW.ldt;Brochure=images/linibox-c/linibox-c-brochure.pdf,
Linibox C,,,,,,,,,,,,,,,,,,,Linibox C 13 12.7W 62°,LINIBOX C-13-50C-80-FX-VW-WH-230ND,White,images/linibox-c/linibox-c-13-white.jpg,5000K,CRI>80,On/Off,IP65,UGR<23.6,White · 160 × 46 × 85mm,12.7W,1248lm,98lm/W,62°,Installation=images/linibox-c/linibox-c-installation-13.pdf;LDT=images/linibox-c/ldt/LINIBOX_C-13-50C-80-FX-VW.ldt;Brochure=images/linibox-c/linibox-c-brochure.pdf,
Linibox C,,,,,,,,,,,,,,,,,,,Linibox C 13 12.7W 62°,LINIBOX C-13-50C-80-FX-VW-WH-230D,White,images/linibox-c/linibox-c-13-white.jpg,5000K,CRI>80,Phase Dim,IP65,UGR<23.6,White · 160 × 46 × 85mm,12.7W,1248lm,98lm/W,62°,Installation=images/linibox-c/linibox-c-installation-13.pdf;LDT=images/linibox-c/ldt/LINIBOX_C-13-50C-80-FX-VW.ldt;Brochure=images/linibox-c/linibox-c-brochure.pdf,
Linibox C,,,,,,,,,,,,,,,,,,,Linibox C 13 12.7W 62°,LINIBOX C-13-50C-90-FX-VW-WH-230ND,White,images/linibox-c/linibox-c-13-white.jpg,5000K,CRI>90,On/Off,IP65,UGR<23.6,White · 160 × 46 × 85mm,12.7W,1082lm,85lm/W,62°,Installation=images/linibox-c/linibox-c-installation-13.pdf;LDT=images/linibox-c/ldt/LINIBOX_C-13-50C-90-FX-VW.ldt;Brochure=images/linibox-c/linibox-c-brochure.pdf,
Linibox C,,,,,,,,,,,,,,,,,,,Linibox C 13 12.7W 62°,LINIBOX C-13-50C-90-FX-VW-WH-230D,White,images/linibox-c/linibox-c-13-white.jpg,5000K,CRI>90,Phase Dim,IP65,UGR<23.6,White · 160 × 46 × 85mm,12.7W,1082lm,85lm/W,62°,Installation=images/linibox-c/linibox-c-installation-13.pdf;LDT=images/linibox-c/ldt/LINIBOX_C-13-50C-90-FX-VW.ldt;Brochure=images/linibox-c/linibox-c-brochure.pdf,
Linibox C,,,,,,,,,,,,,,,,,,,Linibox C 13 12.7W 16°x30°,LINIBOX C-13-27C-80-FX-AS-WH-230ND,White,images/linibox-c/linibox-c-13-white.jpg,2700K,CRI>80,On/Off,IP65,UGR<15.7,White · 160 × 46 × 85mm,12.7W,1129lm,89lm/W,16°x30°,Installation=images/linibox-c/linibox-c-installation-13.pdf;LDT=images/linibox-c/ldt/LINIBOX_C-13-27C-80-FX-AS.ldt;Brochure=images/linibox-c/linibox-c-brochure.pdf,
Linibox C,,,,,,,,,,,,,,,,,,,Linibox C 13 12.7W 16°x30°,LINIBOX C-13-27C-80-FX-AS-WH-230D,White,images/linibox-c/linibox-c-13-white.jpg,2700K,CRI>80,Phase Dim,IP65,UGR<15.7,White · 160 × 46 × 85mm,12.7W,1129lm,89lm/W,16°x30°,Installation=images/linibox-c/linibox-c-installation-13.pdf;LDT=images/linibox-c/ldt/LINIBOX_C-13-27C-80-FX-AS.ldt;Brochure=images/linibox-c/linibox-c-brochure.pdf,
Linibox C,,,,,,,,,,,,,,,,,,,Linibox C 13 12.7W 16°x30°,LINIBOX C-13-27C-90-FX-AS-WH-230ND,White,images/linibox-c/linibox-c-13-white.jpg,2700K,CRI>90,On/Off,IP65,UGR<15.7,White · 160 × 46 × 85mm,12.7W,916lm,72lm/W,16°x30°,Installation=images/linibox-c/linibox-c-installation-13.pdf;LDT=images/linibox-c/ldt/LINIBOX_C-13-27C-90-FX-AS.ldt;Brochure=images/linibox-c/linibox-c-brochure.pdf,
Linibox C,,,,,,,,,,,,,,,,,,,Linibox C 13 12.7W 16°x30°,LINIBOX C-13-27C-90-FX-AS-WH-230D,White,images/linibox-c/linibox-c-13-white.jpg,2700K,CRI>90,Phase Dim,IP65,UGR<15.7,White · 160 × 46 × 85mm,12.7W,916lm,72lm/W,16°x30°,Installation=images/linibox-c/linibox-c-installation-13.pdf;LDT=images/linibox-c/ldt/LINIBOX_C-13-27C-90-FX-AS.ldt;Brochure=images/linibox-c/linibox-c-brochure.pdf,
Linibox C,,,,,,,,,,,,,,,,,,,Linibox C 13 12.7W 16°x30°,LINIBOX C-13-30C-80-FX-AS-WH-230ND,White,images/linibox-c/linibox-c-13-white.jpg,3000K,CRI>80,On/Off,IP65,UGR<15.7,White · 160 × 46 × 85mm,12.7W,1193lm,94lm/W,16°x30°,Installation=images/linibox-c/linibox-c-installation-13.pdf;LDT=images/linibox-c/ldt/LINIBOX_C-13-30C-80-FX-AS.ldt;Brochure=images/linibox-c/linibox-c-brochure.pdf,
Linibox C,,,,,,,,,,,,,,,,,,,Linibox C 13 12.7W 16°x30°,LINIBOX C-13-30C-80-FX-AS-WH-230D,White,images/linibox-c/linibox-c-13-white.jpg,3000K,CRI>80,Phase Dim,IP65,UGR<15.7,White · 160 × 46 × 85mm,12.7W,1193lm,94lm/W,16°x30°,Installation=images/linibox-c/linibox-c-installation-13.pdf;LDT=images/linibox-c/ldt/LINIBOX_C-13-30C-80-FX-AS.ldt;Brochure=images/linibox-c/linibox-c-brochure.pdf,
Linibox C,,,,,,,,,,,,,,,,,,,Linibox C 13 12.7W 16°x30°,LINIBOX C-13-30C-90-FX-AS-WH-230ND,White,images/linibox-c/linibox-c-13-white.jpg,3000K,CRI>90,On/Off,IP65,UGR<15.7,White · 160 × 46 × 85mm,12.7W,1044lm,82lm/W,16°x30°,Installation=images/linibox-c/linibox-c-installation-13.pdf;LDT=images/linibox-c/ldt/LINIBOX_C-13-30C-90-FX-AS.ldt;Brochure=images/linibox-c/linibox-c-brochure.pdf,
Linibox C,,,,,,,,,,,,,,,,,,,Linibox C 13 12.7W 16°x30°,LINIBOX C-13-30C-90-FX-AS-WH-230D,White,images/linibox-c/linibox-c-13-white.jpg,3000K,CRI>90,Phase Dim,IP65,UGR<15.7,White · 160 × 46 × 85mm,12.7W,1044lm,82lm/W,16°x30°,Installation=images/linibox-c/linibox-c-installation-13.pdf;LDT=images/linibox-c/ldt/LINIBOX_C-13-30C-90-FX-AS.ldt;Brochure=images/linibox-c/linibox-c-brochure.pdf,
Linibox C,,,,,,,,,,,,,,,,,,,Linibox C 13 12.7W 16°x30°,LINIBOX C-13-40C-80-FX-AS-WH-230ND,White,images/linibox-c/linibox-c-13-white.jpg,4000K,CRI>80,On/Off,IP65,UGR<15.7,White · 160 × 46 × 85mm,12.7W,1257lm,99lm/W,16°x30°,Installation=images/linibox-c/linibox-c-installation-13.pdf;LDT=images/linibox-c/ldt/LINIBOX_C-13-40C-80-FX-AS.ldt;Brochure=images/linibox-c/linibox-c-brochure.pdf,
Linibox C,,,,,,,,,,,,,,,,,,,Linibox C 13 12.7W 16°x30°,LINIBOX C-13-40C-80-FX-AS-WH-230D,White,images/linibox-c/linibox-c-13-white.jpg,4000K,CRI>80,Phase Dim,IP65,UGR<15.7,White · 160 × 46 × 85mm,12.7W,1257lm,99lm/W,16°x30°,Installation=images/linibox-c/linibox-c-installation-13.pdf;LDT=images/linibox-c/ldt/LINIBOX_C-13-40C-80-FX-AS.ldt;Brochure=images/linibox-c/linibox-c-brochure.pdf,
Linibox C,,,,,,,,,,,,,,,,,,,Linibox C 13 12.7W 16°x30°,LINIBOX C-13-40C-90-FX-AS-WH-230ND,White,images/linibox-c/linibox-c-13-white.jpg,4000K,CRI>90,On/Off,IP65,UGR<15.7,White · 160 × 46 × 85mm,12.7W,1129lm,89lm/W,16°x30°,Installation=images/linibox-c/linibox-c-installation-13.pdf;LDT=images/linibox-c/ldt/LINIBOX_C-13-40C-90-FX-AS.ldt;Brochure=images/linibox-c/linibox-c-brochure.pdf,
Linibox C,,,,,,,,,,,,,,,,,,,Linibox C 13 12.7W 16°x30°,LINIBOX C-13-40C-90-FX-AS-WH-230D,White,images/linibox-c/linibox-c-13-white.jpg,4000K,CRI>90,Phase Dim,IP65,UGR<15.7,White · 160 × 46 × 85mm,12.7W,1129lm,89lm/W,16°x30°,Installation=images/linibox-c/linibox-c-installation-13.pdf;LDT=images/linibox-c/ldt/LINIBOX_C-13-40C-90-FX-AS.ldt;Brochure=images/linibox-c/linibox-c-brochure.pdf,
Linibox C,,,,,,,,,,,,,,,,,,,Linibox C 13 12.7W 16°x30°,LINIBOX C-13-50C-80-FX-AS-WH-230ND,White,images/linibox-c/linibox-c-13-white.jpg,5000K,CRI>80,On/Off,IP65,UGR<15.7,White · 160 × 46 × 85mm,12.7W,1385lm,109lm/W,16°x30°,Installation=images/linibox-c/linibox-c-installation-13.pdf;LDT=images/linibox-c/ldt/LINIBOX_C-13-50C-80-FX-AS.ldt;Brochure=images/linibox-c/linibox-c-brochure.pdf,
Linibox C,,,,,,,,,,,,,,,,,,,Linibox C 13 12.7W 16°x30°,LINIBOX C-13-50C-80-FX-AS-WH-230D,White,images/linibox-c/linibox-c-13-white.jpg,5000K,CRI>80,Phase Dim,IP65,UGR<15.7,White · 160 × 46 × 85mm,12.7W,1385lm,109lm/W,16°x30°,Installation=images/linibox-c/linibox-c-installation-13.pdf;LDT=images/linibox-c/ldt/LINIBOX_C-13-50C-80-FX-AS.ldt;Brochure=images/linibox-c/linibox-c-brochure.pdf,
Linibox C,,,,,,,,,,,,,,,,,,,Linibox C 13 12.7W 16°x30°,LINIBOX C-13-50C-90-FX-AS-WH-230ND,White,images/linibox-c/linibox-c-13-white.jpg,5000K,CRI>90,On/Off,IP65,UGR<15.7,White · 160 × 46 × 85mm,12.7W,1200lm,94lm/W,16°x30°,Installation=images/linibox-c/linibox-c-installation-13.pdf;LDT=images/linibox-c/ldt/LINIBOX_C-13-50C-90-FX-AS.ldt;Brochure=images/linibox-c/linibox-c-brochure.pdf,
Linibox C,,,,,,,,,,,,,,,,,,,Linibox C 13 12.7W 16°x30°,LINIBOX C-13-50C-90-FX-AS-WH-230D,White,images/linibox-c/linibox-c-13-white.jpg,5000K,CRI>90,Phase Dim,IP65,UGR<15.7,White · 160 × 46 × 85mm,12.7W,1200lm,94lm/W,16°x30°,Installation=images/linibox-c/linibox-c-installation-13.pdf;LDT=images/linibox-c/ldt/LINIBOX_C-13-50C-90-FX-AS.ldt;Brochure=images/linibox-c/linibox-c-brochure.pdf,
Linibox C,,,,,,,,,,,,,,,,,,,Linibox C 17 16.8W 17°,LINIBOX C-17-27C-80-FX-VN-WH-230ND,White,images/linibox-c/linibox-c-17-white.jpg,2700K,CRI>80,On/Off,IP65,UGR<13.7,White · 205 × 46 × 85mm,16.8W,1505lm,90lm/W,17°,Installation=images/linibox-c/linibox-c-installation-17.pdf;LDT=images/linibox-c/ldt/LINIBOX_C-17-27C-80-FX-VN.ldt;Brochure=images/linibox-c/linibox-c-brochure.pdf,
Linibox C,,,,,,,,,,,,,,,,,,,Linibox C 17 16.8W 17°,LINIBOX C-17-27C-80-FX-VN-WH-230D,White,images/linibox-c/linibox-c-17-white.jpg,2700K,CRI>80,Phase Dim,IP65,UGR<13.7,White · 205 × 46 × 85mm,16.8W,1505lm,90lm/W,17°,Installation=images/linibox-c/linibox-c-installation-17.pdf;LDT=images/linibox-c/ldt/LINIBOX_C-17-27C-80-FX-VN.ldt;Brochure=images/linibox-c/linibox-c-brochure.pdf,
Linibox C,,,,,,,,,,,,,,,,,,,Linibox C 17 16.8W 17°,LINIBOX C-17-27C-90-FX-VN-WH-230ND,White,images/linibox-c/linibox-c-17-white.jpg,2700K,CRI>90,On/Off,IP65,UGR<13.7,White · 205 × 46 × 85mm,16.8W,1221lm,73lm/W,17°,Installation=images/linibox-c/linibox-c-installation-17.pdf;LDT=images/linibox-c/ldt/LINIBOX_C-17-27C-90-FX-VN.ldt;Brochure=images/linibox-c/linibox-c-brochure.pdf,
Linibox C,,,,,,,,,,,,,,,,,,,Linibox C 17 16.8W 17°,LINIBOX C-17-27C-90-FX-VN-WH-230D,White,images/linibox-c/linibox-c-17-white.jpg,2700K,CRI>90,Phase Dim,IP65,UGR<13.7,White · 205 × 46 × 85mm,16.8W,1221lm,73lm/W,17°,Installation=images/linibox-c/linibox-c-installation-17.pdf;LDT=images/linibox-c/ldt/LINIBOX_C-17-27C-90-FX-VN.ldt;Brochure=images/linibox-c/linibox-c-brochure.pdf,
Linibox C,,,,,,,,,,,,,,,,,,,Linibox C 17 16.8W 17°,LINIBOX C-17-30C-80-FX-VN-WH-230ND,White,images/linibox-c/linibox-c-17-white.jpg,3000K,CRI>80,On/Off,IP65,UGR<13.7,White · 205 × 46 × 85mm,16.8W,1590lm,95lm/W,17°,Installation=images/linibox-c/linibox-c-installation-17.pdf;LDT=images/linibox-c/ldt/LINIBOX_C-17-30C-80-FX-VN.ldt;Brochure=images/linibox-c/linibox-c-brochure.pdf,
Linibox C,,,,,,,,,,,,,,,,,,,Linibox C 17 16.8W 17°,LINIBOX C-17-30C-80-FX-VN-WH-230D,White,images/linibox-c/linibox-c-17-white.jpg,3000K,CRI>80,Phase Dim,IP65,UGR<13.7,White · 205 × 46 × 85mm,16.8W,1590lm,95lm/W,17°,Installation=images/linibox-c/linibox-c-installation-17.pdf;LDT=images/linibox-c/ldt/LINIBOX_C-17-30C-80-FX-VN.ldt;Brochure=images/linibox-c/linibox-c-brochure.pdf,
Linibox C,,,,,,,,,,,,,,,,,,,Linibox C 17 16.8W 17°,LINIBOX C-17-30C-90-FX-VN-WH-230ND,White,images/linibox-c/linibox-c-17-white.jpg,3000K,CRI>90,On/Off,IP65,UGR<13.7,White · 205 × 46 × 85mm,16.8W,1392lm,83lm/W,17°,Installation=images/linibox-c/linibox-c-installation-17.pdf;LDT=images/linibox-c/ldt/LINIBOX_C-17-30C-90-FX-VN.ldt;Brochure=images/linibox-c/linibox-c-brochure.pdf,
Linibox C,,,,,,,,,,,,,,,,,,,Linibox C 17 16.8W 17°,LINIBOX C-17-30C-90-FX-VN-WH-230D,White,images/linibox-c/linibox-c-17-white.jpg,3000K,CRI>90,Phase Dim,IP65,UGR<13.7,White · 205 × 46 × 85mm,16.8W,1392lm,83lm/W,17°,Installation=images/linibox-c/linibox-c-installation-17.pdf;LDT=images/linibox-c/ldt/LINIBOX_C-17-30C-90-FX-VN.ldt;Brochure=images/linibox-c/linibox-c-brochure.pdf,
Linibox C,,,,,,,,,,,,,,,,,,,Linibox C 17 16.8W 17°,LINIBOX C-17-40C-80-FX-VN-WH-230ND,White,images/linibox-c/linibox-c-17-white.jpg,4000K,CRI>80,On/Off,IP65,UGR<13.7,White · 205 × 46 × 85mm,16.8W,1676lm,100lm/W,17°,Installation=images/linibox-c/linibox-c-installation-17.pdf;LDT=images/linibox-c/ldt/LINIBOX_C-17-40C-80-FX-VN.ldt;Brochure=images/linibox-c/linibox-c-brochure.pdf,
Linibox C,,,,,,,,,,,,,,,,,,,Linibox C 17 16.8W 17°,LINIBOX C-17-40C-80-FX-VN-WH-230D,White,images/linibox-c/linibox-c-17-white.jpg,4000K,CRI>80,Phase Dim,IP65,UGR<13.7,White · 205 × 46 × 85mm,16.8W,1676lm,100lm/W,17°,Installation=images/linibox-c/linibox-c-installation-17.pdf;LDT=images/linibox-c/ldt/LINIBOX_C-17-40C-80-FX-VN.ldt;Brochure=images/linibox-c/linibox-c-brochure.pdf,
Linibox C,,,,,,,,,,,,,,,,,,,Linibox C 17 16.8W 17°,LINIBOX C-17-40C-90-FX-VN-WH-230ND,White,images/linibox-c/linibox-c-17-white.jpg,4000K,CRI>90,On/Off,IP65,UGR<13.7,White · 205 × 46 × 85mm,16.8W,1505lm,90lm/W,17°,Installation=images/linibox-c/linibox-c-installation-17.pdf;LDT=images/linibox-c/ldt/LINIBOX_C-17-40C-90-FX-VN.ldt;Brochure=images/linibox-c/linibox-c-brochure.pdf,
Linibox C,,,,,,,,,,,,,,,,,,,Linibox C 17 16.8W 17°,LINIBOX C-17-40C-90-FX-VN-WH-230D,White,images/linibox-c/linibox-c-17-white.jpg,4000K,CRI>90,Phase Dim,IP65,UGR<13.7,White · 205 × 46 × 85mm,16.8W,1505lm,90lm/W,17°,Installation=images/linibox-c/linibox-c-installation-17.pdf;LDT=images/linibox-c/ldt/LINIBOX_C-17-40C-90-FX-VN.ldt;Brochure=images/linibox-c/linibox-c-brochure.pdf,
Linibox C,,,,,,,,,,,,,,,,,,,Linibox C 17 16.8W 17°,LINIBOX C-17-50C-80-FX-VN-WH-230ND,White,images/linibox-c/linibox-c-17-white.jpg,5000K,CRI>80,On/Off,IP65,UGR<13.7,White · 205 × 46 × 85mm,16.8W,1846lm,110lm/W,17°,Installation=images/linibox-c/linibox-c-installation-17.pdf;LDT=images/linibox-c/ldt/LINIBOX_C-17-50C-80-FX-VN.ldt;Brochure=images/linibox-c/linibox-c-brochure.pdf,
Linibox C,,,,,,,,,,,,,,,,,,,Linibox C 17 16.8W 17°,LINIBOX C-17-50C-80-FX-VN-WH-230D,White,images/linibox-c/linibox-c-17-white.jpg,5000K,CRI>80,Phase Dim,IP65,UGR<13.7,White · 205 × 46 × 85mm,16.8W,1846lm,110lm/W,17°,Installation=images/linibox-c/linibox-c-installation-17.pdf;LDT=images/linibox-c/ldt/LINIBOX_C-17-50C-80-FX-VN.ldt;Brochure=images/linibox-c/linibox-c-brochure.pdf,
Linibox C,,,,,,,,,,,,,,,,,,,Linibox C 17 16.8W 17°,LINIBOX C-17-50C-90-FX-VN-WH-230ND,White,images/linibox-c/linibox-c-17-white.jpg,5000K,CRI>90,On/Off,IP65,UGR<13.7,White · 205 × 46 × 85mm,16.8W,1598lm,95lm/W,17°,Installation=images/linibox-c/linibox-c-installation-17.pdf;LDT=images/linibox-c/ldt/LINIBOX_C-17-50C-90-FX-VN.ldt;Brochure=images/linibox-c/linibox-c-brochure.pdf,
Linibox C,,,,,,,,,,,,,,,,,,,Linibox C 17 16.8W 17°,LINIBOX C-17-50C-90-FX-VN-WH-230D,White,images/linibox-c/linibox-c-17-white.jpg,5000K,CRI>90,Phase Dim,IP65,UGR<13.7,White · 205 × 46 × 85mm,16.8W,1598lm,95lm/W,17°,Installation=images/linibox-c/linibox-c-installation-17.pdf;LDT=images/linibox-c/ldt/LINIBOX_C-17-50C-90-FX-VN.ldt;Brochure=images/linibox-c/linibox-c-brochure.pdf,
Linibox C,,,,,,,,,,,,,,,,,,,Linibox C 17 16.8W 21°,LINIBOX C-17-27C-80-FX-NR-WH-230ND,White,images/linibox-c/linibox-c-17-white.jpg,2700K,CRI>80,On/Off,IP65,UGR<13.1,White · 205 × 46 × 85mm,16.8W,1823lm,109lm/W,21°,Installation=images/linibox-c/linibox-c-installation-17.pdf;LDT=images/linibox-c/ldt/LINIBOX_C-17-27C-80-FX-NR.ldt;Brochure=images/linibox-c/linibox-c-brochure.pdf,
Linibox C,,,,,,,,,,,,,,,,,,,Linibox C 17 16.8W 21°,LINIBOX C-17-27C-80-FX-NR-WH-230D,White,images/linibox-c/linibox-c-17-white.jpg,2700K,CRI>80,Phase Dim,IP65,UGR<13.1,White · 205 × 46 × 85mm,16.8W,1823lm,109lm/W,21°,Installation=images/linibox-c/linibox-c-installation-17.pdf;LDT=images/linibox-c/ldt/LINIBOX_C-17-27C-80-FX-NR.ldt;Brochure=images/linibox-c/linibox-c-brochure.pdf,
Linibox C,,,,,,,,,,,,,,,,,,,Linibox C 17 16.8W 21°,LINIBOX C-17-27C-90-FX-NR-WH-230ND,White,images/linibox-c/linibox-c-17-white.jpg,2700K,CRI>90,On/Off,IP65,UGR<13.1,White · 205 × 46 × 85mm,16.8W,1479lm,88lm/W,21°,Installation=images/linibox-c/linibox-c-installation-17.pdf;LDT=images/linibox-c/ldt/LINIBOX_C-17-27C-90-FX-NR.ldt;Brochure=images/linibox-c/linibox-c-brochure.pdf,
Linibox C,,,,,,,,,,,,,,,,,,,Linibox C 17 16.8W 21°,LINIBOX C-17-27C-90-FX-NR-WH-230D,White,images/linibox-c/linibox-c-17-white.jpg,2700K,CRI>90,Phase Dim,IP65,UGR<13.1,White · 205 × 46 × 85mm,16.8W,1479lm,88lm/W,21°,Installation=images/linibox-c/linibox-c-installation-17.pdf;LDT=images/linibox-c/ldt/LINIBOX_C-17-27C-90-FX-NR.ldt;Brochure=images/linibox-c/linibox-c-brochure.pdf,
Linibox C,,,,,,,,,,,,,,,,,,,Linibox C 17 16.8W 21°,LINIBOX C-17-30C-80-FX-NR-WH-230ND,White,images/linibox-c/linibox-c-17-white.jpg,3000K,CRI>80,On/Off,IP65,UGR<13.1,White · 205 × 46 × 85mm,16.8W,1926lm,115lm/W,21°,Installation=images/linibox-c/linibox-c-installation-17.pdf;LDT=images/linibox-c/ldt/LINIBOX_C-17-30C-80-FX-NR.ldt;Brochure=images/linibox-c/linibox-c-brochure.pdf,
Linibox C,,,,,,,,,,,,,,,,,,,Linibox C 17 16.8W 21°,LINIBOX C-17-30C-80-FX-NR-WH-230D,White,images/linibox-c/linibox-c-17-white.jpg,3000K,CRI>80,Phase Dim,IP65,UGR<13.1,White · 205 × 46 × 85mm,16.8W,1926lm,115lm/W,21°,Installation=images/linibox-c/linibox-c-installation-17.pdf;LDT=images/linibox-c/ldt/LINIBOX_C-17-30C-80-FX-NR.ldt;Brochure=images/linibox-c/linibox-c-brochure.pdf,
Linibox C,,,,,,,,,,,,,,,,,,,Linibox C 17 16.8W 21°,LINIBOX C-17-30C-90-FX-NR-WH-230ND,White,images/linibox-c/linibox-c-17-white.jpg,3000K,CRI>90,On/Off,IP65,UGR<13.1,White · 205 × 46 × 85mm,16.8W,1686lm,100lm/W,21°,Installation=images/linibox-c/linibox-c-installation-17.pdf;LDT=images/linibox-c/ldt/LINIBOX_C-17-30C-90-FX-NR.ldt;Brochure=images/linibox-c/linibox-c-brochure.pdf,
Linibox C,,,,,,,,,,,,,,,,,,,Linibox C 17 16.8W 21°,LINIBOX C-17-30C-90-FX-NR-WH-230D,White,images/linibox-c/linibox-c-17-white.jpg,3000K,CRI>90,Phase Dim,IP65,UGR<13.1,White · 205 × 46 × 85mm,16.8W,1686lm,100lm/W,21°,Installation=images/linibox-c/linibox-c-installation-17.pdf;LDT=images/linibox-c/ldt/LINIBOX_C-17-30C-90-FX-NR.ldt;Brochure=images/linibox-c/linibox-c-brochure.pdf,
Linibox C,,,,,,,,,,,,,,,,,,,Linibox C 17 16.8W 21°,LINIBOX C-17-40C-80-FX-NR-WH-230ND,White,images/linibox-c/linibox-c-17-white.jpg,4000K,CRI>80,On/Off,IP65,UGR<13.1,White · 205 × 46 × 85mm,16.8W,2030lm,121lm/W,21°,Installation=images/linibox-c/linibox-c-installation-17.pdf;LDT=images/linibox-c/ldt/LINIBOX_C-17-40C-80-FX-NR.ldt;Brochure=images/linibox-c/linibox-c-brochure.pdf,
Linibox C,,,,,,,,,,,,,,,,,,,Linibox C 17 16.8W 21°,LINIBOX C-17-40C-80-FX-NR-WH-230D,White,images/linibox-c/linibox-c-17-white.jpg,4000K,CRI>80,Phase Dim,IP65,UGR<13.1,White · 205 × 46 × 85mm,16.8W,2030lm,121lm/W,21°,Installation=images/linibox-c/linibox-c-installation-17.pdf;LDT=images/linibox-c/ldt/LINIBOX_C-17-40C-80-FX-NR.ldt;Brochure=images/linibox-c/linibox-c-brochure.pdf,
Linibox C,,,,,,,,,,,,,,,,,,,Linibox C 17 16.8W 21°,LINIBOX C-17-40C-90-FX-NR-WH-230ND,White,images/linibox-c/linibox-c-17-white.jpg,4000K,CRI>90,On/Off,IP65,UGR<13.1,White · 205 × 46 × 85mm,16.8W,1823lm,109lm/W,21°,Installation=images/linibox-c/linibox-c-installation-17.pdf;LDT=images/linibox-c/ldt/LINIBOX_C-17-40C-90-FX-NR.ldt;Brochure=images/linibox-c/linibox-c-brochure.pdf,
Linibox C,,,,,,,,,,,,,,,,,,,Linibox C 17 16.8W 21°,LINIBOX C-17-40C-90-FX-NR-WH-230D,White,images/linibox-c/linibox-c-17-white.jpg,4000K,CRI>90,Phase Dim,IP65,UGR<13.1,White · 205 × 46 × 85mm,16.8W,1823lm,109lm/W,21°,Installation=images/linibox-c/linibox-c-installation-17.pdf;LDT=images/linibox-c/ldt/LINIBOX_C-17-40C-90-FX-NR.ldt;Brochure=images/linibox-c/linibox-c-brochure.pdf,
Linibox C,,,,,,,,,,,,,,,,,,,Linibox C 17 16.8W 21°,LINIBOX C-17-50C-80-FX-NR-WH-230ND,White,images/linibox-c/linibox-c-17-white.jpg,5000K,CRI>80,On/Off,IP65,UGR<13.1,White · 205 × 46 × 85mm,16.8W,2236lm,133lm/W,21°,Installation=images/linibox-c/linibox-c-installation-17.pdf;LDT=images/linibox-c/ldt/LINIBOX_C-17-50C-80-FX-NR.ldt;Brochure=images/linibox-c/linibox-c-brochure.pdf,
Linibox C,,,,,,,,,,,,,,,,,,,Linibox C 17 16.8W 21°,LINIBOX C-17-50C-80-FX-NR-WH-230D,White,images/linibox-c/linibox-c-17-white.jpg,5000K,CRI>80,Phase Dim,IP65,UGR<13.1,White · 205 × 46 × 85mm,16.8W,2236lm,133lm/W,21°,Installation=images/linibox-c/linibox-c-installation-17.pdf;LDT=images/linibox-c/ldt/LINIBOX_C-17-50C-80-FX-NR.ldt;Brochure=images/linibox-c/linibox-c-brochure.pdf,
Linibox C,,,,,,,,,,,,,,,,,,,Linibox C 17 16.8W 21°,LINIBOX C-17-50C-90-FX-NR-WH-230ND,White,images/linibox-c/linibox-c-17-white.jpg,5000K,CRI>90,On/Off,IP65,UGR<13.1,White · 205 × 46 × 85mm,16.8W,1935lm,115lm/W,21°,Installation=images/linibox-c/linibox-c-installation-17.pdf;LDT=images/linibox-c/ldt/LINIBOX_C-17-50C-90-FX-NR.ldt;Brochure=images/linibox-c/linibox-c-brochure.pdf,
Linibox C,,,,,,,,,,,,,,,,,,,Linibox C 17 16.8W 21°,LINIBOX C-17-50C-90-FX-NR-WH-230D,White,images/linibox-c/linibox-c-17-white.jpg,5000K,CRI>90,Phase Dim,IP65,UGR<13.1,White · 205 × 46 × 85mm,16.8W,1935lm,115lm/W,21°,Installation=images/linibox-c/linibox-c-installation-17.pdf;LDT=images/linibox-c/ldt/LINIBOX_C-17-50C-90-FX-NR.ldt;Brochure=images/linibox-c/linibox-c-brochure.pdf,
Linibox C,,,,,,,,,,,,,,,,,,,Linibox C 17 16.8W 25°,LINIBOX C-17-27C-80-FX-MD-WH-230ND,White,images/linibox-c/linibox-c-17-white.jpg,2700K,CRI>80,On/Off,IP65,UGR<12.5,White · 205 × 46 × 85mm,16.8W,1611lm,96lm/W,25°,Installation=images/linibox-c/linibox-c-installation-17.pdf;LDT=images/linibox-c/ldt/LINIBOX_C-17-27C-80-FX-MD.ldt;Brochure=images/linibox-c/linibox-c-brochure.pdf,
Linibox C,,,,,,,,,,,,,,,,,,,Linibox C 17 16.8W 25°,LINIBOX C-17-27C-80-FX-MD-WH-230D,White,images/linibox-c/linibox-c-17-white.jpg,2700K,CRI>80,Phase Dim,IP65,UGR<12.5,White · 205 × 46 × 85mm,16.8W,1611lm,96lm/W,25°,Installation=images/linibox-c/linibox-c-installation-17.pdf;LDT=images/linibox-c/ldt/LINIBOX_C-17-27C-80-FX-MD.ldt;Brochure=images/linibox-c/linibox-c-brochure.pdf,
Linibox C,,,,,,,,,,,,,,,,,,,Linibox C 17 16.8W 25°,LINIBOX C-17-27C-90-FX-MD-WH-230ND,White,images/linibox-c/linibox-c-17-white.jpg,2700K,CRI>90,On/Off,IP65,UGR<12.5,White · 205 × 46 × 85mm,16.8W,1307lm,78lm/W,25°,Installation=images/linibox-c/linibox-c-installation-17.pdf;LDT=images/linibox-c/ldt/LINIBOX_C-17-27C-90-FX-MD.ldt;Brochure=images/linibox-c/linibox-c-brochure.pdf,
Linibox C,,,,,,,,,,,,,,,,,,,Linibox C 17 16.8W 25°,LINIBOX C-17-27C-90-FX-MD-WH-230D,White,images/linibox-c/linibox-c-17-white.jpg,2700K,CRI>90,Phase Dim,IP65,UGR<12.5,White · 205 × 46 × 85mm,16.8W,1307lm,78lm/W,25°,Installation=images/linibox-c/linibox-c-installation-17.pdf;LDT=images/linibox-c/ldt/LINIBOX_C-17-27C-90-FX-MD.ldt;Brochure=images/linibox-c/linibox-c-brochure.pdf,
Linibox C,,,,,,,,,,,,,,,,,,,Linibox C 17 16.8W 25°,LINIBOX C-17-30C-80-FX-MD-WH-230ND,White,images/linibox-c/linibox-c-17-white.jpg,3000K,CRI>80,On/Off,IP65,UGR<12.5,White · 205 × 46 × 85mm,16.8W,1702lm,101lm/W,25°,Installation=images/linibox-c/linibox-c-installation-17.pdf;LDT=images/linibox-c/ldt/LINIBOX_C-17-30C-80-FX-MD.ldt;Brochure=images/linibox-c/linibox-c-brochure.pdf,
Linibox C,,,,,,,,,,,,,,,,,,,Linibox C 17 16.8W 25°,LINIBOX C-17-30C-80-FX-MD-WH-230D,White,images/linibox-c/linibox-c-17-white.jpg,3000K,CRI>80,Phase Dim,IP65,UGR<12.5,White · 205 × 46 × 85mm,16.8W,1702lm,101lm/W,25°,Installation=images/linibox-c/linibox-c-installation-17.pdf;LDT=images/linibox-c/ldt/LINIBOX_C-17-30C-80-FX-MD.ldt;Brochure=images/linibox-c/linibox-c-brochure.pdf,
Linibox C,,,,,,,,,,,,,,,,,,,Linibox C 17 16.8W 25°,LINIBOX C-17-30C-90-FX-MD-WH-230ND,White,images/linibox-c/linibox-c-17-white.jpg,3000K,CRI>90,On/Off,IP65,UGR<12.5,White · 205 × 46 × 85mm,16.8W,1490lm,89lm/W,25°,Installation=images/linibox-c/linibox-c-installation-17.pdf;LDT=images/linibox-c/ldt/LINIBOX_C-17-30C-90-FX-MD.ldt;Brochure=images/linibox-c/linibox-c-brochure.pdf,
Linibox C,,,,,,,,,,,,,,,,,,,Linibox C 17 16.8W 25°,LINIBOX C-17-30C-90-FX-MD-WH-230D,White,images/linibox-c/linibox-c-17-white.jpg,3000K,CRI>90,Phase Dim,IP65,UGR<12.5,White · 205 × 46 × 85mm,16.8W,1490lm,89lm/W,25°,Installation=images/linibox-c/linibox-c-installation-17.pdf;LDT=images/linibox-c/ldt/LINIBOX_C-17-30C-90-FX-MD.ldt;Brochure=images/linibox-c/linibox-c-brochure.pdf,
Linibox C,,,,,,,,,,,,,,,,,,,Linibox C 17 16.8W 25°,LINIBOX C-17-40C-80-FX-MD-WH-230ND,White,images/linibox-c/linibox-c-17-white.jpg,4000K,CRI>80,On/Off,IP65,UGR<12.5,White · 205 × 46 × 85mm,16.8W,1794lm,107lm/W,25°,Installation=images/linibox-c/linibox-c-installation-17.pdf;LDT=images/linibox-c/ldt/LINIBOX_C-17-40C-80-FX-MD.ldt;Brochure=images/linibox-c/linibox-c-brochure.pdf,
Linibox C,,,,,,,,,,,,,,,,,,,Linibox C 17 16.8W 25°,LINIBOX C-17-40C-80-FX-MD-WH-230D,White,images/linibox-c/linibox-c-17-white.jpg,4000K,CRI>80,Phase Dim,IP65,UGR<12.5,White · 205 × 46 × 85mm,16.8W,1794lm,107lm/W,25°,Installation=images/linibox-c/linibox-c-installation-17.pdf;LDT=images/linibox-c/ldt/LINIBOX_C-17-40C-80-FX-MD.ldt;Brochure=images/linibox-c/linibox-c-brochure.pdf,
Linibox C,,,,,,,,,,,,,,,,,,,Linibox C 17 16.8W 25°,LINIBOX C-17-40C-90-FX-MD-WH-230ND,White,images/linibox-c/linibox-c-17-white.jpg,4000K,CRI>90,On/Off,IP65,UGR<12.5,White · 205 × 46 × 85mm,16.8W,1611lm,96lm/W,25°,Installation=images/linibox-c/linibox-c-installation-17.pdf;LDT=images/linibox-c/ldt/LINIBOX_C-17-40C-90-FX-MD.ldt;Brochure=images/linibox-c/linibox-c-brochure.pdf,
Linibox C,,,,,,,,,,,,,,,,,,,Linibox C 17 16.8W 25°,LINIBOX C-17-40C-90-FX-MD-WH-230D,White,images/linibox-c/linibox-c-17-white.jpg,4000K,CRI>90,Phase Dim,IP65,UGR<12.5,White · 205 × 46 × 85mm,16.8W,1611lm,96lm/W,25°,Installation=images/linibox-c/linibox-c-installation-17.pdf;LDT=images/linibox-c/ldt/LINIBOX_C-17-40C-90-FX-MD.ldt;Brochure=images/linibox-c/linibox-c-brochure.pdf,
Linibox C,,,,,,,,,,,,,,,,,,,Linibox C 17 16.8W 25°,LINIBOX C-17-50C-80-FX-MD-WH-230ND,White,images/linibox-c/linibox-c-17-white.jpg,5000K,CRI>80,On/Off,IP65,UGR<12.5,White · 205 × 46 × 85mm,16.8W,1976lm,118lm/W,25°,Installation=images/linibox-c/linibox-c-installation-17.pdf;LDT=images/linibox-c/ldt/LINIBOX_C-17-50C-80-FX-MD.ldt;Brochure=images/linibox-c/linibox-c-brochure.pdf,
Linibox C,,,,,,,,,,,,,,,,,,,Linibox C 17 16.8W 25°,LINIBOX C-17-50C-80-FX-MD-WH-230D,White,images/linibox-c/linibox-c-17-white.jpg,5000K,CRI>80,Phase Dim,IP65,UGR<12.5,White · 205 × 46 × 85mm,16.8W,1976lm,118lm/W,25°,Installation=images/linibox-c/linibox-c-installation-17.pdf;LDT=images/linibox-c/ldt/LINIBOX_C-17-50C-80-FX-MD.ldt;Brochure=images/linibox-c/linibox-c-brochure.pdf,
Linibox C,,,,,,,,,,,,,,,,,,,Linibox C 17 16.8W 25°,LINIBOX C-17-50C-90-FX-MD-WH-230ND,White,images/linibox-c/linibox-c-17-white.jpg,5000K,CRI>90,On/Off,IP65,UGR<12.5,White · 205 × 46 × 85mm,16.8W,1710lm,102lm/W,25°,Installation=images/linibox-c/linibox-c-installation-17.pdf;LDT=images/linibox-c/ldt/LINIBOX_C-17-50C-90-FX-MD.ldt;Brochure=images/linibox-c/linibox-c-brochure.pdf,
Linibox C,,,,,,,,,,,,,,,,,,,Linibox C 17 16.8W 25°,LINIBOX C-17-50C-90-FX-MD-WH-230D,White,images/linibox-c/linibox-c-17-white.jpg,5000K,CRI>90,Phase Dim,IP65,UGR<12.5,White · 205 × 46 × 85mm,16.8W,1710lm,102lm/W,25°,Installation=images/linibox-c/linibox-c-installation-17.pdf;LDT=images/linibox-c/ldt/LINIBOX_C-17-50C-90-FX-MD.ldt;Brochure=images/linibox-c/linibox-c-brochure.pdf,
Linibox C,,,,,,,,,,,,,,,,,,,Linibox C 17 16.8W 35°,LINIBOX C-17-27C-80-FX-WD-WH-230ND,White,images/linibox-c/linibox-c-17-white.jpg,2700K,CRI>80,On/Off,IP65,UGR<20.6,White · 205 × 46 × 85mm,16.8W,1632lm,97lm/W,35°,Installation=images/linibox-c/linibox-c-installation-17.pdf;LDT=images/linibox-c/ldt/LINIBOX_C-17-27C-80-FX-WD.ldt;Brochure=images/linibox-c/linibox-c-brochure.pdf,
Linibox C,,,,,,,,,,,,,,,,,,,Linibox C 17 16.8W 35°,LINIBOX C-17-27C-80-FX-WD-WH-230D,White,images/linibox-c/linibox-c-17-white.jpg,2700K,CRI>80,Phase Dim,IP65,UGR<20.6,White · 205 × 46 × 85mm,16.8W,1632lm,97lm/W,35°,Installation=images/linibox-c/linibox-c-installation-17.pdf;LDT=images/linibox-c/ldt/LINIBOX_C-17-27C-80-FX-WD.ldt;Brochure=images/linibox-c/linibox-c-brochure.pdf,
Linibox C,,,,,,,,,,,,,,,,,,,Linibox C 17 16.8W 35°,LINIBOX C-17-27C-90-FX-WD-WH-230ND,White,images/linibox-c/linibox-c-17-white.jpg,2700K,CRI>90,On/Off,IP65,UGR<20.6,White · 205 × 46 × 85mm,16.8W,1324lm,79lm/W,35°,Installation=images/linibox-c/linibox-c-installation-17.pdf;LDT=images/linibox-c/ldt/LINIBOX_C-17-27C-90-FX-WD.ldt;Brochure=images/linibox-c/linibox-c-brochure.pdf,
Linibox C,,,,,,,,,,,,,,,,,,,Linibox C 17 16.8W 35°,LINIBOX C-17-27C-90-FX-WD-WH-230D,White,images/linibox-c/linibox-c-17-white.jpg,2700K,CRI>90,Phase Dim,IP65,UGR<20.6,White · 205 × 46 × 85mm,16.8W,1324lm,79lm/W,35°,Installation=images/linibox-c/linibox-c-installation-17.pdf;LDT=images/linibox-c/ldt/LINIBOX_C-17-27C-90-FX-WD.ldt;Brochure=images/linibox-c/linibox-c-brochure.pdf,
Linibox C,,,,,,,,,,,,,,,,,,,Linibox C 17 16.8W 35°,LINIBOX C-17-30C-80-FX-WD-WH-230ND,White,images/linibox-c/linibox-c-17-white.jpg,3000K,CRI>80,On/Off,IP65,UGR<20.6,White · 205 × 46 × 85mm,16.8W,1725lm,103lm/W,35°,Installation=images/linibox-c/linibox-c-installation-17.pdf;LDT=images/linibox-c/ldt/LINIBOX_C-17-30C-80-FX-WD.ldt;Brochure=images/linibox-c/linibox-c-brochure.pdf,
Linibox C,,,,,,,,,,,,,,,,,,,Linibox C 17 16.8W 35°,LINIBOX C-17-30C-80-FX-WD-WH-230D,White,images/linibox-c/linibox-c-17-white.jpg,3000K,CRI>80,Phase Dim,IP65,UGR<20.6,White · 205 × 46 × 85mm,16.8W,1725lm,103lm/W,35°,Installation=images/linibox-c/linibox-c-installation-17.pdf;LDT=images/linibox-c/ldt/LINIBOX_C-17-30C-80-FX-WD.ldt;Brochure=images/linibox-c/linibox-c-brochure.pdf,
Linibox C,,,,,,,,,,,,,,,,,,,Linibox C 17 16.8W 35°,LINIBOX C-17-30C-90-FX-WD-WH-230ND,White,images/linibox-c/linibox-c-17-white.jpg,3000K,CRI>90,On/Off,IP65,UGR<20.6,White · 205 × 46 × 85mm,16.8W,1509lm,90lm/W,35°,Installation=images/linibox-c/linibox-c-installation-17.pdf;LDT=images/linibox-c/ldt/LINIBOX_C-17-30C-90-FX-WD.ldt;Brochure=images/linibox-c/linibox-c-brochure.pdf,
Linibox C,,,,,,,,,,,,,,,,,,,Linibox C 17 16.8W 35°,LINIBOX C-17-30C-90-FX-WD-WH-230D,White,images/linibox-c/linibox-c-17-white.jpg,3000K,CRI>90,Phase Dim,IP65,UGR<20.6,White · 205 × 46 × 85mm,16.8W,1509lm,90lm/W,35°,Installation=images/linibox-c/linibox-c-installation-17.pdf;LDT=images/linibox-c/ldt/LINIBOX_C-17-30C-90-FX-WD.ldt;Brochure=images/linibox-c/linibox-c-brochure.pdf,
Linibox C,,,,,,,,,,,,,,,,,,,Linibox C 17 16.8W 35°,LINIBOX C-17-40C-80-FX-WD-WH-230ND,White,images/linibox-c/linibox-c-17-white.jpg,4000K,CRI>80,On/Off,IP65,UGR<20.6,White · 205 × 46 × 85mm,16.8W,1817lm,108lm/W,35°,Installation=images/linibox-c/linibox-c-installation-17.pdf;LDT=images/linibox-c/ldt/LINIBOX_C-17-40C-80-FX-WD.ldt;Brochure=images/linibox-c/linibox-c-brochure.pdf,
Linibox C,,,,,,,,,,,,,,,,,,,Linibox C 17 16.8W 35°,LINIBOX C-17-40C-80-FX-WD-WH-230D,White,images/linibox-c/linibox-c-17-white.jpg,4000K,CRI>80,Phase Dim,IP65,UGR<20.6,White · 205 × 46 × 85mm,16.8W,1817lm,108lm/W,35°,Installation=images/linibox-c/linibox-c-installation-17.pdf;LDT=images/linibox-c/ldt/LINIBOX_C-17-40C-80-FX-WD.ldt;Brochure=images/linibox-c/linibox-c-brochure.pdf,
Linibox C,,,,,,,,,,,,,,,,,,,Linibox C 17 16.8W 35°,LINIBOX C-17-40C-90-FX-WD-WH-230ND,White,images/linibox-c/linibox-c-17-white.jpg,4000K,CRI>90,On/Off,IP65,UGR<20.6,White · 205 × 46 × 85mm,16.8W,1632lm,97lm/W,35°,Installation=images/linibox-c/linibox-c-installation-17.pdf;LDT=images/linibox-c/ldt/LINIBOX_C-17-40C-90-FX-WD.ldt;Brochure=images/linibox-c/linibox-c-brochure.pdf,
Linibox C,,,,,,,,,,,,,,,,,,,Linibox C 17 16.8W 35°,LINIBOX C-17-40C-90-FX-WD-WH-230D,White,images/linibox-c/linibox-c-17-white.jpg,4000K,CRI>90,Phase Dim,IP65,UGR<20.6,White · 205 × 46 × 85mm,16.8W,1632lm,97lm/W,35°,Installation=images/linibox-c/linibox-c-installation-17.pdf;LDT=images/linibox-c/ldt/LINIBOX_C-17-40C-90-FX-WD.ldt;Brochure=images/linibox-c/linibox-c-brochure.pdf,
Linibox C,,,,,,,,,,,,,,,,,,,Linibox C 17 16.8W 35°,LINIBOX C-17-50C-80-FX-WD-WH-230ND,White,images/linibox-c/linibox-c-17-white.jpg,5000K,CRI>80,On/Off,IP65,UGR<20.6,White · 205 × 46 × 85mm,16.8W,2002lm,119lm/W,35°,Installation=images/linibox-c/linibox-c-installation-17.pdf;LDT=images/linibox-c/ldt/LINIBOX_C-17-50C-80-FX-WD.ldt;Brochure=images/linibox-c/linibox-c-brochure.pdf,
Linibox C,,,,,,,,,,,,,,,,,,,Linibox C 17 16.8W 35°,LINIBOX C-17-50C-80-FX-WD-WH-230D,White,images/linibox-c/linibox-c-17-white.jpg,5000K,CRI>80,Phase Dim,IP65,UGR<20.6,White · 205 × 46 × 85mm,16.8W,2002lm,119lm/W,35°,Installation=images/linibox-c/linibox-c-installation-17.pdf;LDT=images/linibox-c/ldt/LINIBOX_C-17-50C-80-FX-WD.ldt;Brochure=images/linibox-c/linibox-c-brochure.pdf,
Linibox C,,,,,,,,,,,,,,,,,,,Linibox C 17 16.8W 35°,LINIBOX C-17-50C-90-FX-WD-WH-230ND,White,images/linibox-c/linibox-c-17-white.jpg,5000K,CRI>90,On/Off,IP65,UGR<20.6,White · 205 × 46 × 85mm,16.8W,1733lm,103lm/W,35°,Installation=images/linibox-c/linibox-c-installation-17.pdf;LDT=images/linibox-c/ldt/LINIBOX_C-17-50C-90-FX-WD.ldt;Brochure=images/linibox-c/linibox-c-brochure.pdf,
Linibox C,,,,,,,,,,,,,,,,,,,Linibox C 17 16.8W 35°,LINIBOX C-17-50C-90-FX-WD-WH-230D,White,images/linibox-c/linibox-c-17-white.jpg,5000K,CRI>90,Phase Dim,IP65,UGR<20.6,White · 205 × 46 × 85mm,16.8W,1733lm,103lm/W,35°,Installation=images/linibox-c/linibox-c-installation-17.pdf;LDT=images/linibox-c/ldt/LINIBOX_C-17-50C-90-FX-WD.ldt;Brochure=images/linibox-c/linibox-c-brochure.pdf,
Linibox C,,,,,,,,,,,,,,,,,,,Linibox C 17 16.8W 62°,LINIBOX C-17-27C-80-FX-VW-WH-230ND,White,images/linibox-c/linibox-c-17-white.jpg,2700K,CRI>80,On/Off,IP65,UGR<23.6,White · 205 × 46 × 85mm,16.8W,1357lm,81lm/W,62°,Installation=images/linibox-c/linibox-c-installation-17.pdf;LDT=images/linibox-c/ldt/LINIBOX_C-17-27C-80-FX-VW.ldt;Brochure=images/linibox-c/linibox-c-brochure.pdf,
Linibox C,,,,,,,,,,,,,,,,,,,Linibox C 17 16.8W 62°,LINIBOX C-17-27C-80-FX-VW-WH-230D,White,images/linibox-c/linibox-c-17-white.jpg,2700K,CRI>80,Phase Dim,IP65,UGR<23.6,White · 205 × 46 × 85mm,16.8W,1357lm,81lm/W,62°,Installation=images/linibox-c/linibox-c-installation-17.pdf;LDT=images/linibox-c/ldt/LINIBOX_C-17-27C-80-FX-VW.ldt;Brochure=images/linibox-c/linibox-c-brochure.pdf,
Linibox C,,,,,,,,,,,,,,,,,,,Linibox C 17 16.8W 62°,LINIBOX C-17-27C-90-FX-VW-WH-230ND,White,images/linibox-c/linibox-c-17-white.jpg,2700K,CRI>90,On/Off,IP65,UGR<23.6,White · 205 × 46 × 85mm,16.8W,1101lm,66lm/W,62°,Installation=images/linibox-c/linibox-c-installation-17.pdf;LDT=images/linibox-c/ldt/LINIBOX_C-17-27C-90-FX-VW.ldt;Brochure=images/linibox-c/linibox-c-brochure.pdf,
Linibox C,,,,,,,,,,,,,,,,,,,Linibox C 17 16.8W 62°,LINIBOX C-17-27C-90-FX-VW-WH-230D,White,images/linibox-c/linibox-c-17-white.jpg,2700K,CRI>90,Phase Dim,IP65,UGR<23.6,White · 205 × 46 × 85mm,16.8W,1101lm,66lm/W,62°,Installation=images/linibox-c/linibox-c-installation-17.pdf;LDT=images/linibox-c/ldt/LINIBOX_C-17-27C-90-FX-VW.ldt;Brochure=images/linibox-c/linibox-c-brochure.pdf,
Linibox C,,,,,,,,,,,,,,,,,,,Linibox C 17 16.8W 62°,LINIBOX C-17-30C-80-FX-VW-WH-230ND,White,images/linibox-c/linibox-c-17-white.jpg,3000K,CRI>80,On/Off,IP65,UGR<23.6,White · 205 × 46 × 85mm,16.8W,1434lm,85lm/W,62°,Installation=images/linibox-c/linibox-c-installation-17.pdf;LDT=images/linibox-c/ldt/LINIBOX_C-17-30C-80-FX-VW.ldt;Brochure=images/linibox-c/linibox-c-brochure.pdf,
Linibox C,,,,,,,,,,,,,,,,,,,Linibox C 17 16.8W 62°,LINIBOX C-17-30C-80-FX-VW-WH-230D,White,images/linibox-c/linibox-c-17-white.jpg,3000K,CRI>80,Phase Dim,IP65,UGR<23.6,White · 205 × 46 × 85mm,16.8W,1434lm,85lm/W,62°,Installation=images/linibox-c/linibox-c-installation-17.pdf;LDT=images/linibox-c/ldt/LINIBOX_C-17-30C-80-FX-VW.ldt;Brochure=images/linibox-c/linibox-c-brochure.pdf,
Linibox C,,,,,,,,,,,,,,,,,,,Linibox C 17 16.8W 62°,LINIBOX C-17-30C-90-FX-VW-WH-230ND,White,images/linibox-c/linibox-c-17-white.jpg,3000K,CRI>90,On/Off,IP65,UGR<23.6,White · 205 × 46 × 85mm,16.8W,1254lm,75lm/W,62°,Installation=images/linibox-c/linibox-c-installation-17.pdf;LDT=images/linibox-c/ldt/LINIBOX_C-17-30C-90-FX-VW.ldt;Brochure=images/linibox-c/linibox-c-brochure.pdf,
Linibox C,,,,,,,,,,,,,,,,,,,Linibox C 17 16.8W 62°,LINIBOX C-17-30C-90-FX-VW-WH-230D,White,images/linibox-c/linibox-c-17-white.jpg,3000K,CRI>90,Phase Dim,IP65,UGR<23.6,White · 205 × 46 × 85mm,16.8W,1254lm,75lm/W,62°,Installation=images/linibox-c/linibox-c-installation-17.pdf;LDT=images/linibox-c/ldt/LINIBOX_C-17-30C-90-FX-VW.ldt;Brochure=images/linibox-c/linibox-c-brochure.pdf,
Linibox C,,,,,,,,,,,,,,,,,,,Linibox C 17 16.8W 62°,LINIBOX C-17-40C-80-FX-VW-WH-230ND,White,images/linibox-c/linibox-c-17-white.jpg,4000K,CRI>80,On/Off,IP65,UGR<23.6,White · 205 × 46 × 85mm,16.8W,1510lm,90lm/W,62°,Installation=images/linibox-c/linibox-c-installation-17.pdf;LDT=images/linibox-c/ldt/LINIBOX_C-17-40C-80-FX-VW.ldt;Brochure=images/linibox-c/linibox-c-brochure.pdf,
Linibox C,,,,,,,,,,,,,,,,,,,Linibox C 17 16.8W 62°,LINIBOX C-17-40C-80-FX-VW-WH-230D,White,images/linibox-c/linibox-c-17-white.jpg,4000K,CRI>80,Phase Dim,IP65,UGR<23.6,White · 205 × 46 × 85mm,16.8W,1510lm,90lm/W,62°,Installation=images/linibox-c/linibox-c-installation-17.pdf;LDT=images/linibox-c/ldt/LINIBOX_C-17-40C-80-FX-VW.ldt;Brochure=images/linibox-c/linibox-c-brochure.pdf,
Linibox C,,,,,,,,,,,,,,,,,,,Linibox C 17 16.8W 62°,LINIBOX C-17-40C-90-FX-VW-WH-230ND,White,images/linibox-c/linibox-c-17-white.jpg,4000K,CRI>90,On/Off,IP65,UGR<23.6,White · 205 × 46 × 85mm,16.8W,1357lm,81lm/W,62°,Installation=images/linibox-c/linibox-c-installation-17.pdf;LDT=images/linibox-c/ldt/LINIBOX_C-17-40C-90-FX-VW.ldt;Brochure=images/linibox-c/linibox-c-brochure.pdf,
Linibox C,,,,,,,,,,,,,,,,,,,Linibox C 17 16.8W 62°,LINIBOX C-17-40C-90-FX-VW-WH-230D,White,images/linibox-c/linibox-c-17-white.jpg,4000K,CRI>90,Phase Dim,IP65,UGR<23.6,White · 205 × 46 × 85mm,16.8W,1357lm,81lm/W,62°,Installation=images/linibox-c/linibox-c-installation-17.pdf;LDT=images/linibox-c/ldt/LINIBOX_C-17-40C-90-FX-VW.ldt;Brochure=images/linibox-c/linibox-c-brochure.pdf,
Linibox C,,,,,,,,,,,,,,,,,,,Linibox C 17 16.8W 62°,LINIBOX C-17-50C-80-FX-VW-WH-230ND,White,images/linibox-c/linibox-c-17-white.jpg,5000K,CRI>80,On/Off,IP65,UGR<23.6,White · 205 × 46 × 85mm,16.8W,1664lm,99lm/W,62°,Installation=images/linibox-c/linibox-c-installation-17.pdf;LDT=images/linibox-c/ldt/LINIBOX_C-17-50C-80-FX-VW.ldt;Brochure=images/linibox-c/linibox-c-brochure.pdf,
Linibox C,,,,,,,,,,,,,,,,,,,Linibox C 17 16.8W 62°,LINIBOX C-17-50C-80-FX-VW-WH-230D,White,images/linibox-c/linibox-c-17-white.jpg,5000K,CRI>80,Phase Dim,IP65,UGR<23.6,White · 205 × 46 × 85mm,16.8W,1664lm,99lm/W,62°,Installation=images/linibox-c/linibox-c-installation-17.pdf;LDT=images/linibox-c/ldt/LINIBOX_C-17-50C-80-FX-VW.ldt;Brochure=images/linibox-c/linibox-c-brochure.pdf,
Linibox C,,,,,,,,,,,,,,,,,,,Linibox C 17 16.8W 62°,LINIBOX C-17-50C-90-FX-VW-WH-230ND,White,images/linibox-c/linibox-c-17-white.jpg,5000K,CRI>90,On/Off,IP65,UGR<23.6,White · 205 × 46 × 85mm,16.8W,1440lm,86lm/W,62°,Installation=images/linibox-c/linibox-c-installation-17.pdf;LDT=images/linibox-c/ldt/LINIBOX_C-17-50C-90-FX-VW.ldt;Brochure=images/linibox-c/linibox-c-brochure.pdf,
Linibox C,,,,,,,,,,,,,,,,,,,Linibox C 17 16.8W 62°,LINIBOX C-17-50C-90-FX-VW-WH-230D,White,images/linibox-c/linibox-c-17-white.jpg,5000K,CRI>90,Phase Dim,IP65,UGR<23.6,White · 205 × 46 × 85mm,16.8W,1440lm,86lm/W,62°,Installation=images/linibox-c/linibox-c-installation-17.pdf;LDT=images/linibox-c/ldt/LINIBOX_C-17-50C-90-FX-VW.ldt;Brochure=images/linibox-c/linibox-c-brochure.pdf,
Linibox C,,,,,,,,,,,,,,,,,,,Linibox C 17 16.8W 16°x30°,LINIBOX C-17-27C-80-FX-AS-WH-230ND,White,images/linibox-c/linibox-c-17-white.jpg,2700K,CRI>80,On/Off,IP65,UGR<15.7,White · 205 × 46 × 85mm,16.8W,1505lm,90lm/W,16°x30°,Installation=images/linibox-c/linibox-c-installation-17.pdf;LDT=images/linibox-c/ldt/LINIBOX_C-17-27C-80-FX-AS.ldt;Brochure=images/linibox-c/linibox-c-brochure.pdf,
Linibox C,,,,,,,,,,,,,,,,,,,Linibox C 17 16.8W 16°x30°,LINIBOX C-17-27C-80-FX-AS-WH-230D,White,images/linibox-c/linibox-c-17-white.jpg,2700K,CRI>80,Phase Dim,IP65,UGR<15.7,White · 205 × 46 × 85mm,16.8W,1505lm,90lm/W,16°x30°,Installation=images/linibox-c/linibox-c-installation-17.pdf;LDT=images/linibox-c/ldt/LINIBOX_C-17-27C-80-FX-AS.ldt;Brochure=images/linibox-c/linibox-c-brochure.pdf,
Linibox C,,,,,,,,,,,,,,,,,,,Linibox C 17 16.8W 16°x30°,LINIBOX C-17-27C-90-FX-AS-WH-230ND,White,images/linibox-c/linibox-c-17-white.jpg,2700K,CRI>90,On/Off,IP65,UGR<15.7,White · 205 × 46 × 85mm,16.8W,1221lm,73lm/W,16°x30°,Installation=images/linibox-c/linibox-c-installation-17.pdf;LDT=images/linibox-c/ldt/LINIBOX_C-17-27C-90-FX-AS.ldt;Brochure=images/linibox-c/linibox-c-brochure.pdf,
Linibox C,,,,,,,,,,,,,,,,,,,Linibox C 17 16.8W 16°x30°,LINIBOX C-17-27C-90-FX-AS-WH-230D,White,images/linibox-c/linibox-c-17-white.jpg,2700K,CRI>90,Phase Dim,IP65,UGR<15.7,White · 205 × 46 × 85mm,16.8W,1221lm,73lm/W,16°x30°,Installation=images/linibox-c/linibox-c-installation-17.pdf;LDT=images/linibox-c/ldt/LINIBOX_C-17-27C-90-FX-AS.ldt;Brochure=images/linibox-c/linibox-c-brochure.pdf,
Linibox C,,,,,,,,,,,,,,,,,,,Linibox C 17 16.8W 16°x30°,LINIBOX C-17-30C-80-FX-AS-WH-230ND,White,images/linibox-c/linibox-c-17-white.jpg,3000K,CRI>80,On/Off,IP65,UGR<15.7,White · 205 × 46 × 85mm,16.8W,1590lm,95lm/W,16°x30°,Installation=images/linibox-c/linibox-c-installation-17.pdf;LDT=images/linibox-c/ldt/LINIBOX_C-17-30C-80-FX-AS.ldt;Brochure=images/linibox-c/linibox-c-brochure.pdf,
Linibox C,,,,,,,,,,,,,,,,,,,Linibox C 17 16.8W 16°x30°,LINIBOX C-17-30C-80-FX-AS-WH-230D,White,images/linibox-c/linibox-c-17-white.jpg,3000K,CRI>80,Phase Dim,IP65,UGR<15.7,White · 205 × 46 × 85mm,16.8W,1590lm,95lm/W,16°x30°,Installation=images/linibox-c/linibox-c-installation-17.pdf;LDT=images/linibox-c/ldt/LINIBOX_C-17-30C-80-FX-AS.ldt;Brochure=images/linibox-c/linibox-c-brochure.pdf,
Linibox C,,,,,,,,,,,,,,,,,,,Linibox C 17 16.8W 16°x30°,LINIBOX C-17-30C-90-FX-AS-WH-230ND,White,images/linibox-c/linibox-c-17-white.jpg,3000K,CRI>90,On/Off,IP65,UGR<15.7,White · 205 × 46 × 85mm,16.8W,1392lm,83lm/W,16°x30°,Installation=images/linibox-c/linibox-c-installation-17.pdf;LDT=images/linibox-c/ldt/LINIBOX_C-17-30C-90-FX-AS.ldt;Brochure=images/linibox-c/linibox-c-brochure.pdf,
Linibox C,,,,,,,,,,,,,,,,,,,Linibox C 17 16.8W 16°x30°,LINIBOX C-17-30C-90-FX-AS-WH-230D,White,images/linibox-c/linibox-c-17-white.jpg,3000K,CRI>90,Phase Dim,IP65,UGR<15.7,White · 205 × 46 × 85mm,16.8W,1392lm,83lm/W,16°x30°,Installation=images/linibox-c/linibox-c-installation-17.pdf;LDT=images/linibox-c/ldt/LINIBOX_C-17-30C-90-FX-AS.ldt;Brochure=images/linibox-c/linibox-c-brochure.pdf,
Linibox C,,,,,,,,,,,,,,,,,,,Linibox C 17 16.8W 16°x30°,LINIBOX C-17-40C-80-FX-AS-WH-230ND,White,images/linibox-c/linibox-c-17-white.jpg,4000K,CRI>80,On/Off,IP65,UGR<15.7,White · 205 × 46 × 85mm,16.8W,1676lm,100lm/W,16°x30°,Installation=images/linibox-c/linibox-c-installation-17.pdf;LDT=images/linibox-c/ldt/LINIBOX_C-17-40C-80-FX-AS.ldt;Brochure=images/linibox-c/linibox-c-brochure.pdf,
Linibox C,,,,,,,,,,,,,,,,,,,Linibox C 17 16.8W 16°x30°,LINIBOX C-17-40C-80-FX-AS-WH-230D,White,images/linibox-c/linibox-c-17-white.jpg,4000K,CRI>80,Phase Dim,IP65,UGR<15.7,White · 205 × 46 × 85mm,16.8W,1676lm,100lm/W,16°x30°,Installation=images/linibox-c/linibox-c-installation-17.pdf;LDT=images/linibox-c/ldt/LINIBOX_C-17-40C-80-FX-AS.ldt;Brochure=images/linibox-c/linibox-c-brochure.pdf,
Linibox C,,,,,,,,,,,,,,,,,,,Linibox C 17 16.8W 16°x30°,LINIBOX C-17-40C-90-FX-AS-WH-230ND,White,images/linibox-c/linibox-c-17-white.jpg,4000K,CRI>90,On/Off,IP65,UGR<15.7,White · 205 × 46 × 85mm,16.8W,1505lm,90lm/W,16°x30°,Installation=images/linibox-c/linibox-c-installation-17.pdf;LDT=images/linibox-c/ldt/LINIBOX_C-17-40C-90-FX-AS.ldt;Brochure=images/linibox-c/linibox-c-brochure.pdf,
Linibox C,,,,,,,,,,,,,,,,,,,Linibox C 17 16.8W 16°x30°,LINIBOX C-17-40C-90-FX-AS-WH-230D,White,images/linibox-c/linibox-c-17-white.jpg,4000K,CRI>90,Phase Dim,IP65,UGR<15.7,White · 205 × 46 × 85mm,16.8W,1505lm,90lm/W,16°x30°,Installation=images/linibox-c/linibox-c-installation-17.pdf;LDT=images/linibox-c/ldt/LINIBOX_C-17-40C-90-FX-AS.ldt;Brochure=images/linibox-c/linibox-c-brochure.pdf,
Linibox C,,,,,,,,,,,,,,,,,,,Linibox C 17 16.8W 16°x30°,LINIBOX C-17-50C-80-FX-AS-WH-230ND,White,images/linibox-c/linibox-c-17-white.jpg,5000K,CRI>80,On/Off,IP65,UGR<15.7,White · 205 × 46 × 85mm,16.8W,1846lm,110lm/W,16°x30°,Installation=images/linibox-c/linibox-c-installation-17.pdf;LDT=images/linibox-c/ldt/LINIBOX_C-17-50C-80-FX-AS.ldt;Brochure=images/linibox-c/linibox-c-brochure.pdf,
Linibox C,,,,,,,,,,,,,,,,,,,Linibox C 17 16.8W 16°x30°,LINIBOX C-17-50C-80-FX-AS-WH-230D,White,images/linibox-c/linibox-c-17-white.jpg,5000K,CRI>80,Phase Dim,IP65,UGR<15.7,White · 205 × 46 × 85mm,16.8W,1846lm,110lm/W,16°x30°,Installation=images/linibox-c/linibox-c-installation-17.pdf;LDT=images/linibox-c/ldt/LINIBOX_C-17-50C-80-FX-AS.ldt;Brochure=images/linibox-c/linibox-c-brochure.pdf,
Linibox C,,,,,,,,,,,,,,,,,,,Linibox C 17 16.8W 16°x30°,LINIBOX C-17-50C-90-FX-AS-WH-230ND,White,images/linibox-c/linibox-c-17-white.jpg,5000K,CRI>90,On/Off,IP65,UGR<15.7,White · 205 × 46 × 85mm,16.8W,1598lm,95lm/W,16°x30°,Installation=images/linibox-c/linibox-c-installation-17.pdf;LDT=images/linibox-c/ldt/LINIBOX_C-17-50C-90-FX-AS.ldt;Brochure=images/linibox-c/linibox-c-brochure.pdf,
Linibox C,,,,,,,,,,,,,,,,,,,Linibox C 17 16.8W 16°x30°,LINIBOX C-17-50C-90-FX-AS-WH-230D,White,images/linibox-c/linibox-c-17-white.jpg,5000K,CRI>90,Phase Dim,IP65,UGR<15.7,White · 205 × 46 × 85mm,16.8W,1598lm,95lm/W,16°x30°,Installation=images/linibox-c/linibox-c-installation-17.pdf;LDT=images/linibox-c/ldt/LINIBOX_C-17-50C-90-FX-AS.ldt;Brochure=images/linibox-c/linibox-c-brochure.pdf,
Linibox C,,,,,,,,,,,,,,,,,,,Linibox C 8 8.4W 17°,LINIBOX C-08-27C-80-FX-VN-BR-230ND,Brown,images/linibox-c/linibox-c-8-brown.jpg,2700K,CRI>80,On/Off,IP65,UGR<13.7,Brown · 115 × 46 × 85mm,8.4W,753lm,90lm/W,17°,Installation=images/linibox-c/linibox-c-installation-8.pdf;LDT=images/linibox-c/ldt/LINIBOX_C-08-27C-80-FX-VN.ldt;Brochure=images/linibox-c/linibox-c-brochure.pdf,
Linibox C,,,,,,,,,,,,,,,,,,,Linibox C 8 8.4W 17°,LINIBOX C-08-27C-80-FX-VN-BR-230D,Brown,images/linibox-c/linibox-c-8-brown.jpg,2700K,CRI>80,Phase Dim,IP65,UGR<13.7,Brown · 115 × 46 × 85mm,8.4W,753lm,90lm/W,17°,Installation=images/linibox-c/linibox-c-installation-8.pdf;LDT=images/linibox-c/ldt/LINIBOX_C-08-27C-80-FX-VN.ldt;Brochure=images/linibox-c/linibox-c-brochure.pdf,
Linibox C,,,,,,,,,,,,,,,,,,,Linibox C 8 8.4W 17°,LINIBOX C-08-27C-90-FX-VN-BR-230ND,Brown,images/linibox-c/linibox-c-8-brown.jpg,2700K,CRI>90,On/Off,IP65,UGR<13.7,Brown · 115 × 46 × 85mm,8.4W,611lm,73lm/W,17°,Installation=images/linibox-c/linibox-c-installation-8.pdf;LDT=images/linibox-c/ldt/LINIBOX_C-08-27C-90-FX-VN.ldt;Brochure=images/linibox-c/linibox-c-brochure.pdf,
Linibox C,,,,,,,,,,,,,,,,,,,Linibox C 8 8.4W 17°,LINIBOX C-08-27C-90-FX-VN-BR-230D,Brown,images/linibox-c/linibox-c-8-brown.jpg,2700K,CRI>90,Phase Dim,IP65,UGR<13.7,Brown · 115 × 46 × 85mm,8.4W,611lm,73lm/W,17°,Installation=images/linibox-c/linibox-c-installation-8.pdf;LDT=images/linibox-c/ldt/LINIBOX_C-08-27C-90-FX-VN.ldt;Brochure=images/linibox-c/linibox-c-brochure.pdf,
Linibox C,,,,,,,,,,,,,,,,,,,Linibox C 8 8.4W 17°,LINIBOX C-08-30C-80-FX-VN-BR-230ND,Brown,images/linibox-c/linibox-c-8-brown.jpg,3000K,CRI>80,On/Off,IP65,UGR<13.7,Brown · 115 × 46 × 85mm,8.4W,795lm,95lm/W,17°,Installation=images/linibox-c/linibox-c-installation-8.pdf;LDT=images/linibox-c/ldt/LINIBOX_C-08-30C-80-FX-VN.ldt;Brochure=images/linibox-c/linibox-c-brochure.pdf,
Linibox C,,,,,,,,,,,,,,,,,,,Linibox C 8 8.4W 17°,LINIBOX C-08-30C-80-FX-VN-BR-230D,Brown,images/linibox-c/linibox-c-8-brown.jpg,3000K,CRI>80,Phase Dim,IP65,UGR<13.7,Brown · 115 × 46 × 85mm,8.4W,795lm,95lm/W,17°,Installation=images/linibox-c/linibox-c-installation-8.pdf;LDT=images/linibox-c/ldt/LINIBOX_C-08-30C-80-FX-VN.ldt;Brochure=images/linibox-c/linibox-c-brochure.pdf,
Linibox C,,,,,,,,,,,,,,,,,,,Linibox C 8 8.4W 17°,LINIBOX C-08-30C-90-FX-VN-BR-230ND,Brown,images/linibox-c/linibox-c-8-brown.jpg,3000K,CRI>90,On/Off,IP65,UGR<13.7,Brown · 115 × 46 × 85mm,8.4W,696lm,83lm/W,17°,Installation=images/linibox-c/linibox-c-installation-8.pdf;LDT=images/linibox-c/ldt/LINIBOX_C-08-30C-90-FX-VN.ldt;Brochure=images/linibox-c/linibox-c-brochure.pdf,
Linibox C,,,,,,,,,,,,,,,,,,,Linibox C 8 8.4W 17°,LINIBOX C-08-30C-90-FX-VN-BR-230D,Brown,images/linibox-c/linibox-c-8-brown.jpg,3000K,CRI>90,Phase Dim,IP65,UGR<13.7,Brown · 115 × 46 × 85mm,8.4W,696lm,83lm/W,17°,Installation=images/linibox-c/linibox-c-installation-8.pdf;LDT=images/linibox-c/ldt/LINIBOX_C-08-30C-90-FX-VN.ldt;Brochure=images/linibox-c/linibox-c-brochure.pdf,
Linibox C,,,,,,,,,,,,,,,,,,,Linibox C 8 8.4W 17°,LINIBOX C-08-40C-80-FX-VN-BR-230ND,Brown,images/linibox-c/linibox-c-8-brown.jpg,4000K,CRI>80,On/Off,IP65,UGR<13.7,Brown · 115 × 46 × 85mm,8.4W,838lm,100lm/W,17°,Installation=images/linibox-c/linibox-c-installation-8.pdf;LDT=images/linibox-c/ldt/LINIBOX_C-08-40C-80-FX-VN.ldt;Brochure=images/linibox-c/linibox-c-brochure.pdf,
Linibox C,,,,,,,,,,,,,,,,,,,Linibox C 8 8.4W 17°,LINIBOX C-08-40C-80-FX-VN-BR-230D,Brown,images/linibox-c/linibox-c-8-brown.jpg,4000K,CRI>80,Phase Dim,IP65,UGR<13.7,Brown · 115 × 46 × 85mm,8.4W,838lm,100lm/W,17°,Installation=images/linibox-c/linibox-c-installation-8.pdf;LDT=images/linibox-c/ldt/LINIBOX_C-08-40C-80-FX-VN.ldt;Brochure=images/linibox-c/linibox-c-brochure.pdf,
Linibox C,,,,,,,,,,,,,,,,,,,Linibox C 8 8.4W 17°,LINIBOX C-08-40C-90-FX-VN-BR-230ND,Brown,images/linibox-c/linibox-c-8-brown.jpg,4000K,CRI>90,On/Off,IP65,UGR<13.7,Brown · 115 × 46 × 85mm,8.4W,753lm,90lm/W,17°,Installation=images/linibox-c/linibox-c-installation-8.pdf;LDT=images/linibox-c/ldt/LINIBOX_C-08-40C-90-FX-VN.ldt;Brochure=images/linibox-c/linibox-c-brochure.pdf,
Linibox C,,,,,,,,,,,,,,,,,,,Linibox C 8 8.4W 17°,LINIBOX C-08-40C-90-FX-VN-BR-230D,Brown,images/linibox-c/linibox-c-8-brown.jpg,4000K,CRI>90,Phase Dim,IP65,UGR<13.7,Brown · 115 × 46 × 85mm,8.4W,753lm,90lm/W,17°,Installation=images/linibox-c/linibox-c-installation-8.pdf;LDT=images/linibox-c/ldt/LINIBOX_C-08-40C-90-FX-VN.ldt;Brochure=images/linibox-c/linibox-c-brochure.pdf,
Linibox C,,,,,,,,,,,,,,,,,,,Linibox C 8 8.4W 17°,LINIBOX C-08-50C-80-FX-VN-BR-230ND,Brown,images/linibox-c/linibox-c-8-brown.jpg,5000K,CRI>80,On/Off,IP65,UGR<13.7,Brown · 115 × 46 × 85mm,8.4W,923lm,110lm/W,17°,Installation=images/linibox-c/linibox-c-installation-8.pdf;LDT=images/linibox-c/ldt/LINIBOX_C-08-50C-80-FX-VN.ldt;Brochure=images/linibox-c/linibox-c-brochure.pdf,
Linibox C,,,,,,,,,,,,,,,,,,,Linibox C 8 8.4W 17°,LINIBOX C-08-50C-80-FX-VN-BR-230D,Brown,images/linibox-c/linibox-c-8-brown.jpg,5000K,CRI>80,Phase Dim,IP65,UGR<13.7,Brown · 115 × 46 × 85mm,8.4W,923lm,110lm/W,17°,Installation=images/linibox-c/linibox-c-installation-8.pdf;LDT=images/linibox-c/ldt/LINIBOX_C-08-50C-80-FX-VN.ldt;Brochure=images/linibox-c/linibox-c-brochure.pdf,
Linibox C,,,,,,,,,,,,,,,,,,,Linibox C 8 8.4W 17°,LINIBOX C-08-50C-90-FX-VN-BR-230ND,Brown,images/linibox-c/linibox-c-8-brown.jpg,5000K,CRI>90,On/Off,IP65,UGR<13.7,Brown · 115 × 46 × 85mm,8.4W,799lm,95lm/W,17°,Installation=images/linibox-c/linibox-c-installation-8.pdf;LDT=images/linibox-c/ldt/LINIBOX_C-08-50C-90-FX-VN.ldt;Brochure=images/linibox-c/linibox-c-brochure.pdf,
Linibox C,,,,,,,,,,,,,,,,,,,Linibox C 8 8.4W 17°,LINIBOX C-08-50C-90-FX-VN-BR-230D,Brown,images/linibox-c/linibox-c-8-brown.jpg,5000K,CRI>90,Phase Dim,IP65,UGR<13.7,Brown · 115 × 46 × 85mm,8.4W,799lm,95lm/W,17°,Installation=images/linibox-c/linibox-c-installation-8.pdf;LDT=images/linibox-c/ldt/LINIBOX_C-08-50C-90-FX-VN.ldt;Brochure=images/linibox-c/linibox-c-brochure.pdf,
Linibox C,,,,,,,,,,,,,,,,,,,Linibox C 8 8.4W 21°,LINIBOX C-08-27C-80-FX-NR-BR-230ND,Brown,images/linibox-c/linibox-c-8-brown.jpg,2700K,CRI>80,On/Off,IP65,UGR<13.1,Brown · 115 × 46 × 85mm,8.4W,912lm,109lm/W,21°,Installation=images/linibox-c/linibox-c-installation-8.pdf;LDT=images/linibox-c/ldt/LINIBOX_C-08-27C-80-FX-NR.ldt;Brochure=images/linibox-c/linibox-c-brochure.pdf,
Linibox C,,,,,,,,,,,,,,,,,,,Linibox C 8 8.4W 21°,LINIBOX C-08-27C-80-FX-NR-BR-230D,Brown,images/linibox-c/linibox-c-8-brown.jpg,2700K,CRI>80,Phase Dim,IP65,UGR<13.1,Brown · 115 × 46 × 85mm,8.4W,912lm,109lm/W,21°,Installation=images/linibox-c/linibox-c-installation-8.pdf;LDT=images/linibox-c/ldt/LINIBOX_C-08-27C-80-FX-NR.ldt;Brochure=images/linibox-c/linibox-c-brochure.pdf,
Linibox C,,,,,,,,,,,,,,,,,,,Linibox C 8 8.4W 21°,LINIBOX C-08-27C-90-FX-NR-BR-230ND,Brown,images/linibox-c/linibox-c-8-brown.jpg,2700K,CRI>90,On/Off,IP65,UGR<13.1,Brown · 115 × 46 × 85mm,8.4W,740lm,88lm/W,21°,Installation=images/linibox-c/linibox-c-installation-8.pdf;LDT=images/linibox-c/ldt/LINIBOX_C-08-27C-90-FX-NR.ldt;Brochure=images/linibox-c/linibox-c-brochure.pdf,
Linibox C,,,,,,,,,,,,,,,,,,,Linibox C 8 8.4W 21°,LINIBOX C-08-27C-90-FX-NR-BR-230D,Brown,images/linibox-c/linibox-c-8-brown.jpg,2700K,CRI>90,Phase Dim,IP65,UGR<13.1,Brown · 115 × 46 × 85mm,8.4W,740lm,88lm/W,21°,Installation=images/linibox-c/linibox-c-installation-8.pdf;LDT=images/linibox-c/ldt/LINIBOX_C-08-27C-90-FX-NR.ldt;Brochure=images/linibox-c/linibox-c-brochure.pdf,
Linibox C,,,,,,,,,,,,,,,,,,,Linibox C 8 8.4W 21°,LINIBOX C-08-30C-80-FX-NR-BR-230ND,Brown,images/linibox-c/linibox-c-8-brown.jpg,3000K,CRI>80,On/Off,IP65,UGR<13.1,Brown · 115 × 46 × 85mm,8.4W,963lm,115lm/W,21°,Installation=images/linibox-c/linibox-c-installation-8.pdf;LDT=images/linibox-c/ldt/LINIBOX_C-08-30C-80-FX-NR.ldt;Brochure=images/linibox-c/linibox-c-brochure.pdf,
Linibox C,,,,,,,,,,,,,,,,,,,Linibox C 8 8.4W 21°,LINIBOX C-08-30C-80-FX-NR-BR-230D,Brown,images/linibox-c/linibox-c-8-brown.jpg,3000K,CRI>80,Phase Dim,IP65,UGR<13.1,Brown · 115 × 46 × 85mm,8.4W,963lm,115lm/W,21°,Installation=images/linibox-c/linibox-c-installation-8.pdf;LDT=images/linibox-c/ldt/LINIBOX_C-08-30C-80-FX-NR.ldt;Brochure=images/linibox-c/linibox-c-brochure.pdf,
Linibox C,,,,,,,,,,,,,,,,,,,Linibox C 8 8.4W 21°,LINIBOX C-08-30C-90-FX-NR-BR-230ND,Brown,images/linibox-c/linibox-c-8-brown.jpg,3000K,CRI>90,On/Off,IP65,UGR<13.1,Brown · 115 × 46 × 85mm,8.4W,843lm,100lm/W,21°,Installation=images/linibox-c/linibox-c-installation-8.pdf;LDT=images/linibox-c/ldt/LINIBOX_C-08-30C-90-FX-NR.ldt;Brochure=images/linibox-c/linibox-c-brochure.pdf,
Linibox C,,,,,,,,,,,,,,,,,,,Linibox C 8 8.4W 21°,LINIBOX C-08-30C-90-FX-NR-BR-230D,Brown,images/linibox-c/linibox-c-8-brown.jpg,3000K,CRI>90,Phase Dim,IP65,UGR<13.1,Brown · 115 × 46 × 85mm,8.4W,843lm,100lm/W,21°,Installation=images/linibox-c/linibox-c-installation-8.pdf;LDT=images/linibox-c/ldt/LINIBOX_C-08-30C-90-FX-NR.ldt;Brochure=images/linibox-c/linibox-c-brochure.pdf,
Linibox C,,,,,,,,,,,,,,,,,,,Linibox C 8 8.4W 21°,LINIBOX C-08-40C-80-FX-NR-BR-230ND,Brown,images/linibox-c/linibox-c-8-brown.jpg,4000K,CRI>80,On/Off,IP65,UGR<13.1,Brown · 115 × 46 × 85mm,8.4W,1015lm,121lm/W,21°,Installation=images/linibox-c/linibox-c-installation-8.pdf;LDT=images/linibox-c/ldt/LINIBOX_C-08-40C-80-FX-NR.ldt;Brochure=images/linibox-c/linibox-c-brochure.pdf,
Linibox C,,,,,,,,,,,,,,,,,,,Linibox C 8 8.4W 21°,LINIBOX C-08-40C-80-FX-NR-BR-230D,Brown,images/linibox-c/linibox-c-8-brown.jpg,4000K,CRI>80,Phase Dim,IP65,UGR<13.1,Brown · 115 × 46 × 85mm,8.4W,1015lm,121lm/W,21°,Installation=images/linibox-c/linibox-c-installation-8.pdf;LDT=images/linibox-c/ldt/LINIBOX_C-08-40C-80-FX-NR.ldt;Brochure=images/linibox-c/linibox-c-brochure.pdf,
Linibox C,,,,,,,,,,,,,,,,,,,Linibox C 8 8.4W 21°,LINIBOX C-08-40C-90-FX-NR-BR-230ND,Brown,images/linibox-c/linibox-c-8-brown.jpg,4000K,CRI>90,On/Off,IP65,UGR<13.1,Brown · 115 × 46 × 85mm,8.4W,912lm,109lm/W,21°,Installation=images/linibox-c/linibox-c-installation-8.pdf;LDT=images/linibox-c/ldt/LINIBOX_C-08-40C-90-FX-NR.ldt;Brochure=images/linibox-c/linibox-c-brochure.pdf,
Linibox C,,,,,,,,,,,,,,,,,,,Linibox C 8 8.4W 21°,LINIBOX C-08-40C-90-FX-NR-BR-230D,Brown,images/linibox-c/linibox-c-8-brown.jpg,4000K,CRI>90,Phase Dim,IP65,UGR<13.1,Brown · 115 × 46 × 85mm,8.4W,912lm,109lm/W,21°,Installation=images/linibox-c/linibox-c-installation-8.pdf;LDT=images/linibox-c/ldt/LINIBOX_C-08-40C-90-FX-NR.ldt;Brochure=images/linibox-c/linibox-c-brochure.pdf,
Linibox C,,,,,,,,,,,,,,,,,,,Linibox C 8 8.4W 21°,LINIBOX C-08-50C-80-FX-NR-BR-230ND,Brown,images/linibox-c/linibox-c-8-brown.jpg,5000K,CRI>80,On/Off,IP65,UGR<13.1,Brown · 115 × 46 × 85mm,8.4W,1118lm,133lm/W,21°,Installation=images/linibox-c/linibox-c-installation-8.pdf;LDT=images/linibox-c/ldt/LINIBOX_C-08-50C-80-FX-NR.ldt;Brochure=images/linibox-c/linibox-c-brochure.pdf,
Linibox C,,,,,,,,,,,,,,,,,,,Linibox C 8 8.4W 21°,LINIBOX C-08-50C-80-FX-NR-BR-230D,Brown,images/linibox-c/linibox-c-8-brown.jpg,5000K,CRI>80,Phase Dim,IP65,UGR<13.1,Brown · 115 × 46 × 85mm,8.4W,1118lm,133lm/W,21°,Installation=images/linibox-c/linibox-c-installation-8.pdf;LDT=images/linibox-c/ldt/LINIBOX_C-08-50C-80-FX-NR.ldt;Brochure=images/linibox-c/linibox-c-brochure.pdf,
Linibox C,,,,,,,,,,,,,,,,,,,Linibox C 8 8.4W 21°,LINIBOX C-08-50C-90-FX-NR-BR-230ND,Brown,images/linibox-c/linibox-c-8-brown.jpg,5000K,CRI>90,On/Off,IP65,UGR<13.1,Brown · 115 × 46 × 85mm,8.4W,968lm,115lm/W,21°,Installation=images/linibox-c/linibox-c-installation-8.pdf;LDT=images/linibox-c/ldt/LINIBOX_C-08-50C-90-FX-NR.ldt;Brochure=images/linibox-c/linibox-c-brochure.pdf,
Linibox C,,,,,,,,,,,,,,,,,,,Linibox C 8 8.4W 21°,LINIBOX C-08-50C-90-FX-NR-BR-230D,Brown,images/linibox-c/linibox-c-8-brown.jpg,5000K,CRI>90,Phase Dim,IP65,UGR<13.1,Brown · 115 × 46 × 85mm,8.4W,968lm,115lm/W,21°,Installation=images/linibox-c/linibox-c-installation-8.pdf;LDT=images/linibox-c/ldt/LINIBOX_C-08-50C-90-FX-NR.ldt;Brochure=images/linibox-c/linibox-c-brochure.pdf,
Linibox C,,,,,,,,,,,,,,,,,,,Linibox C 8 8.4W 25°,LINIBOX C-08-27C-80-FX-MD-BR-230ND,Brown,images/linibox-c/linibox-c-8-brown.jpg,2700K,CRI>80,On/Off,IP65,UGR<12.5,Brown · 115 × 46 × 85mm,8.4W,806lm,96lm/W,25°,Installation=images/linibox-c/linibox-c-installation-8.pdf;LDT=images/linibox-c/ldt/LINIBOX_C-08-27C-80-FX-MD.ldt;Brochure=images/linibox-c/linibox-c-brochure.pdf,
Linibox C,,,,,,,,,,,,,,,,,,,Linibox C 8 8.4W 25°,LINIBOX C-08-27C-80-FX-MD-BR-230D,Brown,images/linibox-c/linibox-c-8-brown.jpg,2700K,CRI>80,Phase Dim,IP65,UGR<12.5,Brown · 115 × 46 × 85mm,8.4W,806lm,96lm/W,25°,Installation=images/linibox-c/linibox-c-installation-8.pdf;LDT=images/linibox-c/ldt/LINIBOX_C-08-27C-80-FX-MD.ldt;Brochure=images/linibox-c/linibox-c-brochure.pdf,
Linibox C,,,,,,,,,,,,,,,,,,,Linibox C 8 8.4W 25°,LINIBOX C-08-27C-90-FX-MD-BR-230ND,Brown,images/linibox-c/linibox-c-8-brown.jpg,2700K,CRI>90,On/Off,IP65,UGR<12.5,Brown · 115 × 46 × 85mm,8.4W,654lm,78lm/W,25°,Installation=images/linibox-c/linibox-c-installation-8.pdf;LDT=images/linibox-c/ldt/LINIBOX_C-08-27C-90-FX-MD.ldt;Brochure=images/linibox-c/linibox-c-brochure.pdf,
Linibox C,,,,,,,,,,,,,,,,,,,Linibox C 8 8.4W 25°,LINIBOX C-08-27C-90-FX-MD-BR-230D,Brown,images/linibox-c/linibox-c-8-brown.jpg,2700K,CRI>90,Phase Dim,IP65,UGR<12.5,Brown · 115 × 46 × 85mm,8.4W,654lm,78lm/W,25°,Installation=images/linibox-c/linibox-c-installation-8.pdf;LDT=images/linibox-c/ldt/LINIBOX_C-08-27C-90-FX-MD.ldt;Brochure=images/linibox-c/linibox-c-brochure.pdf,
Linibox C,,,,,,,,,,,,,,,,,,,Linibox C 8 8.4W 25°,LINIBOX C-08-30C-80-FX-MD-BR-230ND,Brown,images/linibox-c/linibox-c-8-brown.jpg,3000K,CRI>80,On/Off,IP65,UGR<12.5,Brown · 115 × 46 × 85mm,8.4W,851lm,101lm/W,25°,Installation=images/linibox-c/linibox-c-installation-8.pdf;LDT=images/linibox-c/ldt/LINIBOX_C-08-30C-80-FX-MD.ldt;Brochure=images/linibox-c/linibox-c-brochure.pdf,
Linibox C,,,,,,,,,,,,,,,,,,,Linibox C 8 8.4W 25°,LINIBOX C-08-30C-80-FX-MD-BR-230D,Brown,images/linibox-c/linibox-c-8-brown.jpg,3000K,CRI>80,Phase Dim,IP65,UGR<12.5,Brown · 115 × 46 × 85mm,8.4W,851lm,101lm/W,25°,Installation=images/linibox-c/linibox-c-installation-8.pdf;LDT=images/linibox-c/ldt/LINIBOX_C-08-30C-80-FX-MD.ldt;Brochure=images/linibox-c/linibox-c-brochure.pdf,
Linibox C,,,,,,,,,,,,,,,,,,,Linibox C 8 8.4W 25°,LINIBOX C-08-30C-90-FX-MD-BR-230ND,Brown,images/linibox-c/linibox-c-8-brown.jpg,3000K,CRI>90,On/Off,IP65,UGR<12.5,Brown · 115 × 46 × 85mm,8.4W,745lm,89lm/W,25°,Installation=images/linibox-c/linibox-c-installation-8.pdf;LDT=images/linibox-c/ldt/LINIBOX_C-08-30C-90-FX-MD.ldt;Brochure=images/linibox-c/linibox-c-brochure.pdf,
Linibox C,,,,,,,,,,,,,,,,,,,Linibox C 8 8.4W 25°,LINIBOX C-08-30C-90-FX-MD-BR-230D,Brown,images/linibox-c/linibox-c-8-brown.jpg,3000K,CRI>90,Phase Dim,IP65,UGR<12.5,Brown · 115 × 46 × 85mm,8.4W,745lm,89lm/W,25°,Installation=images/linibox-c/linibox-c-installation-8.pdf;LDT=images/linibox-c/ldt/LINIBOX_C-08-30C-90-FX-MD.ldt;Brochure=images/linibox-c/linibox-c-brochure.pdf,
Linibox C,,,,,,,,,,,,,,,,,,,Linibox C 8 8.4W 25°,LINIBOX C-08-40C-80-FX-MD-BR-230ND,Brown,images/linibox-c/linibox-c-8-brown.jpg,4000K,CRI>80,On/Off,IP65,UGR<12.5,Brown · 115 × 46 × 85mm,8.4W,897lm,107lm/W,25°,Installation=images/linibox-c/linibox-c-installation-8.pdf;LDT=images/linibox-c/ldt/LINIBOX_C-08-40C-80-FX-MD.ldt;Brochure=images/linibox-c/linibox-c-brochure.pdf,
Linibox C,,,,,,,,,,,,,,,,,,,Linibox C 8 8.4W 25°,LINIBOX C-08-40C-80-FX-MD-BR-230D,Brown,images/linibox-c/linibox-c-8-brown.jpg,4000K,CRI>80,Phase Dim,IP65,UGR<12.5,Brown · 115 × 46 × 85mm,8.4W,897lm,107lm/W,25°,Installation=images/linibox-c/linibox-c-installation-8.pdf;LDT=images/linibox-c/ldt/LINIBOX_C-08-40C-80-FX-MD.ldt;Brochure=images/linibox-c/linibox-c-brochure.pdf,
Linibox C,,,,,,,,,,,,,,,,,,,Linibox C 8 8.4W 25°,LINIBOX C-08-40C-90-FX-MD-BR-230ND,Brown,images/linibox-c/linibox-c-8-brown.jpg,4000K,CRI>90,On/Off,IP65,UGR<12.5,Brown · 115 × 46 × 85mm,8.4W,806lm,96lm/W,25°,Installation=images/linibox-c/linibox-c-installation-8.pdf;LDT=images/linibox-c/ldt/LINIBOX_C-08-40C-90-FX-MD.ldt;Brochure=images/linibox-c/linibox-c-brochure.pdf,
Linibox C,,,,,,,,,,,,,,,,,,,Linibox C 8 8.4W 25°,LINIBOX C-08-40C-90-FX-MD-BR-230D,Brown,images/linibox-c/linibox-c-8-brown.jpg,4000K,CRI>90,Phase Dim,IP65,UGR<12.5,Brown · 115 × 46 × 85mm,8.4W,806lm,96lm/W,25°,Installation=images/linibox-c/linibox-c-installation-8.pdf;LDT=images/linibox-c/ldt/LINIBOX_C-08-40C-90-FX-MD.ldt;Brochure=images/linibox-c/linibox-c-brochure.pdf,
Linibox C,,,,,,,,,,,,,,,,,,,Linibox C 8 8.4W 25°,LINIBOX C-08-50C-80-FX-MD-BR-230ND,Brown,images/linibox-c/linibox-c-8-brown.jpg,5000K,CRI>80,On/Off,IP65,UGR<12.5,Brown · 115 × 46 × 85mm,8.4W,988lm,118lm/W,25°,Installation=images/linibox-c/linibox-c-installation-8.pdf;LDT=images/linibox-c/ldt/LINIBOX_C-08-50C-80-FX-MD.ldt;Brochure=images/linibox-c/linibox-c-brochure.pdf,
Linibox C,,,,,,,,,,,,,,,,,,,Linibox C 8 8.4W 25°,LINIBOX C-08-50C-80-FX-MD-BR-230D,Brown,images/linibox-c/linibox-c-8-brown.jpg,5000K,CRI>80,Phase Dim,IP65,UGR<12.5,Brown · 115 × 46 × 85mm,8.4W,988lm,118lm/W,25°,Installation=images/linibox-c/linibox-c-installation-8.pdf;LDT=images/linibox-c/ldt/LINIBOX_C-08-50C-80-FX-MD.ldt;Brochure=images/linibox-c/linibox-c-brochure.pdf,
Linibox C,,,,,,,,,,,,,,,,,,,Linibox C 8 8.4W 25°,LINIBOX C-08-50C-90-FX-MD-BR-230ND,Brown,images/linibox-c/linibox-c-8-brown.jpg,5000K,CRI>90,On/Off,IP65,UGR<12.5,Brown · 115 × 46 × 85mm,8.4W,855lm,102lm/W,25°,Installation=images/linibox-c/linibox-c-installation-8.pdf;LDT=images/linibox-c/ldt/LINIBOX_C-08-50C-90-FX-MD.ldt;Brochure=images/linibox-c/linibox-c-brochure.pdf,
Linibox C,,,,,,,,,,,,,,,,,,,Linibox C 8 8.4W 25°,LINIBOX C-08-50C-90-FX-MD-BR-230D,Brown,images/linibox-c/linibox-c-8-brown.jpg,5000K,CRI>90,Phase Dim,IP65,UGR<12.5,Brown · 115 × 46 × 85mm,8.4W,855lm,102lm/W,25°,Installation=images/linibox-c/linibox-c-installation-8.pdf;LDT=images/linibox-c/ldt/LINIBOX_C-08-50C-90-FX-MD.ldt;Brochure=images/linibox-c/linibox-c-brochure.pdf,
Linibox C,,,,,,,,,,,,,,,,,,,Linibox C 8 8.4W 35°,LINIBOX C-08-27C-80-FX-WD-BR-230ND,Brown,images/linibox-c/linibox-c-8-brown.jpg,2700K,CRI>80,On/Off,IP65,UGR<20.6,Brown · 115 × 46 × 85mm,8.4W,816lm,97lm/W,35°,Installation=images/linibox-c/linibox-c-installation-8.pdf;LDT=images/linibox-c/ldt/LINIBOX_C-08-27C-80-FX-WD.ldt;Brochure=images/linibox-c/linibox-c-brochure.pdf,
Linibox C,,,,,,,,,,,,,,,,,,,Linibox C 8 8.4W 35°,LINIBOX C-08-27C-80-FX-WD-BR-230D,Brown,images/linibox-c/linibox-c-8-brown.jpg,2700K,CRI>80,Phase Dim,IP65,UGR<20.6,Brown · 115 × 46 × 85mm,8.4W,816lm,97lm/W,35°,Installation=images/linibox-c/linibox-c-installation-8.pdf;LDT=images/linibox-c/ldt/LINIBOX_C-08-27C-80-FX-WD.ldt;Brochure=images/linibox-c/linibox-c-brochure.pdf,
Linibox C,,,,,,,,,,,,,,,,,,,Linibox C 8 8.4W 35°,LINIBOX C-08-27C-90-FX-WD-BR-230ND,Brown,images/linibox-c/linibox-c-8-brown.jpg,2700K,CRI>90,On/Off,IP65,UGR<20.6,Brown · 115 × 46 × 85mm,8.4W,662lm,79lm/W,35°,Installation=images/linibox-c/linibox-c-installation-8.pdf;LDT=images/linibox-c/ldt/LINIBOX_C-08-27C-90-FX-WD.ldt;Brochure=images/linibox-c/linibox-c-brochure.pdf,
Linibox C,,,,,,,,,,,,,,,,,,,Linibox C 8 8.4W 35°,LINIBOX C-08-27C-90-FX-WD-BR-230D,Brown,images/linibox-c/linibox-c-8-brown.jpg,2700K,CRI>90,Phase Dim,IP65,UGR<20.6,Brown · 115 × 46 × 85mm,8.4W,662lm,79lm/W,35°,Installation=images/linibox-c/linibox-c-installation-8.pdf;LDT=images/linibox-c/ldt/LINIBOX_C-08-27C-90-FX-WD.ldt;Brochure=images/linibox-c/linibox-c-brochure.pdf,
Linibox C,,,,,,,,,,,,,,,,,,,Linibox C 8 8.4W 35°,LINIBOX C-08-30C-80-FX-WD-BR-230ND,Brown,images/linibox-c/linibox-c-8-brown.jpg,3000K,CRI>80,On/Off,IP65,UGR<20.6,Brown · 115 × 46 × 85mm,8.4W,862lm,103lm/W,35°,Installation=images/linibox-c/linibox-c-installation-8.pdf;LDT=images/linibox-c/ldt/LINIBOX_C-08-30C-80-FX-WD.ldt;Brochure=images/linibox-c/linibox-c-brochure.pdf,
Linibox C,,,,,,,,,,,,,,,,,,,Linibox C 8 8.4W 35°,LINIBOX C-08-30C-80-FX-WD-BR-230D,Brown,images/linibox-c/linibox-c-8-brown.jpg,3000K,CRI>80,Phase Dim,IP65,UGR<20.6,Brown · 115 × 46 × 85mm,8.4W,862lm,103lm/W,35°,Installation=images/linibox-c/linibox-c-installation-8.pdf;LDT=images/linibox-c/ldt/LINIBOX_C-08-30C-80-FX-WD.ldt;Brochure=images/linibox-c/linibox-c-brochure.pdf,
Linibox C,,,,,,,,,,,,,,,,,,,Linibox C 8 8.4W 35°,LINIBOX C-08-30C-90-FX-WD-BR-230ND,Brown,images/linibox-c/linibox-c-8-brown.jpg,3000K,CRI>90,On/Off,IP65,UGR<20.6,Brown · 115 × 46 × 85mm,8.4W,755lm,90lm/W,35°,Installation=images/linibox-c/linibox-c-installation-8.pdf;LDT=images/linibox-c/ldt/LINIBOX_C-08-30C-90-FX-WD.ldt;Brochure=images/linibox-c/linibox-c-brochure.pdf,
Linibox C,,,,,,,,,,,,,,,,,,,Linibox C 8 8.4W 35°,LINIBOX C-08-30C-90-FX-WD-BR-230D,Brown,images/linibox-c/linibox-c-8-brown.jpg,3000K,CRI>90,Phase Dim,IP65,UGR<20.6,Brown · 115 × 46 × 85mm,8.4W,755lm,90lm/W,35°,Installation=images/linibox-c/linibox-c-installation-8.pdf;LDT=images/linibox-c/ldt/LINIBOX_C-08-30C-90-FX-WD.ldt;Brochure=images/linibox-c/linibox-c-brochure.pdf,
Linibox C,,,,,,,,,,,,,,,,,,,Linibox C 8 8.4W 35°,LINIBOX C-08-40C-80-FX-WD-BR-230ND,Brown,images/linibox-c/linibox-c-8-brown.jpg,4000K,CRI>80,On/Off,IP65,UGR<20.6,Brown · 115 × 46 × 85mm,8.4W,909lm,108lm/W,35°,Installation=images/linibox-c/linibox-c-installation-8.pdf;LDT=images/linibox-c/ldt/LINIBOX_C-08-40C-80-FX-WD.ldt;Brochure=images/linibox-c/linibox-c-brochure.pdf,
Linibox C,,,,,,,,,,,,,,,,,,,Linibox C 8 8.4W 35°,LINIBOX C-08-40C-80-FX-WD-BR-230D,Brown,images/linibox-c/linibox-c-8-brown.jpg,4000K,CRI>80,Phase Dim,IP65,UGR<20.6,Brown · 115 × 46 × 85mm,8.4W,909lm,108lm/W,35°,Installation=images/linibox-c/linibox-c-installation-8.pdf;LDT=images/linibox-c/ldt/LINIBOX_C-08-40C-80-FX-WD.ldt;Brochure=images/linibox-c/linibox-c-brochure.pdf,
Linibox C,,,,,,,,,,,,,,,,,,,Linibox C 8 8.4W 35°,LINIBOX C-08-40C-90-FX-WD-BR-230ND,Brown,images/linibox-c/linibox-c-8-brown.jpg,4000K,CRI>90,On/Off,IP65,UGR<20.6,Brown · 115 × 46 × 85mm,8.4W,816lm,97lm/W,35°,Installation=images/linibox-c/linibox-c-installation-8.pdf;LDT=images/linibox-c/ldt/LINIBOX_C-08-40C-90-FX-WD.ldt;Brochure=images/linibox-c/linibox-c-brochure.pdf,
Linibox C,,,,,,,,,,,,,,,,,,,Linibox C 8 8.4W 35°,LINIBOX C-08-40C-90-FX-WD-BR-230D,Brown,images/linibox-c/linibox-c-8-brown.jpg,4000K,CRI>90,Phase Dim,IP65,UGR<20.6,Brown · 115 × 46 × 85mm,8.4W,816lm,97lm/W,35°,Installation=images/linibox-c/linibox-c-installation-8.pdf;LDT=images/linibox-c/ldt/LINIBOX_C-08-40C-90-FX-WD.ldt;Brochure=images/linibox-c/linibox-c-brochure.pdf,
Linibox C,,,,,,,,,,,,,,,,,,,Linibox C 8 8.4W 35°,LINIBOX C-08-50C-80-FX-WD-BR-230ND,Brown,images/linibox-c/linibox-c-8-brown.jpg,5000K,CRI>80,On/Off,IP65,UGR<20.6,Brown · 115 × 46 × 85mm,8.4W,1001lm,119lm/W,35°,Installation=images/linibox-c/linibox-c-installation-8.pdf;LDT=images/linibox-c/ldt/LINIBOX_C-08-50C-80-FX-WD.ldt;Brochure=images/linibox-c/linibox-c-brochure.pdf,
Linibox C,,,,,,,,,,,,,,,,,,,Linibox C 8 8.4W 35°,LINIBOX C-08-50C-80-FX-WD-BR-230D,Brown,images/linibox-c/linibox-c-8-brown.jpg,5000K,CRI>80,Phase Dim,IP65,UGR<20.6,Brown · 115 × 46 × 85mm,8.4W,1001lm,119lm/W,35°,Installation=images/linibox-c/linibox-c-installation-8.pdf;LDT=images/linibox-c/ldt/LINIBOX_C-08-50C-80-FX-WD.ldt;Brochure=images/linibox-c/linibox-c-brochure.pdf,
Linibox C,,,,,,,,,,,,,,,,,,,Linibox C 8 8.4W 35°,LINIBOX C-08-50C-90-FX-WD-BR-230ND,Brown,images/linibox-c/linibox-c-8-brown.jpg,5000K,CRI>90,On/Off,IP65,UGR<20.6,Brown · 115 × 46 × 85mm,8.4W,866lm,103lm/W,35°,Installation=images/linibox-c/linibox-c-installation-8.pdf;LDT=images/linibox-c/ldt/LINIBOX_C-08-50C-90-FX-WD.ldt;Brochure=images/linibox-c/linibox-c-brochure.pdf,
Linibox C,,,,,,,,,,,,,,,,,,,Linibox C 8 8.4W 35°,LINIBOX C-08-50C-90-FX-WD-BR-230D,Brown,images/linibox-c/linibox-c-8-brown.jpg,5000K,CRI>90,Phase Dim,IP65,UGR<20.6,Brown · 115 × 46 × 85mm,8.4W,866lm,103lm/W,35°,Installation=images/linibox-c/linibox-c-installation-8.pdf;LDT=images/linibox-c/ldt/LINIBOX_C-08-50C-90-FX-WD.ldt;Brochure=images/linibox-c/linibox-c-brochure.pdf,
Linibox C,,,,,,,,,,,,,,,,,,,Linibox C 8 8.4W 62°,LINIBOX C-08-27C-80-FX-VW-BR-230ND,Brown,images/linibox-c/linibox-c-8-brown.jpg,2700K,CRI>80,On/Off,IP65,UGR<23.6,Brown · 115 × 46 × 85mm,8.4W,678lm,81lm/W,62°,Installation=images/linibox-c/linibox-c-installation-8.pdf;LDT=images/linibox-c/ldt/LINIBOX_C-08-27C-80-FX-VW.ldt;Brochure=images/linibox-c/linibox-c-brochure.pdf,
Linibox C,,,,,,,,,,,,,,,,,,,Linibox C 8 8.4W 62°,LINIBOX C-08-27C-80-FX-VW-BR-230D,Brown,images/linibox-c/linibox-c-8-brown.jpg,2700K,CRI>80,Phase Dim,IP65,UGR<23.6,Brown · 115 × 46 × 85mm,8.4W,678lm,81lm/W,62°,Installation=images/linibox-c/linibox-c-installation-8.pdf;LDT=images/linibox-c/ldt/LINIBOX_C-08-27C-80-FX-VW.ldt;Brochure=images/linibox-c/linibox-c-brochure.pdf,
Linibox C,,,,,,,,,,,,,,,,,,,Linibox C 8 8.4W 62°,LINIBOX C-08-27C-90-FX-VW-BR-230ND,Brown,images/linibox-c/linibox-c-8-brown.jpg,2700K,CRI>90,On/Off,IP65,UGR<23.6,Brown · 115 × 46 × 85mm,8.4W,550lm,65lm/W,62°,Installation=images/linibox-c/linibox-c-installation-8.pdf;LDT=images/linibox-c/ldt/LINIBOX_C-08-27C-90-FX-VW.ldt;Brochure=images/linibox-c/linibox-c-brochure.pdf,
Linibox C,,,,,,,,,,,,,,,,,,,Linibox C 8 8.4W 62°,LINIBOX C-08-27C-90-FX-VW-BR-230D,Brown,images/linibox-c/linibox-c-8-brown.jpg,2700K,CRI>90,Phase Dim,IP65,UGR<23.6,Brown · 115 × 46 × 85mm,8.4W,550lm,65lm/W,62°,Installation=images/linibox-c/linibox-c-installation-8.pdf;LDT=images/linibox-c/ldt/LINIBOX_C-08-27C-90-FX-VW.ldt;Brochure=images/linibox-c/linibox-c-brochure.pdf,
Linibox C,,,,,,,,,,,,,,,,,,,Linibox C 8 8.4W 62°,LINIBOX C-08-30C-80-FX-VW-BR-230ND,Brown,images/linibox-c/linibox-c-8-brown.jpg,3000K,CRI>80,On/Off,IP65,UGR<23.6,Brown · 115 × 46 × 85mm,8.4W,717lm,85lm/W,62°,Installation=images/linibox-c/linibox-c-installation-8.pdf;LDT=images/linibox-c/ldt/LINIBOX_C-08-30C-80-FX-VW.ldt;Brochure=images/linibox-c/linibox-c-brochure.pdf,
Linibox C,,,,,,,,,,,,,,,,,,,Linibox C 8 8.4W 62°,LINIBOX C-08-30C-80-FX-VW-BR-230D,Brown,images/linibox-c/linibox-c-8-brown.jpg,3000K,CRI>80,Phase Dim,IP65,UGR<23.6,Brown · 115 × 46 × 85mm,8.4W,717lm,85lm/W,62°,Installation=images/linibox-c/linibox-c-installation-8.pdf;LDT=images/linibox-c/ldt/LINIBOX_C-08-30C-80-FX-VW.ldt;Brochure=images/linibox-c/linibox-c-brochure.pdf,
Linibox C,,,,,,,,,,,,,,,,,,,Linibox C 8 8.4W 62°,LINIBOX C-08-30C-90-FX-VW-BR-230ND,Brown,images/linibox-c/linibox-c-8-brown.jpg,3000K,CRI>90,On/Off,IP65,UGR<23.6,Brown · 115 × 46 × 85mm,8.4W,627lm,75lm/W,62°,Installation=images/linibox-c/linibox-c-installation-8.pdf;LDT=images/linibox-c/ldt/LINIBOX_C-08-30C-90-FX-VW.ldt;Brochure=images/linibox-c/linibox-c-brochure.pdf,
Linibox C,,,,,,,,,,,,,,,,,,,Linibox C 8 8.4W 62°,LINIBOX C-08-30C-90-FX-VW-BR-230D,Brown,images/linibox-c/linibox-c-8-brown.jpg,3000K,CRI>90,Phase Dim,IP65,UGR<23.6,Brown · 115 × 46 × 85mm,8.4W,627lm,75lm/W,62°,Installation=images/linibox-c/linibox-c-installation-8.pdf;LDT=images/linibox-c/ldt/LINIBOX_C-08-30C-90-FX-VW.ldt;Brochure=images/linibox-c/linibox-c-brochure.pdf,
Linibox C,,,,,,,,,,,,,,,,,,,Linibox C 8 8.4W 62°,LINIBOX C-08-40C-80-FX-VW-BR-230ND,Brown,images/linibox-c/linibox-c-8-brown.jpg,4000K,CRI>80,On/Off,IP65,UGR<23.6,Brown · 115 × 46 × 85mm,8.4W,755lm,90lm/W,62°,Installation=images/linibox-c/linibox-c-installation-8.pdf;LDT=images/linibox-c/ldt/LINIBOX_C-08-40C-80-FX-VW.ldt;Brochure=images/linibox-c/linibox-c-brochure.pdf,
Linibox C,,,,,,,,,,,,,,,,,,,Linibox C 8 8.4W 62°,LINIBOX C-08-40C-80-FX-VW-BR-230D,Brown,images/linibox-c/linibox-c-8-brown.jpg,4000K,CRI>80,Phase Dim,IP65,UGR<23.6,Brown · 115 × 46 × 85mm,8.4W,755lm,90lm/W,62°,Installation=images/linibox-c/linibox-c-installation-8.pdf;LDT=images/linibox-c/ldt/LINIBOX_C-08-40C-80-FX-VW.ldt;Brochure=images/linibox-c/linibox-c-brochure.pdf,
Linibox C,,,,,,,,,,,,,,,,,,,Linibox C 8 8.4W 62°,LINIBOX C-08-40C-90-FX-VW-BR-230ND,Brown,images/linibox-c/linibox-c-8-brown.jpg,4000K,CRI>90,On/Off,IP65,UGR<23.6,Brown · 115 × 46 × 85mm,8.4W,678lm,81lm/W,62°,Installation=images/linibox-c/linibox-c-installation-8.pdf;LDT=images/linibox-c/ldt/LINIBOX_C-08-40C-90-FX-VW.ldt;Brochure=images/linibox-c/linibox-c-brochure.pdf,
Linibox C,,,,,,,,,,,,,,,,,,,Linibox C 8 8.4W 62°,LINIBOX C-08-40C-90-FX-VW-BR-230D,Brown,images/linibox-c/linibox-c-8-brown.jpg,4000K,CRI>90,Phase Dim,IP65,UGR<23.6,Brown · 115 × 46 × 85mm,8.4W,678lm,81lm/W,62°,Installation=images/linibox-c/linibox-c-installation-8.pdf;LDT=images/linibox-c/ldt/LINIBOX_C-08-40C-90-FX-VW.ldt;Brochure=images/linibox-c/linibox-c-brochure.pdf,
Linibox C,,,,,,,,,,,,,,,,,,,Linibox C 8 8.4W 62°,LINIBOX C-08-50C-80-FX-VW-BR-230ND,Brown,images/linibox-c/linibox-c-8-brown.jpg,5000K,CRI>80,On/Off,IP65,UGR<23.6,Brown · 115 × 46 × 85mm,8.4W,832lm,99lm/W,62°,Installation=images/linibox-c/linibox-c-installation-8.pdf;LDT=images/linibox-c/ldt/LINIBOX_C-08-50C-80-FX-VW.ldt;Brochure=images/linibox-c/linibox-c-brochure.pdf,
Linibox C,,,,,,,,,,,,,,,,,,,Linibox C 8 8.4W 62°,LINIBOX C-08-50C-80-FX-VW-BR-230D,Brown,images/linibox-c/linibox-c-8-brown.jpg,5000K,CRI>80,Phase Dim,IP65,UGR<23.6,Brown · 115 × 46 × 85mm,8.4W,832lm,99lm/W,62°,Installation=images/linibox-c/linibox-c-installation-8.pdf;LDT=images/linibox-c/ldt/LINIBOX_C-08-50C-80-FX-VW.ldt;Brochure=images/linibox-c/linibox-c-brochure.pdf,
Linibox C,,,,,,,,,,,,,,,,,,,Linibox C 8 8.4W 62°,LINIBOX C-08-50C-90-FX-VW-BR-230ND,Brown,images/linibox-c/linibox-c-8-brown.jpg,5000K,CRI>90,On/Off,IP65,UGR<23.6,Brown · 115 × 46 × 85mm,8.4W,720lm,86lm/W,62°,Installation=images/linibox-c/linibox-c-installation-8.pdf;LDT=images/linibox-c/ldt/LINIBOX_C-08-50C-90-FX-VW.ldt;Brochure=images/linibox-c/linibox-c-brochure.pdf,
Linibox C,,,,,,,,,,,,,,,,,,,Linibox C 8 8.4W 62°,LINIBOX C-08-50C-90-FX-VW-BR-230D,Brown,images/linibox-c/linibox-c-8-brown.jpg,5000K,CRI>90,Phase Dim,IP65,UGR<23.6,Brown · 115 × 46 × 85mm,8.4W,720lm,86lm/W,62°,Installation=images/linibox-c/linibox-c-installation-8.pdf;LDT=images/linibox-c/ldt/LINIBOX_C-08-50C-90-FX-VW.ldt;Brochure=images/linibox-c/linibox-c-brochure.pdf,
Linibox C,,,,,,,,,,,,,,,,,,,Linibox C 8 8.4W 16°x30°,LINIBOX C-08-27C-80-FX-AS-BR-230ND,Brown,images/linibox-c/linibox-c-8-brown.jpg,2700K,CRI>80,On/Off,IP65,UGR<15.7,Brown · 115 × 46 × 85mm,8.4W,753lm,90lm/W,16°x30°,Installation=images/linibox-c/linibox-c-installation-8.pdf;LDT=images/linibox-c/ldt/LINIBOX_C-08-27C-80-FX-AS.ldt;Brochure=images/linibox-c/linibox-c-brochure.pdf,
Linibox C,,,,,,,,,,,,,,,,,,,Linibox C 8 8.4W 16°x30°,LINIBOX C-08-27C-80-FX-AS-BR-230D,Brown,images/linibox-c/linibox-c-8-brown.jpg,2700K,CRI>80,Phase Dim,IP65,UGR<15.7,Brown · 115 × 46 × 85mm,8.4W,753lm,90lm/W,16°x30°,Installation=images/linibox-c/linibox-c-installation-8.pdf;LDT=images/linibox-c/ldt/LINIBOX_C-08-27C-80-FX-AS.ldt;Brochure=images/linibox-c/linibox-c-brochure.pdf,
Linibox C,,,,,,,,,,,,,,,,,,,Linibox C 8 8.4W 16°x30°,LINIBOX C-08-27C-90-FX-AS-BR-230ND,Brown,images/linibox-c/linibox-c-8-brown.jpg,2700K,CRI>90,On/Off,IP65,UGR<15.7,Brown · 115 × 46 × 85mm,8.4W,611lm,73lm/W,16°x30°,Installation=images/linibox-c/linibox-c-installation-8.pdf;LDT=images/linibox-c/ldt/LINIBOX_C-08-27C-90-FX-AS.ldt;Brochure=images/linibox-c/linibox-c-brochure.pdf,
Linibox C,,,,,,,,,,,,,,,,,,,Linibox C 8 8.4W 16°x30°,LINIBOX C-08-27C-90-FX-AS-BR-230D,Brown,images/linibox-c/linibox-c-8-brown.jpg,2700K,CRI>90,Phase Dim,IP65,UGR<15.7,Brown · 115 × 46 × 85mm,8.4W,611lm,73lm/W,16°x30°,Installation=images/linibox-c/linibox-c-installation-8.pdf;LDT=images/linibox-c/ldt/LINIBOX_C-08-27C-90-FX-AS.ldt;Brochure=images/linibox-c/linibox-c-brochure.pdf,
Linibox C,,,,,,,,,,,,,,,,,,,Linibox C 8 8.4W 16°x30°,LINIBOX C-08-30C-80-FX-AS-BR-230ND,Brown,images/linibox-c/linibox-c-8-brown.jpg,3000K,CRI>80,On/Off,IP65,UGR<15.7,Brown · 115 × 46 × 85mm,8.4W,795lm,95lm/W,16°x30°,Installation=images/linibox-c/linibox-c-installation-8.pdf;LDT=images/linibox-c/ldt/LINIBOX_C-08-30C-80-FX-AS.ldt;Brochure=images/linibox-c/linibox-c-brochure.pdf,
Linibox C,,,,,,,,,,,,,,,,,,,Linibox C 8 8.4W 16°x30°,LINIBOX C-08-30C-80-FX-AS-BR-230D,Brown,images/linibox-c/linibox-c-8-brown.jpg,3000K,CRI>80,Phase Dim,IP65,UGR<15.7,Brown · 115 × 46 × 85mm,8.4W,795lm,95lm/W,16°x30°,Installation=images/linibox-c/linibox-c-installation-8.pdf;LDT=images/linibox-c/ldt/LINIBOX_C-08-30C-80-FX-AS.ldt;Brochure=images/linibox-c/linibox-c-brochure.pdf,
Linibox C,,,,,,,,,,,,,,,,,,,Linibox C 8 8.4W 16°x30°,LINIBOX C-08-30C-90-FX-AS-BR-230ND,Brown,images/linibox-c/linibox-c-8-brown.jpg,3000K,CRI>90,On/Off,IP65,UGR<15.7,Brown · 115 × 46 × 85mm,8.4W,696lm,83lm/W,16°x30°,Installation=images/linibox-c/linibox-c-installation-8.pdf;LDT=images/linibox-c/ldt/LINIBOX_C-08-30C-90-FX-AS.ldt;Brochure=images/linibox-c/linibox-c-brochure.pdf,
Linibox C,,,,,,,,,,,,,,,,,,,Linibox C 8 8.4W 16°x30°,LINIBOX C-08-30C-90-FX-AS-BR-230D,Brown,images/linibox-c/linibox-c-8-brown.jpg,3000K,CRI>90,Phase Dim,IP65,UGR<15.7,Brown · 115 × 46 × 85mm,8.4W,696lm,83lm/W,16°x30°,Installation=images/linibox-c/linibox-c-installation-8.pdf;LDT=images/linibox-c/ldt/LINIBOX_C-08-30C-90-FX-AS.ldt;Brochure=images/linibox-c/linibox-c-brochure.pdf,
Linibox C,,,,,,,,,,,,,,,,,,,Linibox C 8 8.4W 16°x30°,LINIBOX C-08-40C-80-FX-AS-BR-230ND,Brown,images/linibox-c/linibox-c-8-brown.jpg,4000K,CRI>80,On/Off,IP65,UGR<15.7,Brown · 115 × 46 × 85mm,8.4W,838lm,100lm/W,16°x30°,Installation=images/linibox-c/linibox-c-installation-8.pdf;LDT=images/linibox-c/ldt/LINIBOX_C-08-40C-80-FX-AS.ldt;Brochure=images/linibox-c/linibox-c-brochure.pdf,
Linibox C,,,,,,,,,,,,,,,,,,,Linibox C 8 8.4W 16°x30°,LINIBOX C-08-40C-80-FX-AS-BR-230D,Brown,images/linibox-c/linibox-c-8-brown.jpg,4000K,CRI>80,Phase Dim,IP65,UGR<15.7,Brown · 115 × 46 × 85mm,8.4W,838lm,100lm/W,16°x30°,Installation=images/linibox-c/linibox-c-installation-8.pdf;LDT=images/linibox-c/ldt/LINIBOX_C-08-40C-80-FX-AS.ldt;Brochure=images/linibox-c/linibox-c-brochure.pdf,
Linibox C,,,,,,,,,,,,,,,,,,,Linibox C 8 8.4W 16°x30°,LINIBOX C-08-40C-90-FX-AS-BR-230ND,Brown,images/linibox-c/linibox-c-8-brown.jpg,4000K,CRI>90,On/Off,IP65,UGR<15.7,Brown · 115 × 46 × 85mm,8.4W,753lm,90lm/W,16°x30°,Installation=images/linibox-c/linibox-c-installation-8.pdf;LDT=images/linibox-c/ldt/LINIBOX_C-08-40C-90-FX-AS.ldt;Brochure=images/linibox-c/linibox-c-brochure.pdf,
Linibox C,,,,,,,,,,,,,,,,,,,Linibox C 8 8.4W 16°x30°,LINIBOX C-08-40C-90-FX-AS-BR-230D,Brown,images/linibox-c/linibox-c-8-brown.jpg,4000K,CRI>90,Phase Dim,IP65,UGR<15.7,Brown · 115 × 46 × 85mm,8.4W,753lm,90lm/W,16°x30°,Installation=images/linibox-c/linibox-c-installation-8.pdf;LDT=images/linibox-c/ldt/LINIBOX_C-08-40C-90-FX-AS.ldt;Brochure=images/linibox-c/linibox-c-brochure.pdf,
Linibox C,,,,,,,,,,,,,,,,,,,Linibox C 8 8.4W 16°x30°,LINIBOX C-08-50C-80-FX-AS-BR-230ND,Brown,images/linibox-c/linibox-c-8-brown.jpg,5000K,CRI>80,On/Off,IP65,UGR<15.7,Brown · 115 × 46 × 85mm,8.4W,923lm,110lm/W,16°x30°,Installation=images/linibox-c/linibox-c-installation-8.pdf;LDT=images/linibox-c/ldt/LINIBOX_C-08-50C-80-FX-AS.ldt;Brochure=images/linibox-c/linibox-c-brochure.pdf,
Linibox C,,,,,,,,,,,,,,,,,,,Linibox C 8 8.4W 16°x30°,LINIBOX C-08-50C-80-FX-AS-BR-230D,Brown,images/linibox-c/linibox-c-8-brown.jpg,5000K,CRI>80,Phase Dim,IP65,UGR<15.7,Brown · 115 × 46 × 85mm,8.4W,923lm,110lm/W,16°x30°,Installation=images/linibox-c/linibox-c-installation-8.pdf;LDT=images/linibox-c/ldt/LINIBOX_C-08-50C-80-FX-AS.ldt;Brochure=images/linibox-c/linibox-c-brochure.pdf,
Linibox C,,,,,,,,,,,,,,,,,,,Linibox C 8 8.4W 16°x30°,LINIBOX C-08-50C-90-FX-AS-BR-230ND,Brown,images/linibox-c/linibox-c-8-brown.jpg,5000K,CRI>90,On/Off,IP65,UGR<15.7,Brown · 115 × 46 × 85mm,8.4W,799lm,95lm/W,16°x30°,Installation=images/linibox-c/linibox-c-installation-8.pdf;LDT=images/linibox-c/ldt/LINIBOX_C-08-50C-90-FX-AS.ldt;Brochure=images/linibox-c/linibox-c-brochure.pdf,
Linibox C,,,,,,,,,,,,,,,,,,,Linibox C 8 8.4W 16°x30°,LINIBOX C-08-50C-90-FX-AS-BR-230D,Brown,images/linibox-c/linibox-c-8-brown.jpg,5000K,CRI>90,Phase Dim,IP65,UGR<15.7,Brown · 115 × 46 × 85mm,8.4W,799lm,95lm/W,16°x30°,Installation=images/linibox-c/linibox-c-installation-8.pdf;LDT=images/linibox-c/ldt/LINIBOX_C-08-50C-90-FX-AS.ldt;Brochure=images/linibox-c/linibox-c-brochure.pdf,
Linibox C,,,,,,,,,,,,,,,,,,,Linibox C 13 12.7W 17°,LINIBOX C-13-27C-80-FX-VN-BR-230ND,Brown,images/linibox-c/linibox-c-13-brown.jpg,2700K,CRI>80,On/Off,IP65,UGR<13.7,Brown · 160 × 46 × 85mm,12.7W,1129lm,89lm/W,17°,Installation=images/linibox-c/linibox-c-installation-13.pdf;LDT=images/linibox-c/ldt/LINIBOX_C-13-27C-80-FX-VN.ldt;Brochure=images/linibox-c/linibox-c-brochure.pdf,
Linibox C,,,,,,,,,,,,,,,,,,,Linibox C 13 12.7W 17°,LINIBOX C-13-27C-80-FX-VN-BR-230D,Brown,images/linibox-c/linibox-c-13-brown.jpg,2700K,CRI>80,Phase Dim,IP65,UGR<13.7,Brown · 160 × 46 × 85mm,12.7W,1129lm,89lm/W,17°,Installation=images/linibox-c/linibox-c-installation-13.pdf;LDT=images/linibox-c/ldt/LINIBOX_C-13-27C-80-FX-VN.ldt;Brochure=images/linibox-c/linibox-c-brochure.pdf,
Linibox C,,,,,,,,,,,,,,,,,,,Linibox C 13 12.7W 17°,LINIBOX C-13-27C-90-FX-VN-BR-230ND,Brown,images/linibox-c/linibox-c-13-brown.jpg,2700K,CRI>90,On/Off,IP65,UGR<13.7,Brown · 160 × 46 × 85mm,12.7W,916lm,72lm/W,17°,Installation=images/linibox-c/linibox-c-installation-13.pdf;LDT=images/linibox-c/ldt/LINIBOX_C-13-27C-90-FX-VN.ldt;Brochure=images/linibox-c/linibox-c-brochure.pdf,
Linibox C,,,,,,,,,,,,,,,,,,,Linibox C 13 12.7W 17°,LINIBOX C-13-27C-90-FX-VN-BR-230D,Brown,images/linibox-c/linibox-c-13-brown.jpg,2700K,CRI>90,Phase Dim,IP65,UGR<13.7,Brown · 160 × 46 × 85mm,12.7W,916lm,72lm/W,17°,Installation=images/linibox-c/linibox-c-installation-13.pdf;LDT=images/linibox-c/ldt/LINIBOX_C-13-27C-90-FX-VN.ldt;Brochure=images/linibox-c/linibox-c-brochure.pdf,
Linibox C,,,,,,,,,,,,,,,,,,,Linibox C 13 12.7W 17°,LINIBOX C-13-30C-80-FX-VN-BR-230ND,Brown,images/linibox-c/linibox-c-13-brown.jpg,3000K,CRI>80,On/Off,IP65,UGR<13.7,Brown · 160 × 46 × 85mm,12.7W,1193lm,94lm/W,17°,Installation=images/linibox-c/linibox-c-installation-13.pdf;LDT=images/linibox-c/ldt/LINIBOX_C-13-30C-80-FX-VN.ldt;Brochure=images/linibox-c/linibox-c-brochure.pdf,
Linibox C,,,,,,,,,,,,,,,,,,,Linibox C 13 12.7W 17°,LINIBOX C-13-30C-80-FX-VN-BR-230D,Brown,images/linibox-c/linibox-c-13-brown.jpg,3000K,CRI>80,Phase Dim,IP65,UGR<13.7,Brown · 160 × 46 × 85mm,12.7W,1193lm,94lm/W,17°,Installation=images/linibox-c/linibox-c-installation-13.pdf;LDT=images/linibox-c/ldt/LINIBOX_C-13-30C-80-FX-VN.ldt;Brochure=images/linibox-c/linibox-c-brochure.pdf,
Linibox C,,,,,,,,,,,,,,,,,,,Linibox C 13 12.7W 17°,LINIBOX C-13-30C-90-FX-VN-BR-230ND,Brown,images/linibox-c/linibox-c-13-brown.jpg,3000K,CRI>90,On/Off,IP65,UGR<13.7,Brown · 160 × 46 × 85mm,12.7W,1044lm,82lm/W,17°,Installation=images/linibox-c/linibox-c-installation-13.pdf;LDT=images/linibox-c/ldt/LINIBOX_C-13-30C-90-FX-VN.ldt;Brochure=images/linibox-c/linibox-c-brochure.pdf,
Linibox C,,,,,,,,,,,,,,,,,,,Linibox C 13 12.7W 17°,LINIBOX C-13-30C-90-FX-VN-BR-230D,Brown,images/linibox-c/linibox-c-13-brown.jpg,3000K,CRI>90,Phase Dim,IP65,UGR<13.7,Brown · 160 × 46 × 85mm,12.7W,1044lm,82lm/W,17°,Installation=images/linibox-c/linibox-c-installation-13.pdf;LDT=images/linibox-c/ldt/LINIBOX_C-13-30C-90-FX-VN.ldt;Brochure=images/linibox-c/linibox-c-brochure.pdf,
Linibox C,,,,,,,,,,,,,,,,,,,Linibox C 13 12.7W 17°,LINIBOX C-13-40C-80-FX-VN-BR-230ND,Brown,images/linibox-c/linibox-c-13-brown.jpg,4000K,CRI>80,On/Off,IP65,UGR<13.7,Brown · 160 × 46 × 85mm,12.7W,1257lm,99lm/W,17°,Installation=images/linibox-c/linibox-c-installation-13.pdf;LDT=images/linibox-c/ldt/LINIBOX_C-13-40C-80-FX-VN.ldt;Brochure=images/linibox-c/linibox-c-brochure.pdf,
Linibox C,,,,,,,,,,,,,,,,,,,Linibox C 13 12.7W 17°,LINIBOX C-13-40C-80-FX-VN-BR-230D,Brown,images/linibox-c/linibox-c-13-brown.jpg,4000K,CRI>80,Phase Dim,IP65,UGR<13.7,Brown · 160 × 46 × 85mm,12.7W,1257lm,99lm/W,17°,Installation=images/linibox-c/linibox-c-installation-13.pdf;LDT=images/linibox-c/ldt/LINIBOX_C-13-40C-80-FX-VN.ldt;Brochure=images/linibox-c/linibox-c-brochure.pdf,
Linibox C,,,,,,,,,,,,,,,,,,,Linibox C 13 12.7W 17°,LINIBOX C-13-40C-90-FX-VN-BR-230ND,Brown,images/linibox-c/linibox-c-13-brown.jpg,4000K,CRI>90,On/Off,IP65,UGR<13.7,Brown · 160 × 46 × 85mm,12.7W,1129lm,89lm/W,17°,Installation=images/linibox-c/linibox-c-installation-13.pdf;LDT=images/linibox-c/ldt/LINIBOX_C-13-40C-90-FX-VN.ldt;Brochure=images/linibox-c/linibox-c-brochure.pdf,
Linibox C,,,,,,,,,,,,,,,,,,,Linibox C 13 12.7W 17°,LINIBOX C-13-40C-90-FX-VN-BR-230D,Brown,images/linibox-c/linibox-c-13-brown.jpg,4000K,CRI>90,Phase Dim,IP65,UGR<13.7,Brown · 160 × 46 × 85mm,12.7W,1129lm,89lm/W,17°,Installation=images/linibox-c/linibox-c-installation-13.pdf;LDT=images/linibox-c/ldt/LINIBOX_C-13-40C-90-FX-VN.ldt;Brochure=images/linibox-c/linibox-c-brochure.pdf,
Linibox C,,,,,,,,,,,,,,,,,,,Linibox C 13 12.7W 17°,LINIBOX C-13-50C-80-FX-VN-BR-230ND,Brown,images/linibox-c/linibox-c-13-brown.jpg,5000K,CRI>80,On/Off,IP65,UGR<13.7,Brown · 160 × 46 × 85mm,12.7W,1385lm,109lm/W,17°,Installation=images/linibox-c/linibox-c-installation-13.pdf;LDT=images/linibox-c/ldt/LINIBOX_C-13-50C-80-FX-VN.ldt;Brochure=images/linibox-c/linibox-c-brochure.pdf,
Linibox C,,,,,,,,,,,,,,,,,,,Linibox C 13 12.7W 17°,LINIBOX C-13-50C-80-FX-VN-BR-230D,Brown,images/linibox-c/linibox-c-13-brown.jpg,5000K,CRI>80,Phase Dim,IP65,UGR<13.7,Brown · 160 × 46 × 85mm,12.7W,1385lm,109lm/W,17°,Installation=images/linibox-c/linibox-c-installation-13.pdf;LDT=images/linibox-c/ldt/LINIBOX_C-13-50C-80-FX-VN.ldt;Brochure=images/linibox-c/linibox-c-brochure.pdf,
Linibox C,,,,,,,,,,,,,,,,,,,Linibox C 13 12.7W 17°,LINIBOX C-13-50C-90-FX-VN-BR-230ND,Brown,images/linibox-c/linibox-c-13-brown.jpg,5000K,CRI>90,On/Off,IP65,UGR<13.7,Brown · 160 × 46 × 85mm,12.7W,1200lm,94lm/W,17°,Installation=images/linibox-c/linibox-c-installation-13.pdf;LDT=images/linibox-c/ldt/LINIBOX_C-13-50C-90-FX-VN.ldt;Brochure=images/linibox-c/linibox-c-brochure.pdf,
Linibox C,,,,,,,,,,,,,,,,,,,Linibox C 13 12.7W 17°,LINIBOX C-13-50C-90-FX-VN-BR-230D,Brown,images/linibox-c/linibox-c-13-brown.jpg,5000K,CRI>90,Phase Dim,IP65,UGR<13.7,Brown · 160 × 46 × 85mm,12.7W,1200lm,94lm/W,17°,Installation=images/linibox-c/linibox-c-installation-13.pdf;LDT=images/linibox-c/ldt/LINIBOX_C-13-50C-90-FX-VN.ldt;Brochure=images/linibox-c/linibox-c-brochure.pdf,
Linibox C,,,,,,,,,,,,,,,,,,,Linibox C 13 12.7W 21°,LINIBOX C-13-27C-80-FX-NR-BR-230ND,Brown,images/linibox-c/linibox-c-13-brown.jpg,2700K,CRI>80,On/Off,IP65,UGR<13.1,Brown · 160 × 46 × 85mm,12.7W,1367lm,108lm/W,21°,Installation=images/linibox-c/linibox-c-installation-13.pdf;LDT=images/linibox-c/ldt/LINIBOX_C-13-27C-80-FX-NR.ldt;Brochure=images/linibox-c/linibox-c-brochure.pdf,
Linibox C,,,,,,,,,,,,,,,,,,,Linibox C 13 12.7W 21°,LINIBOX C-13-27C-80-FX-NR-BR-230D,Brown,images/linibox-c/linibox-c-13-brown.jpg,2700K,CRI>80,Phase Dim,IP65,UGR<13.1,Brown · 160 × 46 × 85mm,12.7W,1367lm,108lm/W,21°,Installation=images/linibox-c/linibox-c-installation-13.pdf;LDT=images/linibox-c/ldt/LINIBOX_C-13-27C-80-FX-NR.ldt;Brochure=images/linibox-c/linibox-c-brochure.pdf,
Linibox C,,,,,,,,,,,,,,,,,,,Linibox C 13 12.7W 21°,LINIBOX C-13-27C-90-FX-NR-BR-230ND,Brown,images/linibox-c/linibox-c-13-brown.jpg,2700K,CRI>90,On/Off,IP65,UGR<13.1,Brown · 160 × 46 × 85mm,12.7W,1109lm,87lm/W,21°,Installation=images/linibox-c/linibox-c-installation-13.pdf;LDT=images/linibox-c/ldt/LINIBOX_C-13-27C-90-FX-NR.ldt;Brochure=images/linibox-c/linibox-c-brochure.pdf,
Linibox C,,,,,,,,,,,,,,,,,,,Linibox C 13 12.7W 21°,LINIBOX C-13-27C-90-FX-NR-BR-230D,Brown,images/linibox-c/linibox-c-13-brown.jpg,2700K,CRI>90,Phase Dim,IP65,UGR<13.1,Brown · 160 × 46 × 85mm,12.7W,1109lm,87lm/W,21°,Installation=images/linibox-c/linibox-c-installation-13.pdf;LDT=images/linibox-c/ldt/LINIBOX_C-13-27C-90-FX-NR.ldt;Brochure=images/linibox-c/linibox-c-brochure.pdf,
Linibox C,,,,,,,,,,,,,,,,,,,Linibox C 13 12.7W 21°,LINIBOX C-13-30C-80-FX-NR-BR-230ND,Brown,images/linibox-c/linibox-c-13-brown.jpg,3000K,CRI>80,On/Off,IP65,UGR<13.1,Brown · 160 × 46 × 85mm,12.7W,1445lm,114lm/W,21°,Installation=images/linibox-c/linibox-c-installation-13.pdf;LDT=images/linibox-c/ldt/LINIBOX_C-13-30C-80-FX-NR.ldt;Brochure=images/linibox-c/linibox-c-brochure.pdf,
Linibox C,,,,,,,,,,,,,,,,,,,Linibox C 13 12.7W 21°,LINIBOX C-13-30C-80-FX-NR-BR-230D,Brown,images/linibox-c/linibox-c-13-brown.jpg,3000K,CRI>80,Phase Dim,IP65,UGR<13.1,Brown · 160 × 46 × 85mm,12.7W,1445lm,114lm/W,21°,Installation=images/linibox-c/linibox-c-installation-13.pdf;LDT=images/linibox-c/ldt/LINIBOX_C-13-30C-80-FX-NR.ldt;Brochure=images/linibox-c/linibox-c-brochure.pdf,
Linibox C,,,,,,,,,,,,,,,,,,,Linibox C 13 12.7W 21°,LINIBOX C-13-30C-90-FX-NR-BR-230ND,Brown,images/linibox-c/linibox-c-13-brown.jpg,3000K,CRI>90,On/Off,IP65,UGR<13.1,Brown · 160 × 46 × 85mm,12.7W,1264lm,100lm/W,21°,Installation=images/linibox-c/linibox-c-installation-13.pdf;LDT=images/linibox-c/ldt/LINIBOX_C-13-30C-90-FX-NR.ldt;Brochure=images/linibox-c/linibox-c-brochure.pdf,
Linibox C,,,,,,,,,,,,,,,,,,,Linibox C 13 12.7W 21°,LINIBOX C-13-30C-90-FX-NR-BR-230D,Brown,images/linibox-c/linibox-c-13-brown.jpg,3000K,CRI>90,Phase Dim,IP65,UGR<13.1,Brown · 160 × 46 × 85mm,12.7W,1264lm,100lm/W,21°,Installation=images/linibox-c/linibox-c-installation-13.pdf;LDT=images/linibox-c/ldt/LINIBOX_C-13-30C-90-FX-NR.ldt;Brochure=images/linibox-c/linibox-c-brochure.pdf,
Linibox C,,,,,,,,,,,,,,,,,,,Linibox C 13 12.7W 21°,LINIBOX C-13-40C-80-FX-NR-BR-230ND,Brown,images/linibox-c/linibox-c-13-brown.jpg,4000K,CRI>80,On/Off,IP65,UGR<13.1,Brown · 160 × 46 × 85mm,12.7W,1522lm,120lm/W,21°,Installation=images/linibox-c/linibox-c-installation-13.pdf;LDT=images/linibox-c/ldt/LINIBOX_C-13-40C-80-FX-NR.ldt;Brochure=images/linibox-c/linibox-c-brochure.pdf,
Linibox C,,,,,,,,,,,,,,,,,,,Linibox C 13 12.7W 21°,LINIBOX C-13-40C-80-FX-NR-BR-230D,Brown,images/linibox-c/linibox-c-13-brown.jpg,4000K,CRI>80,Phase Dim,IP65,UGR<13.1,Brown · 160 × 46 × 85mm,12.7W,1522lm,120lm/W,21°,Installation=images/linibox-c/linibox-c-installation-13.pdf;LDT=images/linibox-c/ldt/LINIBOX_C-13-40C-80-FX-NR.ldt;Brochure=images/linibox-c/linibox-c-brochure.pdf,
Linibox C,,,,,,,,,,,,,,,,,,,Linibox C 13 12.7W 21°,LINIBOX C-13-40C-90-FX-NR-BR-230ND,Brown,images/linibox-c/linibox-c-13-brown.jpg,4000K,CRI>90,On/Off,IP65,UGR<13.1,Brown · 160 × 46 × 85mm,12.7W,1367lm,108lm/W,21°,Installation=images/linibox-c/linibox-c-installation-13.pdf;LDT=images/linibox-c/ldt/LINIBOX_C-13-40C-90-FX-NR.ldt;Brochure=images/linibox-c/linibox-c-brochure.pdf,
Linibox C,,,,,,,,,,,,,,,,,,,Linibox C 13 12.7W 21°,LINIBOX C-13-40C-90-FX-NR-BR-230D,Brown,images/linibox-c/linibox-c-13-brown.jpg,4000K,CRI>90,Phase Dim,IP65,UGR<13.1,Brown · 160 × 46 × 85mm,12.7W,1367lm,108lm/W,21°,Installation=images/linibox-c/linibox-c-installation-13.pdf;LDT=images/linibox-c/ldt/LINIBOX_C-13-40C-90-FX-NR.ldt;Brochure=images/linibox-c/linibox-c-brochure.pdf,
Linibox C,,,,,,,,,,,,,,,,,,,Linibox C 13 12.7W 21°,LINIBOX C-13-50C-80-FX-NR-BR-230ND,Brown,images/linibox-c/linibox-c-13-brown.jpg,5000K,CRI>80,On/Off,IP65,UGR<13.1,Brown · 160 × 46 × 85mm,12.7W,1677lm,132lm/W,21°,Installation=images/linibox-c/linibox-c-installation-13.pdf;LDT=images/linibox-c/ldt/LINIBOX_C-13-50C-80-FX-NR.ldt;Brochure=images/linibox-c/linibox-c-brochure.pdf,
Linibox C,,,,,,,,,,,,,,,,,,,Linibox C 13 12.7W 21°,LINIBOX C-13-50C-80-FX-NR-BR-230D,Brown,images/linibox-c/linibox-c-13-brown.jpg,5000K,CRI>80,Phase Dim,IP65,UGR<13.1,Brown · 160 × 46 × 85mm,12.7W,1677lm,132lm/W,21°,Installation=images/linibox-c/linibox-c-installation-13.pdf;LDT=images/linibox-c/ldt/LINIBOX_C-13-50C-80-FX-NR.ldt;Brochure=images/linibox-c/linibox-c-brochure.pdf,
Linibox C,,,,,,,,,,,,,,,,,,,Linibox C 13 12.7W 21°,LINIBOX C-13-50C-90-FX-NR-BR-230ND,Brown,images/linibox-c/linibox-c-13-brown.jpg,5000K,CRI>90,On/Off,IP65,UGR<13.1,Brown · 160 × 46 × 85mm,12.7W,1453lm,114lm/W,21°,Installation=images/linibox-c/linibox-c-installation-13.pdf;LDT=images/linibox-c/ldt/LINIBOX_C-13-50C-90-FX-NR.ldt;Brochure=images/linibox-c/linibox-c-brochure.pdf,
Linibox C,,,,,,,,,,,,,,,,,,,Linibox C 13 12.7W 21°,LINIBOX C-13-50C-90-FX-NR-BR-230D,Brown,images/linibox-c/linibox-c-13-brown.jpg,5000K,CRI>90,Phase Dim,IP65,UGR<13.1,Brown · 160 × 46 × 85mm,12.7W,1453lm,114lm/W,21°,Installation=images/linibox-c/linibox-c-installation-13.pdf;LDT=images/linibox-c/ldt/LINIBOX_C-13-50C-90-FX-NR.ldt;Brochure=images/linibox-c/linibox-c-brochure.pdf,
Linibox C,,,,,,,,,,,,,,,,,,,Linibox C 13 12.7W 25°,LINIBOX C-13-27C-80-FX-MD-BR-230ND,Brown,images/linibox-c/linibox-c-13-brown.jpg,2700K,CRI>80,On/Off,IP65,UGR<12.5,Brown · 160 × 46 × 85mm,12.7W,1208lm,95lm/W,25°,Installation=images/linibox-c/linibox-c-installation-13.pdf;LDT=images/linibox-c/ldt/LINIBOX_C-13-27C-80-FX-MD.ldt;Brochure=images/linibox-c/linibox-c-brochure.pdf,
Linibox C,,,,,,,,,,,,,,,,,,,Linibox C 13 12.7W 25°,LINIBOX C-13-27C-80-FX-MD-BR-230D,Brown,images/linibox-c/linibox-c-13-brown.jpg,2700K,CRI>80,Phase Dim,IP65,UGR<12.5,Brown · 160 × 46 × 85mm,12.7W,1208lm,95lm/W,25°,Installation=images/linibox-c/linibox-c-installation-13.pdf;LDT=images/linibox-c/ldt/LINIBOX_C-13-27C-80-FX-MD.ldt;Brochure=images/linibox-c/linibox-c-brochure.pdf,
Linibox C,,,,,,,,,,,,,,,,,,,Linibox C 13 12.7W 25°,LINIBOX C-13-27C-90-FX-MD-BR-230ND,Brown,images/linibox-c/linibox-c-13-brown.jpg,2700K,CRI>90,On/Off,IP65,UGR<12.5,Brown · 160 × 46 × 85mm,12.7W,980lm,77lm/W,25°,Installation=images/linibox-c/linibox-c-installation-13.pdf;LDT=images/linibox-c/ldt/LINIBOX_C-13-27C-90-FX-MD.ldt;Brochure=images/linibox-c/linibox-c-brochure.pdf,
Linibox C,,,,,,,,,,,,,,,,,,,Linibox C 13 12.7W 25°,LINIBOX C-13-27C-90-FX-MD-BR-230D,Brown,images/linibox-c/linibox-c-13-brown.jpg,2700K,CRI>90,Phase Dim,IP65,UGR<12.5,Brown · 160 × 46 × 85mm,12.7W,980lm,77lm/W,25°,Installation=images/linibox-c/linibox-c-installation-13.pdf;LDT=images/linibox-c/ldt/LINIBOX_C-13-27C-90-FX-MD.ldt;Brochure=images/linibox-c/linibox-c-brochure.pdf,
Linibox C,,,,,,,,,,,,,,,,,,,Linibox C 13 12.7W 25°,LINIBOX C-13-30C-80-FX-MD-BR-230ND,Brown,images/linibox-c/linibox-c-13-brown.jpg,3000K,CRI>80,On/Off,IP65,UGR<12.5,Brown · 160 × 46 × 85mm,12.7W,1277lm,101lm/W,25°,Installation=images/linibox-c/linibox-c-installation-13.pdf;LDT=images/linibox-c/ldt/LINIBOX_C-13-30C-80-FX-MD.ldt;Brochure=images/linibox-c/linibox-c-brochure.pdf,
Linibox C,,,,,,,,,,,,,,,,,,,Linibox C 13 12.7W 25°,LINIBOX C-13-30C-80-FX-MD-BR-230D,Brown,images/linibox-c/linibox-c-13-brown.jpg,3000K,CRI>80,Phase Dim,IP65,UGR<12.5,Brown · 160 × 46 × 85mm,12.7W,1277lm,101lm/W,25°,Installation=images/linibox-c/linibox-c-installation-13.pdf;LDT=images/linibox-c/ldt/LINIBOX_C-13-30C-80-FX-MD.ldt;Brochure=images/linibox-c/linibox-c-brochure.pdf,
Linibox C,,,,,,,,,,,,,,,,,,,Linibox C 13 12.7W 25°,LINIBOX C-13-30C-90-FX-MD-BR-230ND,Brown,images/linibox-c/linibox-c-13-brown.jpg,3000K,CRI>90,On/Off,IP65,UGR<12.5,Brown · 160 × 46 × 85mm,12.7W,1117lm,88lm/W,25°,Installation=images/linibox-c/linibox-c-installation-13.pdf;LDT=images/linibox-c/ldt/LINIBOX_C-13-30C-90-FX-MD.ldt;Brochure=images/linibox-c/linibox-c-brochure.pdf,
Linibox C,,,,,,,,,,,,,,,,,,,Linibox C 13 12.7W 25°,LINIBOX C-13-30C-90-FX-MD-BR-230D,Brown,images/linibox-c/linibox-c-13-brown.jpg,3000K,CRI>90,Phase Dim,IP65,UGR<12.5,Brown · 160 × 46 × 85mm,12.7W,1117lm,88lm/W,25°,Installation=images/linibox-c/linibox-c-installation-13.pdf;LDT=images/linibox-c/ldt/LINIBOX_C-13-30C-90-FX-MD.ldt;Brochure=images/linibox-c/linibox-c-brochure.pdf,
Linibox C,,,,,,,,,,,,,,,,,,,Linibox C 13 12.7W 25°,LINIBOX C-13-40C-80-FX-MD-BR-230ND,Brown,images/linibox-c/linibox-c-13-brown.jpg,4000K,CRI>80,On/Off,IP65,UGR<12.5,Brown · 160 × 46 × 85mm,12.7W,1345lm,106lm/W,25°,Installation=images/linibox-c/linibox-c-installation-13.pdf;LDT=images/linibox-c/ldt/LINIBOX_C-13-40C-80-FX-MD.ldt;Brochure=images/linibox-c/linibox-c-brochure.pdf,
Linibox C,,,,,,,,,,,,,,,,,,,Linibox C 13 12.7W 25°,LINIBOX C-13-40C-80-FX-MD-BR-230D,Brown,images/linibox-c/linibox-c-13-brown.jpg,4000K,CRI>80,Phase Dim,IP65,UGR<12.5,Brown · 160 × 46 × 85mm,12.7W,1345lm,106lm/W,25°,Installation=images/linibox-c/linibox-c-installation-13.pdf;LDT=images/linibox-c/ldt/LINIBOX_C-13-40C-80-FX-MD.ldt;Brochure=images/linibox-c/linibox-c-brochure.pdf,
Linibox C,,,,,,,,,,,,,,,,,,,Linibox C 13 12.7W 25°,LINIBOX C-13-40C-90-FX-MD-BR-230ND,Brown,images/linibox-c/linibox-c-13-brown.jpg,4000K,CRI>90,On/Off,IP65,UGR<12.5,Brown · 160 × 46 × 85mm,12.7W,1209lm,95lm/W,25°,Installation=images/linibox-c/linibox-c-installation-13.pdf;LDT=images/linibox-c/ldt/LINIBOX_C-13-40C-90-FX-MD.ldt;Brochure=images/linibox-c/linibox-c-brochure.pdf,
Linibox C,,,,,,,,,,,,,,,,,,,Linibox C 13 12.7W 25°,LINIBOX C-13-40C-90-FX-MD-BR-230D,Brown,images/linibox-c/linibox-c-13-brown.jpg,4000K,CRI>90,Phase Dim,IP65,UGR<12.5,Brown · 160 × 46 × 85mm,12.7W,1209lm,95lm/W,25°,Installation=images/linibox-c/linibox-c-installation-13.pdf;LDT=images/linibox-c/ldt/LINIBOX_C-13-40C-90-FX-MD.ldt;Brochure=images/linibox-c/linibox-c-brochure.pdf,
Linibox C,,,,,,,,,,,,,,,,,,,Linibox C 13 12.7W 25°,LINIBOX C-13-50C-80-FX-MD-BR-230ND,Brown,images/linibox-c/linibox-c-13-brown.jpg,5000K,CRI>80,On/Off,IP65,UGR<12.5,Brown · 160 × 46 × 85mm,12.7W,1482lm,117lm/W,25°,Installation=images/linibox-c/linibox-c-installation-13.pdf;LDT=images/linibox-c/ldt/LINIBOX_C-13-50C-80-FX-MD.ldt;Brochure=images/linibox-c/linibox-c-brochure.pdf,
Linibox C,,,,,,,,,,,,,,,,,,,Linibox C 13 12.7W 25°,LINIBOX C-13-50C-80-FX-MD-BR-230D,Brown,images/linibox-c/linibox-c-13-brown.jpg,5000K,CRI>80,Phase Dim,IP65,UGR<12.5,Brown · 160 × 46 × 85mm,12.7W,1482lm,117lm/W,25°,Installation=images/linibox-c/linibox-c-installation-13.pdf;LDT=images/linibox-c/ldt/LINIBOX_C-13-50C-80-FX-MD.ldt;Brochure=images/linibox-c/linibox-c-brochure.pdf,
Linibox C,,,,,,,,,,,,,,,,,,,Linibox C 13 12.7W 25°,LINIBOX C-13-50C-90-FX-MD-BR-230ND,Brown,images/linibox-c/linibox-c-13-brown.jpg,5000K,CRI>90,On/Off,IP65,UGR<12.5,Brown · 160 × 46 × 85mm,12.7W,1284lm,101lm/W,25°,Installation=images/linibox-c/linibox-c-installation-13.pdf;LDT=images/linibox-c/ldt/LINIBOX_C-13-50C-90-FX-MD.ldt;Brochure=images/linibox-c/linibox-c-brochure.pdf,
Linibox C,,,,,,,,,,,,,,,,,,,Linibox C 13 12.7W 25°,LINIBOX C-13-50C-90-FX-MD-BR-230D,Brown,images/linibox-c/linibox-c-13-brown.jpg,5000K,CRI>90,Phase Dim,IP65,UGR<12.5,Brown · 160 × 46 × 85mm,12.7W,1284lm,101lm/W,25°,Installation=images/linibox-c/linibox-c-installation-13.pdf;LDT=images/linibox-c/ldt/LINIBOX_C-13-50C-90-FX-MD.ldt;Brochure=images/linibox-c/linibox-c-brochure.pdf,
Linibox C,,,,,,,,,,,,,,,,,,,Linibox C 13 12.7W 35°,LINIBOX C-13-27C-80-FX-WD-BR-230ND,Brown,images/linibox-c/linibox-c-13-brown.jpg,2700K,CRI>80,On/Off,IP65,UGR<20.6,Brown · 160 × 46 × 85mm,12.7W,1224lm,96lm/W,35°,Installation=images/linibox-c/linibox-c-installation-13.pdf;LDT=images/linibox-c/ldt/LINIBOX_C-13-27C-80-FX-WD.ldt;Brochure=images/linibox-c/linibox-c-brochure.pdf,
Linibox C,,,,,,,,,,,,,,,,,,,Linibox C 13 12.7W 35°,LINIBOX C-13-27C-80-FX-WD-BR-230D,Brown,images/linibox-c/linibox-c-13-brown.jpg,2700K,CRI>80,Phase Dim,IP65,UGR<20.6,Brown · 160 × 46 × 85mm,12.7W,1224lm,96lm/W,35°,Installation=images/linibox-c/linibox-c-installation-13.pdf;LDT=images/linibox-c/ldt/LINIBOX_C-13-27C-80-FX-WD.ldt;Brochure=images/linibox-c/linibox-c-brochure.pdf,
Linibox C,,,,,,,,,,,,,,,,,,,Linibox C 13 12.7W 35°,LINIBOX C-13-27C-90-FX-WD-BR-230ND,Brown,images/linibox-c/linibox-c-13-brown.jpg,2700K,CRI>90,On/Off,IP65,UGR<20.6,Brown · 160 × 46 × 85mm,12.7W,993lm,78lm/W,35°,Installation=images/linibox-c/linibox-c-installation-13.pdf;LDT=images/linibox-c/ldt/LINIBOX_C-13-27C-90-FX-WD.ldt;Brochure=images/linibox-c/linibox-c-brochure.pdf,
Linibox C,,,,,,,,,,,,,,,,,,,Linibox C 13 12.7W 35°,LINIBOX C-13-27C-90-FX-WD-BR-230D,Brown,images/linibox-c/linibox-c-13-brown.jpg,2700K,CRI>90,Phase Dim,IP65,UGR<20.6,Brown · 160 × 46 × 85mm,12.7W,993lm,78lm/W,35°,Installation=images/linibox-c/linibox-c-installation-13.pdf;LDT=images/linibox-c/ldt/LINIBOX_C-13-27C-90-FX-WD.ldt;Brochure=images/linibox-c/linibox-c-brochure.pdf,
Linibox C,,,,,,,,,,,,,,,,,,,Linibox C 13 12.7W 35°,LINIBOX C-13-30C-80-FX-WD-BR-230ND,Brown,images/linibox-c/linibox-c-13-brown.jpg,3000K,CRI>80,On/Off,IP65,UGR<20.6,Brown · 160 × 46 × 85mm,12.7W,1294lm,102lm/W,35°,Installation=images/linibox-c/linibox-c-installation-13.pdf;LDT=images/linibox-c/ldt/LINIBOX_C-13-30C-80-FX-WD.ldt;Brochure=images/linibox-c/linibox-c-brochure.pdf,
Linibox C,,,,,,,,,,,,,,,,,,,Linibox C 13 12.7W 35°,LINIBOX C-13-30C-80-FX-WD-BR-230D,Brown,images/linibox-c/linibox-c-13-brown.jpg,3000K,CRI>80,Phase Dim,IP65,UGR<20.6,Brown · 160 × 46 × 85mm,12.7W,1294lm,102lm/W,35°,Installation=images/linibox-c/linibox-c-installation-13.pdf;LDT=images/linibox-c/ldt/LINIBOX_C-13-30C-80-FX-WD.ldt;Brochure=images/linibox-c/linibox-c-brochure.pdf,
Linibox C,,,,,,,,,,,,,,,,,,,Linibox C 13 12.7W 35°,LINIBOX C-13-30C-90-FX-WD-BR-230ND,Brown,images/linibox-c/linibox-c-13-brown.jpg,3000K,CRI>90,On/Off,IP65,UGR<20.6,Brown · 160 × 46 × 85mm,12.7W,1132lm,89lm/W,35°,Installation=images/linibox-c/linibox-c-installation-13.pdf;LDT=images/linibox-c/ldt/LINIBOX_C-13-30C-90-FX-WD.ldt;Brochure=images/linibox-c/linibox-c-brochure.pdf,
Linibox C,,,,,,,,,,,,,,,,,,,Linibox C 13 12.7W 35°,LINIBOX C-13-30C-90-FX-WD-BR-230D,Brown,images/linibox-c/linibox-c-13-brown.jpg,3000K,CRI>90,Phase Dim,IP65,UGR<20.6,Brown · 160 × 46 × 85mm,12.7W,1132lm,89lm/W,35°,Installation=images/linibox-c/linibox-c-installation-13.pdf;LDT=images/linibox-c/ldt/LINIBOX_C-13-30C-90-FX-WD.ldt;Brochure=images/linibox-c/linibox-c-brochure.pdf,
Linibox C,,,,,,,,,,,,,,,,,,,Linibox C 13 12.7W 35°,LINIBOX C-13-40C-80-FX-WD-BR-230ND,Brown,images/linibox-c/linibox-c-13-brown.jpg,4000K,CRI>80,On/Off,IP65,UGR<20.6,Brown · 160 × 46 × 85mm,12.7W,1363lm,107lm/W,35°,Installation=images/linibox-c/linibox-c-installation-13.pdf;LDT=images/linibox-c/ldt/LINIBOX_C-13-40C-80-FX-WD.ldt;Brochure=images/linibox-c/linibox-c-brochure.pdf,
Linibox C,,,,,,,,,,,,,,,,,,,Linibox C 13 12.7W 35°,LINIBOX C-13-40C-80-FX-WD-BR-230D,Brown,images/linibox-c/linibox-c-13-brown.jpg,4000K,CRI>80,Phase Dim,IP65,UGR<20.6,Brown · 160 × 46 × 85mm,12.7W,1363lm,107lm/W,35°,Installation=images/linibox-c/linibox-c-installation-13.pdf;LDT=images/linibox-c/ldt/LINIBOX_C-13-40C-80-FX-WD.ldt;Brochure=images/linibox-c/linibox-c-brochure.pdf,
Linibox C,,,,,,,,,,,,,,,,,,,Linibox C 13 12.7W 35°,LINIBOX C-13-40C-90-FX-WD-BR-230ND,Brown,images/linibox-c/linibox-c-13-brown.jpg,4000K,CRI>90,On/Off,IP65,UGR<20.6,Brown · 160 × 46 × 85mm,12.7W,1224lm,96lm/W,35°,Installation=images/linibox-c/linibox-c-installation-13.pdf;LDT=images/linibox-c/ldt/LINIBOX_C-13-40C-90-FX-WD.ldt;Brochure=images/linibox-c/linibox-c-brochure.pdf,
Linibox C,,,,,,,,,,,,,,,,,,,Linibox C 13 12.7W 35°,LINIBOX C-13-40C-90-FX-WD-BR-230D,Brown,images/linibox-c/linibox-c-13-brown.jpg,4000K,CRI>90,Phase Dim,IP65,UGR<20.6,Brown · 160 × 46 × 85mm,12.7W,1224lm,96lm/W,35°,Installation=images/linibox-c/linibox-c-installation-13.pdf;LDT=images/linibox-c/ldt/LINIBOX_C-13-40C-90-FX-WD.ldt;Brochure=images/linibox-c/linibox-c-brochure.pdf,
Linibox C,,,,,,,,,,,,,,,,,,,Linibox C 13 12.7W 35°,LINIBOX C-13-50C-80-FX-WD-BR-230ND,Brown,images/linibox-c/linibox-c-13-brown.jpg,5000K,CRI>80,On/Off,IP65,UGR<20.6,Brown · 160 × 46 × 85mm,12.7W,1502lm,118lm/W,35°,Installation=images/linibox-c/linibox-c-installation-13.pdf;LDT=images/linibox-c/ldt/LINIBOX_C-13-50C-80-FX-WD.ldt;Brochure=images/linibox-c/linibox-c-brochure.pdf,
Linibox C,,,,,,,,,,,,,,,,,,,Linibox C 13 12.7W 35°,LINIBOX C-13-50C-80-FX-WD-BR-230D,Brown,images/linibox-c/linibox-c-13-brown.jpg,5000K,CRI>80,Phase Dim,IP65,UGR<20.6,Brown · 160 × 46 × 85mm,12.7W,1502lm,118lm/W,35°,Installation=images/linibox-c/linibox-c-installation-13.pdf;LDT=images/linibox-c/ldt/LINIBOX_C-13-50C-80-FX-WD.ldt;Brochure=images/linibox-c/linibox-c-brochure.pdf,
Linibox C,,,,,,,,,,,,,,,,,,,Linibox C 13 12.7W 35°,LINIBOX C-13-50C-90-FX-WD-BR-230ND,Brown,images/linibox-c/linibox-c-13-brown.jpg,5000K,CRI>90,On/Off,IP65,UGR<20.6,Brown · 160 × 46 × 85mm,12.7W,1301lm,102lm/W,35°,Installation=images/linibox-c/linibox-c-installation-13.pdf;LDT=images/linibox-c/ldt/LINIBOX_C-13-50C-90-FX-WD.ldt;Brochure=images/linibox-c/linibox-c-brochure.pdf,
Linibox C,,,,,,,,,,,,,,,,,,,Linibox C 13 12.7W 35°,LINIBOX C-13-50C-90-FX-WD-BR-230D,Brown,images/linibox-c/linibox-c-13-brown.jpg,5000K,CRI>90,Phase Dim,IP65,UGR<20.6,Brown · 160 × 46 × 85mm,12.7W,1301lm,102lm/W,35°,Installation=images/linibox-c/linibox-c-installation-13.pdf;LDT=images/linibox-c/ldt/LINIBOX_C-13-50C-90-FX-WD.ldt;Brochure=images/linibox-c/linibox-c-brochure.pdf,
Linibox C,,,,,,,,,,,,,,,,,,,Linibox C 13 12.7W 62°,LINIBOX C-13-27C-80-FX-VW-BR-230ND,Brown,images/linibox-c/linibox-c-13-brown.jpg,2700K,CRI>80,On/Off,IP65,UGR<23.6,Brown · 160 × 46 × 85mm,12.7W,1018lm,80lm/W,62°,Installation=images/linibox-c/linibox-c-installation-13.pdf;LDT=images/linibox-c/ldt/LINIBOX_C-13-27C-80-FX-VW.ldt;Brochure=images/linibox-c/linibox-c-brochure.pdf,
Linibox C,,,,,,,,,,,,,,,,,,,Linibox C 13 12.7W 62°,LINIBOX C-13-27C-80-FX-VW-BR-230D,Brown,images/linibox-c/linibox-c-13-brown.jpg,2700K,CRI>80,Phase Dim,IP65,UGR<23.6,Brown · 160 × 46 × 85mm,12.7W,1018lm,80lm/W,62°,Installation=images/linibox-c/linibox-c-installation-13.pdf;LDT=images/linibox-c/ldt/LINIBOX_C-13-27C-80-FX-VW.ldt;Brochure=images/linibox-c/linibox-c-brochure.pdf,
Linibox C,,,,,,,,,,,,,,,,,,,Linibox C 13 12.7W 62°,LINIBOX C-13-27C-90-FX-VW-BR-230ND,Brown,images/linibox-c/linibox-c-13-brown.jpg,2700K,CRI>90,On/Off,IP65,UGR<23.6,Brown · 160 × 46 × 85mm,12.7W,826lm,65lm/W,62°,Installation=images/linibox-c/linibox-c-installation-13.pdf;LDT=images/linibox-c/ldt/LINIBOX_C-13-27C-90-FX-VW.ldt;Brochure=images/linibox-c/linibox-c-brochure.pdf,
Linibox C,,,,,,,,,,,,,,,,,,,Linibox C 13 12.7W 62°,LINIBOX C-13-27C-90-FX-VW-BR-230D,Brown,images/linibox-c/linibox-c-13-brown.jpg,2700K,CRI>90,Phase Dim,IP65,UGR<23.6,Brown · 160 × 46 × 85mm,12.7W,826lm,65lm/W,62°,Installation=images/linibox-c/linibox-c-installation-13.pdf;LDT=images/linibox-c/ldt/LINIBOX_C-13-27C-90-FX-VW.ldt;Brochure=images/linibox-c/linibox-c-brochure.pdf,
Linibox C,,,,,,,,,,,,,,,,,,,Linibox C 13 12.7W 62°,LINIBOX C-13-30C-80-FX-VW-BR-230ND,Brown,images/linibox-c/linibox-c-13-brown.jpg,3000K,CRI>80,On/Off,IP65,UGR<23.6,Brown · 160 × 46 × 85mm,12.7W,1075lm,85lm/W,62°,Installation=images/linibox-c/linibox-c-installation-13.pdf;LDT=images/linibox-c/ldt/LINIBOX_C-13-30C-80-FX-VW.ldt;Brochure=images/linibox-c/linibox-c-brochure.pdf,
Linibox C,,,,,,,,,,,,,,,,,,,Linibox C 13 12.7W 62°,LINIBOX C-13-30C-80-FX-VW-BR-230D,Brown,images/linibox-c/linibox-c-13-brown.jpg,3000K,CRI>80,Phase Dim,IP65,UGR<23.6,Brown · 160 × 46 × 85mm,12.7W,1075lm,85lm/W,62°,Installation=images/linibox-c/linibox-c-installation-13.pdf;LDT=images/linibox-c/ldt/LINIBOX_C-13-30C-80-FX-VW.ldt;Brochure=images/linibox-c/linibox-c-brochure.pdf,
Linibox C,,,,,,,,,,,,,,,,,,,Linibox C 13 12.7W 62°,LINIBOX C-13-30C-90-FX-VW-BR-230ND,Brown,images/linibox-c/linibox-c-13-brown.jpg,3000K,CRI>90,On/Off,IP65,UGR<23.6,Brown · 160 × 46 × 85mm,12.7W,941lm,74lm/W,62°,Installation=images/linibox-c/linibox-c-installation-13.pdf;LDT=images/linibox-c/ldt/LINIBOX_C-13-30C-90-FX-VW.ldt;Brochure=images/linibox-c/linibox-c-brochure.pdf,
Linibox C,,,,,,,,,,,,,,,,,,,Linibox C 13 12.7W 62°,LINIBOX C-13-30C-90-FX-VW-BR-230D,Brown,images/linibox-c/linibox-c-13-brown.jpg,3000K,CRI>90,Phase Dim,IP65,UGR<23.6,Brown · 160 × 46 × 85mm,12.7W,941lm,74lm/W,62°,Installation=images/linibox-c/linibox-c-installation-13.pdf;LDT=images/linibox-c/ldt/LINIBOX_C-13-30C-90-FX-VW.ldt;Brochure=images/linibox-c/linibox-c-brochure.pdf,
Linibox C,,,,,,,,,,,,,,,,,,,Linibox C 13 12.7W 62°,LINIBOX C-13-40C-80-FX-VW-BR-230ND,Brown,images/linibox-c/linibox-c-13-brown.jpg,4000K,CRI>80,On/Off,IP65,UGR<23.6,Brown · 160 × 46 × 85mm,12.7W,1133lm,89lm/W,62°,Installation=images/linibox-c/linibox-c-installation-13.pdf;LDT=images/linibox-c/ldt/LINIBOX_C-13-40C-80-FX-VW.ldt;Brochure=images/linibox-c/linibox-c-brochure.pdf,
Linibox C,,,,,,,,,,,,,,,,,,,Linibox C 13 12.7W 62°,LINIBOX C-13-40C-80-FX-VW-BR-230D,Brown,images/linibox-c/linibox-c-13-brown.jpg,4000K,CRI>80,Phase Dim,IP65,UGR<23.6,Brown · 160 × 46 × 85mm,12.7W,1133lm,89lm/W,62°,Installation=images/linibox-c/linibox-c-installation-13.pdf;LDT=images/linibox-c/ldt/LINIBOX_C-13-40C-80-FX-VW.ldt;Brochure=images/linibox-c/linibox-c-brochure.pdf,
Linibox C,,,,,,,,,,,,,,,,,,,Linibox C 13 12.7W 62°,LINIBOX C-13-40C-90-FX-VW-BR-230ND,Brown,images/linibox-c/linibox-c-13-brown.jpg,4000K,CRI>90,On/Off,IP65,UGR<23.6,Brown · 160 × 46 × 85mm,12.7W,1018lm,80lm/W,62°,Installation=images/linibox-c/linibox-c-installation-13.pdf;LDT=images/linibox-c/ldt/LINIBOX_C-13-40C-90-FX-VW.ldt;Brochure=images/linibox-c/linibox-c-brochure.pdf,
Linibox C,,,,,,,,,,,,,,,,,,,Linibox C 13 12.7W 62°,LINIBOX C-13-40C-90-FX-VW-BR-230D,Brown,images/linibox-c/linibox-c-13-brown.jpg,4000K,CRI>90,Phase Dim,IP65,UGR<23.6,Brown · 160 × 46 × 85mm,12.7W,1018lm,80lm/W,62°,Installation=images/linibox-c/linibox-c-installation-13.pdf;LDT=images/linibox-c/ldt/LINIBOX_C-13-40C-90-FX-VW.ldt;Brochure=images/linibox-c/linibox-c-brochure.pdf,
Linibox C,,,,,,,,,,,,,,,,,,,Linibox C 13 12.7W 62°,LINIBOX C-13-50C-80-FX-VW-BR-230ND,Brown,images/linibox-c/linibox-c-13-brown.jpg,5000K,CRI>80,On/Off,IP65,UGR<23.6,Brown · 160 × 46 × 85mm,12.7W,1248lm,98lm/W,62°,Installation=images/linibox-c/linibox-c-installation-13.pdf;LDT=images/linibox-c/ldt/LINIBOX_C-13-50C-80-FX-VW.ldt;Brochure=images/linibox-c/linibox-c-brochure.pdf,
Linibox C,,,,,,,,,,,,,,,,,,,Linibox C 13 12.7W 62°,LINIBOX C-13-50C-80-FX-VW-BR-230D,Brown,images/linibox-c/linibox-c-13-brown.jpg,5000K,CRI>80,Phase Dim,IP65,UGR<23.6,Brown · 160 × 46 × 85mm,12.7W,1248lm,98lm/W,62°,Installation=images/linibox-c/linibox-c-installation-13.pdf;LDT=images/linibox-c/ldt/LINIBOX_C-13-50C-80-FX-VW.ldt;Brochure=images/linibox-c/linibox-c-brochure.pdf,
Linibox C,,,,,,,,,,,,,,,,,,,Linibox C 13 12.7W 62°,LINIBOX C-13-50C-90-FX-VW-BR-230ND,Brown,images/linibox-c/linibox-c-13-brown.jpg,5000K,CRI>90,On/Off,IP65,UGR<23.6,Brown · 160 × 46 × 85mm,12.7W,1082lm,85lm/W,62°,Installation=images/linibox-c/linibox-c-installation-13.pdf;LDT=images/linibox-c/ldt/LINIBOX_C-13-50C-90-FX-VW.ldt;Brochure=images/linibox-c/linibox-c-brochure.pdf,
Linibox C,,,,,,,,,,,,,,,,,,,Linibox C 13 12.7W 62°,LINIBOX C-13-50C-90-FX-VW-BR-230D,Brown,images/linibox-c/linibox-c-13-brown.jpg,5000K,CRI>90,Phase Dim,IP65,UGR<23.6,Brown · 160 × 46 × 85mm,12.7W,1082lm,85lm/W,62°,Installation=images/linibox-c/linibox-c-installation-13.pdf;LDT=images/linibox-c/ldt/LINIBOX_C-13-50C-90-FX-VW.ldt;Brochure=images/linibox-c/linibox-c-brochure.pdf,
Linibox C,,,,,,,,,,,,,,,,,,,Linibox C 13 12.7W 16°x30°,LINIBOX C-13-27C-80-FX-AS-BR-230ND,Brown,images/linibox-c/linibox-c-13-brown.jpg,2700K,CRI>80,On/Off,IP65,UGR<15.7,Brown · 160 × 46 × 85mm,12.7W,1129lm,89lm/W,16°x30°,Installation=images/linibox-c/linibox-c-installation-13.pdf;LDT=images/linibox-c/ldt/LINIBOX_C-13-27C-80-FX-AS.ldt;Brochure=images/linibox-c/linibox-c-brochure.pdf,
Linibox C,,,,,,,,,,,,,,,,,,,Linibox C 13 12.7W 16°x30°,LINIBOX C-13-27C-80-FX-AS-BR-230D,Brown,images/linibox-c/linibox-c-13-brown.jpg,2700K,CRI>80,Phase Dim,IP65,UGR<15.7,Brown · 160 × 46 × 85mm,12.7W,1129lm,89lm/W,16°x30°,Installation=images/linibox-c/linibox-c-installation-13.pdf;LDT=images/linibox-c/ldt/LINIBOX_C-13-27C-80-FX-AS.ldt;Brochure=images/linibox-c/linibox-c-brochure.pdf,
Linibox C,,,,,,,,,,,,,,,,,,,Linibox C 13 12.7W 16°x30°,LINIBOX C-13-27C-90-FX-AS-BR-230ND,Brown,images/linibox-c/linibox-c-13-brown.jpg,2700K,CRI>90,On/Off,IP65,UGR<15.7,Brown · 160 × 46 × 85mm,12.7W,916lm,72lm/W,16°x30°,Installation=images/linibox-c/linibox-c-installation-13.pdf;LDT=images/linibox-c/ldt/LINIBOX_C-13-27C-90-FX-AS.ldt;Brochure=images/linibox-c/linibox-c-brochure.pdf,
Linibox C,,,,,,,,,,,,,,,,,,,Linibox C 13 12.7W 16°x30°,LINIBOX C-13-27C-90-FX-AS-BR-230D,Brown,images/linibox-c/linibox-c-13-brown.jpg,2700K,CRI>90,Phase Dim,IP65,UGR<15.7,Brown · 160 × 46 × 85mm,12.7W,916lm,72lm/W,16°x30°,Installation=images/linibox-c/linibox-c-installation-13.pdf;LDT=images/linibox-c/ldt/LINIBOX_C-13-27C-90-FX-AS.ldt;Brochure=images/linibox-c/linibox-c-brochure.pdf,
Linibox C,,,,,,,,,,,,,,,,,,,Linibox C 13 12.7W 16°x30°,LINIBOX C-13-30C-80-FX-AS-BR-230ND,Brown,images/linibox-c/linibox-c-13-brown.jpg,3000K,CRI>80,On/Off,IP65,UGR<15.7,Brown · 160 × 46 × 85mm,12.7W,1193lm,94lm/W,16°x30°,Installation=images/linibox-c/linibox-c-installation-13.pdf;LDT=images/linibox-c/ldt/LINIBOX_C-13-30C-80-FX-AS.ldt;Brochure=images/linibox-c/linibox-c-brochure.pdf,
Linibox C,,,,,,,,,,,,,,,,,,,Linibox C 13 12.7W 16°x30°,LINIBOX C-13-30C-80-FX-AS-BR-230D,Brown,images/linibox-c/linibox-c-13-brown.jpg,3000K,CRI>80,Phase Dim,IP65,UGR<15.7,Brown · 160 × 46 × 85mm,12.7W,1193lm,94lm/W,16°x30°,Installation=images/linibox-c/linibox-c-installation-13.pdf;LDT=images/linibox-c/ldt/LINIBOX_C-13-30C-80-FX-AS.ldt;Brochure=images/linibox-c/linibox-c-brochure.pdf,
Linibox C,,,,,,,,,,,,,,,,,,,Linibox C 13 12.7W 16°x30°,LINIBOX C-13-30C-90-FX-AS-BR-230ND,Brown,images/linibox-c/linibox-c-13-brown.jpg,3000K,CRI>90,On/Off,IP65,UGR<15.7,Brown · 160 × 46 × 85mm,12.7W,1044lm,82lm/W,16°x30°,Installation=images/linibox-c/linibox-c-installation-13.pdf;LDT=images/linibox-c/ldt/LINIBOX_C-13-30C-90-FX-AS.ldt;Brochure=images/linibox-c/linibox-c-brochure.pdf,
Linibox C,,,,,,,,,,,,,,,,,,,Linibox C 13 12.7W 16°x30°,LINIBOX C-13-30C-90-FX-AS-BR-230D,Brown,images/linibox-c/linibox-c-13-brown.jpg,3000K,CRI>90,Phase Dim,IP65,UGR<15.7,Brown · 160 × 46 × 85mm,12.7W,1044lm,82lm/W,16°x30°,Installation=images/linibox-c/linibox-c-installation-13.pdf;LDT=images/linibox-c/ldt/LINIBOX_C-13-30C-90-FX-AS.ldt;Brochure=images/linibox-c/linibox-c-brochure.pdf,
Linibox C,,,,,,,,,,,,,,,,,,,Linibox C 13 12.7W 16°x30°,LINIBOX C-13-40C-80-FX-AS-BR-230ND,Brown,images/linibox-c/linibox-c-13-brown.jpg,4000K,CRI>80,On/Off,IP65,UGR<15.7,Brown · 160 × 46 × 85mm,12.7W,1257lm,99lm/W,16°x30°,Installation=images/linibox-c/linibox-c-installation-13.pdf;LDT=images/linibox-c/ldt/LINIBOX_C-13-40C-80-FX-AS.ldt;Brochure=images/linibox-c/linibox-c-brochure.pdf,
Linibox C,,,,,,,,,,,,,,,,,,,Linibox C 13 12.7W 16°x30°,LINIBOX C-13-40C-80-FX-AS-BR-230D,Brown,images/linibox-c/linibox-c-13-brown.jpg,4000K,CRI>80,Phase Dim,IP65,UGR<15.7,Brown · 160 × 46 × 85mm,12.7W,1257lm,99lm/W,16°x30°,Installation=images/linibox-c/linibox-c-installation-13.pdf;LDT=images/linibox-c/ldt/LINIBOX_C-13-40C-80-FX-AS.ldt;Brochure=images/linibox-c/linibox-c-brochure.pdf,
Linibox C,,,,,,,,,,,,,,,,,,,Linibox C 13 12.7W 16°x30°,LINIBOX C-13-40C-90-FX-AS-BR-230ND,Brown,images/linibox-c/linibox-c-13-brown.jpg,4000K,CRI>90,On/Off,IP65,UGR<15.7,Brown · 160 × 46 × 85mm,12.7W,1129lm,89lm/W,16°x30°,Installation=images/linibox-c/linibox-c-installation-13.pdf;LDT=images/linibox-c/ldt/LINIBOX_C-13-40C-90-FX-AS.ldt;Brochure=images/linibox-c/linibox-c-brochure.pdf,
Linibox C,,,,,,,,,,,,,,,,,,,Linibox C 13 12.7W 16°x30°,LINIBOX C-13-40C-90-FX-AS-BR-230D,Brown,images/linibox-c/linibox-c-13-brown.jpg,4000K,CRI>90,Phase Dim,IP65,UGR<15.7,Brown · 160 × 46 × 85mm,12.7W,1129lm,89lm/W,16°x30°,Installation=images/linibox-c/linibox-c-installation-13.pdf;LDT=images/linibox-c/ldt/LINIBOX_C-13-40C-90-FX-AS.ldt;Brochure=images/linibox-c/linibox-c-brochure.pdf,
Linibox C,,,,,,,,,,,,,,,,,,,Linibox C 13 12.7W 16°x30°,LINIBOX C-13-50C-80-FX-AS-BR-230ND,Brown,images/linibox-c/linibox-c-13-brown.jpg,5000K,CRI>80,On/Off,IP65,UGR<15.7,Brown · 160 × 46 × 85mm,12.7W,1385lm,109lm/W,16°x30°,Installation=images/linibox-c/linibox-c-installation-13.pdf;LDT=images/linibox-c/ldt/LINIBOX_C-13-50C-80-FX-AS.ldt;Brochure=images/linibox-c/linibox-c-brochure.pdf,
Linibox C,,,,,,,,,,,,,,,,,,,Linibox C 13 12.7W 16°x30°,LINIBOX C-13-50C-80-FX-AS-BR-230D,Brown,images/linibox-c/linibox-c-13-brown.jpg,5000K,CRI>80,Phase Dim,IP65,UGR<15.7,Brown · 160 × 46 × 85mm,12.7W,1385lm,109lm/W,16°x30°,Installation=images/linibox-c/linibox-c-installation-13.pdf;LDT=images/linibox-c/ldt/LINIBOX_C-13-50C-80-FX-AS.ldt;Brochure=images/linibox-c/linibox-c-brochure.pdf,
Linibox C,,,,,,,,,,,,,,,,,,,Linibox C 13 12.7W 16°x30°,LINIBOX C-13-50C-90-FX-AS-BR-230ND,Brown,images/linibox-c/linibox-c-13-brown.jpg,5000K,CRI>90,On/Off,IP65,UGR<15.7,Brown · 160 × 46 × 85mm,12.7W,1200lm,94lm/W,16°x30°,Installation=images/linibox-c/linibox-c-installation-13.pdf;LDT=images/linibox-c/ldt/LINIBOX_C-13-50C-90-FX-AS.ldt;Brochure=images/linibox-c/linibox-c-brochure.pdf,
Linibox C,,,,,,,,,,,,,,,,,,,Linibox C 13 12.7W 16°x30°,LINIBOX C-13-50C-90-FX-AS-BR-230D,Brown,images/linibox-c/linibox-c-13-brown.jpg,5000K,CRI>90,Phase Dim,IP65,UGR<15.7,Brown · 160 × 46 × 85mm,12.7W,1200lm,94lm/W,16°x30°,Installation=images/linibox-c/linibox-c-installation-13.pdf;LDT=images/linibox-c/ldt/LINIBOX_C-13-50C-90-FX-AS.ldt;Brochure=images/linibox-c/linibox-c-brochure.pdf,
Linibox C,,,,,,,,,,,,,,,,,,,Linibox C 17 16.8W 17°,LINIBOX C-17-27C-80-FX-VN-BR-230ND,Brown,images/linibox-c/linibox-c-17-brown.jpg,2700K,CRI>80,On/Off,IP65,UGR<13.7,Brown · 205 × 46 × 85mm,16.8W,1505lm,90lm/W,17°,Installation=images/linibox-c/linibox-c-installation-17.pdf;LDT=images/linibox-c/ldt/LINIBOX_C-17-27C-80-FX-VN.ldt;Brochure=images/linibox-c/linibox-c-brochure.pdf,
Linibox C,,,,,,,,,,,,,,,,,,,Linibox C 17 16.8W 17°,LINIBOX C-17-27C-80-FX-VN-BR-230D,Brown,images/linibox-c/linibox-c-17-brown.jpg,2700K,CRI>80,Phase Dim,IP65,UGR<13.7,Brown · 205 × 46 × 85mm,16.8W,1505lm,90lm/W,17°,Installation=images/linibox-c/linibox-c-installation-17.pdf;LDT=images/linibox-c/ldt/LINIBOX_C-17-27C-80-FX-VN.ldt;Brochure=images/linibox-c/linibox-c-brochure.pdf,
Linibox C,,,,,,,,,,,,,,,,,,,Linibox C 17 16.8W 17°,LINIBOX C-17-27C-90-FX-VN-BR-230ND,Brown,images/linibox-c/linibox-c-17-brown.jpg,2700K,CRI>90,On/Off,IP65,UGR<13.7,Brown · 205 × 46 × 85mm,16.8W,1221lm,73lm/W,17°,Installation=images/linibox-c/linibox-c-installation-17.pdf;LDT=images/linibox-c/ldt/LINIBOX_C-17-27C-90-FX-VN.ldt;Brochure=images/linibox-c/linibox-c-brochure.pdf,
Linibox C,,,,,,,,,,,,,,,,,,,Linibox C 17 16.8W 17°,LINIBOX C-17-27C-90-FX-VN-BR-230D,Brown,images/linibox-c/linibox-c-17-brown.jpg,2700K,CRI>90,Phase Dim,IP65,UGR<13.7,Brown · 205 × 46 × 85mm,16.8W,1221lm,73lm/W,17°,Installation=images/linibox-c/linibox-c-installation-17.pdf;LDT=images/linibox-c/ldt/LINIBOX_C-17-27C-90-FX-VN.ldt;Brochure=images/linibox-c/linibox-c-brochure.pdf,
Linibox C,,,,,,,,,,,,,,,,,,,Linibox C 17 16.8W 17°,LINIBOX C-17-30C-80-FX-VN-BR-230ND,Brown,images/linibox-c/linibox-c-17-brown.jpg,3000K,CRI>80,On/Off,IP65,UGR<13.7,Brown · 205 × 46 × 85mm,16.8W,1590lm,95lm/W,17°,Installation=images/linibox-c/linibox-c-installation-17.pdf;LDT=images/linibox-c/ldt/LINIBOX_C-17-30C-80-FX-VN.ldt;Brochure=images/linibox-c/linibox-c-brochure.pdf,
Linibox C,,,,,,,,,,,,,,,,,,,Linibox C 17 16.8W 17°,LINIBOX C-17-30C-80-FX-VN-BR-230D,Brown,images/linibox-c/linibox-c-17-brown.jpg,3000K,CRI>80,Phase Dim,IP65,UGR<13.7,Brown · 205 × 46 × 85mm,16.8W,1590lm,95lm/W,17°,Installation=images/linibox-c/linibox-c-installation-17.pdf;LDT=images/linibox-c/ldt/LINIBOX_C-17-30C-80-FX-VN.ldt;Brochure=images/linibox-c/linibox-c-brochure.pdf,
Linibox C,,,,,,,,,,,,,,,,,,,Linibox C 17 16.8W 17°,LINIBOX C-17-30C-90-FX-VN-BR-230ND,Brown,images/linibox-c/linibox-c-17-brown.jpg,3000K,CRI>90,On/Off,IP65,UGR<13.7,Brown · 205 × 46 × 85mm,16.8W,1392lm,83lm/W,17°,Installation=images/linibox-c/linibox-c-installation-17.pdf;LDT=images/linibox-c/ldt/LINIBOX_C-17-30C-90-FX-VN.ldt;Brochure=images/linibox-c/linibox-c-brochure.pdf,
Linibox C,,,,,,,,,,,,,,,,,,,Linibox C 17 16.8W 17°,LINIBOX C-17-30C-90-FX-VN-BR-230D,Brown,images/linibox-c/linibox-c-17-brown.jpg,3000K,CRI>90,Phase Dim,IP65,UGR<13.7,Brown · 205 × 46 × 85mm,16.8W,1392lm,83lm/W,17°,Installation=images/linibox-c/linibox-c-installation-17.pdf;LDT=images/linibox-c/ldt/LINIBOX_C-17-30C-90-FX-VN.ldt;Brochure=images/linibox-c/linibox-c-brochure.pdf,
Linibox C,,,,,,,,,,,,,,,,,,,Linibox C 17 16.8W 17°,LINIBOX C-17-40C-80-FX-VN-BR-230ND,Brown,images/linibox-c/linibox-c-17-brown.jpg,4000K,CRI>80,On/Off,IP65,UGR<13.7,Brown · 205 × 46 × 85mm,16.8W,1676lm,100lm/W,17°,Installation=images/linibox-c/linibox-c-installation-17.pdf;LDT=images/linibox-c/ldt/LINIBOX_C-17-40C-80-FX-VN.ldt;Brochure=images/linibox-c/linibox-c-brochure.pdf,
Linibox C,,,,,,,,,,,,,,,,,,,Linibox C 17 16.8W 17°,LINIBOX C-17-40C-80-FX-VN-BR-230D,Brown,images/linibox-c/linibox-c-17-brown.jpg,4000K,CRI>80,Phase Dim,IP65,UGR<13.7,Brown · 205 × 46 × 85mm,16.8W,1676lm,100lm/W,17°,Installation=images/linibox-c/linibox-c-installation-17.pdf;LDT=images/linibox-c/ldt/LINIBOX_C-17-40C-80-FX-VN.ldt;Brochure=images/linibox-c/linibox-c-brochure.pdf,
Linibox C,,,,,,,,,,,,,,,,,,,Linibox C 17 16.8W 17°,LINIBOX C-17-40C-90-FX-VN-BR-230ND,Brown,images/linibox-c/linibox-c-17-brown.jpg,4000K,CRI>90,On/Off,IP65,UGR<13.7,Brown · 205 × 46 × 85mm,16.8W,1505lm,90lm/W,17°,Installation=images/linibox-c/linibox-c-installation-17.pdf;LDT=images/linibox-c/ldt/LINIBOX_C-17-40C-90-FX-VN.ldt;Brochure=images/linibox-c/linibox-c-brochure.pdf,
Linibox C,,,,,,,,,,,,,,,,,,,Linibox C 17 16.8W 17°,LINIBOX C-17-40C-90-FX-VN-BR-230D,Brown,images/linibox-c/linibox-c-17-brown.jpg,4000K,CRI>90,Phase Dim,IP65,UGR<13.7,Brown · 205 × 46 × 85mm,16.8W,1505lm,90lm/W,17°,Installation=images/linibox-c/linibox-c-installation-17.pdf;LDT=images/linibox-c/ldt/LINIBOX_C-17-40C-90-FX-VN.ldt;Brochure=images/linibox-c/linibox-c-brochure.pdf,
Linibox C,,,,,,,,,,,,,,,,,,,Linibox C 17 16.8W 17°,LINIBOX C-17-50C-80-FX-VN-BR-230ND,Brown,images/linibox-c/linibox-c-17-brown.jpg,5000K,CRI>80,On/Off,IP65,UGR<13.7,Brown · 205 × 46 × 85mm,16.8W,1846lm,110lm/W,17°,Installation=images/linibox-c/linibox-c-installation-17.pdf;LDT=images/linibox-c/ldt/LINIBOX_C-17-50C-80-FX-VN.ldt;Brochure=images/linibox-c/linibox-c-brochure.pdf,
Linibox C,,,,,,,,,,,,,,,,,,,Linibox C 17 16.8W 17°,LINIBOX C-17-50C-80-FX-VN-BR-230D,Brown,images/linibox-c/linibox-c-17-brown.jpg,5000K,CRI>80,Phase Dim,IP65,UGR<13.7,Brown · 205 × 46 × 85mm,16.8W,1846lm,110lm/W,17°,Installation=images/linibox-c/linibox-c-installation-17.pdf;LDT=images/linibox-c/ldt/LINIBOX_C-17-50C-80-FX-VN.ldt;Brochure=images/linibox-c/linibox-c-brochure.pdf,
Linibox C,,,,,,,,,,,,,,,,,,,Linibox C 17 16.8W 17°,LINIBOX C-17-50C-90-FX-VN-BR-230ND,Brown,images/linibox-c/linibox-c-17-brown.jpg,5000K,CRI>90,On/Off,IP65,UGR<13.7,Brown · 205 × 46 × 85mm,16.8W,1598lm,95lm/W,17°,Installation=images/linibox-c/linibox-c-installation-17.pdf;LDT=images/linibox-c/ldt/LINIBOX_C-17-50C-90-FX-VN.ldt;Brochure=images/linibox-c/linibox-c-brochure.pdf,
Linibox C,,,,,,,,,,,,,,,,,,,Linibox C 17 16.8W 17°,LINIBOX C-17-50C-90-FX-VN-BR-230D,Brown,images/linibox-c/linibox-c-17-brown.jpg,5000K,CRI>90,Phase Dim,IP65,UGR<13.7,Brown · 205 × 46 × 85mm,16.8W,1598lm,95lm/W,17°,Installation=images/linibox-c/linibox-c-installation-17.pdf;LDT=images/linibox-c/ldt/LINIBOX_C-17-50C-90-FX-VN.ldt;Brochure=images/linibox-c/linibox-c-brochure.pdf,
Linibox C,,,,,,,,,,,,,,,,,,,Linibox C 17 16.8W 21°,LINIBOX C-17-27C-80-FX-NR-BR-230ND,Brown,images/linibox-c/linibox-c-17-brown.jpg,2700K,CRI>80,On/Off,IP65,UGR<13.1,Brown · 205 × 46 × 85mm,16.8W,1823lm,109lm/W,21°,Installation=images/linibox-c/linibox-c-installation-17.pdf;LDT=images/linibox-c/ldt/LINIBOX_C-17-27C-80-FX-NR.ldt;Brochure=images/linibox-c/linibox-c-brochure.pdf,
Linibox C,,,,,,,,,,,,,,,,,,,Linibox C 17 16.8W 21°,LINIBOX C-17-27C-80-FX-NR-BR-230D,Brown,images/linibox-c/linibox-c-17-brown.jpg,2700K,CRI>80,Phase Dim,IP65,UGR<13.1,Brown · 205 × 46 × 85mm,16.8W,1823lm,109lm/W,21°,Installation=images/linibox-c/linibox-c-installation-17.pdf;LDT=images/linibox-c/ldt/LINIBOX_C-17-27C-80-FX-NR.ldt;Brochure=images/linibox-c/linibox-c-brochure.pdf,
Linibox C,,,,,,,,,,,,,,,,,,,Linibox C 17 16.8W 21°,LINIBOX C-17-27C-90-FX-NR-BR-230ND,Brown,images/linibox-c/linibox-c-17-brown.jpg,2700K,CRI>90,On/Off,IP65,UGR<13.1,Brown · 205 × 46 × 85mm,16.8W,1479lm,88lm/W,21°,Installation=images/linibox-c/linibox-c-installation-17.pdf;LDT=images/linibox-c/ldt/LINIBOX_C-17-27C-90-FX-NR.ldt;Brochure=images/linibox-c/linibox-c-brochure.pdf,
Linibox C,,,,,,,,,,,,,,,,,,,Linibox C 17 16.8W 21°,LINIBOX C-17-27C-90-FX-NR-BR-230D,Brown,images/linibox-c/linibox-c-17-brown.jpg,2700K,CRI>90,Phase Dim,IP65,UGR<13.1,Brown · 205 × 46 × 85mm,16.8W,1479lm,88lm/W,21°,Installation=images/linibox-c/linibox-c-installation-17.pdf;LDT=images/linibox-c/ldt/LINIBOX_C-17-27C-90-FX-NR.ldt;Brochure=images/linibox-c/linibox-c-brochure.pdf,
Linibox C,,,,,,,,,,,,,,,,,,,Linibox C 17 16.8W 21°,LINIBOX C-17-30C-80-FX-NR-BR-230ND,Brown,images/linibox-c/linibox-c-17-brown.jpg,3000K,CRI>80,On/Off,IP65,UGR<13.1,Brown · 205 × 46 × 85mm,16.8W,1926lm,115lm/W,21°,Installation=images/linibox-c/linibox-c-installation-17.pdf;LDT=images/linibox-c/ldt/LINIBOX_C-17-30C-80-FX-NR.ldt;Brochure=images/linibox-c/linibox-c-brochure.pdf,
Linibox C,,,,,,,,,,,,,,,,,,,Linibox C 17 16.8W 21°,LINIBOX C-17-30C-80-FX-NR-BR-230D,Brown,images/linibox-c/linibox-c-17-brown.jpg,3000K,CRI>80,Phase Dim,IP65,UGR<13.1,Brown · 205 × 46 × 85mm,16.8W,1926lm,115lm/W,21°,Installation=images/linibox-c/linibox-c-installation-17.pdf;LDT=images/linibox-c/ldt/LINIBOX_C-17-30C-80-FX-NR.ldt;Brochure=images/linibox-c/linibox-c-brochure.pdf,
Linibox C,,,,,,,,,,,,,,,,,,,Linibox C 17 16.8W 21°,LINIBOX C-17-30C-90-FX-NR-BR-230ND,Brown,images/linibox-c/linibox-c-17-brown.jpg,3000K,CRI>90,On/Off,IP65,UGR<13.1,Brown · 205 × 46 × 85mm,16.8W,1686lm,100lm/W,21°,Installation=images/linibox-c/linibox-c-installation-17.pdf;LDT=images/linibox-c/ldt/LINIBOX_C-17-30C-90-FX-NR.ldt;Brochure=images/linibox-c/linibox-c-brochure.pdf,
Linibox C,,,,,,,,,,,,,,,,,,,Linibox C 17 16.8W 21°,LINIBOX C-17-30C-90-FX-NR-BR-230D,Brown,images/linibox-c/linibox-c-17-brown.jpg,3000K,CRI>90,Phase Dim,IP65,UGR<13.1,Brown · 205 × 46 × 85mm,16.8W,1686lm,100lm/W,21°,Installation=images/linibox-c/linibox-c-installation-17.pdf;LDT=images/linibox-c/ldt/LINIBOX_C-17-30C-90-FX-NR.ldt;Brochure=images/linibox-c/linibox-c-brochure.pdf,
Linibox C,,,,,,,,,,,,,,,,,,,Linibox C 17 16.8W 21°,LINIBOX C-17-40C-80-FX-NR-BR-230ND,Brown,images/linibox-c/linibox-c-17-brown.jpg,4000K,CRI>80,On/Off,IP65,UGR<13.1,Brown · 205 × 46 × 85mm,16.8W,2030lm,121lm/W,21°,Installation=images/linibox-c/linibox-c-installation-17.pdf;LDT=images/linibox-c/ldt/LINIBOX_C-17-40C-80-FX-NR.ldt;Brochure=images/linibox-c/linibox-c-brochure.pdf,
Linibox C,,,,,,,,,,,,,,,,,,,Linibox C 17 16.8W 21°,LINIBOX C-17-40C-80-FX-NR-BR-230D,Brown,images/linibox-c/linibox-c-17-brown.jpg,4000K,CRI>80,Phase Dim,IP65,UGR<13.1,Brown · 205 × 46 × 85mm,16.8W,2030lm,121lm/W,21°,Installation=images/linibox-c/linibox-c-installation-17.pdf;LDT=images/linibox-c/ldt/LINIBOX_C-17-40C-80-FX-NR.ldt;Brochure=images/linibox-c/linibox-c-brochure.pdf,
Linibox C,,,,,,,,,,,,,,,,,,,Linibox C 17 16.8W 21°,LINIBOX C-17-40C-90-FX-NR-BR-230ND,Brown,images/linibox-c/linibox-c-17-brown.jpg,4000K,CRI>90,On/Off,IP65,UGR<13.1,Brown · 205 × 46 × 85mm,16.8W,1823lm,109lm/W,21°,Installation=images/linibox-c/linibox-c-installation-17.pdf;LDT=images/linibox-c/ldt/LINIBOX_C-17-40C-90-FX-NR.ldt;Brochure=images/linibox-c/linibox-c-brochure.pdf,
Linibox C,,,,,,,,,,,,,,,,,,,Linibox C 17 16.8W 21°,LINIBOX C-17-40C-90-FX-NR-BR-230D,Brown,images/linibox-c/linibox-c-17-brown.jpg,4000K,CRI>90,Phase Dim,IP65,UGR<13.1,Brown · 205 × 46 × 85mm,16.8W,1823lm,109lm/W,21°,Installation=images/linibox-c/linibox-c-installation-17.pdf;LDT=images/linibox-c/ldt/LINIBOX_C-17-40C-90-FX-NR.ldt;Brochure=images/linibox-c/linibox-c-brochure.pdf,
Linibox C,,,,,,,,,,,,,,,,,,,Linibox C 17 16.8W 21°,LINIBOX C-17-50C-80-FX-NR-BR-230ND,Brown,images/linibox-c/linibox-c-17-brown.jpg,5000K,CRI>80,On/Off,IP65,UGR<13.1,Brown · 205 × 46 × 85mm,16.8W,2236lm,133lm/W,21°,Installation=images/linibox-c/linibox-c-installation-17.pdf;LDT=images/linibox-c/ldt/LINIBOX_C-17-50C-80-FX-NR.ldt;Brochure=images/linibox-c/linibox-c-brochure.pdf,
Linibox C,,,,,,,,,,,,,,,,,,,Linibox C 17 16.8W 21°,LINIBOX C-17-50C-80-FX-NR-BR-230D,Brown,images/linibox-c/linibox-c-17-brown.jpg,5000K,CRI>80,Phase Dim,IP65,UGR<13.1,Brown · 205 × 46 × 85mm,16.8W,2236lm,133lm/W,21°,Installation=images/linibox-c/linibox-c-installation-17.pdf;LDT=images/linibox-c/ldt/LINIBOX_C-17-50C-80-FX-NR.ldt;Brochure=images/linibox-c/linibox-c-brochure.pdf,
Linibox C,,,,,,,,,,,,,,,,,,,Linibox C 17 16.8W 21°,LINIBOX C-17-50C-90-FX-NR-BR-230ND,Brown,images/linibox-c/linibox-c-17-brown.jpg,5000K,CRI>90,On/Off,IP65,UGR<13.1,Brown · 205 × 46 × 85mm,16.8W,1935lm,115lm/W,21°,Installation=images/linibox-c/linibox-c-installation-17.pdf;LDT=images/linibox-c/ldt/LINIBOX_C-17-50C-90-FX-NR.ldt;Brochure=images/linibox-c/linibox-c-brochure.pdf,
Linibox C,,,,,,,,,,,,,,,,,,,Linibox C 17 16.8W 21°,LINIBOX C-17-50C-90-FX-NR-BR-230D,Brown,images/linibox-c/linibox-c-17-brown.jpg,5000K,CRI>90,Phase Dim,IP65,UGR<13.1,Brown · 205 × 46 × 85mm,16.8W,1935lm,115lm/W,21°,Installation=images/linibox-c/linibox-c-installation-17.pdf;LDT=images/linibox-c/ldt/LINIBOX_C-17-50C-90-FX-NR.ldt;Brochure=images/linibox-c/linibox-c-brochure.pdf,
Linibox C,,,,,,,,,,,,,,,,,,,Linibox C 17 16.8W 25°,LINIBOX C-17-27C-80-FX-MD-BR-230ND,Brown,images/linibox-c/linibox-c-17-brown.jpg,2700K,CRI>80,On/Off,IP65,UGR<12.5,Brown · 205 × 46 × 85mm,16.8W,1611lm,96lm/W,25°,Installation=images/linibox-c/linibox-c-installation-17.pdf;LDT=images/linibox-c/ldt/LINIBOX_C-17-27C-80-FX-MD.ldt;Brochure=images/linibox-c/linibox-c-brochure.pdf,
Linibox C,,,,,,,,,,,,,,,,,,,Linibox C 17 16.8W 25°,LINIBOX C-17-27C-80-FX-MD-BR-230D,Brown,images/linibox-c/linibox-c-17-brown.jpg,2700K,CRI>80,Phase Dim,IP65,UGR<12.5,Brown · 205 × 46 × 85mm,16.8W,1611lm,96lm/W,25°,Installation=images/linibox-c/linibox-c-installation-17.pdf;LDT=images/linibox-c/ldt/LINIBOX_C-17-27C-80-FX-MD.ldt;Brochure=images/linibox-c/linibox-c-brochure.pdf,
Linibox C,,,,,,,,,,,,,,,,,,,Linibox C 17 16.8W 25°,LINIBOX C-17-27C-90-FX-MD-BR-230ND,Brown,images/linibox-c/linibox-c-17-brown.jpg,2700K,CRI>90,On/Off,IP65,UGR<12.5,Brown · 205 × 46 × 85mm,16.8W,1307lm,78lm/W,25°,Installation=images/linibox-c/linibox-c-installation-17.pdf;LDT=images/linibox-c/ldt/LINIBOX_C-17-27C-90-FX-MD.ldt;Brochure=images/linibox-c/linibox-c-brochure.pdf,
Linibox C,,,,,,,,,,,,,,,,,,,Linibox C 17 16.8W 25°,LINIBOX C-17-27C-90-FX-MD-BR-230D,Brown,images/linibox-c/linibox-c-17-brown.jpg,2700K,CRI>90,Phase Dim,IP65,UGR<12.5,Brown · 205 × 46 × 85mm,16.8W,1307lm,78lm/W,25°,Installation=images/linibox-c/linibox-c-installation-17.pdf;LDT=images/linibox-c/ldt/LINIBOX_C-17-27C-90-FX-MD.ldt;Brochure=images/linibox-c/linibox-c-brochure.pdf,
Linibox C,,,,,,,,,,,,,,,,,,,Linibox C 17 16.8W 25°,LINIBOX C-17-30C-80-FX-MD-BR-230ND,Brown,images/linibox-c/linibox-c-17-brown.jpg,3000K,CRI>80,On/Off,IP65,UGR<12.5,Brown · 205 × 46 × 85mm,16.8W,1702lm,101lm/W,25°,Installation=images/linibox-c/linibox-c-installation-17.pdf;LDT=images/linibox-c/ldt/LINIBOX_C-17-30C-80-FX-MD.ldt;Brochure=images/linibox-c/linibox-c-brochure.pdf,
Linibox C,,,,,,,,,,,,,,,,,,,Linibox C 17 16.8W 25°,LINIBOX C-17-30C-80-FX-MD-BR-230D,Brown,images/linibox-c/linibox-c-17-brown.jpg,3000K,CRI>80,Phase Dim,IP65,UGR<12.5,Brown · 205 × 46 × 85mm,16.8W,1702lm,101lm/W,25°,Installation=images/linibox-c/linibox-c-installation-17.pdf;LDT=images/linibox-c/ldt/LINIBOX_C-17-30C-80-FX-MD.ldt;Brochure=images/linibox-c/linibox-c-brochure.pdf,
Linibox C,,,,,,,,,,,,,,,,,,,Linibox C 17 16.8W 25°,LINIBOX C-17-30C-90-FX-MD-BR-230ND,Brown,images/linibox-c/linibox-c-17-brown.jpg,3000K,CRI>90,On/Off,IP65,UGR<12.5,Brown · 205 × 46 × 85mm,16.8W,1490lm,89lm/W,25°,Installation=images/linibox-c/linibox-c-installation-17.pdf;LDT=images/linibox-c/ldt/LINIBOX_C-17-30C-90-FX-MD.ldt;Brochure=images/linibox-c/linibox-c-brochure.pdf,
Linibox C,,,,,,,,,,,,,,,,,,,Linibox C 17 16.8W 25°,LINIBOX C-17-30C-90-FX-MD-BR-230D,Brown,images/linibox-c/linibox-c-17-brown.jpg,3000K,CRI>90,Phase Dim,IP65,UGR<12.5,Brown · 205 × 46 × 85mm,16.8W,1490lm,89lm/W,25°,Installation=images/linibox-c/linibox-c-installation-17.pdf;LDT=images/linibox-c/ldt/LINIBOX_C-17-30C-90-FX-MD.ldt;Brochure=images/linibox-c/linibox-c-brochure.pdf,
Linibox C,,,,,,,,,,,,,,,,,,,Linibox C 17 16.8W 25°,LINIBOX C-17-40C-80-FX-MD-BR-230ND,Brown,images/linibox-c/linibox-c-17-brown.jpg,4000K,CRI>80,On/Off,IP65,UGR<12.5,Brown · 205 × 46 × 85mm,16.8W,1794lm,107lm/W,25°,Installation=images/linibox-c/linibox-c-installation-17.pdf;LDT=images/linibox-c/ldt/LINIBOX_C-17-40C-80-FX-MD.ldt;Brochure=images/linibox-c/linibox-c-brochure.pdf,
Linibox C,,,,,,,,,,,,,,,,,,,Linibox C 17 16.8W 25°,LINIBOX C-17-40C-80-FX-MD-BR-230D,Brown,images/linibox-c/linibox-c-17-brown.jpg,4000K,CRI>80,Phase Dim,IP65,UGR<12.5,Brown · 205 × 46 × 85mm,16.8W,1794lm,107lm/W,25°,Installation=images/linibox-c/linibox-c-installation-17.pdf;LDT=images/linibox-c/ldt/LINIBOX_C-17-40C-80-FX-MD.ldt;Brochure=images/linibox-c/linibox-c-brochure.pdf,
Linibox C,,,,,,,,,,,,,,,,,,,Linibox C 17 16.8W 25°,LINIBOX C-17-40C-90-FX-MD-BR-230ND,Brown,images/linibox-c/linibox-c-17-brown.jpg,4000K,CRI>90,On/Off,IP65,UGR<12.5,Brown · 205 × 46 × 85mm,16.8W,1611lm,96lm/W,25°,Installation=images/linibox-c/linibox-c-installation-17.pdf;LDT=images/linibox-c/ldt/LINIBOX_C-17-40C-90-FX-MD.ldt;Brochure=images/linibox-c/linibox-c-brochure.pdf,
Linibox C,,,,,,,,,,,,,,,,,,,Linibox C 17 16.8W 25°,LINIBOX C-17-40C-90-FX-MD-BR-230D,Brown,images/linibox-c/linibox-c-17-brown.jpg,4000K,CRI>90,Phase Dim,IP65,UGR<12.5,Brown · 205 × 46 × 85mm,16.8W,1611lm,96lm/W,25°,Installation=images/linibox-c/linibox-c-installation-17.pdf;LDT=images/linibox-c/ldt/LINIBOX_C-17-40C-90-FX-MD.ldt;Brochure=images/linibox-c/linibox-c-brochure.pdf,
Linibox C,,,,,,,,,,,,,,,,,,,Linibox C 17 16.8W 25°,LINIBOX C-17-50C-80-FX-MD-BR-230ND,Brown,images/linibox-c/linibox-c-17-brown.jpg,5000K,CRI>80,On/Off,IP65,UGR<12.5,Brown · 205 × 46 × 85mm,16.8W,1976lm,118lm/W,25°,Installation=images/linibox-c/linibox-c-installation-17.pdf;LDT=images/linibox-c/ldt/LINIBOX_C-17-50C-80-FX-MD.ldt;Brochure=images/linibox-c/linibox-c-brochure.pdf,
Linibox C,,,,,,,,,,,,,,,,,,,Linibox C 17 16.8W 25°,LINIBOX C-17-50C-80-FX-MD-BR-230D,Brown,images/linibox-c/linibox-c-17-brown.jpg,5000K,CRI>80,Phase Dim,IP65,UGR<12.5,Brown · 205 × 46 × 85mm,16.8W,1976lm,118lm/W,25°,Installation=images/linibox-c/linibox-c-installation-17.pdf;LDT=images/linibox-c/ldt/LINIBOX_C-17-50C-80-FX-MD.ldt;Brochure=images/linibox-c/linibox-c-brochure.pdf,
Linibox C,,,,,,,,,,,,,,,,,,,Linibox C 17 16.8W 25°,LINIBOX C-17-50C-90-FX-MD-BR-230ND,Brown,images/linibox-c/linibox-c-17-brown.jpg,5000K,CRI>90,On/Off,IP65,UGR<12.5,Brown · 205 × 46 × 85mm,16.8W,1710lm,102lm/W,25°,Installation=images/linibox-c/linibox-c-installation-17.pdf;LDT=images/linibox-c/ldt/LINIBOX_C-17-50C-90-FX-MD.ldt;Brochure=images/linibox-c/linibox-c-brochure.pdf,
Linibox C,,,,,,,,,,,,,,,,,,,Linibox C 17 16.8W 25°,LINIBOX C-17-50C-90-FX-MD-BR-230D,Brown,images/linibox-c/linibox-c-17-brown.jpg,5000K,CRI>90,Phase Dim,IP65,UGR<12.5,Brown · 205 × 46 × 85mm,16.8W,1710lm,102lm/W,25°,Installation=images/linibox-c/linibox-c-installation-17.pdf;LDT=images/linibox-c/ldt/LINIBOX_C-17-50C-90-FX-MD.ldt;Brochure=images/linibox-c/linibox-c-brochure.pdf,
Linibox C,,,,,,,,,,,,,,,,,,,Linibox C 17 16.8W 35°,LINIBOX C-17-27C-80-FX-WD-BR-230ND,Brown,images/linibox-c/linibox-c-17-brown.jpg,2700K,CRI>80,On/Off,IP65,UGR<20.6,Brown · 205 × 46 × 85mm,16.8W,1632lm,97lm/W,35°,Installation=images/linibox-c/linibox-c-installation-17.pdf;LDT=images/linibox-c/ldt/LINIBOX_C-17-27C-80-FX-WD.ldt;Brochure=images/linibox-c/linibox-c-brochure.pdf,
Linibox C,,,,,,,,,,,,,,,,,,,Linibox C 17 16.8W 35°,LINIBOX C-17-27C-80-FX-WD-BR-230D,Brown,images/linibox-c/linibox-c-17-brown.jpg,2700K,CRI>80,Phase Dim,IP65,UGR<20.6,Brown · 205 × 46 × 85mm,16.8W,1632lm,97lm/W,35°,Installation=images/linibox-c/linibox-c-installation-17.pdf;LDT=images/linibox-c/ldt/LINIBOX_C-17-27C-80-FX-WD.ldt;Brochure=images/linibox-c/linibox-c-brochure.pdf,
Linibox C,,,,,,,,,,,,,,,,,,,Linibox C 17 16.8W 35°,LINIBOX C-17-27C-90-FX-WD-BR-230ND,Brown,images/linibox-c/linibox-c-17-brown.jpg,2700K,CRI>90,On/Off,IP65,UGR<20.6,Brown · 205 × 46 × 85mm,16.8W,1324lm,79lm/W,35°,Installation=images/linibox-c/linibox-c-installation-17.pdf;LDT=images/linibox-c/ldt/LINIBOX_C-17-27C-90-FX-WD.ldt;Brochure=images/linibox-c/linibox-c-brochure.pdf,
Linibox C,,,,,,,,,,,,,,,,,,,Linibox C 17 16.8W 35°,LINIBOX C-17-27C-90-FX-WD-BR-230D,Brown,images/linibox-c/linibox-c-17-brown.jpg,2700K,CRI>90,Phase Dim,IP65,UGR<20.6,Brown · 205 × 46 × 85mm,16.8W,1324lm,79lm/W,35°,Installation=images/linibox-c/linibox-c-installation-17.pdf;LDT=images/linibox-c/ldt/LINIBOX_C-17-27C-90-FX-WD.ldt;Brochure=images/linibox-c/linibox-c-brochure.pdf,
Linibox C,,,,,,,,,,,,,,,,,,,Linibox C 17 16.8W 35°,LINIBOX C-17-30C-80-FX-WD-BR-230ND,Brown,images/linibox-c/linibox-c-17-brown.jpg,3000K,CRI>80,On/Off,IP65,UGR<20.6,Brown · 205 × 46 × 85mm,16.8W,1725lm,103lm/W,35°,Installation=images/linibox-c/linibox-c-installation-17.pdf;LDT=images/linibox-c/ldt/LINIBOX_C-17-30C-80-FX-WD.ldt;Brochure=images/linibox-c/linibox-c-brochure.pdf,
Linibox C,,,,,,,,,,,,,,,,,,,Linibox C 17 16.8W 35°,LINIBOX C-17-30C-80-FX-WD-BR-230D,Brown,images/linibox-c/linibox-c-17-brown.jpg,3000K,CRI>80,Phase Dim,IP65,UGR<20.6,Brown · 205 × 46 × 85mm,16.8W,1725lm,103lm/W,35°,Installation=images/linibox-c/linibox-c-installation-17.pdf;LDT=images/linibox-c/ldt/LINIBOX_C-17-30C-80-FX-WD.ldt;Brochure=images/linibox-c/linibox-c-brochure.pdf,
Linibox C,,,,,,,,,,,,,,,,,,,Linibox C 17 16.8W 35°,LINIBOX C-17-30C-90-FX-WD-BR-230ND,Brown,images/linibox-c/linibox-c-17-brown.jpg,3000K,CRI>90,On/Off,IP65,UGR<20.6,Brown · 205 × 46 × 85mm,16.8W,1509lm,90lm/W,35°,Installation=images/linibox-c/linibox-c-installation-17.pdf;LDT=images/linibox-c/ldt/LINIBOX_C-17-30C-90-FX-WD.ldt;Brochure=images/linibox-c/linibox-c-brochure.pdf,
Linibox C,,,,,,,,,,,,,,,,,,,Linibox C 17 16.8W 35°,LINIBOX C-17-30C-90-FX-WD-BR-230D,Brown,images/linibox-c/linibox-c-17-brown.jpg,3000K,CRI>90,Phase Dim,IP65,UGR<20.6,Brown · 205 × 46 × 85mm,16.8W,1509lm,90lm/W,35°,Installation=images/linibox-c/linibox-c-installation-17.pdf;LDT=images/linibox-c/ldt/LINIBOX_C-17-30C-90-FX-WD.ldt;Brochure=images/linibox-c/linibox-c-brochure.pdf,
Linibox C,,,,,,,,,,,,,,,,,,,Linibox C 17 16.8W 35°,LINIBOX C-17-40C-80-FX-WD-BR-230ND,Brown,images/linibox-c/linibox-c-17-brown.jpg,4000K,CRI>80,On/Off,IP65,UGR<20.6,Brown · 205 × 46 × 85mm,16.8W,1817lm,108lm/W,35°,Installation=images/linibox-c/linibox-c-installation-17.pdf;LDT=images/linibox-c/ldt/LINIBOX_C-17-40C-80-FX-WD.ldt;Brochure=images/linibox-c/linibox-c-brochure.pdf,
Linibox C,,,,,,,,,,,,,,,,,,,Linibox C 17 16.8W 35°,LINIBOX C-17-40C-80-FX-WD-BR-230D,Brown,images/linibox-c/linibox-c-17-brown.jpg,4000K,CRI>80,Phase Dim,IP65,UGR<20.6,Brown · 205 × 46 × 85mm,16.8W,1817lm,108lm/W,35°,Installation=images/linibox-c/linibox-c-installation-17.pdf;LDT=images/linibox-c/ldt/LINIBOX_C-17-40C-80-FX-WD.ldt;Brochure=images/linibox-c/linibox-c-brochure.pdf,
Linibox C,,,,,,,,,,,,,,,,,,,Linibox C 17 16.8W 35°,LINIBOX C-17-40C-90-FX-WD-BR-230ND,Brown,images/linibox-c/linibox-c-17-brown.jpg,4000K,CRI>90,On/Off,IP65,UGR<20.6,Brown · 205 × 46 × 85mm,16.8W,1632lm,97lm/W,35°,Installation=images/linibox-c/linibox-c-installation-17.pdf;LDT=images/linibox-c/ldt/LINIBOX_C-17-40C-90-FX-WD.ldt;Brochure=images/linibox-c/linibox-c-brochure.pdf,
Linibox C,,,,,,,,,,,,,,,,,,,Linibox C 17 16.8W 35°,LINIBOX C-17-40C-90-FX-WD-BR-230D,Brown,images/linibox-c/linibox-c-17-brown.jpg,4000K,CRI>90,Phase Dim,IP65,UGR<20.6,Brown · 205 × 46 × 85mm,16.8W,1632lm,97lm/W,35°,Installation=images/linibox-c/linibox-c-installation-17.pdf;LDT=images/linibox-c/ldt/LINIBOX_C-17-40C-90-FX-WD.ldt;Brochure=images/linibox-c/linibox-c-brochure.pdf,
Linibox C,,,,,,,,,,,,,,,,,,,Linibox C 17 16.8W 35°,LINIBOX C-17-50C-80-FX-WD-BR-230ND,Brown,images/linibox-c/linibox-c-17-brown.jpg,5000K,CRI>80,On/Off,IP65,UGR<20.6,Brown · 205 × 46 × 85mm,16.8W,2002lm,119lm/W,35°,Installation=images/linibox-c/linibox-c-installation-17.pdf;LDT=images/linibox-c/ldt/LINIBOX_C-17-50C-80-FX-WD.ldt;Brochure=images/linibox-c/linibox-c-brochure.pdf,
Linibox C,,,,,,,,,,,,,,,,,,,Linibox C 17 16.8W 35°,LINIBOX C-17-50C-80-FX-WD-BR-230D,Brown,images/linibox-c/linibox-c-17-brown.jpg,5000K,CRI>80,Phase Dim,IP65,UGR<20.6,Brown · 205 × 46 × 85mm,16.8W,2002lm,119lm/W,35°,Installation=images/linibox-c/linibox-c-installation-17.pdf;LDT=images/linibox-c/ldt/LINIBOX_C-17-50C-80-FX-WD.ldt;Brochure=images/linibox-c/linibox-c-brochure.pdf,
Linibox C,,,,,,,,,,,,,,,,,,,Linibox C 17 16.8W 35°,LINIBOX C-17-50C-90-FX-WD-BR-230ND,Brown,images/linibox-c/linibox-c-17-brown.jpg,5000K,CRI>90,On/Off,IP65,UGR<20.6,Brown · 205 × 46 × 85mm,16.8W,1733lm,103lm/W,35°,Installation=images/linibox-c/linibox-c-installation-17.pdf;LDT=images/linibox-c/ldt/LINIBOX_C-17-50C-90-FX-WD.ldt;Brochure=images/linibox-c/linibox-c-brochure.pdf,
Linibox C,,,,,,,,,,,,,,,,,,,Linibox C 17 16.8W 35°,LINIBOX C-17-50C-90-FX-WD-BR-230D,Brown,images/linibox-c/linibox-c-17-brown.jpg,5000K,CRI>90,Phase Dim,IP65,UGR<20.6,Brown · 205 × 46 × 85mm,16.8W,1733lm,103lm/W,35°,Installation=images/linibox-c/linibox-c-installation-17.pdf;LDT=images/linibox-c/ldt/LINIBOX_C-17-50C-90-FX-WD.ldt;Brochure=images/linibox-c/linibox-c-brochure.pdf,
Linibox C,,,,,,,,,,,,,,,,,,,Linibox C 17 16.8W 62°,LINIBOX C-17-27C-80-FX-VW-BR-230ND,Brown,images/linibox-c/linibox-c-17-brown.jpg,2700K,CRI>80,On/Off,IP65,UGR<23.6,Brown · 205 × 46 × 85mm,16.8W,1357lm,81lm/W,62°,Installation=images/linibox-c/linibox-c-installation-17.pdf;LDT=images/linibox-c/ldt/LINIBOX_C-17-27C-80-FX-VW.ldt;Brochure=images/linibox-c/linibox-c-brochure.pdf,
Linibox C,,,,,,,,,,,,,,,,,,,Linibox C 17 16.8W 62°,LINIBOX C-17-27C-80-FX-VW-BR-230D,Brown,images/linibox-c/linibox-c-17-brown.jpg,2700K,CRI>80,Phase Dim,IP65,UGR<23.6,Brown · 205 × 46 × 85mm,16.8W,1357lm,81lm/W,62°,Installation=images/linibox-c/linibox-c-installation-17.pdf;LDT=images/linibox-c/ldt/LINIBOX_C-17-27C-80-FX-VW.ldt;Brochure=images/linibox-c/linibox-c-brochure.pdf,
Linibox C,,,,,,,,,,,,,,,,,,,Linibox C 17 16.8W 62°,LINIBOX C-17-27C-90-FX-VW-BR-230ND,Brown,images/linibox-c/linibox-c-17-brown.jpg,2700K,CRI>90,On/Off,IP65,UGR<23.6,Brown · 205 × 46 × 85mm,16.8W,1101lm,66lm/W,62°,Installation=images/linibox-c/linibox-c-installation-17.pdf;LDT=images/linibox-c/ldt/LINIBOX_C-17-27C-90-FX-VW.ldt;Brochure=images/linibox-c/linibox-c-brochure.pdf,
Linibox C,,,,,,,,,,,,,,,,,,,Linibox C 17 16.8W 62°,LINIBOX C-17-27C-90-FX-VW-BR-230D,Brown,images/linibox-c/linibox-c-17-brown.jpg,2700K,CRI>90,Phase Dim,IP65,UGR<23.6,Brown · 205 × 46 × 85mm,16.8W,1101lm,66lm/W,62°,Installation=images/linibox-c/linibox-c-installation-17.pdf;LDT=images/linibox-c/ldt/LINIBOX_C-17-27C-90-FX-VW.ldt;Brochure=images/linibox-c/linibox-c-brochure.pdf,
Linibox C,,,,,,,,,,,,,,,,,,,Linibox C 17 16.8W 62°,LINIBOX C-17-30C-80-FX-VW-BR-230ND,Brown,images/linibox-c/linibox-c-17-brown.jpg,3000K,CRI>80,On/Off,IP65,UGR<23.6,Brown · 205 × 46 × 85mm,16.8W,1434lm,85lm/W,62°,Installation=images/linibox-c/linibox-c-installation-17.pdf;LDT=images/linibox-c/ldt/LINIBOX_C-17-30C-80-FX-VW.ldt;Brochure=images/linibox-c/linibox-c-brochure.pdf,
Linibox C,,,,,,,,,,,,,,,,,,,Linibox C 17 16.8W 62°,LINIBOX C-17-30C-80-FX-VW-BR-230D,Brown,images/linibox-c/linibox-c-17-brown.jpg,3000K,CRI>80,Phase Dim,IP65,UGR<23.6,Brown · 205 × 46 × 85mm,16.8W,1434lm,85lm/W,62°,Installation=images/linibox-c/linibox-c-installation-17.pdf;LDT=images/linibox-c/ldt/LINIBOX_C-17-30C-80-FX-VW.ldt;Brochure=images/linibox-c/linibox-c-brochure.pdf,
Linibox C,,,,,,,,,,,,,,,,,,,Linibox C 17 16.8W 62°,LINIBOX C-17-30C-90-FX-VW-BR-230ND,Brown,images/linibox-c/linibox-c-17-brown.jpg,3000K,CRI>90,On/Off,IP65,UGR<23.6,Brown · 205 × 46 × 85mm,16.8W,1254lm,75lm/W,62°,Installation=images/linibox-c/linibox-c-installation-17.pdf;LDT=images/linibox-c/ldt/LINIBOX_C-17-30C-90-FX-VW.ldt;Brochure=images/linibox-c/linibox-c-brochure.pdf,
Linibox C,,,,,,,,,,,,,,,,,,,Linibox C 17 16.8W 62°,LINIBOX C-17-30C-90-FX-VW-BR-230D,Brown,images/linibox-c/linibox-c-17-brown.jpg,3000K,CRI>90,Phase Dim,IP65,UGR<23.6,Brown · 205 × 46 × 85mm,16.8W,1254lm,75lm/W,62°,Installation=images/linibox-c/linibox-c-installation-17.pdf;LDT=images/linibox-c/ldt/LINIBOX_C-17-30C-90-FX-VW.ldt;Brochure=images/linibox-c/linibox-c-brochure.pdf,
Linibox C,,,,,,,,,,,,,,,,,,,Linibox C 17 16.8W 62°,LINIBOX C-17-40C-80-FX-VW-BR-230ND,Brown,images/linibox-c/linibox-c-17-brown.jpg,4000K,CRI>80,On/Off,IP65,UGR<23.6,Brown · 205 × 46 × 85mm,16.8W,1510lm,90lm/W,62°,Installation=images/linibox-c/linibox-c-installation-17.pdf;LDT=images/linibox-c/ldt/LINIBOX_C-17-40C-80-FX-VW.ldt;Brochure=images/linibox-c/linibox-c-brochure.pdf,
Linibox C,,,,,,,,,,,,,,,,,,,Linibox C 17 16.8W 62°,LINIBOX C-17-40C-80-FX-VW-BR-230D,Brown,images/linibox-c/linibox-c-17-brown.jpg,4000K,CRI>80,Phase Dim,IP65,UGR<23.6,Brown · 205 × 46 × 85mm,16.8W,1510lm,90lm/W,62°,Installation=images/linibox-c/linibox-c-installation-17.pdf;LDT=images/linibox-c/ldt/LINIBOX_C-17-40C-80-FX-VW.ldt;Brochure=images/linibox-c/linibox-c-brochure.pdf,
Linibox C,,,,,,,,,,,,,,,,,,,Linibox C 17 16.8W 62°,LINIBOX C-17-40C-90-FX-VW-BR-230ND,Brown,images/linibox-c/linibox-c-17-brown.jpg,4000K,CRI>90,On/Off,IP65,UGR<23.6,Brown · 205 × 46 × 85mm,16.8W,1357lm,81lm/W,62°,Installation=images/linibox-c/linibox-c-installation-17.pdf;LDT=images/linibox-c/ldt/LINIBOX_C-17-40C-90-FX-VW.ldt;Brochure=images/linibox-c/linibox-c-brochure.pdf,
Linibox C,,,,,,,,,,,,,,,,,,,Linibox C 17 16.8W 62°,LINIBOX C-17-40C-90-FX-VW-BR-230D,Brown,images/linibox-c/linibox-c-17-brown.jpg,4000K,CRI>90,Phase Dim,IP65,UGR<23.6,Brown · 205 × 46 × 85mm,16.8W,1357lm,81lm/W,62°,Installation=images/linibox-c/linibox-c-installation-17.pdf;LDT=images/linibox-c/ldt/LINIBOX_C-17-40C-90-FX-VW.ldt;Brochure=images/linibox-c/linibox-c-brochure.pdf,
Linibox C,,,,,,,,,,,,,,,,,,,Linibox C 17 16.8W 62°,LINIBOX C-17-50C-80-FX-VW-BR-230ND,Brown,images/linibox-c/linibox-c-17-brown.jpg,5000K,CRI>80,On/Off,IP65,UGR<23.6,Brown · 205 × 46 × 85mm,16.8W,1664lm,99lm/W,62°,Installation=images/linibox-c/linibox-c-installation-17.pdf;LDT=images/linibox-c/ldt/LINIBOX_C-17-50C-80-FX-VW.ldt;Brochure=images/linibox-c/linibox-c-brochure.pdf,
Linibox C,,,,,,,,,,,,,,,,,,,Linibox C 17 16.8W 62°,LINIBOX C-17-50C-80-FX-VW-BR-230D,Brown,images/linibox-c/linibox-c-17-brown.jpg,5000K,CRI>80,Phase Dim,IP65,UGR<23.6,Brown · 205 × 46 × 85mm,16.8W,1664lm,99lm/W,62°,Installation=images/linibox-c/linibox-c-installation-17.pdf;LDT=images/linibox-c/ldt/LINIBOX_C-17-50C-80-FX-VW.ldt;Brochure=images/linibox-c/linibox-c-brochure.pdf,
Linibox C,,,,,,,,,,,,,,,,,,,Linibox C 17 16.8W 62°,LINIBOX C-17-50C-90-FX-VW-BR-230ND,Brown,images/linibox-c/linibox-c-17-brown.jpg,5000K,CRI>90,On/Off,IP65,UGR<23.6,Brown · 205 × 46 × 85mm,16.8W,1440lm,86lm/W,62°,Installation=images/linibox-c/linibox-c-installation-17.pdf;LDT=images/linibox-c/ldt/LINIBOX_C-17-50C-90-FX-VW.ldt;Brochure=images/linibox-c/linibox-c-brochure.pdf,
Linibox C,,,,,,,,,,,,,,,,,,,Linibox C 17 16.8W 62°,LINIBOX C-17-50C-90-FX-VW-BR-230D,Brown,images/linibox-c/linibox-c-17-brown.jpg,5000K,CRI>90,Phase Dim,IP65,UGR<23.6,Brown · 205 × 46 × 85mm,16.8W,1440lm,86lm/W,62°,Installation=images/linibox-c/linibox-c-installation-17.pdf;LDT=images/linibox-c/ldt/LINIBOX_C-17-50C-90-FX-VW.ldt;Brochure=images/linibox-c/linibox-c-brochure.pdf,
Linibox C,,,,,,,,,,,,,,,,,,,Linibox C 17 16.8W 16°x30°,LINIBOX C-17-27C-80-FX-AS-BR-230ND,Brown,images/linibox-c/linibox-c-17-brown.jpg,2700K,CRI>80,On/Off,IP65,UGR<15.7,Brown · 205 × 46 × 85mm,16.8W,1505lm,90lm/W,16°x30°,Installation=images/linibox-c/linibox-c-installation-17.pdf;LDT=images/linibox-c/ldt/LINIBOX_C-17-27C-80-FX-AS.ldt;Brochure=images/linibox-c/linibox-c-brochure.pdf,
Linibox C,,,,,,,,,,,,,,,,,,,Linibox C 17 16.8W 16°x30°,LINIBOX C-17-27C-80-FX-AS-BR-230D,Brown,images/linibox-c/linibox-c-17-brown.jpg,2700K,CRI>80,Phase Dim,IP65,UGR<15.7,Brown · 205 × 46 × 85mm,16.8W,1505lm,90lm/W,16°x30°,Installation=images/linibox-c/linibox-c-installation-17.pdf;LDT=images/linibox-c/ldt/LINIBOX_C-17-27C-80-FX-AS.ldt;Brochure=images/linibox-c/linibox-c-brochure.pdf,
Linibox C,,,,,,,,,,,,,,,,,,,Linibox C 17 16.8W 16°x30°,LINIBOX C-17-27C-90-FX-AS-BR-230ND,Brown,images/linibox-c/linibox-c-17-brown.jpg,2700K,CRI>90,On/Off,IP65,UGR<15.7,Brown · 205 × 46 × 85mm,16.8W,1221lm,73lm/W,16°x30°,Installation=images/linibox-c/linibox-c-installation-17.pdf;LDT=images/linibox-c/ldt/LINIBOX_C-17-27C-90-FX-AS.ldt;Brochure=images/linibox-c/linibox-c-brochure.pdf,
Linibox C,,,,,,,,,,,,,,,,,,,Linibox C 17 16.8W 16°x30°,LINIBOX C-17-27C-90-FX-AS-BR-230D,Brown,images/linibox-c/linibox-c-17-brown.jpg,2700K,CRI>90,Phase Dim,IP65,UGR<15.7,Brown · 205 × 46 × 85mm,16.8W,1221lm,73lm/W,16°x30°,Installation=images/linibox-c/linibox-c-installation-17.pdf;LDT=images/linibox-c/ldt/LINIBOX_C-17-27C-90-FX-AS.ldt;Brochure=images/linibox-c/linibox-c-brochure.pdf,
Linibox C,,,,,,,,,,,,,,,,,,,Linibox C 17 16.8W 16°x30°,LINIBOX C-17-30C-80-FX-AS-BR-230ND,Brown,images/linibox-c/linibox-c-17-brown.jpg,3000K,CRI>80,On/Off,IP65,UGR<15.7,Brown · 205 × 46 × 85mm,16.8W,1590lm,95lm/W,16°x30°,Installation=images/linibox-c/linibox-c-installation-17.pdf;LDT=images/linibox-c/ldt/LINIBOX_C-17-30C-80-FX-AS.ldt;Brochure=images/linibox-c/linibox-c-brochure.pdf,
Linibox C,,,,,,,,,,,,,,,,,,,Linibox C 17 16.8W 16°x30°,LINIBOX C-17-30C-80-FX-AS-BR-230D,Brown,images/linibox-c/linibox-c-17-brown.jpg,3000K,CRI>80,Phase Dim,IP65,UGR<15.7,Brown · 205 × 46 × 85mm,16.8W,1590lm,95lm/W,16°x30°,Installation=images/linibox-c/linibox-c-installation-17.pdf;LDT=images/linibox-c/ldt/LINIBOX_C-17-30C-80-FX-AS.ldt;Brochure=images/linibox-c/linibox-c-brochure.pdf,
Linibox C,,,,,,,,,,,,,,,,,,,Linibox C 17 16.8W 16°x30°,LINIBOX C-17-30C-90-FX-AS-BR-230ND,Brown,images/linibox-c/linibox-c-17-brown.jpg,3000K,CRI>90,On/Off,IP65,UGR<15.7,Brown · 205 × 46 × 85mm,16.8W,1392lm,83lm/W,16°x30°,Installation=images/linibox-c/linibox-c-installation-17.pdf;LDT=images/linibox-c/ldt/LINIBOX_C-17-30C-90-FX-AS.ldt;Brochure=images/linibox-c/linibox-c-brochure.pdf,
Linibox C,,,,,,,,,,,,,,,,,,,Linibox C 17 16.8W 16°x30°,LINIBOX C-17-30C-90-FX-AS-BR-230D,Brown,images/linibox-c/linibox-c-17-brown.jpg,3000K,CRI>90,Phase Dim,IP65,UGR<15.7,Brown · 205 × 46 × 85mm,16.8W,1392lm,83lm/W,16°x30°,Installation=images/linibox-c/linibox-c-installation-17.pdf;LDT=images/linibox-c/ldt/LINIBOX_C-17-30C-90-FX-AS.ldt;Brochure=images/linibox-c/linibox-c-brochure.pdf,
Linibox C,,,,,,,,,,,,,,,,,,,Linibox C 17 16.8W 16°x30°,LINIBOX C-17-40C-80-FX-AS-BR-230ND,Brown,images/linibox-c/linibox-c-17-brown.jpg,4000K,CRI>80,On/Off,IP65,UGR<15.7,Brown · 205 × 46 × 85mm,16.8W,1676lm,100lm/W,16°x30°,Installation=images/linibox-c/linibox-c-installation-17.pdf;LDT=images/linibox-c/ldt/LINIBOX_C-17-40C-80-FX-AS.ldt;Brochure=images/linibox-c/linibox-c-brochure.pdf,
Linibox C,,,,,,,,,,,,,,,,,,,Linibox C 17 16.8W 16°x30°,LINIBOX C-17-40C-80-FX-AS-BR-230D,Brown,images/linibox-c/linibox-c-17-brown.jpg,4000K,CRI>80,Phase Dim,IP65,UGR<15.7,Brown · 205 × 46 × 85mm,16.8W,1676lm,100lm/W,16°x30°,Installation=images/linibox-c/linibox-c-installation-17.pdf;LDT=images/linibox-c/ldt/LINIBOX_C-17-40C-80-FX-AS.ldt;Brochure=images/linibox-c/linibox-c-brochure.pdf,
Linibox C,,,,,,,,,,,,,,,,,,,Linibox C 17 16.8W 16°x30°,LINIBOX C-17-40C-90-FX-AS-BR-230ND,Brown,images/linibox-c/linibox-c-17-brown.jpg,4000K,CRI>90,On/Off,IP65,UGR<15.7,Brown · 205 × 46 × 85mm,16.8W,1505lm,90lm/W,16°x30°,Installation=images/linibox-c/linibox-c-installation-17.pdf;LDT=images/linibox-c/ldt/LINIBOX_C-17-40C-90-FX-AS.ldt;Brochure=images/linibox-c/linibox-c-brochure.pdf,
Linibox C,,,,,,,,,,,,,,,,,,,Linibox C 17 16.8W 16°x30°,LINIBOX C-17-40C-90-FX-AS-BR-230D,Brown,images/linibox-c/linibox-c-17-brown.jpg,4000K,CRI>90,Phase Dim,IP65,UGR<15.7,Brown · 205 × 46 × 85mm,16.8W,1505lm,90lm/W,16°x30°,Installation=images/linibox-c/linibox-c-installation-17.pdf;LDT=images/linibox-c/ldt/LINIBOX_C-17-40C-90-FX-AS.ldt;Brochure=images/linibox-c/linibox-c-brochure.pdf,
Linibox C,,,,,,,,,,,,,,,,,,,Linibox C 17 16.8W 16°x30°,LINIBOX C-17-50C-80-FX-AS-BR-230ND,Brown,images/linibox-c/linibox-c-17-brown.jpg,5000K,CRI>80,On/Off,IP65,UGR<15.7,Brown · 205 × 46 × 85mm,16.8W,1846lm,110lm/W,16°x30°,Installation=images/linibox-c/linibox-c-installation-17.pdf;LDT=images/linibox-c/ldt/LINIBOX_C-17-50C-80-FX-AS.ldt;Brochure=images/linibox-c/linibox-c-brochure.pdf,
Linibox C,,,,,,,,,,,,,,,,,,,Linibox C 17 16.8W 16°x30°,LINIBOX C-17-50C-80-FX-AS-BR-230D,Brown,images/linibox-c/linibox-c-17-brown.jpg,5000K,CRI>80,Phase Dim,IP65,UGR<15.7,Brown · 205 × 46 × 85mm,16.8W,1846lm,110lm/W,16°x30°,Installation=images/linibox-c/linibox-c-installation-17.pdf;LDT=images/linibox-c/ldt/LINIBOX_C-17-50C-80-FX-AS.ldt;Brochure=images/linibox-c/linibox-c-brochure.pdf,
Linibox C,,,,,,,,,,,,,,,,,,,Linibox C 17 16.8W 16°x30°,LINIBOX C-17-50C-90-FX-AS-BR-230ND,Brown,images/linibox-c/linibox-c-17-brown.jpg,5000K,CRI>90,On/Off,IP65,UGR<15.7,Brown · 205 × 46 × 85mm,16.8W,1598lm,95lm/W,16°x30°,Installation=images/linibox-c/linibox-c-installation-17.pdf;LDT=images/linibox-c/ldt/LINIBOX_C-17-50C-90-FX-AS.ldt;Brochure=images/linibox-c/linibox-c-brochure.pdf,
Linibox C,,,,,,,,,,,,,,,,,,,Linibox C 17 16.8W 16°x30°,LINIBOX C-17-50C-90-FX-AS-BR-230D,Brown,images/linibox-c/linibox-c-17-brown.jpg,5000K,CRI>90,Phase Dim,IP65,UGR<15.7,Brown · 205 × 46 × 85mm,16.8W,1598lm,95lm/W,16°x30°,Installation=images/linibox-c/linibox-c-installation-17.pdf;LDT=images/linibox-c/ldt/LINIBOX_C-17-50C-90-FX-AS.ldt;Brochure=images/linibox-c/linibox-c-brochure.pdf,
