family,brand,environment,category,tagline,description,specification,cct,cri,control,ip,ik,finishes,drawing,new,images,slides,slide_tag,dimensions,dimensions_note,model,code,model_finish,model_image,model_cct,model_cri,model_control,model_ip,model_ik,model_ugr,model_details,power,flux,efficacy,beam,downloads
Inground Radius,Holectron,Exterior,Inground Linear,"Walk-over and drive-over lines of light, straight or curved.","Inground Radius is an in-ground linear luminaire for drawing continuous lines of light into paving, plazas and along façades. Straight and curved pieces, from a tight 272mm radius to a gentle 6.1m sweep, let a single line follow paths and planting edges. The marine-grade stainless steel body is drive-over rated to 5,000kg.","In-ground linear luminaire. Marine-grade 316L stainless steel housing. Opal encapsulated cover. IP67. IK10. Drive-over up to 5000kg. CRI>90. 3-step MacAdam. L90B10 60000h. 24V DC (FL56, 56 LEDs/m: 2.4 | 4.8 | 9.6W/m) | 48V DC (FL112, 112 LEDs/m: 4.8 | 9.6W/m), driver sold separately. Operating temperature -25°C to +50°C. Straight and curved segments: individual, full, start, middle and end pieces for continuous lines.",2200K | 2700K | 3000K | 4000K,CRI>90,DALI | 1-10V | Phase Dim,IP67,IK10,Stainless Steel,inground,,images/inground-radius/inground-radius-thumb.jpg;images/inground-radius/inground-radius-dimensions-l505.png;images/inground-radius/inground-radius-dimensions-l1005.png;images/inground-radius/inground-radius-dimensions-r272.png;images/inground-radius/inground-radius-dimensions-r515.png;images/inground-radius/inground-radius-dimensions-r1000.png;images/inground-radius/inground-radius-dimensions-r1975.png;images/inground-radius/inground-radius-dimensions-r2950.png;images/inground-radius/inground-radius-dimensions-r6100.png,images/inground-radius/inground-radius-banner-01.jpg;images/inground-radius/inground-radius-banner-02.jpg,,images/inground-radius/inground-radius-dimensions-l505.png,L505 505×73×102mm · L1005 1005×73×102mm · R272 404×73×102mm (90° arc) · R515 393×73×102mm (45° arc) · R1000 387×73×102mm (22.5° arc) · R1975 385×73×102mm (11.3° arc) · R2950 384×73×102mm (7.5° arc) · R6100 382×73×102mm (3.6° arc),Inground Radius L505 24V 2.4W/m,IngroundR I EOP H100 R0000 L0505 / FL56/Nx G5 02W 922 / OR.T1x,Stainless Steel,images/inground-radius/inground-radius-l505-stainless-steel.jpg,2200K,CRI>90,DALI | 1-10V | Phase Dim,IP67,IK10,,"Individual segment · 2 end caps, 1 cable · opal cover · straight · 505mm long · 24V DC, driver separate · FL56 (56 LEDs/m) 2.4W/m",1.2W,53lm,44lm/W,Diffused,Datasheet=images/inground-radius/datasheets/IngroundR_I_EOP_H100_R0000_L0505_FL56Nx_G5_02W_922_ORT1x.pdf;Specification=images/inground-radius/datasheets/inground-radius-specification.pdf;Brochure=files/holectron/holectron-inground-radius-brochure-2025.pdf
Inground Radius,,,,,,,,,,,,,,,,,,,,Inground Radius L505 24V 2.4W/m,IngroundR I EOP H100 R0000 L0505 / FL56/Nx G5 02W T927 / OR.T1x,Stainless Steel,images/inground-radius/inground-radius-l505-stainless-steel.jpg,2700K,CRI>90,DALI | 1-10V | Phase Dim,IP67,IK10,,"Individual segment · 2 end caps, 1 cable · opal cover · straight · 505mm long · 24V DC, driver separate · FL56 (56 LEDs/m) 2.4W/m",1.2W,81lm,68lm/W,Diffused,Datasheet=images/inground-radius/datasheets/IngroundR_I_EOP_H100_R0000_L0505_FL56Nx_G5_02W_T927_ORT1x.pdf;Specification=images/inground-radius/datasheets/inground-radius-specification.pdf;Brochure=files/holectron/holectron-inground-radius-brochure-2025.pdf
Inground Radius,,,,,,,,,,,,,,,,,,,,Inground Radius L505 24V 2.4W/m,IngroundR I EOP H100 R0000 L0505 / FL56/Nx G5 02W T930 / OR.T1x,Stainless Steel,images/inground-radius/inground-radius-l505-stainless-steel.jpg,3000K,CRI>90,DALI | 1-10V | Phase Dim,IP67,IK10,,"Individual segment · 2 end caps, 1 cable · opal cover · straight · 505mm long · 24V DC, driver separate · FL56 (56 LEDs/m) 2.4W/m",1.2W,85lm,71lm/W,Diffused,Datasheet=images/inground-radius/datasheets/IngroundR_I_EOP_H100_R0000_L0505_FL56Nx_G5_02W_T930_ORT1x.pdf;Specification=images/inground-radius/datasheets/inground-radius-specification.pdf;Brochure=files/holectron/holectron-inground-radius-brochure-2025.pdf
Inground Radius,,,,,,,,,,,,,,,,,,,,Inground Radius L505 24V 2.4W/m,IngroundR I EOP H100 R0000 L0505 / FL56/Nx G5 02W T940 / OR.T1x,Stainless Steel,images/inground-radius/inground-radius-l505-stainless-steel.jpg,4000K,CRI>90,DALI | 1-10V | Phase Dim,IP67,IK10,,"Individual segment · 2 end caps, 1 cable · opal cover · straight · 505mm long · 24V DC, driver separate · FL56 (56 LEDs/m) 2.4W/m",1.2W,88lm,73lm/W,Diffused,Datasheet=images/inground-radius/datasheets/IngroundR_I_EOP_H100_R0000_L0505_FL56Nx_G5_02W_T940_ORT1x.pdf;Specification=images/inground-radius/datasheets/inground-radius-specification.pdf;Brochure=files/holectron/holectron-inground-radius-brochure-2025.pdf
Inground Radius,,,,,,,,,,,,,,,,,,,,Inground Radius L505 24V 4.8W/m,IngroundR I EOP H100 R0000 L0505 / FL56/Nx G5 04W 922 / OR.T1x,Stainless Steel,images/inground-radius/inground-radius-l505-stainless-steel.jpg,2200K,CRI>90,DALI | 1-10V | Phase Dim,IP67,IK10,,"Individual segment · 2 end caps, 1 cable · opal cover · straight · 505mm long · 24V DC, driver separate · FL56 (56 LEDs/m) 4.8W/m",2.4W,104lm,43lm/W,Diffused,Datasheet=images/inground-radius/datasheets/IngroundR_I_EOP_H100_R0000_L0505_FL56Nx_G5_04W_922_ORT1x.pdf;Specification=images/inground-radius/datasheets/inground-radius-specification.pdf;Brochure=files/holectron/holectron-inground-radius-brochure-2025.pdf
Inground Radius,,,,,,,,,,,,,,,,,,,,Inground Radius L505 24V 4.8W/m,IngroundR I EOP H100 R0000 L0505 / FL56/Nx G5 04W T927 / OR.T1x,Stainless Steel,images/inground-radius/inground-radius-l505-stainless-steel.jpg,2700K,CRI>90,DALI | 1-10V | Phase Dim,IP67,IK10,,"Individual segment · 2 end caps, 1 cable · opal cover · straight · 505mm long · 24V DC, driver separate · FL56 (56 LEDs/m) 4.8W/m",2.4W,160lm,67lm/W,Diffused,Datasheet=images/inground-radius/datasheets/IngroundR_I_EOP_H100_R0000_L0505_FL56Nx_G5_04W_T927_ORT1x.pdf;Specification=images/inground-radius/datasheets/inground-radius-specification.pdf;Brochure=files/holectron/holectron-inground-radius-brochure-2025.pdf
Inground Radius,,,,,,,,,,,,,,,,,,,,Inground Radius L505 24V 4.8W/m,IngroundR I EOP H100 R0000 L0505 / FL56/Nx G5 04W T930 / OR.T1x,Stainless Steel,images/inground-radius/inground-radius-l505-stainless-steel.jpg,3000K,CRI>90,DALI | 1-10V | Phase Dim,IP67,IK10,,"Individual segment · 2 end caps, 1 cable · opal cover · straight · 505mm long · 24V DC, driver separate · FL56 (56 LEDs/m) 4.8W/m",2.4W,168lm,70lm/W,Diffused,Datasheet=images/inground-radius/datasheets/IngroundR_I_EOP_H100_R0000_L0505_FL56Nx_G5_04W_T930_ORT1x.pdf;Specification=images/inground-radius/datasheets/inground-radius-specification.pdf;Brochure=files/holectron/holectron-inground-radius-brochure-2025.pdf
Inground Radius,,,,,,,,,,,,,,,,,,,,Inground Radius L505 24V 4.8W/m,IngroundR I EOP H100 R0000 L0505 / FL56/Nx G5 04W T940 / OR.T1x,Stainless Steel,images/inground-radius/inground-radius-l505-stainless-steel.jpg,4000K,CRI>90,DALI | 1-10V | Phase Dim,IP67,IK10,,"Individual segment · 2 end caps, 1 cable · opal cover · straight · 505mm long · 24V DC, driver separate · FL56 (56 LEDs/m) 4.8W/m",2.4W,175lm,73lm/W,Diffused,Datasheet=images/inground-radius/datasheets/IngroundR_I_EOP_H100_R0000_L0505_FL56Nx_G5_04W_T940_ORT1x.pdf;Specification=images/inground-radius/datasheets/inground-radius-specification.pdf;Brochure=files/holectron/holectron-inground-radius-brochure-2025.pdf
Inground Radius,,,,,,,,,,,,,,,,,,,,Inground Radius L505 24V 9.6W/m,IngroundR I EOP H100 R0000 L0505 / FL56/Nx G5 09W 922 / OR.T1x,Stainless Steel,images/inground-radius/inground-radius-l505-stainless-steel.jpg,2200K,CRI>90,DALI | 1-10V | Phase Dim,IP67,IK10,,"Individual segment · 2 end caps, 1 cable · opal cover · straight · 505mm long · 24V DC, driver separate · FL56 (56 LEDs/m) 9.6W/m",4.8W,204lm,43lm/W,Diffused,Datasheet=images/inground-radius/datasheets/IngroundR_I_EOP_H100_R0000_L0505_FL56Nx_G5_09W_922_ORT1x.pdf;Specification=images/inground-radius/datasheets/inground-radius-specification.pdf;Brochure=files/holectron/holectron-inground-radius-brochure-2025.pdf
Inground Radius,,,,,,,,,,,,,,,,,,,,Inground Radius L505 24V 9.6W/m,IngroundR I EOP H100 R0000 L0505 / FL56/Nx G5 09W T927 / OR.T1x,Stainless Steel,images/inground-radius/inground-radius-l505-stainless-steel.jpg,2700K,CRI>90,DALI | 1-10V | Phase Dim,IP67,IK10,,"Individual segment · 2 end caps, 1 cable · opal cover · straight · 505mm long · 24V DC, driver separate · FL56 (56 LEDs/m) 9.6W/m",4.8W,314lm,65lm/W,Diffused,Datasheet=images/inground-radius/datasheets/IngroundR_I_EOP_H100_R0000_L0505_FL56Nx_G5_09W_T927_ORT1x.pdf;Specification=images/inground-radius/datasheets/inground-radius-specification.pdf;Brochure=files/holectron/holectron-inground-radius-brochure-2025.pdf
Inground Radius,,,,,,,,,,,,,,,,,,,,Inground Radius L505 24V 9.6W/m,IngroundR I EOP H100 R0000 L0505 / FL56/Nx G5 09W T930 / OR.T1x,Stainless Steel,images/inground-radius/inground-radius-l505-stainless-steel.jpg,3000K,CRI>90,DALI | 1-10V | Phase Dim,IP67,IK10,,"Individual segment · 2 end caps, 1 cable · opal cover · straight · 505mm long · 24V DC, driver separate · FL56 (56 LEDs/m) 9.6W/m",4.8W,330lm,69lm/W,Diffused,Datasheet=images/inground-radius/datasheets/IngroundR_I_EOP_H100_R0000_L0505_FL56Nx_G5_09W_T930_ORT1x.pdf;Specification=images/inground-radius/datasheets/inground-radius-specification.pdf;Brochure=files/holectron/holectron-inground-radius-brochure-2025.pdf
Inground Radius,,,,,,,,,,,,,,,,,,,,Inground Radius L505 24V 9.6W/m,IngroundR I EOP H100 R0000 L0505 / FL56/Nx G5 09W T940 / OR.T1x,Stainless Steel,images/inground-radius/inground-radius-l505-stainless-steel.jpg,4000K,CRI>90,DALI | 1-10V | Phase Dim,IP67,IK10,,"Individual segment · 2 end caps, 1 cable · opal cover · straight · 505mm long · 24V DC, driver separate · FL56 (56 LEDs/m) 9.6W/m",4.8W,343lm,71lm/W,Diffused,Datasheet=images/inground-radius/datasheets/IngroundR_I_EOP_H100_R0000_L0505_FL56Nx_G5_09W_T940_ORT1x.pdf;Specification=images/inground-radius/datasheets/inground-radius-specification.pdf;Brochure=files/holectron/holectron-inground-radius-brochure-2025.pdf
Inground Radius,,,,,,,,,,,,,,,,,,,,Inground Radius L505 48V 4.8W/m,IngroundR I EOP H100 R0000 L0505 / FL112/Nx.48V G5 04W 922 / OR.T1x,Stainless Steel,images/inground-radius/inground-radius-l505-stainless-steel.jpg,2200K,CRI>90,DALI | 1-10V | Phase Dim,IP67,IK10,,"Individual segment · 2 end caps, 1 cable · opal cover · straight · 505mm long · 48V DC, driver separate · FL112 (112 LEDs/m) 4.8W/m",2.4W,107lm,45lm/W,Diffused,Datasheet=images/inground-radius/datasheets/IngroundR_I_EOP_H100_R0000_L0505_FL112Nx48V_G5_04W_922_ORT1x.pdf;Specification=images/inground-radius/datasheets/inground-radius-specification.pdf;Brochure=files/holectron/holectron-inground-radius-brochure-2025.pdf
Inground Radius,,,,,,,,,,,,,,,,,,,,Inground Radius L505 48V 4.8W/m,IngroundR I EOP H100 R0000 L0505 / FL112/Nx.48V G5 04W T927 / OR.T1x,Stainless Steel,images/inground-radius/inground-radius-l505-stainless-steel.jpg,2700K,CRI>90,DALI | 1-10V | Phase Dim,IP67,IK10,,"Individual segment · 2 end caps, 1 cable · opal cover · straight · 505mm long · 48V DC, driver separate · FL112 (112 LEDs/m) 4.8W/m",2.4W,161lm,67lm/W,Diffused,Datasheet=images/inground-radius/datasheets/IngroundR_I_EOP_H100_R0000_L0505_FL112Nx48V_G5_04W_T927_ORT1x.pdf;Specification=images/inground-radius/datasheets/inground-radius-specification.pdf;Brochure=files/holectron/holectron-inground-radius-brochure-2025.pdf
Inground Radius,,,,,,,,,,,,,,,,,,,,Inground Radius L505 48V 4.8W/m,IngroundR I EOP H100 R0000 L0505 / FL112/Nx.48V G5 04W T930 / OR.T1x,Stainless Steel,images/inground-radius/inground-radius-l505-stainless-steel.jpg,3000K,CRI>90,DALI | 1-10V | Phase Dim,IP67,IK10,,"Individual segment · 2 end caps, 1 cable · opal cover · straight · 505mm long · 48V DC, driver separate · FL112 (112 LEDs/m) 4.8W/m",2.4W,170lm,71lm/W,Diffused,Datasheet=images/inground-radius/datasheets/IngroundR_I_EOP_H100_R0000_L0505_FL112Nx48V_G5_04W_T930_ORT1x.pdf;Specification=images/inground-radius/datasheets/inground-radius-specification.pdf;Brochure=files/holectron/holectron-inground-radius-brochure-2025.pdf
Inground Radius,,,,,,,,,,,,,,,,,,,,Inground Radius L505 48V 4.8W/m,IngroundR I EOP H100 R0000 L0505 / FL112/Nx.48V G5 04W T940 / OR.T1x,Stainless Steel,images/inground-radius/inground-radius-l505-stainless-steel.jpg,4000K,CRI>90,DALI | 1-10V | Phase Dim,IP67,IK10,,"Individual segment · 2 end caps, 1 cable · opal cover · straight · 505mm long · 48V DC, driver separate · FL112 (112 LEDs/m) 4.8W/m",2.4W,176lm,73lm/W,Diffused,Datasheet=images/inground-radius/datasheets/IngroundR_I_EOP_H100_R0000_L0505_FL112Nx48V_G5_04W_T940_ORT1x.pdf;Specification=images/inground-radius/datasheets/inground-radius-specification.pdf;Brochure=files/holectron/holectron-inground-radius-brochure-2025.pdf
Inground Radius,,,,,,,,,,,,,,,,,,,,Inground Radius L505 48V 9.6W/m,IngroundR I EOP H100 R0000 L0505 / FL112/Nx.48V G5 09W 922 / OR.T1x,Stainless Steel,images/inground-radius/inground-radius-l505-stainless-steel.jpg,2200K,CRI>90,DALI | 1-10V | Phase Dim,IP67,IK10,,"Individual segment · 2 end caps, 1 cable · opal cover · straight · 505mm long · 48V DC, driver separate · FL112 (112 LEDs/m) 9.6W/m",4.8W,209lm,44lm/W,Diffused,Datasheet=images/inground-radius/datasheets/IngroundR_I_EOP_H100_R0000_L0505_FL112Nx48V_G5_09W_922_ORT1x.pdf;Specification=images/inground-radius/datasheets/inground-radius-specification.pdf;Brochure=files/holectron/holectron-inground-radius-brochure-2025.pdf
Inground Radius,,,,,,,,,,,,,,,,,,,,Inground Radius L505 48V 9.6W/m,IngroundR I EOP H100 R0000 L0505 / FL112/Nx.48V G5 09W T927 / OR.T1x,Stainless Steel,images/inground-radius/inground-radius-l505-stainless-steel.jpg,2700K,CRI>90,DALI | 1-10V | Phase Dim,IP67,IK10,,"Individual segment · 2 end caps, 1 cable · opal cover · straight · 505mm long · 48V DC, driver separate · FL112 (112 LEDs/m) 9.6W/m",4.8W,320lm,67lm/W,Diffused,Datasheet=images/inground-radius/datasheets/IngroundR_I_EOP_H100_R0000_L0505_FL112Nx48V_G5_09W_T927_ORT1x.pdf;Specification=images/inground-radius/datasheets/inground-radius-specification.pdf;Brochure=files/holectron/holectron-inground-radius-brochure-2025.pdf
Inground Radius,,,,,,,,,,,,,,,,,,,,Inground Radius L505 48V 9.6W/m,IngroundR I EOP H100 R0000 L0505 / FL112/Nx.48V G5 09W T930 / OR.T1x,Stainless Steel,images/inground-radius/inground-radius-l505-stainless-steel.jpg,3000K,CRI>90,DALI | 1-10V | Phase Dim,IP67,IK10,,"Individual segment · 2 end caps, 1 cable · opal cover · straight · 505mm long · 48V DC, driver separate · FL112 (112 LEDs/m) 9.6W/m",4.8W,336lm,70lm/W,Diffused,Datasheet=images/inground-radius/datasheets/IngroundR_I_EOP_H100_R0000_L0505_FL112Nx48V_G5_09W_T930_ORT1x.pdf;Specification=images/inground-radius/datasheets/inground-radius-specification.pdf;Brochure=files/holectron/holectron-inground-radius-brochure-2025.pdf
Inground Radius,,,,,,,,,,,,,,,,,,,,Inground Radius L505 48V 9.6W/m,IngroundR I EOP H100 R0000 L0505 / FL112/Nx.48V G5 09W T940 / OR.T1x,Stainless Steel,images/inground-radius/inground-radius-l505-stainless-steel.jpg,4000K,CRI>90,DALI | 1-10V | Phase Dim,IP67,IK10,,"Individual segment · 2 end caps, 1 cable · opal cover · straight · 505mm long · 48V DC, driver separate · FL112 (112 LEDs/m) 9.6W/m",4.8W,349lm,73lm/W,Diffused,Datasheet=images/inground-radius/datasheets/IngroundR_I_EOP_H100_R0000_L0505_FL112Nx48V_G5_09W_T940_ORT1x.pdf;Specification=images/inground-radius/datasheets/inground-radius-specification.pdf;Brochure=files/holectron/holectron-inground-radius-brochure-2025.pdf
Inground Radius,,,,,,,,,,,,,,,,,,,,Inground Radius L1005 24V 2.4W/m,IngroundR I EOP H100 R0000 L1005 / FL56/Nx G5 02W 922 / OR.T1x,Stainless Steel,images/inground-radius/inground-radius-l1005-stainless-steel.jpg,2200K,CRI>90,DALI | 1-10V | Phase Dim,IP67,IK10,,"Individual segment · 2 end caps, 1 cable · opal cover · straight · 1005mm long · 24V DC, driver separate · FL56 (56 LEDs/m) 2.4W/m",2.4W,106lm,44lm/W,Diffused,Datasheet=images/inground-radius/datasheets/IngroundR_I_EOP_H100_R0000_L1005_FL56Nx_G5_02W_922_ORT1x.pdf;Specification=images/inground-radius/datasheets/inground-radius-specification.pdf;Brochure=files/holectron/holectron-inground-radius-brochure-2025.pdf
Inground Radius,,,,,,,,,,,,,,,,,,,,Inground Radius L1005 24V 2.4W/m,IngroundR I EOP H100 R0000 L1005 / FL56/Nx G5 02W T927 / OR.T1x,Stainless Steel,images/inground-radius/inground-radius-l1005-stainless-steel.jpg,2700K,CRI>90,DALI | 1-10V | Phase Dim,IP67,IK10,,"Individual segment · 2 end caps, 1 cable · opal cover · straight · 1005mm long · 24V DC, driver separate · FL56 (56 LEDs/m) 2.4W/m",2.4W,161lm,67lm/W,Diffused,Datasheet=images/inground-radius/datasheets/IngroundR_I_EOP_H100_R0000_L1005_FL56Nx_G5_02W_T927_ORT1x.pdf;Specification=images/inground-radius/datasheets/inground-radius-specification.pdf;Brochure=files/holectron/holectron-inground-radius-brochure-2025.pdf
Inground Radius,,,,,,,,,,,,,,,,,,,,Inground Radius L1005 24V 2.4W/m,IngroundR I EOP H100 R0000 L1005 / FL56/Nx G5 02W T930 / OR.T1x,Stainless Steel,images/inground-radius/inground-radius-l1005-stainless-steel.jpg,3000K,CRI>90,DALI | 1-10V | Phase Dim,IP67,IK10,,"Individual segment · 2 end caps, 1 cable · opal cover · straight · 1005mm long · 24V DC, driver separate · FL56 (56 LEDs/m) 2.4W/m",2.4W,169lm,70lm/W,Diffused,Datasheet=images/inground-radius/datasheets/IngroundR_I_EOP_H100_R0000_L1005_FL56Nx_G5_02W_T930_ORT1x.pdf;Specification=images/inground-radius/datasheets/inground-radius-specification.pdf;Brochure=files/holectron/holectron-inground-radius-brochure-2025.pdf
Inground Radius,,,,,,,,,,,,,,,,,,,,Inground Radius L1005 24V 2.4W/m,IngroundR I EOP H100 R0000 L1005 / FL56/Nx G5 02W T940 / OR.T1x,Stainless Steel,images/inground-radius/inground-radius-l1005-stainless-steel.jpg,4000K,CRI>90,DALI | 1-10V | Phase Dim,IP67,IK10,,"Individual segment · 2 end caps, 1 cable · opal cover · straight · 1005mm long · 24V DC, driver separate · FL56 (56 LEDs/m) 2.4W/m",2.4W,176lm,73lm/W,Diffused,Datasheet=images/inground-radius/datasheets/IngroundR_I_EOP_H100_R0000_L1005_FL56Nx_G5_02W_T940_ORT1x.pdf;Specification=images/inground-radius/datasheets/inground-radius-specification.pdf;Brochure=files/holectron/holectron-inground-radius-brochure-2025.pdf
Inground Radius,,,,,,,,,,,,,,,,,,,,Inground Radius L1005 24V 4.8W/m,IngroundR I EOP H100 R0000 L1005 / FL56/Nx G5 04W 922 / OR.T1x,Stainless Steel,images/inground-radius/inground-radius-l1005-stainless-steel.jpg,2200K,CRI>90,DALI | 1-10V | Phase Dim,IP67,IK10,,"Individual segment · 2 end caps, 1 cable · opal cover · straight · 1005mm long · 24V DC, driver separate · FL56 (56 LEDs/m) 4.8W/m",4.8W,209lm,44lm/W,Diffused,Datasheet=images/inground-radius/datasheets/IngroundR_I_EOP_H100_R0000_L1005_FL56Nx_G5_04W_922_ORT1x.pdf;Specification=images/inground-radius/datasheets/inground-radius-specification.pdf;Brochure=files/holectron/holectron-inground-radius-brochure-2025.pdf
Inground Radius,,,,,,,,,,,,,,,,,,,,Inground Radius L1005 24V 4.8W/m,IngroundR I EOP H100 R0000 L1005 / FL56/Nx G5 04W T927 / OR.T1x,Stainless Steel,images/inground-radius/inground-radius-l1005-stainless-steel.jpg,2700K,CRI>90,DALI | 1-10V | Phase Dim,IP67,IK10,,"Individual segment · 2 end caps, 1 cable · opal cover · straight · 1005mm long · 24V DC, driver separate · FL56 (56 LEDs/m) 4.8W/m",4.8W,320lm,67lm/W,Diffused,Datasheet=images/inground-radius/datasheets/IngroundR_I_EOP_H100_R0000_L1005_FL56Nx_G5_04W_T927_ORT1x.pdf;Specification=images/inground-radius/datasheets/inground-radius-specification.pdf;Brochure=files/holectron/holectron-inground-radius-brochure-2025.pdf
Inground Radius,,,,,,,,,,,,,,,,,,,,Inground Radius L1005 24V 4.8W/m,IngroundR I EOP H100 R0000 L1005 / FL56/Nx G5 04W T930 / OR.T1x,Stainless Steel,images/inground-radius/inground-radius-l1005-stainless-steel.jpg,3000K,CRI>90,DALI | 1-10V | Phase Dim,IP67,IK10,,"Individual segment · 2 end caps, 1 cable · opal cover · straight · 1005mm long · 24V DC, driver separate · FL56 (56 LEDs/m) 4.8W/m",4.8W,336lm,70lm/W,Diffused,Datasheet=images/inground-radius/datasheets/IngroundR_I_EOP_H100_R0000_L1005_FL56Nx_G5_04W_T930_ORT1x.pdf;Specification=images/inground-radius/datasheets/inground-radius-specification.pdf;Brochure=files/holectron/holectron-inground-radius-brochure-2025.pdf
Inground Radius,,,,,,,,,,,,,,,,,,,,Inground Radius L1005 24V 4.8W/m,IngroundR I EOP H100 R0000 L1005 / FL56/Nx G5 04W T940 / OR.T1x,Stainless Steel,images/inground-radius/inground-radius-l1005-stainless-steel.jpg,4000K,CRI>90,DALI | 1-10V | Phase Dim,IP67,IK10,,"Individual segment · 2 end caps, 1 cable · opal cover · straight · 1005mm long · 24V DC, driver separate · FL56 (56 LEDs/m) 4.8W/m",4.8W,349lm,73lm/W,Diffused,Datasheet=images/inground-radius/datasheets/IngroundR_I_EOP_H100_R0000_L1005_FL56Nx_G5_04W_T940_ORT1x.pdf;Specification=images/inground-radius/datasheets/inground-radius-specification.pdf;Brochure=files/holectron/holectron-inground-radius-brochure-2025.pdf
Inground Radius,,,,,,,,,,,,,,,,,,,,Inground Radius L1005 24V 9.6W/m,IngroundR I EOP H100 R0000 L1005 / FL56/Nx G5 09W 922 / OR.T1x,Stainless Steel,images/inground-radius/inground-radius-l1005-stainless-steel.jpg,2200K,CRI>90,DALI | 1-10V | Phase Dim,IP67,IK10,,"Individual segment · 2 end caps, 1 cable · opal cover · straight · 1005mm long · 24V DC, driver separate · FL56 (56 LEDs/m) 9.6W/m",9.6W,407lm,42lm/W,Diffused,Datasheet=images/inground-radius/datasheets/IngroundR_I_EOP_H100_R0000_L1005_FL56Nx_G5_09W_922_ORT1x.pdf;Specification=images/inground-radius/datasheets/inground-radius-specification.pdf;Brochure=files/holectron/holectron-inground-radius-brochure-2025.pdf
Inground Radius,,,,,,,,,,,,,,,,,,,,Inground Radius L1005 24V 9.6W/m,IngroundR I EOP H100 R0000 L1005 / FL56/Nx G5 09W T927 / OR.T1x,Stainless Steel,images/inground-radius/inground-radius-l1005-stainless-steel.jpg,2700K,CRI>90,DALI | 1-10V | Phase Dim,IP67,IK10,,"Individual segment · 2 end caps, 1 cable · opal cover · straight · 1005mm long · 24V DC, driver separate · FL56 (56 LEDs/m) 9.6W/m",9.6W,627lm,65lm/W,Diffused,Datasheet=images/inground-radius/datasheets/IngroundR_I_EOP_H100_R0000_L1005_FL56Nx_G5_09W_T927_ORT1x.pdf;Specification=images/inground-radius/datasheets/inground-radius-specification.pdf;Brochure=files/holectron/holectron-inground-radius-brochure-2025.pdf
Inground Radius,,,,,,,,,,,,,,,,,,,,Inground Radius L1005 24V 9.6W/m,IngroundR I EOP H100 R0000 L1005 / FL56/Nx G5 09W T930 / OR.T1x,Stainless Steel,images/inground-radius/inground-radius-l1005-stainless-steel.jpg,3000K,CRI>90,DALI | 1-10V | Phase Dim,IP67,IK10,,"Individual segment · 2 end caps, 1 cable · opal cover · straight · 1005mm long · 24V DC, driver separate · FL56 (56 LEDs/m) 9.6W/m",9.6W,660lm,69lm/W,Diffused,Datasheet=images/inground-radius/datasheets/IngroundR_I_EOP_H100_R0000_L1005_FL56Nx_G5_09W_T930_ORT1x.pdf;Specification=images/inground-radius/datasheets/inground-radius-specification.pdf;Brochure=files/holectron/holectron-inground-radius-brochure-2025.pdf
Inground Radius,,,,,,,,,,,,,,,,,,,,Inground Radius L1005 24V 9.6W/m,IngroundR I EOP H100 R0000 L1005 / FL56/Nx G5 09W T940 / OR.T1x,Stainless Steel,images/inground-radius/inground-radius-l1005-stainless-steel.jpg,4000K,CRI>90,DALI | 1-10V | Phase Dim,IP67,IK10,,"Individual segment · 2 end caps, 1 cable · opal cover · straight · 1005mm long · 24V DC, driver separate · FL56 (56 LEDs/m) 9.6W/m",9.6W,686lm,71lm/W,Diffused,Datasheet=images/inground-radius/datasheets/IngroundR_I_EOP_H100_R0000_L1005_FL56Nx_G5_09W_T940_ORT1x.pdf;Specification=images/inground-radius/datasheets/inground-radius-specification.pdf;Brochure=files/holectron/holectron-inground-radius-brochure-2025.pdf
Inground Radius,,,,,,,,,,,,,,,,,,,,Inground Radius L1005 48V 4.8W/m,IngroundR I EOP H100 R0000 L1005 / FL112/Nx.48V G5 04W 922 / OR.T1x,Stainless Steel,images/inground-radius/inground-radius-l1005-stainless-steel.jpg,2200K,CRI>90,DALI | 1-10V | Phase Dim,IP67,IK10,,"Individual segment · 2 end caps, 1 cable · opal cover · straight · 1005mm long · 48V DC, driver separate · FL112 (112 LEDs/m) 4.8W/m",4.8W,214lm,45lm/W,Diffused,Datasheet=images/inground-radius/datasheets/IngroundR_I_EOP_H100_R0000_L1005_FL112Nx48V_G5_04W_922_ORT1x.pdf;Specification=images/inground-radius/datasheets/inground-radius-specification.pdf;Brochure=files/holectron/holectron-inground-radius-brochure-2025.pdf
Inground Radius,,,,,,,,,,,,,,,,,,,,Inground Radius L1005 48V 4.8W/m,IngroundR I EOP H100 R0000 L1005 / FL112/Nx.48V G5 04W T927 / OR.T1x,Stainless Steel,images/inground-radius/inground-radius-l1005-stainless-steel.jpg,2700K,CRI>90,DALI | 1-10V | Phase Dim,IP67,IK10,,"Individual segment · 2 end caps, 1 cable · opal cover · straight · 1005mm long · 48V DC, driver separate · FL112 (112 LEDs/m) 4.8W/m",4.8W,322lm,67lm/W,Diffused,Datasheet=images/inground-radius/datasheets/IngroundR_I_EOP_H100_R0000_L1005_FL112Nx48V_G5_04W_T927_ORT1x.pdf;Specification=images/inground-radius/datasheets/inground-radius-specification.pdf;Brochure=files/holectron/holectron-inground-radius-brochure-2025.pdf
Inground Radius,,,,,,,,,,,,,,,,,,,,Inground Radius L1005 48V 4.8W/m,IngroundR I EOP H100 R0000 L1005 / FL112/Nx.48V G5 04W T930 / OR.T1x,Stainless Steel,images/inground-radius/inground-radius-l1005-stainless-steel.jpg,3000K,CRI>90,DALI | 1-10V | Phase Dim,IP67,IK10,,"Individual segment · 2 end caps, 1 cable · opal cover · straight · 1005mm long · 48V DC, driver separate · FL112 (112 LEDs/m) 4.8W/m",4.8W,339lm,71lm/W,Diffused,Datasheet=images/inground-radius/datasheets/IngroundR_I_EOP_H100_R0000_L1005_FL112Nx48V_G5_04W_T930_ORT1x.pdf;Specification=images/inground-radius/datasheets/inground-radius-specification.pdf;Brochure=files/holectron/holectron-inground-radius-brochure-2025.pdf
Inground Radius,,,,,,,,,,,,,,,,,,,,Inground Radius L1005 48V 4.8W/m,IngroundR I EOP H100 R0000 L1005 / FL112/Nx.48V G5 04W T940 / OR.T1x,Stainless Steel,images/inground-radius/inground-radius-l1005-stainless-steel.jpg,4000K,CRI>90,DALI | 1-10V | Phase Dim,IP67,IK10,,"Individual segment · 2 end caps, 1 cable · opal cover · straight · 1005mm long · 48V DC, driver separate · FL112 (112 LEDs/m) 4.8W/m",4.8W,352lm,73lm/W,Diffused,Datasheet=images/inground-radius/datasheets/IngroundR_I_EOP_H100_R0000_L1005_FL112Nx48V_G5_04W_T940_ORT1x.pdf;Specification=images/inground-radius/datasheets/inground-radius-specification.pdf;Brochure=files/holectron/holectron-inground-radius-brochure-2025.pdf
Inground Radius,,,,,,,,,,,,,,,,,,,,Inground Radius L1005 48V 9.6W/m,IngroundR I EOP H100 R0000 L1005 / FL112/Nx.48V G5 09W 922 / OR.T1x,Stainless Steel,images/inground-radius/inground-radius-l1005-stainless-steel.jpg,2200K,CRI>90,DALI | 1-10V | Phase Dim,IP67,IK10,,"Individual segment · 2 end caps, 1 cable · opal cover · straight · 1005mm long · 48V DC, driver separate · FL112 (112 LEDs/m) 9.6W/m",9.6W,418lm,44lm/W,Diffused,Datasheet=images/inground-radius/datasheets/IngroundR_I_EOP_H100_R0000_L1005_FL112Nx48V_G5_09W_922_ORT1x.pdf;Specification=images/inground-radius/datasheets/inground-radius-specification.pdf;Brochure=files/holectron/holectron-inground-radius-brochure-2025.pdf
Inground Radius,,,,,,,,,,,,,,,,,,,,Inground Radius L1005 48V 9.6W/m,IngroundR I EOP H100 R0000 L1005 / FL112/Nx.48V G5 09W T927 / OR.T1x,Stainless Steel,images/inground-radius/inground-radius-l1005-stainless-steel.jpg,2700K,CRI>90,DALI | 1-10V | Phase Dim,IP67,IK10,,"Individual segment · 2 end caps, 1 cable · opal cover · straight · 1005mm long · 48V DC, driver separate · FL112 (112 LEDs/m) 9.6W/m",9.6W,639lm,67lm/W,Diffused,Datasheet=images/inground-radius/datasheets/IngroundR_I_EOP_H100_R0000_L1005_FL112Nx48V_G5_09W_T927_ORT1x.pdf;Specification=images/inground-radius/datasheets/inground-radius-specification.pdf;Brochure=files/holectron/holectron-inground-radius-brochure-2025.pdf
Inground Radius,,,,,,,,,,,,,,,,,,,,Inground Radius L1005 48V 9.6W/m,IngroundR I EOP H100 R0000 L1005 / FL112/Nx.48V G5 09W T930 / OR.T1x,Stainless Steel,images/inground-radius/inground-radius-l1005-stainless-steel.jpg,3000K,CRI>90,DALI | 1-10V | Phase Dim,IP67,IK10,,"Individual segment · 2 end caps, 1 cable · opal cover · straight · 1005mm long · 48V DC, driver separate · FL112 (112 LEDs/m) 9.6W/m",9.6W,672lm,70lm/W,Diffused,Datasheet=images/inground-radius/datasheets/IngroundR_I_EOP_H100_R0000_L1005_FL112Nx48V_G5_09W_T930_ORT1x.pdf;Specification=images/inground-radius/datasheets/inground-radius-specification.pdf;Brochure=files/holectron/holectron-inground-radius-brochure-2025.pdf
Inground Radius,,,,,,,,,,,,,,,,,,,,Inground Radius L1005 48V 9.6W/m,IngroundR I EOP H100 R0000 L1005 / FL112/Nx.48V G5 09W T940 / OR.T1x,Stainless Steel,images/inground-radius/inground-radius-l1005-stainless-steel.jpg,4000K,CRI>90,DALI | 1-10V | Phase Dim,IP67,IK10,,"Individual segment · 2 end caps, 1 cable · opal cover · straight · 1005mm long · 48V DC, driver separate · FL112 (112 LEDs/m) 9.6W/m",9.6W,698lm,73lm/W,Diffused,Datasheet=images/inground-radius/datasheets/IngroundR_I_EOP_H100_R0000_L1005_FL112Nx48V_G5_09W_T940_ORT1x.pdf;Specification=images/inground-radius/datasheets/inground-radius-specification.pdf;Brochure=files/holectron/holectron-inground-radius-brochure-2025.pdf
Inground Radius,,,,,,,,,,,,,,,,,,,,Inground Radius R272 24V 2.4W/m,IngroundR I EOP H100 R0272 L0404 / FL56/Nx G5 02W 922 / OR.T1x,Stainless Steel,images/inground-radius/inground-radius-r272-stainless-steel.jpg,2200K,CRI>90,DALI | 1-10V | Phase Dim,IP67,IK10,,"Individual segment · 2 end caps, 1 cable · opal cover · curve R272mm, 90° · 404mm long · 24V DC, driver separate · FL56 (56 LEDs/m) 2.4W/m",0.9W,40lm,44lm/W,Diffused,Datasheet=images/inground-radius/datasheets/IngroundR_I_EOP_H100_R0272_L0404_FL56Nx_G5_02W_922_ORT1x.pdf;Specification=images/inground-radius/datasheets/inground-radius-specification.pdf;Brochure=files/holectron/holectron-inground-radius-brochure-2025.pdf
Inground Radius,,,,,,,,,,,,,,,,,,,,Inground Radius R272 24V 2.4W/m,IngroundR I EOP H100 R0272 L0404 / FL56/Nx G5 02W T927 / OR.T1x,Stainless Steel,images/inground-radius/inground-radius-r272-stainless-steel.jpg,2700K,CRI>90,DALI | 1-10V | Phase Dim,IP67,IK10,,"Individual segment · 2 end caps, 1 cable · opal cover · curve R272mm, 90° · 404mm long · 24V DC, driver separate · FL56 (56 LEDs/m) 2.4W/m",0.9W,60lm,67lm/W,Diffused,Datasheet=images/inground-radius/datasheets/IngroundR_I_EOP_H100_R0272_L0404_FL56Nx_G5_02W_T927_ORT1x.pdf;Specification=images/inground-radius/datasheets/inground-radius-specification.pdf;Brochure=files/holectron/holectron-inground-radius-brochure-2025.pdf
Inground Radius,,,,,,,,,,,,,,,,,,,,Inground Radius R272 24V 2.4W/m,IngroundR I EOP H100 R0272 L0404 / FL56/Nx G5 02W T930 / OR.T1x,Stainless Steel,images/inground-radius/inground-radius-r272-stainless-steel.jpg,3000K,CRI>90,DALI | 1-10V | Phase Dim,IP67,IK10,,"Individual segment · 2 end caps, 1 cable · opal cover · curve R272mm, 90° · 404mm long · 24V DC, driver separate · FL56 (56 LEDs/m) 2.4W/m",0.9W,63lm,70lm/W,Diffused,Datasheet=images/inground-radius/datasheets/IngroundR_I_EOP_H100_R0272_L0404_FL56Nx_G5_02W_T930_ORT1x.pdf;Specification=images/inground-radius/datasheets/inground-radius-specification.pdf;Brochure=files/holectron/holectron-inground-radius-brochure-2025.pdf
Inground Radius,,,,,,,,,,,,,,,,,,,,Inground Radius R272 24V 2.4W/m,IngroundR I EOP H100 R0272 L0404 / FL56/Nx G5 02W T940 / OR.T1x,Stainless Steel,images/inground-radius/inground-radius-r272-stainless-steel.jpg,4000K,CRI>90,DALI | 1-10V | Phase Dim,IP67,IK10,,"Individual segment · 2 end caps, 1 cable · opal cover · curve R272mm, 90° · 404mm long · 24V DC, driver separate · FL56 (56 LEDs/m) 2.4W/m",0.9W,66lm,73lm/W,Diffused,Datasheet=images/inground-radius/datasheets/IngroundR_I_EOP_H100_R0272_L0404_FL56Nx_G5_02W_T940_ORT1x.pdf;Specification=images/inground-radius/datasheets/inground-radius-specification.pdf;Brochure=files/holectron/holectron-inground-radius-brochure-2025.pdf
Inground Radius,,,,,,,,,,,,,,,,,,,,Inground Radius R272 24V 4.8W/m,IngroundR I EOP H100 R0272 L0404 / FL56/Nx G5 04W 922 / OR.T1x,Stainless Steel,images/inground-radius/inground-radius-r272-stainless-steel.jpg,2200K,CRI>90,DALI | 1-10V | Phase Dim,IP67,IK10,,"Individual segment · 2 end caps, 1 cable · opal cover · curve R272mm, 90° · 404mm long · 24V DC, driver separate · FL56 (56 LEDs/m) 4.8W/m",1.8W,78lm,43lm/W,Diffused,Datasheet=images/inground-radius/datasheets/IngroundR_I_EOP_H100_R0272_L0404_FL56Nx_G5_04W_922_ORT1x.pdf;Specification=images/inground-radius/datasheets/inground-radius-specification.pdf;Brochure=files/holectron/holectron-inground-radius-brochure-2025.pdf
Inground Radius,,,,,,,,,,,,,,,,,,,,Inground Radius R272 24V 4.8W/m,IngroundR I EOP H100 R0272 L0404 / FL56/Nx G5 04W T927 / OR.T1x,Stainless Steel,images/inground-radius/inground-radius-r272-stainless-steel.jpg,2700K,CRI>90,DALI | 1-10V | Phase Dim,IP67,IK10,,"Individual segment · 2 end caps, 1 cable · opal cover · curve R272mm, 90° · 404mm long · 24V DC, driver separate · FL56 (56 LEDs/m) 4.8W/m",1.8W,120lm,67lm/W,Diffused,Datasheet=images/inground-radius/datasheets/IngroundR_I_EOP_H100_R0272_L0404_FL56Nx_G5_04W_T927_ORT1x.pdf;Specification=images/inground-radius/datasheets/inground-radius-specification.pdf;Brochure=files/holectron/holectron-inground-radius-brochure-2025.pdf
Inground Radius,,,,,,,,,,,,,,,,,,,,Inground Radius R272 24V 4.8W/m,IngroundR I EOP H100 R0272 L0404 / FL56/Nx G5 04W T930 / OR.T1x,Stainless Steel,images/inground-radius/inground-radius-r272-stainless-steel.jpg,3000K,CRI>90,DALI | 1-10V | Phase Dim,IP67,IK10,,"Individual segment · 2 end caps, 1 cable · opal cover · curve R272mm, 90° · 404mm long · 24V DC, driver separate · FL56 (56 LEDs/m) 4.8W/m",1.8W,126lm,70lm/W,Diffused,Datasheet=images/inground-radius/datasheets/IngroundR_I_EOP_H100_R0272_L0404_FL56Nx_G5_04W_T930_ORT1x.pdf;Specification=images/inground-radius/datasheets/inground-radius-specification.pdf;Brochure=files/holectron/holectron-inground-radius-brochure-2025.pdf
Inground Radius,,,,,,,,,,,,,,,,,,,,Inground Radius R272 24V 4.8W/m,IngroundR I EOP H100 R0272 L0404 / FL56/Nx G5 04W T940 / OR.T1x,Stainless Steel,images/inground-radius/inground-radius-r272-stainless-steel.jpg,4000K,CRI>90,DALI | 1-10V | Phase Dim,IP67,IK10,,"Individual segment · 2 end caps, 1 cable · opal cover · curve R272mm, 90° · 404mm long · 24V DC, driver separate · FL56 (56 LEDs/m) 4.8W/m",1.8W,131lm,73lm/W,Diffused,Datasheet=images/inground-radius/datasheets/IngroundR_I_EOP_H100_R0272_L0404_FL56Nx_G5_04W_T940_ORT1x.pdf;Specification=images/inground-radius/datasheets/inground-radius-specification.pdf;Brochure=files/holectron/holectron-inground-radius-brochure-2025.pdf
Inground Radius,,,,,,,,,,,,,,,,,,,,Inground Radius R272 24V 9.6W/m,IngroundR I EOP H100 R0272 L0404 / FL56/Nx G5 09W 922 / OR.T1x,Stainless Steel,images/inground-radius/inground-radius-r272-stainless-steel.jpg,2200K,CRI>90,DALI | 1-10V | Phase Dim,IP67,IK10,,"Individual segment · 2 end caps, 1 cable · opal cover · curve R272mm, 90° · 404mm long · 24V DC, driver separate · FL56 (56 LEDs/m) 9.6W/m",3.6W,153lm,43lm/W,Diffused,Datasheet=images/inground-radius/datasheets/IngroundR_I_EOP_H100_R0272_L0404_FL56Nx_G5_09W_922_ORT1x.pdf;Specification=images/inground-radius/datasheets/inground-radius-specification.pdf;Brochure=files/holectron/holectron-inground-radius-brochure-2025.pdf
Inground Radius,,,,,,,,,,,,,,,,,,,,Inground Radius R272 24V 9.6W/m,IngroundR I EOP H100 R0272 L0404 / FL56/Nx G5 09W T927 / OR.T1x,Stainless Steel,images/inground-radius/inground-radius-r272-stainless-steel.jpg,2700K,CRI>90,DALI | 1-10V | Phase Dim,IP67,IK10,,"Individual segment · 2 end caps, 1 cable · opal cover · curve R272mm, 90° · 404mm long · 24V DC, driver separate · FL56 (56 LEDs/m) 9.6W/m",3.6W,235lm,65lm/W,Diffused,Datasheet=images/inground-radius/datasheets/IngroundR_I_EOP_H100_R0272_L0404_FL56Nx_G5_09W_T927_ORT1x.pdf;Specification=images/inground-radius/datasheets/inground-radius-specification.pdf;Brochure=files/holectron/holectron-inground-radius-brochure-2025.pdf
Inground Radius,,,,,,,,,,,,,,,,,,,,Inground Radius R272 24V 9.6W/m,IngroundR I EOP H100 R0272 L0404 / FL56/Nx G5 09W T930 / OR.T1x,Stainless Steel,images/inground-radius/inground-radius-r272-stainless-steel.jpg,3000K,CRI>90,DALI | 1-10V | Phase Dim,IP67,IK10,,"Individual segment · 2 end caps, 1 cable · opal cover · curve R272mm, 90° · 404mm long · 24V DC, driver separate · FL56 (56 LEDs/m) 9.6W/m",3.6W,247lm,69lm/W,Diffused,Datasheet=images/inground-radius/datasheets/IngroundR_I_EOP_H100_R0272_L0404_FL56Nx_G5_09W_T930_ORT1x.pdf;Specification=images/inground-radius/datasheets/inground-radius-specification.pdf;Brochure=files/holectron/holectron-inground-radius-brochure-2025.pdf
Inground Radius,,,,,,,,,,,,,,,,,,,,Inground Radius R272 24V 9.6W/m,IngroundR I EOP H100 R0272 L0404 / FL56/Nx G5 09W T940 / OR.T1x,Stainless Steel,images/inground-radius/inground-radius-r272-stainless-steel.jpg,4000K,CRI>90,DALI | 1-10V | Phase Dim,IP67,IK10,,"Individual segment · 2 end caps, 1 cable · opal cover · curve R272mm, 90° · 404mm long · 24V DC, driver separate · FL56 (56 LEDs/m) 9.6W/m",3.6W,257lm,71lm/W,Diffused,Datasheet=images/inground-radius/datasheets/IngroundR_I_EOP_H100_R0272_L0404_FL56Nx_G5_09W_T940_ORT1x.pdf;Specification=images/inground-radius/datasheets/inground-radius-specification.pdf;Brochure=files/holectron/holectron-inground-radius-brochure-2025.pdf
Inground Radius,,,,,,,,,,,,,,,,,,,,Inground Radius R272 48V 4.8W/m,IngroundR I EOP H100 R0272 L0404 / FL112/Nx.48V G5 04W 922 / OR.T1x,Stainless Steel,images/inground-radius/inground-radius-r272-stainless-steel.jpg,2200K,CRI>90,DALI | 1-10V | Phase Dim,IP67,IK10,,"Individual segment · 2 end caps, 1 cable · opal cover · curve R272mm, 90° · 404mm long · 48V DC, driver separate · FL112 (112 LEDs/m) 4.8W/m",1.8W,80lm,44lm/W,Diffused,Datasheet=images/inground-radius/datasheets/IngroundR_I_EOP_H100_R0272_L0404_FL112Nx48V_G5_04W_922_ORT1x.pdf;Specification=images/inground-radius/datasheets/inground-radius-specification.pdf;Brochure=files/holectron/holectron-inground-radius-brochure-2025.pdf
Inground Radius,,,,,,,,,,,,,,,,,,,,Inground Radius R272 48V 4.8W/m,IngroundR I EOP H100 R0272 L0404 / FL112/Nx.48V G5 04W T927 / OR.T1x,Stainless Steel,images/inground-radius/inground-radius-r272-stainless-steel.jpg,2700K,CRI>90,DALI | 1-10V | Phase Dim,IP67,IK10,,"Individual segment · 2 end caps, 1 cable · opal cover · curve R272mm, 90° · 404mm long · 48V DC, driver separate · FL112 (112 LEDs/m) 4.8W/m",1.8W,121lm,67lm/W,Diffused,Datasheet=images/inground-radius/datasheets/IngroundR_I_EOP_H100_R0272_L0404_FL112Nx48V_G5_04W_T927_ORT1x.pdf;Specification=images/inground-radius/datasheets/inground-radius-specification.pdf;Brochure=files/holectron/holectron-inground-radius-brochure-2025.pdf
Inground Radius,,,,,,,,,,,,,,,,,,,,Inground Radius R272 48V 4.8W/m,IngroundR I EOP H100 R0272 L0404 / FL112/Nx.48V G5 04W T930 / OR.T1x,Stainless Steel,images/inground-radius/inground-radius-r272-stainless-steel.jpg,3000K,CRI>90,DALI | 1-10V | Phase Dim,IP67,IK10,,"Individual segment · 2 end caps, 1 cable · opal cover · curve R272mm, 90° · 404mm long · 48V DC, driver separate · FL112 (112 LEDs/m) 4.8W/m",1.8W,127lm,71lm/W,Diffused,Datasheet=images/inground-radius/datasheets/IngroundR_I_EOP_H100_R0272_L0404_FL112Nx48V_G5_04W_T930_ORT1x.pdf;Specification=images/inground-radius/datasheets/inground-radius-specification.pdf;Brochure=files/holectron/holectron-inground-radius-brochure-2025.pdf
Inground Radius,,,,,,,,,,,,,,,,,,,,Inground Radius R272 48V 4.8W/m,IngroundR I EOP H100 R0272 L0404 / FL112/Nx.48V G5 04W T940 / OR.T1x,Stainless Steel,images/inground-radius/inground-radius-r272-stainless-steel.jpg,4000K,CRI>90,DALI | 1-10V | Phase Dim,IP67,IK10,,"Individual segment · 2 end caps, 1 cable · opal cover · curve R272mm, 90° · 404mm long · 48V DC, driver separate · FL112 (112 LEDs/m) 4.8W/m",1.8W,132lm,73lm/W,Diffused,Datasheet=images/inground-radius/datasheets/IngroundR_I_EOP_H100_R0272_L0404_FL112Nx48V_G5_04W_T940_ORT1x.pdf;Specification=images/inground-radius/datasheets/inground-radius-specification.pdf;Brochure=files/holectron/holectron-inground-radius-brochure-2025.pdf
Inground Radius,,,,,,,,,,,,,,,,,,,,Inground Radius R272 48V 9.6W/m,IngroundR I EOP H100 R0272 L0404 / FL112/Nx.48V G5 09W 922 / OR.T1x,Stainless Steel,images/inground-radius/inground-radius-r272-stainless-steel.jpg,2200K,CRI>90,DALI | 1-10V | Phase Dim,IP67,IK10,,"Individual segment · 2 end caps, 1 cable · opal cover · curve R272mm, 90° · 404mm long · 48V DC, driver separate · FL112 (112 LEDs/m) 9.6W/m",3.6W,157lm,44lm/W,Diffused,Datasheet=images/inground-radius/datasheets/IngroundR_I_EOP_H100_R0272_L0404_FL112Nx48V_G5_09W_922_ORT1x.pdf;Specification=images/inground-radius/datasheets/inground-radius-specification.pdf;Brochure=files/holectron/holectron-inground-radius-brochure-2025.pdf
Inground Radius,,,,,,,,,,,,,,,,,,,,Inground Radius R272 48V 9.6W/m,IngroundR I EOP H100 R0272 L0404 / FL112/Nx.48V G5 09W T927 / OR.T1x,Stainless Steel,images/inground-radius/inground-radius-r272-stainless-steel.jpg,2700K,CRI>90,DALI | 1-10V | Phase Dim,IP67,IK10,,"Individual segment · 2 end caps, 1 cable · opal cover · curve R272mm, 90° · 404mm long · 48V DC, driver separate · FL112 (112 LEDs/m) 9.6W/m",3.6W,240lm,67lm/W,Diffused,Datasheet=images/inground-radius/datasheets/IngroundR_I_EOP_H100_R0272_L0404_FL112Nx48V_G5_09W_T927_ORT1x.pdf;Specification=images/inground-radius/datasheets/inground-radius-specification.pdf;Brochure=files/holectron/holectron-inground-radius-brochure-2025.pdf
Inground Radius,,,,,,,,,,,,,,,,,,,,Inground Radius R272 48V 9.6W/m,IngroundR I EOP H100 R0272 L0404 / FL112/Nx.48V G5 09W T930 / OR.T1x,Stainless Steel,images/inground-radius/inground-radius-r272-stainless-steel.jpg,3000K,CRI>90,DALI | 1-10V | Phase Dim,IP67,IK10,,"Individual segment · 2 end caps, 1 cable · opal cover · curve R272mm, 90° · 404mm long · 48V DC, driver separate · FL112 (112 LEDs/m) 9.6W/m",3.6W,252lm,70lm/W,Diffused,Datasheet=images/inground-radius/datasheets/IngroundR_I_EOP_H100_R0272_L0404_FL112Nx48V_G5_09W_T930_ORT1x.pdf;Specification=images/inground-radius/datasheets/inground-radius-specification.pdf;Brochure=files/holectron/holectron-inground-radius-brochure-2025.pdf
Inground Radius,,,,,,,,,,,,,,,,,,,,Inground Radius R272 48V 9.6W/m,IngroundR I EOP H100 R0272 L0404 / FL112/Nx.48V G5 09W T940 / OR.T1x,Stainless Steel,images/inground-radius/inground-radius-r272-stainless-steel.jpg,4000K,CRI>90,DALI | 1-10V | Phase Dim,IP67,IK10,,"Individual segment · 2 end caps, 1 cable · opal cover · curve R272mm, 90° · 404mm long · 48V DC, driver separate · FL112 (112 LEDs/m) 9.6W/m",3.6W,262lm,73lm/W,Diffused,Datasheet=images/inground-radius/datasheets/IngroundR_I_EOP_H100_R0272_L0404_FL112Nx48V_G5_09W_T940_ORT1x.pdf;Specification=images/inground-radius/datasheets/inground-radius-specification.pdf;Brochure=files/holectron/holectron-inground-radius-brochure-2025.pdf
Inground Radius,,,,,,,,,,,,,,,,,,,,Inground Radius R515 24V 2.4W/m,IngroundR I EOP H100 R0515 L0393 / FL56/Nx G5 02W 922 / OR.T1x,Stainless Steel,images/inground-radius/inground-radius-r515-stainless-steel.jpg,2200K,CRI>90,DALI | 1-10V | Phase Dim,IP67,IK10,,"Individual segment · 2 end caps, 1 cable · opal cover · curve R515mm, 45° · 393mm long · 24V DC, driver separate · FL56 (56 LEDs/m) 2.4W/m",0.9W,40lm,44lm/W,Diffused,Datasheet=images/inground-radius/datasheets/IngroundR_I_EOP_H100_R0515_L0393_FL56Nx_G5_02W_922_ORT1x.pdf;Specification=images/inground-radius/datasheets/inground-radius-specification.pdf;Brochure=files/holectron/holectron-inground-radius-brochure-2025.pdf
Inground Radius,,,,,,,,,,,,,,,,,,,,Inground Radius R515 24V 2.4W/m,IngroundR I EOP H100 R0515 L0393 / FL56/Nx G5 02W T927 / OR.T1x,Stainless Steel,images/inground-radius/inground-radius-r515-stainless-steel.jpg,2700K,CRI>90,DALI | 1-10V | Phase Dim,IP67,IK10,,"Individual segment · 2 end caps, 1 cable · opal cover · curve R515mm, 45° · 393mm long · 24V DC, driver separate · FL56 (56 LEDs/m) 2.4W/m",0.9W,60lm,67lm/W,Diffused,Datasheet=images/inground-radius/datasheets/IngroundR_I_EOP_H100_R0515_L0393_FL56Nx_G5_02W_T927_ORT1x.pdf;Specification=images/inground-radius/datasheets/inground-radius-specification.pdf;Brochure=files/holectron/holectron-inground-radius-brochure-2025.pdf
Inground Radius,,,,,,,,,,,,,,,,,,,,Inground Radius R515 24V 2.4W/m,IngroundR I EOP H100 R0515 L0393 / FL56/Nx G5 02W T930 / OR.T1x,Stainless Steel,images/inground-radius/inground-radius-r515-stainless-steel.jpg,3000K,CRI>90,DALI | 1-10V | Phase Dim,IP67,IK10,,"Individual segment · 2 end caps, 1 cable · opal cover · curve R515mm, 45° · 393mm long · 24V DC, driver separate · FL56 (56 LEDs/m) 2.4W/m",0.9W,63lm,70lm/W,Diffused,Datasheet=images/inground-radius/datasheets/IngroundR_I_EOP_H100_R0515_L0393_FL56Nx_G5_02W_T930_ORT1x.pdf;Specification=images/inground-radius/datasheets/inground-radius-specification.pdf;Brochure=files/holectron/holectron-inground-radius-brochure-2025.pdf
Inground Radius,,,,,,,,,,,,,,,,,,,,Inground Radius R515 24V 2.4W/m,IngroundR I EOP H100 R0515 L0393 / FL56/Nx G5 02W T940 / OR.T1x,Stainless Steel,images/inground-radius/inground-radius-r515-stainless-steel.jpg,4000K,CRI>90,DALI | 1-10V | Phase Dim,IP67,IK10,,"Individual segment · 2 end caps, 1 cable · opal cover · curve R515mm, 45° · 393mm long · 24V DC, driver separate · FL56 (56 LEDs/m) 2.4W/m",0.9W,66lm,73lm/W,Diffused,Datasheet=images/inground-radius/datasheets/IngroundR_I_EOP_H100_R0515_L0393_FL56Nx_G5_02W_T940_ORT1x.pdf;Specification=images/inground-radius/datasheets/inground-radius-specification.pdf;Brochure=files/holectron/holectron-inground-radius-brochure-2025.pdf
Inground Radius,,,,,,,,,,,,,,,,,,,,Inground Radius R515 24V 4.8W/m,IngroundR I EOP H100 R0515 L0393 / FL56/Nx G5 04W 922 / OR.T1x,Stainless Steel,images/inground-radius/inground-radius-r515-stainless-steel.jpg,2200K,CRI>90,DALI | 1-10V | Phase Dim,IP67,IK10,,"Individual segment · 2 end caps, 1 cable · opal cover · curve R515mm, 45° · 393mm long · 24V DC, driver separate · FL56 (56 LEDs/m) 4.8W/m",1.8W,78lm,43lm/W,Diffused,Datasheet=images/inground-radius/datasheets/IngroundR_I_EOP_H100_R0515_L0393_FL56Nx_G5_04W_922_ORT1x.pdf;Specification=images/inground-radius/datasheets/inground-radius-specification.pdf;Brochure=files/holectron/holectron-inground-radius-brochure-2025.pdf
Inground Radius,,,,,,,,,,,,,,,,,,,,Inground Radius R515 24V 4.8W/m,IngroundR I EOP H100 R0515 L0393 / FL56/Nx G5 04W T927 / OR.T1x,Stainless Steel,images/inground-radius/inground-radius-r515-stainless-steel.jpg,2700K,CRI>90,DALI | 1-10V | Phase Dim,IP67,IK10,,"Individual segment · 2 end caps, 1 cable · opal cover · curve R515mm, 45° · 393mm long · 24V DC, driver separate · FL56 (56 LEDs/m) 4.8W/m",1.8W,120lm,67lm/W,Diffused,Datasheet=images/inground-radius/datasheets/IngroundR_I_EOP_H100_R0515_L0393_FL56Nx_G5_04W_T927_ORT1x.pdf;Specification=images/inground-radius/datasheets/inground-radius-specification.pdf;Brochure=files/holectron/holectron-inground-radius-brochure-2025.pdf
Inground Radius,,,,,,,,,,,,,,,,,,,,Inground Radius R515 24V 4.8W/m,IngroundR I EOP H100 R0515 L0393 / FL56/Nx G5 04W T930 / OR.T1x,Stainless Steel,images/inground-radius/inground-radius-r515-stainless-steel.jpg,3000K,CRI>90,DALI | 1-10V | Phase Dim,IP67,IK10,,"Individual segment · 2 end caps, 1 cable · opal cover · curve R515mm, 45° · 393mm long · 24V DC, driver separate · FL56 (56 LEDs/m) 4.8W/m",1.8W,126lm,70lm/W,Diffused,Datasheet=images/inground-radius/datasheets/IngroundR_I_EOP_H100_R0515_L0393_FL56Nx_G5_04W_T930_ORT1x.pdf;Specification=images/inground-radius/datasheets/inground-radius-specification.pdf;Brochure=files/holectron/holectron-inground-radius-brochure-2025.pdf
Inground Radius,,,,,,,,,,,,,,,,,,,,Inground Radius R515 24V 4.8W/m,IngroundR I EOP H100 R0515 L0393 / FL56/Nx G5 04W T940 / OR.T1x,Stainless Steel,images/inground-radius/inground-radius-r515-stainless-steel.jpg,4000K,CRI>90,DALI | 1-10V | Phase Dim,IP67,IK10,,"Individual segment · 2 end caps, 1 cable · opal cover · curve R515mm, 45° · 393mm long · 24V DC, driver separate · FL56 (56 LEDs/m) 4.8W/m",1.8W,131lm,73lm/W,Diffused,Datasheet=images/inground-radius/datasheets/IngroundR_I_EOP_H100_R0515_L0393_FL56Nx_G5_04W_T940_ORT1x.pdf;Specification=images/inground-radius/datasheets/inground-radius-specification.pdf;Brochure=files/holectron/holectron-inground-radius-brochure-2025.pdf
Inground Radius,,,,,,,,,,,,,,,,,,,,Inground Radius R515 24V 9.6W/m,IngroundR I EOP H100 R0515 L0393 / FL56/Nx G5 09W 922 / OR.T1x,Stainless Steel,images/inground-radius/inground-radius-r515-stainless-steel.jpg,2200K,CRI>90,DALI | 1-10V | Phase Dim,IP67,IK10,,"Individual segment · 2 end caps, 1 cable · opal cover · curve R515mm, 45° · 393mm long · 24V DC, driver separate · FL56 (56 LEDs/m) 9.6W/m",3.6W,153lm,43lm/W,Diffused,Datasheet=images/inground-radius/datasheets/IngroundR_I_EOP_H100_R0515_L0393_FL56Nx_G5_09W_922_ORT1x.pdf;Specification=images/inground-radius/datasheets/inground-radius-specification.pdf;Brochure=files/holectron/holectron-inground-radius-brochure-2025.pdf
Inground Radius,,,,,,,,,,,,,,,,,,,,Inground Radius R515 24V 9.6W/m,IngroundR I EOP H100 R0515 L0393 / FL56/Nx G5 09W T927 / OR.T1x,Stainless Steel,images/inground-radius/inground-radius-r515-stainless-steel.jpg,2700K,CRI>90,DALI | 1-10V | Phase Dim,IP67,IK10,,"Individual segment · 2 end caps, 1 cable · opal cover · curve R515mm, 45° · 393mm long · 24V DC, driver separate · FL56 (56 LEDs/m) 9.6W/m",3.6W,235lm,65lm/W,Diffused,Datasheet=images/inground-radius/datasheets/IngroundR_I_EOP_H100_R0515_L0393_FL56Nx_G5_09W_T927_ORT1x.pdf;Specification=images/inground-radius/datasheets/inground-radius-specification.pdf;Brochure=files/holectron/holectron-inground-radius-brochure-2025.pdf
Inground Radius,,,,,,,,,,,,,,,,,,,,Inground Radius R515 24V 9.6W/m,IngroundR I EOP H100 R0515 L0393 / FL56/Nx G5 09W T930 / OR.T1x,Stainless Steel,images/inground-radius/inground-radius-r515-stainless-steel.jpg,3000K,CRI>90,DALI | 1-10V | Phase Dim,IP67,IK10,,"Individual segment · 2 end caps, 1 cable · opal cover · curve R515mm, 45° · 393mm long · 24V DC, driver separate · FL56 (56 LEDs/m) 9.6W/m",3.6W,247lm,69lm/W,Diffused,Datasheet=images/inground-radius/datasheets/IngroundR_I_EOP_H100_R0515_L0393_FL56Nx_G5_09W_T930_ORT1x.pdf;Specification=images/inground-radius/datasheets/inground-radius-specification.pdf;Brochure=files/holectron/holectron-inground-radius-brochure-2025.pdf
Inground Radius,,,,,,,,,,,,,,,,,,,,Inground Radius R515 24V 9.6W/m,IngroundR I EOP H100 R0515 L0393 / FL56/Nx G5 09W T940 / OR.T1x,Stainless Steel,images/inground-radius/inground-radius-r515-stainless-steel.jpg,4000K,CRI>90,DALI | 1-10V | Phase Dim,IP67,IK10,,"Individual segment · 2 end caps, 1 cable · opal cover · curve R515mm, 45° · 393mm long · 24V DC, driver separate · FL56 (56 LEDs/m) 9.6W/m",3.6W,257lm,71lm/W,Diffused,Datasheet=images/inground-radius/datasheets/IngroundR_I_EOP_H100_R0515_L0393_FL56Nx_G5_09W_T940_ORT1x.pdf;Specification=images/inground-radius/datasheets/inground-radius-specification.pdf;Brochure=files/holectron/holectron-inground-radius-brochure-2025.pdf
Inground Radius,,,,,,,,,,,,,,,,,,,,Inground Radius R515 48V 4.8W/m,IngroundR I EOP H100 R0515 L0393 / FL112/Nx.48V G5 04W 922 / OR.T1x,Stainless Steel,images/inground-radius/inground-radius-r515-stainless-steel.jpg,2200K,CRI>90,DALI | 1-10V | Phase Dim,IP67,IK10,,"Individual segment · 2 end caps, 1 cable · opal cover · curve R515mm, 45° · 393mm long · 48V DC, driver separate · FL112 (112 LEDs/m) 4.8W/m",1.8W,80lm,44lm/W,Diffused,Datasheet=images/inground-radius/datasheets/IngroundR_I_EOP_H100_R0515_L0393_FL112Nx48V_G5_04W_922_ORT1x.pdf;Specification=images/inground-radius/datasheets/inground-radius-specification.pdf;Brochure=files/holectron/holectron-inground-radius-brochure-2025.pdf
Inground Radius,,,,,,,,,,,,,,,,,,,,Inground Radius R515 48V 4.8W/m,IngroundR I EOP H100 R0515 L0393 / FL112/Nx.48V G5 04W T927 / OR.T1x,Stainless Steel,images/inground-radius/inground-radius-r515-stainless-steel.jpg,2700K,CRI>90,DALI | 1-10V | Phase Dim,IP67,IK10,,"Individual segment · 2 end caps, 1 cable · opal cover · curve R515mm, 45° · 393mm long · 48V DC, driver separate · FL112 (112 LEDs/m) 4.8W/m",1.8W,121lm,67lm/W,Diffused,Datasheet=images/inground-radius/datasheets/IngroundR_I_EOP_H100_R0515_L0393_FL112Nx48V_G5_04W_T927_ORT1x.pdf;Specification=images/inground-radius/datasheets/inground-radius-specification.pdf;Brochure=files/holectron/holectron-inground-radius-brochure-2025.pdf
Inground Radius,,,,,,,,,,,,,,,,,,,,Inground Radius R515 48V 4.8W/m,IngroundR I EOP H100 R0515 L0393 / FL112/Nx.48V G5 04W T930 / OR.T1x,Stainless Steel,images/inground-radius/inground-radius-r515-stainless-steel.jpg,3000K,CRI>90,DALI | 1-10V | Phase Dim,IP67,IK10,,"Individual segment · 2 end caps, 1 cable · opal cover · curve R515mm, 45° · 393mm long · 48V DC, driver separate · FL112 (112 LEDs/m) 4.8W/m",1.8W,127lm,71lm/W,Diffused,Datasheet=images/inground-radius/datasheets/IngroundR_I_EOP_H100_R0515_L0393_FL112Nx48V_G5_04W_T930_ORT1x.pdf;Specification=images/inground-radius/datasheets/inground-radius-specification.pdf;Brochure=files/holectron/holectron-inground-radius-brochure-2025.pdf
Inground Radius,,,,,,,,,,,,,,,,,,,,Inground Radius R515 48V 4.8W/m,IngroundR I EOP H100 R0515 L0393 / FL112/Nx.48V G5 04W T940 / OR.T1x,Stainless Steel,images/inground-radius/inground-radius-r515-stainless-steel.jpg,4000K,CRI>90,DALI | 1-10V | Phase Dim,IP67,IK10,,"Individual segment · 2 end caps, 1 cable · opal cover · curve R515mm, 45° · 393mm long · 48V DC, driver separate · FL112 (112 LEDs/m) 4.8W/m",1.8W,132lm,73lm/W,Diffused,Datasheet=images/inground-radius/datasheets/IngroundR_I_EOP_H100_R0515_L0393_FL112Nx48V_G5_04W_T940_ORT1x.pdf;Specification=images/inground-radius/datasheets/inground-radius-specification.pdf;Brochure=files/holectron/holectron-inground-radius-brochure-2025.pdf
Inground Radius,,,,,,,,,,,,,,,,,,,,Inground Radius R515 48V 9.6W/m,IngroundR I EOP H100 R0515 L0393 / FL112/Nx.48V G5 09W 922 / OR.T1x,Stainless Steel,images/inground-radius/inground-radius-r515-stainless-steel.jpg,2200K,CRI>90,DALI | 1-10V | Phase Dim,IP67,IK10,,"Individual segment · 2 end caps, 1 cable · opal cover · curve R515mm, 45° · 393mm long · 48V DC, driver separate · FL112 (112 LEDs/m) 9.6W/m",3.6W,157lm,44lm/W,Diffused,Datasheet=images/inground-radius/datasheets/IngroundR_I_EOP_H100_R0515_L0393_FL112Nx48V_G5_09W_922_ORT1x.pdf;Specification=images/inground-radius/datasheets/inground-radius-specification.pdf;Brochure=files/holectron/holectron-inground-radius-brochure-2025.pdf
Inground Radius,,,,,,,,,,,,,,,,,,,,Inground Radius R515 48V 9.6W/m,IngroundR I EOP H100 R0515 L0393 / FL112/Nx.48V G5 09W T927 / OR.T1x,Stainless Steel,images/inground-radius/inground-radius-r515-stainless-steel.jpg,2700K,CRI>90,DALI | 1-10V | Phase Dim,IP67,IK10,,"Individual segment · 2 end caps, 1 cable · opal cover · curve R515mm, 45° · 393mm long · 48V DC, driver separate · FL112 (112 LEDs/m) 9.6W/m",3.6W,240lm,67lm/W,Diffused,Datasheet=images/inground-radius/datasheets/IngroundR_I_EOP_H100_R0515_L0393_FL112Nx48V_G5_09W_T927_ORT1x.pdf;Specification=images/inground-radius/datasheets/inground-radius-specification.pdf;Brochure=files/holectron/holectron-inground-radius-brochure-2025.pdf
Inground Radius,,,,,,,,,,,,,,,,,,,,Inground Radius R515 48V 9.6W/m,IngroundR I EOP H100 R0515 L0393 / FL112/Nx.48V G5 09W T930 / OR.T1x,Stainless Steel,images/inground-radius/inground-radius-r515-stainless-steel.jpg,3000K,CRI>90,DALI | 1-10V | Phase Dim,IP67,IK10,,"Individual segment · 2 end caps, 1 cable · opal cover · curve R515mm, 45° · 393mm long · 48V DC, driver separate · FL112 (112 LEDs/m) 9.6W/m",3.6W,252lm,70lm/W,Diffused,Datasheet=images/inground-radius/datasheets/IngroundR_I_EOP_H100_R0515_L0393_FL112Nx48V_G5_09W_T930_ORT1x.pdf;Specification=images/inground-radius/datasheets/inground-radius-specification.pdf;Brochure=files/holectron/holectron-inground-radius-brochure-2025.pdf
Inground Radius,,,,,,,,,,,,,,,,,,,,Inground Radius R515 48V 9.6W/m,IngroundR I EOP H100 R0515 L0393 / FL112/Nx.48V G5 09W T940 / OR.T1x,Stainless Steel,images/inground-radius/inground-radius-r515-stainless-steel.jpg,4000K,CRI>90,DALI | 1-10V | Phase Dim,IP67,IK10,,"Individual segment · 2 end caps, 1 cable · opal cover · curve R515mm, 45° · 393mm long · 48V DC, driver separate · FL112 (112 LEDs/m) 9.6W/m",3.6W,262lm,73lm/W,Diffused,Datasheet=images/inground-radius/datasheets/IngroundR_I_EOP_H100_R0515_L0393_FL112Nx48V_G5_09W_T940_ORT1x.pdf;Specification=images/inground-radius/datasheets/inground-radius-specification.pdf;Brochure=files/holectron/holectron-inground-radius-brochure-2025.pdf
Inground Radius,,,,,,,,,,,,,,,,,,,,Inground Radius R1000 24V 2.4W/m,IngroundR I EOP H100 R1000 L0387 / FL56/Nx G5 02W 922 / OR.T1x,Stainless Steel,images/inground-radius/inground-radius-r1000-stainless-steel.jpg,2200K,CRI>90,DALI | 1-10V | Phase Dim,IP67,IK10,,"Individual segment · 2 end caps, 1 cable · opal cover · curve R1000mm, 22.5° · 387mm long · 24V DC, driver separate · FL56 (56 LEDs/m) 2.4W/m",0.9W,40lm,44lm/W,Diffused,Datasheet=images/inground-radius/datasheets/IngroundR_I_EOP_H100_R1000_L0387_FL56Nx_G5_02W_922_ORT1x.pdf;Specification=images/inground-radius/datasheets/inground-radius-specification.pdf;Brochure=files/holectron/holectron-inground-radius-brochure-2025.pdf
Inground Radius,,,,,,,,,,,,,,,,,,,,Inground Radius R1000 24V 2.4W/m,IngroundR I EOP H100 R1000 L0387 / FL56/Nx G5 02W T927 / OR.T1x,Stainless Steel,images/inground-radius/inground-radius-r1000-stainless-steel.jpg,2700K,CRI>90,DALI | 1-10V | Phase Dim,IP67,IK10,,"Individual segment · 2 end caps, 1 cable · opal cover · curve R1000mm, 22.5° · 387mm long · 24V DC, driver separate · FL56 (56 LEDs/m) 2.4W/m",0.9W,60lm,67lm/W,Diffused,Datasheet=images/inground-radius/datasheets/IngroundR_I_EOP_H100_R1000_L0387_FL56Nx_G5_02W_T927_ORT1x.pdf;Specification=images/inground-radius/datasheets/inground-radius-specification.pdf;Brochure=files/holectron/holectron-inground-radius-brochure-2025.pdf
Inground Radius,,,,,,,,,,,,,,,,,,,,Inground Radius R1000 24V 2.4W/m,IngroundR I EOP H100 R1000 L0387 / FL56/Nx G5 02W T930 / OR.T1x,Stainless Steel,images/inground-radius/inground-radius-r1000-stainless-steel.jpg,3000K,CRI>90,DALI | 1-10V | Phase Dim,IP67,IK10,,"Individual segment · 2 end caps, 1 cable · opal cover · curve R1000mm, 22.5° · 387mm long · 24V DC, driver separate · FL56 (56 LEDs/m) 2.4W/m",0.9W,63lm,70lm/W,Diffused,Datasheet=images/inground-radius/datasheets/IngroundR_I_EOP_H100_R1000_L0387_FL56Nx_G5_02W_T930_ORT1x.pdf;Specification=images/inground-radius/datasheets/inground-radius-specification.pdf;Brochure=files/holectron/holectron-inground-radius-brochure-2025.pdf
Inground Radius,,,,,,,,,,,,,,,,,,,,Inground Radius R1000 24V 2.4W/m,IngroundR I EOP H100 R1000 L0387 / FL56/Nx G5 02W T940 / OR.T1x,Stainless Steel,images/inground-radius/inground-radius-r1000-stainless-steel.jpg,4000K,CRI>90,DALI | 1-10V | Phase Dim,IP67,IK10,,"Individual segment · 2 end caps, 1 cable · opal cover · curve R1000mm, 22.5° · 387mm long · 24V DC, driver separate · FL56 (56 LEDs/m) 2.4W/m",0.9W,66lm,73lm/W,Diffused,Datasheet=images/inground-radius/datasheets/IngroundR_I_EOP_H100_R1000_L0387_FL56Nx_G5_02W_T940_ORT1x.pdf;Specification=images/inground-radius/datasheets/inground-radius-specification.pdf;Brochure=files/holectron/holectron-inground-radius-brochure-2025.pdf
Inground Radius,,,,,,,,,,,,,,,,,,,,Inground Radius R1000 24V 4.8W/m,IngroundR I EOP H100 R1000 L0387 / FL56/Nx G5 04W 922 / OR.T1x,Stainless Steel,images/inground-radius/inground-radius-r1000-stainless-steel.jpg,2200K,CRI>90,DALI | 1-10V | Phase Dim,IP67,IK10,,"Individual segment · 2 end caps, 1 cable · opal cover · curve R1000mm, 22.5° · 387mm long · 24V DC, driver separate · FL56 (56 LEDs/m) 4.8W/m",1.8W,78lm,43lm/W,Diffused,Datasheet=images/inground-radius/datasheets/IngroundR_I_EOP_H100_R1000_L0387_FL56Nx_G5_04W_922_ORT1x.pdf;Specification=images/inground-radius/datasheets/inground-radius-specification.pdf;Brochure=files/holectron/holectron-inground-radius-brochure-2025.pdf
Inground Radius,,,,,,,,,,,,,,,,,,,,Inground Radius R1000 24V 4.8W/m,IngroundR I EOP H100 R1000 L0387 / FL56/Nx G5 04W T927 / OR.T1x,Stainless Steel,images/inground-radius/inground-radius-r1000-stainless-steel.jpg,2700K,CRI>90,DALI | 1-10V | Phase Dim,IP67,IK10,,"Individual segment · 2 end caps, 1 cable · opal cover · curve R1000mm, 22.5° · 387mm long · 24V DC, driver separate · FL56 (56 LEDs/m) 4.8W/m",1.8W,120lm,67lm/W,Diffused,Datasheet=images/inground-radius/datasheets/IngroundR_I_EOP_H100_R1000_L0387_FL56Nx_G5_04W_T927_ORT1x.pdf;Specification=images/inground-radius/datasheets/inground-radius-specification.pdf;Brochure=files/holectron/holectron-inground-radius-brochure-2025.pdf
Inground Radius,,,,,,,,,,,,,,,,,,,,Inground Radius R1000 24V 4.8W/m,IngroundR I EOP H100 R1000 L0387 / FL56/Nx G5 04W T930 / OR.T1x,Stainless Steel,images/inground-radius/inground-radius-r1000-stainless-steel.jpg,3000K,CRI>90,DALI | 1-10V | Phase Dim,IP67,IK10,,"Individual segment · 2 end caps, 1 cable · opal cover · curve R1000mm, 22.5° · 387mm long · 24V DC, driver separate · FL56 (56 LEDs/m) 4.8W/m",1.8W,126lm,70lm/W,Diffused,Datasheet=images/inground-radius/datasheets/IngroundR_I_EOP_H100_R1000_L0387_FL56Nx_G5_04W_T930_ORT1x.pdf;Specification=images/inground-radius/datasheets/inground-radius-specification.pdf;Brochure=files/holectron/holectron-inground-radius-brochure-2025.pdf
Inground Radius,,,,,,,,,,,,,,,,,,,,Inground Radius R1000 24V 4.8W/m,IngroundR I EOP H100 R1000 L0387 / FL56/Nx G5 04W T940 / OR.T1x,Stainless Steel,images/inground-radius/inground-radius-r1000-stainless-steel.jpg,4000K,CRI>90,DALI | 1-10V | Phase Dim,IP67,IK10,,"Individual segment · 2 end caps, 1 cable · opal cover · curve R1000mm, 22.5° · 387mm long · 24V DC, driver separate · FL56 (56 LEDs/m) 4.8W/m",1.8W,131lm,73lm/W,Diffused,Datasheet=images/inground-radius/datasheets/IngroundR_I_EOP_H100_R1000_L0387_FL56Nx_G5_04W_T940_ORT1x.pdf;Specification=images/inground-radius/datasheets/inground-radius-specification.pdf;Brochure=files/holectron/holectron-inground-radius-brochure-2025.pdf
Inground Radius,,,,,,,,,,,,,,,,,,,,Inground Radius R1000 24V 9.6W/m,IngroundR I EOP H100 R1000 L0387 / FL56/Nx G5 09W 922 / OR.T1x,Stainless Steel,images/inground-radius/inground-radius-r1000-stainless-steel.jpg,2200K,CRI>90,DALI | 1-10V | Phase Dim,IP67,IK10,,"Individual segment · 2 end caps, 1 cable · opal cover · curve R1000mm, 22.5° · 387mm long · 24V DC, driver separate · FL56 (56 LEDs/m) 9.6W/m",3.6W,153lm,43lm/W,Diffused,Datasheet=images/inground-radius/datasheets/IngroundR_I_EOP_H100_R1000_L0387_FL56Nx_G5_09W_922_ORT1x.pdf;Specification=images/inground-radius/datasheets/inground-radius-specification.pdf;Brochure=files/holectron/holectron-inground-radius-brochure-2025.pdf
Inground Radius,,,,,,,,,,,,,,,,,,,,Inground Radius R1000 24V 9.6W/m,IngroundR I EOP H100 R1000 L0387 / FL56/Nx G5 09W T927 / OR.T1x,Stainless Steel,images/inground-radius/inground-radius-r1000-stainless-steel.jpg,2700K,CRI>90,DALI | 1-10V | Phase Dim,IP67,IK10,,"Individual segment · 2 end caps, 1 cable · opal cover · curve R1000mm, 22.5° · 387mm long · 24V DC, driver separate · FL56 (56 LEDs/m) 9.6W/m",3.6W,235lm,65lm/W,Diffused,Datasheet=images/inground-radius/datasheets/IngroundR_I_EOP_H100_R1000_L0387_FL56Nx_G5_09W_T927_ORT1x.pdf;Specification=images/inground-radius/datasheets/inground-radius-specification.pdf;Brochure=files/holectron/holectron-inground-radius-brochure-2025.pdf
Inground Radius,,,,,,,,,,,,,,,,,,,,Inground Radius R1000 24V 9.6W/m,IngroundR I EOP H100 R1000 L0387 / FL56/Nx G5 09W T930 / OR.T1x,Stainless Steel,images/inground-radius/inground-radius-r1000-stainless-steel.jpg,3000K,CRI>90,DALI | 1-10V | Phase Dim,IP67,IK10,,"Individual segment · 2 end caps, 1 cable · opal cover · curve R1000mm, 22.5° · 387mm long · 24V DC, driver separate · FL56 (56 LEDs/m) 9.6W/m",3.6W,247lm,69lm/W,Diffused,Datasheet=images/inground-radius/datasheets/IngroundR_I_EOP_H100_R1000_L0387_FL56Nx_G5_09W_T930_ORT1x.pdf;Specification=images/inground-radius/datasheets/inground-radius-specification.pdf;Brochure=files/holectron/holectron-inground-radius-brochure-2025.pdf
Inground Radius,,,,,,,,,,,,,,,,,,,,Inground Radius R1000 24V 9.6W/m,IngroundR I EOP H100 R1000 L0387 / FL56/Nx G5 09W T940 / OR.T1x,Stainless Steel,images/inground-radius/inground-radius-r1000-stainless-steel.jpg,4000K,CRI>90,DALI | 1-10V | Phase Dim,IP67,IK10,,"Individual segment · 2 end caps, 1 cable · opal cover · curve R1000mm, 22.5° · 387mm long · 24V DC, driver separate · FL56 (56 LEDs/m) 9.6W/m",3.6W,257lm,71lm/W,Diffused,Datasheet=images/inground-radius/datasheets/IngroundR_I_EOP_H100_R1000_L0387_FL56Nx_G5_09W_T940_ORT1x.pdf;Specification=images/inground-radius/datasheets/inground-radius-specification.pdf;Brochure=files/holectron/holectron-inground-radius-brochure-2025.pdf
Inground Radius,,,,,,,,,,,,,,,,,,,,Inground Radius R1000 48V 4.8W/m,IngroundR I EOP H100 R1000 L0387 / FL112/Nx.48V G5 04W 922 / OR.T1x,Stainless Steel,images/inground-radius/inground-radius-r1000-stainless-steel.jpg,2200K,CRI>90,DALI | 1-10V | Phase Dim,IP67,IK10,,"Individual segment · 2 end caps, 1 cable · opal cover · curve R1000mm, 22.5° · 387mm long · 48V DC, driver separate · FL112 (112 LEDs/m) 4.8W/m",1.8W,80lm,44lm/W,Diffused,Datasheet=images/inground-radius/datasheets/IngroundR_I_EOP_H100_R1000_L0387_FL112Nx48V_G5_04W_922_ORT1x.pdf;Specification=images/inground-radius/datasheets/inground-radius-specification.pdf;Brochure=files/holectron/holectron-inground-radius-brochure-2025.pdf
Inground Radius,,,,,,,,,,,,,,,,,,,,Inground Radius R1000 48V 4.8W/m,IngroundR I EOP H100 R1000 L0387 / FL112/Nx.48V G5 04W T927 / OR.T1x,Stainless Steel,images/inground-radius/inground-radius-r1000-stainless-steel.jpg,2700K,CRI>90,DALI | 1-10V | Phase Dim,IP67,IK10,,"Individual segment · 2 end caps, 1 cable · opal cover · curve R1000mm, 22.5° · 387mm long · 48V DC, driver separate · FL112 (112 LEDs/m) 4.8W/m",1.8W,121lm,67lm/W,Diffused,Datasheet=images/inground-radius/datasheets/IngroundR_I_EOP_H100_R1000_L0387_FL112Nx48V_G5_04W_T927_ORT1x.pdf;Specification=images/inground-radius/datasheets/inground-radius-specification.pdf;Brochure=files/holectron/holectron-inground-radius-brochure-2025.pdf
Inground Radius,,,,,,,,,,,,,,,,,,,,Inground Radius R1000 48V 4.8W/m,IngroundR I EOP H100 R1000 L0387 / FL112/Nx.48V G5 04W T930 / OR.T1x,Stainless Steel,images/inground-radius/inground-radius-r1000-stainless-steel.jpg,3000K,CRI>90,DALI | 1-10V | Phase Dim,IP67,IK10,,"Individual segment · 2 end caps, 1 cable · opal cover · curve R1000mm, 22.5° · 387mm long · 48V DC, driver separate · FL112 (112 LEDs/m) 4.8W/m",1.8W,127lm,71lm/W,Diffused,Datasheet=images/inground-radius/datasheets/IngroundR_I_EOP_H100_R1000_L0387_FL112Nx48V_G5_04W_T930_ORT1x.pdf;Specification=images/inground-radius/datasheets/inground-radius-specification.pdf;Brochure=files/holectron/holectron-inground-radius-brochure-2025.pdf
Inground Radius,,,,,,,,,,,,,,,,,,,,Inground Radius R1000 48V 4.8W/m,IngroundR I EOP H100 R1000 L0387 / FL112/Nx.48V G5 04W T940 / OR.T1x,Stainless Steel,images/inground-radius/inground-radius-r1000-stainless-steel.jpg,4000K,CRI>90,DALI | 1-10V | Phase Dim,IP67,IK10,,"Individual segment · 2 end caps, 1 cable · opal cover · curve R1000mm, 22.5° · 387mm long · 48V DC, driver separate · FL112 (112 LEDs/m) 4.8W/m",1.8W,132lm,73lm/W,Diffused,Datasheet=images/inground-radius/datasheets/IngroundR_I_EOP_H100_R1000_L0387_FL112Nx48V_G5_04W_T940_ORT1x.pdf;Specification=images/inground-radius/datasheets/inground-radius-specification.pdf;Brochure=files/holectron/holectron-inground-radius-brochure-2025.pdf
Inground Radius,,,,,,,,,,,,,,,,,,,,Inground Radius R1000 48V 9.6W/m,IngroundR I EOP H100 R1000 L0387 / FL112/Nx.48V G5 09W 922 / OR.T1x,Stainless Steel,images/inground-radius/inground-radius-r1000-stainless-steel.jpg,2200K,CRI>90,DALI | 1-10V | Phase Dim,IP67,IK10,,"Individual segment · 2 end caps, 1 cable · opal cover · curve R1000mm, 22.5° · 387mm long · 48V DC, driver separate · FL112 (112 LEDs/m) 9.6W/m",3.6W,157lm,44lm/W,Diffused,Datasheet=images/inground-radius/datasheets/IngroundR_I_EOP_H100_R1000_L0387_FL112Nx48V_G5_09W_922_ORT1x.pdf;Specification=images/inground-radius/datasheets/inground-radius-specification.pdf;Brochure=files/holectron/holectron-inground-radius-brochure-2025.pdf
Inground Radius,,,,,,,,,,,,,,,,,,,,Inground Radius R1000 48V 9.6W/m,IngroundR I EOP H100 R1000 L0387 / FL112/Nx.48V G5 09W T927 / OR.T1x,Stainless Steel,images/inground-radius/inground-radius-r1000-stainless-steel.jpg,2700K,CRI>90,DALI | 1-10V | Phase Dim,IP67,IK10,,"Individual segment · 2 end caps, 1 cable · opal cover · curve R1000mm, 22.5° · 387mm long · 48V DC, driver separate · FL112 (112 LEDs/m) 9.6W/m",3.6W,240lm,67lm/W,Diffused,Datasheet=images/inground-radius/datasheets/IngroundR_I_EOP_H100_R1000_L0387_FL112Nx48V_G5_09W_T927_ORT1x.pdf;Specification=images/inground-radius/datasheets/inground-radius-specification.pdf;Brochure=files/holectron/holectron-inground-radius-brochure-2025.pdf
Inground Radius,,,,,,,,,,,,,,,,,,,,Inground Radius R1000 48V 9.6W/m,IngroundR I EOP H100 R1000 L0387 / FL112/Nx.48V G5 09W T930 / OR.T1x,Stainless Steel,images/inground-radius/inground-radius-r1000-stainless-steel.jpg,3000K,CRI>90,DALI | 1-10V | Phase Dim,IP67,IK10,,"Individual segment · 2 end caps, 1 cable · opal cover · curve R1000mm, 22.5° · 387mm long · 48V DC, driver separate · FL112 (112 LEDs/m) 9.6W/m",3.6W,252lm,70lm/W,Diffused,Datasheet=images/inground-radius/datasheets/IngroundR_I_EOP_H100_R1000_L0387_FL112Nx48V_G5_09W_T930_ORT1x.pdf;Specification=images/inground-radius/datasheets/inground-radius-specification.pdf;Brochure=files/holectron/holectron-inground-radius-brochure-2025.pdf
Inground Radius,,,,,,,,,,,,,,,,,,,,Inground Radius R1000 48V 9.6W/m,IngroundR I EOP H100 R1000 L0387 / FL112/Nx.48V G5 09W T940 / OR.T1x,Stainless Steel,images/inground-radius/inground-radius-r1000-stainless-steel.jpg,4000K,CRI>90,DALI | 1-10V | Phase Dim,IP67,IK10,,"Individual segment · 2 end caps, 1 cable · opal cover · curve R1000mm, 22.5° · 387mm long · 48V DC, driver separate · FL112 (112 LEDs/m) 9.6W/m",3.6W,262lm,73lm/W,Diffused,Datasheet=images/inground-radius/datasheets/IngroundR_I_EOP_H100_R1000_L0387_FL112Nx48V_G5_09W_T940_ORT1x.pdf;Specification=images/inground-radius/datasheets/inground-radius-specification.pdf;Brochure=files/holectron/holectron-inground-radius-brochure-2025.pdf
Inground Radius,,,,,,,,,,,,,,,,,,,,Inground Radius R1975 24V 2.4W/m,IngroundR I EOP H100 R1975 L0385 / FL56/Nx G5 02W 922 / OR.T1x,Stainless Steel,images/inground-radius/inground-radius-r1975-stainless-steel.jpg,2200K,CRI>90,DALI | 1-10V | Phase Dim,IP67,IK10,,"Individual segment · 2 end caps, 1 cable · opal cover · curve R1975mm, 11.3° · 385mm long · 24V DC, driver separate · FL56 (56 LEDs/m) 2.4W/m",0.9W,40lm,44lm/W,Diffused,Datasheet=images/inground-radius/datasheets/IngroundR_I_EOP_H100_R1975_L0385_FL56Nx_G5_02W_922_ORT1x.pdf;Specification=images/inground-radius/datasheets/inground-radius-specification.pdf;Brochure=files/holectron/holectron-inground-radius-brochure-2025.pdf
Inground Radius,,,,,,,,,,,,,,,,,,,,Inground Radius R1975 24V 2.4W/m,IngroundR I EOP H100 R1975 L0385 / FL56/Nx G5 02W T927 / OR.T1x,Stainless Steel,images/inground-radius/inground-radius-r1975-stainless-steel.jpg,2700K,CRI>90,DALI | 1-10V | Phase Dim,IP67,IK10,,"Individual segment · 2 end caps, 1 cable · opal cover · curve R1975mm, 11.3° · 385mm long · 24V DC, driver separate · FL56 (56 LEDs/m) 2.4W/m",0.9W,60lm,67lm/W,Diffused,Datasheet=images/inground-radius/datasheets/IngroundR_I_EOP_H100_R1975_L0385_FL56Nx_G5_02W_T927_ORT1x.pdf;Specification=images/inground-radius/datasheets/inground-radius-specification.pdf;Brochure=files/holectron/holectron-inground-radius-brochure-2025.pdf
Inground Radius,,,,,,,,,,,,,,,,,,,,Inground Radius R1975 24V 2.4W/m,IngroundR I EOP H100 R1975 L0385 / FL56/Nx G5 02W T930 / OR.T1x,Stainless Steel,images/inground-radius/inground-radius-r1975-stainless-steel.jpg,3000K,CRI>90,DALI | 1-10V | Phase Dim,IP67,IK10,,"Individual segment · 2 end caps, 1 cable · opal cover · curve R1975mm, 11.3° · 385mm long · 24V DC, driver separate · FL56 (56 LEDs/m) 2.4W/m",0.9W,63lm,70lm/W,Diffused,Datasheet=images/inground-radius/datasheets/IngroundR_I_EOP_H100_R1975_L0385_FL56Nx_G5_02W_T930_ORT1x.pdf;Specification=images/inground-radius/datasheets/inground-radius-specification.pdf;Brochure=files/holectron/holectron-inground-radius-brochure-2025.pdf
Inground Radius,,,,,,,,,,,,,,,,,,,,Inground Radius R1975 24V 2.4W/m,IngroundR I EOP H100 R1975 L0385 / FL56/Nx G5 02W T940 / OR.T1x,Stainless Steel,images/inground-radius/inground-radius-r1975-stainless-steel.jpg,4000K,CRI>90,DALI | 1-10V | Phase Dim,IP67,IK10,,"Individual segment · 2 end caps, 1 cable · opal cover · curve R1975mm, 11.3° · 385mm long · 24V DC, driver separate · FL56 (56 LEDs/m) 2.4W/m",0.9W,66lm,73lm/W,Diffused,Datasheet=images/inground-radius/datasheets/IngroundR_I_EOP_H100_R1975_L0385_FL56Nx_G5_02W_T940_ORT1x.pdf;Specification=images/inground-radius/datasheets/inground-radius-specification.pdf;Brochure=files/holectron/holectron-inground-radius-brochure-2025.pdf
Inground Radius,,,,,,,,,,,,,,,,,,,,Inground Radius R1975 24V 4.8W/m,IngroundR I EOP H100 R1975 L0385 / FL56/Nx G5 04W 922 / OR.T1x,Stainless Steel,images/inground-radius/inground-radius-r1975-stainless-steel.jpg,2200K,CRI>90,DALI | 1-10V | Phase Dim,IP67,IK10,,"Individual segment · 2 end caps, 1 cable · opal cover · curve R1975mm, 11.3° · 385mm long · 24V DC, driver separate · FL56 (56 LEDs/m) 4.8W/m",1.8W,78lm,43lm/W,Diffused,Datasheet=images/inground-radius/datasheets/IngroundR_I_EOP_H100_R1975_L0385_FL56Nx_G5_04W_922_ORT1x.pdf;Specification=images/inground-radius/datasheets/inground-radius-specification.pdf;Brochure=files/holectron/holectron-inground-radius-brochure-2025.pdf
Inground Radius,,,,,,,,,,,,,,,,,,,,Inground Radius R1975 24V 4.8W/m,IngroundR I EOP H100 R1975 L0385 / FL56/Nx G5 04W T927 / OR.T1x,Stainless Steel,images/inground-radius/inground-radius-r1975-stainless-steel.jpg,2700K,CRI>90,DALI | 1-10V | Phase Dim,IP67,IK10,,"Individual segment · 2 end caps, 1 cable · opal cover · curve R1975mm, 11.3° · 385mm long · 24V DC, driver separate · FL56 (56 LEDs/m) 4.8W/m",1.8W,120lm,67lm/W,Diffused,Datasheet=images/inground-radius/datasheets/IngroundR_I_EOP_H100_R1975_L0385_FL56Nx_G5_04W_T927_ORT1x.pdf;Specification=images/inground-radius/datasheets/inground-radius-specification.pdf;Brochure=files/holectron/holectron-inground-radius-brochure-2025.pdf
Inground Radius,,,,,,,,,,,,,,,,,,,,Inground Radius R1975 24V 4.8W/m,IngroundR I EOP H100 R1975 L0385 / FL56/Nx G5 04W T930 / OR.T1x,Stainless Steel,images/inground-radius/inground-radius-r1975-stainless-steel.jpg,3000K,CRI>90,DALI | 1-10V | Phase Dim,IP67,IK10,,"Individual segment · 2 end caps, 1 cable · opal cover · curve R1975mm, 11.3° · 385mm long · 24V DC, driver separate · FL56 (56 LEDs/m) 4.8W/m",1.8W,126lm,70lm/W,Diffused,Datasheet=images/inground-radius/datasheets/IngroundR_I_EOP_H100_R1975_L0385_FL56Nx_G5_04W_T930_ORT1x.pdf;Specification=images/inground-radius/datasheets/inground-radius-specification.pdf;Brochure=files/holectron/holectron-inground-radius-brochure-2025.pdf
Inground Radius,,,,,,,,,,,,,,,,,,,,Inground Radius R1975 24V 4.8W/m,IngroundR I EOP H100 R1975 L0385 / FL56/Nx G5 04W T940 / OR.T1x,Stainless Steel,images/inground-radius/inground-radius-r1975-stainless-steel.jpg,4000K,CRI>90,DALI | 1-10V | Phase Dim,IP67,IK10,,"Individual segment · 2 end caps, 1 cable · opal cover · curve R1975mm, 11.3° · 385mm long · 24V DC, driver separate · FL56 (56 LEDs/m) 4.8W/m",1.8W,131lm,73lm/W,Diffused,Datasheet=images/inground-radius/datasheets/IngroundR_I_EOP_H100_R1975_L0385_FL56Nx_G5_04W_T940_ORT1x.pdf;Specification=images/inground-radius/datasheets/inground-radius-specification.pdf;Brochure=files/holectron/holectron-inground-radius-brochure-2025.pdf
Inground Radius,,,,,,,,,,,,,,,,,,,,Inground Radius R1975 24V 9.6W/m,IngroundR I EOP H100 R1975 L0385 / FL56/Nx G5 09W 922 / OR.T1x,Stainless Steel,images/inground-radius/inground-radius-r1975-stainless-steel.jpg,2200K,CRI>90,DALI | 1-10V | Phase Dim,IP67,IK10,,"Individual segment · 2 end caps, 1 cable · opal cover · curve R1975mm, 11.3° · 385mm long · 24V DC, driver separate · FL56 (56 LEDs/m) 9.6W/m",3.6W,153lm,43lm/W,Diffused,Datasheet=images/inground-radius/datasheets/IngroundR_I_EOP_H100_R1975_L0385_FL56Nx_G5_09W_922_ORT1x.pdf;Specification=images/inground-radius/datasheets/inground-radius-specification.pdf;Brochure=files/holectron/holectron-inground-radius-brochure-2025.pdf
Inground Radius,,,,,,,,,,,,,,,,,,,,Inground Radius R1975 24V 9.6W/m,IngroundR I EOP H100 R1975 L0385 / FL56/Nx G5 09W T927 / OR.T1x,Stainless Steel,images/inground-radius/inground-radius-r1975-stainless-steel.jpg,2700K,CRI>90,DALI | 1-10V | Phase Dim,IP67,IK10,,"Individual segment · 2 end caps, 1 cable · opal cover · curve R1975mm, 11.3° · 385mm long · 24V DC, driver separate · FL56 (56 LEDs/m) 9.6W/m",3.6W,235lm,65lm/W,Diffused,Datasheet=images/inground-radius/datasheets/IngroundR_I_EOP_H100_R1975_L0385_FL56Nx_G5_09W_T927_ORT1x.pdf;Specification=images/inground-radius/datasheets/inground-radius-specification.pdf;Brochure=files/holectron/holectron-inground-radius-brochure-2025.pdf
Inground Radius,,,,,,,,,,,,,,,,,,,,Inground Radius R1975 24V 9.6W/m,IngroundR I EOP H100 R1975 L0385 / FL56/Nx G5 09W T930 / OR.T1x,Stainless Steel,images/inground-radius/inground-radius-r1975-stainless-steel.jpg,3000K,CRI>90,DALI | 1-10V | Phase Dim,IP67,IK10,,"Individual segment · 2 end caps, 1 cable · opal cover · curve R1975mm, 11.3° · 385mm long · 24V DC, driver separate · FL56 (56 LEDs/m) 9.6W/m",3.6W,247lm,69lm/W,Diffused,Datasheet=images/inground-radius/datasheets/IngroundR_I_EOP_H100_R1975_L0385_FL56Nx_G5_09W_T930_ORT1x.pdf;Specification=images/inground-radius/datasheets/inground-radius-specification.pdf;Brochure=files/holectron/holectron-inground-radius-brochure-2025.pdf
Inground Radius,,,,,,,,,,,,,,,,,,,,Inground Radius R1975 24V 9.6W/m,IngroundR I EOP H100 R1975 L0385 / FL56/Nx G5 09W T940 / OR.T1x,Stainless Steel,images/inground-radius/inground-radius-r1975-stainless-steel.jpg,4000K,CRI>90,DALI | 1-10V | Phase Dim,IP67,IK10,,"Individual segment · 2 end caps, 1 cable · opal cover · curve R1975mm, 11.3° · 385mm long · 24V DC, driver separate · FL56 (56 LEDs/m) 9.6W/m",3.6W,257lm,71lm/W,Diffused,Datasheet=images/inground-radius/datasheets/IngroundR_I_EOP_H100_R1975_L0385_FL56Nx_G5_09W_T940_ORT1x.pdf;Specification=images/inground-radius/datasheets/inground-radius-specification.pdf;Brochure=files/holectron/holectron-inground-radius-brochure-2025.pdf
Inground Radius,,,,,,,,,,,,,,,,,,,,Inground Radius R1975 48V 4.8W/m,IngroundR I EOP H100 R1975 L0385 / FL112/Nx.48V G5 04W 922 / OR.T1x,Stainless Steel,images/inground-radius/inground-radius-r1975-stainless-steel.jpg,2200K,CRI>90,DALI | 1-10V | Phase Dim,IP67,IK10,,"Individual segment · 2 end caps, 1 cable · opal cover · curve R1975mm, 11.3° · 385mm long · 48V DC, driver separate · FL112 (112 LEDs/m) 4.8W/m",1.8W,80lm,44lm/W,Diffused,Datasheet=images/inground-radius/datasheets/IngroundR_I_EOP_H100_R1975_L0385_FL112Nx48V_G5_04W_922_ORT1x.pdf;Specification=images/inground-radius/datasheets/inground-radius-specification.pdf;Brochure=files/holectron/holectron-inground-radius-brochure-2025.pdf
Inground Radius,,,,,,,,,,,,,,,,,,,,Inground Radius R1975 48V 4.8W/m,IngroundR I EOP H100 R1975 L0385 / FL112/Nx.48V G5 04W T927 / OR.T1x,Stainless Steel,images/inground-radius/inground-radius-r1975-stainless-steel.jpg,2700K,CRI>90,DALI | 1-10V | Phase Dim,IP67,IK10,,"Individual segment · 2 end caps, 1 cable · opal cover · curve R1975mm, 11.3° · 385mm long · 48V DC, driver separate · FL112 (112 LEDs/m) 4.8W/m",1.8W,121lm,67lm/W,Diffused,Datasheet=images/inground-radius/datasheets/IngroundR_I_EOP_H100_R1975_L0385_FL112Nx48V_G5_04W_T927_ORT1x.pdf;Specification=images/inground-radius/datasheets/inground-radius-specification.pdf;Brochure=files/holectron/holectron-inground-radius-brochure-2025.pdf
Inground Radius,,,,,,,,,,,,,,,,,,,,Inground Radius R1975 48V 4.8W/m,IngroundR I EOP H100 R1975 L0385 / FL112/Nx.48V G5 04W T930 / OR.T1x,Stainless Steel,images/inground-radius/inground-radius-r1975-stainless-steel.jpg,3000K,CRI>90,DALI | 1-10V | Phase Dim,IP67,IK10,,"Individual segment · 2 end caps, 1 cable · opal cover · curve R1975mm, 11.3° · 385mm long · 48V DC, driver separate · FL112 (112 LEDs/m) 4.8W/m",1.8W,127lm,71lm/W,Diffused,Datasheet=images/inground-radius/datasheets/IngroundR_I_EOP_H100_R1975_L0385_FL112Nx48V_G5_04W_T930_ORT1x.pdf;Specification=images/inground-radius/datasheets/inground-radius-specification.pdf;Brochure=files/holectron/holectron-inground-radius-brochure-2025.pdf
Inground Radius,,,,,,,,,,,,,,,,,,,,Inground Radius R1975 48V 4.8W/m,IngroundR I EOP H100 R1975 L0385 / FL112/Nx.48V G5 04W T940 / OR.T1x,Stainless Steel,images/inground-radius/inground-radius-r1975-stainless-steel.jpg,4000K,CRI>90,DALI | 1-10V | Phase Dim,IP67,IK10,,"Individual segment · 2 end caps, 1 cable · opal cover · curve R1975mm, 11.3° · 385mm long · 48V DC, driver separate · FL112 (112 LEDs/m) 4.8W/m",1.8W,132lm,73lm/W,Diffused,Datasheet=images/inground-radius/datasheets/IngroundR_I_EOP_H100_R1975_L0385_FL112Nx48V_G5_04W_T940_ORT1x.pdf;Specification=images/inground-radius/datasheets/inground-radius-specification.pdf;Brochure=files/holectron/holectron-inground-radius-brochure-2025.pdf
Inground Radius,,,,,,,,,,,,,,,,,,,,Inground Radius R1975 48V 9.6W/m,IngroundR I EOP H100 R1975 L0385 / FL112/Nx.48V G5 09W 922 / OR.T1x,Stainless Steel,images/inground-radius/inground-radius-r1975-stainless-steel.jpg,2200K,CRI>90,DALI | 1-10V | Phase Dim,IP67,IK10,,"Individual segment · 2 end caps, 1 cable · opal cover · curve R1975mm, 11.3° · 385mm long · 48V DC, driver separate · FL112 (112 LEDs/m) 9.6W/m",3.6W,157lm,44lm/W,Diffused,Datasheet=images/inground-radius/datasheets/IngroundR_I_EOP_H100_R1975_L0385_FL112Nx48V_G5_09W_922_ORT1x.pdf;Specification=images/inground-radius/datasheets/inground-radius-specification.pdf;Brochure=files/holectron/holectron-inground-radius-brochure-2025.pdf
Inground Radius,,,,,,,,,,,,,,,,,,,,Inground Radius R1975 48V 9.6W/m,IngroundR I EOP H100 R1975 L0385 / FL112/Nx.48V G5 09W T927 / OR.T1x,Stainless Steel,images/inground-radius/inground-radius-r1975-stainless-steel.jpg,2700K,CRI>90,DALI | 1-10V | Phase Dim,IP67,IK10,,"Individual segment · 2 end caps, 1 cable · opal cover · curve R1975mm, 11.3° · 385mm long · 48V DC, driver separate · FL112 (112 LEDs/m) 9.6W/m",3.6W,240lm,67lm/W,Diffused,Datasheet=images/inground-radius/datasheets/IngroundR_I_EOP_H100_R1975_L0385_FL112Nx48V_G5_09W_T927_ORT1x.pdf;Specification=images/inground-radius/datasheets/inground-radius-specification.pdf;Brochure=files/holectron/holectron-inground-radius-brochure-2025.pdf
Inground Radius,,,,,,,,,,,,,,,,,,,,Inground Radius R1975 48V 9.6W/m,IngroundR I EOP H100 R1975 L0385 / FL112/Nx.48V G5 09W T930 / OR.T1x,Stainless Steel,images/inground-radius/inground-radius-r1975-stainless-steel.jpg,3000K,CRI>90,DALI | 1-10V | Phase Dim,IP67,IK10,,"Individual segment · 2 end caps, 1 cable · opal cover · curve R1975mm, 11.3° · 385mm long · 48V DC, driver separate · FL112 (112 LEDs/m) 9.6W/m",3.6W,252lm,70lm/W,Diffused,Datasheet=images/inground-radius/datasheets/IngroundR_I_EOP_H100_R1975_L0385_FL112Nx48V_G5_09W_T930_ORT1x.pdf;Specification=images/inground-radius/datasheets/inground-radius-specification.pdf;Brochure=files/holectron/holectron-inground-radius-brochure-2025.pdf
Inground Radius,,,,,,,,,,,,,,,,,,,,Inground Radius R1975 48V 9.6W/m,IngroundR I EOP H100 R1975 L0385 / FL112/Nx.48V G5 09W T940 / OR.T1x,Stainless Steel,images/inground-radius/inground-radius-r1975-stainless-steel.jpg,4000K,CRI>90,DALI | 1-10V | Phase Dim,IP67,IK10,,"Individual segment · 2 end caps, 1 cable · opal cover · curve R1975mm, 11.3° · 385mm long · 48V DC, driver separate · FL112 (112 LEDs/m) 9.6W/m",3.6W,262lm,73lm/W,Diffused,Datasheet=images/inground-radius/datasheets/IngroundR_I_EOP_H100_R1975_L0385_FL112Nx48V_G5_09W_T940_ORT1x.pdf;Specification=images/inground-radius/datasheets/inground-radius-specification.pdf;Brochure=files/holectron/holectron-inground-radius-brochure-2025.pdf
Inground Radius,,,,,,,,,,,,,,,,,,,,Inground Radius R2950 24V 2.4W/m,IngroundR I EOP H100 R2950 L0384 / FL56/Nx G5 02W 922 / OR.T1x,Stainless Steel,images/inground-radius/inground-radius-r2950-stainless-steel.jpg,2200K,CRI>90,DALI | 1-10V | Phase Dim,IP67,IK10,,"Individual segment · 2 end caps, 1 cable · opal cover · curve R2950mm, 7.5° · 384mm long · 24V DC, driver separate · FL56 (56 LEDs/m) 2.4W/m",0.9W,40lm,44lm/W,Diffused,Datasheet=images/inground-radius/datasheets/IngroundR_I_EOP_H100_R2950_L0384_FL56Nx_G5_02W_922_ORT1x.pdf;Specification=images/inground-radius/datasheets/inground-radius-specification.pdf;Brochure=files/holectron/holectron-inground-radius-brochure-2025.pdf
Inground Radius,,,,,,,,,,,,,,,,,,,,Inground Radius R2950 24V 2.4W/m,IngroundR I EOP H100 R2950 L0384 / FL56/Nx G5 02W T927 / OR.T1x,Stainless Steel,images/inground-radius/inground-radius-r2950-stainless-steel.jpg,2700K,CRI>90,DALI | 1-10V | Phase Dim,IP67,IK10,,"Individual segment · 2 end caps, 1 cable · opal cover · curve R2950mm, 7.5° · 384mm long · 24V DC, driver separate · FL56 (56 LEDs/m) 2.4W/m",0.9W,60lm,67lm/W,Diffused,Datasheet=images/inground-radius/datasheets/IngroundR_I_EOP_H100_R2950_L0384_FL56Nx_G5_02W_T927_ORT1x.pdf;Specification=images/inground-radius/datasheets/inground-radius-specification.pdf;Brochure=files/holectron/holectron-inground-radius-brochure-2025.pdf
Inground Radius,,,,,,,,,,,,,,,,,,,,Inground Radius R2950 24V 2.4W/m,IngroundR I EOP H100 R2950 L0384 / FL56/Nx G5 02W T930 / OR.T1x,Stainless Steel,images/inground-radius/inground-radius-r2950-stainless-steel.jpg,3000K,CRI>90,DALI | 1-10V | Phase Dim,IP67,IK10,,"Individual segment · 2 end caps, 1 cable · opal cover · curve R2950mm, 7.5° · 384mm long · 24V DC, driver separate · FL56 (56 LEDs/m) 2.4W/m",0.9W,63lm,70lm/W,Diffused,Datasheet=images/inground-radius/datasheets/IngroundR_I_EOP_H100_R2950_L0384_FL56Nx_G5_02W_T930_ORT1x.pdf;Specification=images/inground-radius/datasheets/inground-radius-specification.pdf;Brochure=files/holectron/holectron-inground-radius-brochure-2025.pdf
Inground Radius,,,,,,,,,,,,,,,,,,,,Inground Radius R2950 24V 2.4W/m,IngroundR I EOP H100 R2950 L0384 / FL56/Nx G5 02W T940 / OR.T1x,Stainless Steel,images/inground-radius/inground-radius-r2950-stainless-steel.jpg,4000K,CRI>90,DALI | 1-10V | Phase Dim,IP67,IK10,,"Individual segment · 2 end caps, 1 cable · opal cover · curve R2950mm, 7.5° · 384mm long · 24V DC, driver separate · FL56 (56 LEDs/m) 2.4W/m",0.9W,66lm,73lm/W,Diffused,Datasheet=images/inground-radius/datasheets/IngroundR_I_EOP_H100_R2950_L0384_FL56Nx_G5_02W_T940_ORT1x.pdf;Specification=images/inground-radius/datasheets/inground-radius-specification.pdf;Brochure=files/holectron/holectron-inground-radius-brochure-2025.pdf
Inground Radius,,,,,,,,,,,,,,,,,,,,Inground Radius R2950 24V 4.8W/m,IngroundR I EOP H100 R2950 L0384 / FL56/Nx G5 04W 922 / OR.T1x,Stainless Steel,images/inground-radius/inground-radius-r2950-stainless-steel.jpg,2200K,CRI>90,DALI | 1-10V | Phase Dim,IP67,IK10,,"Individual segment · 2 end caps, 1 cable · opal cover · curve R2950mm, 7.5° · 384mm long · 24V DC, driver separate · FL56 (56 LEDs/m) 4.8W/m",1.8W,78lm,43lm/W,Diffused,Datasheet=images/inground-radius/datasheets/IngroundR_I_EOP_H100_R2950_L0384_FL56Nx_G5_04W_922_ORT1x.pdf;Specification=images/inground-radius/datasheets/inground-radius-specification.pdf;Brochure=files/holectron/holectron-inground-radius-brochure-2025.pdf
Inground Radius,,,,,,,,,,,,,,,,,,,,Inground Radius R2950 24V 4.8W/m,IngroundR I EOP H100 R2950 L0384 / FL56/Nx G5 04W T927 / OR.T1x,Stainless Steel,images/inground-radius/inground-radius-r2950-stainless-steel.jpg,2700K,CRI>90,DALI | 1-10V | Phase Dim,IP67,IK10,,"Individual segment · 2 end caps, 1 cable · opal cover · curve R2950mm, 7.5° · 384mm long · 24V DC, driver separate · FL56 (56 LEDs/m) 4.8W/m",1.8W,120lm,67lm/W,Diffused,Datasheet=images/inground-radius/datasheets/IngroundR_I_EOP_H100_R2950_L0384_FL56Nx_G5_04W_T927_ORT1x.pdf;Specification=images/inground-radius/datasheets/inground-radius-specification.pdf;Brochure=files/holectron/holectron-inground-radius-brochure-2025.pdf
Inground Radius,,,,,,,,,,,,,,,,,,,,Inground Radius R2950 24V 4.8W/m,IngroundR I EOP H100 R2950 L0384 / FL56/Nx G5 04W T930 / OR.T1x,Stainless Steel,images/inground-radius/inground-radius-r2950-stainless-steel.jpg,3000K,CRI>90,DALI | 1-10V | Phase Dim,IP67,IK10,,"Individual segment · 2 end caps, 1 cable · opal cover · curve R2950mm, 7.5° · 384mm long · 24V DC, driver separate · FL56 (56 LEDs/m) 4.8W/m",1.8W,126lm,70lm/W,Diffused,Datasheet=images/inground-radius/datasheets/IngroundR_I_EOP_H100_R2950_L0384_FL56Nx_G5_04W_T930_ORT1x.pdf;Specification=images/inground-radius/datasheets/inground-radius-specification.pdf;Brochure=files/holectron/holectron-inground-radius-brochure-2025.pdf
Inground Radius,,,,,,,,,,,,,,,,,,,,Inground Radius R2950 24V 4.8W/m,IngroundR I EOP H100 R2950 L0384 / FL56/Nx G5 04W T940 / OR.T1x,Stainless Steel,images/inground-radius/inground-radius-r2950-stainless-steel.jpg,4000K,CRI>90,DALI | 1-10V | Phase Dim,IP67,IK10,,"Individual segment · 2 end caps, 1 cable · opal cover · curve R2950mm, 7.5° · 384mm long · 24V DC, driver separate · FL56 (56 LEDs/m) 4.8W/m",1.8W,131lm,73lm/W,Diffused,Datasheet=images/inground-radius/datasheets/IngroundR_I_EOP_H100_R2950_L0384_FL56Nx_G5_04W_T940_ORT1x.pdf;Specification=images/inground-radius/datasheets/inground-radius-specification.pdf;Brochure=files/holectron/holectron-inground-radius-brochure-2025.pdf
Inground Radius,,,,,,,,,,,,,,,,,,,,Inground Radius R2950 24V 9.6W/m,IngroundR I EOP H100 R2950 L0384 / FL56/Nx G5 09W 922 / OR.T1x,Stainless Steel,images/inground-radius/inground-radius-r2950-stainless-steel.jpg,2200K,CRI>90,DALI | 1-10V | Phase Dim,IP67,IK10,,"Individual segment · 2 end caps, 1 cable · opal cover · curve R2950mm, 7.5° · 384mm long · 24V DC, driver separate · FL56 (56 LEDs/m) 9.6W/m",3.6W,153lm,43lm/W,Diffused,Datasheet=images/inground-radius/datasheets/IngroundR_I_EOP_H100_R2950_L0384_FL56Nx_G5_09W_922_ORT1x.pdf;Specification=images/inground-radius/datasheets/inground-radius-specification.pdf;Brochure=files/holectron/holectron-inground-radius-brochure-2025.pdf
Inground Radius,,,,,,,,,,,,,,,,,,,,Inground Radius R2950 24V 9.6W/m,IngroundR I EOP H100 R2950 L0384 / FL56/Nx G5 09W T927 / OR.T1x,Stainless Steel,images/inground-radius/inground-radius-r2950-stainless-steel.jpg,2700K,CRI>90,DALI | 1-10V | Phase Dim,IP67,IK10,,"Individual segment · 2 end caps, 1 cable · opal cover · curve R2950mm, 7.5° · 384mm long · 24V DC, driver separate · FL56 (56 LEDs/m) 9.6W/m",3.6W,235lm,65lm/W,Diffused,Datasheet=images/inground-radius/datasheets/IngroundR_I_EOP_H100_R2950_L0384_FL56Nx_G5_09W_T927_ORT1x.pdf;Specification=images/inground-radius/datasheets/inground-radius-specification.pdf;Brochure=files/holectron/holectron-inground-radius-brochure-2025.pdf
Inground Radius,,,,,,,,,,,,,,,,,,,,Inground Radius R2950 24V 9.6W/m,IngroundR I EOP H100 R2950 L0384 / FL56/Nx G5 09W T930 / OR.T1x,Stainless Steel,images/inground-radius/inground-radius-r2950-stainless-steel.jpg,3000K,CRI>90,DALI | 1-10V | Phase Dim,IP67,IK10,,"Individual segment · 2 end caps, 1 cable · opal cover · curve R2950mm, 7.5° · 384mm long · 24V DC, driver separate · FL56 (56 LEDs/m) 9.6W/m",3.6W,247lm,69lm/W,Diffused,Datasheet=images/inground-radius/datasheets/IngroundR_I_EOP_H100_R2950_L0384_FL56Nx_G5_09W_T930_ORT1x.pdf;Specification=images/inground-radius/datasheets/inground-radius-specification.pdf;Brochure=files/holectron/holectron-inground-radius-brochure-2025.pdf
Inground Radius,,,,,,,,,,,,,,,,,,,,Inground Radius R2950 24V 9.6W/m,IngroundR I EOP H100 R2950 L0384 / FL56/Nx G5 09W T940 / OR.T1x,Stainless Steel,images/inground-radius/inground-radius-r2950-stainless-steel.jpg,4000K,CRI>90,DALI | 1-10V | Phase Dim,IP67,IK10,,"Individual segment · 2 end caps, 1 cable · opal cover · curve R2950mm, 7.5° · 384mm long · 24V DC, driver separate · FL56 (56 LEDs/m) 9.6W/m",3.6W,257lm,71lm/W,Diffused,Datasheet=images/inground-radius/datasheets/IngroundR_I_EOP_H100_R2950_L0384_FL56Nx_G5_09W_T940_ORT1x.pdf;Specification=images/inground-radius/datasheets/inground-radius-specification.pdf;Brochure=files/holectron/holectron-inground-radius-brochure-2025.pdf
Inground Radius,,,,,,,,,,,,,,,,,,,,Inground Radius R2950 48V 4.8W/m,IngroundR I EOP H100 R2950 L0384 / FL112/Nx.48V G5 04W 922 / OR.T1x,Stainless Steel,images/inground-radius/inground-radius-r2950-stainless-steel.jpg,2200K,CRI>90,DALI | 1-10V | Phase Dim,IP67,IK10,,"Individual segment · 2 end caps, 1 cable · opal cover · curve R2950mm, 7.5° · 384mm long · 48V DC, driver separate · FL112 (112 LEDs/m) 4.8W/m",1.8W,80lm,44lm/W,Diffused,Datasheet=images/inground-radius/datasheets/IngroundR_I_EOP_H100_R2950_L0384_FL112Nx48V_G5_04W_922_ORT1x.pdf;Specification=images/inground-radius/datasheets/inground-radius-specification.pdf;Brochure=files/holectron/holectron-inground-radius-brochure-2025.pdf
Inground Radius,,,,,,,,,,,,,,,,,,,,Inground Radius R2950 48V 4.8W/m,IngroundR I EOP H100 R2950 L0384 / FL112/Nx.48V G5 04W T927 / OR.T1x,Stainless Steel,images/inground-radius/inground-radius-r2950-stainless-steel.jpg,2700K,CRI>90,DALI | 1-10V | Phase Dim,IP67,IK10,,"Individual segment · 2 end caps, 1 cable · opal cover · curve R2950mm, 7.5° · 384mm long · 48V DC, driver separate · FL112 (112 LEDs/m) 4.8W/m",1.8W,121lm,67lm/W,Diffused,Datasheet=images/inground-radius/datasheets/IngroundR_I_EOP_H100_R2950_L0384_FL112Nx48V_G5_04W_T927_ORT1x.pdf;Specification=images/inground-radius/datasheets/inground-radius-specification.pdf;Brochure=files/holectron/holectron-inground-radius-brochure-2025.pdf
Inground Radius,,,,,,,,,,,,,,,,,,,,Inground Radius R2950 48V 4.8W/m,IngroundR I EOP H100 R2950 L0384 / FL112/Nx.48V G5 04W T930 / OR.T1x,Stainless Steel,images/inground-radius/inground-radius-r2950-stainless-steel.jpg,3000K,CRI>90,DALI | 1-10V | Phase Dim,IP67,IK10,,"Individual segment · 2 end caps, 1 cable · opal cover · curve R2950mm, 7.5° · 384mm long · 48V DC, driver separate · FL112 (112 LEDs/m) 4.8W/m",1.8W,127lm,71lm/W,Diffused,Datasheet=images/inground-radius/datasheets/IngroundR_I_EOP_H100_R2950_L0384_FL112Nx48V_G5_04W_T930_ORT1x.pdf;Specification=images/inground-radius/datasheets/inground-radius-specification.pdf;Brochure=files/holectron/holectron-inground-radius-brochure-2025.pdf
Inground Radius,,,,,,,,,,,,,,,,,,,,Inground Radius R2950 48V 4.8W/m,IngroundR I EOP H100 R2950 L0384 / FL112/Nx.48V G5 04W T940 / OR.T1x,Stainless Steel,images/inground-radius/inground-radius-r2950-stainless-steel.jpg,4000K,CRI>90,DALI | 1-10V | Phase Dim,IP67,IK10,,"Individual segment · 2 end caps, 1 cable · opal cover · curve R2950mm, 7.5° · 384mm long · 48V DC, driver separate · FL112 (112 LEDs/m) 4.8W/m",1.8W,132lm,73lm/W,Diffused,Datasheet=images/inground-radius/datasheets/IngroundR_I_EOP_H100_R2950_L0384_FL112Nx48V_G5_04W_T940_ORT1x.pdf;Specification=images/inground-radius/datasheets/inground-radius-specification.pdf;Brochure=files/holectron/holectron-inground-radius-brochure-2025.pdf
Inground Radius,,,,,,,,,,,,,,,,,,,,Inground Radius R2950 48V 9.6W/m,IngroundR I EOP H100 R2950 L0384 / FL112/Nx.48V G5 09W 922 / OR.T1x,Stainless Steel,images/inground-radius/inground-radius-r2950-stainless-steel.jpg,2200K,CRI>90,DALI | 1-10V | Phase Dim,IP67,IK10,,"Individual segment · 2 end caps, 1 cable · opal cover · curve R2950mm, 7.5° · 384mm long · 48V DC, driver separate · FL112 (112 LEDs/m) 9.6W/m",3.6W,157lm,44lm/W,Diffused,Datasheet=images/inground-radius/datasheets/IngroundR_I_EOP_H100_R2950_L0384_FL112Nx48V_G5_09W_922_ORT1x.pdf;Specification=images/inground-radius/datasheets/inground-radius-specification.pdf;Brochure=files/holectron/holectron-inground-radius-brochure-2025.pdf
Inground Radius,,,,,,,,,,,,,,,,,,,,Inground Radius R2950 48V 9.6W/m,IngroundR I EOP H100 R2950 L0384 / FL112/Nx.48V G5 09W T927 / OR.T1x,Stainless Steel,images/inground-radius/inground-radius-r2950-stainless-steel.jpg,2700K,CRI>90,DALI | 1-10V | Phase Dim,IP67,IK10,,"Individual segment · 2 end caps, 1 cable · opal cover · curve R2950mm, 7.5° · 384mm long · 48V DC, driver separate · FL112 (112 LEDs/m) 9.6W/m",3.6W,240lm,67lm/W,Diffused,Datasheet=images/inground-radius/datasheets/IngroundR_I_EOP_H100_R2950_L0384_FL112Nx48V_G5_09W_T927_ORT1x.pdf;Specification=images/inground-radius/datasheets/inground-radius-specification.pdf;Brochure=files/holectron/holectron-inground-radius-brochure-2025.pdf
Inground Radius,,,,,,,,,,,,,,,,,,,,Inground Radius R2950 48V 9.6W/m,IngroundR I EOP H100 R2950 L0384 / FL112/Nx.48V G5 09W T930 / OR.T1x,Stainless Steel,images/inground-radius/inground-radius-r2950-stainless-steel.jpg,3000K,CRI>90,DALI | 1-10V | Phase Dim,IP67,IK10,,"Individual segment · 2 end caps, 1 cable · opal cover · curve R2950mm, 7.5° · 384mm long · 48V DC, driver separate · FL112 (112 LEDs/m) 9.6W/m",3.6W,252lm,70lm/W,Diffused,Datasheet=images/inground-radius/datasheets/IngroundR_I_EOP_H100_R2950_L0384_FL112Nx48V_G5_09W_T930_ORT1x.pdf;Specification=images/inground-radius/datasheets/inground-radius-specification.pdf;Brochure=files/holectron/holectron-inground-radius-brochure-2025.pdf
Inground Radius,,,,,,,,,,,,,,,,,,,,Inground Radius R2950 48V 9.6W/m,IngroundR I EOP H100 R2950 L0384 / FL112/Nx.48V G5 09W T940 / OR.T1x,Stainless Steel,images/inground-radius/inground-radius-r2950-stainless-steel.jpg,4000K,CRI>90,DALI | 1-10V | Phase Dim,IP67,IK10,,"Individual segment · 2 end caps, 1 cable · opal cover · curve R2950mm, 7.5° · 384mm long · 48V DC, driver separate · FL112 (112 LEDs/m) 9.6W/m",3.6W,262lm,73lm/W,Diffused,Datasheet=images/inground-radius/datasheets/IngroundR_I_EOP_H100_R2950_L0384_FL112Nx48V_G5_09W_T940_ORT1x.pdf;Specification=images/inground-radius/datasheets/inground-radius-specification.pdf;Brochure=files/holectron/holectron-inground-radius-brochure-2025.pdf
Inground Radius,,,,,,,,,,,,,,,,,,,,Inground Radius R6100 24V 2.4W/m,IngroundR I EOP H100 R6100 L0382 / FL56/Nx G5 02W 922 / OR.T1x,Stainless Steel,images/inground-radius/inground-radius-r6100-stainless-steel.jpg,2200K,CRI>90,DALI | 1-10V | Phase Dim,IP67,IK10,,"Individual segment · 2 end caps, 1 cable · opal cover · curve R6100mm, 3.6° · 382mm long · 24V DC, driver separate · FL56 (56 LEDs/m) 2.4W/m",0.9W,40lm,44lm/W,Diffused,Datasheet=images/inground-radius/datasheets/IngroundR_I_EOP_H100_R6100_L0382_FL56Nx_G5_02W_922_ORT1x.pdf;Specification=images/inground-radius/datasheets/inground-radius-specification.pdf;Brochure=files/holectron/holectron-inground-radius-brochure-2025.pdf
Inground Radius,,,,,,,,,,,,,,,,,,,,Inground Radius R6100 24V 2.4W/m,IngroundR I EOP H100 R6100 L0382 / FL56/Nx G5 02W T927 / OR.T1x,Stainless Steel,images/inground-radius/inground-radius-r6100-stainless-steel.jpg,2700K,CRI>90,DALI | 1-10V | Phase Dim,IP67,IK10,,"Individual segment · 2 end caps, 1 cable · opal cover · curve R6100mm, 3.6° · 382mm long · 24V DC, driver separate · FL56 (56 LEDs/m) 2.4W/m",0.9W,60lm,67lm/W,Diffused,Datasheet=images/inground-radius/datasheets/IngroundR_I_EOP_H100_R6100_L0382_FL56Nx_G5_02W_T927_ORT1x.pdf;Specification=images/inground-radius/datasheets/inground-radius-specification.pdf;Brochure=files/holectron/holectron-inground-radius-brochure-2025.pdf
Inground Radius,,,,,,,,,,,,,,,,,,,,Inground Radius R6100 24V 2.4W/m,IngroundR I EOP H100 R6100 L0382 / FL56/Nx G5 02W T930 / OR.T1x,Stainless Steel,images/inground-radius/inground-radius-r6100-stainless-steel.jpg,3000K,CRI>90,DALI | 1-10V | Phase Dim,IP67,IK10,,"Individual segment · 2 end caps, 1 cable · opal cover · curve R6100mm, 3.6° · 382mm long · 24V DC, driver separate · FL56 (56 LEDs/m) 2.4W/m",0.9W,63lm,70lm/W,Diffused,Datasheet=images/inground-radius/datasheets/IngroundR_I_EOP_H100_R6100_L0382_FL56Nx_G5_02W_T930_ORT1x.pdf;Specification=images/inground-radius/datasheets/inground-radius-specification.pdf;Brochure=files/holectron/holectron-inground-radius-brochure-2025.pdf
Inground Radius,,,,,,,,,,,,,,,,,,,,Inground Radius R6100 24V 2.4W/m,IngroundR I EOP H100 R6100 L0382 / FL56/Nx G5 02W T940 / OR.T1x,Stainless Steel,images/inground-radius/inground-radius-r6100-stainless-steel.jpg,4000K,CRI>90,DALI | 1-10V | Phase Dim,IP67,IK10,,"Individual segment · 2 end caps, 1 cable · opal cover · curve R6100mm, 3.6° · 382mm long · 24V DC, driver separate · FL56 (56 LEDs/m) 2.4W/m",0.9W,66lm,73lm/W,Diffused,Datasheet=images/inground-radius/datasheets/IngroundR_I_EOP_H100_R6100_L0382_FL56Nx_G5_02W_T940_ORT1x.pdf;Specification=images/inground-radius/datasheets/inground-radius-specification.pdf;Brochure=files/holectron/holectron-inground-radius-brochure-2025.pdf
Inground Radius,,,,,,,,,,,,,,,,,,,,Inground Radius R6100 24V 4.8W/m,IngroundR I EOP H100 R6100 L0382 / FL56/Nx G5 04W 922 / OR.T1x,Stainless Steel,images/inground-radius/inground-radius-r6100-stainless-steel.jpg,2200K,CRI>90,DALI | 1-10V | Phase Dim,IP67,IK10,,"Individual segment · 2 end caps, 1 cable · opal cover · curve R6100mm, 3.6° · 382mm long · 24V DC, driver separate · FL56 (56 LEDs/m) 4.8W/m",1.8W,78lm,43lm/W,Diffused,Datasheet=images/inground-radius/datasheets/IngroundR_I_EOP_H100_R6100_L0382_FL56Nx_G5_04W_922_ORT1x.pdf;Specification=images/inground-radius/datasheets/inground-radius-specification.pdf;Brochure=files/holectron/holectron-inground-radius-brochure-2025.pdf
Inground Radius,,,,,,,,,,,,,,,,,,,,Inground Radius R6100 24V 4.8W/m,IngroundR I EOP H100 R6100 L0382 / FL56/Nx G5 04W T927 / OR.T1x,Stainless Steel,images/inground-radius/inground-radius-r6100-stainless-steel.jpg,2700K,CRI>90,DALI | 1-10V | Phase Dim,IP67,IK10,,"Individual segment · 2 end caps, 1 cable · opal cover · curve R6100mm, 3.6° · 382mm long · 24V DC, driver separate · FL56 (56 LEDs/m) 4.8W/m",1.8W,120lm,67lm/W,Diffused,Datasheet=images/inground-radius/datasheets/IngroundR_I_EOP_H100_R6100_L0382_FL56Nx_G5_04W_T927_ORT1x.pdf;Specification=images/inground-radius/datasheets/inground-radius-specification.pdf;Brochure=files/holectron/holectron-inground-radius-brochure-2025.pdf
Inground Radius,,,,,,,,,,,,,,,,,,,,Inground Radius R6100 24V 4.8W/m,IngroundR I EOP H100 R6100 L0382 / FL56/Nx G5 04W T930 / OR.T1x,Stainless Steel,images/inground-radius/inground-radius-r6100-stainless-steel.jpg,3000K,CRI>90,DALI | 1-10V | Phase Dim,IP67,IK10,,"Individual segment · 2 end caps, 1 cable · opal cover · curve R6100mm, 3.6° · 382mm long · 24V DC, driver separate · FL56 (56 LEDs/m) 4.8W/m",1.8W,126lm,70lm/W,Diffused,Datasheet=images/inground-radius/datasheets/IngroundR_I_EOP_H100_R6100_L0382_FL56Nx_G5_04W_T930_ORT1x.pdf;Specification=images/inground-radius/datasheets/inground-radius-specification.pdf;Brochure=files/holectron/holectron-inground-radius-brochure-2025.pdf
Inground Radius,,,,,,,,,,,,,,,,,,,,Inground Radius R6100 24V 4.8W/m,IngroundR I EOP H100 R6100 L0382 / FL56/Nx G5 04W T940 / OR.T1x,Stainless Steel,images/inground-radius/inground-radius-r6100-stainless-steel.jpg,4000K,CRI>90,DALI | 1-10V | Phase Dim,IP67,IK10,,"Individual segment · 2 end caps, 1 cable · opal cover · curve R6100mm, 3.6° · 382mm long · 24V DC, driver separate · FL56 (56 LEDs/m) 4.8W/m",1.8W,131lm,73lm/W,Diffused,Datasheet=images/inground-radius/datasheets/IngroundR_I_EOP_H100_R6100_L0382_FL56Nx_G5_04W_T940_ORT1x.pdf;Specification=images/inground-radius/datasheets/inground-radius-specification.pdf;Brochure=files/holectron/holectron-inground-radius-brochure-2025.pdf
Inground Radius,,,,,,,,,,,,,,,,,,,,Inground Radius R6100 24V 9.6W/m,IngroundR I EOP H100 R6100 L0382 / FL56/Nx G5 09W 922 / OR.T1x,Stainless Steel,images/inground-radius/inground-radius-r6100-stainless-steel.jpg,2200K,CRI>90,DALI | 1-10V | Phase Dim,IP67,IK10,,"Individual segment · 2 end caps, 1 cable · opal cover · curve R6100mm, 3.6° · 382mm long · 24V DC, driver separate · FL56 (56 LEDs/m) 9.6W/m",3.6W,153lm,43lm/W,Diffused,Datasheet=images/inground-radius/datasheets/IngroundR_I_EOP_H100_R6100_L0382_FL56Nx_G5_09W_922_ORT1x.pdf;Specification=images/inground-radius/datasheets/inground-radius-specification.pdf;Brochure=files/holectron/holectron-inground-radius-brochure-2025.pdf
Inground Radius,,,,,,,,,,,,,,,,,,,,Inground Radius R6100 24V 9.6W/m,IngroundR I EOP H100 R6100 L0382 / FL56/Nx G5 09W T927 / OR.T1x,Stainless Steel,images/inground-radius/inground-radius-r6100-stainless-steel.jpg,2700K,CRI>90,DALI | 1-10V | Phase Dim,IP67,IK10,,"Individual segment · 2 end caps, 1 cable · opal cover · curve R6100mm, 3.6° · 382mm long · 24V DC, driver separate · FL56 (56 LEDs/m) 9.6W/m",3.6W,235lm,65lm/W,Diffused,Datasheet=images/inground-radius/datasheets/IngroundR_I_EOP_H100_R6100_L0382_FL56Nx_G5_09W_T927_ORT1x.pdf;Specification=images/inground-radius/datasheets/inground-radius-specification.pdf;Brochure=files/holectron/holectron-inground-radius-brochure-2025.pdf
Inground Radius,,,,,,,,,,,,,,,,,,,,Inground Radius R6100 24V 9.6W/m,IngroundR I EOP H100 R6100 L0382 / FL56/Nx G5 09W T930 / OR.T1x,Stainless Steel,images/inground-radius/inground-radius-r6100-stainless-steel.jpg,3000K,CRI>90,DALI | 1-10V | Phase Dim,IP67,IK10,,"Individual segment · 2 end caps, 1 cable · opal cover · curve R6100mm, 3.6° · 382mm long · 24V DC, driver separate · FL56 (56 LEDs/m) 9.6W/m",3.6W,247lm,69lm/W,Diffused,Datasheet=images/inground-radius/datasheets/IngroundR_I_EOP_H100_R6100_L0382_FL56Nx_G5_09W_T930_ORT1x.pdf;Specification=images/inground-radius/datasheets/inground-radius-specification.pdf;Brochure=files/holectron/holectron-inground-radius-brochure-2025.pdf
Inground Radius,,,,,,,,,,,,,,,,,,,,Inground Radius R6100 24V 9.6W/m,IngroundR I EOP H100 R6100 L0382 / FL56/Nx G5 09W T940 / OR.T1x,Stainless Steel,images/inground-radius/inground-radius-r6100-stainless-steel.jpg,4000K,CRI>90,DALI | 1-10V | Phase Dim,IP67,IK10,,"Individual segment · 2 end caps, 1 cable · opal cover · curve R6100mm, 3.6° · 382mm long · 24V DC, driver separate · FL56 (56 LEDs/m) 9.6W/m",3.6W,257lm,71lm/W,Diffused,Datasheet=images/inground-radius/datasheets/IngroundR_I_EOP_H100_R6100_L0382_FL56Nx_G5_09W_T940_ORT1x.pdf;Specification=images/inground-radius/datasheets/inground-radius-specification.pdf;Brochure=files/holectron/holectron-inground-radius-brochure-2025.pdf
Inground Radius,,,,,,,,,,,,,,,,,,,,Inground Radius R6100 48V 4.8W/m,IngroundR I EOP H100 R6100 L0382 / FL112/Nx.48V G5 04W 922 / OR.T1x,Stainless Steel,images/inground-radius/inground-radius-r6100-stainless-steel.jpg,2200K,CRI>90,DALI | 1-10V | Phase Dim,IP67,IK10,,"Individual segment · 2 end caps, 1 cable · opal cover · curve R6100mm, 3.6° · 382mm long · 48V DC, driver separate · FL112 (112 LEDs/m) 4.8W/m",1.8W,80lm,44lm/W,Diffused,Datasheet=images/inground-radius/datasheets/IngroundR_I_EOP_H100_R6100_L0382_FL112Nx48V_G5_04W_922_ORT1x.pdf;Specification=images/inground-radius/datasheets/inground-radius-specification.pdf;Brochure=files/holectron/holectron-inground-radius-brochure-2025.pdf
Inground Radius,,,,,,,,,,,,,,,,,,,,Inground Radius R6100 48V 4.8W/m,IngroundR I EOP H100 R6100 L0382 / FL112/Nx.48V G5 04W T927 / OR.T1x,Stainless Steel,images/inground-radius/inground-radius-r6100-stainless-steel.jpg,2700K,CRI>90,DALI | 1-10V | Phase Dim,IP67,IK10,,"Individual segment · 2 end caps, 1 cable · opal cover · curve R6100mm, 3.6° · 382mm long · 48V DC, driver separate · FL112 (112 LEDs/m) 4.8W/m",1.8W,121lm,67lm/W,Diffused,Datasheet=images/inground-radius/datasheets/IngroundR_I_EOP_H100_R6100_L0382_FL112Nx48V_G5_04W_T927_ORT1x.pdf;Specification=images/inground-radius/datasheets/inground-radius-specification.pdf;Brochure=files/holectron/holectron-inground-radius-brochure-2025.pdf
Inground Radius,,,,,,,,,,,,,,,,,,,,Inground Radius R6100 48V 4.8W/m,IngroundR I EOP H100 R6100 L0382 / FL112/Nx.48V G5 04W T930 / OR.T1x,Stainless Steel,images/inground-radius/inground-radius-r6100-stainless-steel.jpg,3000K,CRI>90,DALI | 1-10V | Phase Dim,IP67,IK10,,"Individual segment · 2 end caps, 1 cable · opal cover · curve R6100mm, 3.6° · 382mm long · 48V DC, driver separate · FL112 (112 LEDs/m) 4.8W/m",1.8W,127lm,71lm/W,Diffused,Datasheet=images/inground-radius/datasheets/IngroundR_I_EOP_H100_R6100_L0382_FL112Nx48V_G5_04W_T930_ORT1x.pdf;Specification=images/inground-radius/datasheets/inground-radius-specification.pdf;Brochure=files/holectron/holectron-inground-radius-brochure-2025.pdf
Inground Radius,,,,,,,,,,,,,,,,,,,,Inground Radius R6100 48V 4.8W/m,IngroundR I EOP H100 R6100 L0382 / FL112/Nx.48V G5 04W T940 / OR.T1x,Stainless Steel,images/inground-radius/inground-radius-r6100-stainless-steel.jpg,4000K,CRI>90,DALI | 1-10V | Phase Dim,IP67,IK10,,"Individual segment · 2 end caps, 1 cable · opal cover · curve R6100mm, 3.6° · 382mm long · 48V DC, driver separate · FL112 (112 LEDs/m) 4.8W/m",1.8W,132lm,73lm/W,Diffused,Datasheet=images/inground-radius/datasheets/IngroundR_I_EOP_H100_R6100_L0382_FL112Nx48V_G5_04W_T940_ORT1x.pdf;Specification=images/inground-radius/datasheets/inground-radius-specification.pdf;Brochure=files/holectron/holectron-inground-radius-brochure-2025.pdf
Inground Radius,,,,,,,,,,,,,,,,,,,,Inground Radius R6100 48V 9.6W/m,IngroundR I EOP H100 R6100 L0382 / FL112/Nx.48V G5 09W 922 / OR.T1x,Stainless Steel,images/inground-radius/inground-radius-r6100-stainless-steel.jpg,2200K,CRI>90,DALI | 1-10V | Phase Dim,IP67,IK10,,"Individual segment · 2 end caps, 1 cable · opal cover · curve R6100mm, 3.6° · 382mm long · 48V DC, driver separate · FL112 (112 LEDs/m) 9.6W/m",3.6W,157lm,44lm/W,Diffused,Datasheet=images/inground-radius/datasheets/IngroundR_I_EOP_H100_R6100_L0382_FL112Nx48V_G5_09W_922_ORT1x.pdf;Specification=images/inground-radius/datasheets/inground-radius-specification.pdf;Brochure=files/holectron/holectron-inground-radius-brochure-2025.pdf
Inground Radius,,,,,,,,,,,,,,,,,,,,Inground Radius R6100 48V 9.6W/m,IngroundR I EOP H100 R6100 L0382 / FL112/Nx.48V G5 09W T927 / OR.T1x,Stainless Steel,images/inground-radius/inground-radius-r6100-stainless-steel.jpg,2700K,CRI>90,DALI | 1-10V | Phase Dim,IP67,IK10,,"Individual segment · 2 end caps, 1 cable · opal cover · curve R6100mm, 3.6° · 382mm long · 48V DC, driver separate · FL112 (112 LEDs/m) 9.6W/m",3.6W,240lm,67lm/W,Diffused,Datasheet=images/inground-radius/datasheets/IngroundR_I_EOP_H100_R6100_L0382_FL112Nx48V_G5_09W_T927_ORT1x.pdf;Specification=images/inground-radius/datasheets/inground-radius-specification.pdf;Brochure=files/holectron/holectron-inground-radius-brochure-2025.pdf
Inground Radius,,,,,,,,,,,,,,,,,,,,Inground Radius R6100 48V 9.6W/m,IngroundR I EOP H100 R6100 L0382 / FL112/Nx.48V G5 09W T930 / OR.T1x,Stainless Steel,images/inground-radius/inground-radius-r6100-stainless-steel.jpg,3000K,CRI>90,DALI | 1-10V | Phase Dim,IP67,IK10,,"Individual segment · 2 end caps, 1 cable · opal cover · curve R6100mm, 3.6° · 382mm long · 48V DC, driver separate · FL112 (112 LEDs/m) 9.6W/m",3.6W,252lm,70lm/W,Diffused,Datasheet=images/inground-radius/datasheets/IngroundR_I_EOP_H100_R6100_L0382_FL112Nx48V_G5_09W_T930_ORT1x.pdf;Specification=images/inground-radius/datasheets/inground-radius-specification.pdf;Brochure=files/holectron/holectron-inground-radius-brochure-2025.pdf
Inground Radius,,,,,,,,,,,,,,,,,,,,Inground Radius R6100 48V 9.6W/m,IngroundR I EOP H100 R6100 L0382 / FL112/Nx.48V G5 09W T940 / OR.T1x,Stainless Steel,images/inground-radius/inground-radius-r6100-stainless-steel.jpg,4000K,CRI>90,DALI | 1-10V | Phase Dim,IP67,IK10,,"Individual segment · 2 end caps, 1 cable · opal cover · curve R6100mm, 3.6° · 382mm long · 48V DC, driver separate · FL112 (112 LEDs/m) 9.6W/m",3.6W,262lm,73lm/W,Diffused,Datasheet=images/inground-radius/datasheets/IngroundR_I_EOP_H100_R6100_L0382_FL112Nx48V_G5_09W_T940_ORT1x.pdf;Specification=images/inground-radius/datasheets/inground-radius-specification.pdf;Brochure=files/holectron/holectron-inground-radius-brochure-2025.pdf
Inground Radius,,,,,,,,,,,,,,,,,,,,Inground Radius L505 24V 2.4W/m,IngroundR S EOP H100 R0000 L0505 / FL56/Nx G5 02W 922 / OR.T1x,Stainless Steel,images/inground-radius/inground-radius-l505-stainless-steel.jpg,2200K,CRI>90,DALI | 1-10V | Phase Dim,IP67,IK10,,"Start segment · end cap at start, 2 cables · opal cover · straight · 505mm long · 24V DC, driver separate · FL56 (56 LEDs/m) 2.4W/m",1.2W,53lm,44lm/W,Diffused,Datasheet=images/inground-radius/datasheets/IngroundR_S_EOP_H100_R0000_L0505_FL56Nx_G5_02W_922_ORT1x.pdf;Specification=images/inground-radius/datasheets/inground-radius-specification.pdf;Brochure=files/holectron/holectron-inground-radius-brochure-2025.pdf
Inground Radius,,,,,,,,,,,,,,,,,,,,Inground Radius L505 24V 2.4W/m,IngroundR S EOP H100 R0000 L0505 / FL56/Nx G5 02W T927 / OR.T1x,Stainless Steel,images/inground-radius/inground-radius-l505-stainless-steel.jpg,2700K,CRI>90,DALI | 1-10V | Phase Dim,IP67,IK10,,"Start segment · end cap at start, 2 cables · opal cover · straight · 505mm long · 24V DC, driver separate · FL56 (56 LEDs/m) 2.4W/m",1.2W,81lm,68lm/W,Diffused,Datasheet=images/inground-radius/datasheets/IngroundR_S_EOP_H100_R0000_L0505_FL56Nx_G5_02W_T927_ORT1x.pdf;Specification=images/inground-radius/datasheets/inground-radius-specification.pdf;Brochure=files/holectron/holectron-inground-radius-brochure-2025.pdf
Inground Radius,,,,,,,,,,,,,,,,,,,,Inground Radius L505 24V 2.4W/m,IngroundR S EOP H100 R0000 L0505 / FL56/Nx G5 02W T930 / OR.T1x,Stainless Steel,images/inground-radius/inground-radius-l505-stainless-steel.jpg,3000K,CRI>90,DALI | 1-10V | Phase Dim,IP67,IK10,,"Start segment · end cap at start, 2 cables · opal cover · straight · 505mm long · 24V DC, driver separate · FL56 (56 LEDs/m) 2.4W/m",1.2W,85lm,71lm/W,Diffused,Datasheet=images/inground-radius/datasheets/IngroundR_S_EOP_H100_R0000_L0505_FL56Nx_G5_02W_T930_ORT1x.pdf;Specification=images/inground-radius/datasheets/inground-radius-specification.pdf;Brochure=files/holectron/holectron-inground-radius-brochure-2025.pdf
Inground Radius,,,,,,,,,,,,,,,,,,,,Inground Radius L505 24V 2.4W/m,IngroundR S EOP H100 R0000 L0505 / FL56/Nx G5 02W T940 / OR.T1x,Stainless Steel,images/inground-radius/inground-radius-l505-stainless-steel.jpg,4000K,CRI>90,DALI | 1-10V | Phase Dim,IP67,IK10,,"Start segment · end cap at start, 2 cables · opal cover · straight · 505mm long · 24V DC, driver separate · FL56 (56 LEDs/m) 2.4W/m",1.2W,88lm,73lm/W,Diffused,Datasheet=images/inground-radius/datasheets/IngroundR_S_EOP_H100_R0000_L0505_FL56Nx_G5_02W_T940_ORT1x.pdf;Specification=images/inground-radius/datasheets/inground-radius-specification.pdf;Brochure=files/holectron/holectron-inground-radius-brochure-2025.pdf
Inground Radius,,,,,,,,,,,,,,,,,,,,Inground Radius L505 24V 4.8W/m,IngroundR S EOP H100 R0000 L0505 / FL56/Nx G5 04W 922 / OR.T1x,Stainless Steel,images/inground-radius/inground-radius-l505-stainless-steel.jpg,2200K,CRI>90,DALI | 1-10V | Phase Dim,IP67,IK10,,"Start segment · end cap at start, 2 cables · opal cover · straight · 505mm long · 24V DC, driver separate · FL56 (56 LEDs/m) 4.8W/m",2.4W,104lm,43lm/W,Diffused,Datasheet=images/inground-radius/datasheets/IngroundR_S_EOP_H100_R0000_L0505_FL56Nx_G5_04W_922_ORT1x.pdf;Specification=images/inground-radius/datasheets/inground-radius-specification.pdf;Brochure=files/holectron/holectron-inground-radius-brochure-2025.pdf
Inground Radius,,,,,,,,,,,,,,,,,,,,Inground Radius L505 24V 4.8W/m,IngroundR S EOP H100 R0000 L0505 / FL56/Nx G5 04W T927 / OR.T1x,Stainless Steel,images/inground-radius/inground-radius-l505-stainless-steel.jpg,2700K,CRI>90,DALI | 1-10V | Phase Dim,IP67,IK10,,"Start segment · end cap at start, 2 cables · opal cover · straight · 505mm long · 24V DC, driver separate · FL56 (56 LEDs/m) 4.8W/m",2.4W,160lm,67lm/W,Diffused,Datasheet=images/inground-radius/datasheets/IngroundR_S_EOP_H100_R0000_L0505_FL56Nx_G5_04W_T927_ORT1x.pdf;Specification=images/inground-radius/datasheets/inground-radius-specification.pdf;Brochure=files/holectron/holectron-inground-radius-brochure-2025.pdf
Inground Radius,,,,,,,,,,,,,,,,,,,,Inground Radius L505 24V 4.8W/m,IngroundR S EOP H100 R0000 L0505 / FL56/Nx G5 04W T930 / OR.T1x,Stainless Steel,images/inground-radius/inground-radius-l505-stainless-steel.jpg,3000K,CRI>90,DALI | 1-10V | Phase Dim,IP67,IK10,,"Start segment · end cap at start, 2 cables · opal cover · straight · 505mm long · 24V DC, driver separate · FL56 (56 LEDs/m) 4.8W/m",2.4W,168lm,70lm/W,Diffused,Datasheet=images/inground-radius/datasheets/IngroundR_S_EOP_H100_R0000_L0505_FL56Nx_G5_04W_T930_ORT1x.pdf;Specification=images/inground-radius/datasheets/inground-radius-specification.pdf;Brochure=files/holectron/holectron-inground-radius-brochure-2025.pdf
Inground Radius,,,,,,,,,,,,,,,,,,,,Inground Radius L505 24V 4.8W/m,IngroundR S EOP H100 R0000 L0505 / FL56/Nx G5 04W T940 / OR.T1x,Stainless Steel,images/inground-radius/inground-radius-l505-stainless-steel.jpg,4000K,CRI>90,DALI | 1-10V | Phase Dim,IP67,IK10,,"Start segment · end cap at start, 2 cables · opal cover · straight · 505mm long · 24V DC, driver separate · FL56 (56 LEDs/m) 4.8W/m",2.4W,175lm,73lm/W,Diffused,Datasheet=images/inground-radius/datasheets/IngroundR_S_EOP_H100_R0000_L0505_FL56Nx_G5_04W_T940_ORT1x.pdf;Specification=images/inground-radius/datasheets/inground-radius-specification.pdf;Brochure=files/holectron/holectron-inground-radius-brochure-2025.pdf
Inground Radius,,,,,,,,,,,,,,,,,,,,Inground Radius L505 24V 9.6W/m,IngroundR S EOP H100 R0000 L0505 / FL56/Nx G5 09W 922 / OR.T1x,Stainless Steel,images/inground-radius/inground-radius-l505-stainless-steel.jpg,2200K,CRI>90,DALI | 1-10V | Phase Dim,IP67,IK10,,"Start segment · end cap at start, 2 cables · opal cover · straight · 505mm long · 24V DC, driver separate · FL56 (56 LEDs/m) 9.6W/m",4.8W,204lm,43lm/W,Diffused,Datasheet=images/inground-radius/datasheets/IngroundR_S_EOP_H100_R0000_L0505_FL56Nx_G5_09W_922_ORT1x.pdf;Specification=images/inground-radius/datasheets/inground-radius-specification.pdf;Brochure=files/holectron/holectron-inground-radius-brochure-2025.pdf
Inground Radius,,,,,,,,,,,,,,,,,,,,Inground Radius L505 24V 9.6W/m,IngroundR S EOP H100 R0000 L0505 / FL56/Nx G5 09W T927 / OR.T1x,Stainless Steel,images/inground-radius/inground-radius-l505-stainless-steel.jpg,2700K,CRI>90,DALI | 1-10V | Phase Dim,IP67,IK10,,"Start segment · end cap at start, 2 cables · opal cover · straight · 505mm long · 24V DC, driver separate · FL56 (56 LEDs/m) 9.6W/m",4.8W,314lm,65lm/W,Diffused,Datasheet=images/inground-radius/datasheets/IngroundR_S_EOP_H100_R0000_L0505_FL56Nx_G5_09W_T927_ORT1x.pdf;Specification=images/inground-radius/datasheets/inground-radius-specification.pdf;Brochure=files/holectron/holectron-inground-radius-brochure-2025.pdf
Inground Radius,,,,,,,,,,,,,,,,,,,,Inground Radius L505 24V 9.6W/m,IngroundR S EOP H100 R0000 L0505 / FL56/Nx G5 09W T930 / OR.T1x,Stainless Steel,images/inground-radius/inground-radius-l505-stainless-steel.jpg,3000K,CRI>90,DALI | 1-10V | Phase Dim,IP67,IK10,,"Start segment · end cap at start, 2 cables · opal cover · straight · 505mm long · 24V DC, driver separate · FL56 (56 LEDs/m) 9.6W/m",4.8W,330lm,69lm/W,Diffused,Datasheet=images/inground-radius/datasheets/IngroundR_S_EOP_H100_R0000_L0505_FL56Nx_G5_09W_T930_ORT1x.pdf;Specification=images/inground-radius/datasheets/inground-radius-specification.pdf;Brochure=files/holectron/holectron-inground-radius-brochure-2025.pdf
Inground Radius,,,,,,,,,,,,,,,,,,,,Inground Radius L505 24V 9.6W/m,IngroundR S EOP H100 R0000 L0505 / FL56/Nx G5 09W T940 / OR.T1x,Stainless Steel,images/inground-radius/inground-radius-l505-stainless-steel.jpg,4000K,CRI>90,DALI | 1-10V | Phase Dim,IP67,IK10,,"Start segment · end cap at start, 2 cables · opal cover · straight · 505mm long · 24V DC, driver separate · FL56 (56 LEDs/m) 9.6W/m",4.8W,343lm,71lm/W,Diffused,Datasheet=images/inground-radius/datasheets/IngroundR_S_EOP_H100_R0000_L0505_FL56Nx_G5_09W_T940_ORT1x.pdf;Specification=images/inground-radius/datasheets/inground-radius-specification.pdf;Brochure=files/holectron/holectron-inground-radius-brochure-2025.pdf
Inground Radius,,,,,,,,,,,,,,,,,,,,Inground Radius L505 48V 4.8W/m,IngroundR S EOP H100 R0000 L0505 / FL112/Nx.48V G5 04W 922 / OR.T1x,Stainless Steel,images/inground-radius/inground-radius-l505-stainless-steel.jpg,2200K,CRI>90,DALI | 1-10V | Phase Dim,IP67,IK10,,"Start segment · end cap at start, 2 cables · opal cover · straight · 505mm long · 48V DC, driver separate · FL112 (112 LEDs/m) 4.8W/m",2.4W,107lm,45lm/W,Diffused,Datasheet=images/inground-radius/datasheets/IngroundR_S_EOP_H100_R0000_L0505_FL112Nx48V_G5_04W_922_ORT1x.pdf;Specification=images/inground-radius/datasheets/inground-radius-specification.pdf;Brochure=files/holectron/holectron-inground-radius-brochure-2025.pdf
Inground Radius,,,,,,,,,,,,,,,,,,,,Inground Radius L505 48V 4.8W/m,IngroundR S EOP H100 R0000 L0505 / FL112/Nx.48V G5 04W T927 / OR.T1x,Stainless Steel,images/inground-radius/inground-radius-l505-stainless-steel.jpg,2700K,CRI>90,DALI | 1-10V | Phase Dim,IP67,IK10,,"Start segment · end cap at start, 2 cables · opal cover · straight · 505mm long · 48V DC, driver separate · FL112 (112 LEDs/m) 4.8W/m",2.4W,161lm,67lm/W,Diffused,Datasheet=images/inground-radius/datasheets/IngroundR_S_EOP_H100_R0000_L0505_FL112Nx48V_G5_04W_T927_ORT1x.pdf;Specification=images/inground-radius/datasheets/inground-radius-specification.pdf;Brochure=files/holectron/holectron-inground-radius-brochure-2025.pdf
Inground Radius,,,,,,,,,,,,,,,,,,,,Inground Radius L505 48V 4.8W/m,IngroundR S EOP H100 R0000 L0505 / FL112/Nx.48V G5 04W T930 / OR.T1x,Stainless Steel,images/inground-radius/inground-radius-l505-stainless-steel.jpg,3000K,CRI>90,DALI | 1-10V | Phase Dim,IP67,IK10,,"Start segment · end cap at start, 2 cables · opal cover · straight · 505mm long · 48V DC, driver separate · FL112 (112 LEDs/m) 4.8W/m",2.4W,170lm,71lm/W,Diffused,Datasheet=images/inground-radius/datasheets/IngroundR_S_EOP_H100_R0000_L0505_FL112Nx48V_G5_04W_T930_ORT1x.pdf;Specification=images/inground-radius/datasheets/inground-radius-specification.pdf;Brochure=files/holectron/holectron-inground-radius-brochure-2025.pdf
Inground Radius,,,,,,,,,,,,,,,,,,,,Inground Radius L505 48V 4.8W/m,IngroundR S EOP H100 R0000 L0505 / FL112/Nx.48V G5 04W T940 / OR.T1x,Stainless Steel,images/inground-radius/inground-radius-l505-stainless-steel.jpg,4000K,CRI>90,DALI | 1-10V | Phase Dim,IP67,IK10,,"Start segment · end cap at start, 2 cables · opal cover · straight · 505mm long · 48V DC, driver separate · FL112 (112 LEDs/m) 4.8W/m",2.4W,176lm,73lm/W,Diffused,Datasheet=images/inground-radius/datasheets/IngroundR_S_EOP_H100_R0000_L0505_FL112Nx48V_G5_04W_T940_ORT1x.pdf;Specification=images/inground-radius/datasheets/inground-radius-specification.pdf;Brochure=files/holectron/holectron-inground-radius-brochure-2025.pdf
Inground Radius,,,,,,,,,,,,,,,,,,,,Inground Radius L505 48V 9.6W/m,IngroundR S EOP H100 R0000 L0505 / FL112/Nx.48V G5 09W 922 / OR.T1x,Stainless Steel,images/inground-radius/inground-radius-l505-stainless-steel.jpg,2200K,CRI>90,DALI | 1-10V | Phase Dim,IP67,IK10,,"Start segment · end cap at start, 2 cables · opal cover · straight · 505mm long · 48V DC, driver separate · FL112 (112 LEDs/m) 9.6W/m",4.8W,209lm,44lm/W,Diffused,Datasheet=images/inground-radius/datasheets/IngroundR_S_EOP_H100_R0000_L0505_FL112Nx48V_G5_09W_922_ORT1x.pdf;Specification=images/inground-radius/datasheets/inground-radius-specification.pdf;Brochure=files/holectron/holectron-inground-radius-brochure-2025.pdf
Inground Radius,,,,,,,,,,,,,,,,,,,,Inground Radius L505 48V 9.6W/m,IngroundR S EOP H100 R0000 L0505 / FL112/Nx.48V G5 09W T927 / OR.T1x,Stainless Steel,images/inground-radius/inground-radius-l505-stainless-steel.jpg,2700K,CRI>90,DALI | 1-10V | Phase Dim,IP67,IK10,,"Start segment · end cap at start, 2 cables · opal cover · straight · 505mm long · 48V DC, driver separate · FL112 (112 LEDs/m) 9.6W/m",4.8W,320lm,67lm/W,Diffused,Datasheet=images/inground-radius/datasheets/IngroundR_S_EOP_H100_R0000_L0505_FL112Nx48V_G5_09W_T927_ORT1x.pdf;Specification=images/inground-radius/datasheets/inground-radius-specification.pdf;Brochure=files/holectron/holectron-inground-radius-brochure-2025.pdf
Inground Radius,,,,,,,,,,,,,,,,,,,,Inground Radius L505 48V 9.6W/m,IngroundR S EOP H100 R0000 L0505 / FL112/Nx.48V G5 09W T930 / OR.T1x,Stainless Steel,images/inground-radius/inground-radius-l505-stainless-steel.jpg,3000K,CRI>90,DALI | 1-10V | Phase Dim,IP67,IK10,,"Start segment · end cap at start, 2 cables · opal cover · straight · 505mm long · 48V DC, driver separate · FL112 (112 LEDs/m) 9.6W/m",4.8W,336lm,70lm/W,Diffused,Datasheet=images/inground-radius/datasheets/IngroundR_S_EOP_H100_R0000_L0505_FL112Nx48V_G5_09W_T930_ORT1x.pdf;Specification=images/inground-radius/datasheets/inground-radius-specification.pdf;Brochure=files/holectron/holectron-inground-radius-brochure-2025.pdf
Inground Radius,,,,,,,,,,,,,,,,,,,,Inground Radius L505 48V 9.6W/m,IngroundR S EOP H100 R0000 L0505 / FL112/Nx.48V G5 09W T940 / OR.T1x,Stainless Steel,images/inground-radius/inground-radius-l505-stainless-steel.jpg,4000K,CRI>90,DALI | 1-10V | Phase Dim,IP67,IK10,,"Start segment · end cap at start, 2 cables · opal cover · straight · 505mm long · 48V DC, driver separate · FL112 (112 LEDs/m) 9.6W/m",4.8W,349lm,73lm/W,Diffused,Datasheet=images/inground-radius/datasheets/IngroundR_S_EOP_H100_R0000_L0505_FL112Nx48V_G5_09W_T940_ORT1x.pdf;Specification=images/inground-radius/datasheets/inground-radius-specification.pdf;Brochure=files/holectron/holectron-inground-radius-brochure-2025.pdf
Inground Radius,,,,,,,,,,,,,,,,,,,,Inground Radius L1005 24V 2.4W/m,IngroundR S EOP H100 R0000 L1005 / FL56/Nx G5 02W 922 / OR.T1x,Stainless Steel,images/inground-radius/inground-radius-l1005-stainless-steel.jpg,2200K,CRI>90,DALI | 1-10V | Phase Dim,IP67,IK10,,"Start segment · end cap at start, 2 cables · opal cover · straight · 1005mm long · 24V DC, driver separate · FL56 (56 LEDs/m) 2.4W/m",2.4W,106lm,44lm/W,Diffused,Datasheet=images/inground-radius/datasheets/IngroundR_S_EOP_H100_R0000_L1005_FL56Nx_G5_02W_922_ORT1x.pdf;Specification=images/inground-radius/datasheets/inground-radius-specification.pdf;Brochure=files/holectron/holectron-inground-radius-brochure-2025.pdf
Inground Radius,,,,,,,,,,,,,,,,,,,,Inground Radius L1005 24V 2.4W/m,IngroundR S EOP H100 R0000 L1005 / FL56/Nx G5 02W T927 / OR.T1x,Stainless Steel,images/inground-radius/inground-radius-l1005-stainless-steel.jpg,2700K,CRI>90,DALI | 1-10V | Phase Dim,IP67,IK10,,"Start segment · end cap at start, 2 cables · opal cover · straight · 1005mm long · 24V DC, driver separate · FL56 (56 LEDs/m) 2.4W/m",2.4W,161lm,67lm/W,Diffused,Datasheet=images/inground-radius/datasheets/IngroundR_S_EOP_H100_R0000_L1005_FL56Nx_G5_02W_T927_ORT1x.pdf;Specification=images/inground-radius/datasheets/inground-radius-specification.pdf;Brochure=files/holectron/holectron-inground-radius-brochure-2025.pdf
Inground Radius,,,,,,,,,,,,,,,,,,,,Inground Radius L1005 24V 2.4W/m,IngroundR S EOP H100 R0000 L1005 / FL56/Nx G5 02W T930 / OR.T1x,Stainless Steel,images/inground-radius/inground-radius-l1005-stainless-steel.jpg,3000K,CRI>90,DALI | 1-10V | Phase Dim,IP67,IK10,,"Start segment · end cap at start, 2 cables · opal cover · straight · 1005mm long · 24V DC, driver separate · FL56 (56 LEDs/m) 2.4W/m",2.4W,169lm,70lm/W,Diffused,Datasheet=images/inground-radius/datasheets/IngroundR_S_EOP_H100_R0000_L1005_FL56Nx_G5_02W_T930_ORT1x.pdf;Specification=images/inground-radius/datasheets/inground-radius-specification.pdf;Brochure=files/holectron/holectron-inground-radius-brochure-2025.pdf
Inground Radius,,,,,,,,,,,,,,,,,,,,Inground Radius L1005 24V 2.4W/m,IngroundR S EOP H100 R0000 L1005 / FL56/Nx G5 02W T940 / OR.T1x,Stainless Steel,images/inground-radius/inground-radius-l1005-stainless-steel.jpg,4000K,CRI>90,DALI | 1-10V | Phase Dim,IP67,IK10,,"Start segment · end cap at start, 2 cables · opal cover · straight · 1005mm long · 24V DC, driver separate · FL56 (56 LEDs/m) 2.4W/m",2.4W,176lm,73lm/W,Diffused,Datasheet=images/inground-radius/datasheets/IngroundR_S_EOP_H100_R0000_L1005_FL56Nx_G5_02W_T940_ORT1x.pdf;Specification=images/inground-radius/datasheets/inground-radius-specification.pdf;Brochure=files/holectron/holectron-inground-radius-brochure-2025.pdf
Inground Radius,,,,,,,,,,,,,,,,,,,,Inground Radius L1005 24V 4.8W/m,IngroundR S EOP H100 R0000 L1005 / FL56/Nx G5 04W 922 / OR.T1x,Stainless Steel,images/inground-radius/inground-radius-l1005-stainless-steel.jpg,2200K,CRI>90,DALI | 1-10V | Phase Dim,IP67,IK10,,"Start segment · end cap at start, 2 cables · opal cover · straight · 1005mm long · 24V DC, driver separate · FL56 (56 LEDs/m) 4.8W/m",4.8W,209lm,44lm/W,Diffused,Datasheet=images/inground-radius/datasheets/IngroundR_S_EOP_H100_R0000_L1005_FL56Nx_G5_04W_922_ORT1x.pdf;Specification=images/inground-radius/datasheets/inground-radius-specification.pdf;Brochure=files/holectron/holectron-inground-radius-brochure-2025.pdf
Inground Radius,,,,,,,,,,,,,,,,,,,,Inground Radius L1005 24V 4.8W/m,IngroundR S EOP H100 R0000 L1005 / FL56/Nx G5 04W T927 / OR.T1x,Stainless Steel,images/inground-radius/inground-radius-l1005-stainless-steel.jpg,2700K,CRI>90,DALI | 1-10V | Phase Dim,IP67,IK10,,"Start segment · end cap at start, 2 cables · opal cover · straight · 1005mm long · 24V DC, driver separate · FL56 (56 LEDs/m) 4.8W/m",4.8W,320lm,67lm/W,Diffused,Datasheet=images/inground-radius/datasheets/IngroundR_S_EOP_H100_R0000_L1005_FL56Nx_G5_04W_T927_ORT1x.pdf;Specification=images/inground-radius/datasheets/inground-radius-specification.pdf;Brochure=files/holectron/holectron-inground-radius-brochure-2025.pdf
Inground Radius,,,,,,,,,,,,,,,,,,,,Inground Radius L1005 24V 4.8W/m,IngroundR S EOP H100 R0000 L1005 / FL56/Nx G5 04W T930 / OR.T1x,Stainless Steel,images/inground-radius/inground-radius-l1005-stainless-steel.jpg,3000K,CRI>90,DALI | 1-10V | Phase Dim,IP67,IK10,,"Start segment · end cap at start, 2 cables · opal cover · straight · 1005mm long · 24V DC, driver separate · FL56 (56 LEDs/m) 4.8W/m",4.8W,336lm,70lm/W,Diffused,Datasheet=images/inground-radius/datasheets/IngroundR_S_EOP_H100_R0000_L1005_FL56Nx_G5_04W_T930_ORT1x.pdf;Specification=images/inground-radius/datasheets/inground-radius-specification.pdf;Brochure=files/holectron/holectron-inground-radius-brochure-2025.pdf
Inground Radius,,,,,,,,,,,,,,,,,,,,Inground Radius L1005 24V 4.8W/m,IngroundR S EOP H100 R0000 L1005 / FL56/Nx G5 04W T940 / OR.T1x,Stainless Steel,images/inground-radius/inground-radius-l1005-stainless-steel.jpg,4000K,CRI>90,DALI | 1-10V | Phase Dim,IP67,IK10,,"Start segment · end cap at start, 2 cables · opal cover · straight · 1005mm long · 24V DC, driver separate · FL56 (56 LEDs/m) 4.8W/m",4.8W,349lm,73lm/W,Diffused,Datasheet=images/inground-radius/datasheets/IngroundR_S_EOP_H100_R0000_L1005_FL56Nx_G5_04W_T940_ORT1x.pdf;Specification=images/inground-radius/datasheets/inground-radius-specification.pdf;Brochure=files/holectron/holectron-inground-radius-brochure-2025.pdf
Inground Radius,,,,,,,,,,,,,,,,,,,,Inground Radius L1005 24V 9.6W/m,IngroundR S EOP H100 R0000 L1005 / FL56/Nx G5 09W 922 / OR.T1x,Stainless Steel,images/inground-radius/inground-radius-l1005-stainless-steel.jpg,2200K,CRI>90,DALI | 1-10V | Phase Dim,IP67,IK10,,"Start segment · end cap at start, 2 cables · opal cover · straight · 1005mm long · 24V DC, driver separate · FL56 (56 LEDs/m) 9.6W/m",9.6W,407lm,42lm/W,Diffused,Datasheet=images/inground-radius/datasheets/IngroundR_S_EOP_H100_R0000_L1005_FL56Nx_G5_09W_922_ORT1x.pdf;Specification=images/inground-radius/datasheets/inground-radius-specification.pdf;Brochure=files/holectron/holectron-inground-radius-brochure-2025.pdf
Inground Radius,,,,,,,,,,,,,,,,,,,,Inground Radius L1005 24V 9.6W/m,IngroundR S EOP H100 R0000 L1005 / FL56/Nx G5 09W T927 / OR.T1x,Stainless Steel,images/inground-radius/inground-radius-l1005-stainless-steel.jpg,2700K,CRI>90,DALI | 1-10V | Phase Dim,IP67,IK10,,"Start segment · end cap at start, 2 cables · opal cover · straight · 1005mm long · 24V DC, driver separate · FL56 (56 LEDs/m) 9.6W/m",9.6W,627lm,65lm/W,Diffused,Datasheet=images/inground-radius/datasheets/IngroundR_S_EOP_H100_R0000_L1005_FL56Nx_G5_09W_T927_ORT1x.pdf;Specification=images/inground-radius/datasheets/inground-radius-specification.pdf;Brochure=files/holectron/holectron-inground-radius-brochure-2025.pdf
Inground Radius,,,,,,,,,,,,,,,,,,,,Inground Radius L1005 24V 9.6W/m,IngroundR S EOP H100 R0000 L1005 / FL56/Nx G5 09W T930 / OR.T1x,Stainless Steel,images/inground-radius/inground-radius-l1005-stainless-steel.jpg,3000K,CRI>90,DALI | 1-10V | Phase Dim,IP67,IK10,,"Start segment · end cap at start, 2 cables · opal cover · straight · 1005mm long · 24V DC, driver separate · FL56 (56 LEDs/m) 9.6W/m",9.6W,660lm,69lm/W,Diffused,Datasheet=images/inground-radius/datasheets/IngroundR_S_EOP_H100_R0000_L1005_FL56Nx_G5_09W_T930_ORT1x.pdf;Specification=images/inground-radius/datasheets/inground-radius-specification.pdf;Brochure=files/holectron/holectron-inground-radius-brochure-2025.pdf
Inground Radius,,,,,,,,,,,,,,,,,,,,Inground Radius L1005 24V 9.6W/m,IngroundR S EOP H100 R0000 L1005 / FL56/Nx G5 09W T940 / OR.T1x,Stainless Steel,images/inground-radius/inground-radius-l1005-stainless-steel.jpg,4000K,CRI>90,DALI | 1-10V | Phase Dim,IP67,IK10,,"Start segment · end cap at start, 2 cables · opal cover · straight · 1005mm long · 24V DC, driver separate · FL56 (56 LEDs/m) 9.6W/m",9.6W,686lm,71lm/W,Diffused,Datasheet=images/inground-radius/datasheets/IngroundR_S_EOP_H100_R0000_L1005_FL56Nx_G5_09W_T940_ORT1x.pdf;Specification=images/inground-radius/datasheets/inground-radius-specification.pdf;Brochure=files/holectron/holectron-inground-radius-brochure-2025.pdf
Inground Radius,,,,,,,,,,,,,,,,,,,,Inground Radius L1005 48V 4.8W/m,IngroundR S EOP H100 R0000 L1005 / FL112/Nx.48V G5 04W 922 / OR.T1x,Stainless Steel,images/inground-radius/inground-radius-l1005-stainless-steel.jpg,2200K,CRI>90,DALI | 1-10V | Phase Dim,IP67,IK10,,"Start segment · end cap at start, 2 cables · opal cover · straight · 1005mm long · 48V DC, driver separate · FL112 (112 LEDs/m) 4.8W/m",4.8W,214lm,45lm/W,Diffused,Datasheet=images/inground-radius/datasheets/IngroundR_S_EOP_H100_R0000_L1005_FL112Nx48V_G5_04W_922_ORT1x.pdf;Specification=images/inground-radius/datasheets/inground-radius-specification.pdf;Brochure=files/holectron/holectron-inground-radius-brochure-2025.pdf
Inground Radius,,,,,,,,,,,,,,,,,,,,Inground Radius L1005 48V 4.8W/m,IngroundR S EOP H100 R0000 L1005 / FL112/Nx.48V G5 04W T927 / OR.T1x,Stainless Steel,images/inground-radius/inground-radius-l1005-stainless-steel.jpg,2700K,CRI>90,DALI | 1-10V | Phase Dim,IP67,IK10,,"Start segment · end cap at start, 2 cables · opal cover · straight · 1005mm long · 48V DC, driver separate · FL112 (112 LEDs/m) 4.8W/m",4.8W,322lm,67lm/W,Diffused,Datasheet=images/inground-radius/datasheets/IngroundR_S_EOP_H100_R0000_L1005_FL112Nx48V_G5_04W_T927_ORT1x.pdf;Specification=images/inground-radius/datasheets/inground-radius-specification.pdf;Brochure=files/holectron/holectron-inground-radius-brochure-2025.pdf
Inground Radius,,,,,,,,,,,,,,,,,,,,Inground Radius L1005 48V 4.8W/m,IngroundR S EOP H100 R0000 L1005 / FL112/Nx.48V G5 04W T930 / OR.T1x,Stainless Steel,images/inground-radius/inground-radius-l1005-stainless-steel.jpg,3000K,CRI>90,DALI | 1-10V | Phase Dim,IP67,IK10,,"Start segment · end cap at start, 2 cables · opal cover · straight · 1005mm long · 48V DC, driver separate · FL112 (112 LEDs/m) 4.8W/m",4.8W,339lm,71lm/W,Diffused,Datasheet=images/inground-radius/datasheets/IngroundR_S_EOP_H100_R0000_L1005_FL112Nx48V_G5_04W_T930_ORT1x.pdf;Specification=images/inground-radius/datasheets/inground-radius-specification.pdf;Brochure=files/holectron/holectron-inground-radius-brochure-2025.pdf
Inground Radius,,,,,,,,,,,,,,,,,,,,Inground Radius L1005 48V 4.8W/m,IngroundR S EOP H100 R0000 L1005 / FL112/Nx.48V G5 04W T940 / OR.T1x,Stainless Steel,images/inground-radius/inground-radius-l1005-stainless-steel.jpg,4000K,CRI>90,DALI | 1-10V | Phase Dim,IP67,IK10,,"Start segment · end cap at start, 2 cables · opal cover · straight · 1005mm long · 48V DC, driver separate · FL112 (112 LEDs/m) 4.8W/m",4.8W,352lm,73lm/W,Diffused,Datasheet=images/inground-radius/datasheets/IngroundR_S_EOP_H100_R0000_L1005_FL112Nx48V_G5_04W_T940_ORT1x.pdf;Specification=images/inground-radius/datasheets/inground-radius-specification.pdf;Brochure=files/holectron/holectron-inground-radius-brochure-2025.pdf
Inground Radius,,,,,,,,,,,,,,,,,,,,Inground Radius L1005 48V 9.6W/m,IngroundR S EOP H100 R0000 L1005 / FL112/Nx.48V G5 09W 922 / OR.T1x,Stainless Steel,images/inground-radius/inground-radius-l1005-stainless-steel.jpg,2200K,CRI>90,DALI | 1-10V | Phase Dim,IP67,IK10,,"Start segment · end cap at start, 2 cables · opal cover · straight · 1005mm long · 48V DC, driver separate · FL112 (112 LEDs/m) 9.6W/m",9.6W,418lm,44lm/W,Diffused,Datasheet=images/inground-radius/datasheets/IngroundR_S_EOP_H100_R0000_L1005_FL112Nx48V_G5_09W_922_ORT1x.pdf;Specification=images/inground-radius/datasheets/inground-radius-specification.pdf;Brochure=files/holectron/holectron-inground-radius-brochure-2025.pdf
Inground Radius,,,,,,,,,,,,,,,,,,,,Inground Radius L1005 48V 9.6W/m,IngroundR S EOP H100 R0000 L1005 / FL112/Nx.48V G5 09W T927 / OR.T1x,Stainless Steel,images/inground-radius/inground-radius-l1005-stainless-steel.jpg,2700K,CRI>90,DALI | 1-10V | Phase Dim,IP67,IK10,,"Start segment · end cap at start, 2 cables · opal cover · straight · 1005mm long · 48V DC, driver separate · FL112 (112 LEDs/m) 9.6W/m",9.6W,639lm,67lm/W,Diffused,Datasheet=images/inground-radius/datasheets/IngroundR_S_EOP_H100_R0000_L1005_FL112Nx48V_G5_09W_T927_ORT1x.pdf;Specification=images/inground-radius/datasheets/inground-radius-specification.pdf;Brochure=files/holectron/holectron-inground-radius-brochure-2025.pdf
Inground Radius,,,,,,,,,,,,,,,,,,,,Inground Radius L1005 48V 9.6W/m,IngroundR S EOP H100 R0000 L1005 / FL112/Nx.48V G5 09W T930 / OR.T1x,Stainless Steel,images/inground-radius/inground-radius-l1005-stainless-steel.jpg,3000K,CRI>90,DALI | 1-10V | Phase Dim,IP67,IK10,,"Start segment · end cap at start, 2 cables · opal cover · straight · 1005mm long · 48V DC, driver separate · FL112 (112 LEDs/m) 9.6W/m",9.6W,672lm,70lm/W,Diffused,Datasheet=images/inground-radius/datasheets/IngroundR_S_EOP_H100_R0000_L1005_FL112Nx48V_G5_09W_T930_ORT1x.pdf;Specification=images/inground-radius/datasheets/inground-radius-specification.pdf;Brochure=files/holectron/holectron-inground-radius-brochure-2025.pdf
Inground Radius,,,,,,,,,,,,,,,,,,,,Inground Radius L1005 48V 9.6W/m,IngroundR S EOP H100 R0000 L1005 / FL112/Nx.48V G5 09W T940 / OR.T1x,Stainless Steel,images/inground-radius/inground-radius-l1005-stainless-steel.jpg,4000K,CRI>90,DALI | 1-10V | Phase Dim,IP67,IK10,,"Start segment · end cap at start, 2 cables · opal cover · straight · 1005mm long · 48V DC, driver separate · FL112 (112 LEDs/m) 9.6W/m",9.6W,698lm,73lm/W,Diffused,Datasheet=images/inground-radius/datasheets/IngroundR_S_EOP_H100_R0000_L1005_FL112Nx48V_G5_09W_T940_ORT1x.pdf;Specification=images/inground-radius/datasheets/inground-radius-specification.pdf;Brochure=files/holectron/holectron-inground-radius-brochure-2025.pdf
Inground Radius,,,,,,,,,,,,,,,,,,,,Inground Radius R272 24V 2.4W/m,IngroundR S EOP H100 R0272 L0404 / FL56/Nx G5 02W 922 / OR.T1x,Stainless Steel,images/inground-radius/inground-radius-r272-stainless-steel.jpg,2200K,CRI>90,DALI | 1-10V | Phase Dim,IP67,IK10,,"Start segment · end cap at start, 2 cables · opal cover · curve R272mm, 90° · 404mm long · 24V DC, driver separate · FL56 (56 LEDs/m) 2.4W/m",0.9W,40lm,44lm/W,Diffused,Datasheet=images/inground-radius/datasheets/IngroundR_S_EOP_H100_R0272_L0404_FL56Nx_G5_02W_922_ORT1x.pdf;Specification=images/inground-radius/datasheets/inground-radius-specification.pdf;Brochure=files/holectron/holectron-inground-radius-brochure-2025.pdf
Inground Radius,,,,,,,,,,,,,,,,,,,,Inground Radius R272 24V 2.4W/m,IngroundR S EOP H100 R0272 L0404 / FL56/Nx G5 02W T927 / OR.T1x,Stainless Steel,images/inground-radius/inground-radius-r272-stainless-steel.jpg,2700K,CRI>90,DALI | 1-10V | Phase Dim,IP67,IK10,,"Start segment · end cap at start, 2 cables · opal cover · curve R272mm, 90° · 404mm long · 24V DC, driver separate · FL56 (56 LEDs/m) 2.4W/m",0.9W,60lm,67lm/W,Diffused,Datasheet=images/inground-radius/datasheets/IngroundR_S_EOP_H100_R0272_L0404_FL56Nx_G5_02W_T927_ORT1x.pdf;Specification=images/inground-radius/datasheets/inground-radius-specification.pdf;Brochure=files/holectron/holectron-inground-radius-brochure-2025.pdf
Inground Radius,,,,,,,,,,,,,,,,,,,,Inground Radius R272 24V 2.4W/m,IngroundR S EOP H100 R0272 L0404 / FL56/Nx G5 02W T930 / OR.T1x,Stainless Steel,images/inground-radius/inground-radius-r272-stainless-steel.jpg,3000K,CRI>90,DALI | 1-10V | Phase Dim,IP67,IK10,,"Start segment · end cap at start, 2 cables · opal cover · curve R272mm, 90° · 404mm long · 24V DC, driver separate · FL56 (56 LEDs/m) 2.4W/m",0.9W,63lm,70lm/W,Diffused,Datasheet=images/inground-radius/datasheets/IngroundR_S_EOP_H100_R0272_L0404_FL56Nx_G5_02W_T930_ORT1x.pdf;Specification=images/inground-radius/datasheets/inground-radius-specification.pdf;Brochure=files/holectron/holectron-inground-radius-brochure-2025.pdf
Inground Radius,,,,,,,,,,,,,,,,,,,,Inground Radius R272 24V 2.4W/m,IngroundR S EOP H100 R0272 L0404 / FL56/Nx G5 02W T940 / OR.T1x,Stainless Steel,images/inground-radius/inground-radius-r272-stainless-steel.jpg,4000K,CRI>90,DALI | 1-10V | Phase Dim,IP67,IK10,,"Start segment · end cap at start, 2 cables · opal cover · curve R272mm, 90° · 404mm long · 24V DC, driver separate · FL56 (56 LEDs/m) 2.4W/m",0.9W,66lm,73lm/W,Diffused,Datasheet=images/inground-radius/datasheets/IngroundR_S_EOP_H100_R0272_L0404_FL56Nx_G5_02W_T940_ORT1x.pdf;Specification=images/inground-radius/datasheets/inground-radius-specification.pdf;Brochure=files/holectron/holectron-inground-radius-brochure-2025.pdf
Inground Radius,,,,,,,,,,,,,,,,,,,,Inground Radius R272 24V 4.8W/m,IngroundR S EOP H100 R0272 L0404 / FL56/Nx G5 04W 922 / OR.T1x,Stainless Steel,images/inground-radius/inground-radius-r272-stainless-steel.jpg,2200K,CRI>90,DALI | 1-10V | Phase Dim,IP67,IK10,,"Start segment · end cap at start, 2 cables · opal cover · curve R272mm, 90° · 404mm long · 24V DC, driver separate · FL56 (56 LEDs/m) 4.8W/m",1.8W,78lm,43lm/W,Diffused,Datasheet=images/inground-radius/datasheets/IngroundR_S_EOP_H100_R0272_L0404_FL56Nx_G5_04W_922_ORT1x.pdf;Specification=images/inground-radius/datasheets/inground-radius-specification.pdf;Brochure=files/holectron/holectron-inground-radius-brochure-2025.pdf
Inground Radius,,,,,,,,,,,,,,,,,,,,Inground Radius R272 24V 4.8W/m,IngroundR S EOP H100 R0272 L0404 / FL56/Nx G5 04W T927 / OR.T1x,Stainless Steel,images/inground-radius/inground-radius-r272-stainless-steel.jpg,2700K,CRI>90,DALI | 1-10V | Phase Dim,IP67,IK10,,"Start segment · end cap at start, 2 cables · opal cover · curve R272mm, 90° · 404mm long · 24V DC, driver separate · FL56 (56 LEDs/m) 4.8W/m",1.8W,120lm,67lm/W,Diffused,Datasheet=images/inground-radius/datasheets/IngroundR_S_EOP_H100_R0272_L0404_FL56Nx_G5_04W_T927_ORT1x.pdf;Specification=images/inground-radius/datasheets/inground-radius-specification.pdf;Brochure=files/holectron/holectron-inground-radius-brochure-2025.pdf
Inground Radius,,,,,,,,,,,,,,,,,,,,Inground Radius R272 24V 4.8W/m,IngroundR S EOP H100 R0272 L0404 / FL56/Nx G5 04W T930 / OR.T1x,Stainless Steel,images/inground-radius/inground-radius-r272-stainless-steel.jpg,3000K,CRI>90,DALI | 1-10V | Phase Dim,IP67,IK10,,"Start segment · end cap at start, 2 cables · opal cover · curve R272mm, 90° · 404mm long · 24V DC, driver separate · FL56 (56 LEDs/m) 4.8W/m",1.8W,126lm,70lm/W,Diffused,Datasheet=images/inground-radius/datasheets/IngroundR_S_EOP_H100_R0272_L0404_FL56Nx_G5_04W_T930_ORT1x.pdf;Specification=images/inground-radius/datasheets/inground-radius-specification.pdf;Brochure=files/holectron/holectron-inground-radius-brochure-2025.pdf
Inground Radius,,,,,,,,,,,,,,,,,,,,Inground Radius R272 24V 4.8W/m,IngroundR S EOP H100 R0272 L0404 / FL56/Nx G5 04W T940 / OR.T1x,Stainless Steel,images/inground-radius/inground-radius-r272-stainless-steel.jpg,4000K,CRI>90,DALI | 1-10V | Phase Dim,IP67,IK10,,"Start segment · end cap at start, 2 cables · opal cover · curve R272mm, 90° · 404mm long · 24V DC, driver separate · FL56 (56 LEDs/m) 4.8W/m",1.8W,131lm,73lm/W,Diffused,Datasheet=images/inground-radius/datasheets/IngroundR_S_EOP_H100_R0272_L0404_FL56Nx_G5_04W_T940_ORT1x.pdf;Specification=images/inground-radius/datasheets/inground-radius-specification.pdf;Brochure=files/holectron/holectron-inground-radius-brochure-2025.pdf
Inground Radius,,,,,,,,,,,,,,,,,,,,Inground Radius R272 24V 9.6W/m,IngroundR S EOP H100 R0272 L0404 / FL56/Nx G5 09W 922 / OR.T1x,Stainless Steel,images/inground-radius/inground-radius-r272-stainless-steel.jpg,2200K,CRI>90,DALI | 1-10V | Phase Dim,IP67,IK10,,"Start segment · end cap at start, 2 cables · opal cover · curve R272mm, 90° · 404mm long · 24V DC, driver separate · FL56 (56 LEDs/m) 9.6W/m",3.6W,153lm,43lm/W,Diffused,Datasheet=images/inground-radius/datasheets/IngroundR_S_EOP_H100_R0272_L0404_FL56Nx_G5_09W_922_ORT1x.pdf;Specification=images/inground-radius/datasheets/inground-radius-specification.pdf;Brochure=files/holectron/holectron-inground-radius-brochure-2025.pdf
Inground Radius,,,,,,,,,,,,,,,,,,,,Inground Radius R272 24V 9.6W/m,IngroundR S EOP H100 R0272 L0404 / FL56/Nx G5 09W T927 / OR.T1x,Stainless Steel,images/inground-radius/inground-radius-r272-stainless-steel.jpg,2700K,CRI>90,DALI | 1-10V | Phase Dim,IP67,IK10,,"Start segment · end cap at start, 2 cables · opal cover · curve R272mm, 90° · 404mm long · 24V DC, driver separate · FL56 (56 LEDs/m) 9.6W/m",3.6W,235lm,65lm/W,Diffused,Datasheet=images/inground-radius/datasheets/IngroundR_S_EOP_H100_R0272_L0404_FL56Nx_G5_09W_T927_ORT1x.pdf;Specification=images/inground-radius/datasheets/inground-radius-specification.pdf;Brochure=files/holectron/holectron-inground-radius-brochure-2025.pdf
Inground Radius,,,,,,,,,,,,,,,,,,,,Inground Radius R272 24V 9.6W/m,IngroundR S EOP H100 R0272 L0404 / FL56/Nx G5 09W T930 / OR.T1x,Stainless Steel,images/inground-radius/inground-radius-r272-stainless-steel.jpg,3000K,CRI>90,DALI | 1-10V | Phase Dim,IP67,IK10,,"Start segment · end cap at start, 2 cables · opal cover · curve R272mm, 90° · 404mm long · 24V DC, driver separate · FL56 (56 LEDs/m) 9.6W/m",3.6W,247lm,69lm/W,Diffused,Datasheet=images/inground-radius/datasheets/IngroundR_S_EOP_H100_R0272_L0404_FL56Nx_G5_09W_T930_ORT1x.pdf;Specification=images/inground-radius/datasheets/inground-radius-specification.pdf;Brochure=files/holectron/holectron-inground-radius-brochure-2025.pdf
Inground Radius,,,,,,,,,,,,,,,,,,,,Inground Radius R272 24V 9.6W/m,IngroundR S EOP H100 R0272 L0404 / FL56/Nx G5 09W T940 / OR.T1x,Stainless Steel,images/inground-radius/inground-radius-r272-stainless-steel.jpg,4000K,CRI>90,DALI | 1-10V | Phase Dim,IP67,IK10,,"Start segment · end cap at start, 2 cables · opal cover · curve R272mm, 90° · 404mm long · 24V DC, driver separate · FL56 (56 LEDs/m) 9.6W/m",3.6W,257lm,71lm/W,Diffused,Datasheet=images/inground-radius/datasheets/IngroundR_S_EOP_H100_R0272_L0404_FL56Nx_G5_09W_T940_ORT1x.pdf;Specification=images/inground-radius/datasheets/inground-radius-specification.pdf;Brochure=files/holectron/holectron-inground-radius-brochure-2025.pdf
Inground Radius,,,,,,,,,,,,,,,,,,,,Inground Radius R272 48V 4.8W/m,IngroundR S EOP H100 R0272 L0404 / FL112/Nx.48V G5 04W 922 / OR.T1x,Stainless Steel,images/inground-radius/inground-radius-r272-stainless-steel.jpg,2200K,CRI>90,DALI | 1-10V | Phase Dim,IP67,IK10,,"Start segment · end cap at start, 2 cables · opal cover · curve R272mm, 90° · 404mm long · 48V DC, driver separate · FL112 (112 LEDs/m) 4.8W/m",1.8W,80lm,44lm/W,Diffused,Datasheet=images/inground-radius/datasheets/IngroundR_S_EOP_H100_R0272_L0404_FL112Nx48V_G5_04W_922_ORT1x.pdf;Specification=images/inground-radius/datasheets/inground-radius-specification.pdf;Brochure=files/holectron/holectron-inground-radius-brochure-2025.pdf
Inground Radius,,,,,,,,,,,,,,,,,,,,Inground Radius R272 48V 4.8W/m,IngroundR S EOP H100 R0272 L0404 / FL112/Nx.48V G5 04W T927 / OR.T1x,Stainless Steel,images/inground-radius/inground-radius-r272-stainless-steel.jpg,2700K,CRI>90,DALI | 1-10V | Phase Dim,IP67,IK10,,"Start segment · end cap at start, 2 cables · opal cover · curve R272mm, 90° · 404mm long · 48V DC, driver separate · FL112 (112 LEDs/m) 4.8W/m",1.8W,121lm,67lm/W,Diffused,Datasheet=images/inground-radius/datasheets/IngroundR_S_EOP_H100_R0272_L0404_FL112Nx48V_G5_04W_T927_ORT1x.pdf;Specification=images/inground-radius/datasheets/inground-radius-specification.pdf;Brochure=files/holectron/holectron-inground-radius-brochure-2025.pdf
Inground Radius,,,,,,,,,,,,,,,,,,,,Inground Radius R272 48V 4.8W/m,IngroundR S EOP H100 R0272 L0404 / FL112/Nx.48V G5 04W T930 / OR.T1x,Stainless Steel,images/inground-radius/inground-radius-r272-stainless-steel.jpg,3000K,CRI>90,DALI | 1-10V | Phase Dim,IP67,IK10,,"Start segment · end cap at start, 2 cables · opal cover · curve R272mm, 90° · 404mm long · 48V DC, driver separate · FL112 (112 LEDs/m) 4.8W/m",1.8W,127lm,71lm/W,Diffused,Datasheet=images/inground-radius/datasheets/IngroundR_S_EOP_H100_R0272_L0404_FL112Nx48V_G5_04W_T930_ORT1x.pdf;Specification=images/inground-radius/datasheets/inground-radius-specification.pdf;Brochure=files/holectron/holectron-inground-radius-brochure-2025.pdf
Inground Radius,,,,,,,,,,,,,,,,,,,,Inground Radius R272 48V 4.8W/m,IngroundR S EOP H100 R0272 L0404 / FL112/Nx.48V G5 04W T940 / OR.T1x,Stainless Steel,images/inground-radius/inground-radius-r272-stainless-steel.jpg,4000K,CRI>90,DALI | 1-10V | Phase Dim,IP67,IK10,,"Start segment · end cap at start, 2 cables · opal cover · curve R272mm, 90° · 404mm long · 48V DC, driver separate · FL112 (112 LEDs/m) 4.8W/m",1.8W,132lm,73lm/W,Diffused,Datasheet=images/inground-radius/datasheets/IngroundR_S_EOP_H100_R0272_L0404_FL112Nx48V_G5_04W_T940_ORT1x.pdf;Specification=images/inground-radius/datasheets/inground-radius-specification.pdf;Brochure=files/holectron/holectron-inground-radius-brochure-2025.pdf
Inground Radius,,,,,,,,,,,,,,,,,,,,Inground Radius R272 48V 9.6W/m,IngroundR S EOP H100 R0272 L0404 / FL112/Nx.48V G5 09W 922 / OR.T1x,Stainless Steel,images/inground-radius/inground-radius-r272-stainless-steel.jpg,2200K,CRI>90,DALI | 1-10V | Phase Dim,IP67,IK10,,"Start segment · end cap at start, 2 cables · opal cover · curve R272mm, 90° · 404mm long · 48V DC, driver separate · FL112 (112 LEDs/m) 9.6W/m",3.6W,157lm,44lm/W,Diffused,Datasheet=images/inground-radius/datasheets/IngroundR_S_EOP_H100_R0272_L0404_FL112Nx48V_G5_09W_922_ORT1x.pdf;Specification=images/inground-radius/datasheets/inground-radius-specification.pdf;Brochure=files/holectron/holectron-inground-radius-brochure-2025.pdf
Inground Radius,,,,,,,,,,,,,,,,,,,,Inground Radius R272 48V 9.6W/m,IngroundR S EOP H100 R0272 L0404 / FL112/Nx.48V G5 09W T927 / OR.T1x,Stainless Steel,images/inground-radius/inground-radius-r272-stainless-steel.jpg,2700K,CRI>90,DALI | 1-10V | Phase Dim,IP67,IK10,,"Start segment · end cap at start, 2 cables · opal cover · curve R272mm, 90° · 404mm long · 48V DC, driver separate · FL112 (112 LEDs/m) 9.6W/m",3.6W,240lm,67lm/W,Diffused,Datasheet=images/inground-radius/datasheets/IngroundR_S_EOP_H100_R0272_L0404_FL112Nx48V_G5_09W_T927_ORT1x.pdf;Specification=images/inground-radius/datasheets/inground-radius-specification.pdf;Brochure=files/holectron/holectron-inground-radius-brochure-2025.pdf
Inground Radius,,,,,,,,,,,,,,,,,,,,Inground Radius R272 48V 9.6W/m,IngroundR S EOP H100 R0272 L0404 / FL112/Nx.48V G5 09W T930 / OR.T1x,Stainless Steel,images/inground-radius/inground-radius-r272-stainless-steel.jpg,3000K,CRI>90,DALI | 1-10V | Phase Dim,IP67,IK10,,"Start segment · end cap at start, 2 cables · opal cover · curve R272mm, 90° · 404mm long · 48V DC, driver separate · FL112 (112 LEDs/m) 9.6W/m",3.6W,252lm,70lm/W,Diffused,Datasheet=images/inground-radius/datasheets/IngroundR_S_EOP_H100_R0272_L0404_FL112Nx48V_G5_09W_T930_ORT1x.pdf;Specification=images/inground-radius/datasheets/inground-radius-specification.pdf;Brochure=files/holectron/holectron-inground-radius-brochure-2025.pdf
Inground Radius,,,,,,,,,,,,,,,,,,,,Inground Radius R272 48V 9.6W/m,IngroundR S EOP H100 R0272 L0404 / FL112/Nx.48V G5 09W T940 / OR.T1x,Stainless Steel,images/inground-radius/inground-radius-r272-stainless-steel.jpg,4000K,CRI>90,DALI | 1-10V | Phase Dim,IP67,IK10,,"Start segment · end cap at start, 2 cables · opal cover · curve R272mm, 90° · 404mm long · 48V DC, driver separate · FL112 (112 LEDs/m) 9.6W/m",3.6W,262lm,73lm/W,Diffused,Datasheet=images/inground-radius/datasheets/IngroundR_S_EOP_H100_R0272_L0404_FL112Nx48V_G5_09W_T940_ORT1x.pdf;Specification=images/inground-radius/datasheets/inground-radius-specification.pdf;Brochure=files/holectron/holectron-inground-radius-brochure-2025.pdf
Inground Radius,,,,,,,,,,,,,,,,,,,,Inground Radius R515 24V 2.4W/m,IngroundR S EOP H100 R0515 L0393 / FL56/Nx G5 02W 922 / OR.T1x,Stainless Steel,images/inground-radius/inground-radius-r515-stainless-steel.jpg,2200K,CRI>90,DALI | 1-10V | Phase Dim,IP67,IK10,,"Start segment · end cap at start, 2 cables · opal cover · curve R515mm, 45° · 393mm long · 24V DC, driver separate · FL56 (56 LEDs/m) 2.4W/m",0.9W,40lm,44lm/W,Diffused,Datasheet=images/inground-radius/datasheets/IngroundR_S_EOP_H100_R0515_L0393_FL56Nx_G5_02W_922_ORT1x.pdf;Specification=images/inground-radius/datasheets/inground-radius-specification.pdf;Brochure=files/holectron/holectron-inground-radius-brochure-2025.pdf
Inground Radius,,,,,,,,,,,,,,,,,,,,Inground Radius R515 24V 2.4W/m,IngroundR S EOP H100 R0515 L0393 / FL56/Nx G5 02W T927 / OR.T1x,Stainless Steel,images/inground-radius/inground-radius-r515-stainless-steel.jpg,2700K,CRI>90,DALI | 1-10V | Phase Dim,IP67,IK10,,"Start segment · end cap at start, 2 cables · opal cover · curve R515mm, 45° · 393mm long · 24V DC, driver separate · FL56 (56 LEDs/m) 2.4W/m",0.9W,60lm,67lm/W,Diffused,Datasheet=images/inground-radius/datasheets/IngroundR_S_EOP_H100_R0515_L0393_FL56Nx_G5_02W_T927_ORT1x.pdf;Specification=images/inground-radius/datasheets/inground-radius-specification.pdf;Brochure=files/holectron/holectron-inground-radius-brochure-2025.pdf
Inground Radius,,,,,,,,,,,,,,,,,,,,Inground Radius R515 24V 2.4W/m,IngroundR S EOP H100 R0515 L0393 / FL56/Nx G5 02W T930 / OR.T1x,Stainless Steel,images/inground-radius/inground-radius-r515-stainless-steel.jpg,3000K,CRI>90,DALI | 1-10V | Phase Dim,IP67,IK10,,"Start segment · end cap at start, 2 cables · opal cover · curve R515mm, 45° · 393mm long · 24V DC, driver separate · FL56 (56 LEDs/m) 2.4W/m",0.9W,63lm,70lm/W,Diffused,Datasheet=images/inground-radius/datasheets/IngroundR_S_EOP_H100_R0515_L0393_FL56Nx_G5_02W_T930_ORT1x.pdf;Specification=images/inground-radius/datasheets/inground-radius-specification.pdf;Brochure=files/holectron/holectron-inground-radius-brochure-2025.pdf
Inground Radius,,,,,,,,,,,,,,,,,,,,Inground Radius R515 24V 2.4W/m,IngroundR S EOP H100 R0515 L0393 / FL56/Nx G5 02W T940 / OR.T1x,Stainless Steel,images/inground-radius/inground-radius-r515-stainless-steel.jpg,4000K,CRI>90,DALI | 1-10V | Phase Dim,IP67,IK10,,"Start segment · end cap at start, 2 cables · opal cover · curve R515mm, 45° · 393mm long · 24V DC, driver separate · FL56 (56 LEDs/m) 2.4W/m",0.9W,66lm,73lm/W,Diffused,Datasheet=images/inground-radius/datasheets/IngroundR_S_EOP_H100_R0515_L0393_FL56Nx_G5_02W_T940_ORT1x.pdf;Specification=images/inground-radius/datasheets/inground-radius-specification.pdf;Brochure=files/holectron/holectron-inground-radius-brochure-2025.pdf
Inground Radius,,,,,,,,,,,,,,,,,,,,Inground Radius R515 24V 4.8W/m,IngroundR S EOP H100 R0515 L0393 / FL56/Nx G5 04W 922 / OR.T1x,Stainless Steel,images/inground-radius/inground-radius-r515-stainless-steel.jpg,2200K,CRI>90,DALI | 1-10V | Phase Dim,IP67,IK10,,"Start segment · end cap at start, 2 cables · opal cover · curve R515mm, 45° · 393mm long · 24V DC, driver separate · FL56 (56 LEDs/m) 4.8W/m",1.8W,78lm,43lm/W,Diffused,Datasheet=images/inground-radius/datasheets/IngroundR_S_EOP_H100_R0515_L0393_FL56Nx_G5_04W_922_ORT1x.pdf;Specification=images/inground-radius/datasheets/inground-radius-specification.pdf;Brochure=files/holectron/holectron-inground-radius-brochure-2025.pdf
Inground Radius,,,,,,,,,,,,,,,,,,,,Inground Radius R515 24V 4.8W/m,IngroundR S EOP H100 R0515 L0393 / FL56/Nx G5 04W T927 / OR.T1x,Stainless Steel,images/inground-radius/inground-radius-r515-stainless-steel.jpg,2700K,CRI>90,DALI | 1-10V | Phase Dim,IP67,IK10,,"Start segment · end cap at start, 2 cables · opal cover · curve R515mm, 45° · 393mm long · 24V DC, driver separate · FL56 (56 LEDs/m) 4.8W/m",1.8W,120lm,67lm/W,Diffused,Datasheet=images/inground-radius/datasheets/IngroundR_S_EOP_H100_R0515_L0393_FL56Nx_G5_04W_T927_ORT1x.pdf;Specification=images/inground-radius/datasheets/inground-radius-specification.pdf;Brochure=files/holectron/holectron-inground-radius-brochure-2025.pdf
Inground Radius,,,,,,,,,,,,,,,,,,,,Inground Radius R515 24V 4.8W/m,IngroundR S EOP H100 R0515 L0393 / FL56/Nx G5 04W T930 / OR.T1x,Stainless Steel,images/inground-radius/inground-radius-r515-stainless-steel.jpg,3000K,CRI>90,DALI | 1-10V | Phase Dim,IP67,IK10,,"Start segment · end cap at start, 2 cables · opal cover · curve R515mm, 45° · 393mm long · 24V DC, driver separate · FL56 (56 LEDs/m) 4.8W/m",1.8W,126lm,70lm/W,Diffused,Datasheet=images/inground-radius/datasheets/IngroundR_S_EOP_H100_R0515_L0393_FL56Nx_G5_04W_T930_ORT1x.pdf;Specification=images/inground-radius/datasheets/inground-radius-specification.pdf;Brochure=files/holectron/holectron-inground-radius-brochure-2025.pdf
Inground Radius,,,,,,,,,,,,,,,,,,,,Inground Radius R515 24V 4.8W/m,IngroundR S EOP H100 R0515 L0393 / FL56/Nx G5 04W T940 / OR.T1x,Stainless Steel,images/inground-radius/inground-radius-r515-stainless-steel.jpg,4000K,CRI>90,DALI | 1-10V | Phase Dim,IP67,IK10,,"Start segment · end cap at start, 2 cables · opal cover · curve R515mm, 45° · 393mm long · 24V DC, driver separate · FL56 (56 LEDs/m) 4.8W/m",1.8W,131lm,73lm/W,Diffused,Datasheet=images/inground-radius/datasheets/IngroundR_S_EOP_H100_R0515_L0393_FL56Nx_G5_04W_T940_ORT1x.pdf;Specification=images/inground-radius/datasheets/inground-radius-specification.pdf;Brochure=files/holectron/holectron-inground-radius-brochure-2025.pdf
Inground Radius,,,,,,,,,,,,,,,,,,,,Inground Radius R515 24V 9.6W/m,IngroundR S EOP H100 R0515 L0393 / FL56/Nx G5 09W 922 / OR.T1x,Stainless Steel,images/inground-radius/inground-radius-r515-stainless-steel.jpg,2200K,CRI>90,DALI | 1-10V | Phase Dim,IP67,IK10,,"Start segment · end cap at start, 2 cables · opal cover · curve R515mm, 45° · 393mm long · 24V DC, driver separate · FL56 (56 LEDs/m) 9.6W/m",3.6W,153lm,43lm/W,Diffused,Datasheet=images/inground-radius/datasheets/IngroundR_S_EOP_H100_R0515_L0393_FL56Nx_G5_09W_922_ORT1x.pdf;Specification=images/inground-radius/datasheets/inground-radius-specification.pdf;Brochure=files/holectron/holectron-inground-radius-brochure-2025.pdf
Inground Radius,,,,,,,,,,,,,,,,,,,,Inground Radius R515 24V 9.6W/m,IngroundR S EOP H100 R0515 L0393 / FL56/Nx G5 09W T927 / OR.T1x,Stainless Steel,images/inground-radius/inground-radius-r515-stainless-steel.jpg,2700K,CRI>90,DALI | 1-10V | Phase Dim,IP67,IK10,,"Start segment · end cap at start, 2 cables · opal cover · curve R515mm, 45° · 393mm long · 24V DC, driver separate · FL56 (56 LEDs/m) 9.6W/m",3.6W,235lm,65lm/W,Diffused,Datasheet=images/inground-radius/datasheets/IngroundR_S_EOP_H100_R0515_L0393_FL56Nx_G5_09W_T927_ORT1x.pdf;Specification=images/inground-radius/datasheets/inground-radius-specification.pdf;Brochure=files/holectron/holectron-inground-radius-brochure-2025.pdf
Inground Radius,,,,,,,,,,,,,,,,,,,,Inground Radius R515 24V 9.6W/m,IngroundR S EOP H100 R0515 L0393 / FL56/Nx G5 09W T930 / OR.T1x,Stainless Steel,images/inground-radius/inground-radius-r515-stainless-steel.jpg,3000K,CRI>90,DALI | 1-10V | Phase Dim,IP67,IK10,,"Start segment · end cap at start, 2 cables · opal cover · curve R515mm, 45° · 393mm long · 24V DC, driver separate · FL56 (56 LEDs/m) 9.6W/m",3.6W,247lm,69lm/W,Diffused,Datasheet=images/inground-radius/datasheets/IngroundR_S_EOP_H100_R0515_L0393_FL56Nx_G5_09W_T930_ORT1x.pdf;Specification=images/inground-radius/datasheets/inground-radius-specification.pdf;Brochure=files/holectron/holectron-inground-radius-brochure-2025.pdf
Inground Radius,,,,,,,,,,,,,,,,,,,,Inground Radius R515 24V 9.6W/m,IngroundR S EOP H100 R0515 L0393 / FL56/Nx G5 09W T940 / OR.T1x,Stainless Steel,images/inground-radius/inground-radius-r515-stainless-steel.jpg,4000K,CRI>90,DALI | 1-10V | Phase Dim,IP67,IK10,,"Start segment · end cap at start, 2 cables · opal cover · curve R515mm, 45° · 393mm long · 24V DC, driver separate · FL56 (56 LEDs/m) 9.6W/m",3.6W,257lm,71lm/W,Diffused,Datasheet=images/inground-radius/datasheets/IngroundR_S_EOP_H100_R0515_L0393_FL56Nx_G5_09W_T940_ORT1x.pdf;Specification=images/inground-radius/datasheets/inground-radius-specification.pdf;Brochure=files/holectron/holectron-inground-radius-brochure-2025.pdf
Inground Radius,,,,,,,,,,,,,,,,,,,,Inground Radius R515 48V 4.8W/m,IngroundR S EOP H100 R0515 L0393 / FL112/Nx.48V G5 04W 922 / OR.T1x,Stainless Steel,images/inground-radius/inground-radius-r515-stainless-steel.jpg,2200K,CRI>90,DALI | 1-10V | Phase Dim,IP67,IK10,,"Start segment · end cap at start, 2 cables · opal cover · curve R515mm, 45° · 393mm long · 48V DC, driver separate · FL112 (112 LEDs/m) 4.8W/m",1.8W,80lm,44lm/W,Diffused,Datasheet=images/inground-radius/datasheets/IngroundR_S_EOP_H100_R0515_L0393_FL112Nx48V_G5_04W_922_ORT1x.pdf;Specification=images/inground-radius/datasheets/inground-radius-specification.pdf;Brochure=files/holectron/holectron-inground-radius-brochure-2025.pdf
Inground Radius,,,,,,,,,,,,,,,,,,,,Inground Radius R515 48V 4.8W/m,IngroundR S EOP H100 R0515 L0393 / FL112/Nx.48V G5 04W T927 / OR.T1x,Stainless Steel,images/inground-radius/inground-radius-r515-stainless-steel.jpg,2700K,CRI>90,DALI | 1-10V | Phase Dim,IP67,IK10,,"Start segment · end cap at start, 2 cables · opal cover · curve R515mm, 45° · 393mm long · 48V DC, driver separate · FL112 (112 LEDs/m) 4.8W/m",1.8W,121lm,67lm/W,Diffused,Datasheet=images/inground-radius/datasheets/IngroundR_S_EOP_H100_R0515_L0393_FL112Nx48V_G5_04W_T927_ORT1x.pdf;Specification=images/inground-radius/datasheets/inground-radius-specification.pdf;Brochure=files/holectron/holectron-inground-radius-brochure-2025.pdf
Inground Radius,,,,,,,,,,,,,,,,,,,,Inground Radius R515 48V 4.8W/m,IngroundR S EOP H100 R0515 L0393 / FL112/Nx.48V G5 04W T930 / OR.T1x,Stainless Steel,images/inground-radius/inground-radius-r515-stainless-steel.jpg,3000K,CRI>90,DALI | 1-10V | Phase Dim,IP67,IK10,,"Start segment · end cap at start, 2 cables · opal cover · curve R515mm, 45° · 393mm long · 48V DC, driver separate · FL112 (112 LEDs/m) 4.8W/m",1.8W,127lm,71lm/W,Diffused,Datasheet=images/inground-radius/datasheets/IngroundR_S_EOP_H100_R0515_L0393_FL112Nx48V_G5_04W_T930_ORT1x.pdf;Specification=images/inground-radius/datasheets/inground-radius-specification.pdf;Brochure=files/holectron/holectron-inground-radius-brochure-2025.pdf
Inground Radius,,,,,,,,,,,,,,,,,,,,Inground Radius R515 48V 4.8W/m,IngroundR S EOP H100 R0515 L0393 / FL112/Nx.48V G5 04W T940 / OR.T1x,Stainless Steel,images/inground-radius/inground-radius-r515-stainless-steel.jpg,4000K,CRI>90,DALI | 1-10V | Phase Dim,IP67,IK10,,"Start segment · end cap at start, 2 cables · opal cover · curve R515mm, 45° · 393mm long · 48V DC, driver separate · FL112 (112 LEDs/m) 4.8W/m",1.8W,132lm,73lm/W,Diffused,Datasheet=images/inground-radius/datasheets/IngroundR_S_EOP_H100_R0515_L0393_FL112Nx48V_G5_04W_T940_ORT1x.pdf;Specification=images/inground-radius/datasheets/inground-radius-specification.pdf;Brochure=files/holectron/holectron-inground-radius-brochure-2025.pdf
Inground Radius,,,,,,,,,,,,,,,,,,,,Inground Radius R515 48V 9.6W/m,IngroundR S EOP H100 R0515 L0393 / FL112/Nx.48V G5 09W 922 / OR.T1x,Stainless Steel,images/inground-radius/inground-radius-r515-stainless-steel.jpg,2200K,CRI>90,DALI | 1-10V | Phase Dim,IP67,IK10,,"Start segment · end cap at start, 2 cables · opal cover · curve R515mm, 45° · 393mm long · 48V DC, driver separate · FL112 (112 LEDs/m) 9.6W/m",3.6W,157lm,44lm/W,Diffused,Datasheet=images/inground-radius/datasheets/IngroundR_S_EOP_H100_R0515_L0393_FL112Nx48V_G5_09W_922_ORT1x.pdf;Specification=images/inground-radius/datasheets/inground-radius-specification.pdf;Brochure=files/holectron/holectron-inground-radius-brochure-2025.pdf
Inground Radius,,,,,,,,,,,,,,,,,,,,Inground Radius R515 48V 9.6W/m,IngroundR S EOP H100 R0515 L0393 / FL112/Nx.48V G5 09W T927 / OR.T1x,Stainless Steel,images/inground-radius/inground-radius-r515-stainless-steel.jpg,2700K,CRI>90,DALI | 1-10V | Phase Dim,IP67,IK10,,"Start segment · end cap at start, 2 cables · opal cover · curve R515mm, 45° · 393mm long · 48V DC, driver separate · FL112 (112 LEDs/m) 9.6W/m",3.6W,240lm,67lm/W,Diffused,Datasheet=images/inground-radius/datasheets/IngroundR_S_EOP_H100_R0515_L0393_FL112Nx48V_G5_09W_T927_ORT1x.pdf;Specification=images/inground-radius/datasheets/inground-radius-specification.pdf;Brochure=files/holectron/holectron-inground-radius-brochure-2025.pdf
Inground Radius,,,,,,,,,,,,,,,,,,,,Inground Radius R515 48V 9.6W/m,IngroundR S EOP H100 R0515 L0393 / FL112/Nx.48V G5 09W T930 / OR.T1x,Stainless Steel,images/inground-radius/inground-radius-r515-stainless-steel.jpg,3000K,CRI>90,DALI | 1-10V | Phase Dim,IP67,IK10,,"Start segment · end cap at start, 2 cables · opal cover · curve R515mm, 45° · 393mm long · 48V DC, driver separate · FL112 (112 LEDs/m) 9.6W/m",3.6W,252lm,70lm/W,Diffused,Datasheet=images/inground-radius/datasheets/IngroundR_S_EOP_H100_R0515_L0393_FL112Nx48V_G5_09W_T930_ORT1x.pdf;Specification=images/inground-radius/datasheets/inground-radius-specification.pdf;Brochure=files/holectron/holectron-inground-radius-brochure-2025.pdf
Inground Radius,,,,,,,,,,,,,,,,,,,,Inground Radius R515 48V 9.6W/m,IngroundR S EOP H100 R0515 L0393 / FL112/Nx.48V G5 09W T940 / OR.T1x,Stainless Steel,images/inground-radius/inground-radius-r515-stainless-steel.jpg,4000K,CRI>90,DALI | 1-10V | Phase Dim,IP67,IK10,,"Start segment · end cap at start, 2 cables · opal cover · curve R515mm, 45° · 393mm long · 48V DC, driver separate · FL112 (112 LEDs/m) 9.6W/m",3.6W,262lm,73lm/W,Diffused,Datasheet=images/inground-radius/datasheets/IngroundR_S_EOP_H100_R0515_L0393_FL112Nx48V_G5_09W_T940_ORT1x.pdf;Specification=images/inground-radius/datasheets/inground-radius-specification.pdf;Brochure=files/holectron/holectron-inground-radius-brochure-2025.pdf
Inground Radius,,,,,,,,,,,,,,,,,,,,Inground Radius R1000 24V 2.4W/m,IngroundR S EOP H100 R1000 L0387 / FL56/Nx G5 02W 922 / OR.T1x,Stainless Steel,images/inground-radius/inground-radius-r1000-stainless-steel.jpg,2200K,CRI>90,DALI | 1-10V | Phase Dim,IP67,IK10,,"Start segment · end cap at start, 2 cables · opal cover · curve R1000mm, 22.5° · 387mm long · 24V DC, driver separate · FL56 (56 LEDs/m) 2.4W/m",0.9W,40lm,44lm/W,Diffused,Datasheet=images/inground-radius/datasheets/IngroundR_S_EOP_H100_R1000_L0387_FL56Nx_G5_02W_922_ORT1x.pdf;Specification=images/inground-radius/datasheets/inground-radius-specification.pdf;Brochure=files/holectron/holectron-inground-radius-brochure-2025.pdf
Inground Radius,,,,,,,,,,,,,,,,,,,,Inground Radius R1000 24V 2.4W/m,IngroundR S EOP H100 R1000 L0387 / FL56/Nx G5 02W T927 / OR.T1x,Stainless Steel,images/inground-radius/inground-radius-r1000-stainless-steel.jpg,2700K,CRI>90,DALI | 1-10V | Phase Dim,IP67,IK10,,"Start segment · end cap at start, 2 cables · opal cover · curve R1000mm, 22.5° · 387mm long · 24V DC, driver separate · FL56 (56 LEDs/m) 2.4W/m",0.9W,60lm,67lm/W,Diffused,Datasheet=images/inground-radius/datasheets/IngroundR_S_EOP_H100_R1000_L0387_FL56Nx_G5_02W_T927_ORT1x.pdf;Specification=images/inground-radius/datasheets/inground-radius-specification.pdf;Brochure=files/holectron/holectron-inground-radius-brochure-2025.pdf
Inground Radius,,,,,,,,,,,,,,,,,,,,Inground Radius R1000 24V 2.4W/m,IngroundR S EOP H100 R1000 L0387 / FL56/Nx G5 02W T930 / OR.T1x,Stainless Steel,images/inground-radius/inground-radius-r1000-stainless-steel.jpg,3000K,CRI>90,DALI | 1-10V | Phase Dim,IP67,IK10,,"Start segment · end cap at start, 2 cables · opal cover · curve R1000mm, 22.5° · 387mm long · 24V DC, driver separate · FL56 (56 LEDs/m) 2.4W/m",0.9W,63lm,70lm/W,Diffused,Datasheet=images/inground-radius/datasheets/IngroundR_S_EOP_H100_R1000_L0387_FL56Nx_G5_02W_T930_ORT1x.pdf;Specification=images/inground-radius/datasheets/inground-radius-specification.pdf;Brochure=files/holectron/holectron-inground-radius-brochure-2025.pdf
Inground Radius,,,,,,,,,,,,,,,,,,,,Inground Radius R1000 24V 2.4W/m,IngroundR S EOP H100 R1000 L0387 / FL56/Nx G5 02W T940 / OR.T1x,Stainless Steel,images/inground-radius/inground-radius-r1000-stainless-steel.jpg,4000K,CRI>90,DALI | 1-10V | Phase Dim,IP67,IK10,,"Start segment · end cap at start, 2 cables · opal cover · curve R1000mm, 22.5° · 387mm long · 24V DC, driver separate · FL56 (56 LEDs/m) 2.4W/m",0.9W,66lm,73lm/W,Diffused,Datasheet=images/inground-radius/datasheets/IngroundR_S_EOP_H100_R1000_L0387_FL56Nx_G5_02W_T940_ORT1x.pdf;Specification=images/inground-radius/datasheets/inground-radius-specification.pdf;Brochure=files/holectron/holectron-inground-radius-brochure-2025.pdf
Inground Radius,,,,,,,,,,,,,,,,,,,,Inground Radius R1000 24V 4.8W/m,IngroundR S EOP H100 R1000 L0387 / FL56/Nx G5 04W 922 / OR.T1x,Stainless Steel,images/inground-radius/inground-radius-r1000-stainless-steel.jpg,2200K,CRI>90,DALI | 1-10V | Phase Dim,IP67,IK10,,"Start segment · end cap at start, 2 cables · opal cover · curve R1000mm, 22.5° · 387mm long · 24V DC, driver separate · FL56 (56 LEDs/m) 4.8W/m",1.8W,78lm,43lm/W,Diffused,Datasheet=images/inground-radius/datasheets/IngroundR_S_EOP_H100_R1000_L0387_FL56Nx_G5_04W_922_ORT1x.pdf;Specification=images/inground-radius/datasheets/inground-radius-specification.pdf;Brochure=files/holectron/holectron-inground-radius-brochure-2025.pdf
Inground Radius,,,,,,,,,,,,,,,,,,,,Inground Radius R1000 24V 4.8W/m,IngroundR S EOP H100 R1000 L0387 / FL56/Nx G5 04W T927 / OR.T1x,Stainless Steel,images/inground-radius/inground-radius-r1000-stainless-steel.jpg,2700K,CRI>90,DALI | 1-10V | Phase Dim,IP67,IK10,,"Start segment · end cap at start, 2 cables · opal cover · curve R1000mm, 22.5° · 387mm long · 24V DC, driver separate · FL56 (56 LEDs/m) 4.8W/m",1.8W,120lm,67lm/W,Diffused,Datasheet=images/inground-radius/datasheets/IngroundR_S_EOP_H100_R1000_L0387_FL56Nx_G5_04W_T927_ORT1x.pdf;Specification=images/inground-radius/datasheets/inground-radius-specification.pdf;Brochure=files/holectron/holectron-inground-radius-brochure-2025.pdf
Inground Radius,,,,,,,,,,,,,,,,,,,,Inground Radius R1000 24V 4.8W/m,IngroundR S EOP H100 R1000 L0387 / FL56/Nx G5 04W T930 / OR.T1x,Stainless Steel,images/inground-radius/inground-radius-r1000-stainless-steel.jpg,3000K,CRI>90,DALI | 1-10V | Phase Dim,IP67,IK10,,"Start segment · end cap at start, 2 cables · opal cover · curve R1000mm, 22.5° · 387mm long · 24V DC, driver separate · FL56 (56 LEDs/m) 4.8W/m",1.8W,126lm,70lm/W,Diffused,Datasheet=images/inground-radius/datasheets/IngroundR_S_EOP_H100_R1000_L0387_FL56Nx_G5_04W_T930_ORT1x.pdf;Specification=images/inground-radius/datasheets/inground-radius-specification.pdf;Brochure=files/holectron/holectron-inground-radius-brochure-2025.pdf
Inground Radius,,,,,,,,,,,,,,,,,,,,Inground Radius R1000 24V 4.8W/m,IngroundR S EOP H100 R1000 L0387 / FL56/Nx G5 04W T940 / OR.T1x,Stainless Steel,images/inground-radius/inground-radius-r1000-stainless-steel.jpg,4000K,CRI>90,DALI | 1-10V | Phase Dim,IP67,IK10,,"Start segment · end cap at start, 2 cables · opal cover · curve R1000mm, 22.5° · 387mm long · 24V DC, driver separate · FL56 (56 LEDs/m) 4.8W/m",1.8W,131lm,73lm/W,Diffused,Datasheet=images/inground-radius/datasheets/IngroundR_S_EOP_H100_R1000_L0387_FL56Nx_G5_04W_T940_ORT1x.pdf;Specification=images/inground-radius/datasheets/inground-radius-specification.pdf;Brochure=files/holectron/holectron-inground-radius-brochure-2025.pdf
Inground Radius,,,,,,,,,,,,,,,,,,,,Inground Radius R1000 24V 9.6W/m,IngroundR S EOP H100 R1000 L0387 / FL56/Nx G5 09W 922 / OR.T1x,Stainless Steel,images/inground-radius/inground-radius-r1000-stainless-steel.jpg,2200K,CRI>90,DALI | 1-10V | Phase Dim,IP67,IK10,,"Start segment · end cap at start, 2 cables · opal cover · curve R1000mm, 22.5° · 387mm long · 24V DC, driver separate · FL56 (56 LEDs/m) 9.6W/m",3.6W,153lm,43lm/W,Diffused,Datasheet=images/inground-radius/datasheets/IngroundR_S_EOP_H100_R1000_L0387_FL56Nx_G5_09W_922_ORT1x.pdf;Specification=images/inground-radius/datasheets/inground-radius-specification.pdf;Brochure=files/holectron/holectron-inground-radius-brochure-2025.pdf
Inground Radius,,,,,,,,,,,,,,,,,,,,Inground Radius R1000 24V 9.6W/m,IngroundR S EOP H100 R1000 L0387 / FL56/Nx G5 09W T927 / OR.T1x,Stainless Steel,images/inground-radius/inground-radius-r1000-stainless-steel.jpg,2700K,CRI>90,DALI | 1-10V | Phase Dim,IP67,IK10,,"Start segment · end cap at start, 2 cables · opal cover · curve R1000mm, 22.5° · 387mm long · 24V DC, driver separate · FL56 (56 LEDs/m) 9.6W/m",3.6W,235lm,65lm/W,Diffused,Datasheet=images/inground-radius/datasheets/IngroundR_S_EOP_H100_R1000_L0387_FL56Nx_G5_09W_T927_ORT1x.pdf;Specification=images/inground-radius/datasheets/inground-radius-specification.pdf;Brochure=files/holectron/holectron-inground-radius-brochure-2025.pdf
Inground Radius,,,,,,,,,,,,,,,,,,,,Inground Radius R1000 24V 9.6W/m,IngroundR S EOP H100 R1000 L0387 / FL56/Nx G5 09W T930 / OR.T1x,Stainless Steel,images/inground-radius/inground-radius-r1000-stainless-steel.jpg,3000K,CRI>90,DALI | 1-10V | Phase Dim,IP67,IK10,,"Start segment · end cap at start, 2 cables · opal cover · curve R1000mm, 22.5° · 387mm long · 24V DC, driver separate · FL56 (56 LEDs/m) 9.6W/m",3.6W,247lm,69lm/W,Diffused,Datasheet=images/inground-radius/datasheets/IngroundR_S_EOP_H100_R1000_L0387_FL56Nx_G5_09W_T930_ORT1x.pdf;Specification=images/inground-radius/datasheets/inground-radius-specification.pdf;Brochure=files/holectron/holectron-inground-radius-brochure-2025.pdf
Inground Radius,,,,,,,,,,,,,,,,,,,,Inground Radius R1000 24V 9.6W/m,IngroundR S EOP H100 R1000 L0387 / FL56/Nx G5 09W T940 / OR.T1x,Stainless Steel,images/inground-radius/inground-radius-r1000-stainless-steel.jpg,4000K,CRI>90,DALI | 1-10V | Phase Dim,IP67,IK10,,"Start segment · end cap at start, 2 cables · opal cover · curve R1000mm, 22.5° · 387mm long · 24V DC, driver separate · FL56 (56 LEDs/m) 9.6W/m",3.6W,257lm,71lm/W,Diffused,Datasheet=images/inground-radius/datasheets/IngroundR_S_EOP_H100_R1000_L0387_FL56Nx_G5_09W_T940_ORT1x.pdf;Specification=images/inground-radius/datasheets/inground-radius-specification.pdf;Brochure=files/holectron/holectron-inground-radius-brochure-2025.pdf
Inground Radius,,,,,,,,,,,,,,,,,,,,Inground Radius R1000 48V 4.8W/m,IngroundR S EOP H100 R1000 L0387 / FL112/Nx.48V G5 04W 922 / OR.T1x,Stainless Steel,images/inground-radius/inground-radius-r1000-stainless-steel.jpg,2200K,CRI>90,DALI | 1-10V | Phase Dim,IP67,IK10,,"Start segment · end cap at start, 2 cables · opal cover · curve R1000mm, 22.5° · 387mm long · 48V DC, driver separate · FL112 (112 LEDs/m) 4.8W/m",1.8W,80lm,44lm/W,Diffused,Datasheet=images/inground-radius/datasheets/IngroundR_S_EOP_H100_R1000_L0387_FL112Nx48V_G5_04W_922_ORT1x.pdf;Specification=images/inground-radius/datasheets/inground-radius-specification.pdf;Brochure=files/holectron/holectron-inground-radius-brochure-2025.pdf
Inground Radius,,,,,,,,,,,,,,,,,,,,Inground Radius R1000 48V 4.8W/m,IngroundR S EOP H100 R1000 L0387 / FL112/Nx.48V G5 04W T927 / OR.T1x,Stainless Steel,images/inground-radius/inground-radius-r1000-stainless-steel.jpg,2700K,CRI>90,DALI | 1-10V | Phase Dim,IP67,IK10,,"Start segment · end cap at start, 2 cables · opal cover · curve R1000mm, 22.5° · 387mm long · 48V DC, driver separate · FL112 (112 LEDs/m) 4.8W/m",1.8W,121lm,67lm/W,Diffused,Datasheet=images/inground-radius/datasheets/IngroundR_S_EOP_H100_R1000_L0387_FL112Nx48V_G5_04W_T927_ORT1x.pdf;Specification=images/inground-radius/datasheets/inground-radius-specification.pdf;Brochure=files/holectron/holectron-inground-radius-brochure-2025.pdf
Inground Radius,,,,,,,,,,,,,,,,,,,,Inground Radius R1000 48V 4.8W/m,IngroundR S EOP H100 R1000 L0387 / FL112/Nx.48V G5 04W T930 / OR.T1x,Stainless Steel,images/inground-radius/inground-radius-r1000-stainless-steel.jpg,3000K,CRI>90,DALI | 1-10V | Phase Dim,IP67,IK10,,"Start segment · end cap at start, 2 cables · opal cover · curve R1000mm, 22.5° · 387mm long · 48V DC, driver separate · FL112 (112 LEDs/m) 4.8W/m",1.8W,127lm,71lm/W,Diffused,Datasheet=images/inground-radius/datasheets/IngroundR_S_EOP_H100_R1000_L0387_FL112Nx48V_G5_04W_T930_ORT1x.pdf;Specification=images/inground-radius/datasheets/inground-radius-specification.pdf;Brochure=files/holectron/holectron-inground-radius-brochure-2025.pdf
Inground Radius,,,,,,,,,,,,,,,,,,,,Inground Radius R1000 48V 4.8W/m,IngroundR S EOP H100 R1000 L0387 / FL112/Nx.48V G5 04W T940 / OR.T1x,Stainless Steel,images/inground-radius/inground-radius-r1000-stainless-steel.jpg,4000K,CRI>90,DALI | 1-10V | Phase Dim,IP67,IK10,,"Start segment · end cap at start, 2 cables · opal cover · curve R1000mm, 22.5° · 387mm long · 48V DC, driver separate · FL112 (112 LEDs/m) 4.8W/m",1.8W,132lm,73lm/W,Diffused,Datasheet=images/inground-radius/datasheets/IngroundR_S_EOP_H100_R1000_L0387_FL112Nx48V_G5_04W_T940_ORT1x.pdf;Specification=images/inground-radius/datasheets/inground-radius-specification.pdf;Brochure=files/holectron/holectron-inground-radius-brochure-2025.pdf
Inground Radius,,,,,,,,,,,,,,,,,,,,Inground Radius R1000 48V 9.6W/m,IngroundR S EOP H100 R1000 L0387 / FL112/Nx.48V G5 09W 922 / OR.T1x,Stainless Steel,images/inground-radius/inground-radius-r1000-stainless-steel.jpg,2200K,CRI>90,DALI | 1-10V | Phase Dim,IP67,IK10,,"Start segment · end cap at start, 2 cables · opal cover · curve R1000mm, 22.5° · 387mm long · 48V DC, driver separate · FL112 (112 LEDs/m) 9.6W/m",3.6W,157lm,44lm/W,Diffused,Datasheet=images/inground-radius/datasheets/IngroundR_S_EOP_H100_R1000_L0387_FL112Nx48V_G5_09W_922_ORT1x.pdf;Specification=images/inground-radius/datasheets/inground-radius-specification.pdf;Brochure=files/holectron/holectron-inground-radius-brochure-2025.pdf
Inground Radius,,,,,,,,,,,,,,,,,,,,Inground Radius R1000 48V 9.6W/m,IngroundR S EOP H100 R1000 L0387 / FL112/Nx.48V G5 09W T927 / OR.T1x,Stainless Steel,images/inground-radius/inground-radius-r1000-stainless-steel.jpg,2700K,CRI>90,DALI | 1-10V | Phase Dim,IP67,IK10,,"Start segment · end cap at start, 2 cables · opal cover · curve R1000mm, 22.5° · 387mm long · 48V DC, driver separate · FL112 (112 LEDs/m) 9.6W/m",3.6W,240lm,67lm/W,Diffused,Datasheet=images/inground-radius/datasheets/IngroundR_S_EOP_H100_R1000_L0387_FL112Nx48V_G5_09W_T927_ORT1x.pdf;Specification=images/inground-radius/datasheets/inground-radius-specification.pdf;Brochure=files/holectron/holectron-inground-radius-brochure-2025.pdf
Inground Radius,,,,,,,,,,,,,,,,,,,,Inground Radius R1000 48V 9.6W/m,IngroundR S EOP H100 R1000 L0387 / FL112/Nx.48V G5 09W T930 / OR.T1x,Stainless Steel,images/inground-radius/inground-radius-r1000-stainless-steel.jpg,3000K,CRI>90,DALI | 1-10V | Phase Dim,IP67,IK10,,"Start segment · end cap at start, 2 cables · opal cover · curve R1000mm, 22.5° · 387mm long · 48V DC, driver separate · FL112 (112 LEDs/m) 9.6W/m",3.6W,252lm,70lm/W,Diffused,Datasheet=images/inground-radius/datasheets/IngroundR_S_EOP_H100_R1000_L0387_FL112Nx48V_G5_09W_T930_ORT1x.pdf;Specification=images/inground-radius/datasheets/inground-radius-specification.pdf;Brochure=files/holectron/holectron-inground-radius-brochure-2025.pdf
Inground Radius,,,,,,,,,,,,,,,,,,,,Inground Radius R1000 48V 9.6W/m,IngroundR S EOP H100 R1000 L0387 / FL112/Nx.48V G5 09W T940 / OR.T1x,Stainless Steel,images/inground-radius/inground-radius-r1000-stainless-steel.jpg,4000K,CRI>90,DALI | 1-10V | Phase Dim,IP67,IK10,,"Start segment · end cap at start, 2 cables · opal cover · curve R1000mm, 22.5° · 387mm long · 48V DC, driver separate · FL112 (112 LEDs/m) 9.6W/m",3.6W,262lm,73lm/W,Diffused,Datasheet=images/inground-radius/datasheets/IngroundR_S_EOP_H100_R1000_L0387_FL112Nx48V_G5_09W_T940_ORT1x.pdf;Specification=images/inground-radius/datasheets/inground-radius-specification.pdf;Brochure=files/holectron/holectron-inground-radius-brochure-2025.pdf
Inground Radius,,,,,,,,,,,,,,,,,,,,Inground Radius R1975 24V 2.4W/m,IngroundR S EOP H100 R1975 L0385 / FL56/Nx G5 02W 922 / OR.T1x,Stainless Steel,images/inground-radius/inground-radius-r1975-stainless-steel.jpg,2200K,CRI>90,DALI | 1-10V | Phase Dim,IP67,IK10,,"Start segment · end cap at start, 2 cables · opal cover · curve R1975mm, 11.3° · 385mm long · 24V DC, driver separate · FL56 (56 LEDs/m) 2.4W/m",0.9W,40lm,44lm/W,Diffused,Datasheet=images/inground-radius/datasheets/IngroundR_S_EOP_H100_R1975_L0385_FL56Nx_G5_02W_922_ORT1x.pdf;Specification=images/inground-radius/datasheets/inground-radius-specification.pdf;Brochure=files/holectron/holectron-inground-radius-brochure-2025.pdf
Inground Radius,,,,,,,,,,,,,,,,,,,,Inground Radius R1975 24V 2.4W/m,IngroundR S EOP H100 R1975 L0385 / FL56/Nx G5 02W T927 / OR.T1x,Stainless Steel,images/inground-radius/inground-radius-r1975-stainless-steel.jpg,2700K,CRI>90,DALI | 1-10V | Phase Dim,IP67,IK10,,"Start segment · end cap at start, 2 cables · opal cover · curve R1975mm, 11.3° · 385mm long · 24V DC, driver separate · FL56 (56 LEDs/m) 2.4W/m",0.9W,60lm,67lm/W,Diffused,Datasheet=images/inground-radius/datasheets/IngroundR_S_EOP_H100_R1975_L0385_FL56Nx_G5_02W_T927_ORT1x.pdf;Specification=images/inground-radius/datasheets/inground-radius-specification.pdf;Brochure=files/holectron/holectron-inground-radius-brochure-2025.pdf
Inground Radius,,,,,,,,,,,,,,,,,,,,Inground Radius R1975 24V 2.4W/m,IngroundR S EOP H100 R1975 L0385 / FL56/Nx G5 02W T930 / OR.T1x,Stainless Steel,images/inground-radius/inground-radius-r1975-stainless-steel.jpg,3000K,CRI>90,DALI | 1-10V | Phase Dim,IP67,IK10,,"Start segment · end cap at start, 2 cables · opal cover · curve R1975mm, 11.3° · 385mm long · 24V DC, driver separate · FL56 (56 LEDs/m) 2.4W/m",0.9W,63lm,70lm/W,Diffused,Datasheet=images/inground-radius/datasheets/IngroundR_S_EOP_H100_R1975_L0385_FL56Nx_G5_02W_T930_ORT1x.pdf;Specification=images/inground-radius/datasheets/inground-radius-specification.pdf;Brochure=files/holectron/holectron-inground-radius-brochure-2025.pdf
Inground Radius,,,,,,,,,,,,,,,,,,,,Inground Radius R1975 24V 2.4W/m,IngroundR S EOP H100 R1975 L0385 / FL56/Nx G5 02W T940 / OR.T1x,Stainless Steel,images/inground-radius/inground-radius-r1975-stainless-steel.jpg,4000K,CRI>90,DALI | 1-10V | Phase Dim,IP67,IK10,,"Start segment · end cap at start, 2 cables · opal cover · curve R1975mm, 11.3° · 385mm long · 24V DC, driver separate · FL56 (56 LEDs/m) 2.4W/m",0.9W,66lm,73lm/W,Diffused,Datasheet=images/inground-radius/datasheets/IngroundR_S_EOP_H100_R1975_L0385_FL56Nx_G5_02W_T940_ORT1x.pdf;Specification=images/inground-radius/datasheets/inground-radius-specification.pdf;Brochure=files/holectron/holectron-inground-radius-brochure-2025.pdf
Inground Radius,,,,,,,,,,,,,,,,,,,,Inground Radius R1975 24V 4.8W/m,IngroundR S EOP H100 R1975 L0385 / FL56/Nx G5 04W 922 / OR.T1x,Stainless Steel,images/inground-radius/inground-radius-r1975-stainless-steel.jpg,2200K,CRI>90,DALI | 1-10V | Phase Dim,IP67,IK10,,"Start segment · end cap at start, 2 cables · opal cover · curve R1975mm, 11.3° · 385mm long · 24V DC, driver separate · FL56 (56 LEDs/m) 4.8W/m",1.8W,78lm,43lm/W,Diffused,Datasheet=images/inground-radius/datasheets/IngroundR_S_EOP_H100_R1975_L0385_FL56Nx_G5_04W_922_ORT1x.pdf;Specification=images/inground-radius/datasheets/inground-radius-specification.pdf;Brochure=files/holectron/holectron-inground-radius-brochure-2025.pdf
Inground Radius,,,,,,,,,,,,,,,,,,,,Inground Radius R1975 24V 4.8W/m,IngroundR S EOP H100 R1975 L0385 / FL56/Nx G5 04W T927 / OR.T1x,Stainless Steel,images/inground-radius/inground-radius-r1975-stainless-steel.jpg,2700K,CRI>90,DALI | 1-10V | Phase Dim,IP67,IK10,,"Start segment · end cap at start, 2 cables · opal cover · curve R1975mm, 11.3° · 385mm long · 24V DC, driver separate · FL56 (56 LEDs/m) 4.8W/m",1.8W,120lm,67lm/W,Diffused,Datasheet=images/inground-radius/datasheets/IngroundR_S_EOP_H100_R1975_L0385_FL56Nx_G5_04W_T927_ORT1x.pdf;Specification=images/inground-radius/datasheets/inground-radius-specification.pdf;Brochure=files/holectron/holectron-inground-radius-brochure-2025.pdf
Inground Radius,,,,,,,,,,,,,,,,,,,,Inground Radius R1975 24V 4.8W/m,IngroundR S EOP H100 R1975 L0385 / FL56/Nx G5 04W T930 / OR.T1x,Stainless Steel,images/inground-radius/inground-radius-r1975-stainless-steel.jpg,3000K,CRI>90,DALI | 1-10V | Phase Dim,IP67,IK10,,"Start segment · end cap at start, 2 cables · opal cover · curve R1975mm, 11.3° · 385mm long · 24V DC, driver separate · FL56 (56 LEDs/m) 4.8W/m",1.8W,126lm,70lm/W,Diffused,Datasheet=images/inground-radius/datasheets/IngroundR_S_EOP_H100_R1975_L0385_FL56Nx_G5_04W_T930_ORT1x.pdf;Specification=images/inground-radius/datasheets/inground-radius-specification.pdf;Brochure=files/holectron/holectron-inground-radius-brochure-2025.pdf
Inground Radius,,,,,,,,,,,,,,,,,,,,Inground Radius R1975 24V 4.8W/m,IngroundR S EOP H100 R1975 L0385 / FL56/Nx G5 04W T940 / OR.T1x,Stainless Steel,images/inground-radius/inground-radius-r1975-stainless-steel.jpg,4000K,CRI>90,DALI | 1-10V | Phase Dim,IP67,IK10,,"Start segment · end cap at start, 2 cables · opal cover · curve R1975mm, 11.3° · 385mm long · 24V DC, driver separate · FL56 (56 LEDs/m) 4.8W/m",1.8W,131lm,73lm/W,Diffused,Datasheet=images/inground-radius/datasheets/IngroundR_S_EOP_H100_R1975_L0385_FL56Nx_G5_04W_T940_ORT1x.pdf;Specification=images/inground-radius/datasheets/inground-radius-specification.pdf;Brochure=files/holectron/holectron-inground-radius-brochure-2025.pdf
Inground Radius,,,,,,,,,,,,,,,,,,,,Inground Radius R1975 24V 9.6W/m,IngroundR S EOP H100 R1975 L0385 / FL56/Nx G5 09W 922 / OR.T1x,Stainless Steel,images/inground-radius/inground-radius-r1975-stainless-steel.jpg,2200K,CRI>90,DALI | 1-10V | Phase Dim,IP67,IK10,,"Start segment · end cap at start, 2 cables · opal cover · curve R1975mm, 11.3° · 385mm long · 24V DC, driver separate · FL56 (56 LEDs/m) 9.6W/m",3.6W,153lm,43lm/W,Diffused,Datasheet=images/inground-radius/datasheets/IngroundR_S_EOP_H100_R1975_L0385_FL56Nx_G5_09W_922_ORT1x.pdf;Specification=images/inground-radius/datasheets/inground-radius-specification.pdf;Brochure=files/holectron/holectron-inground-radius-brochure-2025.pdf
Inground Radius,,,,,,,,,,,,,,,,,,,,Inground Radius R1975 24V 9.6W/m,IngroundR S EOP H100 R1975 L0385 / FL56/Nx G5 09W T927 / OR.T1x,Stainless Steel,images/inground-radius/inground-radius-r1975-stainless-steel.jpg,2700K,CRI>90,DALI | 1-10V | Phase Dim,IP67,IK10,,"Start segment · end cap at start, 2 cables · opal cover · curve R1975mm, 11.3° · 385mm long · 24V DC, driver separate · FL56 (56 LEDs/m) 9.6W/m",3.6W,235lm,65lm/W,Diffused,Datasheet=images/inground-radius/datasheets/IngroundR_S_EOP_H100_R1975_L0385_FL56Nx_G5_09W_T927_ORT1x.pdf;Specification=images/inground-radius/datasheets/inground-radius-specification.pdf;Brochure=files/holectron/holectron-inground-radius-brochure-2025.pdf
Inground Radius,,,,,,,,,,,,,,,,,,,,Inground Radius R1975 24V 9.6W/m,IngroundR S EOP H100 R1975 L0385 / FL56/Nx G5 09W T930 / OR.T1x,Stainless Steel,images/inground-radius/inground-radius-r1975-stainless-steel.jpg,3000K,CRI>90,DALI | 1-10V | Phase Dim,IP67,IK10,,"Start segment · end cap at start, 2 cables · opal cover · curve R1975mm, 11.3° · 385mm long · 24V DC, driver separate · FL56 (56 LEDs/m) 9.6W/m",3.6W,247lm,69lm/W,Diffused,Datasheet=images/inground-radius/datasheets/IngroundR_S_EOP_H100_R1975_L0385_FL56Nx_G5_09W_T930_ORT1x.pdf;Specification=images/inground-radius/datasheets/inground-radius-specification.pdf;Brochure=files/holectron/holectron-inground-radius-brochure-2025.pdf
Inground Radius,,,,,,,,,,,,,,,,,,,,Inground Radius R1975 24V 9.6W/m,IngroundR S EOP H100 R1975 L0385 / FL56/Nx G5 09W T940 / OR.T1x,Stainless Steel,images/inground-radius/inground-radius-r1975-stainless-steel.jpg,4000K,CRI>90,DALI | 1-10V | Phase Dim,IP67,IK10,,"Start segment · end cap at start, 2 cables · opal cover · curve R1975mm, 11.3° · 385mm long · 24V DC, driver separate · FL56 (56 LEDs/m) 9.6W/m",3.6W,257lm,71lm/W,Diffused,Datasheet=images/inground-radius/datasheets/IngroundR_S_EOP_H100_R1975_L0385_FL56Nx_G5_09W_T940_ORT1x.pdf;Specification=images/inground-radius/datasheets/inground-radius-specification.pdf;Brochure=files/holectron/holectron-inground-radius-brochure-2025.pdf
Inground Radius,,,,,,,,,,,,,,,,,,,,Inground Radius R1975 48V 4.8W/m,IngroundR S EOP H100 R1975 L0385 / FL112/Nx.48V G5 04W 922 / OR.T1x,Stainless Steel,images/inground-radius/inground-radius-r1975-stainless-steel.jpg,2200K,CRI>90,DALI | 1-10V | Phase Dim,IP67,IK10,,"Start segment · end cap at start, 2 cables · opal cover · curve R1975mm, 11.3° · 385mm long · 48V DC, driver separate · FL112 (112 LEDs/m) 4.8W/m",1.8W,80lm,44lm/W,Diffused,Datasheet=images/inground-radius/datasheets/IngroundR_S_EOP_H100_R1975_L0385_FL112Nx48V_G5_04W_922_ORT1x.pdf;Specification=images/inground-radius/datasheets/inground-radius-specification.pdf;Brochure=files/holectron/holectron-inground-radius-brochure-2025.pdf
Inground Radius,,,,,,,,,,,,,,,,,,,,Inground Radius R1975 48V 4.8W/m,IngroundR S EOP H100 R1975 L0385 / FL112/Nx.48V G5 04W T927 / OR.T1x,Stainless Steel,images/inground-radius/inground-radius-r1975-stainless-steel.jpg,2700K,CRI>90,DALI | 1-10V | Phase Dim,IP67,IK10,,"Start segment · end cap at start, 2 cables · opal cover · curve R1975mm, 11.3° · 385mm long · 48V DC, driver separate · FL112 (112 LEDs/m) 4.8W/m",1.8W,121lm,67lm/W,Diffused,Datasheet=images/inground-radius/datasheets/IngroundR_S_EOP_H100_R1975_L0385_FL112Nx48V_G5_04W_T927_ORT1x.pdf;Specification=images/inground-radius/datasheets/inground-radius-specification.pdf;Brochure=files/holectron/holectron-inground-radius-brochure-2025.pdf
Inground Radius,,,,,,,,,,,,,,,,,,,,Inground Radius R1975 48V 4.8W/m,IngroundR S EOP H100 R1975 L0385 / FL112/Nx.48V G5 04W T930 / OR.T1x,Stainless Steel,images/inground-radius/inground-radius-r1975-stainless-steel.jpg,3000K,CRI>90,DALI | 1-10V | Phase Dim,IP67,IK10,,"Start segment · end cap at start, 2 cables · opal cover · curve R1975mm, 11.3° · 385mm long · 48V DC, driver separate · FL112 (112 LEDs/m) 4.8W/m",1.8W,127lm,71lm/W,Diffused,Datasheet=images/inground-radius/datasheets/IngroundR_S_EOP_H100_R1975_L0385_FL112Nx48V_G5_04W_T930_ORT1x.pdf;Specification=images/inground-radius/datasheets/inground-radius-specification.pdf;Brochure=files/holectron/holectron-inground-radius-brochure-2025.pdf
Inground Radius,,,,,,,,,,,,,,,,,,,,Inground Radius R1975 48V 4.8W/m,IngroundR S EOP H100 R1975 L0385 / FL112/Nx.48V G5 04W T940 / OR.T1x,Stainless Steel,images/inground-radius/inground-radius-r1975-stainless-steel.jpg,4000K,CRI>90,DALI | 1-10V | Phase Dim,IP67,IK10,,"Start segment · end cap at start, 2 cables · opal cover · curve R1975mm, 11.3° · 385mm long · 48V DC, driver separate · FL112 (112 LEDs/m) 4.8W/m",1.8W,132lm,73lm/W,Diffused,Datasheet=images/inground-radius/datasheets/IngroundR_S_EOP_H100_R1975_L0385_FL112Nx48V_G5_04W_T940_ORT1x.pdf;Specification=images/inground-radius/datasheets/inground-radius-specification.pdf;Brochure=files/holectron/holectron-inground-radius-brochure-2025.pdf
Inground Radius,,,,,,,,,,,,,,,,,,,,Inground Radius R1975 48V 9.6W/m,IngroundR S EOP H100 R1975 L0385 / FL112/Nx.48V G5 09W 922 / OR.T1x,Stainless Steel,images/inground-radius/inground-radius-r1975-stainless-steel.jpg,2200K,CRI>90,DALI | 1-10V | Phase Dim,IP67,IK10,,"Start segment · end cap at start, 2 cables · opal cover · curve R1975mm, 11.3° · 385mm long · 48V DC, driver separate · FL112 (112 LEDs/m) 9.6W/m",3.6W,157lm,44lm/W,Diffused,Datasheet=images/inground-radius/datasheets/IngroundR_S_EOP_H100_R1975_L0385_FL112Nx48V_G5_09W_922_ORT1x.pdf;Specification=images/inground-radius/datasheets/inground-radius-specification.pdf;Brochure=files/holectron/holectron-inground-radius-brochure-2025.pdf
Inground Radius,,,,,,,,,,,,,,,,,,,,Inground Radius R1975 48V 9.6W/m,IngroundR S EOP H100 R1975 L0385 / FL112/Nx.48V G5 09W T927 / OR.T1x,Stainless Steel,images/inground-radius/inground-radius-r1975-stainless-steel.jpg,2700K,CRI>90,DALI | 1-10V | Phase Dim,IP67,IK10,,"Start segment · end cap at start, 2 cables · opal cover · curve R1975mm, 11.3° · 385mm long · 48V DC, driver separate · FL112 (112 LEDs/m) 9.6W/m",3.6W,240lm,67lm/W,Diffused,Datasheet=images/inground-radius/datasheets/IngroundR_S_EOP_H100_R1975_L0385_FL112Nx48V_G5_09W_T927_ORT1x.pdf;Specification=images/inground-radius/datasheets/inground-radius-specification.pdf;Brochure=files/holectron/holectron-inground-radius-brochure-2025.pdf
Inground Radius,,,,,,,,,,,,,,,,,,,,Inground Radius R1975 48V 9.6W/m,IngroundR S EOP H100 R1975 L0385 / FL112/Nx.48V G5 09W T930 / OR.T1x,Stainless Steel,images/inground-radius/inground-radius-r1975-stainless-steel.jpg,3000K,CRI>90,DALI | 1-10V | Phase Dim,IP67,IK10,,"Start segment · end cap at start, 2 cables · opal cover · curve R1975mm, 11.3° · 385mm long · 48V DC, driver separate · FL112 (112 LEDs/m) 9.6W/m",3.6W,252lm,70lm/W,Diffused,Datasheet=images/inground-radius/datasheets/IngroundR_S_EOP_H100_R1975_L0385_FL112Nx48V_G5_09W_T930_ORT1x.pdf;Specification=images/inground-radius/datasheets/inground-radius-specification.pdf;Brochure=files/holectron/holectron-inground-radius-brochure-2025.pdf
Inground Radius,,,,,,,,,,,,,,,,,,,,Inground Radius R1975 48V 9.6W/m,IngroundR S EOP H100 R1975 L0385 / FL112/Nx.48V G5 09W T940 / OR.T1x,Stainless Steel,images/inground-radius/inground-radius-r1975-stainless-steel.jpg,4000K,CRI>90,DALI | 1-10V | Phase Dim,IP67,IK10,,"Start segment · end cap at start, 2 cables · opal cover · curve R1975mm, 11.3° · 385mm long · 48V DC, driver separate · FL112 (112 LEDs/m) 9.6W/m",3.6W,262lm,73lm/W,Diffused,Datasheet=images/inground-radius/datasheets/IngroundR_S_EOP_H100_R1975_L0385_FL112Nx48V_G5_09W_T940_ORT1x.pdf;Specification=images/inground-radius/datasheets/inground-radius-specification.pdf;Brochure=files/holectron/holectron-inground-radius-brochure-2025.pdf
Inground Radius,,,,,,,,,,,,,,,,,,,,Inground Radius R2950 24V 2.4W/m,IngroundR S EOP H100 R2950 L0384 / FL56/Nx G5 02W 922 / OR.T1x,Stainless Steel,images/inground-radius/inground-radius-r2950-stainless-steel.jpg,2200K,CRI>90,DALI | 1-10V | Phase Dim,IP67,IK10,,"Start segment · end cap at start, 2 cables · opal cover · curve R2950mm, 7.5° · 384mm long · 24V DC, driver separate · FL56 (56 LEDs/m) 2.4W/m",0.9W,40lm,44lm/W,Diffused,Datasheet=images/inground-radius/datasheets/IngroundR_S_EOP_H100_R2950_L0384_FL56Nx_G5_02W_922_ORT1x.pdf;Specification=images/inground-radius/datasheets/inground-radius-specification.pdf;Brochure=files/holectron/holectron-inground-radius-brochure-2025.pdf
Inground Radius,,,,,,,,,,,,,,,,,,,,Inground Radius R2950 24V 2.4W/m,IngroundR S EOP H100 R2950 L0384 / FL56/Nx G5 02W T927 / OR.T1x,Stainless Steel,images/inground-radius/inground-radius-r2950-stainless-steel.jpg,2700K,CRI>90,DALI | 1-10V | Phase Dim,IP67,IK10,,"Start segment · end cap at start, 2 cables · opal cover · curve R2950mm, 7.5° · 384mm long · 24V DC, driver separate · FL56 (56 LEDs/m) 2.4W/m",0.9W,60lm,67lm/W,Diffused,Datasheet=images/inground-radius/datasheets/IngroundR_S_EOP_H100_R2950_L0384_FL56Nx_G5_02W_T927_ORT1x.pdf;Specification=images/inground-radius/datasheets/inground-radius-specification.pdf;Brochure=files/holectron/holectron-inground-radius-brochure-2025.pdf
Inground Radius,,,,,,,,,,,,,,,,,,,,Inground Radius R2950 24V 2.4W/m,IngroundR S EOP H100 R2950 L0384 / FL56/Nx G5 02W T930 / OR.T1x,Stainless Steel,images/inground-radius/inground-radius-r2950-stainless-steel.jpg,3000K,CRI>90,DALI | 1-10V | Phase Dim,IP67,IK10,,"Start segment · end cap at start, 2 cables · opal cover · curve R2950mm, 7.5° · 384mm long · 24V DC, driver separate · FL56 (56 LEDs/m) 2.4W/m",0.9W,63lm,70lm/W,Diffused,Datasheet=images/inground-radius/datasheets/IngroundR_S_EOP_H100_R2950_L0384_FL56Nx_G5_02W_T930_ORT1x.pdf;Specification=images/inground-radius/datasheets/inground-radius-specification.pdf;Brochure=files/holectron/holectron-inground-radius-brochure-2025.pdf
Inground Radius,,,,,,,,,,,,,,,,,,,,Inground Radius R2950 24V 2.4W/m,IngroundR S EOP H100 R2950 L0384 / FL56/Nx G5 02W T940 / OR.T1x,Stainless Steel,images/inground-radius/inground-radius-r2950-stainless-steel.jpg,4000K,CRI>90,DALI | 1-10V | Phase Dim,IP67,IK10,,"Start segment · end cap at start, 2 cables · opal cover · curve R2950mm, 7.5° · 384mm long · 24V DC, driver separate · FL56 (56 LEDs/m) 2.4W/m",0.9W,66lm,73lm/W,Diffused,Datasheet=images/inground-radius/datasheets/IngroundR_S_EOP_H100_R2950_L0384_FL56Nx_G5_02W_T940_ORT1x.pdf;Specification=images/inground-radius/datasheets/inground-radius-specification.pdf;Brochure=files/holectron/holectron-inground-radius-brochure-2025.pdf
Inground Radius,,,,,,,,,,,,,,,,,,,,Inground Radius R2950 24V 4.8W/m,IngroundR S EOP H100 R2950 L0384 / FL56/Nx G5 04W 922 / OR.T1x,Stainless Steel,images/inground-radius/inground-radius-r2950-stainless-steel.jpg,2200K,CRI>90,DALI | 1-10V | Phase Dim,IP67,IK10,,"Start segment · end cap at start, 2 cables · opal cover · curve R2950mm, 7.5° · 384mm long · 24V DC, driver separate · FL56 (56 LEDs/m) 4.8W/m",1.8W,78lm,43lm/W,Diffused,Datasheet=images/inground-radius/datasheets/IngroundR_S_EOP_H100_R2950_L0384_FL56Nx_G5_04W_922_ORT1x.pdf;Specification=images/inground-radius/datasheets/inground-radius-specification.pdf;Brochure=files/holectron/holectron-inground-radius-brochure-2025.pdf
Inground Radius,,,,,,,,,,,,,,,,,,,,Inground Radius R2950 24V 4.8W/m,IngroundR S EOP H100 R2950 L0384 / FL56/Nx G5 04W T927 / OR.T1x,Stainless Steel,images/inground-radius/inground-radius-r2950-stainless-steel.jpg,2700K,CRI>90,DALI | 1-10V | Phase Dim,IP67,IK10,,"Start segment · end cap at start, 2 cables · opal cover · curve R2950mm, 7.5° · 384mm long · 24V DC, driver separate · FL56 (56 LEDs/m) 4.8W/m",1.8W,120lm,67lm/W,Diffused,Datasheet=images/inground-radius/datasheets/IngroundR_S_EOP_H100_R2950_L0384_FL56Nx_G5_04W_T927_ORT1x.pdf;Specification=images/inground-radius/datasheets/inground-radius-specification.pdf;Brochure=files/holectron/holectron-inground-radius-brochure-2025.pdf
Inground Radius,,,,,,,,,,,,,,,,,,,,Inground Radius R2950 24V 4.8W/m,IngroundR S EOP H100 R2950 L0384 / FL56/Nx G5 04W T930 / OR.T1x,Stainless Steel,images/inground-radius/inground-radius-r2950-stainless-steel.jpg,3000K,CRI>90,DALI | 1-10V | Phase Dim,IP67,IK10,,"Start segment · end cap at start, 2 cables · opal cover · curve R2950mm, 7.5° · 384mm long · 24V DC, driver separate · FL56 (56 LEDs/m) 4.8W/m",1.8W,126lm,70lm/W,Diffused,Datasheet=images/inground-radius/datasheets/IngroundR_S_EOP_H100_R2950_L0384_FL56Nx_G5_04W_T930_ORT1x.pdf;Specification=images/inground-radius/datasheets/inground-radius-specification.pdf;Brochure=files/holectron/holectron-inground-radius-brochure-2025.pdf
Inground Radius,,,,,,,,,,,,,,,,,,,,Inground Radius R2950 24V 4.8W/m,IngroundR S EOP H100 R2950 L0384 / FL56/Nx G5 04W T940 / OR.T1x,Stainless Steel,images/inground-radius/inground-radius-r2950-stainless-steel.jpg,4000K,CRI>90,DALI | 1-10V | Phase Dim,IP67,IK10,,"Start segment · end cap at start, 2 cables · opal cover · curve R2950mm, 7.5° · 384mm long · 24V DC, driver separate · FL56 (56 LEDs/m) 4.8W/m",1.8W,131lm,73lm/W,Diffused,Datasheet=images/inground-radius/datasheets/IngroundR_S_EOP_H100_R2950_L0384_FL56Nx_G5_04W_T940_ORT1x.pdf;Specification=images/inground-radius/datasheets/inground-radius-specification.pdf;Brochure=files/holectron/holectron-inground-radius-brochure-2025.pdf
Inground Radius,,,,,,,,,,,,,,,,,,,,Inground Radius R2950 24V 9.6W/m,IngroundR S EOP H100 R2950 L0384 / FL56/Nx G5 09W 922 / OR.T1x,Stainless Steel,images/inground-radius/inground-radius-r2950-stainless-steel.jpg,2200K,CRI>90,DALI | 1-10V | Phase Dim,IP67,IK10,,"Start segment · end cap at start, 2 cables · opal cover · curve R2950mm, 7.5° · 384mm long · 24V DC, driver separate · FL56 (56 LEDs/m) 9.6W/m",3.6W,153lm,43lm/W,Diffused,Datasheet=images/inground-radius/datasheets/IngroundR_S_EOP_H100_R2950_L0384_FL56Nx_G5_09W_922_ORT1x.pdf;Specification=images/inground-radius/datasheets/inground-radius-specification.pdf;Brochure=files/holectron/holectron-inground-radius-brochure-2025.pdf
Inground Radius,,,,,,,,,,,,,,,,,,,,Inground Radius R2950 24V 9.6W/m,IngroundR S EOP H100 R2950 L0384 / FL56/Nx G5 09W T927 / OR.T1x,Stainless Steel,images/inground-radius/inground-radius-r2950-stainless-steel.jpg,2700K,CRI>90,DALI | 1-10V | Phase Dim,IP67,IK10,,"Start segment · end cap at start, 2 cables · opal cover · curve R2950mm, 7.5° · 384mm long · 24V DC, driver separate · FL56 (56 LEDs/m) 9.6W/m",3.6W,235lm,65lm/W,Diffused,Datasheet=images/inground-radius/datasheets/IngroundR_S_EOP_H100_R2950_L0384_FL56Nx_G5_09W_T927_ORT1x.pdf;Specification=images/inground-radius/datasheets/inground-radius-specification.pdf;Brochure=files/holectron/holectron-inground-radius-brochure-2025.pdf
Inground Radius,,,,,,,,,,,,,,,,,,,,Inground Radius R2950 24V 9.6W/m,IngroundR S EOP H100 R2950 L0384 / FL56/Nx G5 09W T930 / OR.T1x,Stainless Steel,images/inground-radius/inground-radius-r2950-stainless-steel.jpg,3000K,CRI>90,DALI | 1-10V | Phase Dim,IP67,IK10,,"Start segment · end cap at start, 2 cables · opal cover · curve R2950mm, 7.5° · 384mm long · 24V DC, driver separate · FL56 (56 LEDs/m) 9.6W/m",3.6W,247lm,69lm/W,Diffused,Datasheet=images/inground-radius/datasheets/IngroundR_S_EOP_H100_R2950_L0384_FL56Nx_G5_09W_T930_ORT1x.pdf;Specification=images/inground-radius/datasheets/inground-radius-specification.pdf;Brochure=files/holectron/holectron-inground-radius-brochure-2025.pdf
Inground Radius,,,,,,,,,,,,,,,,,,,,Inground Radius R2950 24V 9.6W/m,IngroundR S EOP H100 R2950 L0384 / FL56/Nx G5 09W T940 / OR.T1x,Stainless Steel,images/inground-radius/inground-radius-r2950-stainless-steel.jpg,4000K,CRI>90,DALI | 1-10V | Phase Dim,IP67,IK10,,"Start segment · end cap at start, 2 cables · opal cover · curve R2950mm, 7.5° · 384mm long · 24V DC, driver separate · FL56 (56 LEDs/m) 9.6W/m",3.6W,257lm,71lm/W,Diffused,Datasheet=images/inground-radius/datasheets/IngroundR_S_EOP_H100_R2950_L0384_FL56Nx_G5_09W_T940_ORT1x.pdf;Specification=images/inground-radius/datasheets/inground-radius-specification.pdf;Brochure=files/holectron/holectron-inground-radius-brochure-2025.pdf
Inground Radius,,,,,,,,,,,,,,,,,,,,Inground Radius R2950 48V 4.8W/m,IngroundR S EOP H100 R2950 L0384 / FL112/Nx.48V G5 04W 922 / OR.T1x,Stainless Steel,images/inground-radius/inground-radius-r2950-stainless-steel.jpg,2200K,CRI>90,DALI | 1-10V | Phase Dim,IP67,IK10,,"Start segment · end cap at start, 2 cables · opal cover · curve R2950mm, 7.5° · 384mm long · 48V DC, driver separate · FL112 (112 LEDs/m) 4.8W/m",1.8W,80lm,44lm/W,Diffused,Datasheet=images/inground-radius/datasheets/IngroundR_S_EOP_H100_R2950_L0384_FL112Nx48V_G5_04W_922_ORT1x.pdf;Specification=images/inground-radius/datasheets/inground-radius-specification.pdf;Brochure=files/holectron/holectron-inground-radius-brochure-2025.pdf
Inground Radius,,,,,,,,,,,,,,,,,,,,Inground Radius R2950 48V 4.8W/m,IngroundR S EOP H100 R2950 L0384 / FL112/Nx.48V G5 04W T927 / OR.T1x,Stainless Steel,images/inground-radius/inground-radius-r2950-stainless-steel.jpg,2700K,CRI>90,DALI | 1-10V | Phase Dim,IP67,IK10,,"Start segment · end cap at start, 2 cables · opal cover · curve R2950mm, 7.5° · 384mm long · 48V DC, driver separate · FL112 (112 LEDs/m) 4.8W/m",1.8W,121lm,67lm/W,Diffused,Datasheet=images/inground-radius/datasheets/IngroundR_S_EOP_H100_R2950_L0384_FL112Nx48V_G5_04W_T927_ORT1x.pdf;Specification=images/inground-radius/datasheets/inground-radius-specification.pdf;Brochure=files/holectron/holectron-inground-radius-brochure-2025.pdf
Inground Radius,,,,,,,,,,,,,,,,,,,,Inground Radius R2950 48V 4.8W/m,IngroundR S EOP H100 R2950 L0384 / FL112/Nx.48V G5 04W T930 / OR.T1x,Stainless Steel,images/inground-radius/inground-radius-r2950-stainless-steel.jpg,3000K,CRI>90,DALI | 1-10V | Phase Dim,IP67,IK10,,"Start segment · end cap at start, 2 cables · opal cover · curve R2950mm, 7.5° · 384mm long · 48V DC, driver separate · FL112 (112 LEDs/m) 4.8W/m",1.8W,127lm,71lm/W,Diffused,Datasheet=images/inground-radius/datasheets/IngroundR_S_EOP_H100_R2950_L0384_FL112Nx48V_G5_04W_T930_ORT1x.pdf;Specification=images/inground-radius/datasheets/inground-radius-specification.pdf;Brochure=files/holectron/holectron-inground-radius-brochure-2025.pdf
Inground Radius,,,,,,,,,,,,,,,,,,,,Inground Radius R2950 48V 4.8W/m,IngroundR S EOP H100 R2950 L0384 / FL112/Nx.48V G5 04W T940 / OR.T1x,Stainless Steel,images/inground-radius/inground-radius-r2950-stainless-steel.jpg,4000K,CRI>90,DALI | 1-10V | Phase Dim,IP67,IK10,,"Start segment · end cap at start, 2 cables · opal cover · curve R2950mm, 7.5° · 384mm long · 48V DC, driver separate · FL112 (112 LEDs/m) 4.8W/m",1.8W,132lm,73lm/W,Diffused,Datasheet=images/inground-radius/datasheets/IngroundR_S_EOP_H100_R2950_L0384_FL112Nx48V_G5_04W_T940_ORT1x.pdf;Specification=images/inground-radius/datasheets/inground-radius-specification.pdf;Brochure=files/holectron/holectron-inground-radius-brochure-2025.pdf
Inground Radius,,,,,,,,,,,,,,,,,,,,Inground Radius R2950 48V 9.6W/m,IngroundR S EOP H100 R2950 L0384 / FL112/Nx.48V G5 09W 922 / OR.T1x,Stainless Steel,images/inground-radius/inground-radius-r2950-stainless-steel.jpg,2200K,CRI>90,DALI | 1-10V | Phase Dim,IP67,IK10,,"Start segment · end cap at start, 2 cables · opal cover · curve R2950mm, 7.5° · 384mm long · 48V DC, driver separate · FL112 (112 LEDs/m) 9.6W/m",3.6W,157lm,44lm/W,Diffused,Datasheet=images/inground-radius/datasheets/IngroundR_S_EOP_H100_R2950_L0384_FL112Nx48V_G5_09W_922_ORT1x.pdf;Specification=images/inground-radius/datasheets/inground-radius-specification.pdf;Brochure=files/holectron/holectron-inground-radius-brochure-2025.pdf
Inground Radius,,,,,,,,,,,,,,,,,,,,Inground Radius R2950 48V 9.6W/m,IngroundR S EOP H100 R2950 L0384 / FL112/Nx.48V G5 09W T927 / OR.T1x,Stainless Steel,images/inground-radius/inground-radius-r2950-stainless-steel.jpg,2700K,CRI>90,DALI | 1-10V | Phase Dim,IP67,IK10,,"Start segment · end cap at start, 2 cables · opal cover · curve R2950mm, 7.5° · 384mm long · 48V DC, driver separate · FL112 (112 LEDs/m) 9.6W/m",3.6W,240lm,67lm/W,Diffused,Datasheet=images/inground-radius/datasheets/IngroundR_S_EOP_H100_R2950_L0384_FL112Nx48V_G5_09W_T927_ORT1x.pdf;Specification=images/inground-radius/datasheets/inground-radius-specification.pdf;Brochure=files/holectron/holectron-inground-radius-brochure-2025.pdf
Inground Radius,,,,,,,,,,,,,,,,,,,,Inground Radius R2950 48V 9.6W/m,IngroundR S EOP H100 R2950 L0384 / FL112/Nx.48V G5 09W T930 / OR.T1x,Stainless Steel,images/inground-radius/inground-radius-r2950-stainless-steel.jpg,3000K,CRI>90,DALI | 1-10V | Phase Dim,IP67,IK10,,"Start segment · end cap at start, 2 cables · opal cover · curve R2950mm, 7.5° · 384mm long · 48V DC, driver separate · FL112 (112 LEDs/m) 9.6W/m",3.6W,252lm,70lm/W,Diffused,Datasheet=images/inground-radius/datasheets/IngroundR_S_EOP_H100_R2950_L0384_FL112Nx48V_G5_09W_T930_ORT1x.pdf;Specification=images/inground-radius/datasheets/inground-radius-specification.pdf;Brochure=files/holectron/holectron-inground-radius-brochure-2025.pdf
Inground Radius,,,,,,,,,,,,,,,,,,,,Inground Radius R2950 48V 9.6W/m,IngroundR S EOP H100 R2950 L0384 / FL112/Nx.48V G5 09W T940 / OR.T1x,Stainless Steel,images/inground-radius/inground-radius-r2950-stainless-steel.jpg,4000K,CRI>90,DALI | 1-10V | Phase Dim,IP67,IK10,,"Start segment · end cap at start, 2 cables · opal cover · curve R2950mm, 7.5° · 384mm long · 48V DC, driver separate · FL112 (112 LEDs/m) 9.6W/m",3.6W,262lm,73lm/W,Diffused,Datasheet=images/inground-radius/datasheets/IngroundR_S_EOP_H100_R2950_L0384_FL112Nx48V_G5_09W_T940_ORT1x.pdf;Specification=images/inground-radius/datasheets/inground-radius-specification.pdf;Brochure=files/holectron/holectron-inground-radius-brochure-2025.pdf
Inground Radius,,,,,,,,,,,,,,,,,,,,Inground Radius R6100 24V 2.4W/m,IngroundR S EOP H100 R6100 L0382 / FL56/Nx G5 02W 922 / OR.T1x,Stainless Steel,images/inground-radius/inground-radius-r6100-stainless-steel.jpg,2200K,CRI>90,DALI | 1-10V | Phase Dim,IP67,IK10,,"Start segment · end cap at start, 2 cables · opal cover · curve R6100mm, 3.6° · 382mm long · 24V DC, driver separate · FL56 (56 LEDs/m) 2.4W/m",0.9W,40lm,44lm/W,Diffused,Datasheet=images/inground-radius/datasheets/IngroundR_S_EOP_H100_R6100_L0382_FL56Nx_G5_02W_922_ORT1x.pdf;Specification=images/inground-radius/datasheets/inground-radius-specification.pdf;Brochure=files/holectron/holectron-inground-radius-brochure-2025.pdf
Inground Radius,,,,,,,,,,,,,,,,,,,,Inground Radius R6100 24V 2.4W/m,IngroundR S EOP H100 R6100 L0382 / FL56/Nx G5 02W T927 / OR.T1x,Stainless Steel,images/inground-radius/inground-radius-r6100-stainless-steel.jpg,2700K,CRI>90,DALI | 1-10V | Phase Dim,IP67,IK10,,"Start segment · end cap at start, 2 cables · opal cover · curve R6100mm, 3.6° · 382mm long · 24V DC, driver separate · FL56 (56 LEDs/m) 2.4W/m",0.9W,60lm,67lm/W,Diffused,Datasheet=images/inground-radius/datasheets/IngroundR_S_EOP_H100_R6100_L0382_FL56Nx_G5_02W_T927_ORT1x.pdf;Specification=images/inground-radius/datasheets/inground-radius-specification.pdf;Brochure=files/holectron/holectron-inground-radius-brochure-2025.pdf
Inground Radius,,,,,,,,,,,,,,,,,,,,Inground Radius R6100 24V 2.4W/m,IngroundR S EOP H100 R6100 L0382 / FL56/Nx G5 02W T930 / OR.T1x,Stainless Steel,images/inground-radius/inground-radius-r6100-stainless-steel.jpg,3000K,CRI>90,DALI | 1-10V | Phase Dim,IP67,IK10,,"Start segment · end cap at start, 2 cables · opal cover · curve R6100mm, 3.6° · 382mm long · 24V DC, driver separate · FL56 (56 LEDs/m) 2.4W/m",0.9W,63lm,70lm/W,Diffused,Datasheet=images/inground-radius/datasheets/IngroundR_S_EOP_H100_R6100_L0382_FL56Nx_G5_02W_T930_ORT1x.pdf;Specification=images/inground-radius/datasheets/inground-radius-specification.pdf;Brochure=files/holectron/holectron-inground-radius-brochure-2025.pdf
Inground Radius,,,,,,,,,,,,,,,,,,,,Inground Radius R6100 24V 2.4W/m,IngroundR S EOP H100 R6100 L0382 / FL56/Nx G5 02W T940 / OR.T1x,Stainless Steel,images/inground-radius/inground-radius-r6100-stainless-steel.jpg,4000K,CRI>90,DALI | 1-10V | Phase Dim,IP67,IK10,,"Start segment · end cap at start, 2 cables · opal cover · curve R6100mm, 3.6° · 382mm long · 24V DC, driver separate · FL56 (56 LEDs/m) 2.4W/m",0.9W,66lm,73lm/W,Diffused,Datasheet=images/inground-radius/datasheets/IngroundR_S_EOP_H100_R6100_L0382_FL56Nx_G5_02W_T940_ORT1x.pdf;Specification=images/inground-radius/datasheets/inground-radius-specification.pdf;Brochure=files/holectron/holectron-inground-radius-brochure-2025.pdf
Inground Radius,,,,,,,,,,,,,,,,,,,,Inground Radius R6100 24V 4.8W/m,IngroundR S EOP H100 R6100 L0382 / FL56/Nx G5 04W 922 / OR.T1x,Stainless Steel,images/inground-radius/inground-radius-r6100-stainless-steel.jpg,2200K,CRI>90,DALI | 1-10V | Phase Dim,IP67,IK10,,"Start segment · end cap at start, 2 cables · opal cover · curve R6100mm, 3.6° · 382mm long · 24V DC, driver separate · FL56 (56 LEDs/m) 4.8W/m",1.8W,78lm,43lm/W,Diffused,Datasheet=images/inground-radius/datasheets/IngroundR_S_EOP_H100_R6100_L0382_FL56Nx_G5_04W_922_ORT1x.pdf;Specification=images/inground-radius/datasheets/inground-radius-specification.pdf;Brochure=files/holectron/holectron-inground-radius-brochure-2025.pdf
Inground Radius,,,,,,,,,,,,,,,,,,,,Inground Radius R6100 24V 4.8W/m,IngroundR S EOP H100 R6100 L0382 / FL56/Nx G5 04W T927 / OR.T1x,Stainless Steel,images/inground-radius/inground-radius-r6100-stainless-steel.jpg,2700K,CRI>90,DALI | 1-10V | Phase Dim,IP67,IK10,,"Start segment · end cap at start, 2 cables · opal cover · curve R6100mm, 3.6° · 382mm long · 24V DC, driver separate · FL56 (56 LEDs/m) 4.8W/m",1.8W,120lm,67lm/W,Diffused,Datasheet=images/inground-radius/datasheets/IngroundR_S_EOP_H100_R6100_L0382_FL56Nx_G5_04W_T927_ORT1x.pdf;Specification=images/inground-radius/datasheets/inground-radius-specification.pdf;Brochure=files/holectron/holectron-inground-radius-brochure-2025.pdf
Inground Radius,,,,,,,,,,,,,,,,,,,,Inground Radius R6100 24V 4.8W/m,IngroundR S EOP H100 R6100 L0382 / FL56/Nx G5 04W T930 / OR.T1x,Stainless Steel,images/inground-radius/inground-radius-r6100-stainless-steel.jpg,3000K,CRI>90,DALI | 1-10V | Phase Dim,IP67,IK10,,"Start segment · end cap at start, 2 cables · opal cover · curve R6100mm, 3.6° · 382mm long · 24V DC, driver separate · FL56 (56 LEDs/m) 4.8W/m",1.8W,126lm,70lm/W,Diffused,Datasheet=images/inground-radius/datasheets/IngroundR_S_EOP_H100_R6100_L0382_FL56Nx_G5_04W_T930_ORT1x.pdf;Specification=images/inground-radius/datasheets/inground-radius-specification.pdf;Brochure=files/holectron/holectron-inground-radius-brochure-2025.pdf
Inground Radius,,,,,,,,,,,,,,,,,,,,Inground Radius R6100 24V 4.8W/m,IngroundR S EOP H100 R6100 L0382 / FL56/Nx G5 04W T940 / OR.T1x,Stainless Steel,images/inground-radius/inground-radius-r6100-stainless-steel.jpg,4000K,CRI>90,DALI | 1-10V | Phase Dim,IP67,IK10,,"Start segment · end cap at start, 2 cables · opal cover · curve R6100mm, 3.6° · 382mm long · 24V DC, driver separate · FL56 (56 LEDs/m) 4.8W/m",1.8W,131lm,73lm/W,Diffused,Datasheet=images/inground-radius/datasheets/IngroundR_S_EOP_H100_R6100_L0382_FL56Nx_G5_04W_T940_ORT1x.pdf;Specification=images/inground-radius/datasheets/inground-radius-specification.pdf;Brochure=files/holectron/holectron-inground-radius-brochure-2025.pdf
Inground Radius,,,,,,,,,,,,,,,,,,,,Inground Radius R6100 24V 9.6W/m,IngroundR S EOP H100 R6100 L0382 / FL56/Nx G5 09W 922 / OR.T1x,Stainless Steel,images/inground-radius/inground-radius-r6100-stainless-steel.jpg,2200K,CRI>90,DALI | 1-10V | Phase Dim,IP67,IK10,,"Start segment · end cap at start, 2 cables · opal cover · curve R6100mm, 3.6° · 382mm long · 24V DC, driver separate · FL56 (56 LEDs/m) 9.6W/m",3.6W,153lm,43lm/W,Diffused,Datasheet=images/inground-radius/datasheets/IngroundR_S_EOP_H100_R6100_L0382_FL56Nx_G5_09W_922_ORT1x.pdf;Specification=images/inground-radius/datasheets/inground-radius-specification.pdf;Brochure=files/holectron/holectron-inground-radius-brochure-2025.pdf
Inground Radius,,,,,,,,,,,,,,,,,,,,Inground Radius R6100 24V 9.6W/m,IngroundR S EOP H100 R6100 L0382 / FL56/Nx G5 09W T927 / OR.T1x,Stainless Steel,images/inground-radius/inground-radius-r6100-stainless-steel.jpg,2700K,CRI>90,DALI | 1-10V | Phase Dim,IP67,IK10,,"Start segment · end cap at start, 2 cables · opal cover · curve R6100mm, 3.6° · 382mm long · 24V DC, driver separate · FL56 (56 LEDs/m) 9.6W/m",3.6W,235lm,65lm/W,Diffused,Datasheet=images/inground-radius/datasheets/IngroundR_S_EOP_H100_R6100_L0382_FL56Nx_G5_09W_T927_ORT1x.pdf;Specification=images/inground-radius/datasheets/inground-radius-specification.pdf;Brochure=files/holectron/holectron-inground-radius-brochure-2025.pdf
Inground Radius,,,,,,,,,,,,,,,,,,,,Inground Radius R6100 24V 9.6W/m,IngroundR S EOP H100 R6100 L0382 / FL56/Nx G5 09W T930 / OR.T1x,Stainless Steel,images/inground-radius/inground-radius-r6100-stainless-steel.jpg,3000K,CRI>90,DALI | 1-10V | Phase Dim,IP67,IK10,,"Start segment · end cap at start, 2 cables · opal cover · curve R6100mm, 3.6° · 382mm long · 24V DC, driver separate · FL56 (56 LEDs/m) 9.6W/m",3.6W,247lm,69lm/W,Diffused,Datasheet=images/inground-radius/datasheets/IngroundR_S_EOP_H100_R6100_L0382_FL56Nx_G5_09W_T930_ORT1x.pdf;Specification=images/inground-radius/datasheets/inground-radius-specification.pdf;Brochure=files/holectron/holectron-inground-radius-brochure-2025.pdf
Inground Radius,,,,,,,,,,,,,,,,,,,,Inground Radius R6100 24V 9.6W/m,IngroundR S EOP H100 R6100 L0382 / FL56/Nx G5 09W T940 / OR.T1x,Stainless Steel,images/inground-radius/inground-radius-r6100-stainless-steel.jpg,4000K,CRI>90,DALI | 1-10V | Phase Dim,IP67,IK10,,"Start segment · end cap at start, 2 cables · opal cover · curve R6100mm, 3.6° · 382mm long · 24V DC, driver separate · FL56 (56 LEDs/m) 9.6W/m",3.6W,257lm,71lm/W,Diffused,Datasheet=images/inground-radius/datasheets/IngroundR_S_EOP_H100_R6100_L0382_FL56Nx_G5_09W_T940_ORT1x.pdf;Specification=images/inground-radius/datasheets/inground-radius-specification.pdf;Brochure=files/holectron/holectron-inground-radius-brochure-2025.pdf
Inground Radius,,,,,,,,,,,,,,,,,,,,Inground Radius R6100 48V 4.8W/m,IngroundR S EOP H100 R6100 L0382 / FL112/Nx.48V G5 04W 922 / OR.T1x,Stainless Steel,images/inground-radius/inground-radius-r6100-stainless-steel.jpg,2200K,CRI>90,DALI | 1-10V | Phase Dim,IP67,IK10,,"Start segment · end cap at start, 2 cables · opal cover · curve R6100mm, 3.6° · 382mm long · 48V DC, driver separate · FL112 (112 LEDs/m) 4.8W/m",1.8W,80lm,44lm/W,Diffused,Datasheet=images/inground-radius/datasheets/IngroundR_S_EOP_H100_R6100_L0382_FL112Nx48V_G5_04W_922_ORT1x.pdf;Specification=images/inground-radius/datasheets/inground-radius-specification.pdf;Brochure=files/holectron/holectron-inground-radius-brochure-2025.pdf
Inground Radius,,,,,,,,,,,,,,,,,,,,Inground Radius R6100 48V 4.8W/m,IngroundR S EOP H100 R6100 L0382 / FL112/Nx.48V G5 04W T927 / OR.T1x,Stainless Steel,images/inground-radius/inground-radius-r6100-stainless-steel.jpg,2700K,CRI>90,DALI | 1-10V | Phase Dim,IP67,IK10,,"Start segment · end cap at start, 2 cables · opal cover · curve R6100mm, 3.6° · 382mm long · 48V DC, driver separate · FL112 (112 LEDs/m) 4.8W/m",1.8W,121lm,67lm/W,Diffused,Datasheet=images/inground-radius/datasheets/IngroundR_S_EOP_H100_R6100_L0382_FL112Nx48V_G5_04W_T927_ORT1x.pdf;Specification=images/inground-radius/datasheets/inground-radius-specification.pdf;Brochure=files/holectron/holectron-inground-radius-brochure-2025.pdf
Inground Radius,,,,,,,,,,,,,,,,,,,,Inground Radius R6100 48V 4.8W/m,IngroundR S EOP H100 R6100 L0382 / FL112/Nx.48V G5 04W T930 / OR.T1x,Stainless Steel,images/inground-radius/inground-radius-r6100-stainless-steel.jpg,3000K,CRI>90,DALI | 1-10V | Phase Dim,IP67,IK10,,"Start segment · end cap at start, 2 cables · opal cover · curve R6100mm, 3.6° · 382mm long · 48V DC, driver separate · FL112 (112 LEDs/m) 4.8W/m",1.8W,127lm,71lm/W,Diffused,Datasheet=images/inground-radius/datasheets/IngroundR_S_EOP_H100_R6100_L0382_FL112Nx48V_G5_04W_T930_ORT1x.pdf;Specification=images/inground-radius/datasheets/inground-radius-specification.pdf;Brochure=files/holectron/holectron-inground-radius-brochure-2025.pdf
Inground Radius,,,,,,,,,,,,,,,,,,,,Inground Radius R6100 48V 4.8W/m,IngroundR S EOP H100 R6100 L0382 / FL112/Nx.48V G5 04W T940 / OR.T1x,Stainless Steel,images/inground-radius/inground-radius-r6100-stainless-steel.jpg,4000K,CRI>90,DALI | 1-10V | Phase Dim,IP67,IK10,,"Start segment · end cap at start, 2 cables · opal cover · curve R6100mm, 3.6° · 382mm long · 48V DC, driver separate · FL112 (112 LEDs/m) 4.8W/m",1.8W,132lm,73lm/W,Diffused,Datasheet=images/inground-radius/datasheets/IngroundR_S_EOP_H100_R6100_L0382_FL112Nx48V_G5_04W_T940_ORT1x.pdf;Specification=images/inground-radius/datasheets/inground-radius-specification.pdf;Brochure=files/holectron/holectron-inground-radius-brochure-2025.pdf
Inground Radius,,,,,,,,,,,,,,,,,,,,Inground Radius R6100 48V 9.6W/m,IngroundR S EOP H100 R6100 L0382 / FL112/Nx.48V G5 09W 922 / OR.T1x,Stainless Steel,images/inground-radius/inground-radius-r6100-stainless-steel.jpg,2200K,CRI>90,DALI | 1-10V | Phase Dim,IP67,IK10,,"Start segment · end cap at start, 2 cables · opal cover · curve R6100mm, 3.6° · 382mm long · 48V DC, driver separate · FL112 (112 LEDs/m) 9.6W/m",3.6W,157lm,44lm/W,Diffused,Datasheet=images/inground-radius/datasheets/IngroundR_S_EOP_H100_R6100_L0382_FL112Nx48V_G5_09W_922_ORT1x.pdf;Specification=images/inground-radius/datasheets/inground-radius-specification.pdf;Brochure=files/holectron/holectron-inground-radius-brochure-2025.pdf
Inground Radius,,,,,,,,,,,,,,,,,,,,Inground Radius R6100 48V 9.6W/m,IngroundR S EOP H100 R6100 L0382 / FL112/Nx.48V G5 09W T927 / OR.T1x,Stainless Steel,images/inground-radius/inground-radius-r6100-stainless-steel.jpg,2700K,CRI>90,DALI | 1-10V | Phase Dim,IP67,IK10,,"Start segment · end cap at start, 2 cables · opal cover · curve R6100mm, 3.6° · 382mm long · 48V DC, driver separate · FL112 (112 LEDs/m) 9.6W/m",3.6W,240lm,67lm/W,Diffused,Datasheet=images/inground-radius/datasheets/IngroundR_S_EOP_H100_R6100_L0382_FL112Nx48V_G5_09W_T927_ORT1x.pdf;Specification=images/inground-radius/datasheets/inground-radius-specification.pdf;Brochure=files/holectron/holectron-inground-radius-brochure-2025.pdf
Inground Radius,,,,,,,,,,,,,,,,,,,,Inground Radius R6100 48V 9.6W/m,IngroundR S EOP H100 R6100 L0382 / FL112/Nx.48V G5 09W T930 / OR.T1x,Stainless Steel,images/inground-radius/inground-radius-r6100-stainless-steel.jpg,3000K,CRI>90,DALI | 1-10V | Phase Dim,IP67,IK10,,"Start segment · end cap at start, 2 cables · opal cover · curve R6100mm, 3.6° · 382mm long · 48V DC, driver separate · FL112 (112 LEDs/m) 9.6W/m",3.6W,252lm,70lm/W,Diffused,Datasheet=images/inground-radius/datasheets/IngroundR_S_EOP_H100_R6100_L0382_FL112Nx48V_G5_09W_T930_ORT1x.pdf;Specification=images/inground-radius/datasheets/inground-radius-specification.pdf;Brochure=files/holectron/holectron-inground-radius-brochure-2025.pdf
Inground Radius,,,,,,,,,,,,,,,,,,,,Inground Radius R6100 48V 9.6W/m,IngroundR S EOP H100 R6100 L0382 / FL112/Nx.48V G5 09W T940 / OR.T1x,Stainless Steel,images/inground-radius/inground-radius-r6100-stainless-steel.jpg,4000K,CRI>90,DALI | 1-10V | Phase Dim,IP67,IK10,,"Start segment · end cap at start, 2 cables · opal cover · curve R6100mm, 3.6° · 382mm long · 48V DC, driver separate · FL112 (112 LEDs/m) 9.6W/m",3.6W,262lm,73lm/W,Diffused,Datasheet=images/inground-radius/datasheets/IngroundR_S_EOP_H100_R6100_L0382_FL112Nx48V_G5_09W_T940_ORT1x.pdf;Specification=images/inground-radius/datasheets/inground-radius-specification.pdf;Brochure=files/holectron/holectron-inground-radius-brochure-2025.pdf
Inground Radius,,,,,,,,,,,,,,,,,,,,Inground Radius L505 24V 2.4W/m,IngroundR M EOP H100 R0000 L0505 / FL56/Nx G5 02W 922 / OR.T1x,Stainless Steel,images/inground-radius/inground-radius-l505-stainless-steel.jpg,2200K,CRI>90,DALI | 1-10V | Phase Dim,IP67,IK10,,"Middle segment · no end caps, 2 cables · opal cover · straight · 505mm long · 24V DC, driver separate · FL56 (56 LEDs/m) 2.4W/m",1.2W,53lm,44lm/W,Diffused,Datasheet=images/inground-radius/datasheets/IngroundR_M_EOP_H100_R0000_L0505_FL56Nx_G5_02W_922_ORT1x.pdf;Specification=images/inground-radius/datasheets/inground-radius-specification.pdf;Brochure=files/holectron/holectron-inground-radius-brochure-2025.pdf
Inground Radius,,,,,,,,,,,,,,,,,,,,Inground Radius L505 24V 2.4W/m,IngroundR M EOP H100 R0000 L0505 / FL56/Nx G5 02W T927 / OR.T1x,Stainless Steel,images/inground-radius/inground-radius-l505-stainless-steel.jpg,2700K,CRI>90,DALI | 1-10V | Phase Dim,IP67,IK10,,"Middle segment · no end caps, 2 cables · opal cover · straight · 505mm long · 24V DC, driver separate · FL56 (56 LEDs/m) 2.4W/m",1.2W,81lm,68lm/W,Diffused,Datasheet=images/inground-radius/datasheets/IngroundR_M_EOP_H100_R0000_L0505_FL56Nx_G5_02W_T927_ORT1x.pdf;Specification=images/inground-radius/datasheets/inground-radius-specification.pdf;Brochure=files/holectron/holectron-inground-radius-brochure-2025.pdf
Inground Radius,,,,,,,,,,,,,,,,,,,,Inground Radius L505 24V 2.4W/m,IngroundR M EOP H100 R0000 L0505 / FL56/Nx G5 02W T930 / OR.T1x,Stainless Steel,images/inground-radius/inground-radius-l505-stainless-steel.jpg,3000K,CRI>90,DALI | 1-10V | Phase Dim,IP67,IK10,,"Middle segment · no end caps, 2 cables · opal cover · straight · 505mm long · 24V DC, driver separate · FL56 (56 LEDs/m) 2.4W/m",1.2W,85lm,71lm/W,Diffused,Datasheet=images/inground-radius/datasheets/IngroundR_M_EOP_H100_R0000_L0505_FL56Nx_G5_02W_T930_ORT1x.pdf;Specification=images/inground-radius/datasheets/inground-radius-specification.pdf;Brochure=files/holectron/holectron-inground-radius-brochure-2025.pdf
Inground Radius,,,,,,,,,,,,,,,,,,,,Inground Radius L505 24V 2.4W/m,IngroundR M EOP H100 R0000 L0505 / FL56/Nx G5 02W T940 / OR.T1x,Stainless Steel,images/inground-radius/inground-radius-l505-stainless-steel.jpg,4000K,CRI>90,DALI | 1-10V | Phase Dim,IP67,IK10,,"Middle segment · no end caps, 2 cables · opal cover · straight · 505mm long · 24V DC, driver separate · FL56 (56 LEDs/m) 2.4W/m",1.2W,88lm,73lm/W,Diffused,Datasheet=images/inground-radius/datasheets/IngroundR_M_EOP_H100_R0000_L0505_FL56Nx_G5_02W_T940_ORT1x.pdf;Specification=images/inground-radius/datasheets/inground-radius-specification.pdf;Brochure=files/holectron/holectron-inground-radius-brochure-2025.pdf
Inground Radius,,,,,,,,,,,,,,,,,,,,Inground Radius L505 24V 4.8W/m,IngroundR M EOP H100 R0000 L0505 / FL56/Nx G5 04W 922 / OR.T1x,Stainless Steel,images/inground-radius/inground-radius-l505-stainless-steel.jpg,2200K,CRI>90,DALI | 1-10V | Phase Dim,IP67,IK10,,"Middle segment · no end caps, 2 cables · opal cover · straight · 505mm long · 24V DC, driver separate · FL56 (56 LEDs/m) 4.8W/m",2.4W,104lm,43lm/W,Diffused,Datasheet=images/inground-radius/datasheets/IngroundR_M_EOP_H100_R0000_L0505_FL56Nx_G5_04W_922_ORT1x.pdf;Specification=images/inground-radius/datasheets/inground-radius-specification.pdf;Brochure=files/holectron/holectron-inground-radius-brochure-2025.pdf
Inground Radius,,,,,,,,,,,,,,,,,,,,Inground Radius L505 24V 4.8W/m,IngroundR M EOP H100 R0000 L0505 / FL56/Nx G5 04W T927 / OR.T1x,Stainless Steel,images/inground-radius/inground-radius-l505-stainless-steel.jpg,2700K,CRI>90,DALI | 1-10V | Phase Dim,IP67,IK10,,"Middle segment · no end caps, 2 cables · opal cover · straight · 505mm long · 24V DC, driver separate · FL56 (56 LEDs/m) 4.8W/m",2.4W,160lm,67lm/W,Diffused,Datasheet=images/inground-radius/datasheets/IngroundR_M_EOP_H100_R0000_L0505_FL56Nx_G5_04W_T927_ORT1x.pdf;Specification=images/inground-radius/datasheets/inground-radius-specification.pdf;Brochure=files/holectron/holectron-inground-radius-brochure-2025.pdf
Inground Radius,,,,,,,,,,,,,,,,,,,,Inground Radius L505 24V 4.8W/m,IngroundR M EOP H100 R0000 L0505 / FL56/Nx G5 04W T930 / OR.T1x,Stainless Steel,images/inground-radius/inground-radius-l505-stainless-steel.jpg,3000K,CRI>90,DALI | 1-10V | Phase Dim,IP67,IK10,,"Middle segment · no end caps, 2 cables · opal cover · straight · 505mm long · 24V DC, driver separate · FL56 (56 LEDs/m) 4.8W/m",2.4W,168lm,70lm/W,Diffused,Datasheet=images/inground-radius/datasheets/IngroundR_M_EOP_H100_R0000_L0505_FL56Nx_G5_04W_T930_ORT1x.pdf;Specification=images/inground-radius/datasheets/inground-radius-specification.pdf;Brochure=files/holectron/holectron-inground-radius-brochure-2025.pdf
Inground Radius,,,,,,,,,,,,,,,,,,,,Inground Radius L505 24V 4.8W/m,IngroundR M EOP H100 R0000 L0505 / FL56/Nx G5 04W T940 / OR.T1x,Stainless Steel,images/inground-radius/inground-radius-l505-stainless-steel.jpg,4000K,CRI>90,DALI | 1-10V | Phase Dim,IP67,IK10,,"Middle segment · no end caps, 2 cables · opal cover · straight · 505mm long · 24V DC, driver separate · FL56 (56 LEDs/m) 4.8W/m",2.4W,175lm,73lm/W,Diffused,Datasheet=images/inground-radius/datasheets/IngroundR_M_EOP_H100_R0000_L0505_FL56Nx_G5_04W_T940_ORT1x.pdf;Specification=images/inground-radius/datasheets/inground-radius-specification.pdf;Brochure=files/holectron/holectron-inground-radius-brochure-2025.pdf
Inground Radius,,,,,,,,,,,,,,,,,,,,Inground Radius L505 24V 9.6W/m,IngroundR M EOP H100 R0000 L0505 / FL56/Nx G5 09W 922 / OR.T1x,Stainless Steel,images/inground-radius/inground-radius-l505-stainless-steel.jpg,2200K,CRI>90,DALI | 1-10V | Phase Dim,IP67,IK10,,"Middle segment · no end caps, 2 cables · opal cover · straight · 505mm long · 24V DC, driver separate · FL56 (56 LEDs/m) 9.6W/m",4.8W,204lm,43lm/W,Diffused,Datasheet=images/inground-radius/datasheets/IngroundR_M_EOP_H100_R0000_L0505_FL56Nx_G5_09W_922_ORT1x.pdf;Specification=images/inground-radius/datasheets/inground-radius-specification.pdf;Brochure=files/holectron/holectron-inground-radius-brochure-2025.pdf
Inground Radius,,,,,,,,,,,,,,,,,,,,Inground Radius L505 24V 9.6W/m,IngroundR M EOP H100 R0000 L0505 / FL56/Nx G5 09W T927 / OR.T1x,Stainless Steel,images/inground-radius/inground-radius-l505-stainless-steel.jpg,2700K,CRI>90,DALI | 1-10V | Phase Dim,IP67,IK10,,"Middle segment · no end caps, 2 cables · opal cover · straight · 505mm long · 24V DC, driver separate · FL56 (56 LEDs/m) 9.6W/m",4.8W,314lm,65lm/W,Diffused,Datasheet=images/inground-radius/datasheets/IngroundR_M_EOP_H100_R0000_L0505_FL56Nx_G5_09W_T927_ORT1x.pdf;Specification=images/inground-radius/datasheets/inground-radius-specification.pdf;Brochure=files/holectron/holectron-inground-radius-brochure-2025.pdf
Inground Radius,,,,,,,,,,,,,,,,,,,,Inground Radius L505 24V 9.6W/m,IngroundR M EOP H100 R0000 L0505 / FL56/Nx G5 09W T930 / OR.T1x,Stainless Steel,images/inground-radius/inground-radius-l505-stainless-steel.jpg,3000K,CRI>90,DALI | 1-10V | Phase Dim,IP67,IK10,,"Middle segment · no end caps, 2 cables · opal cover · straight · 505mm long · 24V DC, driver separate · FL56 (56 LEDs/m) 9.6W/m",4.8W,330lm,69lm/W,Diffused,Datasheet=images/inground-radius/datasheets/IngroundR_M_EOP_H100_R0000_L0505_FL56Nx_G5_09W_T930_ORT1x.pdf;Specification=images/inground-radius/datasheets/inground-radius-specification.pdf;Brochure=files/holectron/holectron-inground-radius-brochure-2025.pdf
Inground Radius,,,,,,,,,,,,,,,,,,,,Inground Radius L505 24V 9.6W/m,IngroundR M EOP H100 R0000 L0505 / FL56/Nx G5 09W T940 / OR.T1x,Stainless Steel,images/inground-radius/inground-radius-l505-stainless-steel.jpg,4000K,CRI>90,DALI | 1-10V | Phase Dim,IP67,IK10,,"Middle segment · no end caps, 2 cables · opal cover · straight · 505mm long · 24V DC, driver separate · FL56 (56 LEDs/m) 9.6W/m",4.8W,343lm,71lm/W,Diffused,Datasheet=images/inground-radius/datasheets/IngroundR_M_EOP_H100_R0000_L0505_FL56Nx_G5_09W_T940_ORT1x.pdf;Specification=images/inground-radius/datasheets/inground-radius-specification.pdf;Brochure=files/holectron/holectron-inground-radius-brochure-2025.pdf
Inground Radius,,,,,,,,,,,,,,,,,,,,Inground Radius L505 48V 4.8W/m,IngroundR M EOP H100 R0000 L0505 / FL112/Nx.48V G5 04W 922 / OR.T1x,Stainless Steel,images/inground-radius/inground-radius-l505-stainless-steel.jpg,2200K,CRI>90,DALI | 1-10V | Phase Dim,IP67,IK10,,"Middle segment · no end caps, 2 cables · opal cover · straight · 505mm long · 48V DC, driver separate · FL112 (112 LEDs/m) 4.8W/m",2.4W,107lm,45lm/W,Diffused,Datasheet=images/inground-radius/datasheets/IngroundR_M_EOP_H100_R0000_L0505_FL112Nx48V_G5_04W_922_ORT1x.pdf;Specification=images/inground-radius/datasheets/inground-radius-specification.pdf;Brochure=files/holectron/holectron-inground-radius-brochure-2025.pdf
Inground Radius,,,,,,,,,,,,,,,,,,,,Inground Radius L505 48V 4.8W/m,IngroundR M EOP H100 R0000 L0505 / FL112/Nx.48V G5 04W T927 / OR.T1x,Stainless Steel,images/inground-radius/inground-radius-l505-stainless-steel.jpg,2700K,CRI>90,DALI | 1-10V | Phase Dim,IP67,IK10,,"Middle segment · no end caps, 2 cables · opal cover · straight · 505mm long · 48V DC, driver separate · FL112 (112 LEDs/m) 4.8W/m",2.4W,161lm,67lm/W,Diffused,Datasheet=images/inground-radius/datasheets/IngroundR_M_EOP_H100_R0000_L0505_FL112Nx48V_G5_04W_T927_ORT1x.pdf;Specification=images/inground-radius/datasheets/inground-radius-specification.pdf;Brochure=files/holectron/holectron-inground-radius-brochure-2025.pdf
Inground Radius,,,,,,,,,,,,,,,,,,,,Inground Radius L505 48V 4.8W/m,IngroundR M EOP H100 R0000 L0505 / FL112/Nx.48V G5 04W T930 / OR.T1x,Stainless Steel,images/inground-radius/inground-radius-l505-stainless-steel.jpg,3000K,CRI>90,DALI | 1-10V | Phase Dim,IP67,IK10,,"Middle segment · no end caps, 2 cables · opal cover · straight · 505mm long · 48V DC, driver separate · FL112 (112 LEDs/m) 4.8W/m",2.4W,170lm,71lm/W,Diffused,Datasheet=images/inground-radius/datasheets/IngroundR_M_EOP_H100_R0000_L0505_FL112Nx48V_G5_04W_T930_ORT1x.pdf;Specification=images/inground-radius/datasheets/inground-radius-specification.pdf;Brochure=files/holectron/holectron-inground-radius-brochure-2025.pdf
Inground Radius,,,,,,,,,,,,,,,,,,,,Inground Radius L505 48V 4.8W/m,IngroundR M EOP H100 R0000 L0505 / FL112/Nx.48V G5 04W T940 / OR.T1x,Stainless Steel,images/inground-radius/inground-radius-l505-stainless-steel.jpg,4000K,CRI>90,DALI | 1-10V | Phase Dim,IP67,IK10,,"Middle segment · no end caps, 2 cables · opal cover · straight · 505mm long · 48V DC, driver separate · FL112 (112 LEDs/m) 4.8W/m",2.4W,176lm,73lm/W,Diffused,Datasheet=images/inground-radius/datasheets/IngroundR_M_EOP_H100_R0000_L0505_FL112Nx48V_G5_04W_T940_ORT1x.pdf;Specification=images/inground-radius/datasheets/inground-radius-specification.pdf;Brochure=files/holectron/holectron-inground-radius-brochure-2025.pdf
Inground Radius,,,,,,,,,,,,,,,,,,,,Inground Radius L505 48V 9.6W/m,IngroundR M EOP H100 R0000 L0505 / FL112/Nx.48V G5 09W 922 / OR.T1x,Stainless Steel,images/inground-radius/inground-radius-l505-stainless-steel.jpg,2200K,CRI>90,DALI | 1-10V | Phase Dim,IP67,IK10,,"Middle segment · no end caps, 2 cables · opal cover · straight · 505mm long · 48V DC, driver separate · FL112 (112 LEDs/m) 9.6W/m",4.8W,209lm,44lm/W,Diffused,Datasheet=images/inground-radius/datasheets/IngroundR_M_EOP_H100_R0000_L0505_FL112Nx48V_G5_09W_922_ORT1x.pdf;Specification=images/inground-radius/datasheets/inground-radius-specification.pdf;Brochure=files/holectron/holectron-inground-radius-brochure-2025.pdf
Inground Radius,,,,,,,,,,,,,,,,,,,,Inground Radius L505 48V 9.6W/m,IngroundR M EOP H100 R0000 L0505 / FL112/Nx.48V G5 09W T927 / OR.T1x,Stainless Steel,images/inground-radius/inground-radius-l505-stainless-steel.jpg,2700K,CRI>90,DALI | 1-10V | Phase Dim,IP67,IK10,,"Middle segment · no end caps, 2 cables · opal cover · straight · 505mm long · 48V DC, driver separate · FL112 (112 LEDs/m) 9.6W/m",4.8W,320lm,67lm/W,Diffused,Datasheet=images/inground-radius/datasheets/IngroundR_M_EOP_H100_R0000_L0505_FL112Nx48V_G5_09W_T927_ORT1x.pdf;Specification=images/inground-radius/datasheets/inground-radius-specification.pdf;Brochure=files/holectron/holectron-inground-radius-brochure-2025.pdf
Inground Radius,,,,,,,,,,,,,,,,,,,,Inground Radius L505 48V 9.6W/m,IngroundR M EOP H100 R0000 L0505 / FL112/Nx.48V G5 09W T930 / OR.T1x,Stainless Steel,images/inground-radius/inground-radius-l505-stainless-steel.jpg,3000K,CRI>90,DALI | 1-10V | Phase Dim,IP67,IK10,,"Middle segment · no end caps, 2 cables · opal cover · straight · 505mm long · 48V DC, driver separate · FL112 (112 LEDs/m) 9.6W/m",4.8W,336lm,70lm/W,Diffused,Datasheet=images/inground-radius/datasheets/IngroundR_M_EOP_H100_R0000_L0505_FL112Nx48V_G5_09W_T930_ORT1x.pdf;Specification=images/inground-radius/datasheets/inground-radius-specification.pdf;Brochure=files/holectron/holectron-inground-radius-brochure-2025.pdf
Inground Radius,,,,,,,,,,,,,,,,,,,,Inground Radius L505 48V 9.6W/m,IngroundR M EOP H100 R0000 L0505 / FL112/Nx.48V G5 09W T940 / OR.T1x,Stainless Steel,images/inground-radius/inground-radius-l505-stainless-steel.jpg,4000K,CRI>90,DALI | 1-10V | Phase Dim,IP67,IK10,,"Middle segment · no end caps, 2 cables · opal cover · straight · 505mm long · 48V DC, driver separate · FL112 (112 LEDs/m) 9.6W/m",4.8W,349lm,73lm/W,Diffused,Datasheet=images/inground-radius/datasheets/IngroundR_M_EOP_H100_R0000_L0505_FL112Nx48V_G5_09W_T940_ORT1x.pdf;Specification=images/inground-radius/datasheets/inground-radius-specification.pdf;Brochure=files/holectron/holectron-inground-radius-brochure-2025.pdf
Inground Radius,,,,,,,,,,,,,,,,,,,,Inground Radius L1005 24V 2.4W/m,IngroundR M EOP H100 R0000 L1005 / FL56/Nx G5 02W 922 / OR.T1x,Stainless Steel,images/inground-radius/inground-radius-l1005-stainless-steel.jpg,2200K,CRI>90,DALI | 1-10V | Phase Dim,IP67,IK10,,"Middle segment · no end caps, 2 cables · opal cover · straight · 1005mm long · 24V DC, driver separate · FL56 (56 LEDs/m) 2.4W/m",2.4W,106lm,44lm/W,Diffused,Datasheet=images/inground-radius/datasheets/IngroundR_M_EOP_H100_R0000_L1005_FL56Nx_G5_02W_922_ORT1x.pdf;Specification=images/inground-radius/datasheets/inground-radius-specification.pdf;Brochure=files/holectron/holectron-inground-radius-brochure-2025.pdf
Inground Radius,,,,,,,,,,,,,,,,,,,,Inground Radius L1005 24V 2.4W/m,IngroundR M EOP H100 R0000 L1005 / FL56/Nx G5 02W T927 / OR.T1x,Stainless Steel,images/inground-radius/inground-radius-l1005-stainless-steel.jpg,2700K,CRI>90,DALI | 1-10V | Phase Dim,IP67,IK10,,"Middle segment · no end caps, 2 cables · opal cover · straight · 1005mm long · 24V DC, driver separate · FL56 (56 LEDs/m) 2.4W/m",2.4W,161lm,67lm/W,Diffused,Datasheet=images/inground-radius/datasheets/IngroundR_M_EOP_H100_R0000_L1005_FL56Nx_G5_02W_T927_ORT1x.pdf;Specification=images/inground-radius/datasheets/inground-radius-specification.pdf;Brochure=files/holectron/holectron-inground-radius-brochure-2025.pdf
Inground Radius,,,,,,,,,,,,,,,,,,,,Inground Radius L1005 24V 2.4W/m,IngroundR M EOP H100 R0000 L1005 / FL56/Nx G5 02W T930 / OR.T1x,Stainless Steel,images/inground-radius/inground-radius-l1005-stainless-steel.jpg,3000K,CRI>90,DALI | 1-10V | Phase Dim,IP67,IK10,,"Middle segment · no end caps, 2 cables · opal cover · straight · 1005mm long · 24V DC, driver separate · FL56 (56 LEDs/m) 2.4W/m",2.4W,169lm,70lm/W,Diffused,Datasheet=images/inground-radius/datasheets/IngroundR_M_EOP_H100_R0000_L1005_FL56Nx_G5_02W_T930_ORT1x.pdf;Specification=images/inground-radius/datasheets/inground-radius-specification.pdf;Brochure=files/holectron/holectron-inground-radius-brochure-2025.pdf
Inground Radius,,,,,,,,,,,,,,,,,,,,Inground Radius L1005 24V 2.4W/m,IngroundR M EOP H100 R0000 L1005 / FL56/Nx G5 02W T940 / OR.T1x,Stainless Steel,images/inground-radius/inground-radius-l1005-stainless-steel.jpg,4000K,CRI>90,DALI | 1-10V | Phase Dim,IP67,IK10,,"Middle segment · no end caps, 2 cables · opal cover · straight · 1005mm long · 24V DC, driver separate · FL56 (56 LEDs/m) 2.4W/m",2.4W,176lm,73lm/W,Diffused,Datasheet=images/inground-radius/datasheets/IngroundR_M_EOP_H100_R0000_L1005_FL56Nx_G5_02W_T940_ORT1x.pdf;Specification=images/inground-radius/datasheets/inground-radius-specification.pdf;Brochure=files/holectron/holectron-inground-radius-brochure-2025.pdf
Inground Radius,,,,,,,,,,,,,,,,,,,,Inground Radius L1005 24V 4.8W/m,IngroundR M EOP H100 R0000 L1005 / FL56/Nx G5 04W 922 / OR.T1x,Stainless Steel,images/inground-radius/inground-radius-l1005-stainless-steel.jpg,2200K,CRI>90,DALI | 1-10V | Phase Dim,IP67,IK10,,"Middle segment · no end caps, 2 cables · opal cover · straight · 1005mm long · 24V DC, driver separate · FL56 (56 LEDs/m) 4.8W/m",4.8W,209lm,44lm/W,Diffused,Datasheet=images/inground-radius/datasheets/IngroundR_M_EOP_H100_R0000_L1005_FL56Nx_G5_04W_922_ORT1x.pdf;Specification=images/inground-radius/datasheets/inground-radius-specification.pdf;Brochure=files/holectron/holectron-inground-radius-brochure-2025.pdf
Inground Radius,,,,,,,,,,,,,,,,,,,,Inground Radius L1005 24V 4.8W/m,IngroundR M EOP H100 R0000 L1005 / FL56/Nx G5 04W T927 / OR.T1x,Stainless Steel,images/inground-radius/inground-radius-l1005-stainless-steel.jpg,2700K,CRI>90,DALI | 1-10V | Phase Dim,IP67,IK10,,"Middle segment · no end caps, 2 cables · opal cover · straight · 1005mm long · 24V DC, driver separate · FL56 (56 LEDs/m) 4.8W/m",4.8W,320lm,67lm/W,Diffused,Datasheet=images/inground-radius/datasheets/IngroundR_M_EOP_H100_R0000_L1005_FL56Nx_G5_04W_T927_ORT1x.pdf;Specification=images/inground-radius/datasheets/inground-radius-specification.pdf;Brochure=files/holectron/holectron-inground-radius-brochure-2025.pdf
Inground Radius,,,,,,,,,,,,,,,,,,,,Inground Radius L1005 24V 4.8W/m,IngroundR M EOP H100 R0000 L1005 / FL56/Nx G5 04W T930 / OR.T1x,Stainless Steel,images/inground-radius/inground-radius-l1005-stainless-steel.jpg,3000K,CRI>90,DALI | 1-10V | Phase Dim,IP67,IK10,,"Middle segment · no end caps, 2 cables · opal cover · straight · 1005mm long · 24V DC, driver separate · FL56 (56 LEDs/m) 4.8W/m",4.8W,336lm,70lm/W,Diffused,Datasheet=images/inground-radius/datasheets/IngroundR_M_EOP_H100_R0000_L1005_FL56Nx_G5_04W_T930_ORT1x.pdf;Specification=images/inground-radius/datasheets/inground-radius-specification.pdf;Brochure=files/holectron/holectron-inground-radius-brochure-2025.pdf
Inground Radius,,,,,,,,,,,,,,,,,,,,Inground Radius L1005 24V 4.8W/m,IngroundR M EOP H100 R0000 L1005 / FL56/Nx G5 04W T940 / OR.T1x,Stainless Steel,images/inground-radius/inground-radius-l1005-stainless-steel.jpg,4000K,CRI>90,DALI | 1-10V | Phase Dim,IP67,IK10,,"Middle segment · no end caps, 2 cables · opal cover · straight · 1005mm long · 24V DC, driver separate · FL56 (56 LEDs/m) 4.8W/m",4.8W,349lm,73lm/W,Diffused,Datasheet=images/inground-radius/datasheets/IngroundR_M_EOP_H100_R0000_L1005_FL56Nx_G5_04W_T940_ORT1x.pdf;Specification=images/inground-radius/datasheets/inground-radius-specification.pdf;Brochure=files/holectron/holectron-inground-radius-brochure-2025.pdf
Inground Radius,,,,,,,,,,,,,,,,,,,,Inground Radius L1005 24V 9.6W/m,IngroundR M EOP H100 R0000 L1005 / FL56/Nx G5 09W 922 / OR.T1x,Stainless Steel,images/inground-radius/inground-radius-l1005-stainless-steel.jpg,2200K,CRI>90,DALI | 1-10V | Phase Dim,IP67,IK10,,"Middle segment · no end caps, 2 cables · opal cover · straight · 1005mm long · 24V DC, driver separate · FL56 (56 LEDs/m) 9.6W/m",9.6W,407lm,42lm/W,Diffused,Datasheet=images/inground-radius/datasheets/IngroundR_M_EOP_H100_R0000_L1005_FL56Nx_G5_09W_922_ORT1x.pdf;Specification=images/inground-radius/datasheets/inground-radius-specification.pdf;Brochure=files/holectron/holectron-inground-radius-brochure-2025.pdf
Inground Radius,,,,,,,,,,,,,,,,,,,,Inground Radius L1005 24V 9.6W/m,IngroundR M EOP H100 R0000 L1005 / FL56/Nx G5 09W T927 / OR.T1x,Stainless Steel,images/inground-radius/inground-radius-l1005-stainless-steel.jpg,2700K,CRI>90,DALI | 1-10V | Phase Dim,IP67,IK10,,"Middle segment · no end caps, 2 cables · opal cover · straight · 1005mm long · 24V DC, driver separate · FL56 (56 LEDs/m) 9.6W/m",9.6W,627lm,65lm/W,Diffused,Datasheet=images/inground-radius/datasheets/IngroundR_M_EOP_H100_R0000_L1005_FL56Nx_G5_09W_T927_ORT1x.pdf;Specification=images/inground-radius/datasheets/inground-radius-specification.pdf;Brochure=files/holectron/holectron-inground-radius-brochure-2025.pdf
Inground Radius,,,,,,,,,,,,,,,,,,,,Inground Radius L1005 24V 9.6W/m,IngroundR M EOP H100 R0000 L1005 / FL56/Nx G5 09W T930 / OR.T1x,Stainless Steel,images/inground-radius/inground-radius-l1005-stainless-steel.jpg,3000K,CRI>90,DALI | 1-10V | Phase Dim,IP67,IK10,,"Middle segment · no end caps, 2 cables · opal cover · straight · 1005mm long · 24V DC, driver separate · FL56 (56 LEDs/m) 9.6W/m",9.6W,660lm,69lm/W,Diffused,Datasheet=images/inground-radius/datasheets/IngroundR_M_EOP_H100_R0000_L1005_FL56Nx_G5_09W_T930_ORT1x.pdf;Specification=images/inground-radius/datasheets/inground-radius-specification.pdf;Brochure=files/holectron/holectron-inground-radius-brochure-2025.pdf
Inground Radius,,,,,,,,,,,,,,,,,,,,Inground Radius L1005 24V 9.6W/m,IngroundR M EOP H100 R0000 L1005 / FL56/Nx G5 09W T940 / OR.T1x,Stainless Steel,images/inground-radius/inground-radius-l1005-stainless-steel.jpg,4000K,CRI>90,DALI | 1-10V | Phase Dim,IP67,IK10,,"Middle segment · no end caps, 2 cables · opal cover · straight · 1005mm long · 24V DC, driver separate · FL56 (56 LEDs/m) 9.6W/m",9.6W,686lm,71lm/W,Diffused,Datasheet=images/inground-radius/datasheets/IngroundR_M_EOP_H100_R0000_L1005_FL56Nx_G5_09W_T940_ORT1x.pdf;Specification=images/inground-radius/datasheets/inground-radius-specification.pdf;Brochure=files/holectron/holectron-inground-radius-brochure-2025.pdf
Inground Radius,,,,,,,,,,,,,,,,,,,,Inground Radius L1005 48V 4.8W/m,IngroundR M EOP H100 R0000 L1005 / FL112/Nx.48V G5 04W 922 / OR.T1x,Stainless Steel,images/inground-radius/inground-radius-l1005-stainless-steel.jpg,2200K,CRI>90,DALI | 1-10V | Phase Dim,IP67,IK10,,"Middle segment · no end caps, 2 cables · opal cover · straight · 1005mm long · 48V DC, driver separate · FL112 (112 LEDs/m) 4.8W/m",4.8W,214lm,45lm/W,Diffused,Datasheet=images/inground-radius/datasheets/IngroundR_M_EOP_H100_R0000_L1005_FL112Nx48V_G5_04W_922_ORT1x.pdf;Specification=images/inground-radius/datasheets/inground-radius-specification.pdf;Brochure=files/holectron/holectron-inground-radius-brochure-2025.pdf
Inground Radius,,,,,,,,,,,,,,,,,,,,Inground Radius L1005 48V 4.8W/m,IngroundR M EOP H100 R0000 L1005 / FL112/Nx.48V G5 04W T927 / OR.T1x,Stainless Steel,images/inground-radius/inground-radius-l1005-stainless-steel.jpg,2700K,CRI>90,DALI | 1-10V | Phase Dim,IP67,IK10,,"Middle segment · no end caps, 2 cables · opal cover · straight · 1005mm long · 48V DC, driver separate · FL112 (112 LEDs/m) 4.8W/m",4.8W,322lm,67lm/W,Diffused,Datasheet=images/inground-radius/datasheets/IngroundR_M_EOP_H100_R0000_L1005_FL112Nx48V_G5_04W_T927_ORT1x.pdf;Specification=images/inground-radius/datasheets/inground-radius-specification.pdf;Brochure=files/holectron/holectron-inground-radius-brochure-2025.pdf
Inground Radius,,,,,,,,,,,,,,,,,,,,Inground Radius L1005 48V 4.8W/m,IngroundR M EOP H100 R0000 L1005 / FL112/Nx.48V G5 04W T930 / OR.T1x,Stainless Steel,images/inground-radius/inground-radius-l1005-stainless-steel.jpg,3000K,CRI>90,DALI | 1-10V | Phase Dim,IP67,IK10,,"Middle segment · no end caps, 2 cables · opal cover · straight · 1005mm long · 48V DC, driver separate · FL112 (112 LEDs/m) 4.8W/m",4.8W,339lm,71lm/W,Diffused,Datasheet=images/inground-radius/datasheets/IngroundR_M_EOP_H100_R0000_L1005_FL112Nx48V_G5_04W_T930_ORT1x.pdf;Specification=images/inground-radius/datasheets/inground-radius-specification.pdf;Brochure=files/holectron/holectron-inground-radius-brochure-2025.pdf
Inground Radius,,,,,,,,,,,,,,,,,,,,Inground Radius L1005 48V 4.8W/m,IngroundR M EOP H100 R0000 L1005 / FL112/Nx.48V G5 04W T940 / OR.T1x,Stainless Steel,images/inground-radius/inground-radius-l1005-stainless-steel.jpg,4000K,CRI>90,DALI | 1-10V | Phase Dim,IP67,IK10,,"Middle segment · no end caps, 2 cables · opal cover · straight · 1005mm long · 48V DC, driver separate · FL112 (112 LEDs/m) 4.8W/m",4.8W,352lm,73lm/W,Diffused,Datasheet=images/inground-radius/datasheets/IngroundR_M_EOP_H100_R0000_L1005_FL112Nx48V_G5_04W_T940_ORT1x.pdf;Specification=images/inground-radius/datasheets/inground-radius-specification.pdf;Brochure=files/holectron/holectron-inground-radius-brochure-2025.pdf
Inground Radius,,,,,,,,,,,,,,,,,,,,Inground Radius L1005 48V 9.6W/m,IngroundR M EOP H100 R0000 L1005 / FL112/Nx.48V G5 09W 922 / OR.T1x,Stainless Steel,images/inground-radius/inground-radius-l1005-stainless-steel.jpg,2200K,CRI>90,DALI | 1-10V | Phase Dim,IP67,IK10,,"Middle segment · no end caps, 2 cables · opal cover · straight · 1005mm long · 48V DC, driver separate · FL112 (112 LEDs/m) 9.6W/m",9.6W,418lm,44lm/W,Diffused,Datasheet=images/inground-radius/datasheets/IngroundR_M_EOP_H100_R0000_L1005_FL112Nx48V_G5_09W_922_ORT1x.pdf;Specification=images/inground-radius/datasheets/inground-radius-specification.pdf;Brochure=files/holectron/holectron-inground-radius-brochure-2025.pdf
Inground Radius,,,,,,,,,,,,,,,,,,,,Inground Radius L1005 48V 9.6W/m,IngroundR M EOP H100 R0000 L1005 / FL112/Nx.48V G5 09W T927 / OR.T1x,Stainless Steel,images/inground-radius/inground-radius-l1005-stainless-steel.jpg,2700K,CRI>90,DALI | 1-10V | Phase Dim,IP67,IK10,,"Middle segment · no end caps, 2 cables · opal cover · straight · 1005mm long · 48V DC, driver separate · FL112 (112 LEDs/m) 9.6W/m",9.6W,639lm,67lm/W,Diffused,Datasheet=images/inground-radius/datasheets/IngroundR_M_EOP_H100_R0000_L1005_FL112Nx48V_G5_09W_T927_ORT1x.pdf;Specification=images/inground-radius/datasheets/inground-radius-specification.pdf;Brochure=files/holectron/holectron-inground-radius-brochure-2025.pdf
Inground Radius,,,,,,,,,,,,,,,,,,,,Inground Radius L1005 48V 9.6W/m,IngroundR M EOP H100 R0000 L1005 / FL112/Nx.48V G5 09W T930 / OR.T1x,Stainless Steel,images/inground-radius/inground-radius-l1005-stainless-steel.jpg,3000K,CRI>90,DALI | 1-10V | Phase Dim,IP67,IK10,,"Middle segment · no end caps, 2 cables · opal cover · straight · 1005mm long · 48V DC, driver separate · FL112 (112 LEDs/m) 9.6W/m",9.6W,672lm,70lm/W,Diffused,Datasheet=images/inground-radius/datasheets/IngroundR_M_EOP_H100_R0000_L1005_FL112Nx48V_G5_09W_T930_ORT1x.pdf;Specification=images/inground-radius/datasheets/inground-radius-specification.pdf;Brochure=files/holectron/holectron-inground-radius-brochure-2025.pdf
Inground Radius,,,,,,,,,,,,,,,,,,,,Inground Radius L1005 48V 9.6W/m,IngroundR M EOP H100 R0000 L1005 / FL112/Nx.48V G5 09W T940 / OR.T1x,Stainless Steel,images/inground-radius/inground-radius-l1005-stainless-steel.jpg,4000K,CRI>90,DALI | 1-10V | Phase Dim,IP67,IK10,,"Middle segment · no end caps, 2 cables · opal cover · straight · 1005mm long · 48V DC, driver separate · FL112 (112 LEDs/m) 9.6W/m",9.6W,698lm,73lm/W,Diffused,Datasheet=images/inground-radius/datasheets/IngroundR_M_EOP_H100_R0000_L1005_FL112Nx48V_G5_09W_T940_ORT1x.pdf;Specification=images/inground-radius/datasheets/inground-radius-specification.pdf;Brochure=files/holectron/holectron-inground-radius-brochure-2025.pdf
Inground Radius,,,,,,,,,,,,,,,,,,,,Inground Radius R272 24V 2.4W/m,IngroundR M EOP H100 R0272 L0404 / FL56/Nx G5 02W 922 / OR.T1x,Stainless Steel,images/inground-radius/inground-radius-r272-stainless-steel.jpg,2200K,CRI>90,DALI | 1-10V | Phase Dim,IP67,IK10,,"Middle segment · no end caps, 2 cables · opal cover · curve R272mm, 90° · 404mm long · 24V DC, driver separate · FL56 (56 LEDs/m) 2.4W/m",0.9W,40lm,44lm/W,Diffused,Datasheet=images/inground-radius/datasheets/IngroundR_M_EOP_H100_R0272_L0404_FL56Nx_G5_02W_922_ORT1x.pdf;Specification=images/inground-radius/datasheets/inground-radius-specification.pdf;Brochure=files/holectron/holectron-inground-radius-brochure-2025.pdf
Inground Radius,,,,,,,,,,,,,,,,,,,,Inground Radius R272 24V 2.4W/m,IngroundR M EOP H100 R0272 L0404 / FL56/Nx G5 02W T927 / OR.T1x,Stainless Steel,images/inground-radius/inground-radius-r272-stainless-steel.jpg,2700K,CRI>90,DALI | 1-10V | Phase Dim,IP67,IK10,,"Middle segment · no end caps, 2 cables · opal cover · curve R272mm, 90° · 404mm long · 24V DC, driver separate · FL56 (56 LEDs/m) 2.4W/m",0.9W,60lm,67lm/W,Diffused,Datasheet=images/inground-radius/datasheets/IngroundR_M_EOP_H100_R0272_L0404_FL56Nx_G5_02W_T927_ORT1x.pdf;Specification=images/inground-radius/datasheets/inground-radius-specification.pdf;Brochure=files/holectron/holectron-inground-radius-brochure-2025.pdf
Inground Radius,,,,,,,,,,,,,,,,,,,,Inground Radius R272 24V 2.4W/m,IngroundR M EOP H100 R0272 L0404 / FL56/Nx G5 02W T930 / OR.T1x,Stainless Steel,images/inground-radius/inground-radius-r272-stainless-steel.jpg,3000K,CRI>90,DALI | 1-10V | Phase Dim,IP67,IK10,,"Middle segment · no end caps, 2 cables · opal cover · curve R272mm, 90° · 404mm long · 24V DC, driver separate · FL56 (56 LEDs/m) 2.4W/m",0.9W,63lm,70lm/W,Diffused,Datasheet=images/inground-radius/datasheets/IngroundR_M_EOP_H100_R0272_L0404_FL56Nx_G5_02W_T930_ORT1x.pdf;Specification=images/inground-radius/datasheets/inground-radius-specification.pdf;Brochure=files/holectron/holectron-inground-radius-brochure-2025.pdf
Inground Radius,,,,,,,,,,,,,,,,,,,,Inground Radius R272 24V 2.4W/m,IngroundR M EOP H100 R0272 L0404 / FL56/Nx G5 02W T940 / OR.T1x,Stainless Steel,images/inground-radius/inground-radius-r272-stainless-steel.jpg,4000K,CRI>90,DALI | 1-10V | Phase Dim,IP67,IK10,,"Middle segment · no end caps, 2 cables · opal cover · curve R272mm, 90° · 404mm long · 24V DC, driver separate · FL56 (56 LEDs/m) 2.4W/m",0.9W,66lm,73lm/W,Diffused,Datasheet=images/inground-radius/datasheets/IngroundR_M_EOP_H100_R0272_L0404_FL56Nx_G5_02W_T940_ORT1x.pdf;Specification=images/inground-radius/datasheets/inground-radius-specification.pdf;Brochure=files/holectron/holectron-inground-radius-brochure-2025.pdf
Inground Radius,,,,,,,,,,,,,,,,,,,,Inground Radius R272 24V 4.8W/m,IngroundR M EOP H100 R0272 L0404 / FL56/Nx G5 04W 922 / OR.T1x,Stainless Steel,images/inground-radius/inground-radius-r272-stainless-steel.jpg,2200K,CRI>90,DALI | 1-10V | Phase Dim,IP67,IK10,,"Middle segment · no end caps, 2 cables · opal cover · curve R272mm, 90° · 404mm long · 24V DC, driver separate · FL56 (56 LEDs/m) 4.8W/m",1.8W,78lm,43lm/W,Diffused,Datasheet=images/inground-radius/datasheets/IngroundR_M_EOP_H100_R0272_L0404_FL56Nx_G5_04W_922_ORT1x.pdf;Specification=images/inground-radius/datasheets/inground-radius-specification.pdf;Brochure=files/holectron/holectron-inground-radius-brochure-2025.pdf
Inground Radius,,,,,,,,,,,,,,,,,,,,Inground Radius R272 24V 4.8W/m,IngroundR M EOP H100 R0272 L0404 / FL56/Nx G5 04W T927 / OR.T1x,Stainless Steel,images/inground-radius/inground-radius-r272-stainless-steel.jpg,2700K,CRI>90,DALI | 1-10V | Phase Dim,IP67,IK10,,"Middle segment · no end caps, 2 cables · opal cover · curve R272mm, 90° · 404mm long · 24V DC, driver separate · FL56 (56 LEDs/m) 4.8W/m",1.8W,120lm,67lm/W,Diffused,Datasheet=images/inground-radius/datasheets/IngroundR_M_EOP_H100_R0272_L0404_FL56Nx_G5_04W_T927_ORT1x.pdf;Specification=images/inground-radius/datasheets/inground-radius-specification.pdf;Brochure=files/holectron/holectron-inground-radius-brochure-2025.pdf
Inground Radius,,,,,,,,,,,,,,,,,,,,Inground Radius R272 24V 4.8W/m,IngroundR M EOP H100 R0272 L0404 / FL56/Nx G5 04W T930 / OR.T1x,Stainless Steel,images/inground-radius/inground-radius-r272-stainless-steel.jpg,3000K,CRI>90,DALI | 1-10V | Phase Dim,IP67,IK10,,"Middle segment · no end caps, 2 cables · opal cover · curve R272mm, 90° · 404mm long · 24V DC, driver separate · FL56 (56 LEDs/m) 4.8W/m",1.8W,126lm,70lm/W,Diffused,Datasheet=images/inground-radius/datasheets/IngroundR_M_EOP_H100_R0272_L0404_FL56Nx_G5_04W_T930_ORT1x.pdf;Specification=images/inground-radius/datasheets/inground-radius-specification.pdf;Brochure=files/holectron/holectron-inground-radius-brochure-2025.pdf
Inground Radius,,,,,,,,,,,,,,,,,,,,Inground Radius R272 24V 4.8W/m,IngroundR M EOP H100 R0272 L0404 / FL56/Nx G5 04W T940 / OR.T1x,Stainless Steel,images/inground-radius/inground-radius-r272-stainless-steel.jpg,4000K,CRI>90,DALI | 1-10V | Phase Dim,IP67,IK10,,"Middle segment · no end caps, 2 cables · opal cover · curve R272mm, 90° · 404mm long · 24V DC, driver separate · FL56 (56 LEDs/m) 4.8W/m",1.8W,131lm,73lm/W,Diffused,Datasheet=images/inground-radius/datasheets/IngroundR_M_EOP_H100_R0272_L0404_FL56Nx_G5_04W_T940_ORT1x.pdf;Specification=images/inground-radius/datasheets/inground-radius-specification.pdf;Brochure=files/holectron/holectron-inground-radius-brochure-2025.pdf
Inground Radius,,,,,,,,,,,,,,,,,,,,Inground Radius R272 24V 9.6W/m,IngroundR M EOP H100 R0272 L0404 / FL56/Nx G5 09W 922 / OR.T1x,Stainless Steel,images/inground-radius/inground-radius-r272-stainless-steel.jpg,2200K,CRI>90,DALI | 1-10V | Phase Dim,IP67,IK10,,"Middle segment · no end caps, 2 cables · opal cover · curve R272mm, 90° · 404mm long · 24V DC, driver separate · FL56 (56 LEDs/m) 9.6W/m",3.6W,153lm,43lm/W,Diffused,Datasheet=images/inground-radius/datasheets/IngroundR_M_EOP_H100_R0272_L0404_FL56Nx_G5_09W_922_ORT1x.pdf;Specification=images/inground-radius/datasheets/inground-radius-specification.pdf;Brochure=files/holectron/holectron-inground-radius-brochure-2025.pdf
Inground Radius,,,,,,,,,,,,,,,,,,,,Inground Radius R272 24V 9.6W/m,IngroundR M EOP H100 R0272 L0404 / FL56/Nx G5 09W T927 / OR.T1x,Stainless Steel,images/inground-radius/inground-radius-r272-stainless-steel.jpg,2700K,CRI>90,DALI | 1-10V | Phase Dim,IP67,IK10,,"Middle segment · no end caps, 2 cables · opal cover · curve R272mm, 90° · 404mm long · 24V DC, driver separate · FL56 (56 LEDs/m) 9.6W/m",3.6W,235lm,65lm/W,Diffused,Datasheet=images/inground-radius/datasheets/IngroundR_M_EOP_H100_R0272_L0404_FL56Nx_G5_09W_T927_ORT1x.pdf;Specification=images/inground-radius/datasheets/inground-radius-specification.pdf;Brochure=files/holectron/holectron-inground-radius-brochure-2025.pdf
Inground Radius,,,,,,,,,,,,,,,,,,,,Inground Radius R272 24V 9.6W/m,IngroundR M EOP H100 R0272 L0404 / FL56/Nx G5 09W T930 / OR.T1x,Stainless Steel,images/inground-radius/inground-radius-r272-stainless-steel.jpg,3000K,CRI>90,DALI | 1-10V | Phase Dim,IP67,IK10,,"Middle segment · no end caps, 2 cables · opal cover · curve R272mm, 90° · 404mm long · 24V DC, driver separate · FL56 (56 LEDs/m) 9.6W/m",3.6W,247lm,69lm/W,Diffused,Datasheet=images/inground-radius/datasheets/IngroundR_M_EOP_H100_R0272_L0404_FL56Nx_G5_09W_T930_ORT1x.pdf;Specification=images/inground-radius/datasheets/inground-radius-specification.pdf;Brochure=files/holectron/holectron-inground-radius-brochure-2025.pdf
Inground Radius,,,,,,,,,,,,,,,,,,,,Inground Radius R272 24V 9.6W/m,IngroundR M EOP H100 R0272 L0404 / FL56/Nx G5 09W T940 / OR.T1x,Stainless Steel,images/inground-radius/inground-radius-r272-stainless-steel.jpg,4000K,CRI>90,DALI | 1-10V | Phase Dim,IP67,IK10,,"Middle segment · no end caps, 2 cables · opal cover · curve R272mm, 90° · 404mm long · 24V DC, driver separate · FL56 (56 LEDs/m) 9.6W/m",3.6W,257lm,71lm/W,Diffused,Datasheet=images/inground-radius/datasheets/IngroundR_M_EOP_H100_R0272_L0404_FL56Nx_G5_09W_T940_ORT1x.pdf;Specification=images/inground-radius/datasheets/inground-radius-specification.pdf;Brochure=files/holectron/holectron-inground-radius-brochure-2025.pdf
Inground Radius,,,,,,,,,,,,,,,,,,,,Inground Radius R272 48V 4.8W/m,IngroundR M EOP H100 R0272 L0404 / FL112/Nx.48V G5 04W 922 / OR.T1x,Stainless Steel,images/inground-radius/inground-radius-r272-stainless-steel.jpg,2200K,CRI>90,DALI | 1-10V | Phase Dim,IP67,IK10,,"Middle segment · no end caps, 2 cables · opal cover · curve R272mm, 90° · 404mm long · 48V DC, driver separate · FL112 (112 LEDs/m) 4.8W/m",1.8W,80lm,44lm/W,Diffused,Datasheet=images/inground-radius/datasheets/IngroundR_M_EOP_H100_R0272_L0404_FL112Nx48V_G5_04W_922_ORT1x.pdf;Specification=images/inground-radius/datasheets/inground-radius-specification.pdf;Brochure=files/holectron/holectron-inground-radius-brochure-2025.pdf
Inground Radius,,,,,,,,,,,,,,,,,,,,Inground Radius R272 48V 4.8W/m,IngroundR M EOP H100 R0272 L0404 / FL112/Nx.48V G5 04W T927 / OR.T1x,Stainless Steel,images/inground-radius/inground-radius-r272-stainless-steel.jpg,2700K,CRI>90,DALI | 1-10V | Phase Dim,IP67,IK10,,"Middle segment · no end caps, 2 cables · opal cover · curve R272mm, 90° · 404mm long · 48V DC, driver separate · FL112 (112 LEDs/m) 4.8W/m",1.8W,121lm,67lm/W,Diffused,Datasheet=images/inground-radius/datasheets/IngroundR_M_EOP_H100_R0272_L0404_FL112Nx48V_G5_04W_T927_ORT1x.pdf;Specification=images/inground-radius/datasheets/inground-radius-specification.pdf;Brochure=files/holectron/holectron-inground-radius-brochure-2025.pdf
Inground Radius,,,,,,,,,,,,,,,,,,,,Inground Radius R272 48V 4.8W/m,IngroundR M EOP H100 R0272 L0404 / FL112/Nx.48V G5 04W T930 / OR.T1x,Stainless Steel,images/inground-radius/inground-radius-r272-stainless-steel.jpg,3000K,CRI>90,DALI | 1-10V | Phase Dim,IP67,IK10,,"Middle segment · no end caps, 2 cables · opal cover · curve R272mm, 90° · 404mm long · 48V DC, driver separate · FL112 (112 LEDs/m) 4.8W/m",1.8W,127lm,71lm/W,Diffused,Datasheet=images/inground-radius/datasheets/IngroundR_M_EOP_H100_R0272_L0404_FL112Nx48V_G5_04W_T930_ORT1x.pdf;Specification=images/inground-radius/datasheets/inground-radius-specification.pdf;Brochure=files/holectron/holectron-inground-radius-brochure-2025.pdf
Inground Radius,,,,,,,,,,,,,,,,,,,,Inground Radius R272 48V 4.8W/m,IngroundR M EOP H100 R0272 L0404 / FL112/Nx.48V G5 04W T940 / OR.T1x,Stainless Steel,images/inground-radius/inground-radius-r272-stainless-steel.jpg,4000K,CRI>90,DALI | 1-10V | Phase Dim,IP67,IK10,,"Middle segment · no end caps, 2 cables · opal cover · curve R272mm, 90° · 404mm long · 48V DC, driver separate · FL112 (112 LEDs/m) 4.8W/m",1.8W,132lm,73lm/W,Diffused,Datasheet=images/inground-radius/datasheets/IngroundR_M_EOP_H100_R0272_L0404_FL112Nx48V_G5_04W_T940_ORT1x.pdf;Specification=images/inground-radius/datasheets/inground-radius-specification.pdf;Brochure=files/holectron/holectron-inground-radius-brochure-2025.pdf
Inground Radius,,,,,,,,,,,,,,,,,,,,Inground Radius R272 48V 9.6W/m,IngroundR M EOP H100 R0272 L0404 / FL112/Nx.48V G5 09W 922 / OR.T1x,Stainless Steel,images/inground-radius/inground-radius-r272-stainless-steel.jpg,2200K,CRI>90,DALI | 1-10V | Phase Dim,IP67,IK10,,"Middle segment · no end caps, 2 cables · opal cover · curve R272mm, 90° · 404mm long · 48V DC, driver separate · FL112 (112 LEDs/m) 9.6W/m",3.6W,157lm,44lm/W,Diffused,Datasheet=images/inground-radius/datasheets/IngroundR_M_EOP_H100_R0272_L0404_FL112Nx48V_G5_09W_922_ORT1x.pdf;Specification=images/inground-radius/datasheets/inground-radius-specification.pdf;Brochure=files/holectron/holectron-inground-radius-brochure-2025.pdf
Inground Radius,,,,,,,,,,,,,,,,,,,,Inground Radius R272 48V 9.6W/m,IngroundR M EOP H100 R0272 L0404 / FL112/Nx.48V G5 09W T927 / OR.T1x,Stainless Steel,images/inground-radius/inground-radius-r272-stainless-steel.jpg,2700K,CRI>90,DALI | 1-10V | Phase Dim,IP67,IK10,,"Middle segment · no end caps, 2 cables · opal cover · curve R272mm, 90° · 404mm long · 48V DC, driver separate · FL112 (112 LEDs/m) 9.6W/m",3.6W,240lm,67lm/W,Diffused,Datasheet=images/inground-radius/datasheets/IngroundR_M_EOP_H100_R0272_L0404_FL112Nx48V_G5_09W_T927_ORT1x.pdf;Specification=images/inground-radius/datasheets/inground-radius-specification.pdf;Brochure=files/holectron/holectron-inground-radius-brochure-2025.pdf
Inground Radius,,,,,,,,,,,,,,,,,,,,Inground Radius R272 48V 9.6W/m,IngroundR M EOP H100 R0272 L0404 / FL112/Nx.48V G5 09W T930 / OR.T1x,Stainless Steel,images/inground-radius/inground-radius-r272-stainless-steel.jpg,3000K,CRI>90,DALI | 1-10V | Phase Dim,IP67,IK10,,"Middle segment · no end caps, 2 cables · opal cover · curve R272mm, 90° · 404mm long · 48V DC, driver separate · FL112 (112 LEDs/m) 9.6W/m",3.6W,252lm,70lm/W,Diffused,Datasheet=images/inground-radius/datasheets/IngroundR_M_EOP_H100_R0272_L0404_FL112Nx48V_G5_09W_T930_ORT1x.pdf;Specification=images/inground-radius/datasheets/inground-radius-specification.pdf;Brochure=files/holectron/holectron-inground-radius-brochure-2025.pdf
Inground Radius,,,,,,,,,,,,,,,,,,,,Inground Radius R272 48V 9.6W/m,IngroundR M EOP H100 R0272 L0404 / FL112/Nx.48V G5 09W T940 / OR.T1x,Stainless Steel,images/inground-radius/inground-radius-r272-stainless-steel.jpg,4000K,CRI>90,DALI | 1-10V | Phase Dim,IP67,IK10,,"Middle segment · no end caps, 2 cables · opal cover · curve R272mm, 90° · 404mm long · 48V DC, driver separate · FL112 (112 LEDs/m) 9.6W/m",3.6W,262lm,73lm/W,Diffused,Datasheet=images/inground-radius/datasheets/IngroundR_M_EOP_H100_R0272_L0404_FL112Nx48V_G5_09W_T940_ORT1x.pdf;Specification=images/inground-radius/datasheets/inground-radius-specification.pdf;Brochure=files/holectron/holectron-inground-radius-brochure-2025.pdf
Inground Radius,,,,,,,,,,,,,,,,,,,,Inground Radius R515 24V 2.4W/m,IngroundR M EOP H100 R0515 L0393 / FL56/Nx G5 02W 922 / OR.T1x,Stainless Steel,images/inground-radius/inground-radius-r515-stainless-steel.jpg,2200K,CRI>90,DALI | 1-10V | Phase Dim,IP67,IK10,,"Middle segment · no end caps, 2 cables · opal cover · curve R515mm, 45° · 393mm long · 24V DC, driver separate · FL56 (56 LEDs/m) 2.4W/m",0.9W,40lm,44lm/W,Diffused,Datasheet=images/inground-radius/datasheets/IngroundR_M_EOP_H100_R0515_L0393_FL56Nx_G5_02W_922_ORT1x.pdf;Specification=images/inground-radius/datasheets/inground-radius-specification.pdf;Brochure=files/holectron/holectron-inground-radius-brochure-2025.pdf
Inground Radius,,,,,,,,,,,,,,,,,,,,Inground Radius R515 24V 2.4W/m,IngroundR M EOP H100 R0515 L0393 / FL56/Nx G5 02W T927 / OR.T1x,Stainless Steel,images/inground-radius/inground-radius-r515-stainless-steel.jpg,2700K,CRI>90,DALI | 1-10V | Phase Dim,IP67,IK10,,"Middle segment · no end caps, 2 cables · opal cover · curve R515mm, 45° · 393mm long · 24V DC, driver separate · FL56 (56 LEDs/m) 2.4W/m",0.9W,60lm,67lm/W,Diffused,Datasheet=images/inground-radius/datasheets/IngroundR_M_EOP_H100_R0515_L0393_FL56Nx_G5_02W_T927_ORT1x.pdf;Specification=images/inground-radius/datasheets/inground-radius-specification.pdf;Brochure=files/holectron/holectron-inground-radius-brochure-2025.pdf
Inground Radius,,,,,,,,,,,,,,,,,,,,Inground Radius R515 24V 2.4W/m,IngroundR M EOP H100 R0515 L0393 / FL56/Nx G5 02W T930 / OR.T1x,Stainless Steel,images/inground-radius/inground-radius-r515-stainless-steel.jpg,3000K,CRI>90,DALI | 1-10V | Phase Dim,IP67,IK10,,"Middle segment · no end caps, 2 cables · opal cover · curve R515mm, 45° · 393mm long · 24V DC, driver separate · FL56 (56 LEDs/m) 2.4W/m",0.9W,63lm,70lm/W,Diffused,Datasheet=images/inground-radius/datasheets/IngroundR_M_EOP_H100_R0515_L0393_FL56Nx_G5_02W_T930_ORT1x.pdf;Specification=images/inground-radius/datasheets/inground-radius-specification.pdf;Brochure=files/holectron/holectron-inground-radius-brochure-2025.pdf
Inground Radius,,,,,,,,,,,,,,,,,,,,Inground Radius R515 24V 2.4W/m,IngroundR M EOP H100 R0515 L0393 / FL56/Nx G5 02W T940 / OR.T1x,Stainless Steel,images/inground-radius/inground-radius-r515-stainless-steel.jpg,4000K,CRI>90,DALI | 1-10V | Phase Dim,IP67,IK10,,"Middle segment · no end caps, 2 cables · opal cover · curve R515mm, 45° · 393mm long · 24V DC, driver separate · FL56 (56 LEDs/m) 2.4W/m",0.9W,66lm,73lm/W,Diffused,Datasheet=images/inground-radius/datasheets/IngroundR_M_EOP_H100_R0515_L0393_FL56Nx_G5_02W_T940_ORT1x.pdf;Specification=images/inground-radius/datasheets/inground-radius-specification.pdf;Brochure=files/holectron/holectron-inground-radius-brochure-2025.pdf
Inground Radius,,,,,,,,,,,,,,,,,,,,Inground Radius R515 24V 4.8W/m,IngroundR M EOP H100 R0515 L0393 / FL56/Nx G5 04W 922 / OR.T1x,Stainless Steel,images/inground-radius/inground-radius-r515-stainless-steel.jpg,2200K,CRI>90,DALI | 1-10V | Phase Dim,IP67,IK10,,"Middle segment · no end caps, 2 cables · opal cover · curve R515mm, 45° · 393mm long · 24V DC, driver separate · FL56 (56 LEDs/m) 4.8W/m",1.8W,78lm,43lm/W,Diffused,Datasheet=images/inground-radius/datasheets/IngroundR_M_EOP_H100_R0515_L0393_FL56Nx_G5_04W_922_ORT1x.pdf;Specification=images/inground-radius/datasheets/inground-radius-specification.pdf;Brochure=files/holectron/holectron-inground-radius-brochure-2025.pdf
Inground Radius,,,,,,,,,,,,,,,,,,,,Inground Radius R515 24V 4.8W/m,IngroundR M EOP H100 R0515 L0393 / FL56/Nx G5 04W T927 / OR.T1x,Stainless Steel,images/inground-radius/inground-radius-r515-stainless-steel.jpg,2700K,CRI>90,DALI | 1-10V | Phase Dim,IP67,IK10,,"Middle segment · no end caps, 2 cables · opal cover · curve R515mm, 45° · 393mm long · 24V DC, driver separate · FL56 (56 LEDs/m) 4.8W/m",1.8W,120lm,67lm/W,Diffused,Datasheet=images/inground-radius/datasheets/IngroundR_M_EOP_H100_R0515_L0393_FL56Nx_G5_04W_T927_ORT1x.pdf;Specification=images/inground-radius/datasheets/inground-radius-specification.pdf;Brochure=files/holectron/holectron-inground-radius-brochure-2025.pdf
Inground Radius,,,,,,,,,,,,,,,,,,,,Inground Radius R515 24V 4.8W/m,IngroundR M EOP H100 R0515 L0393 / FL56/Nx G5 04W T930 / OR.T1x,Stainless Steel,images/inground-radius/inground-radius-r515-stainless-steel.jpg,3000K,CRI>90,DALI | 1-10V | Phase Dim,IP67,IK10,,"Middle segment · no end caps, 2 cables · opal cover · curve R515mm, 45° · 393mm long · 24V DC, driver separate · FL56 (56 LEDs/m) 4.8W/m",1.8W,126lm,70lm/W,Diffused,Datasheet=images/inground-radius/datasheets/IngroundR_M_EOP_H100_R0515_L0393_FL56Nx_G5_04W_T930_ORT1x.pdf;Specification=images/inground-radius/datasheets/inground-radius-specification.pdf;Brochure=files/holectron/holectron-inground-radius-brochure-2025.pdf
Inground Radius,,,,,,,,,,,,,,,,,,,,Inground Radius R515 24V 4.8W/m,IngroundR M EOP H100 R0515 L0393 / FL56/Nx G5 04W T940 / OR.T1x,Stainless Steel,images/inground-radius/inground-radius-r515-stainless-steel.jpg,4000K,CRI>90,DALI | 1-10V | Phase Dim,IP67,IK10,,"Middle segment · no end caps, 2 cables · opal cover · curve R515mm, 45° · 393mm long · 24V DC, driver separate · FL56 (56 LEDs/m) 4.8W/m",1.8W,131lm,73lm/W,Diffused,Datasheet=images/inground-radius/datasheets/IngroundR_M_EOP_H100_R0515_L0393_FL56Nx_G5_04W_T940_ORT1x.pdf;Specification=images/inground-radius/datasheets/inground-radius-specification.pdf;Brochure=files/holectron/holectron-inground-radius-brochure-2025.pdf
Inground Radius,,,,,,,,,,,,,,,,,,,,Inground Radius R515 24V 9.6W/m,IngroundR M EOP H100 R0515 L0393 / FL56/Nx G5 09W 922 / OR.T1x,Stainless Steel,images/inground-radius/inground-radius-r515-stainless-steel.jpg,2200K,CRI>90,DALI | 1-10V | Phase Dim,IP67,IK10,,"Middle segment · no end caps, 2 cables · opal cover · curve R515mm, 45° · 393mm long · 24V DC, driver separate · FL56 (56 LEDs/m) 9.6W/m",3.6W,153lm,43lm/W,Diffused,Datasheet=images/inground-radius/datasheets/IngroundR_M_EOP_H100_R0515_L0393_FL56Nx_G5_09W_922_ORT1x.pdf;Specification=images/inground-radius/datasheets/inground-radius-specification.pdf;Brochure=files/holectron/holectron-inground-radius-brochure-2025.pdf
Inground Radius,,,,,,,,,,,,,,,,,,,,Inground Radius R515 24V 9.6W/m,IngroundR M EOP H100 R0515 L0393 / FL56/Nx G5 09W T927 / OR.T1x,Stainless Steel,images/inground-radius/inground-radius-r515-stainless-steel.jpg,2700K,CRI>90,DALI | 1-10V | Phase Dim,IP67,IK10,,"Middle segment · no end caps, 2 cables · opal cover · curve R515mm, 45° · 393mm long · 24V DC, driver separate · FL56 (56 LEDs/m) 9.6W/m",3.6W,235lm,65lm/W,Diffused,Datasheet=images/inground-radius/datasheets/IngroundR_M_EOP_H100_R0515_L0393_FL56Nx_G5_09W_T927_ORT1x.pdf;Specification=images/inground-radius/datasheets/inground-radius-specification.pdf;Brochure=files/holectron/holectron-inground-radius-brochure-2025.pdf
Inground Radius,,,,,,,,,,,,,,,,,,,,Inground Radius R515 24V 9.6W/m,IngroundR M EOP H100 R0515 L0393 / FL56/Nx G5 09W T930 / OR.T1x,Stainless Steel,images/inground-radius/inground-radius-r515-stainless-steel.jpg,3000K,CRI>90,DALI | 1-10V | Phase Dim,IP67,IK10,,"Middle segment · no end caps, 2 cables · opal cover · curve R515mm, 45° · 393mm long · 24V DC, driver separate · FL56 (56 LEDs/m) 9.6W/m",3.6W,247lm,69lm/W,Diffused,Datasheet=images/inground-radius/datasheets/IngroundR_M_EOP_H100_R0515_L0393_FL56Nx_G5_09W_T930_ORT1x.pdf;Specification=images/inground-radius/datasheets/inground-radius-specification.pdf;Brochure=files/holectron/holectron-inground-radius-brochure-2025.pdf
Inground Radius,,,,,,,,,,,,,,,,,,,,Inground Radius R515 24V 9.6W/m,IngroundR M EOP H100 R0515 L0393 / FL56/Nx G5 09W T940 / OR.T1x,Stainless Steel,images/inground-radius/inground-radius-r515-stainless-steel.jpg,4000K,CRI>90,DALI | 1-10V | Phase Dim,IP67,IK10,,"Middle segment · no end caps, 2 cables · opal cover · curve R515mm, 45° · 393mm long · 24V DC, driver separate · FL56 (56 LEDs/m) 9.6W/m",3.6W,257lm,71lm/W,Diffused,Datasheet=images/inground-radius/datasheets/IngroundR_M_EOP_H100_R0515_L0393_FL56Nx_G5_09W_T940_ORT1x.pdf;Specification=images/inground-radius/datasheets/inground-radius-specification.pdf;Brochure=files/holectron/holectron-inground-radius-brochure-2025.pdf
Inground Radius,,,,,,,,,,,,,,,,,,,,Inground Radius R515 48V 4.8W/m,IngroundR M EOP H100 R0515 L0393 / FL112/Nx.48V G5 04W 922 / OR.T1x,Stainless Steel,images/inground-radius/inground-radius-r515-stainless-steel.jpg,2200K,CRI>90,DALI | 1-10V | Phase Dim,IP67,IK10,,"Middle segment · no end caps, 2 cables · opal cover · curve R515mm, 45° · 393mm long · 48V DC, driver separate · FL112 (112 LEDs/m) 4.8W/m",1.8W,80lm,44lm/W,Diffused,Datasheet=images/inground-radius/datasheets/IngroundR_M_EOP_H100_R0515_L0393_FL112Nx48V_G5_04W_922_ORT1x.pdf;Specification=images/inground-radius/datasheets/inground-radius-specification.pdf;Brochure=files/holectron/holectron-inground-radius-brochure-2025.pdf
Inground Radius,,,,,,,,,,,,,,,,,,,,Inground Radius R515 48V 4.8W/m,IngroundR M EOP H100 R0515 L0393 / FL112/Nx.48V G5 04W T927 / OR.T1x,Stainless Steel,images/inground-radius/inground-radius-r515-stainless-steel.jpg,2700K,CRI>90,DALI | 1-10V | Phase Dim,IP67,IK10,,"Middle segment · no end caps, 2 cables · opal cover · curve R515mm, 45° · 393mm long · 48V DC, driver separate · FL112 (112 LEDs/m) 4.8W/m",1.8W,121lm,67lm/W,Diffused,Datasheet=images/inground-radius/datasheets/IngroundR_M_EOP_H100_R0515_L0393_FL112Nx48V_G5_04W_T927_ORT1x.pdf;Specification=images/inground-radius/datasheets/inground-radius-specification.pdf;Brochure=files/holectron/holectron-inground-radius-brochure-2025.pdf
Inground Radius,,,,,,,,,,,,,,,,,,,,Inground Radius R515 48V 4.8W/m,IngroundR M EOP H100 R0515 L0393 / FL112/Nx.48V G5 04W T930 / OR.T1x,Stainless Steel,images/inground-radius/inground-radius-r515-stainless-steel.jpg,3000K,CRI>90,DALI | 1-10V | Phase Dim,IP67,IK10,,"Middle segment · no end caps, 2 cables · opal cover · curve R515mm, 45° · 393mm long · 48V DC, driver separate · FL112 (112 LEDs/m) 4.8W/m",1.8W,127lm,71lm/W,Diffused,Datasheet=images/inground-radius/datasheets/IngroundR_M_EOP_H100_R0515_L0393_FL112Nx48V_G5_04W_T930_ORT1x.pdf;Specification=images/inground-radius/datasheets/inground-radius-specification.pdf;Brochure=files/holectron/holectron-inground-radius-brochure-2025.pdf
Inground Radius,,,,,,,,,,,,,,,,,,,,Inground Radius R515 48V 4.8W/m,IngroundR M EOP H100 R0515 L0393 / FL112/Nx.48V G5 04W T940 / OR.T1x,Stainless Steel,images/inground-radius/inground-radius-r515-stainless-steel.jpg,4000K,CRI>90,DALI | 1-10V | Phase Dim,IP67,IK10,,"Middle segment · no end caps, 2 cables · opal cover · curve R515mm, 45° · 393mm long · 48V DC, driver separate · FL112 (112 LEDs/m) 4.8W/m",1.8W,132lm,73lm/W,Diffused,Datasheet=images/inground-radius/datasheets/IngroundR_M_EOP_H100_R0515_L0393_FL112Nx48V_G5_04W_T940_ORT1x.pdf;Specification=images/inground-radius/datasheets/inground-radius-specification.pdf;Brochure=files/holectron/holectron-inground-radius-brochure-2025.pdf
Inground Radius,,,,,,,,,,,,,,,,,,,,Inground Radius R515 48V 9.6W/m,IngroundR M EOP H100 R0515 L0393 / FL112/Nx.48V G5 09W 922 / OR.T1x,Stainless Steel,images/inground-radius/inground-radius-r515-stainless-steel.jpg,2200K,CRI>90,DALI | 1-10V | Phase Dim,IP67,IK10,,"Middle segment · no end caps, 2 cables · opal cover · curve R515mm, 45° · 393mm long · 48V DC, driver separate · FL112 (112 LEDs/m) 9.6W/m",3.6W,157lm,44lm/W,Diffused,Datasheet=images/inground-radius/datasheets/IngroundR_M_EOP_H100_R0515_L0393_FL112Nx48V_G5_09W_922_ORT1x.pdf;Specification=images/inground-radius/datasheets/inground-radius-specification.pdf;Brochure=files/holectron/holectron-inground-radius-brochure-2025.pdf
Inground Radius,,,,,,,,,,,,,,,,,,,,Inground Radius R515 48V 9.6W/m,IngroundR M EOP H100 R0515 L0393 / FL112/Nx.48V G5 09W T927 / OR.T1x,Stainless Steel,images/inground-radius/inground-radius-r515-stainless-steel.jpg,2700K,CRI>90,DALI | 1-10V | Phase Dim,IP67,IK10,,"Middle segment · no end caps, 2 cables · opal cover · curve R515mm, 45° · 393mm long · 48V DC, driver separate · FL112 (112 LEDs/m) 9.6W/m",3.6W,240lm,67lm/W,Diffused,Datasheet=images/inground-radius/datasheets/IngroundR_M_EOP_H100_R0515_L0393_FL112Nx48V_G5_09W_T927_ORT1x.pdf;Specification=images/inground-radius/datasheets/inground-radius-specification.pdf;Brochure=files/holectron/holectron-inground-radius-brochure-2025.pdf
Inground Radius,,,,,,,,,,,,,,,,,,,,Inground Radius R515 48V 9.6W/m,IngroundR M EOP H100 R0515 L0393 / FL112/Nx.48V G5 09W T930 / OR.T1x,Stainless Steel,images/inground-radius/inground-radius-r515-stainless-steel.jpg,3000K,CRI>90,DALI | 1-10V | Phase Dim,IP67,IK10,,"Middle segment · no end caps, 2 cables · opal cover · curve R515mm, 45° · 393mm long · 48V DC, driver separate · FL112 (112 LEDs/m) 9.6W/m",3.6W,252lm,70lm/W,Diffused,Datasheet=images/inground-radius/datasheets/IngroundR_M_EOP_H100_R0515_L0393_FL112Nx48V_G5_09W_T930_ORT1x.pdf;Specification=images/inground-radius/datasheets/inground-radius-specification.pdf;Brochure=files/holectron/holectron-inground-radius-brochure-2025.pdf
Inground Radius,,,,,,,,,,,,,,,,,,,,Inground Radius R515 48V 9.6W/m,IngroundR M EOP H100 R0515 L0393 / FL112/Nx.48V G5 09W T940 / OR.T1x,Stainless Steel,images/inground-radius/inground-radius-r515-stainless-steel.jpg,4000K,CRI>90,DALI | 1-10V | Phase Dim,IP67,IK10,,"Middle segment · no end caps, 2 cables · opal cover · curve R515mm, 45° · 393mm long · 48V DC, driver separate · FL112 (112 LEDs/m) 9.6W/m",3.6W,262lm,73lm/W,Diffused,Datasheet=images/inground-radius/datasheets/IngroundR_M_EOP_H100_R0515_L0393_FL112Nx48V_G5_09W_T940_ORT1x.pdf;Specification=images/inground-radius/datasheets/inground-radius-specification.pdf;Brochure=files/holectron/holectron-inground-radius-brochure-2025.pdf
Inground Radius,,,,,,,,,,,,,,,,,,,,Inground Radius R1000 24V 2.4W/m,IngroundR M EOP H100 R1000 L0387 / FL56/Nx G5 02W 922 / OR.T1x,Stainless Steel,images/inground-radius/inground-radius-r1000-stainless-steel.jpg,2200K,CRI>90,DALI | 1-10V | Phase Dim,IP67,IK10,,"Middle segment · no end caps, 2 cables · opal cover · curve R1000mm, 22.5° · 387mm long · 24V DC, driver separate · FL56 (56 LEDs/m) 2.4W/m",0.9W,40lm,44lm/W,Diffused,Datasheet=images/inground-radius/datasheets/IngroundR_M_EOP_H100_R1000_L0387_FL56Nx_G5_02W_922_ORT1x.pdf;Specification=images/inground-radius/datasheets/inground-radius-specification.pdf;Brochure=files/holectron/holectron-inground-radius-brochure-2025.pdf
Inground Radius,,,,,,,,,,,,,,,,,,,,Inground Radius R1000 24V 2.4W/m,IngroundR M EOP H100 R1000 L0387 / FL56/Nx G5 02W T927 / OR.T1x,Stainless Steel,images/inground-radius/inground-radius-r1000-stainless-steel.jpg,2700K,CRI>90,DALI | 1-10V | Phase Dim,IP67,IK10,,"Middle segment · no end caps, 2 cables · opal cover · curve R1000mm, 22.5° · 387mm long · 24V DC, driver separate · FL56 (56 LEDs/m) 2.4W/m",0.9W,60lm,67lm/W,Diffused,Datasheet=images/inground-radius/datasheets/IngroundR_M_EOP_H100_R1000_L0387_FL56Nx_G5_02W_T927_ORT1x.pdf;Specification=images/inground-radius/datasheets/inground-radius-specification.pdf;Brochure=files/holectron/holectron-inground-radius-brochure-2025.pdf
Inground Radius,,,,,,,,,,,,,,,,,,,,Inground Radius R1000 24V 2.4W/m,IngroundR M EOP H100 R1000 L0387 / FL56/Nx G5 02W T930 / OR.T1x,Stainless Steel,images/inground-radius/inground-radius-r1000-stainless-steel.jpg,3000K,CRI>90,DALI | 1-10V | Phase Dim,IP67,IK10,,"Middle segment · no end caps, 2 cables · opal cover · curve R1000mm, 22.5° · 387mm long · 24V DC, driver separate · FL56 (56 LEDs/m) 2.4W/m",0.9W,63lm,70lm/W,Diffused,Datasheet=images/inground-radius/datasheets/IngroundR_M_EOP_H100_R1000_L0387_FL56Nx_G5_02W_T930_ORT1x.pdf;Specification=images/inground-radius/datasheets/inground-radius-specification.pdf;Brochure=files/holectron/holectron-inground-radius-brochure-2025.pdf
Inground Radius,,,,,,,,,,,,,,,,,,,,Inground Radius R1000 24V 2.4W/m,IngroundR M EOP H100 R1000 L0387 / FL56/Nx G5 02W T940 / OR.T1x,Stainless Steel,images/inground-radius/inground-radius-r1000-stainless-steel.jpg,4000K,CRI>90,DALI | 1-10V | Phase Dim,IP67,IK10,,"Middle segment · no end caps, 2 cables · opal cover · curve R1000mm, 22.5° · 387mm long · 24V DC, driver separate · FL56 (56 LEDs/m) 2.4W/m",0.9W,66lm,73lm/W,Diffused,Datasheet=images/inground-radius/datasheets/IngroundR_M_EOP_H100_R1000_L0387_FL56Nx_G5_02W_T940_ORT1x.pdf;Specification=images/inground-radius/datasheets/inground-radius-specification.pdf;Brochure=files/holectron/holectron-inground-radius-brochure-2025.pdf
Inground Radius,,,,,,,,,,,,,,,,,,,,Inground Radius R1000 24V 4.8W/m,IngroundR M EOP H100 R1000 L0387 / FL56/Nx G5 04W 922 / OR.T1x,Stainless Steel,images/inground-radius/inground-radius-r1000-stainless-steel.jpg,2200K,CRI>90,DALI | 1-10V | Phase Dim,IP67,IK10,,"Middle segment · no end caps, 2 cables · opal cover · curve R1000mm, 22.5° · 387mm long · 24V DC, driver separate · FL56 (56 LEDs/m) 4.8W/m",1.8W,78lm,43lm/W,Diffused,Datasheet=images/inground-radius/datasheets/IngroundR_M_EOP_H100_R1000_L0387_FL56Nx_G5_04W_922_ORT1x.pdf;Specification=images/inground-radius/datasheets/inground-radius-specification.pdf;Brochure=files/holectron/holectron-inground-radius-brochure-2025.pdf
Inground Radius,,,,,,,,,,,,,,,,,,,,Inground Radius R1000 24V 4.8W/m,IngroundR M EOP H100 R1000 L0387 / FL56/Nx G5 04W T927 / OR.T1x,Stainless Steel,images/inground-radius/inground-radius-r1000-stainless-steel.jpg,2700K,CRI>90,DALI | 1-10V | Phase Dim,IP67,IK10,,"Middle segment · no end caps, 2 cables · opal cover · curve R1000mm, 22.5° · 387mm long · 24V DC, driver separate · FL56 (56 LEDs/m) 4.8W/m",1.8W,120lm,67lm/W,Diffused,Datasheet=images/inground-radius/datasheets/IngroundR_M_EOP_H100_R1000_L0387_FL56Nx_G5_04W_T927_ORT1x.pdf;Specification=images/inground-radius/datasheets/inground-radius-specification.pdf;Brochure=files/holectron/holectron-inground-radius-brochure-2025.pdf
Inground Radius,,,,,,,,,,,,,,,,,,,,Inground Radius R1000 24V 4.8W/m,IngroundR M EOP H100 R1000 L0387 / FL56/Nx G5 04W T930 / OR.T1x,Stainless Steel,images/inground-radius/inground-radius-r1000-stainless-steel.jpg,3000K,CRI>90,DALI | 1-10V | Phase Dim,IP67,IK10,,"Middle segment · no end caps, 2 cables · opal cover · curve R1000mm, 22.5° · 387mm long · 24V DC, driver separate · FL56 (56 LEDs/m) 4.8W/m",1.8W,126lm,70lm/W,Diffused,Datasheet=images/inground-radius/datasheets/IngroundR_M_EOP_H100_R1000_L0387_FL56Nx_G5_04W_T930_ORT1x.pdf;Specification=images/inground-radius/datasheets/inground-radius-specification.pdf;Brochure=files/holectron/holectron-inground-radius-brochure-2025.pdf
Inground Radius,,,,,,,,,,,,,,,,,,,,Inground Radius R1000 24V 4.8W/m,IngroundR M EOP H100 R1000 L0387 / FL56/Nx G5 04W T940 / OR.T1x,Stainless Steel,images/inground-radius/inground-radius-r1000-stainless-steel.jpg,4000K,CRI>90,DALI | 1-10V | Phase Dim,IP67,IK10,,"Middle segment · no end caps, 2 cables · opal cover · curve R1000mm, 22.5° · 387mm long · 24V DC, driver separate · FL56 (56 LEDs/m) 4.8W/m",1.8W,131lm,73lm/W,Diffused,Datasheet=images/inground-radius/datasheets/IngroundR_M_EOP_H100_R1000_L0387_FL56Nx_G5_04W_T940_ORT1x.pdf;Specification=images/inground-radius/datasheets/inground-radius-specification.pdf;Brochure=files/holectron/holectron-inground-radius-brochure-2025.pdf
Inground Radius,,,,,,,,,,,,,,,,,,,,Inground Radius R1000 24V 9.6W/m,IngroundR M EOP H100 R1000 L0387 / FL56/Nx G5 09W 922 / OR.T1x,Stainless Steel,images/inground-radius/inground-radius-r1000-stainless-steel.jpg,2200K,CRI>90,DALI | 1-10V | Phase Dim,IP67,IK10,,"Middle segment · no end caps, 2 cables · opal cover · curve R1000mm, 22.5° · 387mm long · 24V DC, driver separate · FL56 (56 LEDs/m) 9.6W/m",3.6W,153lm,43lm/W,Diffused,Datasheet=images/inground-radius/datasheets/IngroundR_M_EOP_H100_R1000_L0387_FL56Nx_G5_09W_922_ORT1x.pdf;Specification=images/inground-radius/datasheets/inground-radius-specification.pdf;Brochure=files/holectron/holectron-inground-radius-brochure-2025.pdf
Inground Radius,,,,,,,,,,,,,,,,,,,,Inground Radius R1000 24V 9.6W/m,IngroundR M EOP H100 R1000 L0387 / FL56/Nx G5 09W T927 / OR.T1x,Stainless Steel,images/inground-radius/inground-radius-r1000-stainless-steel.jpg,2700K,CRI>90,DALI | 1-10V | Phase Dim,IP67,IK10,,"Middle segment · no end caps, 2 cables · opal cover · curve R1000mm, 22.5° · 387mm long · 24V DC, driver separate · FL56 (56 LEDs/m) 9.6W/m",3.6W,235lm,65lm/W,Diffused,Datasheet=images/inground-radius/datasheets/IngroundR_M_EOP_H100_R1000_L0387_FL56Nx_G5_09W_T927_ORT1x.pdf;Specification=images/inground-radius/datasheets/inground-radius-specification.pdf;Brochure=files/holectron/holectron-inground-radius-brochure-2025.pdf
Inground Radius,,,,,,,,,,,,,,,,,,,,Inground Radius R1000 24V 9.6W/m,IngroundR M EOP H100 R1000 L0387 / FL56/Nx G5 09W T930 / OR.T1x,Stainless Steel,images/inground-radius/inground-radius-r1000-stainless-steel.jpg,3000K,CRI>90,DALI | 1-10V | Phase Dim,IP67,IK10,,"Middle segment · no end caps, 2 cables · opal cover · curve R1000mm, 22.5° · 387mm long · 24V DC, driver separate · FL56 (56 LEDs/m) 9.6W/m",3.6W,247lm,69lm/W,Diffused,Datasheet=images/inground-radius/datasheets/IngroundR_M_EOP_H100_R1000_L0387_FL56Nx_G5_09W_T930_ORT1x.pdf;Specification=images/inground-radius/datasheets/inground-radius-specification.pdf;Brochure=files/holectron/holectron-inground-radius-brochure-2025.pdf
Inground Radius,,,,,,,,,,,,,,,,,,,,Inground Radius R1000 24V 9.6W/m,IngroundR M EOP H100 R1000 L0387 / FL56/Nx G5 09W T940 / OR.T1x,Stainless Steel,images/inground-radius/inground-radius-r1000-stainless-steel.jpg,4000K,CRI>90,DALI | 1-10V | Phase Dim,IP67,IK10,,"Middle segment · no end caps, 2 cables · opal cover · curve R1000mm, 22.5° · 387mm long · 24V DC, driver separate · FL56 (56 LEDs/m) 9.6W/m",3.6W,257lm,71lm/W,Diffused,Datasheet=images/inground-radius/datasheets/IngroundR_M_EOP_H100_R1000_L0387_FL56Nx_G5_09W_T940_ORT1x.pdf;Specification=images/inground-radius/datasheets/inground-radius-specification.pdf;Brochure=files/holectron/holectron-inground-radius-brochure-2025.pdf
Inground Radius,,,,,,,,,,,,,,,,,,,,Inground Radius R1000 48V 4.8W/m,IngroundR M EOP H100 R1000 L0387 / FL112/Nx.48V G5 04W 922 / OR.T1x,Stainless Steel,images/inground-radius/inground-radius-r1000-stainless-steel.jpg,2200K,CRI>90,DALI | 1-10V | Phase Dim,IP67,IK10,,"Middle segment · no end caps, 2 cables · opal cover · curve R1000mm, 22.5° · 387mm long · 48V DC, driver separate · FL112 (112 LEDs/m) 4.8W/m",1.8W,80lm,44lm/W,Diffused,Datasheet=images/inground-radius/datasheets/IngroundR_M_EOP_H100_R1000_L0387_FL112Nx48V_G5_04W_922_ORT1x.pdf;Specification=images/inground-radius/datasheets/inground-radius-specification.pdf;Brochure=files/holectron/holectron-inground-radius-brochure-2025.pdf
Inground Radius,,,,,,,,,,,,,,,,,,,,Inground Radius R1000 48V 4.8W/m,IngroundR M EOP H100 R1000 L0387 / FL112/Nx.48V G5 04W T927 / OR.T1x,Stainless Steel,images/inground-radius/inground-radius-r1000-stainless-steel.jpg,2700K,CRI>90,DALI | 1-10V | Phase Dim,IP67,IK10,,"Middle segment · no end caps, 2 cables · opal cover · curve R1000mm, 22.5° · 387mm long · 48V DC, driver separate · FL112 (112 LEDs/m) 4.8W/m",1.8W,121lm,67lm/W,Diffused,Datasheet=images/inground-radius/datasheets/IngroundR_M_EOP_H100_R1000_L0387_FL112Nx48V_G5_04W_T927_ORT1x.pdf;Specification=images/inground-radius/datasheets/inground-radius-specification.pdf;Brochure=files/holectron/holectron-inground-radius-brochure-2025.pdf
Inground Radius,,,,,,,,,,,,,,,,,,,,Inground Radius R1000 48V 4.8W/m,IngroundR M EOP H100 R1000 L0387 / FL112/Nx.48V G5 04W T930 / OR.T1x,Stainless Steel,images/inground-radius/inground-radius-r1000-stainless-steel.jpg,3000K,CRI>90,DALI | 1-10V | Phase Dim,IP67,IK10,,"Middle segment · no end caps, 2 cables · opal cover · curve R1000mm, 22.5° · 387mm long · 48V DC, driver separate · FL112 (112 LEDs/m) 4.8W/m",1.8W,127lm,71lm/W,Diffused,Datasheet=images/inground-radius/datasheets/IngroundR_M_EOP_H100_R1000_L0387_FL112Nx48V_G5_04W_T930_ORT1x.pdf;Specification=images/inground-radius/datasheets/inground-radius-specification.pdf;Brochure=files/holectron/holectron-inground-radius-brochure-2025.pdf
Inground Radius,,,,,,,,,,,,,,,,,,,,Inground Radius R1000 48V 4.8W/m,IngroundR M EOP H100 R1000 L0387 / FL112/Nx.48V G5 04W T940 / OR.T1x,Stainless Steel,images/inground-radius/inground-radius-r1000-stainless-steel.jpg,4000K,CRI>90,DALI | 1-10V | Phase Dim,IP67,IK10,,"Middle segment · no end caps, 2 cables · opal cover · curve R1000mm, 22.5° · 387mm long · 48V DC, driver separate · FL112 (112 LEDs/m) 4.8W/m",1.8W,132lm,73lm/W,Diffused,Datasheet=images/inground-radius/datasheets/IngroundR_M_EOP_H100_R1000_L0387_FL112Nx48V_G5_04W_T940_ORT1x.pdf;Specification=images/inground-radius/datasheets/inground-radius-specification.pdf;Brochure=files/holectron/holectron-inground-radius-brochure-2025.pdf
Inground Radius,,,,,,,,,,,,,,,,,,,,Inground Radius R1000 48V 9.6W/m,IngroundR M EOP H100 R1000 L0387 / FL112/Nx.48V G5 09W 922 / OR.T1x,Stainless Steel,images/inground-radius/inground-radius-r1000-stainless-steel.jpg,2200K,CRI>90,DALI | 1-10V | Phase Dim,IP67,IK10,,"Middle segment · no end caps, 2 cables · opal cover · curve R1000mm, 22.5° · 387mm long · 48V DC, driver separate · FL112 (112 LEDs/m) 9.6W/m",3.6W,157lm,44lm/W,Diffused,Datasheet=images/inground-radius/datasheets/IngroundR_M_EOP_H100_R1000_L0387_FL112Nx48V_G5_09W_922_ORT1x.pdf;Specification=images/inground-radius/datasheets/inground-radius-specification.pdf;Brochure=files/holectron/holectron-inground-radius-brochure-2025.pdf
Inground Radius,,,,,,,,,,,,,,,,,,,,Inground Radius R1000 48V 9.6W/m,IngroundR M EOP H100 R1000 L0387 / FL112/Nx.48V G5 09W T927 / OR.T1x,Stainless Steel,images/inground-radius/inground-radius-r1000-stainless-steel.jpg,2700K,CRI>90,DALI | 1-10V | Phase Dim,IP67,IK10,,"Middle segment · no end caps, 2 cables · opal cover · curve R1000mm, 22.5° · 387mm long · 48V DC, driver separate · FL112 (112 LEDs/m) 9.6W/m",3.6W,240lm,67lm/W,Diffused,Datasheet=images/inground-radius/datasheets/IngroundR_M_EOP_H100_R1000_L0387_FL112Nx48V_G5_09W_T927_ORT1x.pdf;Specification=images/inground-radius/datasheets/inground-radius-specification.pdf;Brochure=files/holectron/holectron-inground-radius-brochure-2025.pdf
Inground Radius,,,,,,,,,,,,,,,,,,,,Inground Radius R1000 48V 9.6W/m,IngroundR M EOP H100 R1000 L0387 / FL112/Nx.48V G5 09W T930 / OR.T1x,Stainless Steel,images/inground-radius/inground-radius-r1000-stainless-steel.jpg,3000K,CRI>90,DALI | 1-10V | Phase Dim,IP67,IK10,,"Middle segment · no end caps, 2 cables · opal cover · curve R1000mm, 22.5° · 387mm long · 48V DC, driver separate · FL112 (112 LEDs/m) 9.6W/m",3.6W,252lm,70lm/W,Diffused,Datasheet=images/inground-radius/datasheets/IngroundR_M_EOP_H100_R1000_L0387_FL112Nx48V_G5_09W_T930_ORT1x.pdf;Specification=images/inground-radius/datasheets/inground-radius-specification.pdf;Brochure=files/holectron/holectron-inground-radius-brochure-2025.pdf
Inground Radius,,,,,,,,,,,,,,,,,,,,Inground Radius R1000 48V 9.6W/m,IngroundR M EOP H100 R1000 L0387 / FL112/Nx.48V G5 09W T940 / OR.T1x,Stainless Steel,images/inground-radius/inground-radius-r1000-stainless-steel.jpg,4000K,CRI>90,DALI | 1-10V | Phase Dim,IP67,IK10,,"Middle segment · no end caps, 2 cables · opal cover · curve R1000mm, 22.5° · 387mm long · 48V DC, driver separate · FL112 (112 LEDs/m) 9.6W/m",3.6W,262lm,73lm/W,Diffused,Datasheet=images/inground-radius/datasheets/IngroundR_M_EOP_H100_R1000_L0387_FL112Nx48V_G5_09W_T940_ORT1x.pdf;Specification=images/inground-radius/datasheets/inground-radius-specification.pdf;Brochure=files/holectron/holectron-inground-radius-brochure-2025.pdf
Inground Radius,,,,,,,,,,,,,,,,,,,,Inground Radius R1975 24V 2.4W/m,IngroundR M EOP H100 R1975 L0385 / FL56/Nx G5 02W 922 / OR.T1x,Stainless Steel,images/inground-radius/inground-radius-r1975-stainless-steel.jpg,2200K,CRI>90,DALI | 1-10V | Phase Dim,IP67,IK10,,"Middle segment · no end caps, 2 cables · opal cover · curve R1975mm, 11.3° · 385mm long · 24V DC, driver separate · FL56 (56 LEDs/m) 2.4W/m",0.9W,40lm,44lm/W,Diffused,Datasheet=images/inground-radius/datasheets/IngroundR_M_EOP_H100_R1975_L0385_FL56Nx_G5_02W_922_ORT1x.pdf;Specification=images/inground-radius/datasheets/inground-radius-specification.pdf;Brochure=files/holectron/holectron-inground-radius-brochure-2025.pdf
Inground Radius,,,,,,,,,,,,,,,,,,,,Inground Radius R1975 24V 2.4W/m,IngroundR M EOP H100 R1975 L0385 / FL56/Nx G5 02W T927 / OR.T1x,Stainless Steel,images/inground-radius/inground-radius-r1975-stainless-steel.jpg,2700K,CRI>90,DALI | 1-10V | Phase Dim,IP67,IK10,,"Middle segment · no end caps, 2 cables · opal cover · curve R1975mm, 11.3° · 385mm long · 24V DC, driver separate · FL56 (56 LEDs/m) 2.4W/m",0.9W,60lm,67lm/W,Diffused,Datasheet=images/inground-radius/datasheets/IngroundR_M_EOP_H100_R1975_L0385_FL56Nx_G5_02W_T927_ORT1x.pdf;Specification=images/inground-radius/datasheets/inground-radius-specification.pdf;Brochure=files/holectron/holectron-inground-radius-brochure-2025.pdf
Inground Radius,,,,,,,,,,,,,,,,,,,,Inground Radius R1975 24V 2.4W/m,IngroundR M EOP H100 R1975 L0385 / FL56/Nx G5 02W T930 / OR.T1x,Stainless Steel,images/inground-radius/inground-radius-r1975-stainless-steel.jpg,3000K,CRI>90,DALI | 1-10V | Phase Dim,IP67,IK10,,"Middle segment · no end caps, 2 cables · opal cover · curve R1975mm, 11.3° · 385mm long · 24V DC, driver separate · FL56 (56 LEDs/m) 2.4W/m",0.9W,63lm,70lm/W,Diffused,Datasheet=images/inground-radius/datasheets/IngroundR_M_EOP_H100_R1975_L0385_FL56Nx_G5_02W_T930_ORT1x.pdf;Specification=images/inground-radius/datasheets/inground-radius-specification.pdf;Brochure=files/holectron/holectron-inground-radius-brochure-2025.pdf
Inground Radius,,,,,,,,,,,,,,,,,,,,Inground Radius R1975 24V 2.4W/m,IngroundR M EOP H100 R1975 L0385 / FL56/Nx G5 02W T940 / OR.T1x,Stainless Steel,images/inground-radius/inground-radius-r1975-stainless-steel.jpg,4000K,CRI>90,DALI | 1-10V | Phase Dim,IP67,IK10,,"Middle segment · no end caps, 2 cables · opal cover · curve R1975mm, 11.3° · 385mm long · 24V DC, driver separate · FL56 (56 LEDs/m) 2.4W/m",0.9W,66lm,73lm/W,Diffused,Datasheet=images/inground-radius/datasheets/IngroundR_M_EOP_H100_R1975_L0385_FL56Nx_G5_02W_T940_ORT1x.pdf;Specification=images/inground-radius/datasheets/inground-radius-specification.pdf;Brochure=files/holectron/holectron-inground-radius-brochure-2025.pdf
Inground Radius,,,,,,,,,,,,,,,,,,,,Inground Radius R1975 24V 4.8W/m,IngroundR M EOP H100 R1975 L0385 / FL56/Nx G5 04W 922 / OR.T1x,Stainless Steel,images/inground-radius/inground-radius-r1975-stainless-steel.jpg,2200K,CRI>90,DALI | 1-10V | Phase Dim,IP67,IK10,,"Middle segment · no end caps, 2 cables · opal cover · curve R1975mm, 11.3° · 385mm long · 24V DC, driver separate · FL56 (56 LEDs/m) 4.8W/m",1.8W,78lm,43lm/W,Diffused,Datasheet=images/inground-radius/datasheets/IngroundR_M_EOP_H100_R1975_L0385_FL56Nx_G5_04W_922_ORT1x.pdf;Specification=images/inground-radius/datasheets/inground-radius-specification.pdf;Brochure=files/holectron/holectron-inground-radius-brochure-2025.pdf
Inground Radius,,,,,,,,,,,,,,,,,,,,Inground Radius R1975 24V 4.8W/m,IngroundR M EOP H100 R1975 L0385 / FL56/Nx G5 04W T927 / OR.T1x,Stainless Steel,images/inground-radius/inground-radius-r1975-stainless-steel.jpg,2700K,CRI>90,DALI | 1-10V | Phase Dim,IP67,IK10,,"Middle segment · no end caps, 2 cables · opal cover · curve R1975mm, 11.3° · 385mm long · 24V DC, driver separate · FL56 (56 LEDs/m) 4.8W/m",1.8W,120lm,67lm/W,Diffused,Datasheet=images/inground-radius/datasheets/IngroundR_M_EOP_H100_R1975_L0385_FL56Nx_G5_04W_T927_ORT1x.pdf;Specification=images/inground-radius/datasheets/inground-radius-specification.pdf;Brochure=files/holectron/holectron-inground-radius-brochure-2025.pdf
Inground Radius,,,,,,,,,,,,,,,,,,,,Inground Radius R1975 24V 4.8W/m,IngroundR M EOP H100 R1975 L0385 / FL56/Nx G5 04W T930 / OR.T1x,Stainless Steel,images/inground-radius/inground-radius-r1975-stainless-steel.jpg,3000K,CRI>90,DALI | 1-10V | Phase Dim,IP67,IK10,,"Middle segment · no end caps, 2 cables · opal cover · curve R1975mm, 11.3° · 385mm long · 24V DC, driver separate · FL56 (56 LEDs/m) 4.8W/m",1.8W,126lm,70lm/W,Diffused,Datasheet=images/inground-radius/datasheets/IngroundR_M_EOP_H100_R1975_L0385_FL56Nx_G5_04W_T930_ORT1x.pdf;Specification=images/inground-radius/datasheets/inground-radius-specification.pdf;Brochure=files/holectron/holectron-inground-radius-brochure-2025.pdf
Inground Radius,,,,,,,,,,,,,,,,,,,,Inground Radius R1975 24V 4.8W/m,IngroundR M EOP H100 R1975 L0385 / FL56/Nx G5 04W T940 / OR.T1x,Stainless Steel,images/inground-radius/inground-radius-r1975-stainless-steel.jpg,4000K,CRI>90,DALI | 1-10V | Phase Dim,IP67,IK10,,"Middle segment · no end caps, 2 cables · opal cover · curve R1975mm, 11.3° · 385mm long · 24V DC, driver separate · FL56 (56 LEDs/m) 4.8W/m",1.8W,131lm,73lm/W,Diffused,Datasheet=images/inground-radius/datasheets/IngroundR_M_EOP_H100_R1975_L0385_FL56Nx_G5_04W_T940_ORT1x.pdf;Specification=images/inground-radius/datasheets/inground-radius-specification.pdf;Brochure=files/holectron/holectron-inground-radius-brochure-2025.pdf
Inground Radius,,,,,,,,,,,,,,,,,,,,Inground Radius R1975 24V 9.6W/m,IngroundR M EOP H100 R1975 L0385 / FL56/Nx G5 09W 922 / OR.T1x,Stainless Steel,images/inground-radius/inground-radius-r1975-stainless-steel.jpg,2200K,CRI>90,DALI | 1-10V | Phase Dim,IP67,IK10,,"Middle segment · no end caps, 2 cables · opal cover · curve R1975mm, 11.3° · 385mm long · 24V DC, driver separate · FL56 (56 LEDs/m) 9.6W/m",3.6W,153lm,43lm/W,Diffused,Datasheet=images/inground-radius/datasheets/IngroundR_M_EOP_H100_R1975_L0385_FL56Nx_G5_09W_922_ORT1x.pdf;Specification=images/inground-radius/datasheets/inground-radius-specification.pdf;Brochure=files/holectron/holectron-inground-radius-brochure-2025.pdf
Inground Radius,,,,,,,,,,,,,,,,,,,,Inground Radius R1975 24V 9.6W/m,IngroundR M EOP H100 R1975 L0385 / FL56/Nx G5 09W T927 / OR.T1x,Stainless Steel,images/inground-radius/inground-radius-r1975-stainless-steel.jpg,2700K,CRI>90,DALI | 1-10V | Phase Dim,IP67,IK10,,"Middle segment · no end caps, 2 cables · opal cover · curve R1975mm, 11.3° · 385mm long · 24V DC, driver separate · FL56 (56 LEDs/m) 9.6W/m",3.6W,235lm,65lm/W,Diffused,Datasheet=images/inground-radius/datasheets/IngroundR_M_EOP_H100_R1975_L0385_FL56Nx_G5_09W_T927_ORT1x.pdf;Specification=images/inground-radius/datasheets/inground-radius-specification.pdf;Brochure=files/holectron/holectron-inground-radius-brochure-2025.pdf
Inground Radius,,,,,,,,,,,,,,,,,,,,Inground Radius R1975 24V 9.6W/m,IngroundR M EOP H100 R1975 L0385 / FL56/Nx G5 09W T930 / OR.T1x,Stainless Steel,images/inground-radius/inground-radius-r1975-stainless-steel.jpg,3000K,CRI>90,DALI | 1-10V | Phase Dim,IP67,IK10,,"Middle segment · no end caps, 2 cables · opal cover · curve R1975mm, 11.3° · 385mm long · 24V DC, driver separate · FL56 (56 LEDs/m) 9.6W/m",3.6W,247lm,69lm/W,Diffused,Datasheet=images/inground-radius/datasheets/IngroundR_M_EOP_H100_R1975_L0385_FL56Nx_G5_09W_T930_ORT1x.pdf;Specification=images/inground-radius/datasheets/inground-radius-specification.pdf;Brochure=files/holectron/holectron-inground-radius-brochure-2025.pdf
Inground Radius,,,,,,,,,,,,,,,,,,,,Inground Radius R1975 24V 9.6W/m,IngroundR M EOP H100 R1975 L0385 / FL56/Nx G5 09W T940 / OR.T1x,Stainless Steel,images/inground-radius/inground-radius-r1975-stainless-steel.jpg,4000K,CRI>90,DALI | 1-10V | Phase Dim,IP67,IK10,,"Middle segment · no end caps, 2 cables · opal cover · curve R1975mm, 11.3° · 385mm long · 24V DC, driver separate · FL56 (56 LEDs/m) 9.6W/m",3.6W,257lm,71lm/W,Diffused,Datasheet=images/inground-radius/datasheets/IngroundR_M_EOP_H100_R1975_L0385_FL56Nx_G5_09W_T940_ORT1x.pdf;Specification=images/inground-radius/datasheets/inground-radius-specification.pdf;Brochure=files/holectron/holectron-inground-radius-brochure-2025.pdf
Inground Radius,,,,,,,,,,,,,,,,,,,,Inground Radius R1975 48V 4.8W/m,IngroundR M EOP H100 R1975 L0385 / FL112/Nx.48V G5 04W 922 / OR.T1x,Stainless Steel,images/inground-radius/inground-radius-r1975-stainless-steel.jpg,2200K,CRI>90,DALI | 1-10V | Phase Dim,IP67,IK10,,"Middle segment · no end caps, 2 cables · opal cover · curve R1975mm, 11.3° · 385mm long · 48V DC, driver separate · FL112 (112 LEDs/m) 4.8W/m",1.8W,80lm,44lm/W,Diffused,Datasheet=images/inground-radius/datasheets/IngroundR_M_EOP_H100_R1975_L0385_FL112Nx48V_G5_04W_922_ORT1x.pdf;Specification=images/inground-radius/datasheets/inground-radius-specification.pdf;Brochure=files/holectron/holectron-inground-radius-brochure-2025.pdf
Inground Radius,,,,,,,,,,,,,,,,,,,,Inground Radius R1975 48V 4.8W/m,IngroundR M EOP H100 R1975 L0385 / FL112/Nx.48V G5 04W T927 / OR.T1x,Stainless Steel,images/inground-radius/inground-radius-r1975-stainless-steel.jpg,2700K,CRI>90,DALI | 1-10V | Phase Dim,IP67,IK10,,"Middle segment · no end caps, 2 cables · opal cover · curve R1975mm, 11.3° · 385mm long · 48V DC, driver separate · FL112 (112 LEDs/m) 4.8W/m",1.8W,121lm,67lm/W,Diffused,Datasheet=images/inground-radius/datasheets/IngroundR_M_EOP_H100_R1975_L0385_FL112Nx48V_G5_04W_T927_ORT1x.pdf;Specification=images/inground-radius/datasheets/inground-radius-specification.pdf;Brochure=files/holectron/holectron-inground-radius-brochure-2025.pdf
Inground Radius,,,,,,,,,,,,,,,,,,,,Inground Radius R1975 48V 4.8W/m,IngroundR M EOP H100 R1975 L0385 / FL112/Nx.48V G5 04W T930 / OR.T1x,Stainless Steel,images/inground-radius/inground-radius-r1975-stainless-steel.jpg,3000K,CRI>90,DALI | 1-10V | Phase Dim,IP67,IK10,,"Middle segment · no end caps, 2 cables · opal cover · curve R1975mm, 11.3° · 385mm long · 48V DC, driver separate · FL112 (112 LEDs/m) 4.8W/m",1.8W,127lm,71lm/W,Diffused,Datasheet=images/inground-radius/datasheets/IngroundR_M_EOP_H100_R1975_L0385_FL112Nx48V_G5_04W_T930_ORT1x.pdf;Specification=images/inground-radius/datasheets/inground-radius-specification.pdf;Brochure=files/holectron/holectron-inground-radius-brochure-2025.pdf
Inground Radius,,,,,,,,,,,,,,,,,,,,Inground Radius R1975 48V 4.8W/m,IngroundR M EOP H100 R1975 L0385 / FL112/Nx.48V G5 04W T940 / OR.T1x,Stainless Steel,images/inground-radius/inground-radius-r1975-stainless-steel.jpg,4000K,CRI>90,DALI | 1-10V | Phase Dim,IP67,IK10,,"Middle segment · no end caps, 2 cables · opal cover · curve R1975mm, 11.3° · 385mm long · 48V DC, driver separate · FL112 (112 LEDs/m) 4.8W/m",1.8W,132lm,73lm/W,Diffused,Datasheet=images/inground-radius/datasheets/IngroundR_M_EOP_H100_R1975_L0385_FL112Nx48V_G5_04W_T940_ORT1x.pdf;Specification=images/inground-radius/datasheets/inground-radius-specification.pdf;Brochure=files/holectron/holectron-inground-radius-brochure-2025.pdf
Inground Radius,,,,,,,,,,,,,,,,,,,,Inground Radius R1975 48V 9.6W/m,IngroundR M EOP H100 R1975 L0385 / FL112/Nx.48V G5 09W 922 / OR.T1x,Stainless Steel,images/inground-radius/inground-radius-r1975-stainless-steel.jpg,2200K,CRI>90,DALI | 1-10V | Phase Dim,IP67,IK10,,"Middle segment · no end caps, 2 cables · opal cover · curve R1975mm, 11.3° · 385mm long · 48V DC, driver separate · FL112 (112 LEDs/m) 9.6W/m",3.6W,157lm,44lm/W,Diffused,Datasheet=images/inground-radius/datasheets/IngroundR_M_EOP_H100_R1975_L0385_FL112Nx48V_G5_09W_922_ORT1x.pdf;Specification=images/inground-radius/datasheets/inground-radius-specification.pdf;Brochure=files/holectron/holectron-inground-radius-brochure-2025.pdf
Inground Radius,,,,,,,,,,,,,,,,,,,,Inground Radius R1975 48V 9.6W/m,IngroundR M EOP H100 R1975 L0385 / FL112/Nx.48V G5 09W T927 / OR.T1x,Stainless Steel,images/inground-radius/inground-radius-r1975-stainless-steel.jpg,2700K,CRI>90,DALI | 1-10V | Phase Dim,IP67,IK10,,"Middle segment · no end caps, 2 cables · opal cover · curve R1975mm, 11.3° · 385mm long · 48V DC, driver separate · FL112 (112 LEDs/m) 9.6W/m",3.6W,240lm,67lm/W,Diffused,Datasheet=images/inground-radius/datasheets/IngroundR_M_EOP_H100_R1975_L0385_FL112Nx48V_G5_09W_T927_ORT1x.pdf;Specification=images/inground-radius/datasheets/inground-radius-specification.pdf;Brochure=files/holectron/holectron-inground-radius-brochure-2025.pdf
Inground Radius,,,,,,,,,,,,,,,,,,,,Inground Radius R1975 48V 9.6W/m,IngroundR M EOP H100 R1975 L0385 / FL112/Nx.48V G5 09W T930 / OR.T1x,Stainless Steel,images/inground-radius/inground-radius-r1975-stainless-steel.jpg,3000K,CRI>90,DALI | 1-10V | Phase Dim,IP67,IK10,,"Middle segment · no end caps, 2 cables · opal cover · curve R1975mm, 11.3° · 385mm long · 48V DC, driver separate · FL112 (112 LEDs/m) 9.6W/m",3.6W,252lm,70lm/W,Diffused,Datasheet=images/inground-radius/datasheets/IngroundR_M_EOP_H100_R1975_L0385_FL112Nx48V_G5_09W_T930_ORT1x.pdf;Specification=images/inground-radius/datasheets/inground-radius-specification.pdf;Brochure=files/holectron/holectron-inground-radius-brochure-2025.pdf
Inground Radius,,,,,,,,,,,,,,,,,,,,Inground Radius R1975 48V 9.6W/m,IngroundR M EOP H100 R1975 L0385 / FL112/Nx.48V G5 09W T940 / OR.T1x,Stainless Steel,images/inground-radius/inground-radius-r1975-stainless-steel.jpg,4000K,CRI>90,DALI | 1-10V | Phase Dim,IP67,IK10,,"Middle segment · no end caps, 2 cables · opal cover · curve R1975mm, 11.3° · 385mm long · 48V DC, driver separate · FL112 (112 LEDs/m) 9.6W/m",3.6W,262lm,73lm/W,Diffused,Datasheet=images/inground-radius/datasheets/IngroundR_M_EOP_H100_R1975_L0385_FL112Nx48V_G5_09W_T940_ORT1x.pdf;Specification=images/inground-radius/datasheets/inground-radius-specification.pdf;Brochure=files/holectron/holectron-inground-radius-brochure-2025.pdf
Inground Radius,,,,,,,,,,,,,,,,,,,,Inground Radius R2950 24V 2.4W/m,IngroundR M EOP H100 R2950 L0384 / FL56/Nx G5 02W 922 / OR.T1x,Stainless Steel,images/inground-radius/inground-radius-r2950-stainless-steel.jpg,2200K,CRI>90,DALI | 1-10V | Phase Dim,IP67,IK10,,"Middle segment · no end caps, 2 cables · opal cover · curve R2950mm, 7.5° · 384mm long · 24V DC, driver separate · FL56 (56 LEDs/m) 2.4W/m",0.9W,40lm,44lm/W,Diffused,Datasheet=images/inground-radius/datasheets/IngroundR_M_EOP_H100_R2950_L0384_FL56Nx_G5_02W_922_ORT1x.pdf;Specification=images/inground-radius/datasheets/inground-radius-specification.pdf;Brochure=files/holectron/holectron-inground-radius-brochure-2025.pdf
Inground Radius,,,,,,,,,,,,,,,,,,,,Inground Radius R2950 24V 2.4W/m,IngroundR M EOP H100 R2950 L0384 / FL56/Nx G5 02W T927 / OR.T1x,Stainless Steel,images/inground-radius/inground-radius-r2950-stainless-steel.jpg,2700K,CRI>90,DALI | 1-10V | Phase Dim,IP67,IK10,,"Middle segment · no end caps, 2 cables · opal cover · curve R2950mm, 7.5° · 384mm long · 24V DC, driver separate · FL56 (56 LEDs/m) 2.4W/m",0.9W,60lm,67lm/W,Diffused,Datasheet=images/inground-radius/datasheets/IngroundR_M_EOP_H100_R2950_L0384_FL56Nx_G5_02W_T927_ORT1x.pdf;Specification=images/inground-radius/datasheets/inground-radius-specification.pdf;Brochure=files/holectron/holectron-inground-radius-brochure-2025.pdf
Inground Radius,,,,,,,,,,,,,,,,,,,,Inground Radius R2950 24V 2.4W/m,IngroundR M EOP H100 R2950 L0384 / FL56/Nx G5 02W T930 / OR.T1x,Stainless Steel,images/inground-radius/inground-radius-r2950-stainless-steel.jpg,3000K,CRI>90,DALI | 1-10V | Phase Dim,IP67,IK10,,"Middle segment · no end caps, 2 cables · opal cover · curve R2950mm, 7.5° · 384mm long · 24V DC, driver separate · FL56 (56 LEDs/m) 2.4W/m",0.9W,63lm,70lm/W,Diffused,Datasheet=images/inground-radius/datasheets/IngroundR_M_EOP_H100_R2950_L0384_FL56Nx_G5_02W_T930_ORT1x.pdf;Specification=images/inground-radius/datasheets/inground-radius-specification.pdf;Brochure=files/holectron/holectron-inground-radius-brochure-2025.pdf
Inground Radius,,,,,,,,,,,,,,,,,,,,Inground Radius R2950 24V 2.4W/m,IngroundR M EOP H100 R2950 L0384 / FL56/Nx G5 02W T940 / OR.T1x,Stainless Steel,images/inground-radius/inground-radius-r2950-stainless-steel.jpg,4000K,CRI>90,DALI | 1-10V | Phase Dim,IP67,IK10,,"Middle segment · no end caps, 2 cables · opal cover · curve R2950mm, 7.5° · 384mm long · 24V DC, driver separate · FL56 (56 LEDs/m) 2.4W/m",0.9W,66lm,73lm/W,Diffused,Datasheet=images/inground-radius/datasheets/IngroundR_M_EOP_H100_R2950_L0384_FL56Nx_G5_02W_T940_ORT1x.pdf;Specification=images/inground-radius/datasheets/inground-radius-specification.pdf;Brochure=files/holectron/holectron-inground-radius-brochure-2025.pdf
Inground Radius,,,,,,,,,,,,,,,,,,,,Inground Radius R2950 24V 4.8W/m,IngroundR M EOP H100 R2950 L0384 / FL56/Nx G5 04W 922 / OR.T1x,Stainless Steel,images/inground-radius/inground-radius-r2950-stainless-steel.jpg,2200K,CRI>90,DALI | 1-10V | Phase Dim,IP67,IK10,,"Middle segment · no end caps, 2 cables · opal cover · curve R2950mm, 7.5° · 384mm long · 24V DC, driver separate · FL56 (56 LEDs/m) 4.8W/m",1.8W,78lm,43lm/W,Diffused,Datasheet=images/inground-radius/datasheets/IngroundR_M_EOP_H100_R2950_L0384_FL56Nx_G5_04W_922_ORT1x.pdf;Specification=images/inground-radius/datasheets/inground-radius-specification.pdf;Brochure=files/holectron/holectron-inground-radius-brochure-2025.pdf
Inground Radius,,,,,,,,,,,,,,,,,,,,Inground Radius R2950 24V 4.8W/m,IngroundR M EOP H100 R2950 L0384 / FL56/Nx G5 04W T927 / OR.T1x,Stainless Steel,images/inground-radius/inground-radius-r2950-stainless-steel.jpg,2700K,CRI>90,DALI | 1-10V | Phase Dim,IP67,IK10,,"Middle segment · no end caps, 2 cables · opal cover · curve R2950mm, 7.5° · 384mm long · 24V DC, driver separate · FL56 (56 LEDs/m) 4.8W/m",1.8W,120lm,67lm/W,Diffused,Datasheet=images/inground-radius/datasheets/IngroundR_M_EOP_H100_R2950_L0384_FL56Nx_G5_04W_T927_ORT1x.pdf;Specification=images/inground-radius/datasheets/inground-radius-specification.pdf;Brochure=files/holectron/holectron-inground-radius-brochure-2025.pdf
Inground Radius,,,,,,,,,,,,,,,,,,,,Inground Radius R2950 24V 4.8W/m,IngroundR M EOP H100 R2950 L0384 / FL56/Nx G5 04W T930 / OR.T1x,Stainless Steel,images/inground-radius/inground-radius-r2950-stainless-steel.jpg,3000K,CRI>90,DALI | 1-10V | Phase Dim,IP67,IK10,,"Middle segment · no end caps, 2 cables · opal cover · curve R2950mm, 7.5° · 384mm long · 24V DC, driver separate · FL56 (56 LEDs/m) 4.8W/m",1.8W,126lm,70lm/W,Diffused,Datasheet=images/inground-radius/datasheets/IngroundR_M_EOP_H100_R2950_L0384_FL56Nx_G5_04W_T930_ORT1x.pdf;Specification=images/inground-radius/datasheets/inground-radius-specification.pdf;Brochure=files/holectron/holectron-inground-radius-brochure-2025.pdf
Inground Radius,,,,,,,,,,,,,,,,,,,,Inground Radius R2950 24V 4.8W/m,IngroundR M EOP H100 R2950 L0384 / FL56/Nx G5 04W T940 / OR.T1x,Stainless Steel,images/inground-radius/inground-radius-r2950-stainless-steel.jpg,4000K,CRI>90,DALI | 1-10V | Phase Dim,IP67,IK10,,"Middle segment · no end caps, 2 cables · opal cover · curve R2950mm, 7.5° · 384mm long · 24V DC, driver separate · FL56 (56 LEDs/m) 4.8W/m",1.8W,131lm,73lm/W,Diffused,Datasheet=images/inground-radius/datasheets/IngroundR_M_EOP_H100_R2950_L0384_FL56Nx_G5_04W_T940_ORT1x.pdf;Specification=images/inground-radius/datasheets/inground-radius-specification.pdf;Brochure=files/holectron/holectron-inground-radius-brochure-2025.pdf
Inground Radius,,,,,,,,,,,,,,,,,,,,Inground Radius R2950 24V 9.6W/m,IngroundR M EOP H100 R2950 L0384 / FL56/Nx G5 09W 922 / OR.T1x,Stainless Steel,images/inground-radius/inground-radius-r2950-stainless-steel.jpg,2200K,CRI>90,DALI | 1-10V | Phase Dim,IP67,IK10,,"Middle segment · no end caps, 2 cables · opal cover · curve R2950mm, 7.5° · 384mm long · 24V DC, driver separate · FL56 (56 LEDs/m) 9.6W/m",3.6W,153lm,43lm/W,Diffused,Datasheet=images/inground-radius/datasheets/IngroundR_M_EOP_H100_R2950_L0384_FL56Nx_G5_09W_922_ORT1x.pdf;Specification=images/inground-radius/datasheets/inground-radius-specification.pdf;Brochure=files/holectron/holectron-inground-radius-brochure-2025.pdf
Inground Radius,,,,,,,,,,,,,,,,,,,,Inground Radius R2950 24V 9.6W/m,IngroundR M EOP H100 R2950 L0384 / FL56/Nx G5 09W T927 / OR.T1x,Stainless Steel,images/inground-radius/inground-radius-r2950-stainless-steel.jpg,2700K,CRI>90,DALI | 1-10V | Phase Dim,IP67,IK10,,"Middle segment · no end caps, 2 cables · opal cover · curve R2950mm, 7.5° · 384mm long · 24V DC, driver separate · FL56 (56 LEDs/m) 9.6W/m",3.6W,235lm,65lm/W,Diffused,Datasheet=images/inground-radius/datasheets/IngroundR_M_EOP_H100_R2950_L0384_FL56Nx_G5_09W_T927_ORT1x.pdf;Specification=images/inground-radius/datasheets/inground-radius-specification.pdf;Brochure=files/holectron/holectron-inground-radius-brochure-2025.pdf
Inground Radius,,,,,,,,,,,,,,,,,,,,Inground Radius R2950 24V 9.6W/m,IngroundR M EOP H100 R2950 L0384 / FL56/Nx G5 09W T930 / OR.T1x,Stainless Steel,images/inground-radius/inground-radius-r2950-stainless-steel.jpg,3000K,CRI>90,DALI | 1-10V | Phase Dim,IP67,IK10,,"Middle segment · no end caps, 2 cables · opal cover · curve R2950mm, 7.5° · 384mm long · 24V DC, driver separate · FL56 (56 LEDs/m) 9.6W/m",3.6W,247lm,69lm/W,Diffused,Datasheet=images/inground-radius/datasheets/IngroundR_M_EOP_H100_R2950_L0384_FL56Nx_G5_09W_T930_ORT1x.pdf;Specification=images/inground-radius/datasheets/inground-radius-specification.pdf;Brochure=files/holectron/holectron-inground-radius-brochure-2025.pdf
Inground Radius,,,,,,,,,,,,,,,,,,,,Inground Radius R2950 24V 9.6W/m,IngroundR M EOP H100 R2950 L0384 / FL56/Nx G5 09W T940 / OR.T1x,Stainless Steel,images/inground-radius/inground-radius-r2950-stainless-steel.jpg,4000K,CRI>90,DALI | 1-10V | Phase Dim,IP67,IK10,,"Middle segment · no end caps, 2 cables · opal cover · curve R2950mm, 7.5° · 384mm long · 24V DC, driver separate · FL56 (56 LEDs/m) 9.6W/m",3.6W,257lm,71lm/W,Diffused,Datasheet=images/inground-radius/datasheets/IngroundR_M_EOP_H100_R2950_L0384_FL56Nx_G5_09W_T940_ORT1x.pdf;Specification=images/inground-radius/datasheets/inground-radius-specification.pdf;Brochure=files/holectron/holectron-inground-radius-brochure-2025.pdf
Inground Radius,,,,,,,,,,,,,,,,,,,,Inground Radius R2950 48V 4.8W/m,IngroundR M EOP H100 R2950 L0384 / FL112/Nx.48V G5 04W 922 / OR.T1x,Stainless Steel,images/inground-radius/inground-radius-r2950-stainless-steel.jpg,2200K,CRI>90,DALI | 1-10V | Phase Dim,IP67,IK10,,"Middle segment · no end caps, 2 cables · opal cover · curve R2950mm, 7.5° · 384mm long · 48V DC, driver separate · FL112 (112 LEDs/m) 4.8W/m",1.8W,80lm,44lm/W,Diffused,Datasheet=images/inground-radius/datasheets/IngroundR_M_EOP_H100_R2950_L0384_FL112Nx48V_G5_04W_922_ORT1x.pdf;Specification=images/inground-radius/datasheets/inground-radius-specification.pdf;Brochure=files/holectron/holectron-inground-radius-brochure-2025.pdf
Inground Radius,,,,,,,,,,,,,,,,,,,,Inground Radius R2950 48V 4.8W/m,IngroundR M EOP H100 R2950 L0384 / FL112/Nx.48V G5 04W T927 / OR.T1x,Stainless Steel,images/inground-radius/inground-radius-r2950-stainless-steel.jpg,2700K,CRI>90,DALI | 1-10V | Phase Dim,IP67,IK10,,"Middle segment · no end caps, 2 cables · opal cover · curve R2950mm, 7.5° · 384mm long · 48V DC, driver separate · FL112 (112 LEDs/m) 4.8W/m",1.8W,121lm,67lm/W,Diffused,Datasheet=images/inground-radius/datasheets/IngroundR_M_EOP_H100_R2950_L0384_FL112Nx48V_G5_04W_T927_ORT1x.pdf;Specification=images/inground-radius/datasheets/inground-radius-specification.pdf;Brochure=files/holectron/holectron-inground-radius-brochure-2025.pdf
Inground Radius,,,,,,,,,,,,,,,,,,,,Inground Radius R2950 48V 4.8W/m,IngroundR M EOP H100 R2950 L0384 / FL112/Nx.48V G5 04W T930 / OR.T1x,Stainless Steel,images/inground-radius/inground-radius-r2950-stainless-steel.jpg,3000K,CRI>90,DALI | 1-10V | Phase Dim,IP67,IK10,,"Middle segment · no end caps, 2 cables · opal cover · curve R2950mm, 7.5° · 384mm long · 48V DC, driver separate · FL112 (112 LEDs/m) 4.8W/m",1.8W,127lm,71lm/W,Diffused,Datasheet=images/inground-radius/datasheets/IngroundR_M_EOP_H100_R2950_L0384_FL112Nx48V_G5_04W_T930_ORT1x.pdf;Specification=images/inground-radius/datasheets/inground-radius-specification.pdf;Brochure=files/holectron/holectron-inground-radius-brochure-2025.pdf
Inground Radius,,,,,,,,,,,,,,,,,,,,Inground Radius R2950 48V 4.8W/m,IngroundR M EOP H100 R2950 L0384 / FL112/Nx.48V G5 04W T940 / OR.T1x,Stainless Steel,images/inground-radius/inground-radius-r2950-stainless-steel.jpg,4000K,CRI>90,DALI | 1-10V | Phase Dim,IP67,IK10,,"Middle segment · no end caps, 2 cables · opal cover · curve R2950mm, 7.5° · 384mm long · 48V DC, driver separate · FL112 (112 LEDs/m) 4.8W/m",1.8W,132lm,73lm/W,Diffused,Datasheet=images/inground-radius/datasheets/IngroundR_M_EOP_H100_R2950_L0384_FL112Nx48V_G5_04W_T940_ORT1x.pdf;Specification=images/inground-radius/datasheets/inground-radius-specification.pdf;Brochure=files/holectron/holectron-inground-radius-brochure-2025.pdf
Inground Radius,,,,,,,,,,,,,,,,,,,,Inground Radius R2950 48V 9.6W/m,IngroundR M EOP H100 R2950 L0384 / FL112/Nx.48V G5 09W 922 / OR.T1x,Stainless Steel,images/inground-radius/inground-radius-r2950-stainless-steel.jpg,2200K,CRI>90,DALI | 1-10V | Phase Dim,IP67,IK10,,"Middle segment · no end caps, 2 cables · opal cover · curve R2950mm, 7.5° · 384mm long · 48V DC, driver separate · FL112 (112 LEDs/m) 9.6W/m",3.6W,157lm,44lm/W,Diffused,Datasheet=images/inground-radius/datasheets/IngroundR_M_EOP_H100_R2950_L0384_FL112Nx48V_G5_09W_922_ORT1x.pdf;Specification=images/inground-radius/datasheets/inground-radius-specification.pdf;Brochure=files/holectron/holectron-inground-radius-brochure-2025.pdf
Inground Radius,,,,,,,,,,,,,,,,,,,,Inground Radius R2950 48V 9.6W/m,IngroundR M EOP H100 R2950 L0384 / FL112/Nx.48V G5 09W T927 / OR.T1x,Stainless Steel,images/inground-radius/inground-radius-r2950-stainless-steel.jpg,2700K,CRI>90,DALI | 1-10V | Phase Dim,IP67,IK10,,"Middle segment · no end caps, 2 cables · opal cover · curve R2950mm, 7.5° · 384mm long · 48V DC, driver separate · FL112 (112 LEDs/m) 9.6W/m",3.6W,240lm,67lm/W,Diffused,Datasheet=images/inground-radius/datasheets/IngroundR_M_EOP_H100_R2950_L0384_FL112Nx48V_G5_09W_T927_ORT1x.pdf;Specification=images/inground-radius/datasheets/inground-radius-specification.pdf;Brochure=files/holectron/holectron-inground-radius-brochure-2025.pdf
Inground Radius,,,,,,,,,,,,,,,,,,,,Inground Radius R2950 48V 9.6W/m,IngroundR M EOP H100 R2950 L0384 / FL112/Nx.48V G5 09W T930 / OR.T1x,Stainless Steel,images/inground-radius/inground-radius-r2950-stainless-steel.jpg,3000K,CRI>90,DALI | 1-10V | Phase Dim,IP67,IK10,,"Middle segment · no end caps, 2 cables · opal cover · curve R2950mm, 7.5° · 384mm long · 48V DC, driver separate · FL112 (112 LEDs/m) 9.6W/m",3.6W,252lm,70lm/W,Diffused,Datasheet=images/inground-radius/datasheets/IngroundR_M_EOP_H100_R2950_L0384_FL112Nx48V_G5_09W_T930_ORT1x.pdf;Specification=images/inground-radius/datasheets/inground-radius-specification.pdf;Brochure=files/holectron/holectron-inground-radius-brochure-2025.pdf
Inground Radius,,,,,,,,,,,,,,,,,,,,Inground Radius R2950 48V 9.6W/m,IngroundR M EOP H100 R2950 L0384 / FL112/Nx.48V G5 09W T940 / OR.T1x,Stainless Steel,images/inground-radius/inground-radius-r2950-stainless-steel.jpg,4000K,CRI>90,DALI | 1-10V | Phase Dim,IP67,IK10,,"Middle segment · no end caps, 2 cables · opal cover · curve R2950mm, 7.5° · 384mm long · 48V DC, driver separate · FL112 (112 LEDs/m) 9.6W/m",3.6W,262lm,73lm/W,Diffused,Datasheet=images/inground-radius/datasheets/IngroundR_M_EOP_H100_R2950_L0384_FL112Nx48V_G5_09W_T940_ORT1x.pdf;Specification=images/inground-radius/datasheets/inground-radius-specification.pdf;Brochure=files/holectron/holectron-inground-radius-brochure-2025.pdf
Inground Radius,,,,,,,,,,,,,,,,,,,,Inground Radius R6100 24V 2.4W/m,IngroundR M EOP H100 R6100 L0382 / FL56/Nx G5 02W 922 / OR.T1x,Stainless Steel,images/inground-radius/inground-radius-r6100-stainless-steel.jpg,2200K,CRI>90,DALI | 1-10V | Phase Dim,IP67,IK10,,"Middle segment · no end caps, 2 cables · opal cover · curve R6100mm, 3.6° · 382mm long · 24V DC, driver separate · FL56 (56 LEDs/m) 2.4W/m",0.9W,40lm,44lm/W,Diffused,Datasheet=images/inground-radius/datasheets/IngroundR_M_EOP_H100_R6100_L0382_FL56Nx_G5_02W_922_ORT1x.pdf;Specification=images/inground-radius/datasheets/inground-radius-specification.pdf;Brochure=files/holectron/holectron-inground-radius-brochure-2025.pdf
Inground Radius,,,,,,,,,,,,,,,,,,,,Inground Radius R6100 24V 2.4W/m,IngroundR M EOP H100 R6100 L0382 / FL56/Nx G5 02W T927 / OR.T1x,Stainless Steel,images/inground-radius/inground-radius-r6100-stainless-steel.jpg,2700K,CRI>90,DALI | 1-10V | Phase Dim,IP67,IK10,,"Middle segment · no end caps, 2 cables · opal cover · curve R6100mm, 3.6° · 382mm long · 24V DC, driver separate · FL56 (56 LEDs/m) 2.4W/m",0.9W,60lm,67lm/W,Diffused,Datasheet=images/inground-radius/datasheets/IngroundR_M_EOP_H100_R6100_L0382_FL56Nx_G5_02W_T927_ORT1x.pdf;Specification=images/inground-radius/datasheets/inground-radius-specification.pdf;Brochure=files/holectron/holectron-inground-radius-brochure-2025.pdf
Inground Radius,,,,,,,,,,,,,,,,,,,,Inground Radius R6100 24V 2.4W/m,IngroundR M EOP H100 R6100 L0382 / FL56/Nx G5 02W T930 / OR.T1x,Stainless Steel,images/inground-radius/inground-radius-r6100-stainless-steel.jpg,3000K,CRI>90,DALI | 1-10V | Phase Dim,IP67,IK10,,"Middle segment · no end caps, 2 cables · opal cover · curve R6100mm, 3.6° · 382mm long · 24V DC, driver separate · FL56 (56 LEDs/m) 2.4W/m",0.9W,63lm,70lm/W,Diffused,Datasheet=images/inground-radius/datasheets/IngroundR_M_EOP_H100_R6100_L0382_FL56Nx_G5_02W_T930_ORT1x.pdf;Specification=images/inground-radius/datasheets/inground-radius-specification.pdf;Brochure=files/holectron/holectron-inground-radius-brochure-2025.pdf
Inground Radius,,,,,,,,,,,,,,,,,,,,Inground Radius R6100 24V 2.4W/m,IngroundR M EOP H100 R6100 L0382 / FL56/Nx G5 02W T940 / OR.T1x,Stainless Steel,images/inground-radius/inground-radius-r6100-stainless-steel.jpg,4000K,CRI>90,DALI | 1-10V | Phase Dim,IP67,IK10,,"Middle segment · no end caps, 2 cables · opal cover · curve R6100mm, 3.6° · 382mm long · 24V DC, driver separate · FL56 (56 LEDs/m) 2.4W/m",0.9W,66lm,73lm/W,Diffused,Datasheet=images/inground-radius/datasheets/IngroundR_M_EOP_H100_R6100_L0382_FL56Nx_G5_02W_T940_ORT1x.pdf;Specification=images/inground-radius/datasheets/inground-radius-specification.pdf;Brochure=files/holectron/holectron-inground-radius-brochure-2025.pdf
Inground Radius,,,,,,,,,,,,,,,,,,,,Inground Radius R6100 24V 4.8W/m,IngroundR M EOP H100 R6100 L0382 / FL56/Nx G5 04W 922 / OR.T1x,Stainless Steel,images/inground-radius/inground-radius-r6100-stainless-steel.jpg,2200K,CRI>90,DALI | 1-10V | Phase Dim,IP67,IK10,,"Middle segment · no end caps, 2 cables · opal cover · curve R6100mm, 3.6° · 382mm long · 24V DC, driver separate · FL56 (56 LEDs/m) 4.8W/m",1.8W,78lm,43lm/W,Diffused,Datasheet=images/inground-radius/datasheets/IngroundR_M_EOP_H100_R6100_L0382_FL56Nx_G5_04W_922_ORT1x.pdf;Specification=images/inground-radius/datasheets/inground-radius-specification.pdf;Brochure=files/holectron/holectron-inground-radius-brochure-2025.pdf
Inground Radius,,,,,,,,,,,,,,,,,,,,Inground Radius R6100 24V 4.8W/m,IngroundR M EOP H100 R6100 L0382 / FL56/Nx G5 04W T927 / OR.T1x,Stainless Steel,images/inground-radius/inground-radius-r6100-stainless-steel.jpg,2700K,CRI>90,DALI | 1-10V | Phase Dim,IP67,IK10,,"Middle segment · no end caps, 2 cables · opal cover · curve R6100mm, 3.6° · 382mm long · 24V DC, driver separate · FL56 (56 LEDs/m) 4.8W/m",1.8W,120lm,67lm/W,Diffused,Datasheet=images/inground-radius/datasheets/IngroundR_M_EOP_H100_R6100_L0382_FL56Nx_G5_04W_T927_ORT1x.pdf;Specification=images/inground-radius/datasheets/inground-radius-specification.pdf;Brochure=files/holectron/holectron-inground-radius-brochure-2025.pdf
Inground Radius,,,,,,,,,,,,,,,,,,,,Inground Radius R6100 24V 4.8W/m,IngroundR M EOP H100 R6100 L0382 / FL56/Nx G5 04W T930 / OR.T1x,Stainless Steel,images/inground-radius/inground-radius-r6100-stainless-steel.jpg,3000K,CRI>90,DALI | 1-10V | Phase Dim,IP67,IK10,,"Middle segment · no end caps, 2 cables · opal cover · curve R6100mm, 3.6° · 382mm long · 24V DC, driver separate · FL56 (56 LEDs/m) 4.8W/m",1.8W,126lm,70lm/W,Diffused,Datasheet=images/inground-radius/datasheets/IngroundR_M_EOP_H100_R6100_L0382_FL56Nx_G5_04W_T930_ORT1x.pdf;Specification=images/inground-radius/datasheets/inground-radius-specification.pdf;Brochure=files/holectron/holectron-inground-radius-brochure-2025.pdf
Inground Radius,,,,,,,,,,,,,,,,,,,,Inground Radius R6100 24V 4.8W/m,IngroundR M EOP H100 R6100 L0382 / FL56/Nx G5 04W T940 / OR.T1x,Stainless Steel,images/inground-radius/inground-radius-r6100-stainless-steel.jpg,4000K,CRI>90,DALI | 1-10V | Phase Dim,IP67,IK10,,"Middle segment · no end caps, 2 cables · opal cover · curve R6100mm, 3.6° · 382mm long · 24V DC, driver separate · FL56 (56 LEDs/m) 4.8W/m",1.8W,131lm,73lm/W,Diffused,Datasheet=images/inground-radius/datasheets/IngroundR_M_EOP_H100_R6100_L0382_FL56Nx_G5_04W_T940_ORT1x.pdf;Specification=images/inground-radius/datasheets/inground-radius-specification.pdf;Brochure=files/holectron/holectron-inground-radius-brochure-2025.pdf
Inground Radius,,,,,,,,,,,,,,,,,,,,Inground Radius R6100 24V 9.6W/m,IngroundR M EOP H100 R6100 L0382 / FL56/Nx G5 09W 922 / OR.T1x,Stainless Steel,images/inground-radius/inground-radius-r6100-stainless-steel.jpg,2200K,CRI>90,DALI | 1-10V | Phase Dim,IP67,IK10,,"Middle segment · no end caps, 2 cables · opal cover · curve R6100mm, 3.6° · 382mm long · 24V DC, driver separate · FL56 (56 LEDs/m) 9.6W/m",3.6W,153lm,43lm/W,Diffused,Datasheet=images/inground-radius/datasheets/IngroundR_M_EOP_H100_R6100_L0382_FL56Nx_G5_09W_922_ORT1x.pdf;Specification=images/inground-radius/datasheets/inground-radius-specification.pdf;Brochure=files/holectron/holectron-inground-radius-brochure-2025.pdf
Inground Radius,,,,,,,,,,,,,,,,,,,,Inground Radius R6100 24V 9.6W/m,IngroundR M EOP H100 R6100 L0382 / FL56/Nx G5 09W T927 / OR.T1x,Stainless Steel,images/inground-radius/inground-radius-r6100-stainless-steel.jpg,2700K,CRI>90,DALI | 1-10V | Phase Dim,IP67,IK10,,"Middle segment · no end caps, 2 cables · opal cover · curve R6100mm, 3.6° · 382mm long · 24V DC, driver separate · FL56 (56 LEDs/m) 9.6W/m",3.6W,235lm,65lm/W,Diffused,Datasheet=images/inground-radius/datasheets/IngroundR_M_EOP_H100_R6100_L0382_FL56Nx_G5_09W_T927_ORT1x.pdf;Specification=images/inground-radius/datasheets/inground-radius-specification.pdf;Brochure=files/holectron/holectron-inground-radius-brochure-2025.pdf
Inground Radius,,,,,,,,,,,,,,,,,,,,Inground Radius R6100 24V 9.6W/m,IngroundR M EOP H100 R6100 L0382 / FL56/Nx G5 09W T930 / OR.T1x,Stainless Steel,images/inground-radius/inground-radius-r6100-stainless-steel.jpg,3000K,CRI>90,DALI | 1-10V | Phase Dim,IP67,IK10,,"Middle segment · no end caps, 2 cables · opal cover · curve R6100mm, 3.6° · 382mm long · 24V DC, driver separate · FL56 (56 LEDs/m) 9.6W/m",3.6W,247lm,69lm/W,Diffused,Datasheet=images/inground-radius/datasheets/IngroundR_M_EOP_H100_R6100_L0382_FL56Nx_G5_09W_T930_ORT1x.pdf;Specification=images/inground-radius/datasheets/inground-radius-specification.pdf;Brochure=files/holectron/holectron-inground-radius-brochure-2025.pdf
Inground Radius,,,,,,,,,,,,,,,,,,,,Inground Radius R6100 24V 9.6W/m,IngroundR M EOP H100 R6100 L0382 / FL56/Nx G5 09W T940 / OR.T1x,Stainless Steel,images/inground-radius/inground-radius-r6100-stainless-steel.jpg,4000K,CRI>90,DALI | 1-10V | Phase Dim,IP67,IK10,,"Middle segment · no end caps, 2 cables · opal cover · curve R6100mm, 3.6° · 382mm long · 24V DC, driver separate · FL56 (56 LEDs/m) 9.6W/m",3.6W,257lm,71lm/W,Diffused,Datasheet=images/inground-radius/datasheets/IngroundR_M_EOP_H100_R6100_L0382_FL56Nx_G5_09W_T940_ORT1x.pdf;Specification=images/inground-radius/datasheets/inground-radius-specification.pdf;Brochure=files/holectron/holectron-inground-radius-brochure-2025.pdf
Inground Radius,,,,,,,,,,,,,,,,,,,,Inground Radius R6100 48V 4.8W/m,IngroundR M EOP H100 R6100 L0382 / FL112/Nx.48V G5 04W 922 / OR.T1x,Stainless Steel,images/inground-radius/inground-radius-r6100-stainless-steel.jpg,2200K,CRI>90,DALI | 1-10V | Phase Dim,IP67,IK10,,"Middle segment · no end caps, 2 cables · opal cover · curve R6100mm, 3.6° · 382mm long · 48V DC, driver separate · FL112 (112 LEDs/m) 4.8W/m",1.8W,80lm,44lm/W,Diffused,Datasheet=images/inground-radius/datasheets/IngroundR_M_EOP_H100_R6100_L0382_FL112Nx48V_G5_04W_922_ORT1x.pdf;Specification=images/inground-radius/datasheets/inground-radius-specification.pdf;Brochure=files/holectron/holectron-inground-radius-brochure-2025.pdf
Inground Radius,,,,,,,,,,,,,,,,,,,,Inground Radius R6100 48V 4.8W/m,IngroundR M EOP H100 R6100 L0382 / FL112/Nx.48V G5 04W T927 / OR.T1x,Stainless Steel,images/inground-radius/inground-radius-r6100-stainless-steel.jpg,2700K,CRI>90,DALI | 1-10V | Phase Dim,IP67,IK10,,"Middle segment · no end caps, 2 cables · opal cover · curve R6100mm, 3.6° · 382mm long · 48V DC, driver separate · FL112 (112 LEDs/m) 4.8W/m",1.8W,121lm,67lm/W,Diffused,Datasheet=images/inground-radius/datasheets/IngroundR_M_EOP_H100_R6100_L0382_FL112Nx48V_G5_04W_T927_ORT1x.pdf;Specification=images/inground-radius/datasheets/inground-radius-specification.pdf;Brochure=files/holectron/holectron-inground-radius-brochure-2025.pdf
Inground Radius,,,,,,,,,,,,,,,,,,,,Inground Radius R6100 48V 4.8W/m,IngroundR M EOP H100 R6100 L0382 / FL112/Nx.48V G5 04W T930 / OR.T1x,Stainless Steel,images/inground-radius/inground-radius-r6100-stainless-steel.jpg,3000K,CRI>90,DALI | 1-10V | Phase Dim,IP67,IK10,,"Middle segment · no end caps, 2 cables · opal cover · curve R6100mm, 3.6° · 382mm long · 48V DC, driver separate · FL112 (112 LEDs/m) 4.8W/m",1.8W,127lm,71lm/W,Diffused,Datasheet=images/inground-radius/datasheets/IngroundR_M_EOP_H100_R6100_L0382_FL112Nx48V_G5_04W_T930_ORT1x.pdf;Specification=images/inground-radius/datasheets/inground-radius-specification.pdf;Brochure=files/holectron/holectron-inground-radius-brochure-2025.pdf
Inground Radius,,,,,,,,,,,,,,,,,,,,Inground Radius R6100 48V 4.8W/m,IngroundR M EOP H100 R6100 L0382 / FL112/Nx.48V G5 04W T940 / OR.T1x,Stainless Steel,images/inground-radius/inground-radius-r6100-stainless-steel.jpg,4000K,CRI>90,DALI | 1-10V | Phase Dim,IP67,IK10,,"Middle segment · no end caps, 2 cables · opal cover · curve R6100mm, 3.6° · 382mm long · 48V DC, driver separate · FL112 (112 LEDs/m) 4.8W/m",1.8W,132lm,73lm/W,Diffused,Datasheet=images/inground-radius/datasheets/IngroundR_M_EOP_H100_R6100_L0382_FL112Nx48V_G5_04W_T940_ORT1x.pdf;Specification=images/inground-radius/datasheets/inground-radius-specification.pdf;Brochure=files/holectron/holectron-inground-radius-brochure-2025.pdf
Inground Radius,,,,,,,,,,,,,,,,,,,,Inground Radius R6100 48V 9.6W/m,IngroundR M EOP H100 R6100 L0382 / FL112/Nx.48V G5 09W 922 / OR.T1x,Stainless Steel,images/inground-radius/inground-radius-r6100-stainless-steel.jpg,2200K,CRI>90,DALI | 1-10V | Phase Dim,IP67,IK10,,"Middle segment · no end caps, 2 cables · opal cover · curve R6100mm, 3.6° · 382mm long · 48V DC, driver separate · FL112 (112 LEDs/m) 9.6W/m",3.6W,157lm,44lm/W,Diffused,Datasheet=images/inground-radius/datasheets/IngroundR_M_EOP_H100_R6100_L0382_FL112Nx48V_G5_09W_922_ORT1x.pdf;Specification=images/inground-radius/datasheets/inground-radius-specification.pdf;Brochure=files/holectron/holectron-inground-radius-brochure-2025.pdf
Inground Radius,,,,,,,,,,,,,,,,,,,,Inground Radius R6100 48V 9.6W/m,IngroundR M EOP H100 R6100 L0382 / FL112/Nx.48V G5 09W T927 / OR.T1x,Stainless Steel,images/inground-radius/inground-radius-r6100-stainless-steel.jpg,2700K,CRI>90,DALI | 1-10V | Phase Dim,IP67,IK10,,"Middle segment · no end caps, 2 cables · opal cover · curve R6100mm, 3.6° · 382mm long · 48V DC, driver separate · FL112 (112 LEDs/m) 9.6W/m",3.6W,240lm,67lm/W,Diffused,Datasheet=images/inground-radius/datasheets/IngroundR_M_EOP_H100_R6100_L0382_FL112Nx48V_G5_09W_T927_ORT1x.pdf;Specification=images/inground-radius/datasheets/inground-radius-specification.pdf;Brochure=files/holectron/holectron-inground-radius-brochure-2025.pdf
Inground Radius,,,,,,,,,,,,,,,,,,,,Inground Radius R6100 48V 9.6W/m,IngroundR M EOP H100 R6100 L0382 / FL112/Nx.48V G5 09W T930 / OR.T1x,Stainless Steel,images/inground-radius/inground-radius-r6100-stainless-steel.jpg,3000K,CRI>90,DALI | 1-10V | Phase Dim,IP67,IK10,,"Middle segment · no end caps, 2 cables · opal cover · curve R6100mm, 3.6° · 382mm long · 48V DC, driver separate · FL112 (112 LEDs/m) 9.6W/m",3.6W,252lm,70lm/W,Diffused,Datasheet=images/inground-radius/datasheets/IngroundR_M_EOP_H100_R6100_L0382_FL112Nx48V_G5_09W_T930_ORT1x.pdf;Specification=images/inground-radius/datasheets/inground-radius-specification.pdf;Brochure=files/holectron/holectron-inground-radius-brochure-2025.pdf
Inground Radius,,,,,,,,,,,,,,,,,,,,Inground Radius R6100 48V 9.6W/m,IngroundR M EOP H100 R6100 L0382 / FL112/Nx.48V G5 09W T940 / OR.T1x,Stainless Steel,images/inground-radius/inground-radius-r6100-stainless-steel.jpg,4000K,CRI>90,DALI | 1-10V | Phase Dim,IP67,IK10,,"Middle segment · no end caps, 2 cables · opal cover · curve R6100mm, 3.6° · 382mm long · 48V DC, driver separate · FL112 (112 LEDs/m) 9.6W/m",3.6W,262lm,73lm/W,Diffused,Datasheet=images/inground-radius/datasheets/IngroundR_M_EOP_H100_R6100_L0382_FL112Nx48V_G5_09W_T940_ORT1x.pdf;Specification=images/inground-radius/datasheets/inground-radius-specification.pdf;Brochure=files/holectron/holectron-inground-radius-brochure-2025.pdf
Inground Radius,,,,,,,,,,,,,,,,,,,,Inground Radius L505 24V 2.4W/m,IngroundR E EOP H100 R0000 L0505 / FL56/Nx G5 02W 922 / OR.T1x,Stainless Steel,images/inground-radius/inground-radius-l505-stainless-steel.jpg,2200K,CRI>90,DALI | 1-10V | Phase Dim,IP67,IK10,,"End segment · end cap at end, 1 cable · opal cover · straight · 505mm long · 24V DC, driver separate · FL56 (56 LEDs/m) 2.4W/m",1.2W,53lm,44lm/W,Diffused,Datasheet=images/inground-radius/datasheets/IngroundR_E_EOP_H100_R0000_L0505_FL56Nx_G5_02W_922_ORT1x.pdf;Specification=images/inground-radius/datasheets/inground-radius-specification.pdf;Brochure=files/holectron/holectron-inground-radius-brochure-2025.pdf
Inground Radius,,,,,,,,,,,,,,,,,,,,Inground Radius L505 24V 2.4W/m,IngroundR E EOP H100 R0000 L0505 / FL56/Nx G5 02W T927 / OR.T1x,Stainless Steel,images/inground-radius/inground-radius-l505-stainless-steel.jpg,2700K,CRI>90,DALI | 1-10V | Phase Dim,IP67,IK10,,"End segment · end cap at end, 1 cable · opal cover · straight · 505mm long · 24V DC, driver separate · FL56 (56 LEDs/m) 2.4W/m",1.2W,81lm,68lm/W,Diffused,Datasheet=images/inground-radius/datasheets/IngroundR_E_EOP_H100_R0000_L0505_FL56Nx_G5_02W_T927_ORT1x.pdf;Specification=images/inground-radius/datasheets/inground-radius-specification.pdf;Brochure=files/holectron/holectron-inground-radius-brochure-2025.pdf
Inground Radius,,,,,,,,,,,,,,,,,,,,Inground Radius L505 24V 2.4W/m,IngroundR E EOP H100 R0000 L0505 / FL56/Nx G5 02W T930 / OR.T1x,Stainless Steel,images/inground-radius/inground-radius-l505-stainless-steel.jpg,3000K,CRI>90,DALI | 1-10V | Phase Dim,IP67,IK10,,"End segment · end cap at end, 1 cable · opal cover · straight · 505mm long · 24V DC, driver separate · FL56 (56 LEDs/m) 2.4W/m",1.2W,85lm,71lm/W,Diffused,Datasheet=images/inground-radius/datasheets/IngroundR_E_EOP_H100_R0000_L0505_FL56Nx_G5_02W_T930_ORT1x.pdf;Specification=images/inground-radius/datasheets/inground-radius-specification.pdf;Brochure=files/holectron/holectron-inground-radius-brochure-2025.pdf
Inground Radius,,,,,,,,,,,,,,,,,,,,Inground Radius L505 24V 2.4W/m,IngroundR E EOP H100 R0000 L0505 / FL56/Nx G5 02W T940 / OR.T1x,Stainless Steel,images/inground-radius/inground-radius-l505-stainless-steel.jpg,4000K,CRI>90,DALI | 1-10V | Phase Dim,IP67,IK10,,"End segment · end cap at end, 1 cable · opal cover · straight · 505mm long · 24V DC, driver separate · FL56 (56 LEDs/m) 2.4W/m",1.2W,88lm,73lm/W,Diffused,Datasheet=images/inground-radius/datasheets/IngroundR_E_EOP_H100_R0000_L0505_FL56Nx_G5_02W_T940_ORT1x.pdf;Specification=images/inground-radius/datasheets/inground-radius-specification.pdf;Brochure=files/holectron/holectron-inground-radius-brochure-2025.pdf
Inground Radius,,,,,,,,,,,,,,,,,,,,Inground Radius L505 24V 4.8W/m,IngroundR E EOP H100 R0000 L0505 / FL56/Nx G5 04W 922 / OR.T1x,Stainless Steel,images/inground-radius/inground-radius-l505-stainless-steel.jpg,2200K,CRI>90,DALI | 1-10V | Phase Dim,IP67,IK10,,"End segment · end cap at end, 1 cable · opal cover · straight · 505mm long · 24V DC, driver separate · FL56 (56 LEDs/m) 4.8W/m",2.4W,104lm,43lm/W,Diffused,Datasheet=images/inground-radius/datasheets/IngroundR_E_EOP_H100_R0000_L0505_FL56Nx_G5_04W_922_ORT1x.pdf;Specification=images/inground-radius/datasheets/inground-radius-specification.pdf;Brochure=files/holectron/holectron-inground-radius-brochure-2025.pdf
Inground Radius,,,,,,,,,,,,,,,,,,,,Inground Radius L505 24V 4.8W/m,IngroundR E EOP H100 R0000 L0505 / FL56/Nx G5 04W T927 / OR.T1x,Stainless Steel,images/inground-radius/inground-radius-l505-stainless-steel.jpg,2700K,CRI>90,DALI | 1-10V | Phase Dim,IP67,IK10,,"End segment · end cap at end, 1 cable · opal cover · straight · 505mm long · 24V DC, driver separate · FL56 (56 LEDs/m) 4.8W/m",2.4W,160lm,67lm/W,Diffused,Datasheet=images/inground-radius/datasheets/IngroundR_E_EOP_H100_R0000_L0505_FL56Nx_G5_04W_T927_ORT1x.pdf;Specification=images/inground-radius/datasheets/inground-radius-specification.pdf;Brochure=files/holectron/holectron-inground-radius-brochure-2025.pdf
Inground Radius,,,,,,,,,,,,,,,,,,,,Inground Radius L505 24V 4.8W/m,IngroundR E EOP H100 R0000 L0505 / FL56/Nx G5 04W T930 / OR.T1x,Stainless Steel,images/inground-radius/inground-radius-l505-stainless-steel.jpg,3000K,CRI>90,DALI | 1-10V | Phase Dim,IP67,IK10,,"End segment · end cap at end, 1 cable · opal cover · straight · 505mm long · 24V DC, driver separate · FL56 (56 LEDs/m) 4.8W/m",2.4W,168lm,70lm/W,Diffused,Datasheet=images/inground-radius/datasheets/IngroundR_E_EOP_H100_R0000_L0505_FL56Nx_G5_04W_T930_ORT1x.pdf;Specification=images/inground-radius/datasheets/inground-radius-specification.pdf;Brochure=files/holectron/holectron-inground-radius-brochure-2025.pdf
Inground Radius,,,,,,,,,,,,,,,,,,,,Inground Radius L505 24V 4.8W/m,IngroundR E EOP H100 R0000 L0505 / FL56/Nx G5 04W T940 / OR.T1x,Stainless Steel,images/inground-radius/inground-radius-l505-stainless-steel.jpg,4000K,CRI>90,DALI | 1-10V | Phase Dim,IP67,IK10,,"End segment · end cap at end, 1 cable · opal cover · straight · 505mm long · 24V DC, driver separate · FL56 (56 LEDs/m) 4.8W/m",2.4W,175lm,73lm/W,Diffused,Datasheet=images/inground-radius/datasheets/IngroundR_E_EOP_H100_R0000_L0505_FL56Nx_G5_04W_T940_ORT1x.pdf;Specification=images/inground-radius/datasheets/inground-radius-specification.pdf;Brochure=files/holectron/holectron-inground-radius-brochure-2025.pdf
Inground Radius,,,,,,,,,,,,,,,,,,,,Inground Radius L505 24V 9.6W/m,IngroundR E EOP H100 R0000 L0505 / FL56/Nx G5 09W 922 / OR.T1x,Stainless Steel,images/inground-radius/inground-radius-l505-stainless-steel.jpg,2200K,CRI>90,DALI | 1-10V | Phase Dim,IP67,IK10,,"End segment · end cap at end, 1 cable · opal cover · straight · 505mm long · 24V DC, driver separate · FL56 (56 LEDs/m) 9.6W/m",4.8W,204lm,43lm/W,Diffused,Datasheet=images/inground-radius/datasheets/IngroundR_E_EOP_H100_R0000_L0505_FL56Nx_G5_09W_922_ORT1x.pdf;Specification=images/inground-radius/datasheets/inground-radius-specification.pdf;Brochure=files/holectron/holectron-inground-radius-brochure-2025.pdf
Inground Radius,,,,,,,,,,,,,,,,,,,,Inground Radius L505 24V 9.6W/m,IngroundR E EOP H100 R0000 L0505 / FL56/Nx G5 09W T927 / OR.T1x,Stainless Steel,images/inground-radius/inground-radius-l505-stainless-steel.jpg,2700K,CRI>90,DALI | 1-10V | Phase Dim,IP67,IK10,,"End segment · end cap at end, 1 cable · opal cover · straight · 505mm long · 24V DC, driver separate · FL56 (56 LEDs/m) 9.6W/m",4.8W,314lm,65lm/W,Diffused,Datasheet=images/inground-radius/datasheets/IngroundR_E_EOP_H100_R0000_L0505_FL56Nx_G5_09W_T927_ORT1x.pdf;Specification=images/inground-radius/datasheets/inground-radius-specification.pdf;Brochure=files/holectron/holectron-inground-radius-brochure-2025.pdf
Inground Radius,,,,,,,,,,,,,,,,,,,,Inground Radius L505 24V 9.6W/m,IngroundR E EOP H100 R0000 L0505 / FL56/Nx G5 09W T930 / OR.T1x,Stainless Steel,images/inground-radius/inground-radius-l505-stainless-steel.jpg,3000K,CRI>90,DALI | 1-10V | Phase Dim,IP67,IK10,,"End segment · end cap at end, 1 cable · opal cover · straight · 505mm long · 24V DC, driver separate · FL56 (56 LEDs/m) 9.6W/m",4.8W,330lm,69lm/W,Diffused,Datasheet=images/inground-radius/datasheets/IngroundR_E_EOP_H100_R0000_L0505_FL56Nx_G5_09W_T930_ORT1x.pdf;Specification=images/inground-radius/datasheets/inground-radius-specification.pdf;Brochure=files/holectron/holectron-inground-radius-brochure-2025.pdf
Inground Radius,,,,,,,,,,,,,,,,,,,,Inground Radius L505 24V 9.6W/m,IngroundR E EOP H100 R0000 L0505 / FL56/Nx G5 09W T940 / OR.T1x,Stainless Steel,images/inground-radius/inground-radius-l505-stainless-steel.jpg,4000K,CRI>90,DALI | 1-10V | Phase Dim,IP67,IK10,,"End segment · end cap at end, 1 cable · opal cover · straight · 505mm long · 24V DC, driver separate · FL56 (56 LEDs/m) 9.6W/m",4.8W,343lm,71lm/W,Diffused,Datasheet=images/inground-radius/datasheets/IngroundR_E_EOP_H100_R0000_L0505_FL56Nx_G5_09W_T940_ORT1x.pdf;Specification=images/inground-radius/datasheets/inground-radius-specification.pdf;Brochure=files/holectron/holectron-inground-radius-brochure-2025.pdf
Inground Radius,,,,,,,,,,,,,,,,,,,,Inground Radius L505 48V 4.8W/m,IngroundR E EOP H100 R0000 L0505 / FL112/Nx.48V G5 04W 922 / OR.T1x,Stainless Steel,images/inground-radius/inground-radius-l505-stainless-steel.jpg,2200K,CRI>90,DALI | 1-10V | Phase Dim,IP67,IK10,,"End segment · end cap at end, 1 cable · opal cover · straight · 505mm long · 48V DC, driver separate · FL112 (112 LEDs/m) 4.8W/m",2.4W,107lm,45lm/W,Diffused,Datasheet=images/inground-radius/datasheets/IngroundR_E_EOP_H100_R0000_L0505_FL112Nx48V_G5_04W_922_ORT1x.pdf;Specification=images/inground-radius/datasheets/inground-radius-specification.pdf;Brochure=files/holectron/holectron-inground-radius-brochure-2025.pdf
Inground Radius,,,,,,,,,,,,,,,,,,,,Inground Radius L505 48V 4.8W/m,IngroundR E EOP H100 R0000 L0505 / FL112/Nx.48V G5 04W T927 / OR.T1x,Stainless Steel,images/inground-radius/inground-radius-l505-stainless-steel.jpg,2700K,CRI>90,DALI | 1-10V | Phase Dim,IP67,IK10,,"End segment · end cap at end, 1 cable · opal cover · straight · 505mm long · 48V DC, driver separate · FL112 (112 LEDs/m) 4.8W/m",2.4W,161lm,67lm/W,Diffused,Datasheet=images/inground-radius/datasheets/IngroundR_E_EOP_H100_R0000_L0505_FL112Nx48V_G5_04W_T927_ORT1x.pdf;Specification=images/inground-radius/datasheets/inground-radius-specification.pdf;Brochure=files/holectron/holectron-inground-radius-brochure-2025.pdf
Inground Radius,,,,,,,,,,,,,,,,,,,,Inground Radius L505 48V 4.8W/m,IngroundR E EOP H100 R0000 L0505 / FL112/Nx.48V G5 04W T930 / OR.T1x,Stainless Steel,images/inground-radius/inground-radius-l505-stainless-steel.jpg,3000K,CRI>90,DALI | 1-10V | Phase Dim,IP67,IK10,,"End segment · end cap at end, 1 cable · opal cover · straight · 505mm long · 48V DC, driver separate · FL112 (112 LEDs/m) 4.8W/m",2.4W,170lm,71lm/W,Diffused,Datasheet=images/inground-radius/datasheets/IngroundR_E_EOP_H100_R0000_L0505_FL112Nx48V_G5_04W_T930_ORT1x.pdf;Specification=images/inground-radius/datasheets/inground-radius-specification.pdf;Brochure=files/holectron/holectron-inground-radius-brochure-2025.pdf
Inground Radius,,,,,,,,,,,,,,,,,,,,Inground Radius L505 48V 4.8W/m,IngroundR E EOP H100 R0000 L0505 / FL112/Nx.48V G5 04W T940 / OR.T1x,Stainless Steel,images/inground-radius/inground-radius-l505-stainless-steel.jpg,4000K,CRI>90,DALI | 1-10V | Phase Dim,IP67,IK10,,"End segment · end cap at end, 1 cable · opal cover · straight · 505mm long · 48V DC, driver separate · FL112 (112 LEDs/m) 4.8W/m",2.4W,176lm,73lm/W,Diffused,Datasheet=images/inground-radius/datasheets/IngroundR_E_EOP_H100_R0000_L0505_FL112Nx48V_G5_04W_T940_ORT1x.pdf;Specification=images/inground-radius/datasheets/inground-radius-specification.pdf;Brochure=files/holectron/holectron-inground-radius-brochure-2025.pdf
Inground Radius,,,,,,,,,,,,,,,,,,,,Inground Radius L505 48V 9.6W/m,IngroundR E EOP H100 R0000 L0505 / FL112/Nx.48V G5 09W 922 / OR.T1x,Stainless Steel,images/inground-radius/inground-radius-l505-stainless-steel.jpg,2200K,CRI>90,DALI | 1-10V | Phase Dim,IP67,IK10,,"End segment · end cap at end, 1 cable · opal cover · straight · 505mm long · 48V DC, driver separate · FL112 (112 LEDs/m) 9.6W/m",4.8W,209lm,44lm/W,Diffused,Datasheet=images/inground-radius/datasheets/IngroundR_E_EOP_H100_R0000_L0505_FL112Nx48V_G5_09W_922_ORT1x.pdf;Specification=images/inground-radius/datasheets/inground-radius-specification.pdf;Brochure=files/holectron/holectron-inground-radius-brochure-2025.pdf
Inground Radius,,,,,,,,,,,,,,,,,,,,Inground Radius L505 48V 9.6W/m,IngroundR E EOP H100 R0000 L0505 / FL112/Nx.48V G5 09W T927 / OR.T1x,Stainless Steel,images/inground-radius/inground-radius-l505-stainless-steel.jpg,2700K,CRI>90,DALI | 1-10V | Phase Dim,IP67,IK10,,"End segment · end cap at end, 1 cable · opal cover · straight · 505mm long · 48V DC, driver separate · FL112 (112 LEDs/m) 9.6W/m",4.8W,320lm,67lm/W,Diffused,Datasheet=images/inground-radius/datasheets/IngroundR_E_EOP_H100_R0000_L0505_FL112Nx48V_G5_09W_T927_ORT1x.pdf;Specification=images/inground-radius/datasheets/inground-radius-specification.pdf;Brochure=files/holectron/holectron-inground-radius-brochure-2025.pdf
Inground Radius,,,,,,,,,,,,,,,,,,,,Inground Radius L505 48V 9.6W/m,IngroundR E EOP H100 R0000 L0505 / FL112/Nx.48V G5 09W T930 / OR.T1x,Stainless Steel,images/inground-radius/inground-radius-l505-stainless-steel.jpg,3000K,CRI>90,DALI | 1-10V | Phase Dim,IP67,IK10,,"End segment · end cap at end, 1 cable · opal cover · straight · 505mm long · 48V DC, driver separate · FL112 (112 LEDs/m) 9.6W/m",4.8W,336lm,70lm/W,Diffused,Datasheet=images/inground-radius/datasheets/IngroundR_E_EOP_H100_R0000_L0505_FL112Nx48V_G5_09W_T930_ORT1x.pdf;Specification=images/inground-radius/datasheets/inground-radius-specification.pdf;Brochure=files/holectron/holectron-inground-radius-brochure-2025.pdf
Inground Radius,,,,,,,,,,,,,,,,,,,,Inground Radius L505 48V 9.6W/m,IngroundR E EOP H100 R0000 L0505 / FL112/Nx.48V G5 09W T940 / OR.T1x,Stainless Steel,images/inground-radius/inground-radius-l505-stainless-steel.jpg,4000K,CRI>90,DALI | 1-10V | Phase Dim,IP67,IK10,,"End segment · end cap at end, 1 cable · opal cover · straight · 505mm long · 48V DC, driver separate · FL112 (112 LEDs/m) 9.6W/m",4.8W,349lm,73lm/W,Diffused,Datasheet=images/inground-radius/datasheets/IngroundR_E_EOP_H100_R0000_L0505_FL112Nx48V_G5_09W_T940_ORT1x.pdf;Specification=images/inground-radius/datasheets/inground-radius-specification.pdf;Brochure=files/holectron/holectron-inground-radius-brochure-2025.pdf
Inground Radius,,,,,,,,,,,,,,,,,,,,Inground Radius L1005 24V 2.4W/m,IngroundR E EOP H100 R0000 L1005 / FL56/Nx G5 02W 922 / OR.T1x,Stainless Steel,images/inground-radius/inground-radius-l1005-stainless-steel.jpg,2200K,CRI>90,DALI | 1-10V | Phase Dim,IP67,IK10,,"End segment · end cap at end, 1 cable · opal cover · straight · 1005mm long · 24V DC, driver separate · FL56 (56 LEDs/m) 2.4W/m",2.4W,106lm,44lm/W,Diffused,Datasheet=images/inground-radius/datasheets/IngroundR_E_EOP_H100_R0000_L1005_FL56Nx_G5_02W_922_ORT1x.pdf;Specification=images/inground-radius/datasheets/inground-radius-specification.pdf;Brochure=files/holectron/holectron-inground-radius-brochure-2025.pdf
Inground Radius,,,,,,,,,,,,,,,,,,,,Inground Radius L1005 24V 2.4W/m,IngroundR E EOP H100 R0000 L1005 / FL56/Nx G5 02W T927 / OR.T1x,Stainless Steel,images/inground-radius/inground-radius-l1005-stainless-steel.jpg,2700K,CRI>90,DALI | 1-10V | Phase Dim,IP67,IK10,,"End segment · end cap at end, 1 cable · opal cover · straight · 1005mm long · 24V DC, driver separate · FL56 (56 LEDs/m) 2.4W/m",2.4W,161lm,67lm/W,Diffused,Datasheet=images/inground-radius/datasheets/IngroundR_E_EOP_H100_R0000_L1005_FL56Nx_G5_02W_T927_ORT1x.pdf;Specification=images/inground-radius/datasheets/inground-radius-specification.pdf;Brochure=files/holectron/holectron-inground-radius-brochure-2025.pdf
Inground Radius,,,,,,,,,,,,,,,,,,,,Inground Radius L1005 24V 2.4W/m,IngroundR E EOP H100 R0000 L1005 / FL56/Nx G5 02W T930 / OR.T1x,Stainless Steel,images/inground-radius/inground-radius-l1005-stainless-steel.jpg,3000K,CRI>90,DALI | 1-10V | Phase Dim,IP67,IK10,,"End segment · end cap at end, 1 cable · opal cover · straight · 1005mm long · 24V DC, driver separate · FL56 (56 LEDs/m) 2.4W/m",2.4W,169lm,70lm/W,Diffused,Datasheet=images/inground-radius/datasheets/IngroundR_E_EOP_H100_R0000_L1005_FL56Nx_G5_02W_T930_ORT1x.pdf;Specification=images/inground-radius/datasheets/inground-radius-specification.pdf;Brochure=files/holectron/holectron-inground-radius-brochure-2025.pdf
Inground Radius,,,,,,,,,,,,,,,,,,,,Inground Radius L1005 24V 2.4W/m,IngroundR E EOP H100 R0000 L1005 / FL56/Nx G5 02W T940 / OR.T1x,Stainless Steel,images/inground-radius/inground-radius-l1005-stainless-steel.jpg,4000K,CRI>90,DALI | 1-10V | Phase Dim,IP67,IK10,,"End segment · end cap at end, 1 cable · opal cover · straight · 1005mm long · 24V DC, driver separate · FL56 (56 LEDs/m) 2.4W/m",2.4W,176lm,73lm/W,Diffused,Datasheet=images/inground-radius/datasheets/IngroundR_E_EOP_H100_R0000_L1005_FL56Nx_G5_02W_T940_ORT1x.pdf;Specification=images/inground-radius/datasheets/inground-radius-specification.pdf;Brochure=files/holectron/holectron-inground-radius-brochure-2025.pdf
Inground Radius,,,,,,,,,,,,,,,,,,,,Inground Radius L1005 24V 4.8W/m,IngroundR E EOP H100 R0000 L1005 / FL56/Nx G5 04W 922 / OR.T1x,Stainless Steel,images/inground-radius/inground-radius-l1005-stainless-steel.jpg,2200K,CRI>90,DALI | 1-10V | Phase Dim,IP67,IK10,,"End segment · end cap at end, 1 cable · opal cover · straight · 1005mm long · 24V DC, driver separate · FL56 (56 LEDs/m) 4.8W/m",4.8W,209lm,44lm/W,Diffused,Datasheet=images/inground-radius/datasheets/IngroundR_E_EOP_H100_R0000_L1005_FL56Nx_G5_04W_922_ORT1x.pdf;Specification=images/inground-radius/datasheets/inground-radius-specification.pdf;Brochure=files/holectron/holectron-inground-radius-brochure-2025.pdf
Inground Radius,,,,,,,,,,,,,,,,,,,,Inground Radius L1005 24V 4.8W/m,IngroundR E EOP H100 R0000 L1005 / FL56/Nx G5 04W T927 / OR.T1x,Stainless Steel,images/inground-radius/inground-radius-l1005-stainless-steel.jpg,2700K,CRI>90,DALI | 1-10V | Phase Dim,IP67,IK10,,"End segment · end cap at end, 1 cable · opal cover · straight · 1005mm long · 24V DC, driver separate · FL56 (56 LEDs/m) 4.8W/m",4.8W,320lm,67lm/W,Diffused,Datasheet=images/inground-radius/datasheets/IngroundR_E_EOP_H100_R0000_L1005_FL56Nx_G5_04W_T927_ORT1x.pdf;Specification=images/inground-radius/datasheets/inground-radius-specification.pdf;Brochure=files/holectron/holectron-inground-radius-brochure-2025.pdf
Inground Radius,,,,,,,,,,,,,,,,,,,,Inground Radius L1005 24V 4.8W/m,IngroundR E EOP H100 R0000 L1005 / FL56/Nx G5 04W T930 / OR.T1x,Stainless Steel,images/inground-radius/inground-radius-l1005-stainless-steel.jpg,3000K,CRI>90,DALI | 1-10V | Phase Dim,IP67,IK10,,"End segment · end cap at end, 1 cable · opal cover · straight · 1005mm long · 24V DC, driver separate · FL56 (56 LEDs/m) 4.8W/m",4.8W,336lm,70lm/W,Diffused,Datasheet=images/inground-radius/datasheets/IngroundR_E_EOP_H100_R0000_L1005_FL56Nx_G5_04W_T930_ORT1x.pdf;Specification=images/inground-radius/datasheets/inground-radius-specification.pdf;Brochure=files/holectron/holectron-inground-radius-brochure-2025.pdf
Inground Radius,,,,,,,,,,,,,,,,,,,,Inground Radius L1005 24V 4.8W/m,IngroundR E EOP H100 R0000 L1005 / FL56/Nx G5 04W T940 / OR.T1x,Stainless Steel,images/inground-radius/inground-radius-l1005-stainless-steel.jpg,4000K,CRI>90,DALI | 1-10V | Phase Dim,IP67,IK10,,"End segment · end cap at end, 1 cable · opal cover · straight · 1005mm long · 24V DC, driver separate · FL56 (56 LEDs/m) 4.8W/m",4.8W,349lm,73lm/W,Diffused,Datasheet=images/inground-radius/datasheets/IngroundR_E_EOP_H100_R0000_L1005_FL56Nx_G5_04W_T940_ORT1x.pdf;Specification=images/inground-radius/datasheets/inground-radius-specification.pdf;Brochure=files/holectron/holectron-inground-radius-brochure-2025.pdf
Inground Radius,,,,,,,,,,,,,,,,,,,,Inground Radius L1005 24V 9.6W/m,IngroundR E EOP H100 R0000 L1005 / FL56/Nx G5 09W 922 / OR.T1x,Stainless Steel,images/inground-radius/inground-radius-l1005-stainless-steel.jpg,2200K,CRI>90,DALI | 1-10V | Phase Dim,IP67,IK10,,"End segment · end cap at end, 1 cable · opal cover · straight · 1005mm long · 24V DC, driver separate · FL56 (56 LEDs/m) 9.6W/m",9.6W,407lm,42lm/W,Diffused,Datasheet=images/inground-radius/datasheets/IngroundR_E_EOP_H100_R0000_L1005_FL56Nx_G5_09W_922_ORT1x.pdf;Specification=images/inground-radius/datasheets/inground-radius-specification.pdf;Brochure=files/holectron/holectron-inground-radius-brochure-2025.pdf
Inground Radius,,,,,,,,,,,,,,,,,,,,Inground Radius L1005 24V 9.6W/m,IngroundR E EOP H100 R0000 L1005 / FL56/Nx G5 09W T927 / OR.T1x,Stainless Steel,images/inground-radius/inground-radius-l1005-stainless-steel.jpg,2700K,CRI>90,DALI | 1-10V | Phase Dim,IP67,IK10,,"End segment · end cap at end, 1 cable · opal cover · straight · 1005mm long · 24V DC, driver separate · FL56 (56 LEDs/m) 9.6W/m",9.6W,627lm,65lm/W,Diffused,Datasheet=images/inground-radius/datasheets/IngroundR_E_EOP_H100_R0000_L1005_FL56Nx_G5_09W_T927_ORT1x.pdf;Specification=images/inground-radius/datasheets/inground-radius-specification.pdf;Brochure=files/holectron/holectron-inground-radius-brochure-2025.pdf
Inground Radius,,,,,,,,,,,,,,,,,,,,Inground Radius L1005 24V 9.6W/m,IngroundR E EOP H100 R0000 L1005 / FL56/Nx G5 09W T930 / OR.T1x,Stainless Steel,images/inground-radius/inground-radius-l1005-stainless-steel.jpg,3000K,CRI>90,DALI | 1-10V | Phase Dim,IP67,IK10,,"End segment · end cap at end, 1 cable · opal cover · straight · 1005mm long · 24V DC, driver separate · FL56 (56 LEDs/m) 9.6W/m",9.6W,660lm,69lm/W,Diffused,Datasheet=images/inground-radius/datasheets/IngroundR_E_EOP_H100_R0000_L1005_FL56Nx_G5_09W_T930_ORT1x.pdf;Specification=images/inground-radius/datasheets/inground-radius-specification.pdf;Brochure=files/holectron/holectron-inground-radius-brochure-2025.pdf
Inground Radius,,,,,,,,,,,,,,,,,,,,Inground Radius L1005 24V 9.6W/m,IngroundR E EOP H100 R0000 L1005 / FL56/Nx G5 09W T940 / OR.T1x,Stainless Steel,images/inground-radius/inground-radius-l1005-stainless-steel.jpg,4000K,CRI>90,DALI | 1-10V | Phase Dim,IP67,IK10,,"End segment · end cap at end, 1 cable · opal cover · straight · 1005mm long · 24V DC, driver separate · FL56 (56 LEDs/m) 9.6W/m",9.6W,686lm,71lm/W,Diffused,Datasheet=images/inground-radius/datasheets/IngroundR_E_EOP_H100_R0000_L1005_FL56Nx_G5_09W_T940_ORT1x.pdf;Specification=images/inground-radius/datasheets/inground-radius-specification.pdf;Brochure=files/holectron/holectron-inground-radius-brochure-2025.pdf
Inground Radius,,,,,,,,,,,,,,,,,,,,Inground Radius L1005 48V 4.8W/m,IngroundR E EOP H100 R0000 L1005 / FL112/Nx.48V G5 04W 922 / OR.T1x,Stainless Steel,images/inground-radius/inground-radius-l1005-stainless-steel.jpg,2200K,CRI>90,DALI | 1-10V | Phase Dim,IP67,IK10,,"End segment · end cap at end, 1 cable · opal cover · straight · 1005mm long · 48V DC, driver separate · FL112 (112 LEDs/m) 4.8W/m",4.8W,214lm,45lm/W,Diffused,Datasheet=images/inground-radius/datasheets/IngroundR_E_EOP_H100_R0000_L1005_FL112Nx48V_G5_04W_922_ORT1x.pdf;Specification=images/inground-radius/datasheets/inground-radius-specification.pdf;Brochure=files/holectron/holectron-inground-radius-brochure-2025.pdf
Inground Radius,,,,,,,,,,,,,,,,,,,,Inground Radius L1005 48V 4.8W/m,IngroundR E EOP H100 R0000 L1005 / FL112/Nx.48V G5 04W T927 / OR.T1x,Stainless Steel,images/inground-radius/inground-radius-l1005-stainless-steel.jpg,2700K,CRI>90,DALI | 1-10V | Phase Dim,IP67,IK10,,"End segment · end cap at end, 1 cable · opal cover · straight · 1005mm long · 48V DC, driver separate · FL112 (112 LEDs/m) 4.8W/m",4.8W,322lm,67lm/W,Diffused,Datasheet=images/inground-radius/datasheets/IngroundR_E_EOP_H100_R0000_L1005_FL112Nx48V_G5_04W_T927_ORT1x.pdf;Specification=images/inground-radius/datasheets/inground-radius-specification.pdf;Brochure=files/holectron/holectron-inground-radius-brochure-2025.pdf
Inground Radius,,,,,,,,,,,,,,,,,,,,Inground Radius L1005 48V 4.8W/m,IngroundR E EOP H100 R0000 L1005 / FL112/Nx.48V G5 04W T930 / OR.T1x,Stainless Steel,images/inground-radius/inground-radius-l1005-stainless-steel.jpg,3000K,CRI>90,DALI | 1-10V | Phase Dim,IP67,IK10,,"End segment · end cap at end, 1 cable · opal cover · straight · 1005mm long · 48V DC, driver separate · FL112 (112 LEDs/m) 4.8W/m",4.8W,339lm,71lm/W,Diffused,Datasheet=images/inground-radius/datasheets/IngroundR_E_EOP_H100_R0000_L1005_FL112Nx48V_G5_04W_T930_ORT1x.pdf;Specification=images/inground-radius/datasheets/inground-radius-specification.pdf;Brochure=files/holectron/holectron-inground-radius-brochure-2025.pdf
Inground Radius,,,,,,,,,,,,,,,,,,,,Inground Radius L1005 48V 4.8W/m,IngroundR E EOP H100 R0000 L1005 / FL112/Nx.48V G5 04W T940 / OR.T1x,Stainless Steel,images/inground-radius/inground-radius-l1005-stainless-steel.jpg,4000K,CRI>90,DALI | 1-10V | Phase Dim,IP67,IK10,,"End segment · end cap at end, 1 cable · opal cover · straight · 1005mm long · 48V DC, driver separate · FL112 (112 LEDs/m) 4.8W/m",4.8W,352lm,73lm/W,Diffused,Datasheet=images/inground-radius/datasheets/IngroundR_E_EOP_H100_R0000_L1005_FL112Nx48V_G5_04W_T940_ORT1x.pdf;Specification=images/inground-radius/datasheets/inground-radius-specification.pdf;Brochure=files/holectron/holectron-inground-radius-brochure-2025.pdf
Inground Radius,,,,,,,,,,,,,,,,,,,,Inground Radius L1005 48V 9.6W/m,IngroundR E EOP H100 R0000 L1005 / FL112/Nx.48V G5 09W 922 / OR.T1x,Stainless Steel,images/inground-radius/inground-radius-l1005-stainless-steel.jpg,2200K,CRI>90,DALI | 1-10V | Phase Dim,IP67,IK10,,"End segment · end cap at end, 1 cable · opal cover · straight · 1005mm long · 48V DC, driver separate · FL112 (112 LEDs/m) 9.6W/m",9.6W,418lm,44lm/W,Diffused,Datasheet=images/inground-radius/datasheets/IngroundR_E_EOP_H100_R0000_L1005_FL112Nx48V_G5_09W_922_ORT1x.pdf;Specification=images/inground-radius/datasheets/inground-radius-specification.pdf;Brochure=files/holectron/holectron-inground-radius-brochure-2025.pdf
Inground Radius,,,,,,,,,,,,,,,,,,,,Inground Radius L1005 48V 9.6W/m,IngroundR E EOP H100 R0000 L1005 / FL112/Nx.48V G5 09W T927 / OR.T1x,Stainless Steel,images/inground-radius/inground-radius-l1005-stainless-steel.jpg,2700K,CRI>90,DALI | 1-10V | Phase Dim,IP67,IK10,,"End segment · end cap at end, 1 cable · opal cover · straight · 1005mm long · 48V DC, driver separate · FL112 (112 LEDs/m) 9.6W/m",9.6W,639lm,67lm/W,Diffused,Datasheet=images/inground-radius/datasheets/IngroundR_E_EOP_H100_R0000_L1005_FL112Nx48V_G5_09W_T927_ORT1x.pdf;Specification=images/inground-radius/datasheets/inground-radius-specification.pdf;Brochure=files/holectron/holectron-inground-radius-brochure-2025.pdf
Inground Radius,,,,,,,,,,,,,,,,,,,,Inground Radius L1005 48V 9.6W/m,IngroundR E EOP H100 R0000 L1005 / FL112/Nx.48V G5 09W T930 / OR.T1x,Stainless Steel,images/inground-radius/inground-radius-l1005-stainless-steel.jpg,3000K,CRI>90,DALI | 1-10V | Phase Dim,IP67,IK10,,"End segment · end cap at end, 1 cable · opal cover · straight · 1005mm long · 48V DC, driver separate · FL112 (112 LEDs/m) 9.6W/m",9.6W,672lm,70lm/W,Diffused,Datasheet=images/inground-radius/datasheets/IngroundR_E_EOP_H100_R0000_L1005_FL112Nx48V_G5_09W_T930_ORT1x.pdf;Specification=images/inground-radius/datasheets/inground-radius-specification.pdf;Brochure=files/holectron/holectron-inground-radius-brochure-2025.pdf
Inground Radius,,,,,,,,,,,,,,,,,,,,Inground Radius L1005 48V 9.6W/m,IngroundR E EOP H100 R0000 L1005 / FL112/Nx.48V G5 09W T940 / OR.T1x,Stainless Steel,images/inground-radius/inground-radius-l1005-stainless-steel.jpg,4000K,CRI>90,DALI | 1-10V | Phase Dim,IP67,IK10,,"End segment · end cap at end, 1 cable · opal cover · straight · 1005mm long · 48V DC, driver separate · FL112 (112 LEDs/m) 9.6W/m",9.6W,698lm,73lm/W,Diffused,Datasheet=images/inground-radius/datasheets/IngroundR_E_EOP_H100_R0000_L1005_FL112Nx48V_G5_09W_T940_ORT1x.pdf;Specification=images/inground-radius/datasheets/inground-radius-specification.pdf;Brochure=files/holectron/holectron-inground-radius-brochure-2025.pdf
Inground Radius,,,,,,,,,,,,,,,,,,,,Inground Radius R272 24V 2.4W/m,IngroundR E EOP H100 R0272 L0404 / FL56/Nx G5 02W 922 / OR.T1x,Stainless Steel,images/inground-radius/inground-radius-r272-stainless-steel.jpg,2200K,CRI>90,DALI | 1-10V | Phase Dim,IP67,IK10,,"End segment · end cap at end, 1 cable · opal cover · curve R272mm, 90° · 404mm long · 24V DC, driver separate · FL56 (56 LEDs/m) 2.4W/m",0.9W,40lm,44lm/W,Diffused,Datasheet=images/inground-radius/datasheets/IngroundR_E_EOP_H100_R0272_L0404_FL56Nx_G5_02W_922_ORT1x.pdf;Specification=images/inground-radius/datasheets/inground-radius-specification.pdf;Brochure=files/holectron/holectron-inground-radius-brochure-2025.pdf
Inground Radius,,,,,,,,,,,,,,,,,,,,Inground Radius R272 24V 2.4W/m,IngroundR E EOP H100 R0272 L0404 / FL56/Nx G5 02W T927 / OR.T1x,Stainless Steel,images/inground-radius/inground-radius-r272-stainless-steel.jpg,2700K,CRI>90,DALI | 1-10V | Phase Dim,IP67,IK10,,"End segment · end cap at end, 1 cable · opal cover · curve R272mm, 90° · 404mm long · 24V DC, driver separate · FL56 (56 LEDs/m) 2.4W/m",0.9W,60lm,67lm/W,Diffused,Datasheet=images/inground-radius/datasheets/IngroundR_E_EOP_H100_R0272_L0404_FL56Nx_G5_02W_T927_ORT1x.pdf;Specification=images/inground-radius/datasheets/inground-radius-specification.pdf;Brochure=files/holectron/holectron-inground-radius-brochure-2025.pdf
Inground Radius,,,,,,,,,,,,,,,,,,,,Inground Radius R272 24V 2.4W/m,IngroundR E EOP H100 R0272 L0404 / FL56/Nx G5 02W T930 / OR.T1x,Stainless Steel,images/inground-radius/inground-radius-r272-stainless-steel.jpg,3000K,CRI>90,DALI | 1-10V | Phase Dim,IP67,IK10,,"End segment · end cap at end, 1 cable · opal cover · curve R272mm, 90° · 404mm long · 24V DC, driver separate · FL56 (56 LEDs/m) 2.4W/m",0.9W,63lm,70lm/W,Diffused,Datasheet=images/inground-radius/datasheets/IngroundR_E_EOP_H100_R0272_L0404_FL56Nx_G5_02W_T930_ORT1x.pdf;Specification=images/inground-radius/datasheets/inground-radius-specification.pdf;Brochure=files/holectron/holectron-inground-radius-brochure-2025.pdf
Inground Radius,,,,,,,,,,,,,,,,,,,,Inground Radius R272 24V 2.4W/m,IngroundR E EOP H100 R0272 L0404 / FL56/Nx G5 02W T940 / OR.T1x,Stainless Steel,images/inground-radius/inground-radius-r272-stainless-steel.jpg,4000K,CRI>90,DALI | 1-10V | Phase Dim,IP67,IK10,,"End segment · end cap at end, 1 cable · opal cover · curve R272mm, 90° · 404mm long · 24V DC, driver separate · FL56 (56 LEDs/m) 2.4W/m",0.9W,66lm,73lm/W,Diffused,Datasheet=images/inground-radius/datasheets/IngroundR_E_EOP_H100_R0272_L0404_FL56Nx_G5_02W_T940_ORT1x.pdf;Specification=images/inground-radius/datasheets/inground-radius-specification.pdf;Brochure=files/holectron/holectron-inground-radius-brochure-2025.pdf
Inground Radius,,,,,,,,,,,,,,,,,,,,Inground Radius R272 24V 4.8W/m,IngroundR E EOP H100 R0272 L0404 / FL56/Nx G5 04W 922 / OR.T1x,Stainless Steel,images/inground-radius/inground-radius-r272-stainless-steel.jpg,2200K,CRI>90,DALI | 1-10V | Phase Dim,IP67,IK10,,"End segment · end cap at end, 1 cable · opal cover · curve R272mm, 90° · 404mm long · 24V DC, driver separate · FL56 (56 LEDs/m) 4.8W/m",1.8W,78lm,43lm/W,Diffused,Datasheet=images/inground-radius/datasheets/IngroundR_E_EOP_H100_R0272_L0404_FL56Nx_G5_04W_922_ORT1x.pdf;Specification=images/inground-radius/datasheets/inground-radius-specification.pdf;Brochure=files/holectron/holectron-inground-radius-brochure-2025.pdf
Inground Radius,,,,,,,,,,,,,,,,,,,,Inground Radius R272 24V 4.8W/m,IngroundR E EOP H100 R0272 L0404 / FL56/Nx G5 04W T927 / OR.T1x,Stainless Steel,images/inground-radius/inground-radius-r272-stainless-steel.jpg,2700K,CRI>90,DALI | 1-10V | Phase Dim,IP67,IK10,,"End segment · end cap at end, 1 cable · opal cover · curve R272mm, 90° · 404mm long · 24V DC, driver separate · FL56 (56 LEDs/m) 4.8W/m",1.8W,120lm,67lm/W,Diffused,Datasheet=images/inground-radius/datasheets/IngroundR_E_EOP_H100_R0272_L0404_FL56Nx_G5_04W_T927_ORT1x.pdf;Specification=images/inground-radius/datasheets/inground-radius-specification.pdf;Brochure=files/holectron/holectron-inground-radius-brochure-2025.pdf
Inground Radius,,,,,,,,,,,,,,,,,,,,Inground Radius R272 24V 4.8W/m,IngroundR E EOP H100 R0272 L0404 / FL56/Nx G5 04W T930 / OR.T1x,Stainless Steel,images/inground-radius/inground-radius-r272-stainless-steel.jpg,3000K,CRI>90,DALI | 1-10V | Phase Dim,IP67,IK10,,"End segment · end cap at end, 1 cable · opal cover · curve R272mm, 90° · 404mm long · 24V DC, driver separate · FL56 (56 LEDs/m) 4.8W/m",1.8W,126lm,70lm/W,Diffused,Datasheet=images/inground-radius/datasheets/IngroundR_E_EOP_H100_R0272_L0404_FL56Nx_G5_04W_T930_ORT1x.pdf;Specification=images/inground-radius/datasheets/inground-radius-specification.pdf;Brochure=files/holectron/holectron-inground-radius-brochure-2025.pdf
Inground Radius,,,,,,,,,,,,,,,,,,,,Inground Radius R272 24V 4.8W/m,IngroundR E EOP H100 R0272 L0404 / FL56/Nx G5 04W T940 / OR.T1x,Stainless Steel,images/inground-radius/inground-radius-r272-stainless-steel.jpg,4000K,CRI>90,DALI | 1-10V | Phase Dim,IP67,IK10,,"End segment · end cap at end, 1 cable · opal cover · curve R272mm, 90° · 404mm long · 24V DC, driver separate · FL56 (56 LEDs/m) 4.8W/m",1.8W,131lm,73lm/W,Diffused,Datasheet=images/inground-radius/datasheets/IngroundR_E_EOP_H100_R0272_L0404_FL56Nx_G5_04W_T940_ORT1x.pdf;Specification=images/inground-radius/datasheets/inground-radius-specification.pdf;Brochure=files/holectron/holectron-inground-radius-brochure-2025.pdf
Inground Radius,,,,,,,,,,,,,,,,,,,,Inground Radius R272 24V 9.6W/m,IngroundR E EOP H100 R0272 L0404 / FL56/Nx G5 09W 922 / OR.T1x,Stainless Steel,images/inground-radius/inground-radius-r272-stainless-steel.jpg,2200K,CRI>90,DALI | 1-10V | Phase Dim,IP67,IK10,,"End segment · end cap at end, 1 cable · opal cover · curve R272mm, 90° · 404mm long · 24V DC, driver separate · FL56 (56 LEDs/m) 9.6W/m",3.6W,153lm,43lm/W,Diffused,Datasheet=images/inground-radius/datasheets/IngroundR_E_EOP_H100_R0272_L0404_FL56Nx_G5_09W_922_ORT1x.pdf;Specification=images/inground-radius/datasheets/inground-radius-specification.pdf;Brochure=files/holectron/holectron-inground-radius-brochure-2025.pdf
Inground Radius,,,,,,,,,,,,,,,,,,,,Inground Radius R272 24V 9.6W/m,IngroundR E EOP H100 R0272 L0404 / FL56/Nx G5 09W T927 / OR.T1x,Stainless Steel,images/inground-radius/inground-radius-r272-stainless-steel.jpg,2700K,CRI>90,DALI | 1-10V | Phase Dim,IP67,IK10,,"End segment · end cap at end, 1 cable · opal cover · curve R272mm, 90° · 404mm long · 24V DC, driver separate · FL56 (56 LEDs/m) 9.6W/m",3.6W,235lm,65lm/W,Diffused,Datasheet=images/inground-radius/datasheets/IngroundR_E_EOP_H100_R0272_L0404_FL56Nx_G5_09W_T927_ORT1x.pdf;Specification=images/inground-radius/datasheets/inground-radius-specification.pdf;Brochure=files/holectron/holectron-inground-radius-brochure-2025.pdf
Inground Radius,,,,,,,,,,,,,,,,,,,,Inground Radius R272 24V 9.6W/m,IngroundR E EOP H100 R0272 L0404 / FL56/Nx G5 09W T930 / OR.T1x,Stainless Steel,images/inground-radius/inground-radius-r272-stainless-steel.jpg,3000K,CRI>90,DALI | 1-10V | Phase Dim,IP67,IK10,,"End segment · end cap at end, 1 cable · opal cover · curve R272mm, 90° · 404mm long · 24V DC, driver separate · FL56 (56 LEDs/m) 9.6W/m",3.6W,247lm,69lm/W,Diffused,Datasheet=images/inground-radius/datasheets/IngroundR_E_EOP_H100_R0272_L0404_FL56Nx_G5_09W_T930_ORT1x.pdf;Specification=images/inground-radius/datasheets/inground-radius-specification.pdf;Brochure=files/holectron/holectron-inground-radius-brochure-2025.pdf
Inground Radius,,,,,,,,,,,,,,,,,,,,Inground Radius R272 24V 9.6W/m,IngroundR E EOP H100 R0272 L0404 / FL56/Nx G5 09W T940 / OR.T1x,Stainless Steel,images/inground-radius/inground-radius-r272-stainless-steel.jpg,4000K,CRI>90,DALI | 1-10V | Phase Dim,IP67,IK10,,"End segment · end cap at end, 1 cable · opal cover · curve R272mm, 90° · 404mm long · 24V DC, driver separate · FL56 (56 LEDs/m) 9.6W/m",3.6W,257lm,71lm/W,Diffused,Datasheet=images/inground-radius/datasheets/IngroundR_E_EOP_H100_R0272_L0404_FL56Nx_G5_09W_T940_ORT1x.pdf;Specification=images/inground-radius/datasheets/inground-radius-specification.pdf;Brochure=files/holectron/holectron-inground-radius-brochure-2025.pdf
Inground Radius,,,,,,,,,,,,,,,,,,,,Inground Radius R272 48V 4.8W/m,IngroundR E EOP H100 R0272 L0404 / FL112/Nx.48V G5 04W 922 / OR.T1x,Stainless Steel,images/inground-radius/inground-radius-r272-stainless-steel.jpg,2200K,CRI>90,DALI | 1-10V | Phase Dim,IP67,IK10,,"End segment · end cap at end, 1 cable · opal cover · curve R272mm, 90° · 404mm long · 48V DC, driver separate · FL112 (112 LEDs/m) 4.8W/m",1.8W,80lm,44lm/W,Diffused,Datasheet=images/inground-radius/datasheets/IngroundR_E_EOP_H100_R0272_L0404_FL112Nx48V_G5_04W_922_ORT1x.pdf;Specification=images/inground-radius/datasheets/inground-radius-specification.pdf;Brochure=files/holectron/holectron-inground-radius-brochure-2025.pdf
Inground Radius,,,,,,,,,,,,,,,,,,,,Inground Radius R272 48V 4.8W/m,IngroundR E EOP H100 R0272 L0404 / FL112/Nx.48V G5 04W T927 / OR.T1x,Stainless Steel,images/inground-radius/inground-radius-r272-stainless-steel.jpg,2700K,CRI>90,DALI | 1-10V | Phase Dim,IP67,IK10,,"End segment · end cap at end, 1 cable · opal cover · curve R272mm, 90° · 404mm long · 48V DC, driver separate · FL112 (112 LEDs/m) 4.8W/m",1.8W,121lm,67lm/W,Diffused,Datasheet=images/inground-radius/datasheets/IngroundR_E_EOP_H100_R0272_L0404_FL112Nx48V_G5_04W_T927_ORT1x.pdf;Specification=images/inground-radius/datasheets/inground-radius-specification.pdf;Brochure=files/holectron/holectron-inground-radius-brochure-2025.pdf
Inground Radius,,,,,,,,,,,,,,,,,,,,Inground Radius R272 48V 4.8W/m,IngroundR E EOP H100 R0272 L0404 / FL112/Nx.48V G5 04W T930 / OR.T1x,Stainless Steel,images/inground-radius/inground-radius-r272-stainless-steel.jpg,3000K,CRI>90,DALI | 1-10V | Phase Dim,IP67,IK10,,"End segment · end cap at end, 1 cable · opal cover · curve R272mm, 90° · 404mm long · 48V DC, driver separate · FL112 (112 LEDs/m) 4.8W/m",1.8W,127lm,71lm/W,Diffused,Datasheet=images/inground-radius/datasheets/IngroundR_E_EOP_H100_R0272_L0404_FL112Nx48V_G5_04W_T930_ORT1x.pdf;Specification=images/inground-radius/datasheets/inground-radius-specification.pdf;Brochure=files/holectron/holectron-inground-radius-brochure-2025.pdf
Inground Radius,,,,,,,,,,,,,,,,,,,,Inground Radius R272 48V 4.8W/m,IngroundR E EOP H100 R0272 L0404 / FL112/Nx.48V G5 04W T940 / OR.T1x,Stainless Steel,images/inground-radius/inground-radius-r272-stainless-steel.jpg,4000K,CRI>90,DALI | 1-10V | Phase Dim,IP67,IK10,,"End segment · end cap at end, 1 cable · opal cover · curve R272mm, 90° · 404mm long · 48V DC, driver separate · FL112 (112 LEDs/m) 4.8W/m",1.8W,132lm,73lm/W,Diffused,Datasheet=images/inground-radius/datasheets/IngroundR_E_EOP_H100_R0272_L0404_FL112Nx48V_G5_04W_T940_ORT1x.pdf;Specification=images/inground-radius/datasheets/inground-radius-specification.pdf;Brochure=files/holectron/holectron-inground-radius-brochure-2025.pdf
Inground Radius,,,,,,,,,,,,,,,,,,,,Inground Radius R272 48V 9.6W/m,IngroundR E EOP H100 R0272 L0404 / FL112/Nx.48V G5 09W 922 / OR.T1x,Stainless Steel,images/inground-radius/inground-radius-r272-stainless-steel.jpg,2200K,CRI>90,DALI | 1-10V | Phase Dim,IP67,IK10,,"End segment · end cap at end, 1 cable · opal cover · curve R272mm, 90° · 404mm long · 48V DC, driver separate · FL112 (112 LEDs/m) 9.6W/m",3.6W,157lm,44lm/W,Diffused,Datasheet=images/inground-radius/datasheets/IngroundR_E_EOP_H100_R0272_L0404_FL112Nx48V_G5_09W_922_ORT1x.pdf;Specification=images/inground-radius/datasheets/inground-radius-specification.pdf;Brochure=files/holectron/holectron-inground-radius-brochure-2025.pdf
Inground Radius,,,,,,,,,,,,,,,,,,,,Inground Radius R272 48V 9.6W/m,IngroundR E EOP H100 R0272 L0404 / FL112/Nx.48V G5 09W T927 / OR.T1x,Stainless Steel,images/inground-radius/inground-radius-r272-stainless-steel.jpg,2700K,CRI>90,DALI | 1-10V | Phase Dim,IP67,IK10,,"End segment · end cap at end, 1 cable · opal cover · curve R272mm, 90° · 404mm long · 48V DC, driver separate · FL112 (112 LEDs/m) 9.6W/m",3.6W,240lm,67lm/W,Diffused,Datasheet=images/inground-radius/datasheets/IngroundR_E_EOP_H100_R0272_L0404_FL112Nx48V_G5_09W_T927_ORT1x.pdf;Specification=images/inground-radius/datasheets/inground-radius-specification.pdf;Brochure=files/holectron/holectron-inground-radius-brochure-2025.pdf
Inground Radius,,,,,,,,,,,,,,,,,,,,Inground Radius R272 48V 9.6W/m,IngroundR E EOP H100 R0272 L0404 / FL112/Nx.48V G5 09W T930 / OR.T1x,Stainless Steel,images/inground-radius/inground-radius-r272-stainless-steel.jpg,3000K,CRI>90,DALI | 1-10V | Phase Dim,IP67,IK10,,"End segment · end cap at end, 1 cable · opal cover · curve R272mm, 90° · 404mm long · 48V DC, driver separate · FL112 (112 LEDs/m) 9.6W/m",3.6W,252lm,70lm/W,Diffused,Datasheet=images/inground-radius/datasheets/IngroundR_E_EOP_H100_R0272_L0404_FL112Nx48V_G5_09W_T930_ORT1x.pdf;Specification=images/inground-radius/datasheets/inground-radius-specification.pdf;Brochure=files/holectron/holectron-inground-radius-brochure-2025.pdf
Inground Radius,,,,,,,,,,,,,,,,,,,,Inground Radius R272 48V 9.6W/m,IngroundR E EOP H100 R0272 L0404 / FL112/Nx.48V G5 09W T940 / OR.T1x,Stainless Steel,images/inground-radius/inground-radius-r272-stainless-steel.jpg,4000K,CRI>90,DALI | 1-10V | Phase Dim,IP67,IK10,,"End segment · end cap at end, 1 cable · opal cover · curve R272mm, 90° · 404mm long · 48V DC, driver separate · FL112 (112 LEDs/m) 9.6W/m",3.6W,262lm,73lm/W,Diffused,Datasheet=images/inground-radius/datasheets/IngroundR_E_EOP_H100_R0272_L0404_FL112Nx48V_G5_09W_T940_ORT1x.pdf;Specification=images/inground-radius/datasheets/inground-radius-specification.pdf;Brochure=files/holectron/holectron-inground-radius-brochure-2025.pdf
Inground Radius,,,,,,,,,,,,,,,,,,,,Inground Radius R515 24V 2.4W/m,IngroundR E EOP H100 R0515 L0393 / FL56/Nx G5 02W 922 / OR.T1x,Stainless Steel,images/inground-radius/inground-radius-r515-stainless-steel.jpg,2200K,CRI>90,DALI | 1-10V | Phase Dim,IP67,IK10,,"End segment · end cap at end, 1 cable · opal cover · curve R515mm, 45° · 393mm long · 24V DC, driver separate · FL56 (56 LEDs/m) 2.4W/m",0.9W,40lm,44lm/W,Diffused,Datasheet=images/inground-radius/datasheets/IngroundR_E_EOP_H100_R0515_L0393_FL56Nx_G5_02W_922_ORT1x.pdf;Specification=images/inground-radius/datasheets/inground-radius-specification.pdf;Brochure=files/holectron/holectron-inground-radius-brochure-2025.pdf
Inground Radius,,,,,,,,,,,,,,,,,,,,Inground Radius R515 24V 2.4W/m,IngroundR E EOP H100 R0515 L0393 / FL56/Nx G5 02W T927 / OR.T1x,Stainless Steel,images/inground-radius/inground-radius-r515-stainless-steel.jpg,2700K,CRI>90,DALI | 1-10V | Phase Dim,IP67,IK10,,"End segment · end cap at end, 1 cable · opal cover · curve R515mm, 45° · 393mm long · 24V DC, driver separate · FL56 (56 LEDs/m) 2.4W/m",0.9W,60lm,67lm/W,Diffused,Datasheet=images/inground-radius/datasheets/IngroundR_E_EOP_H100_R0515_L0393_FL56Nx_G5_02W_T927_ORT1x.pdf;Specification=images/inground-radius/datasheets/inground-radius-specification.pdf;Brochure=files/holectron/holectron-inground-radius-brochure-2025.pdf
Inground Radius,,,,,,,,,,,,,,,,,,,,Inground Radius R515 24V 2.4W/m,IngroundR E EOP H100 R0515 L0393 / FL56/Nx G5 02W T930 / OR.T1x,Stainless Steel,images/inground-radius/inground-radius-r515-stainless-steel.jpg,3000K,CRI>90,DALI | 1-10V | Phase Dim,IP67,IK10,,"End segment · end cap at end, 1 cable · opal cover · curve R515mm, 45° · 393mm long · 24V DC, driver separate · FL56 (56 LEDs/m) 2.4W/m",0.9W,63lm,70lm/W,Diffused,Datasheet=images/inground-radius/datasheets/IngroundR_E_EOP_H100_R0515_L0393_FL56Nx_G5_02W_T930_ORT1x.pdf;Specification=images/inground-radius/datasheets/inground-radius-specification.pdf;Brochure=files/holectron/holectron-inground-radius-brochure-2025.pdf
Inground Radius,,,,,,,,,,,,,,,,,,,,Inground Radius R515 24V 2.4W/m,IngroundR E EOP H100 R0515 L0393 / FL56/Nx G5 02W T940 / OR.T1x,Stainless Steel,images/inground-radius/inground-radius-r515-stainless-steel.jpg,4000K,CRI>90,DALI | 1-10V | Phase Dim,IP67,IK10,,"End segment · end cap at end, 1 cable · opal cover · curve R515mm, 45° · 393mm long · 24V DC, driver separate · FL56 (56 LEDs/m) 2.4W/m",0.9W,66lm,73lm/W,Diffused,Datasheet=images/inground-radius/datasheets/IngroundR_E_EOP_H100_R0515_L0393_FL56Nx_G5_02W_T940_ORT1x.pdf;Specification=images/inground-radius/datasheets/inground-radius-specification.pdf;Brochure=files/holectron/holectron-inground-radius-brochure-2025.pdf
Inground Radius,,,,,,,,,,,,,,,,,,,,Inground Radius R515 24V 4.8W/m,IngroundR E EOP H100 R0515 L0393 / FL56/Nx G5 04W 922 / OR.T1x,Stainless Steel,images/inground-radius/inground-radius-r515-stainless-steel.jpg,2200K,CRI>90,DALI | 1-10V | Phase Dim,IP67,IK10,,"End segment · end cap at end, 1 cable · opal cover · curve R515mm, 45° · 393mm long · 24V DC, driver separate · FL56 (56 LEDs/m) 4.8W/m",1.8W,78lm,43lm/W,Diffused,Datasheet=images/inground-radius/datasheets/IngroundR_E_EOP_H100_R0515_L0393_FL56Nx_G5_04W_922_ORT1x.pdf;Specification=images/inground-radius/datasheets/inground-radius-specification.pdf;Brochure=files/holectron/holectron-inground-radius-brochure-2025.pdf
Inground Radius,,,,,,,,,,,,,,,,,,,,Inground Radius R515 24V 4.8W/m,IngroundR E EOP H100 R0515 L0393 / FL56/Nx G5 04W T927 / OR.T1x,Stainless Steel,images/inground-radius/inground-radius-r515-stainless-steel.jpg,2700K,CRI>90,DALI | 1-10V | Phase Dim,IP67,IK10,,"End segment · end cap at end, 1 cable · opal cover · curve R515mm, 45° · 393mm long · 24V DC, driver separate · FL56 (56 LEDs/m) 4.8W/m",1.8W,120lm,67lm/W,Diffused,Datasheet=images/inground-radius/datasheets/IngroundR_E_EOP_H100_R0515_L0393_FL56Nx_G5_04W_T927_ORT1x.pdf;Specification=images/inground-radius/datasheets/inground-radius-specification.pdf;Brochure=files/holectron/holectron-inground-radius-brochure-2025.pdf
Inground Radius,,,,,,,,,,,,,,,,,,,,Inground Radius R515 24V 4.8W/m,IngroundR E EOP H100 R0515 L0393 / FL56/Nx G5 04W T930 / OR.T1x,Stainless Steel,images/inground-radius/inground-radius-r515-stainless-steel.jpg,3000K,CRI>90,DALI | 1-10V | Phase Dim,IP67,IK10,,"End segment · end cap at end, 1 cable · opal cover · curve R515mm, 45° · 393mm long · 24V DC, driver separate · FL56 (56 LEDs/m) 4.8W/m",1.8W,126lm,70lm/W,Diffused,Datasheet=images/inground-radius/datasheets/IngroundR_E_EOP_H100_R0515_L0393_FL56Nx_G5_04W_T930_ORT1x.pdf;Specification=images/inground-radius/datasheets/inground-radius-specification.pdf;Brochure=files/holectron/holectron-inground-radius-brochure-2025.pdf
Inground Radius,,,,,,,,,,,,,,,,,,,,Inground Radius R515 24V 4.8W/m,IngroundR E EOP H100 R0515 L0393 / FL56/Nx G5 04W T940 / OR.T1x,Stainless Steel,images/inground-radius/inground-radius-r515-stainless-steel.jpg,4000K,CRI>90,DALI | 1-10V | Phase Dim,IP67,IK10,,"End segment · end cap at end, 1 cable · opal cover · curve R515mm, 45° · 393mm long · 24V DC, driver separate · FL56 (56 LEDs/m) 4.8W/m",1.8W,131lm,73lm/W,Diffused,Datasheet=images/inground-radius/datasheets/IngroundR_E_EOP_H100_R0515_L0393_FL56Nx_G5_04W_T940_ORT1x.pdf;Specification=images/inground-radius/datasheets/inground-radius-specification.pdf;Brochure=files/holectron/holectron-inground-radius-brochure-2025.pdf
Inground Radius,,,,,,,,,,,,,,,,,,,,Inground Radius R515 24V 9.6W/m,IngroundR E EOP H100 R0515 L0393 / FL56/Nx G5 09W 922 / OR.T1x,Stainless Steel,images/inground-radius/inground-radius-r515-stainless-steel.jpg,2200K,CRI>90,DALI | 1-10V | Phase Dim,IP67,IK10,,"End segment · end cap at end, 1 cable · opal cover · curve R515mm, 45° · 393mm long · 24V DC, driver separate · FL56 (56 LEDs/m) 9.6W/m",3.6W,153lm,43lm/W,Diffused,Datasheet=images/inground-radius/datasheets/IngroundR_E_EOP_H100_R0515_L0393_FL56Nx_G5_09W_922_ORT1x.pdf;Specification=images/inground-radius/datasheets/inground-radius-specification.pdf;Brochure=files/holectron/holectron-inground-radius-brochure-2025.pdf
Inground Radius,,,,,,,,,,,,,,,,,,,,Inground Radius R515 24V 9.6W/m,IngroundR E EOP H100 R0515 L0393 / FL56/Nx G5 09W T927 / OR.T1x,Stainless Steel,images/inground-radius/inground-radius-r515-stainless-steel.jpg,2700K,CRI>90,DALI | 1-10V | Phase Dim,IP67,IK10,,"End segment · end cap at end, 1 cable · opal cover · curve R515mm, 45° · 393mm long · 24V DC, driver separate · FL56 (56 LEDs/m) 9.6W/m",3.6W,235lm,65lm/W,Diffused,Datasheet=images/inground-radius/datasheets/IngroundR_E_EOP_H100_R0515_L0393_FL56Nx_G5_09W_T927_ORT1x.pdf;Specification=images/inground-radius/datasheets/inground-radius-specification.pdf;Brochure=files/holectron/holectron-inground-radius-brochure-2025.pdf
Inground Radius,,,,,,,,,,,,,,,,,,,,Inground Radius R515 24V 9.6W/m,IngroundR E EOP H100 R0515 L0393 / FL56/Nx G5 09W T930 / OR.T1x,Stainless Steel,images/inground-radius/inground-radius-r515-stainless-steel.jpg,3000K,CRI>90,DALI | 1-10V | Phase Dim,IP67,IK10,,"End segment · end cap at end, 1 cable · opal cover · curve R515mm, 45° · 393mm long · 24V DC, driver separate · FL56 (56 LEDs/m) 9.6W/m",3.6W,247lm,69lm/W,Diffused,Datasheet=images/inground-radius/datasheets/IngroundR_E_EOP_H100_R0515_L0393_FL56Nx_G5_09W_T930_ORT1x.pdf;Specification=images/inground-radius/datasheets/inground-radius-specification.pdf;Brochure=files/holectron/holectron-inground-radius-brochure-2025.pdf
Inground Radius,,,,,,,,,,,,,,,,,,,,Inground Radius R515 24V 9.6W/m,IngroundR E EOP H100 R0515 L0393 / FL56/Nx G5 09W T940 / OR.T1x,Stainless Steel,images/inground-radius/inground-radius-r515-stainless-steel.jpg,4000K,CRI>90,DALI | 1-10V | Phase Dim,IP67,IK10,,"End segment · end cap at end, 1 cable · opal cover · curve R515mm, 45° · 393mm long · 24V DC, driver separate · FL56 (56 LEDs/m) 9.6W/m",3.6W,257lm,71lm/W,Diffused,Datasheet=images/inground-radius/datasheets/IngroundR_E_EOP_H100_R0515_L0393_FL56Nx_G5_09W_T940_ORT1x.pdf;Specification=images/inground-radius/datasheets/inground-radius-specification.pdf;Brochure=files/holectron/holectron-inground-radius-brochure-2025.pdf
Inground Radius,,,,,,,,,,,,,,,,,,,,Inground Radius R515 48V 4.8W/m,IngroundR E EOP H100 R0515 L0393 / FL112/Nx.48V G5 04W 922 / OR.T1x,Stainless Steel,images/inground-radius/inground-radius-r515-stainless-steel.jpg,2200K,CRI>90,DALI | 1-10V | Phase Dim,IP67,IK10,,"End segment · end cap at end, 1 cable · opal cover · curve R515mm, 45° · 393mm long · 48V DC, driver separate · FL112 (112 LEDs/m) 4.8W/m",1.8W,80lm,44lm/W,Diffused,Datasheet=images/inground-radius/datasheets/IngroundR_E_EOP_H100_R0515_L0393_FL112Nx48V_G5_04W_922_ORT1x.pdf;Specification=images/inground-radius/datasheets/inground-radius-specification.pdf;Brochure=files/holectron/holectron-inground-radius-brochure-2025.pdf
Inground Radius,,,,,,,,,,,,,,,,,,,,Inground Radius R515 48V 4.8W/m,IngroundR E EOP H100 R0515 L0393 / FL112/Nx.48V G5 04W T927 / OR.T1x,Stainless Steel,images/inground-radius/inground-radius-r515-stainless-steel.jpg,2700K,CRI>90,DALI | 1-10V | Phase Dim,IP67,IK10,,"End segment · end cap at end, 1 cable · opal cover · curve R515mm, 45° · 393mm long · 48V DC, driver separate · FL112 (112 LEDs/m) 4.8W/m",1.8W,121lm,67lm/W,Diffused,Datasheet=images/inground-radius/datasheets/IngroundR_E_EOP_H100_R0515_L0393_FL112Nx48V_G5_04W_T927_ORT1x.pdf;Specification=images/inground-radius/datasheets/inground-radius-specification.pdf;Brochure=files/holectron/holectron-inground-radius-brochure-2025.pdf
Inground Radius,,,,,,,,,,,,,,,,,,,,Inground Radius R515 48V 4.8W/m,IngroundR E EOP H100 R0515 L0393 / FL112/Nx.48V G5 04W T930 / OR.T1x,Stainless Steel,images/inground-radius/inground-radius-r515-stainless-steel.jpg,3000K,CRI>90,DALI | 1-10V | Phase Dim,IP67,IK10,,"End segment · end cap at end, 1 cable · opal cover · curve R515mm, 45° · 393mm long · 48V DC, driver separate · FL112 (112 LEDs/m) 4.8W/m",1.8W,127lm,71lm/W,Diffused,Datasheet=images/inground-radius/datasheets/IngroundR_E_EOP_H100_R0515_L0393_FL112Nx48V_G5_04W_T930_ORT1x.pdf;Specification=images/inground-radius/datasheets/inground-radius-specification.pdf;Brochure=files/holectron/holectron-inground-radius-brochure-2025.pdf
Inground Radius,,,,,,,,,,,,,,,,,,,,Inground Radius R515 48V 4.8W/m,IngroundR E EOP H100 R0515 L0393 / FL112/Nx.48V G5 04W T940 / OR.T1x,Stainless Steel,images/inground-radius/inground-radius-r515-stainless-steel.jpg,4000K,CRI>90,DALI | 1-10V | Phase Dim,IP67,IK10,,"End segment · end cap at end, 1 cable · opal cover · curve R515mm, 45° · 393mm long · 48V DC, driver separate · FL112 (112 LEDs/m) 4.8W/m",1.8W,132lm,73lm/W,Diffused,Datasheet=images/inground-radius/datasheets/IngroundR_E_EOP_H100_R0515_L0393_FL112Nx48V_G5_04W_T940_ORT1x.pdf;Specification=images/inground-radius/datasheets/inground-radius-specification.pdf;Brochure=files/holectron/holectron-inground-radius-brochure-2025.pdf
Inground Radius,,,,,,,,,,,,,,,,,,,,Inground Radius R515 48V 9.6W/m,IngroundR E EOP H100 R0515 L0393 / FL112/Nx.48V G5 09W 922 / OR.T1x,Stainless Steel,images/inground-radius/inground-radius-r515-stainless-steel.jpg,2200K,CRI>90,DALI | 1-10V | Phase Dim,IP67,IK10,,"End segment · end cap at end, 1 cable · opal cover · curve R515mm, 45° · 393mm long · 48V DC, driver separate · FL112 (112 LEDs/m) 9.6W/m",3.6W,157lm,44lm/W,Diffused,Datasheet=images/inground-radius/datasheets/IngroundR_E_EOP_H100_R0515_L0393_FL112Nx48V_G5_09W_922_ORT1x.pdf;Specification=images/inground-radius/datasheets/inground-radius-specification.pdf;Brochure=files/holectron/holectron-inground-radius-brochure-2025.pdf
Inground Radius,,,,,,,,,,,,,,,,,,,,Inground Radius R515 48V 9.6W/m,IngroundR E EOP H100 R0515 L0393 / FL112/Nx.48V G5 09W T927 / OR.T1x,Stainless Steel,images/inground-radius/inground-radius-r515-stainless-steel.jpg,2700K,CRI>90,DALI | 1-10V | Phase Dim,IP67,IK10,,"End segment · end cap at end, 1 cable · opal cover · curve R515mm, 45° · 393mm long · 48V DC, driver separate · FL112 (112 LEDs/m) 9.6W/m",3.6W,240lm,67lm/W,Diffused,Datasheet=images/inground-radius/datasheets/IngroundR_E_EOP_H100_R0515_L0393_FL112Nx48V_G5_09W_T927_ORT1x.pdf;Specification=images/inground-radius/datasheets/inground-radius-specification.pdf;Brochure=files/holectron/holectron-inground-radius-brochure-2025.pdf
Inground Radius,,,,,,,,,,,,,,,,,,,,Inground Radius R515 48V 9.6W/m,IngroundR E EOP H100 R0515 L0393 / FL112/Nx.48V G5 09W T930 / OR.T1x,Stainless Steel,images/inground-radius/inground-radius-r515-stainless-steel.jpg,3000K,CRI>90,DALI | 1-10V | Phase Dim,IP67,IK10,,"End segment · end cap at end, 1 cable · opal cover · curve R515mm, 45° · 393mm long · 48V DC, driver separate · FL112 (112 LEDs/m) 9.6W/m",3.6W,252lm,70lm/W,Diffused,Datasheet=images/inground-radius/datasheets/IngroundR_E_EOP_H100_R0515_L0393_FL112Nx48V_G5_09W_T930_ORT1x.pdf;Specification=images/inground-radius/datasheets/inground-radius-specification.pdf;Brochure=files/holectron/holectron-inground-radius-brochure-2025.pdf
Inground Radius,,,,,,,,,,,,,,,,,,,,Inground Radius R515 48V 9.6W/m,IngroundR E EOP H100 R0515 L0393 / FL112/Nx.48V G5 09W T940 / OR.T1x,Stainless Steel,images/inground-radius/inground-radius-r515-stainless-steel.jpg,4000K,CRI>90,DALI | 1-10V | Phase Dim,IP67,IK10,,"End segment · end cap at end, 1 cable · opal cover · curve R515mm, 45° · 393mm long · 48V DC, driver separate · FL112 (112 LEDs/m) 9.6W/m",3.6W,262lm,73lm/W,Diffused,Datasheet=images/inground-radius/datasheets/IngroundR_E_EOP_H100_R0515_L0393_FL112Nx48V_G5_09W_T940_ORT1x.pdf;Specification=images/inground-radius/datasheets/inground-radius-specification.pdf;Brochure=files/holectron/holectron-inground-radius-brochure-2025.pdf
Inground Radius,,,,,,,,,,,,,,,,,,,,Inground Radius R1000 24V 2.4W/m,IngroundR E EOP H100 R1000 L0387 / FL56/Nx G5 02W 922 / OR.T1x,Stainless Steel,images/inground-radius/inground-radius-r1000-stainless-steel.jpg,2200K,CRI>90,DALI | 1-10V | Phase Dim,IP67,IK10,,"End segment · end cap at end, 1 cable · opal cover · curve R1000mm, 22.5° · 387mm long · 24V DC, driver separate · FL56 (56 LEDs/m) 2.4W/m",0.9W,40lm,44lm/W,Diffused,Datasheet=images/inground-radius/datasheets/IngroundR_E_EOP_H100_R1000_L0387_FL56Nx_G5_02W_922_ORT1x.pdf;Specification=images/inground-radius/datasheets/inground-radius-specification.pdf;Brochure=files/holectron/holectron-inground-radius-brochure-2025.pdf
Inground Radius,,,,,,,,,,,,,,,,,,,,Inground Radius R1000 24V 2.4W/m,IngroundR E EOP H100 R1000 L0387 / FL56/Nx G5 02W T927 / OR.T1x,Stainless Steel,images/inground-radius/inground-radius-r1000-stainless-steel.jpg,2700K,CRI>90,DALI | 1-10V | Phase Dim,IP67,IK10,,"End segment · end cap at end, 1 cable · opal cover · curve R1000mm, 22.5° · 387mm long · 24V DC, driver separate · FL56 (56 LEDs/m) 2.4W/m",0.9W,60lm,67lm/W,Diffused,Datasheet=images/inground-radius/datasheets/IngroundR_E_EOP_H100_R1000_L0387_FL56Nx_G5_02W_T927_ORT1x.pdf;Specification=images/inground-radius/datasheets/inground-radius-specification.pdf;Brochure=files/holectron/holectron-inground-radius-brochure-2025.pdf
Inground Radius,,,,,,,,,,,,,,,,,,,,Inground Radius R1000 24V 2.4W/m,IngroundR E EOP H100 R1000 L0387 / FL56/Nx G5 02W T930 / OR.T1x,Stainless Steel,images/inground-radius/inground-radius-r1000-stainless-steel.jpg,3000K,CRI>90,DALI | 1-10V | Phase Dim,IP67,IK10,,"End segment · end cap at end, 1 cable · opal cover · curve R1000mm, 22.5° · 387mm long · 24V DC, driver separate · FL56 (56 LEDs/m) 2.4W/m",0.9W,63lm,70lm/W,Diffused,Datasheet=images/inground-radius/datasheets/IngroundR_E_EOP_H100_R1000_L0387_FL56Nx_G5_02W_T930_ORT1x.pdf;Specification=images/inground-radius/datasheets/inground-radius-specification.pdf;Brochure=files/holectron/holectron-inground-radius-brochure-2025.pdf
Inground Radius,,,,,,,,,,,,,,,,,,,,Inground Radius R1000 24V 2.4W/m,IngroundR E EOP H100 R1000 L0387 / FL56/Nx G5 02W T940 / OR.T1x,Stainless Steel,images/inground-radius/inground-radius-r1000-stainless-steel.jpg,4000K,CRI>90,DALI | 1-10V | Phase Dim,IP67,IK10,,"End segment · end cap at end, 1 cable · opal cover · curve R1000mm, 22.5° · 387mm long · 24V DC, driver separate · FL56 (56 LEDs/m) 2.4W/m",0.9W,66lm,73lm/W,Diffused,Datasheet=images/inground-radius/datasheets/IngroundR_E_EOP_H100_R1000_L0387_FL56Nx_G5_02W_T940_ORT1x.pdf;Specification=images/inground-radius/datasheets/inground-radius-specification.pdf;Brochure=files/holectron/holectron-inground-radius-brochure-2025.pdf
Inground Radius,,,,,,,,,,,,,,,,,,,,Inground Radius R1000 24V 4.8W/m,IngroundR E EOP H100 R1000 L0387 / FL56/Nx G5 04W 922 / OR.T1x,Stainless Steel,images/inground-radius/inground-radius-r1000-stainless-steel.jpg,2200K,CRI>90,DALI | 1-10V | Phase Dim,IP67,IK10,,"End segment · end cap at end, 1 cable · opal cover · curve R1000mm, 22.5° · 387mm long · 24V DC, driver separate · FL56 (56 LEDs/m) 4.8W/m",1.8W,78lm,43lm/W,Diffused,Datasheet=images/inground-radius/datasheets/IngroundR_E_EOP_H100_R1000_L0387_FL56Nx_G5_04W_922_ORT1x.pdf;Specification=images/inground-radius/datasheets/inground-radius-specification.pdf;Brochure=files/holectron/holectron-inground-radius-brochure-2025.pdf
Inground Radius,,,,,,,,,,,,,,,,,,,,Inground Radius R1000 24V 4.8W/m,IngroundR E EOP H100 R1000 L0387 / FL56/Nx G5 04W T927 / OR.T1x,Stainless Steel,images/inground-radius/inground-radius-r1000-stainless-steel.jpg,2700K,CRI>90,DALI | 1-10V | Phase Dim,IP67,IK10,,"End segment · end cap at end, 1 cable · opal cover · curve R1000mm, 22.5° · 387mm long · 24V DC, driver separate · FL56 (56 LEDs/m) 4.8W/m",1.8W,120lm,67lm/W,Diffused,Datasheet=images/inground-radius/datasheets/IngroundR_E_EOP_H100_R1000_L0387_FL56Nx_G5_04W_T927_ORT1x.pdf;Specification=images/inground-radius/datasheets/inground-radius-specification.pdf;Brochure=files/holectron/holectron-inground-radius-brochure-2025.pdf
Inground Radius,,,,,,,,,,,,,,,,,,,,Inground Radius R1000 24V 4.8W/m,IngroundR E EOP H100 R1000 L0387 / FL56/Nx G5 04W T930 / OR.T1x,Stainless Steel,images/inground-radius/inground-radius-r1000-stainless-steel.jpg,3000K,CRI>90,DALI | 1-10V | Phase Dim,IP67,IK10,,"End segment · end cap at end, 1 cable · opal cover · curve R1000mm, 22.5° · 387mm long · 24V DC, driver separate · FL56 (56 LEDs/m) 4.8W/m",1.8W,126lm,70lm/W,Diffused,Datasheet=images/inground-radius/datasheets/IngroundR_E_EOP_H100_R1000_L0387_FL56Nx_G5_04W_T930_ORT1x.pdf;Specification=images/inground-radius/datasheets/inground-radius-specification.pdf;Brochure=files/holectron/holectron-inground-radius-brochure-2025.pdf
Inground Radius,,,,,,,,,,,,,,,,,,,,Inground Radius R1000 24V 4.8W/m,IngroundR E EOP H100 R1000 L0387 / FL56/Nx G5 04W T940 / OR.T1x,Stainless Steel,images/inground-radius/inground-radius-r1000-stainless-steel.jpg,4000K,CRI>90,DALI | 1-10V | Phase Dim,IP67,IK10,,"End segment · end cap at end, 1 cable · opal cover · curve R1000mm, 22.5° · 387mm long · 24V DC, driver separate · FL56 (56 LEDs/m) 4.8W/m",1.8W,131lm,73lm/W,Diffused,Datasheet=images/inground-radius/datasheets/IngroundR_E_EOP_H100_R1000_L0387_FL56Nx_G5_04W_T940_ORT1x.pdf;Specification=images/inground-radius/datasheets/inground-radius-specification.pdf;Brochure=files/holectron/holectron-inground-radius-brochure-2025.pdf
Inground Radius,,,,,,,,,,,,,,,,,,,,Inground Radius R1000 24V 9.6W/m,IngroundR E EOP H100 R1000 L0387 / FL56/Nx G5 09W 922 / OR.T1x,Stainless Steel,images/inground-radius/inground-radius-r1000-stainless-steel.jpg,2200K,CRI>90,DALI | 1-10V | Phase Dim,IP67,IK10,,"End segment · end cap at end, 1 cable · opal cover · curve R1000mm, 22.5° · 387mm long · 24V DC, driver separate · FL56 (56 LEDs/m) 9.6W/m",3.6W,153lm,43lm/W,Diffused,Datasheet=images/inground-radius/datasheets/IngroundR_E_EOP_H100_R1000_L0387_FL56Nx_G5_09W_922_ORT1x.pdf;Specification=images/inground-radius/datasheets/inground-radius-specification.pdf;Brochure=files/holectron/holectron-inground-radius-brochure-2025.pdf
Inground Radius,,,,,,,,,,,,,,,,,,,,Inground Radius R1000 24V 9.6W/m,IngroundR E EOP H100 R1000 L0387 / FL56/Nx G5 09W T927 / OR.T1x,Stainless Steel,images/inground-radius/inground-radius-r1000-stainless-steel.jpg,2700K,CRI>90,DALI | 1-10V | Phase Dim,IP67,IK10,,"End segment · end cap at end, 1 cable · opal cover · curve R1000mm, 22.5° · 387mm long · 24V DC, driver separate · FL56 (56 LEDs/m) 9.6W/m",3.6W,235lm,65lm/W,Diffused,Datasheet=images/inground-radius/datasheets/IngroundR_E_EOP_H100_R1000_L0387_FL56Nx_G5_09W_T927_ORT1x.pdf;Specification=images/inground-radius/datasheets/inground-radius-specification.pdf;Brochure=files/holectron/holectron-inground-radius-brochure-2025.pdf
Inground Radius,,,,,,,,,,,,,,,,,,,,Inground Radius R1000 24V 9.6W/m,IngroundR E EOP H100 R1000 L0387 / FL56/Nx G5 09W T930 / OR.T1x,Stainless Steel,images/inground-radius/inground-radius-r1000-stainless-steel.jpg,3000K,CRI>90,DALI | 1-10V | Phase Dim,IP67,IK10,,"End segment · end cap at end, 1 cable · opal cover · curve R1000mm, 22.5° · 387mm long · 24V DC, driver separate · FL56 (56 LEDs/m) 9.6W/m",3.6W,247lm,69lm/W,Diffused,Datasheet=images/inground-radius/datasheets/IngroundR_E_EOP_H100_R1000_L0387_FL56Nx_G5_09W_T930_ORT1x.pdf;Specification=images/inground-radius/datasheets/inground-radius-specification.pdf;Brochure=files/holectron/holectron-inground-radius-brochure-2025.pdf
Inground Radius,,,,,,,,,,,,,,,,,,,,Inground Radius R1000 24V 9.6W/m,IngroundR E EOP H100 R1000 L0387 / FL56/Nx G5 09W T940 / OR.T1x,Stainless Steel,images/inground-radius/inground-radius-r1000-stainless-steel.jpg,4000K,CRI>90,DALI | 1-10V | Phase Dim,IP67,IK10,,"End segment · end cap at end, 1 cable · opal cover · curve R1000mm, 22.5° · 387mm long · 24V DC, driver separate · FL56 (56 LEDs/m) 9.6W/m",3.6W,257lm,71lm/W,Diffused,Datasheet=images/inground-radius/datasheets/IngroundR_E_EOP_H100_R1000_L0387_FL56Nx_G5_09W_T940_ORT1x.pdf;Specification=images/inground-radius/datasheets/inground-radius-specification.pdf;Brochure=files/holectron/holectron-inground-radius-brochure-2025.pdf
Inground Radius,,,,,,,,,,,,,,,,,,,,Inground Radius R1000 48V 4.8W/m,IngroundR E EOP H100 R1000 L0387 / FL112/Nx.48V G5 04W 922 / OR.T1x,Stainless Steel,images/inground-radius/inground-radius-r1000-stainless-steel.jpg,2200K,CRI>90,DALI | 1-10V | Phase Dim,IP67,IK10,,"End segment · end cap at end, 1 cable · opal cover · curve R1000mm, 22.5° · 387mm long · 48V DC, driver separate · FL112 (112 LEDs/m) 4.8W/m",1.8W,80lm,44lm/W,Diffused,Datasheet=images/inground-radius/datasheets/IngroundR_E_EOP_H100_R1000_L0387_FL112Nx48V_G5_04W_922_ORT1x.pdf;Specification=images/inground-radius/datasheets/inground-radius-specification.pdf;Brochure=files/holectron/holectron-inground-radius-brochure-2025.pdf
Inground Radius,,,,,,,,,,,,,,,,,,,,Inground Radius R1000 48V 4.8W/m,IngroundR E EOP H100 R1000 L0387 / FL112/Nx.48V G5 04W T927 / OR.T1x,Stainless Steel,images/inground-radius/inground-radius-r1000-stainless-steel.jpg,2700K,CRI>90,DALI | 1-10V | Phase Dim,IP67,IK10,,"End segment · end cap at end, 1 cable · opal cover · curve R1000mm, 22.5° · 387mm long · 48V DC, driver separate · FL112 (112 LEDs/m) 4.8W/m",1.8W,121lm,67lm/W,Diffused,Datasheet=images/inground-radius/datasheets/IngroundR_E_EOP_H100_R1000_L0387_FL112Nx48V_G5_04W_T927_ORT1x.pdf;Specification=images/inground-radius/datasheets/inground-radius-specification.pdf;Brochure=files/holectron/holectron-inground-radius-brochure-2025.pdf
Inground Radius,,,,,,,,,,,,,,,,,,,,Inground Radius R1000 48V 4.8W/m,IngroundR E EOP H100 R1000 L0387 / FL112/Nx.48V G5 04W T930 / OR.T1x,Stainless Steel,images/inground-radius/inground-radius-r1000-stainless-steel.jpg,3000K,CRI>90,DALI | 1-10V | Phase Dim,IP67,IK10,,"End segment · end cap at end, 1 cable · opal cover · curve R1000mm, 22.5° · 387mm long · 48V DC, driver separate · FL112 (112 LEDs/m) 4.8W/m",1.8W,127lm,71lm/W,Diffused,Datasheet=images/inground-radius/datasheets/IngroundR_E_EOP_H100_R1000_L0387_FL112Nx48V_G5_04W_T930_ORT1x.pdf;Specification=images/inground-radius/datasheets/inground-radius-specification.pdf;Brochure=files/holectron/holectron-inground-radius-brochure-2025.pdf
Inground Radius,,,,,,,,,,,,,,,,,,,,Inground Radius R1000 48V 4.8W/m,IngroundR E EOP H100 R1000 L0387 / FL112/Nx.48V G5 04W T940 / OR.T1x,Stainless Steel,images/inground-radius/inground-radius-r1000-stainless-steel.jpg,4000K,CRI>90,DALI | 1-10V | Phase Dim,IP67,IK10,,"End segment · end cap at end, 1 cable · opal cover · curve R1000mm, 22.5° · 387mm long · 48V DC, driver separate · FL112 (112 LEDs/m) 4.8W/m",1.8W,132lm,73lm/W,Diffused,Datasheet=images/inground-radius/datasheets/IngroundR_E_EOP_H100_R1000_L0387_FL112Nx48V_G5_04W_T940_ORT1x.pdf;Specification=images/inground-radius/datasheets/inground-radius-specification.pdf;Brochure=files/holectron/holectron-inground-radius-brochure-2025.pdf
Inground Radius,,,,,,,,,,,,,,,,,,,,Inground Radius R1000 48V 9.6W/m,IngroundR E EOP H100 R1000 L0387 / FL112/Nx.48V G5 09W 922 / OR.T1x,Stainless Steel,images/inground-radius/inground-radius-r1000-stainless-steel.jpg,2200K,CRI>90,DALI | 1-10V | Phase Dim,IP67,IK10,,"End segment · end cap at end, 1 cable · opal cover · curve R1000mm, 22.5° · 387mm long · 48V DC, driver separate · FL112 (112 LEDs/m) 9.6W/m",3.6W,157lm,44lm/W,Diffused,Datasheet=images/inground-radius/datasheets/IngroundR_E_EOP_H100_R1000_L0387_FL112Nx48V_G5_09W_922_ORT1x.pdf;Specification=images/inground-radius/datasheets/inground-radius-specification.pdf;Brochure=files/holectron/holectron-inground-radius-brochure-2025.pdf
Inground Radius,,,,,,,,,,,,,,,,,,,,Inground Radius R1000 48V 9.6W/m,IngroundR E EOP H100 R1000 L0387 / FL112/Nx.48V G5 09W T927 / OR.T1x,Stainless Steel,images/inground-radius/inground-radius-r1000-stainless-steel.jpg,2700K,CRI>90,DALI | 1-10V | Phase Dim,IP67,IK10,,"End segment · end cap at end, 1 cable · opal cover · curve R1000mm, 22.5° · 387mm long · 48V DC, driver separate · FL112 (112 LEDs/m) 9.6W/m",3.6W,240lm,67lm/W,Diffused,Datasheet=images/inground-radius/datasheets/IngroundR_E_EOP_H100_R1000_L0387_FL112Nx48V_G5_09W_T927_ORT1x.pdf;Specification=images/inground-radius/datasheets/inground-radius-specification.pdf;Brochure=files/holectron/holectron-inground-radius-brochure-2025.pdf
Inground Radius,,,,,,,,,,,,,,,,,,,,Inground Radius R1000 48V 9.6W/m,IngroundR E EOP H100 R1000 L0387 / FL112/Nx.48V G5 09W T930 / OR.T1x,Stainless Steel,images/inground-radius/inground-radius-r1000-stainless-steel.jpg,3000K,CRI>90,DALI | 1-10V | Phase Dim,IP67,IK10,,"End segment · end cap at end, 1 cable · opal cover · curve R1000mm, 22.5° · 387mm long · 48V DC, driver separate · FL112 (112 LEDs/m) 9.6W/m",3.6W,252lm,70lm/W,Diffused,Datasheet=images/inground-radius/datasheets/IngroundR_E_EOP_H100_R1000_L0387_FL112Nx48V_G5_09W_T930_ORT1x.pdf;Specification=images/inground-radius/datasheets/inground-radius-specification.pdf;Brochure=files/holectron/holectron-inground-radius-brochure-2025.pdf
Inground Radius,,,,,,,,,,,,,,,,,,,,Inground Radius R1000 48V 9.6W/m,IngroundR E EOP H100 R1000 L0387 / FL112/Nx.48V G5 09W T940 / OR.T1x,Stainless Steel,images/inground-radius/inground-radius-r1000-stainless-steel.jpg,4000K,CRI>90,DALI | 1-10V | Phase Dim,IP67,IK10,,"End segment · end cap at end, 1 cable · opal cover · curve R1000mm, 22.5° · 387mm long · 48V DC, driver separate · FL112 (112 LEDs/m) 9.6W/m",3.6W,262lm,73lm/W,Diffused,Datasheet=images/inground-radius/datasheets/IngroundR_E_EOP_H100_R1000_L0387_FL112Nx48V_G5_09W_T940_ORT1x.pdf;Specification=images/inground-radius/datasheets/inground-radius-specification.pdf;Brochure=files/holectron/holectron-inground-radius-brochure-2025.pdf
Inground Radius,,,,,,,,,,,,,,,,,,,,Inground Radius R1975 24V 2.4W/m,IngroundR E EOP H100 R1975 L0385 / FL56/Nx G5 02W 922 / OR.T1x,Stainless Steel,images/inground-radius/inground-radius-r1975-stainless-steel.jpg,2200K,CRI>90,DALI | 1-10V | Phase Dim,IP67,IK10,,"End segment · end cap at end, 1 cable · opal cover · curve R1975mm, 11.3° · 385mm long · 24V DC, driver separate · FL56 (56 LEDs/m) 2.4W/m",0.9W,40lm,44lm/W,Diffused,Datasheet=images/inground-radius/datasheets/IngroundR_E_EOP_H100_R1975_L0385_FL56Nx_G5_02W_922_ORT1x.pdf;Specification=images/inground-radius/datasheets/inground-radius-specification.pdf;Brochure=files/holectron/holectron-inground-radius-brochure-2025.pdf
Inground Radius,,,,,,,,,,,,,,,,,,,,Inground Radius R1975 24V 2.4W/m,IngroundR E EOP H100 R1975 L0385 / FL56/Nx G5 02W T927 / OR.T1x,Stainless Steel,images/inground-radius/inground-radius-r1975-stainless-steel.jpg,2700K,CRI>90,DALI | 1-10V | Phase Dim,IP67,IK10,,"End segment · end cap at end, 1 cable · opal cover · curve R1975mm, 11.3° · 385mm long · 24V DC, driver separate · FL56 (56 LEDs/m) 2.4W/m",0.9W,60lm,67lm/W,Diffused,Datasheet=images/inground-radius/datasheets/IngroundR_E_EOP_H100_R1975_L0385_FL56Nx_G5_02W_T927_ORT1x.pdf;Specification=images/inground-radius/datasheets/inground-radius-specification.pdf;Brochure=files/holectron/holectron-inground-radius-brochure-2025.pdf
Inground Radius,,,,,,,,,,,,,,,,,,,,Inground Radius R1975 24V 2.4W/m,IngroundR E EOP H100 R1975 L0385 / FL56/Nx G5 02W T930 / OR.T1x,Stainless Steel,images/inground-radius/inground-radius-r1975-stainless-steel.jpg,3000K,CRI>90,DALI | 1-10V | Phase Dim,IP67,IK10,,"End segment · end cap at end, 1 cable · opal cover · curve R1975mm, 11.3° · 385mm long · 24V DC, driver separate · FL56 (56 LEDs/m) 2.4W/m",0.9W,63lm,70lm/W,Diffused,Datasheet=images/inground-radius/datasheets/IngroundR_E_EOP_H100_R1975_L0385_FL56Nx_G5_02W_T930_ORT1x.pdf;Specification=images/inground-radius/datasheets/inground-radius-specification.pdf;Brochure=files/holectron/holectron-inground-radius-brochure-2025.pdf
Inground Radius,,,,,,,,,,,,,,,,,,,,Inground Radius R1975 24V 2.4W/m,IngroundR E EOP H100 R1975 L0385 / FL56/Nx G5 02W T940 / OR.T1x,Stainless Steel,images/inground-radius/inground-radius-r1975-stainless-steel.jpg,4000K,CRI>90,DALI | 1-10V | Phase Dim,IP67,IK10,,"End segment · end cap at end, 1 cable · opal cover · curve R1975mm, 11.3° · 385mm long · 24V DC, driver separate · FL56 (56 LEDs/m) 2.4W/m",0.9W,66lm,73lm/W,Diffused,Datasheet=images/inground-radius/datasheets/IngroundR_E_EOP_H100_R1975_L0385_FL56Nx_G5_02W_T940_ORT1x.pdf;Specification=images/inground-radius/datasheets/inground-radius-specification.pdf;Brochure=files/holectron/holectron-inground-radius-brochure-2025.pdf
Inground Radius,,,,,,,,,,,,,,,,,,,,Inground Radius R1975 24V 4.8W/m,IngroundR E EOP H100 R1975 L0385 / FL56/Nx G5 04W 922 / OR.T1x,Stainless Steel,images/inground-radius/inground-radius-r1975-stainless-steel.jpg,2200K,CRI>90,DALI | 1-10V | Phase Dim,IP67,IK10,,"End segment · end cap at end, 1 cable · opal cover · curve R1975mm, 11.3° · 385mm long · 24V DC, driver separate · FL56 (56 LEDs/m) 4.8W/m",1.8W,78lm,43lm/W,Diffused,Datasheet=images/inground-radius/datasheets/IngroundR_E_EOP_H100_R1975_L0385_FL56Nx_G5_04W_922_ORT1x.pdf;Specification=images/inground-radius/datasheets/inground-radius-specification.pdf;Brochure=files/holectron/holectron-inground-radius-brochure-2025.pdf
Inground Radius,,,,,,,,,,,,,,,,,,,,Inground Radius R1975 24V 4.8W/m,IngroundR E EOP H100 R1975 L0385 / FL56/Nx G5 04W T927 / OR.T1x,Stainless Steel,images/inground-radius/inground-radius-r1975-stainless-steel.jpg,2700K,CRI>90,DALI | 1-10V | Phase Dim,IP67,IK10,,"End segment · end cap at end, 1 cable · opal cover · curve R1975mm, 11.3° · 385mm long · 24V DC, driver separate · FL56 (56 LEDs/m) 4.8W/m",1.8W,120lm,67lm/W,Diffused,Datasheet=images/inground-radius/datasheets/IngroundR_E_EOP_H100_R1975_L0385_FL56Nx_G5_04W_T927_ORT1x.pdf;Specification=images/inground-radius/datasheets/inground-radius-specification.pdf;Brochure=files/holectron/holectron-inground-radius-brochure-2025.pdf
Inground Radius,,,,,,,,,,,,,,,,,,,,Inground Radius R1975 24V 4.8W/m,IngroundR E EOP H100 R1975 L0385 / FL56/Nx G5 04W T930 / OR.T1x,Stainless Steel,images/inground-radius/inground-radius-r1975-stainless-steel.jpg,3000K,CRI>90,DALI | 1-10V | Phase Dim,IP67,IK10,,"End segment · end cap at end, 1 cable · opal cover · curve R1975mm, 11.3° · 385mm long · 24V DC, driver separate · FL56 (56 LEDs/m) 4.8W/m",1.8W,126lm,70lm/W,Diffused,Datasheet=images/inground-radius/datasheets/IngroundR_E_EOP_H100_R1975_L0385_FL56Nx_G5_04W_T930_ORT1x.pdf;Specification=images/inground-radius/datasheets/inground-radius-specification.pdf;Brochure=files/holectron/holectron-inground-radius-brochure-2025.pdf
Inground Radius,,,,,,,,,,,,,,,,,,,,Inground Radius R1975 24V 4.8W/m,IngroundR E EOP H100 R1975 L0385 / FL56/Nx G5 04W T940 / OR.T1x,Stainless Steel,images/inground-radius/inground-radius-r1975-stainless-steel.jpg,4000K,CRI>90,DALI | 1-10V | Phase Dim,IP67,IK10,,"End segment · end cap at end, 1 cable · opal cover · curve R1975mm, 11.3° · 385mm long · 24V DC, driver separate · FL56 (56 LEDs/m) 4.8W/m",1.8W,131lm,73lm/W,Diffused,Datasheet=images/inground-radius/datasheets/IngroundR_E_EOP_H100_R1975_L0385_FL56Nx_G5_04W_T940_ORT1x.pdf;Specification=images/inground-radius/datasheets/inground-radius-specification.pdf;Brochure=files/holectron/holectron-inground-radius-brochure-2025.pdf
Inground Radius,,,,,,,,,,,,,,,,,,,,Inground Radius R1975 24V 9.6W/m,IngroundR E EOP H100 R1975 L0385 / FL56/Nx G5 09W 922 / OR.T1x,Stainless Steel,images/inground-radius/inground-radius-r1975-stainless-steel.jpg,2200K,CRI>90,DALI | 1-10V | Phase Dim,IP67,IK10,,"End segment · end cap at end, 1 cable · opal cover · curve R1975mm, 11.3° · 385mm long · 24V DC, driver separate · FL56 (56 LEDs/m) 9.6W/m",3.6W,153lm,43lm/W,Diffused,Datasheet=images/inground-radius/datasheets/IngroundR_E_EOP_H100_R1975_L0385_FL56Nx_G5_09W_922_ORT1x.pdf;Specification=images/inground-radius/datasheets/inground-radius-specification.pdf;Brochure=files/holectron/holectron-inground-radius-brochure-2025.pdf
Inground Radius,,,,,,,,,,,,,,,,,,,,Inground Radius R1975 24V 9.6W/m,IngroundR E EOP H100 R1975 L0385 / FL56/Nx G5 09W T927 / OR.T1x,Stainless Steel,images/inground-radius/inground-radius-r1975-stainless-steel.jpg,2700K,CRI>90,DALI | 1-10V | Phase Dim,IP67,IK10,,"End segment · end cap at end, 1 cable · opal cover · curve R1975mm, 11.3° · 385mm long · 24V DC, driver separate · FL56 (56 LEDs/m) 9.6W/m",3.6W,235lm,65lm/W,Diffused,Datasheet=images/inground-radius/datasheets/IngroundR_E_EOP_H100_R1975_L0385_FL56Nx_G5_09W_T927_ORT1x.pdf;Specification=images/inground-radius/datasheets/inground-radius-specification.pdf;Brochure=files/holectron/holectron-inground-radius-brochure-2025.pdf
Inground Radius,,,,,,,,,,,,,,,,,,,,Inground Radius R1975 24V 9.6W/m,IngroundR E EOP H100 R1975 L0385 / FL56/Nx G5 09W T930 / OR.T1x,Stainless Steel,images/inground-radius/inground-radius-r1975-stainless-steel.jpg,3000K,CRI>90,DALI | 1-10V | Phase Dim,IP67,IK10,,"End segment · end cap at end, 1 cable · opal cover · curve R1975mm, 11.3° · 385mm long · 24V DC, driver separate · FL56 (56 LEDs/m) 9.6W/m",3.6W,247lm,69lm/W,Diffused,Datasheet=images/inground-radius/datasheets/IngroundR_E_EOP_H100_R1975_L0385_FL56Nx_G5_09W_T930_ORT1x.pdf;Specification=images/inground-radius/datasheets/inground-radius-specification.pdf;Brochure=files/holectron/holectron-inground-radius-brochure-2025.pdf
Inground Radius,,,,,,,,,,,,,,,,,,,,Inground Radius R1975 24V 9.6W/m,IngroundR E EOP H100 R1975 L0385 / FL56/Nx G5 09W T940 / OR.T1x,Stainless Steel,images/inground-radius/inground-radius-r1975-stainless-steel.jpg,4000K,CRI>90,DALI | 1-10V | Phase Dim,IP67,IK10,,"End segment · end cap at end, 1 cable · opal cover · curve R1975mm, 11.3° · 385mm long · 24V DC, driver separate · FL56 (56 LEDs/m) 9.6W/m",3.6W,257lm,71lm/W,Diffused,Datasheet=images/inground-radius/datasheets/IngroundR_E_EOP_H100_R1975_L0385_FL56Nx_G5_09W_T940_ORT1x.pdf;Specification=images/inground-radius/datasheets/inground-radius-specification.pdf;Brochure=files/holectron/holectron-inground-radius-brochure-2025.pdf
Inground Radius,,,,,,,,,,,,,,,,,,,,Inground Radius R1975 48V 4.8W/m,IngroundR E EOP H100 R1975 L0385 / FL112/Nx.48V G5 04W 922 / OR.T1x,Stainless Steel,images/inground-radius/inground-radius-r1975-stainless-steel.jpg,2200K,CRI>90,DALI | 1-10V | Phase Dim,IP67,IK10,,"End segment · end cap at end, 1 cable · opal cover · curve R1975mm, 11.3° · 385mm long · 48V DC, driver separate · FL112 (112 LEDs/m) 4.8W/m",1.8W,80lm,44lm/W,Diffused,Datasheet=images/inground-radius/datasheets/IngroundR_E_EOP_H100_R1975_L0385_FL112Nx48V_G5_04W_922_ORT1x.pdf;Specification=images/inground-radius/datasheets/inground-radius-specification.pdf;Brochure=files/holectron/holectron-inground-radius-brochure-2025.pdf
Inground Radius,,,,,,,,,,,,,,,,,,,,Inground Radius R1975 48V 4.8W/m,IngroundR E EOP H100 R1975 L0385 / FL112/Nx.48V G5 04W T927 / OR.T1x,Stainless Steel,images/inground-radius/inground-radius-r1975-stainless-steel.jpg,2700K,CRI>90,DALI | 1-10V | Phase Dim,IP67,IK10,,"End segment · end cap at end, 1 cable · opal cover · curve R1975mm, 11.3° · 385mm long · 48V DC, driver separate · FL112 (112 LEDs/m) 4.8W/m",1.8W,121lm,67lm/W,Diffused,Datasheet=images/inground-radius/datasheets/IngroundR_E_EOP_H100_R1975_L0385_FL112Nx48V_G5_04W_T927_ORT1x.pdf;Specification=images/inground-radius/datasheets/inground-radius-specification.pdf;Brochure=files/holectron/holectron-inground-radius-brochure-2025.pdf
Inground Radius,,,,,,,,,,,,,,,,,,,,Inground Radius R1975 48V 4.8W/m,IngroundR E EOP H100 R1975 L0385 / FL112/Nx.48V G5 04W T930 / OR.T1x,Stainless Steel,images/inground-radius/inground-radius-r1975-stainless-steel.jpg,3000K,CRI>90,DALI | 1-10V | Phase Dim,IP67,IK10,,"End segment · end cap at end, 1 cable · opal cover · curve R1975mm, 11.3° · 385mm long · 48V DC, driver separate · FL112 (112 LEDs/m) 4.8W/m",1.8W,127lm,71lm/W,Diffused,Datasheet=images/inground-radius/datasheets/IngroundR_E_EOP_H100_R1975_L0385_FL112Nx48V_G5_04W_T930_ORT1x.pdf;Specification=images/inground-radius/datasheets/inground-radius-specification.pdf;Brochure=files/holectron/holectron-inground-radius-brochure-2025.pdf
Inground Radius,,,,,,,,,,,,,,,,,,,,Inground Radius R1975 48V 4.8W/m,IngroundR E EOP H100 R1975 L0385 / FL112/Nx.48V G5 04W T940 / OR.T1x,Stainless Steel,images/inground-radius/inground-radius-r1975-stainless-steel.jpg,4000K,CRI>90,DALI | 1-10V | Phase Dim,IP67,IK10,,"End segment · end cap at end, 1 cable · opal cover · curve R1975mm, 11.3° · 385mm long · 48V DC, driver separate · FL112 (112 LEDs/m) 4.8W/m",1.8W,132lm,73lm/W,Diffused,Datasheet=images/inground-radius/datasheets/IngroundR_E_EOP_H100_R1975_L0385_FL112Nx48V_G5_04W_T940_ORT1x.pdf;Specification=images/inground-radius/datasheets/inground-radius-specification.pdf;Brochure=files/holectron/holectron-inground-radius-brochure-2025.pdf
Inground Radius,,,,,,,,,,,,,,,,,,,,Inground Radius R1975 48V 9.6W/m,IngroundR E EOP H100 R1975 L0385 / FL112/Nx.48V G5 09W 922 / OR.T1x,Stainless Steel,images/inground-radius/inground-radius-r1975-stainless-steel.jpg,2200K,CRI>90,DALI | 1-10V | Phase Dim,IP67,IK10,,"End segment · end cap at end, 1 cable · opal cover · curve R1975mm, 11.3° · 385mm long · 48V DC, driver separate · FL112 (112 LEDs/m) 9.6W/m",3.6W,157lm,44lm/W,Diffused,Datasheet=images/inground-radius/datasheets/IngroundR_E_EOP_H100_R1975_L0385_FL112Nx48V_G5_09W_922_ORT1x.pdf;Specification=images/inground-radius/datasheets/inground-radius-specification.pdf;Brochure=files/holectron/holectron-inground-radius-brochure-2025.pdf
Inground Radius,,,,,,,,,,,,,,,,,,,,Inground Radius R1975 48V 9.6W/m,IngroundR E EOP H100 R1975 L0385 / FL112/Nx.48V G5 09W T927 / OR.T1x,Stainless Steel,images/inground-radius/inground-radius-r1975-stainless-steel.jpg,2700K,CRI>90,DALI | 1-10V | Phase Dim,IP67,IK10,,"End segment · end cap at end, 1 cable · opal cover · curve R1975mm, 11.3° · 385mm long · 48V DC, driver separate · FL112 (112 LEDs/m) 9.6W/m",3.6W,240lm,67lm/W,Diffused,Datasheet=images/inground-radius/datasheets/IngroundR_E_EOP_H100_R1975_L0385_FL112Nx48V_G5_09W_T927_ORT1x.pdf;Specification=images/inground-radius/datasheets/inground-radius-specification.pdf;Brochure=files/holectron/holectron-inground-radius-brochure-2025.pdf
Inground Radius,,,,,,,,,,,,,,,,,,,,Inground Radius R1975 48V 9.6W/m,IngroundR E EOP H100 R1975 L0385 / FL112/Nx.48V G5 09W T930 / OR.T1x,Stainless Steel,images/inground-radius/inground-radius-r1975-stainless-steel.jpg,3000K,CRI>90,DALI | 1-10V | Phase Dim,IP67,IK10,,"End segment · end cap at end, 1 cable · opal cover · curve R1975mm, 11.3° · 385mm long · 48V DC, driver separate · FL112 (112 LEDs/m) 9.6W/m",3.6W,252lm,70lm/W,Diffused,Datasheet=images/inground-radius/datasheets/IngroundR_E_EOP_H100_R1975_L0385_FL112Nx48V_G5_09W_T930_ORT1x.pdf;Specification=images/inground-radius/datasheets/inground-radius-specification.pdf;Brochure=files/holectron/holectron-inground-radius-brochure-2025.pdf
Inground Radius,,,,,,,,,,,,,,,,,,,,Inground Radius R1975 48V 9.6W/m,IngroundR E EOP H100 R1975 L0385 / FL112/Nx.48V G5 09W T940 / OR.T1x,Stainless Steel,images/inground-radius/inground-radius-r1975-stainless-steel.jpg,4000K,CRI>90,DALI | 1-10V | Phase Dim,IP67,IK10,,"End segment · end cap at end, 1 cable · opal cover · curve R1975mm, 11.3° · 385mm long · 48V DC, driver separate · FL112 (112 LEDs/m) 9.6W/m",3.6W,262lm,73lm/W,Diffused,Datasheet=images/inground-radius/datasheets/IngroundR_E_EOP_H100_R1975_L0385_FL112Nx48V_G5_09W_T940_ORT1x.pdf;Specification=images/inground-radius/datasheets/inground-radius-specification.pdf;Brochure=files/holectron/holectron-inground-radius-brochure-2025.pdf
Inground Radius,,,,,,,,,,,,,,,,,,,,Inground Radius R2950 24V 2.4W/m,IngroundR E EOP H100 R2950 L0384 / FL56/Nx G5 02W 922 / OR.T1x,Stainless Steel,images/inground-radius/inground-radius-r2950-stainless-steel.jpg,2200K,CRI>90,DALI | 1-10V | Phase Dim,IP67,IK10,,"End segment · end cap at end, 1 cable · opal cover · curve R2950mm, 7.5° · 384mm long · 24V DC, driver separate · FL56 (56 LEDs/m) 2.4W/m",0.9W,40lm,44lm/W,Diffused,Datasheet=images/inground-radius/datasheets/IngroundR_E_EOP_H100_R2950_L0384_FL56Nx_G5_02W_922_ORT1x.pdf;Specification=images/inground-radius/datasheets/inground-radius-specification.pdf;Brochure=files/holectron/holectron-inground-radius-brochure-2025.pdf
Inground Radius,,,,,,,,,,,,,,,,,,,,Inground Radius R2950 24V 2.4W/m,IngroundR E EOP H100 R2950 L0384 / FL56/Nx G5 02W T927 / OR.T1x,Stainless Steel,images/inground-radius/inground-radius-r2950-stainless-steel.jpg,2700K,CRI>90,DALI | 1-10V | Phase Dim,IP67,IK10,,"End segment · end cap at end, 1 cable · opal cover · curve R2950mm, 7.5° · 384mm long · 24V DC, driver separate · FL56 (56 LEDs/m) 2.4W/m",0.9W,60lm,67lm/W,Diffused,Datasheet=images/inground-radius/datasheets/IngroundR_E_EOP_H100_R2950_L0384_FL56Nx_G5_02W_T927_ORT1x.pdf;Specification=images/inground-radius/datasheets/inground-radius-specification.pdf;Brochure=files/holectron/holectron-inground-radius-brochure-2025.pdf
Inground Radius,,,,,,,,,,,,,,,,,,,,Inground Radius R2950 24V 2.4W/m,IngroundR E EOP H100 R2950 L0384 / FL56/Nx G5 02W T930 / OR.T1x,Stainless Steel,images/inground-radius/inground-radius-r2950-stainless-steel.jpg,3000K,CRI>90,DALI | 1-10V | Phase Dim,IP67,IK10,,"End segment · end cap at end, 1 cable · opal cover · curve R2950mm, 7.5° · 384mm long · 24V DC, driver separate · FL56 (56 LEDs/m) 2.4W/m",0.9W,63lm,70lm/W,Diffused,Datasheet=images/inground-radius/datasheets/IngroundR_E_EOP_H100_R2950_L0384_FL56Nx_G5_02W_T930_ORT1x.pdf;Specification=images/inground-radius/datasheets/inground-radius-specification.pdf;Brochure=files/holectron/holectron-inground-radius-brochure-2025.pdf
Inground Radius,,,,,,,,,,,,,,,,,,,,Inground Radius R2950 24V 2.4W/m,IngroundR E EOP H100 R2950 L0384 / FL56/Nx G5 02W T940 / OR.T1x,Stainless Steel,images/inground-radius/inground-radius-r2950-stainless-steel.jpg,4000K,CRI>90,DALI | 1-10V | Phase Dim,IP67,IK10,,"End segment · end cap at end, 1 cable · opal cover · curve R2950mm, 7.5° · 384mm long · 24V DC, driver separate · FL56 (56 LEDs/m) 2.4W/m",0.9W,66lm,73lm/W,Diffused,Datasheet=images/inground-radius/datasheets/IngroundR_E_EOP_H100_R2950_L0384_FL56Nx_G5_02W_T940_ORT1x.pdf;Specification=images/inground-radius/datasheets/inground-radius-specification.pdf;Brochure=files/holectron/holectron-inground-radius-brochure-2025.pdf
Inground Radius,,,,,,,,,,,,,,,,,,,,Inground Radius R2950 24V 4.8W/m,IngroundR E EOP H100 R2950 L0384 / FL56/Nx G5 04W 922 / OR.T1x,Stainless Steel,images/inground-radius/inground-radius-r2950-stainless-steel.jpg,2200K,CRI>90,DALI | 1-10V | Phase Dim,IP67,IK10,,"End segment · end cap at end, 1 cable · opal cover · curve R2950mm, 7.5° · 384mm long · 24V DC, driver separate · FL56 (56 LEDs/m) 4.8W/m",1.8W,78lm,43lm/W,Diffused,Datasheet=images/inground-radius/datasheets/IngroundR_E_EOP_H100_R2950_L0384_FL56Nx_G5_04W_922_ORT1x.pdf;Specification=images/inground-radius/datasheets/inground-radius-specification.pdf;Brochure=files/holectron/holectron-inground-radius-brochure-2025.pdf
Inground Radius,,,,,,,,,,,,,,,,,,,,Inground Radius R2950 24V 4.8W/m,IngroundR E EOP H100 R2950 L0384 / FL56/Nx G5 04W T927 / OR.T1x,Stainless Steel,images/inground-radius/inground-radius-r2950-stainless-steel.jpg,2700K,CRI>90,DALI | 1-10V | Phase Dim,IP67,IK10,,"End segment · end cap at end, 1 cable · opal cover · curve R2950mm, 7.5° · 384mm long · 24V DC, driver separate · FL56 (56 LEDs/m) 4.8W/m",1.8W,120lm,67lm/W,Diffused,Datasheet=images/inground-radius/datasheets/IngroundR_E_EOP_H100_R2950_L0384_FL56Nx_G5_04W_T927_ORT1x.pdf;Specification=images/inground-radius/datasheets/inground-radius-specification.pdf;Brochure=files/holectron/holectron-inground-radius-brochure-2025.pdf
Inground Radius,,,,,,,,,,,,,,,,,,,,Inground Radius R2950 24V 4.8W/m,IngroundR E EOP H100 R2950 L0384 / FL56/Nx G5 04W T930 / OR.T1x,Stainless Steel,images/inground-radius/inground-radius-r2950-stainless-steel.jpg,3000K,CRI>90,DALI | 1-10V | Phase Dim,IP67,IK10,,"End segment · end cap at end, 1 cable · opal cover · curve R2950mm, 7.5° · 384mm long · 24V DC, driver separate · FL56 (56 LEDs/m) 4.8W/m",1.8W,126lm,70lm/W,Diffused,Datasheet=images/inground-radius/datasheets/IngroundR_E_EOP_H100_R2950_L0384_FL56Nx_G5_04W_T930_ORT1x.pdf;Specification=images/inground-radius/datasheets/inground-radius-specification.pdf;Brochure=files/holectron/holectron-inground-radius-brochure-2025.pdf
Inground Radius,,,,,,,,,,,,,,,,,,,,Inground Radius R2950 24V 4.8W/m,IngroundR E EOP H100 R2950 L0384 / FL56/Nx G5 04W T940 / OR.T1x,Stainless Steel,images/inground-radius/inground-radius-r2950-stainless-steel.jpg,4000K,CRI>90,DALI | 1-10V | Phase Dim,IP67,IK10,,"End segment · end cap at end, 1 cable · opal cover · curve R2950mm, 7.5° · 384mm long · 24V DC, driver separate · FL56 (56 LEDs/m) 4.8W/m",1.8W,131lm,73lm/W,Diffused,Datasheet=images/inground-radius/datasheets/IngroundR_E_EOP_H100_R2950_L0384_FL56Nx_G5_04W_T940_ORT1x.pdf;Specification=images/inground-radius/datasheets/inground-radius-specification.pdf;Brochure=files/holectron/holectron-inground-radius-brochure-2025.pdf
Inground Radius,,,,,,,,,,,,,,,,,,,,Inground Radius R2950 24V 9.6W/m,IngroundR E EOP H100 R2950 L0384 / FL56/Nx G5 09W 922 / OR.T1x,Stainless Steel,images/inground-radius/inground-radius-r2950-stainless-steel.jpg,2200K,CRI>90,DALI | 1-10V | Phase Dim,IP67,IK10,,"End segment · end cap at end, 1 cable · opal cover · curve R2950mm, 7.5° · 384mm long · 24V DC, driver separate · FL56 (56 LEDs/m) 9.6W/m",3.6W,153lm,43lm/W,Diffused,Datasheet=images/inground-radius/datasheets/IngroundR_E_EOP_H100_R2950_L0384_FL56Nx_G5_09W_922_ORT1x.pdf;Specification=images/inground-radius/datasheets/inground-radius-specification.pdf;Brochure=files/holectron/holectron-inground-radius-brochure-2025.pdf
Inground Radius,,,,,,,,,,,,,,,,,,,,Inground Radius R2950 24V 9.6W/m,IngroundR E EOP H100 R2950 L0384 / FL56/Nx G5 09W T927 / OR.T1x,Stainless Steel,images/inground-radius/inground-radius-r2950-stainless-steel.jpg,2700K,CRI>90,DALI | 1-10V | Phase Dim,IP67,IK10,,"End segment · end cap at end, 1 cable · opal cover · curve R2950mm, 7.5° · 384mm long · 24V DC, driver separate · FL56 (56 LEDs/m) 9.6W/m",3.6W,235lm,65lm/W,Diffused,Datasheet=images/inground-radius/datasheets/IngroundR_E_EOP_H100_R2950_L0384_FL56Nx_G5_09W_T927_ORT1x.pdf;Specification=images/inground-radius/datasheets/inground-radius-specification.pdf;Brochure=files/holectron/holectron-inground-radius-brochure-2025.pdf
Inground Radius,,,,,,,,,,,,,,,,,,,,Inground Radius R2950 24V 9.6W/m,IngroundR E EOP H100 R2950 L0384 / FL56/Nx G5 09W T930 / OR.T1x,Stainless Steel,images/inground-radius/inground-radius-r2950-stainless-steel.jpg,3000K,CRI>90,DALI | 1-10V | Phase Dim,IP67,IK10,,"End segment · end cap at end, 1 cable · opal cover · curve R2950mm, 7.5° · 384mm long · 24V DC, driver separate · FL56 (56 LEDs/m) 9.6W/m",3.6W,247lm,69lm/W,Diffused,Datasheet=images/inground-radius/datasheets/IngroundR_E_EOP_H100_R2950_L0384_FL56Nx_G5_09W_T930_ORT1x.pdf;Specification=images/inground-radius/datasheets/inground-radius-specification.pdf;Brochure=files/holectron/holectron-inground-radius-brochure-2025.pdf
Inground Radius,,,,,,,,,,,,,,,,,,,,Inground Radius R2950 24V 9.6W/m,IngroundR E EOP H100 R2950 L0384 / FL56/Nx G5 09W T940 / OR.T1x,Stainless Steel,images/inground-radius/inground-radius-r2950-stainless-steel.jpg,4000K,CRI>90,DALI | 1-10V | Phase Dim,IP67,IK10,,"End segment · end cap at end, 1 cable · opal cover · curve R2950mm, 7.5° · 384mm long · 24V DC, driver separate · FL56 (56 LEDs/m) 9.6W/m",3.6W,257lm,71lm/W,Diffused,Datasheet=images/inground-radius/datasheets/IngroundR_E_EOP_H100_R2950_L0384_FL56Nx_G5_09W_T940_ORT1x.pdf;Specification=images/inground-radius/datasheets/inground-radius-specification.pdf;Brochure=files/holectron/holectron-inground-radius-brochure-2025.pdf
Inground Radius,,,,,,,,,,,,,,,,,,,,Inground Radius R2950 48V 4.8W/m,IngroundR E EOP H100 R2950 L0384 / FL112/Nx.48V G5 04W 922 / OR.T1x,Stainless Steel,images/inground-radius/inground-radius-r2950-stainless-steel.jpg,2200K,CRI>90,DALI | 1-10V | Phase Dim,IP67,IK10,,"End segment · end cap at end, 1 cable · opal cover · curve R2950mm, 7.5° · 384mm long · 48V DC, driver separate · FL112 (112 LEDs/m) 4.8W/m",1.8W,80lm,44lm/W,Diffused,Datasheet=images/inground-radius/datasheets/IngroundR_E_EOP_H100_R2950_L0384_FL112Nx48V_G5_04W_922_ORT1x.pdf;Specification=images/inground-radius/datasheets/inground-radius-specification.pdf;Brochure=files/holectron/holectron-inground-radius-brochure-2025.pdf
Inground Radius,,,,,,,,,,,,,,,,,,,,Inground Radius R2950 48V 4.8W/m,IngroundR E EOP H100 R2950 L0384 / FL112/Nx.48V G5 04W T927 / OR.T1x,Stainless Steel,images/inground-radius/inground-radius-r2950-stainless-steel.jpg,2700K,CRI>90,DALI | 1-10V | Phase Dim,IP67,IK10,,"End segment · end cap at end, 1 cable · opal cover · curve R2950mm, 7.5° · 384mm long · 48V DC, driver separate · FL112 (112 LEDs/m) 4.8W/m",1.8W,121lm,67lm/W,Diffused,Datasheet=images/inground-radius/datasheets/IngroundR_E_EOP_H100_R2950_L0384_FL112Nx48V_G5_04W_T927_ORT1x.pdf;Specification=images/inground-radius/datasheets/inground-radius-specification.pdf;Brochure=files/holectron/holectron-inground-radius-brochure-2025.pdf
Inground Radius,,,,,,,,,,,,,,,,,,,,Inground Radius R2950 48V 4.8W/m,IngroundR E EOP H100 R2950 L0384 / FL112/Nx.48V G5 04W T930 / OR.T1x,Stainless Steel,images/inground-radius/inground-radius-r2950-stainless-steel.jpg,3000K,CRI>90,DALI | 1-10V | Phase Dim,IP67,IK10,,"End segment · end cap at end, 1 cable · opal cover · curve R2950mm, 7.5° · 384mm long · 48V DC, driver separate · FL112 (112 LEDs/m) 4.8W/m",1.8W,127lm,71lm/W,Diffused,Datasheet=images/inground-radius/datasheets/IngroundR_E_EOP_H100_R2950_L0384_FL112Nx48V_G5_04W_T930_ORT1x.pdf;Specification=images/inground-radius/datasheets/inground-radius-specification.pdf;Brochure=files/holectron/holectron-inground-radius-brochure-2025.pdf
Inground Radius,,,,,,,,,,,,,,,,,,,,Inground Radius R2950 48V 4.8W/m,IngroundR E EOP H100 R2950 L0384 / FL112/Nx.48V G5 04W T940 / OR.T1x,Stainless Steel,images/inground-radius/inground-radius-r2950-stainless-steel.jpg,4000K,CRI>90,DALI | 1-10V | Phase Dim,IP67,IK10,,"End segment · end cap at end, 1 cable · opal cover · curve R2950mm, 7.5° · 384mm long · 48V DC, driver separate · FL112 (112 LEDs/m) 4.8W/m",1.8W,132lm,73lm/W,Diffused,Datasheet=images/inground-radius/datasheets/IngroundR_E_EOP_H100_R2950_L0384_FL112Nx48V_G5_04W_T940_ORT1x.pdf;Specification=images/inground-radius/datasheets/inground-radius-specification.pdf;Brochure=files/holectron/holectron-inground-radius-brochure-2025.pdf
Inground Radius,,,,,,,,,,,,,,,,,,,,Inground Radius R2950 48V 9.6W/m,IngroundR E EOP H100 R2950 L0384 / FL112/Nx.48V G5 09W 922 / OR.T1x,Stainless Steel,images/inground-radius/inground-radius-r2950-stainless-steel.jpg,2200K,CRI>90,DALI | 1-10V | Phase Dim,IP67,IK10,,"End segment · end cap at end, 1 cable · opal cover · curve R2950mm, 7.5° · 384mm long · 48V DC, driver separate · FL112 (112 LEDs/m) 9.6W/m",3.6W,157lm,44lm/W,Diffused,Datasheet=images/inground-radius/datasheets/IngroundR_E_EOP_H100_R2950_L0384_FL112Nx48V_G5_09W_922_ORT1x.pdf;Specification=images/inground-radius/datasheets/inground-radius-specification.pdf;Brochure=files/holectron/holectron-inground-radius-brochure-2025.pdf
Inground Radius,,,,,,,,,,,,,,,,,,,,Inground Radius R2950 48V 9.6W/m,IngroundR E EOP H100 R2950 L0384 / FL112/Nx.48V G5 09W T927 / OR.T1x,Stainless Steel,images/inground-radius/inground-radius-r2950-stainless-steel.jpg,2700K,CRI>90,DALI | 1-10V | Phase Dim,IP67,IK10,,"End segment · end cap at end, 1 cable · opal cover · curve R2950mm, 7.5° · 384mm long · 48V DC, driver separate · FL112 (112 LEDs/m) 9.6W/m",3.6W,240lm,67lm/W,Diffused,Datasheet=images/inground-radius/datasheets/IngroundR_E_EOP_H100_R2950_L0384_FL112Nx48V_G5_09W_T927_ORT1x.pdf;Specification=images/inground-radius/datasheets/inground-radius-specification.pdf;Brochure=files/holectron/holectron-inground-radius-brochure-2025.pdf
Inground Radius,,,,,,,,,,,,,,,,,,,,Inground Radius R2950 48V 9.6W/m,IngroundR E EOP H100 R2950 L0384 / FL112/Nx.48V G5 09W T930 / OR.T1x,Stainless Steel,images/inground-radius/inground-radius-r2950-stainless-steel.jpg,3000K,CRI>90,DALI | 1-10V | Phase Dim,IP67,IK10,,"End segment · end cap at end, 1 cable · opal cover · curve R2950mm, 7.5° · 384mm long · 48V DC, driver separate · FL112 (112 LEDs/m) 9.6W/m",3.6W,252lm,70lm/W,Diffused,Datasheet=images/inground-radius/datasheets/IngroundR_E_EOP_H100_R2950_L0384_FL112Nx48V_G5_09W_T930_ORT1x.pdf;Specification=images/inground-radius/datasheets/inground-radius-specification.pdf;Brochure=files/holectron/holectron-inground-radius-brochure-2025.pdf
Inground Radius,,,,,,,,,,,,,,,,,,,,Inground Radius R2950 48V 9.6W/m,IngroundR E EOP H100 R2950 L0384 / FL112/Nx.48V G5 09W T940 / OR.T1x,Stainless Steel,images/inground-radius/inground-radius-r2950-stainless-steel.jpg,4000K,CRI>90,DALI | 1-10V | Phase Dim,IP67,IK10,,"End segment · end cap at end, 1 cable · opal cover · curve R2950mm, 7.5° · 384mm long · 48V DC, driver separate · FL112 (112 LEDs/m) 9.6W/m",3.6W,262lm,73lm/W,Diffused,Datasheet=images/inground-radius/datasheets/IngroundR_E_EOP_H100_R2950_L0384_FL112Nx48V_G5_09W_T940_ORT1x.pdf;Specification=images/inground-radius/datasheets/inground-radius-specification.pdf;Brochure=files/holectron/holectron-inground-radius-brochure-2025.pdf
Inground Radius,,,,,,,,,,,,,,,,,,,,Inground Radius R6100 24V 2.4W/m,IngroundR E EOP H100 R6100 L0382 / FL56/Nx G5 02W 922 / OR.T1x,Stainless Steel,images/inground-radius/inground-radius-r6100-stainless-steel.jpg,2200K,CRI>90,DALI | 1-10V | Phase Dim,IP67,IK10,,"End segment · end cap at end, 1 cable · opal cover · curve R6100mm, 3.6° · 382mm long · 24V DC, driver separate · FL56 (56 LEDs/m) 2.4W/m",0.9W,40lm,44lm/W,Diffused,Datasheet=images/inground-radius/datasheets/IngroundR_E_EOP_H100_R6100_L0382_FL56Nx_G5_02W_922_ORT1x.pdf;Specification=images/inground-radius/datasheets/inground-radius-specification.pdf;Brochure=files/holectron/holectron-inground-radius-brochure-2025.pdf
Inground Radius,,,,,,,,,,,,,,,,,,,,Inground Radius R6100 24V 2.4W/m,IngroundR E EOP H100 R6100 L0382 / FL56/Nx G5 02W T927 / OR.T1x,Stainless Steel,images/inground-radius/inground-radius-r6100-stainless-steel.jpg,2700K,CRI>90,DALI | 1-10V | Phase Dim,IP67,IK10,,"End segment · end cap at end, 1 cable · opal cover · curve R6100mm, 3.6° · 382mm long · 24V DC, driver separate · FL56 (56 LEDs/m) 2.4W/m",0.9W,60lm,67lm/W,Diffused,Datasheet=images/inground-radius/datasheets/IngroundR_E_EOP_H100_R6100_L0382_FL56Nx_G5_02W_T927_ORT1x.pdf;Specification=images/inground-radius/datasheets/inground-radius-specification.pdf;Brochure=files/holectron/holectron-inground-radius-brochure-2025.pdf
Inground Radius,,,,,,,,,,,,,,,,,,,,Inground Radius R6100 24V 2.4W/m,IngroundR E EOP H100 R6100 L0382 / FL56/Nx G5 02W T930 / OR.T1x,Stainless Steel,images/inground-radius/inground-radius-r6100-stainless-steel.jpg,3000K,CRI>90,DALI | 1-10V | Phase Dim,IP67,IK10,,"End segment · end cap at end, 1 cable · opal cover · curve R6100mm, 3.6° · 382mm long · 24V DC, driver separate · FL56 (56 LEDs/m) 2.4W/m",0.9W,63lm,70lm/W,Diffused,Datasheet=images/inground-radius/datasheets/IngroundR_E_EOP_H100_R6100_L0382_FL56Nx_G5_02W_T930_ORT1x.pdf;Specification=images/inground-radius/datasheets/inground-radius-specification.pdf;Brochure=files/holectron/holectron-inground-radius-brochure-2025.pdf
Inground Radius,,,,,,,,,,,,,,,,,,,,Inground Radius R6100 24V 2.4W/m,IngroundR E EOP H100 R6100 L0382 / FL56/Nx G5 02W T940 / OR.T1x,Stainless Steel,images/inground-radius/inground-radius-r6100-stainless-steel.jpg,4000K,CRI>90,DALI | 1-10V | Phase Dim,IP67,IK10,,"End segment · end cap at end, 1 cable · opal cover · curve R6100mm, 3.6° · 382mm long · 24V DC, driver separate · FL56 (56 LEDs/m) 2.4W/m",0.9W,66lm,73lm/W,Diffused,Datasheet=images/inground-radius/datasheets/IngroundR_E_EOP_H100_R6100_L0382_FL56Nx_G5_02W_T940_ORT1x.pdf;Specification=images/inground-radius/datasheets/inground-radius-specification.pdf;Brochure=files/holectron/holectron-inground-radius-brochure-2025.pdf
Inground Radius,,,,,,,,,,,,,,,,,,,,Inground Radius R6100 24V 4.8W/m,IngroundR E EOP H100 R6100 L0382 / FL56/Nx G5 04W 922 / OR.T1x,Stainless Steel,images/inground-radius/inground-radius-r6100-stainless-steel.jpg,2200K,CRI>90,DALI | 1-10V | Phase Dim,IP67,IK10,,"End segment · end cap at end, 1 cable · opal cover · curve R6100mm, 3.6° · 382mm long · 24V DC, driver separate · FL56 (56 LEDs/m) 4.8W/m",1.8W,78lm,43lm/W,Diffused,Datasheet=images/inground-radius/datasheets/IngroundR_E_EOP_H100_R6100_L0382_FL56Nx_G5_04W_922_ORT1x.pdf;Specification=images/inground-radius/datasheets/inground-radius-specification.pdf;Brochure=files/holectron/holectron-inground-radius-brochure-2025.pdf
Inground Radius,,,,,,,,,,,,,,,,,,,,Inground Radius R6100 24V 4.8W/m,IngroundR E EOP H100 R6100 L0382 / FL56/Nx G5 04W T927 / OR.T1x,Stainless Steel,images/inground-radius/inground-radius-r6100-stainless-steel.jpg,2700K,CRI>90,DALI | 1-10V | Phase Dim,IP67,IK10,,"End segment · end cap at end, 1 cable · opal cover · curve R6100mm, 3.6° · 382mm long · 24V DC, driver separate · FL56 (56 LEDs/m) 4.8W/m",1.8W,120lm,67lm/W,Diffused,Datasheet=images/inground-radius/datasheets/IngroundR_E_EOP_H100_R6100_L0382_FL56Nx_G5_04W_T927_ORT1x.pdf;Specification=images/inground-radius/datasheets/inground-radius-specification.pdf;Brochure=files/holectron/holectron-inground-radius-brochure-2025.pdf
Inground Radius,,,,,,,,,,,,,,,,,,,,Inground Radius R6100 24V 4.8W/m,IngroundR E EOP H100 R6100 L0382 / FL56/Nx G5 04W T930 / OR.T1x,Stainless Steel,images/inground-radius/inground-radius-r6100-stainless-steel.jpg,3000K,CRI>90,DALI | 1-10V | Phase Dim,IP67,IK10,,"End segment · end cap at end, 1 cable · opal cover · curve R6100mm, 3.6° · 382mm long · 24V DC, driver separate · FL56 (56 LEDs/m) 4.8W/m",1.8W,126lm,70lm/W,Diffused,Datasheet=images/inground-radius/datasheets/IngroundR_E_EOP_H100_R6100_L0382_FL56Nx_G5_04W_T930_ORT1x.pdf;Specification=images/inground-radius/datasheets/inground-radius-specification.pdf;Brochure=files/holectron/holectron-inground-radius-brochure-2025.pdf
Inground Radius,,,,,,,,,,,,,,,,,,,,Inground Radius R6100 24V 4.8W/m,IngroundR E EOP H100 R6100 L0382 / FL56/Nx G5 04W T940 / OR.T1x,Stainless Steel,images/inground-radius/inground-radius-r6100-stainless-steel.jpg,4000K,CRI>90,DALI | 1-10V | Phase Dim,IP67,IK10,,"End segment · end cap at end, 1 cable · opal cover · curve R6100mm, 3.6° · 382mm long · 24V DC, driver separate · FL56 (56 LEDs/m) 4.8W/m",1.8W,131lm,73lm/W,Diffused,Datasheet=images/inground-radius/datasheets/IngroundR_E_EOP_H100_R6100_L0382_FL56Nx_G5_04W_T940_ORT1x.pdf;Specification=images/inground-radius/datasheets/inground-radius-specification.pdf;Brochure=files/holectron/holectron-inground-radius-brochure-2025.pdf
Inground Radius,,,,,,,,,,,,,,,,,,,,Inground Radius R6100 24V 9.6W/m,IngroundR E EOP H100 R6100 L0382 / FL56/Nx G5 09W 922 / OR.T1x,Stainless Steel,images/inground-radius/inground-radius-r6100-stainless-steel.jpg,2200K,CRI>90,DALI | 1-10V | Phase Dim,IP67,IK10,,"End segment · end cap at end, 1 cable · opal cover · curve R6100mm, 3.6° · 382mm long · 24V DC, driver separate · FL56 (56 LEDs/m) 9.6W/m",3.6W,153lm,43lm/W,Diffused,Datasheet=images/inground-radius/datasheets/IngroundR_E_EOP_H100_R6100_L0382_FL56Nx_G5_09W_922_ORT1x.pdf;Specification=images/inground-radius/datasheets/inground-radius-specification.pdf;Brochure=files/holectron/holectron-inground-radius-brochure-2025.pdf
Inground Radius,,,,,,,,,,,,,,,,,,,,Inground Radius R6100 24V 9.6W/m,IngroundR E EOP H100 R6100 L0382 / FL56/Nx G5 09W T927 / OR.T1x,Stainless Steel,images/inground-radius/inground-radius-r6100-stainless-steel.jpg,2700K,CRI>90,DALI | 1-10V | Phase Dim,IP67,IK10,,"End segment · end cap at end, 1 cable · opal cover · curve R6100mm, 3.6° · 382mm long · 24V DC, driver separate · FL56 (56 LEDs/m) 9.6W/m",3.6W,235lm,65lm/W,Diffused,Datasheet=images/inground-radius/datasheets/IngroundR_E_EOP_H100_R6100_L0382_FL56Nx_G5_09W_T927_ORT1x.pdf;Specification=images/inground-radius/datasheets/inground-radius-specification.pdf;Brochure=files/holectron/holectron-inground-radius-brochure-2025.pdf
Inground Radius,,,,,,,,,,,,,,,,,,,,Inground Radius R6100 24V 9.6W/m,IngroundR E EOP H100 R6100 L0382 / FL56/Nx G5 09W T930 / OR.T1x,Stainless Steel,images/inground-radius/inground-radius-r6100-stainless-steel.jpg,3000K,CRI>90,DALI | 1-10V | Phase Dim,IP67,IK10,,"End segment · end cap at end, 1 cable · opal cover · curve R6100mm, 3.6° · 382mm long · 24V DC, driver separate · FL56 (56 LEDs/m) 9.6W/m",3.6W,247lm,69lm/W,Diffused,Datasheet=images/inground-radius/datasheets/IngroundR_E_EOP_H100_R6100_L0382_FL56Nx_G5_09W_T930_ORT1x.pdf;Specification=images/inground-radius/datasheets/inground-radius-specification.pdf;Brochure=files/holectron/holectron-inground-radius-brochure-2025.pdf
Inground Radius,,,,,,,,,,,,,,,,,,,,Inground Radius R6100 24V 9.6W/m,IngroundR E EOP H100 R6100 L0382 / FL56/Nx G5 09W T940 / OR.T1x,Stainless Steel,images/inground-radius/inground-radius-r6100-stainless-steel.jpg,4000K,CRI>90,DALI | 1-10V | Phase Dim,IP67,IK10,,"End segment · end cap at end, 1 cable · opal cover · curve R6100mm, 3.6° · 382mm long · 24V DC, driver separate · FL56 (56 LEDs/m) 9.6W/m",3.6W,257lm,71lm/W,Diffused,Datasheet=images/inground-radius/datasheets/IngroundR_E_EOP_H100_R6100_L0382_FL56Nx_G5_09W_T940_ORT1x.pdf;Specification=images/inground-radius/datasheets/inground-radius-specification.pdf;Brochure=files/holectron/holectron-inground-radius-brochure-2025.pdf
Inground Radius,,,,,,,,,,,,,,,,,,,,Inground Radius R6100 48V 4.8W/m,IngroundR E EOP H100 R6100 L0382 / FL112/Nx.48V G5 04W 922 / OR.T1x,Stainless Steel,images/inground-radius/inground-radius-r6100-stainless-steel.jpg,2200K,CRI>90,DALI | 1-10V | Phase Dim,IP67,IK10,,"End segment · end cap at end, 1 cable · opal cover · curve R6100mm, 3.6° · 382mm long · 48V DC, driver separate · FL112 (112 LEDs/m) 4.8W/m",1.8W,80lm,44lm/W,Diffused,Datasheet=images/inground-radius/datasheets/IngroundR_E_EOP_H100_R6100_L0382_FL112Nx48V_G5_04W_922_ORT1x.pdf;Specification=images/inground-radius/datasheets/inground-radius-specification.pdf;Brochure=files/holectron/holectron-inground-radius-brochure-2025.pdf
Inground Radius,,,,,,,,,,,,,,,,,,,,Inground Radius R6100 48V 4.8W/m,IngroundR E EOP H100 R6100 L0382 / FL112/Nx.48V G5 04W T927 / OR.T1x,Stainless Steel,images/inground-radius/inground-radius-r6100-stainless-steel.jpg,2700K,CRI>90,DALI | 1-10V | Phase Dim,IP67,IK10,,"End segment · end cap at end, 1 cable · opal cover · curve R6100mm, 3.6° · 382mm long · 48V DC, driver separate · FL112 (112 LEDs/m) 4.8W/m",1.8W,121lm,67lm/W,Diffused,Datasheet=images/inground-radius/datasheets/IngroundR_E_EOP_H100_R6100_L0382_FL112Nx48V_G5_04W_T927_ORT1x.pdf;Specification=images/inground-radius/datasheets/inground-radius-specification.pdf;Brochure=files/holectron/holectron-inground-radius-brochure-2025.pdf
Inground Radius,,,,,,,,,,,,,,,,,,,,Inground Radius R6100 48V 4.8W/m,IngroundR E EOP H100 R6100 L0382 / FL112/Nx.48V G5 04W T930 / OR.T1x,Stainless Steel,images/inground-radius/inground-radius-r6100-stainless-steel.jpg,3000K,CRI>90,DALI | 1-10V | Phase Dim,IP67,IK10,,"End segment · end cap at end, 1 cable · opal cover · curve R6100mm, 3.6° · 382mm long · 48V DC, driver separate · FL112 (112 LEDs/m) 4.8W/m",1.8W,127lm,71lm/W,Diffused,Datasheet=images/inground-radius/datasheets/IngroundR_E_EOP_H100_R6100_L0382_FL112Nx48V_G5_04W_T930_ORT1x.pdf;Specification=images/inground-radius/datasheets/inground-radius-specification.pdf;Brochure=files/holectron/holectron-inground-radius-brochure-2025.pdf
Inground Radius,,,,,,,,,,,,,,,,,,,,Inground Radius R6100 48V 4.8W/m,IngroundR E EOP H100 R6100 L0382 / FL112/Nx.48V G5 04W T940 / OR.T1x,Stainless Steel,images/inground-radius/inground-radius-r6100-stainless-steel.jpg,4000K,CRI>90,DALI | 1-10V | Phase Dim,IP67,IK10,,"End segment · end cap at end, 1 cable · opal cover · curve R6100mm, 3.6° · 382mm long · 48V DC, driver separate · FL112 (112 LEDs/m) 4.8W/m",1.8W,132lm,73lm/W,Diffused,Datasheet=images/inground-radius/datasheets/IngroundR_E_EOP_H100_R6100_L0382_FL112Nx48V_G5_04W_T940_ORT1x.pdf;Specification=images/inground-radius/datasheets/inground-radius-specification.pdf;Brochure=files/holectron/holectron-inground-radius-brochure-2025.pdf
Inground Radius,,,,,,,,,,,,,,,,,,,,Inground Radius R6100 48V 9.6W/m,IngroundR E EOP H100 R6100 L0382 / FL112/Nx.48V G5 09W 922 / OR.T1x,Stainless Steel,images/inground-radius/inground-radius-r6100-stainless-steel.jpg,2200K,CRI>90,DALI | 1-10V | Phase Dim,IP67,IK10,,"End segment · end cap at end, 1 cable · opal cover · curve R6100mm, 3.6° · 382mm long · 48V DC, driver separate · FL112 (112 LEDs/m) 9.6W/m",3.6W,157lm,44lm/W,Diffused,Datasheet=images/inground-radius/datasheets/IngroundR_E_EOP_H100_R6100_L0382_FL112Nx48V_G5_09W_922_ORT1x.pdf;Specification=images/inground-radius/datasheets/inground-radius-specification.pdf;Brochure=files/holectron/holectron-inground-radius-brochure-2025.pdf
Inground Radius,,,,,,,,,,,,,,,,,,,,Inground Radius R6100 48V 9.6W/m,IngroundR E EOP H100 R6100 L0382 / FL112/Nx.48V G5 09W T927 / OR.T1x,Stainless Steel,images/inground-radius/inground-radius-r6100-stainless-steel.jpg,2700K,CRI>90,DALI | 1-10V | Phase Dim,IP67,IK10,,"End segment · end cap at end, 1 cable · opal cover · curve R6100mm, 3.6° · 382mm long · 48V DC, driver separate · FL112 (112 LEDs/m) 9.6W/m",3.6W,240lm,67lm/W,Diffused,Datasheet=images/inground-radius/datasheets/IngroundR_E_EOP_H100_R6100_L0382_FL112Nx48V_G5_09W_T927_ORT1x.pdf;Specification=images/inground-radius/datasheets/inground-radius-specification.pdf;Brochure=files/holectron/holectron-inground-radius-brochure-2025.pdf
Inground Radius,,,,,,,,,,,,,,,,,,,,Inground Radius R6100 48V 9.6W/m,IngroundR E EOP H100 R6100 L0382 / FL112/Nx.48V G5 09W T930 / OR.T1x,Stainless Steel,images/inground-radius/inground-radius-r6100-stainless-steel.jpg,3000K,CRI>90,DALI | 1-10V | Phase Dim,IP67,IK10,,"End segment · end cap at end, 1 cable · opal cover · curve R6100mm, 3.6° · 382mm long · 48V DC, driver separate · FL112 (112 LEDs/m) 9.6W/m",3.6W,252lm,70lm/W,Diffused,Datasheet=images/inground-radius/datasheets/IngroundR_E_EOP_H100_R6100_L0382_FL112Nx48V_G5_09W_T930_ORT1x.pdf;Specification=images/inground-radius/datasheets/inground-radius-specification.pdf;Brochure=files/holectron/holectron-inground-radius-brochure-2025.pdf
Inground Radius,,,,,,,,,,,,,,,,,,,,Inground Radius R6100 48V 9.6W/m,IngroundR E EOP H100 R6100 L0382 / FL112/Nx.48V G5 09W T940 / OR.T1x,Stainless Steel,images/inground-radius/inground-radius-r6100-stainless-steel.jpg,4000K,CRI>90,DALI | 1-10V | Phase Dim,IP67,IK10,,"End segment · end cap at end, 1 cable · opal cover · curve R6100mm, 3.6° · 382mm long · 48V DC, driver separate · FL112 (112 LEDs/m) 9.6W/m",3.6W,262lm,73lm/W,Diffused,Datasheet=images/inground-radius/datasheets/IngroundR_E_EOP_H100_R6100_L0382_FL112Nx48V_G5_09W_T940_ORT1x.pdf;Specification=images/inground-radius/datasheets/inground-radius-specification.pdf;Brochure=files/holectron/holectron-inground-radius-brochure-2025.pdf
Inground Radius,,,,,,,,,,,,,,,,,,,,Inground Radius L505 24V 2.4W/m,IngroundR F EOP H100 R0000 L0505 / FL56/Nx G5 02W 922 / OR.T1x,Stainless Steel,images/inground-radius/inground-radius-l505-stainless-steel.jpg,2200K,CRI>90,DALI | 1-10V | Phase Dim,IP67,IK10,,"Full segment · 2 end caps, 2 cables · opal cover · straight · 505mm long · 24V DC, driver separate · FL56 (56 LEDs/m) 2.4W/m",1.2W,53lm,44lm/W,Diffused,Datasheet=images/inground-radius/datasheets/IngroundR_F_EOP_H100_R0000_L0505_FL56Nx_G5_02W_922_ORT1x.pdf;Specification=images/inground-radius/datasheets/inground-radius-specification.pdf;Brochure=files/holectron/holectron-inground-radius-brochure-2025.pdf
Inground Radius,,,,,,,,,,,,,,,,,,,,Inground Radius L505 24V 2.4W/m,IngroundR F EOP H100 R0000 L0505 / FL56/Nx G5 02W T927 / OR.T1x,Stainless Steel,images/inground-radius/inground-radius-l505-stainless-steel.jpg,2700K,CRI>90,DALI | 1-10V | Phase Dim,IP67,IK10,,"Full segment · 2 end caps, 2 cables · opal cover · straight · 505mm long · 24V DC, driver separate · FL56 (56 LEDs/m) 2.4W/m",1.2W,81lm,68lm/W,Diffused,Datasheet=images/inground-radius/datasheets/IngroundR_F_EOP_H100_R0000_L0505_FL56Nx_G5_02W_T927_ORT1x.pdf;Specification=images/inground-radius/datasheets/inground-radius-specification.pdf;Brochure=files/holectron/holectron-inground-radius-brochure-2025.pdf
Inground Radius,,,,,,,,,,,,,,,,,,,,Inground Radius L505 24V 2.4W/m,IngroundR F EOP H100 R0000 L0505 / FL56/Nx G5 02W T930 / OR.T1x,Stainless Steel,images/inground-radius/inground-radius-l505-stainless-steel.jpg,3000K,CRI>90,DALI | 1-10V | Phase Dim,IP67,IK10,,"Full segment · 2 end caps, 2 cables · opal cover · straight · 505mm long · 24V DC, driver separate · FL56 (56 LEDs/m) 2.4W/m",1.2W,85lm,71lm/W,Diffused,Datasheet=images/inground-radius/datasheets/IngroundR_F_EOP_H100_R0000_L0505_FL56Nx_G5_02W_T930_ORT1x.pdf;Specification=images/inground-radius/datasheets/inground-radius-specification.pdf;Brochure=files/holectron/holectron-inground-radius-brochure-2025.pdf
Inground Radius,,,,,,,,,,,,,,,,,,,,Inground Radius L505 24V 2.4W/m,IngroundR F EOP H100 R0000 L0505 / FL56/Nx G5 02W T940 / OR.T1x,Stainless Steel,images/inground-radius/inground-radius-l505-stainless-steel.jpg,4000K,CRI>90,DALI | 1-10V | Phase Dim,IP67,IK10,,"Full segment · 2 end caps, 2 cables · opal cover · straight · 505mm long · 24V DC, driver separate · FL56 (56 LEDs/m) 2.4W/m",1.2W,88lm,73lm/W,Diffused,Datasheet=images/inground-radius/datasheets/IngroundR_F_EOP_H100_R0000_L0505_FL56Nx_G5_02W_T940_ORT1x.pdf;Specification=images/inground-radius/datasheets/inground-radius-specification.pdf;Brochure=files/holectron/holectron-inground-radius-brochure-2025.pdf
Inground Radius,,,,,,,,,,,,,,,,,,,,Inground Radius L505 24V 4.8W/m,IngroundR F EOP H100 R0000 L0505 / FL56/Nx G5 04W 922 / OR.T1x,Stainless Steel,images/inground-radius/inground-radius-l505-stainless-steel.jpg,2200K,CRI>90,DALI | 1-10V | Phase Dim,IP67,IK10,,"Full segment · 2 end caps, 2 cables · opal cover · straight · 505mm long · 24V DC, driver separate · FL56 (56 LEDs/m) 4.8W/m",2.4W,104lm,43lm/W,Diffused,Datasheet=images/inground-radius/datasheets/IngroundR_F_EOP_H100_R0000_L0505_FL56Nx_G5_04W_922_ORT1x.pdf;Specification=images/inground-radius/datasheets/inground-radius-specification.pdf;Brochure=files/holectron/holectron-inground-radius-brochure-2025.pdf
Inground Radius,,,,,,,,,,,,,,,,,,,,Inground Radius L505 24V 4.8W/m,IngroundR F EOP H100 R0000 L0505 / FL56/Nx G5 04W T927 / OR.T1x,Stainless Steel,images/inground-radius/inground-radius-l505-stainless-steel.jpg,2700K,CRI>90,DALI | 1-10V | Phase Dim,IP67,IK10,,"Full segment · 2 end caps, 2 cables · opal cover · straight · 505mm long · 24V DC, driver separate · FL56 (56 LEDs/m) 4.8W/m",2.4W,160lm,67lm/W,Diffused,Datasheet=images/inground-radius/datasheets/IngroundR_F_EOP_H100_R0000_L0505_FL56Nx_G5_04W_T927_ORT1x.pdf;Specification=images/inground-radius/datasheets/inground-radius-specification.pdf;Brochure=files/holectron/holectron-inground-radius-brochure-2025.pdf
Inground Radius,,,,,,,,,,,,,,,,,,,,Inground Radius L505 24V 4.8W/m,IngroundR F EOP H100 R0000 L0505 / FL56/Nx G5 04W T930 / OR.T1x,Stainless Steel,images/inground-radius/inground-radius-l505-stainless-steel.jpg,3000K,CRI>90,DALI | 1-10V | Phase Dim,IP67,IK10,,"Full segment · 2 end caps, 2 cables · opal cover · straight · 505mm long · 24V DC, driver separate · FL56 (56 LEDs/m) 4.8W/m",2.4W,168lm,70lm/W,Diffused,Datasheet=images/inground-radius/datasheets/IngroundR_F_EOP_H100_R0000_L0505_FL56Nx_G5_04W_T930_ORT1x.pdf;Specification=images/inground-radius/datasheets/inground-radius-specification.pdf;Brochure=files/holectron/holectron-inground-radius-brochure-2025.pdf
Inground Radius,,,,,,,,,,,,,,,,,,,,Inground Radius L505 24V 4.8W/m,IngroundR F EOP H100 R0000 L0505 / FL56/Nx G5 04W T940 / OR.T1x,Stainless Steel,images/inground-radius/inground-radius-l505-stainless-steel.jpg,4000K,CRI>90,DALI | 1-10V | Phase Dim,IP67,IK10,,"Full segment · 2 end caps, 2 cables · opal cover · straight · 505mm long · 24V DC, driver separate · FL56 (56 LEDs/m) 4.8W/m",2.4W,175lm,73lm/W,Diffused,Datasheet=images/inground-radius/datasheets/IngroundR_F_EOP_H100_R0000_L0505_FL56Nx_G5_04W_T940_ORT1x.pdf;Specification=images/inground-radius/datasheets/inground-radius-specification.pdf;Brochure=files/holectron/holectron-inground-radius-brochure-2025.pdf
Inground Radius,,,,,,,,,,,,,,,,,,,,Inground Radius L505 24V 9.6W/m,IngroundR F EOP H100 R0000 L0505 / FL56/Nx G5 09W 922 / OR.T1x,Stainless Steel,images/inground-radius/inground-radius-l505-stainless-steel.jpg,2200K,CRI>90,DALI | 1-10V | Phase Dim,IP67,IK10,,"Full segment · 2 end caps, 2 cables · opal cover · straight · 505mm long · 24V DC, driver separate · FL56 (56 LEDs/m) 9.6W/m",4.8W,204lm,43lm/W,Diffused,Datasheet=images/inground-radius/datasheets/IngroundR_F_EOP_H100_R0000_L0505_FL56Nx_G5_09W_922_ORT1x.pdf;Specification=images/inground-radius/datasheets/inground-radius-specification.pdf;Brochure=files/holectron/holectron-inground-radius-brochure-2025.pdf
Inground Radius,,,,,,,,,,,,,,,,,,,,Inground Radius L505 24V 9.6W/m,IngroundR F EOP H100 R0000 L0505 / FL56/Nx G5 09W T927 / OR.T1x,Stainless Steel,images/inground-radius/inground-radius-l505-stainless-steel.jpg,2700K,CRI>90,DALI | 1-10V | Phase Dim,IP67,IK10,,"Full segment · 2 end caps, 2 cables · opal cover · straight · 505mm long · 24V DC, driver separate · FL56 (56 LEDs/m) 9.6W/m",4.8W,314lm,65lm/W,Diffused,Datasheet=images/inground-radius/datasheets/IngroundR_F_EOP_H100_R0000_L0505_FL56Nx_G5_09W_T927_ORT1x.pdf;Specification=images/inground-radius/datasheets/inground-radius-specification.pdf;Brochure=files/holectron/holectron-inground-radius-brochure-2025.pdf
Inground Radius,,,,,,,,,,,,,,,,,,,,Inground Radius L505 24V 9.6W/m,IngroundR F EOP H100 R0000 L0505 / FL56/Nx G5 09W T930 / OR.T1x,Stainless Steel,images/inground-radius/inground-radius-l505-stainless-steel.jpg,3000K,CRI>90,DALI | 1-10V | Phase Dim,IP67,IK10,,"Full segment · 2 end caps, 2 cables · opal cover · straight · 505mm long · 24V DC, driver separate · FL56 (56 LEDs/m) 9.6W/m",4.8W,330lm,69lm/W,Diffused,Datasheet=images/inground-radius/datasheets/IngroundR_F_EOP_H100_R0000_L0505_FL56Nx_G5_09W_T930_ORT1x.pdf;Specification=images/inground-radius/datasheets/inground-radius-specification.pdf;Brochure=files/holectron/holectron-inground-radius-brochure-2025.pdf
Inground Radius,,,,,,,,,,,,,,,,,,,,Inground Radius L505 24V 9.6W/m,IngroundR F EOP H100 R0000 L0505 / FL56/Nx G5 09W T940 / OR.T1x,Stainless Steel,images/inground-radius/inground-radius-l505-stainless-steel.jpg,4000K,CRI>90,DALI | 1-10V | Phase Dim,IP67,IK10,,"Full segment · 2 end caps, 2 cables · opal cover · straight · 505mm long · 24V DC, driver separate · FL56 (56 LEDs/m) 9.6W/m",4.8W,343lm,71lm/W,Diffused,Datasheet=images/inground-radius/datasheets/IngroundR_F_EOP_H100_R0000_L0505_FL56Nx_G5_09W_T940_ORT1x.pdf;Specification=images/inground-radius/datasheets/inground-radius-specification.pdf;Brochure=files/holectron/holectron-inground-radius-brochure-2025.pdf
Inground Radius,,,,,,,,,,,,,,,,,,,,Inground Radius L505 48V 4.8W/m,IngroundR F EOP H100 R0000 L0505 / FL112/Nx.48V G5 04W 922 / OR.T1x,Stainless Steel,images/inground-radius/inground-radius-l505-stainless-steel.jpg,2200K,CRI>90,DALI | 1-10V | Phase Dim,IP67,IK10,,"Full segment · 2 end caps, 2 cables · opal cover · straight · 505mm long · 48V DC, driver separate · FL112 (112 LEDs/m) 4.8W/m",2.4W,107lm,45lm/W,Diffused,Datasheet=images/inground-radius/datasheets/IngroundR_F_EOP_H100_R0000_L0505_FL112Nx48V_G5_04W_922_ORT1x.pdf;Specification=images/inground-radius/datasheets/inground-radius-specification.pdf;Brochure=files/holectron/holectron-inground-radius-brochure-2025.pdf
Inground Radius,,,,,,,,,,,,,,,,,,,,Inground Radius L505 48V 4.8W/m,IngroundR F EOP H100 R0000 L0505 / FL112/Nx.48V G5 04W T927 / OR.T1x,Stainless Steel,images/inground-radius/inground-radius-l505-stainless-steel.jpg,2700K,CRI>90,DALI | 1-10V | Phase Dim,IP67,IK10,,"Full segment · 2 end caps, 2 cables · opal cover · straight · 505mm long · 48V DC, driver separate · FL112 (112 LEDs/m) 4.8W/m",2.4W,161lm,67lm/W,Diffused,Datasheet=images/inground-radius/datasheets/IngroundR_F_EOP_H100_R0000_L0505_FL112Nx48V_G5_04W_T927_ORT1x.pdf;Specification=images/inground-radius/datasheets/inground-radius-specification.pdf;Brochure=files/holectron/holectron-inground-radius-brochure-2025.pdf
Inground Radius,,,,,,,,,,,,,,,,,,,,Inground Radius L505 48V 4.8W/m,IngroundR F EOP H100 R0000 L0505 / FL112/Nx.48V G5 04W T930 / OR.T1x,Stainless Steel,images/inground-radius/inground-radius-l505-stainless-steel.jpg,3000K,CRI>90,DALI | 1-10V | Phase Dim,IP67,IK10,,"Full segment · 2 end caps, 2 cables · opal cover · straight · 505mm long · 48V DC, driver separate · FL112 (112 LEDs/m) 4.8W/m",2.4W,170lm,71lm/W,Diffused,Datasheet=images/inground-radius/datasheets/IngroundR_F_EOP_H100_R0000_L0505_FL112Nx48V_G5_04W_T930_ORT1x.pdf;Specification=images/inground-radius/datasheets/inground-radius-specification.pdf;Brochure=files/holectron/holectron-inground-radius-brochure-2025.pdf
Inground Radius,,,,,,,,,,,,,,,,,,,,Inground Radius L505 48V 4.8W/m,IngroundR F EOP H100 R0000 L0505 / FL112/Nx.48V G5 04W T940 / OR.T1x,Stainless Steel,images/inground-radius/inground-radius-l505-stainless-steel.jpg,4000K,CRI>90,DALI | 1-10V | Phase Dim,IP67,IK10,,"Full segment · 2 end caps, 2 cables · opal cover · straight · 505mm long · 48V DC, driver separate · FL112 (112 LEDs/m) 4.8W/m",2.4W,176lm,73lm/W,Diffused,Datasheet=images/inground-radius/datasheets/IngroundR_F_EOP_H100_R0000_L0505_FL112Nx48V_G5_04W_T940_ORT1x.pdf;Specification=images/inground-radius/datasheets/inground-radius-specification.pdf;Brochure=files/holectron/holectron-inground-radius-brochure-2025.pdf
Inground Radius,,,,,,,,,,,,,,,,,,,,Inground Radius L505 48V 9.6W/m,IngroundR F EOP H100 R0000 L0505 / FL112/Nx.48V G5 09W 922 / OR.T1x,Stainless Steel,images/inground-radius/inground-radius-l505-stainless-steel.jpg,2200K,CRI>90,DALI | 1-10V | Phase Dim,IP67,IK10,,"Full segment · 2 end caps, 2 cables · opal cover · straight · 505mm long · 48V DC, driver separate · FL112 (112 LEDs/m) 9.6W/m",4.8W,209lm,44lm/W,Diffused,Datasheet=images/inground-radius/datasheets/IngroundR_F_EOP_H100_R0000_L0505_FL112Nx48V_G5_09W_922_ORT1x.pdf;Specification=images/inground-radius/datasheets/inground-radius-specification.pdf;Brochure=files/holectron/holectron-inground-radius-brochure-2025.pdf
Inground Radius,,,,,,,,,,,,,,,,,,,,Inground Radius L505 48V 9.6W/m,IngroundR F EOP H100 R0000 L0505 / FL112/Nx.48V G5 09W T927 / OR.T1x,Stainless Steel,images/inground-radius/inground-radius-l505-stainless-steel.jpg,2700K,CRI>90,DALI | 1-10V | Phase Dim,IP67,IK10,,"Full segment · 2 end caps, 2 cables · opal cover · straight · 505mm long · 48V DC, driver separate · FL112 (112 LEDs/m) 9.6W/m",4.8W,320lm,67lm/W,Diffused,Datasheet=images/inground-radius/datasheets/IngroundR_F_EOP_H100_R0000_L0505_FL112Nx48V_G5_09W_T927_ORT1x.pdf;Specification=images/inground-radius/datasheets/inground-radius-specification.pdf;Brochure=files/holectron/holectron-inground-radius-brochure-2025.pdf
Inground Radius,,,,,,,,,,,,,,,,,,,,Inground Radius L505 48V 9.6W/m,IngroundR F EOP H100 R0000 L0505 / FL112/Nx.48V G5 09W T930 / OR.T1x,Stainless Steel,images/inground-radius/inground-radius-l505-stainless-steel.jpg,3000K,CRI>90,DALI | 1-10V | Phase Dim,IP67,IK10,,"Full segment · 2 end caps, 2 cables · opal cover · straight · 505mm long · 48V DC, driver separate · FL112 (112 LEDs/m) 9.6W/m",4.8W,336lm,70lm/W,Diffused,Datasheet=images/inground-radius/datasheets/IngroundR_F_EOP_H100_R0000_L0505_FL112Nx48V_G5_09W_T930_ORT1x.pdf;Specification=images/inground-radius/datasheets/inground-radius-specification.pdf;Brochure=files/holectron/holectron-inground-radius-brochure-2025.pdf
Inground Radius,,,,,,,,,,,,,,,,,,,,Inground Radius L505 48V 9.6W/m,IngroundR F EOP H100 R0000 L0505 / FL112/Nx.48V G5 09W T940 / OR.T1x,Stainless Steel,images/inground-radius/inground-radius-l505-stainless-steel.jpg,4000K,CRI>90,DALI | 1-10V | Phase Dim,IP67,IK10,,"Full segment · 2 end caps, 2 cables · opal cover · straight · 505mm long · 48V DC, driver separate · FL112 (112 LEDs/m) 9.6W/m",4.8W,349lm,73lm/W,Diffused,Datasheet=images/inground-radius/datasheets/IngroundR_F_EOP_H100_R0000_L0505_FL112Nx48V_G5_09W_T940_ORT1x.pdf;Specification=images/inground-radius/datasheets/inground-radius-specification.pdf;Brochure=files/holectron/holectron-inground-radius-brochure-2025.pdf
Inground Radius,,,,,,,,,,,,,,,,,,,,Inground Radius L1005 24V 2.4W/m,IngroundR F EOP H100 R0000 L1005 / FL56/Nx G5 02W 922 / OR.T1x,Stainless Steel,images/inground-radius/inground-radius-l1005-stainless-steel.jpg,2200K,CRI>90,DALI | 1-10V | Phase Dim,IP67,IK10,,"Full segment · 2 end caps, 2 cables · opal cover · straight · 1005mm long · 24V DC, driver separate · FL56 (56 LEDs/m) 2.4W/m",2.4W,106lm,44lm/W,Diffused,Datasheet=images/inground-radius/datasheets/IngroundR_F_EOP_H100_R0000_L1005_FL56Nx_G5_02W_922_ORT1x.pdf;Specification=images/inground-radius/datasheets/inground-radius-specification.pdf;Brochure=files/holectron/holectron-inground-radius-brochure-2025.pdf
Inground Radius,,,,,,,,,,,,,,,,,,,,Inground Radius L1005 24V 2.4W/m,IngroundR F EOP H100 R0000 L1005 / FL56/Nx G5 02W T927 / OR.T1x,Stainless Steel,images/inground-radius/inground-radius-l1005-stainless-steel.jpg,2700K,CRI>90,DALI | 1-10V | Phase Dim,IP67,IK10,,"Full segment · 2 end caps, 2 cables · opal cover · straight · 1005mm long · 24V DC, driver separate · FL56 (56 LEDs/m) 2.4W/m",2.4W,161lm,67lm/W,Diffused,Datasheet=images/inground-radius/datasheets/IngroundR_F_EOP_H100_R0000_L1005_FL56Nx_G5_02W_T927_ORT1x.pdf;Specification=images/inground-radius/datasheets/inground-radius-specification.pdf;Brochure=files/holectron/holectron-inground-radius-brochure-2025.pdf
Inground Radius,,,,,,,,,,,,,,,,,,,,Inground Radius L1005 24V 2.4W/m,IngroundR F EOP H100 R0000 L1005 / FL56/Nx G5 02W T930 / OR.T1x,Stainless Steel,images/inground-radius/inground-radius-l1005-stainless-steel.jpg,3000K,CRI>90,DALI | 1-10V | Phase Dim,IP67,IK10,,"Full segment · 2 end caps, 2 cables · opal cover · straight · 1005mm long · 24V DC, driver separate · FL56 (56 LEDs/m) 2.4W/m",2.4W,169lm,70lm/W,Diffused,Datasheet=images/inground-radius/datasheets/IngroundR_F_EOP_H100_R0000_L1005_FL56Nx_G5_02W_T930_ORT1x.pdf;Specification=images/inground-radius/datasheets/inground-radius-specification.pdf;Brochure=files/holectron/holectron-inground-radius-brochure-2025.pdf
Inground Radius,,,,,,,,,,,,,,,,,,,,Inground Radius L1005 24V 2.4W/m,IngroundR F EOP H100 R0000 L1005 / FL56/Nx G5 02W T940 / OR.T1x,Stainless Steel,images/inground-radius/inground-radius-l1005-stainless-steel.jpg,4000K,CRI>90,DALI | 1-10V | Phase Dim,IP67,IK10,,"Full segment · 2 end caps, 2 cables · opal cover · straight · 1005mm long · 24V DC, driver separate · FL56 (56 LEDs/m) 2.4W/m",2.4W,176lm,73lm/W,Diffused,Datasheet=images/inground-radius/datasheets/IngroundR_F_EOP_H100_R0000_L1005_FL56Nx_G5_02W_T940_ORT1x.pdf;Specification=images/inground-radius/datasheets/inground-radius-specification.pdf;Brochure=files/holectron/holectron-inground-radius-brochure-2025.pdf
Inground Radius,,,,,,,,,,,,,,,,,,,,Inground Radius L1005 24V 4.8W/m,IngroundR F EOP H100 R0000 L1005 / FL56/Nx G5 04W 922 / OR.T1x,Stainless Steel,images/inground-radius/inground-radius-l1005-stainless-steel.jpg,2200K,CRI>90,DALI | 1-10V | Phase Dim,IP67,IK10,,"Full segment · 2 end caps, 2 cables · opal cover · straight · 1005mm long · 24V DC, driver separate · FL56 (56 LEDs/m) 4.8W/m",4.8W,209lm,44lm/W,Diffused,Datasheet=images/inground-radius/datasheets/IngroundR_F_EOP_H100_R0000_L1005_FL56Nx_G5_04W_922_ORT1x.pdf;Specification=images/inground-radius/datasheets/inground-radius-specification.pdf;Brochure=files/holectron/holectron-inground-radius-brochure-2025.pdf
Inground Radius,,,,,,,,,,,,,,,,,,,,Inground Radius L1005 24V 4.8W/m,IngroundR F EOP H100 R0000 L1005 / FL56/Nx G5 04W T927 / OR.T1x,Stainless Steel,images/inground-radius/inground-radius-l1005-stainless-steel.jpg,2700K,CRI>90,DALI | 1-10V | Phase Dim,IP67,IK10,,"Full segment · 2 end caps, 2 cables · opal cover · straight · 1005mm long · 24V DC, driver separate · FL56 (56 LEDs/m) 4.8W/m",4.8W,320lm,67lm/W,Diffused,Datasheet=images/inground-radius/datasheets/IngroundR_F_EOP_H100_R0000_L1005_FL56Nx_G5_04W_T927_ORT1x.pdf;Specification=images/inground-radius/datasheets/inground-radius-specification.pdf;Brochure=files/holectron/holectron-inground-radius-brochure-2025.pdf
Inground Radius,,,,,,,,,,,,,,,,,,,,Inground Radius L1005 24V 4.8W/m,IngroundR F EOP H100 R0000 L1005 / FL56/Nx G5 04W T930 / OR.T1x,Stainless Steel,images/inground-radius/inground-radius-l1005-stainless-steel.jpg,3000K,CRI>90,DALI | 1-10V | Phase Dim,IP67,IK10,,"Full segment · 2 end caps, 2 cables · opal cover · straight · 1005mm long · 24V DC, driver separate · FL56 (56 LEDs/m) 4.8W/m",4.8W,336lm,70lm/W,Diffused,Datasheet=images/inground-radius/datasheets/IngroundR_F_EOP_H100_R0000_L1005_FL56Nx_G5_04W_T930_ORT1x.pdf;Specification=images/inground-radius/datasheets/inground-radius-specification.pdf;Brochure=files/holectron/holectron-inground-radius-brochure-2025.pdf
Inground Radius,,,,,,,,,,,,,,,,,,,,Inground Radius L1005 24V 4.8W/m,IngroundR F EOP H100 R0000 L1005 / FL56/Nx G5 04W T940 / OR.T1x,Stainless Steel,images/inground-radius/inground-radius-l1005-stainless-steel.jpg,4000K,CRI>90,DALI | 1-10V | Phase Dim,IP67,IK10,,"Full segment · 2 end caps, 2 cables · opal cover · straight · 1005mm long · 24V DC, driver separate · FL56 (56 LEDs/m) 4.8W/m",4.8W,349lm,73lm/W,Diffused,Datasheet=images/inground-radius/datasheets/IngroundR_F_EOP_H100_R0000_L1005_FL56Nx_G5_04W_T940_ORT1x.pdf;Specification=images/inground-radius/datasheets/inground-radius-specification.pdf;Brochure=files/holectron/holectron-inground-radius-brochure-2025.pdf
Inground Radius,,,,,,,,,,,,,,,,,,,,Inground Radius L1005 24V 9.6W/m,IngroundR F EOP H100 R0000 L1005 / FL56/Nx G5 09W 922 / OR.T1x,Stainless Steel,images/inground-radius/inground-radius-l1005-stainless-steel.jpg,2200K,CRI>90,DALI | 1-10V | Phase Dim,IP67,IK10,,"Full segment · 2 end caps, 2 cables · opal cover · straight · 1005mm long · 24V DC, driver separate · FL56 (56 LEDs/m) 9.6W/m",9.6W,407lm,42lm/W,Diffused,Datasheet=images/inground-radius/datasheets/IngroundR_F_EOP_H100_R0000_L1005_FL56Nx_G5_09W_922_ORT1x.pdf;Specification=images/inground-radius/datasheets/inground-radius-specification.pdf;Brochure=files/holectron/holectron-inground-radius-brochure-2025.pdf
Inground Radius,,,,,,,,,,,,,,,,,,,,Inground Radius L1005 24V 9.6W/m,IngroundR F EOP H100 R0000 L1005 / FL56/Nx G5 09W T927 / OR.T1x,Stainless Steel,images/inground-radius/inground-radius-l1005-stainless-steel.jpg,2700K,CRI>90,DALI | 1-10V | Phase Dim,IP67,IK10,,"Full segment · 2 end caps, 2 cables · opal cover · straight · 1005mm long · 24V DC, driver separate · FL56 (56 LEDs/m) 9.6W/m",9.6W,627lm,65lm/W,Diffused,Datasheet=images/inground-radius/datasheets/IngroundR_F_EOP_H100_R0000_L1005_FL56Nx_G5_09W_T927_ORT1x.pdf;Specification=images/inground-radius/datasheets/inground-radius-specification.pdf;Brochure=files/holectron/holectron-inground-radius-brochure-2025.pdf
Inground Radius,,,,,,,,,,,,,,,,,,,,Inground Radius L1005 24V 9.6W/m,IngroundR F EOP H100 R0000 L1005 / FL56/Nx G5 09W T930 / OR.T1x,Stainless Steel,images/inground-radius/inground-radius-l1005-stainless-steel.jpg,3000K,CRI>90,DALI | 1-10V | Phase Dim,IP67,IK10,,"Full segment · 2 end caps, 2 cables · opal cover · straight · 1005mm long · 24V DC, driver separate · FL56 (56 LEDs/m) 9.6W/m",9.6W,660lm,69lm/W,Diffused,Datasheet=images/inground-radius/datasheets/IngroundR_F_EOP_H100_R0000_L1005_FL56Nx_G5_09W_T930_ORT1x.pdf;Specification=images/inground-radius/datasheets/inground-radius-specification.pdf;Brochure=files/holectron/holectron-inground-radius-brochure-2025.pdf
Inground Radius,,,,,,,,,,,,,,,,,,,,Inground Radius L1005 24V 9.6W/m,IngroundR F EOP H100 R0000 L1005 / FL56/Nx G5 09W T940 / OR.T1x,Stainless Steel,images/inground-radius/inground-radius-l1005-stainless-steel.jpg,4000K,CRI>90,DALI | 1-10V | Phase Dim,IP67,IK10,,"Full segment · 2 end caps, 2 cables · opal cover · straight · 1005mm long · 24V DC, driver separate · FL56 (56 LEDs/m) 9.6W/m",9.6W,686lm,71lm/W,Diffused,Datasheet=images/inground-radius/datasheets/IngroundR_F_EOP_H100_R0000_L1005_FL56Nx_G5_09W_T940_ORT1x.pdf;Specification=images/inground-radius/datasheets/inground-radius-specification.pdf;Brochure=files/holectron/holectron-inground-radius-brochure-2025.pdf
Inground Radius,,,,,,,,,,,,,,,,,,,,Inground Radius L1005 48V 4.8W/m,IngroundR F EOP H100 R0000 L1005 / FL112/Nx.48V G5 04W 922 / OR.T1x,Stainless Steel,images/inground-radius/inground-radius-l1005-stainless-steel.jpg,2200K,CRI>90,DALI | 1-10V | Phase Dim,IP67,IK10,,"Full segment · 2 end caps, 2 cables · opal cover · straight · 1005mm long · 48V DC, driver separate · FL112 (112 LEDs/m) 4.8W/m",4.8W,214lm,45lm/W,Diffused,Datasheet=images/inground-radius/datasheets/IngroundR_F_EOP_H100_R0000_L1005_FL112Nx48V_G5_04W_922_ORT1x.pdf;Specification=images/inground-radius/datasheets/inground-radius-specification.pdf;Brochure=files/holectron/holectron-inground-radius-brochure-2025.pdf
Inground Radius,,,,,,,,,,,,,,,,,,,,Inground Radius L1005 48V 4.8W/m,IngroundR F EOP H100 R0000 L1005 / FL112/Nx.48V G5 04W T927 / OR.T1x,Stainless Steel,images/inground-radius/inground-radius-l1005-stainless-steel.jpg,2700K,CRI>90,DALI | 1-10V | Phase Dim,IP67,IK10,,"Full segment · 2 end caps, 2 cables · opal cover · straight · 1005mm long · 48V DC, driver separate · FL112 (112 LEDs/m) 4.8W/m",4.8W,322lm,67lm/W,Diffused,Datasheet=images/inground-radius/datasheets/IngroundR_F_EOP_H100_R0000_L1005_FL112Nx48V_G5_04W_T927_ORT1x.pdf;Specification=images/inground-radius/datasheets/inground-radius-specification.pdf;Brochure=files/holectron/holectron-inground-radius-brochure-2025.pdf
Inground Radius,,,,,,,,,,,,,,,,,,,,Inground Radius L1005 48V 4.8W/m,IngroundR F EOP H100 R0000 L1005 / FL112/Nx.48V G5 04W T930 / OR.T1x,Stainless Steel,images/inground-radius/inground-radius-l1005-stainless-steel.jpg,3000K,CRI>90,DALI | 1-10V | Phase Dim,IP67,IK10,,"Full segment · 2 end caps, 2 cables · opal cover · straight · 1005mm long · 48V DC, driver separate · FL112 (112 LEDs/m) 4.8W/m",4.8W,339lm,71lm/W,Diffused,Datasheet=images/inground-radius/datasheets/IngroundR_F_EOP_H100_R0000_L1005_FL112Nx48V_G5_04W_T930_ORT1x.pdf;Specification=images/inground-radius/datasheets/inground-radius-specification.pdf;Brochure=files/holectron/holectron-inground-radius-brochure-2025.pdf
Inground Radius,,,,,,,,,,,,,,,,,,,,Inground Radius L1005 48V 4.8W/m,IngroundR F EOP H100 R0000 L1005 / FL112/Nx.48V G5 04W T940 / OR.T1x,Stainless Steel,images/inground-radius/inground-radius-l1005-stainless-steel.jpg,4000K,CRI>90,DALI | 1-10V | Phase Dim,IP67,IK10,,"Full segment · 2 end caps, 2 cables · opal cover · straight · 1005mm long · 48V DC, driver separate · FL112 (112 LEDs/m) 4.8W/m",4.8W,352lm,73lm/W,Diffused,Datasheet=images/inground-radius/datasheets/IngroundR_F_EOP_H100_R0000_L1005_FL112Nx48V_G5_04W_T940_ORT1x.pdf;Specification=images/inground-radius/datasheets/inground-radius-specification.pdf;Brochure=files/holectron/holectron-inground-radius-brochure-2025.pdf
Inground Radius,,,,,,,,,,,,,,,,,,,,Inground Radius L1005 48V 9.6W/m,IngroundR F EOP H100 R0000 L1005 / FL112/Nx.48V G5 09W 922 / OR.T1x,Stainless Steel,images/inground-radius/inground-radius-l1005-stainless-steel.jpg,2200K,CRI>90,DALI | 1-10V | Phase Dim,IP67,IK10,,"Full segment · 2 end caps, 2 cables · opal cover · straight · 1005mm long · 48V DC, driver separate · FL112 (112 LEDs/m) 9.6W/m",9.6W,418lm,44lm/W,Diffused,Datasheet=images/inground-radius/datasheets/IngroundR_F_EOP_H100_R0000_L1005_FL112Nx48V_G5_09W_922_ORT1x.pdf;Specification=images/inground-radius/datasheets/inground-radius-specification.pdf;Brochure=files/holectron/holectron-inground-radius-brochure-2025.pdf
Inground Radius,,,,,,,,,,,,,,,,,,,,Inground Radius L1005 48V 9.6W/m,IngroundR F EOP H100 R0000 L1005 / FL112/Nx.48V G5 09W T927 / OR.T1x,Stainless Steel,images/inground-radius/inground-radius-l1005-stainless-steel.jpg,2700K,CRI>90,DALI | 1-10V | Phase Dim,IP67,IK10,,"Full segment · 2 end caps, 2 cables · opal cover · straight · 1005mm long · 48V DC, driver separate · FL112 (112 LEDs/m) 9.6W/m",9.6W,639lm,67lm/W,Diffused,Datasheet=images/inground-radius/datasheets/IngroundR_F_EOP_H100_R0000_L1005_FL112Nx48V_G5_09W_T927_ORT1x.pdf;Specification=images/inground-radius/datasheets/inground-radius-specification.pdf;Brochure=files/holectron/holectron-inground-radius-brochure-2025.pdf
Inground Radius,,,,,,,,,,,,,,,,,,,,Inground Radius L1005 48V 9.6W/m,IngroundR F EOP H100 R0000 L1005 / FL112/Nx.48V G5 09W T930 / OR.T1x,Stainless Steel,images/inground-radius/inground-radius-l1005-stainless-steel.jpg,3000K,CRI>90,DALI | 1-10V | Phase Dim,IP67,IK10,,"Full segment · 2 end caps, 2 cables · opal cover · straight · 1005mm long · 48V DC, driver separate · FL112 (112 LEDs/m) 9.6W/m",9.6W,672lm,70lm/W,Diffused,Datasheet=images/inground-radius/datasheets/IngroundR_F_EOP_H100_R0000_L1005_FL112Nx48V_G5_09W_T930_ORT1x.pdf;Specification=images/inground-radius/datasheets/inground-radius-specification.pdf;Brochure=files/holectron/holectron-inground-radius-brochure-2025.pdf
Inground Radius,,,,,,,,,,,,,,,,,,,,Inground Radius L1005 48V 9.6W/m,IngroundR F EOP H100 R0000 L1005 / FL112/Nx.48V G5 09W T940 / OR.T1x,Stainless Steel,images/inground-radius/inground-radius-l1005-stainless-steel.jpg,4000K,CRI>90,DALI | 1-10V | Phase Dim,IP67,IK10,,"Full segment · 2 end caps, 2 cables · opal cover · straight · 1005mm long · 48V DC, driver separate · FL112 (112 LEDs/m) 9.6W/m",9.6W,698lm,73lm/W,Diffused,Datasheet=images/inground-radius/datasheets/IngroundR_F_EOP_H100_R0000_L1005_FL112Nx48V_G5_09W_T940_ORT1x.pdf;Specification=images/inground-radius/datasheets/inground-radius-specification.pdf;Brochure=files/holectron/holectron-inground-radius-brochure-2025.pdf
Inground Radius,,,,,,,,,,,,,,,,,,,,Inground Radius R272 24V 2.4W/m,IngroundR F EOP H100 R0272 L0404 / FL56/Nx G5 02W 922 / OR.T1x,Stainless Steel,images/inground-radius/inground-radius-r272-stainless-steel.jpg,2200K,CRI>90,DALI | 1-10V | Phase Dim,IP67,IK10,,"Full segment · 2 end caps, 2 cables · opal cover · curve R272mm, 90° · 404mm long · 24V DC, driver separate · FL56 (56 LEDs/m) 2.4W/m",0.9W,40lm,44lm/W,Diffused,Datasheet=images/inground-radius/datasheets/IngroundR_F_EOP_H100_R0272_L0404_FL56Nx_G5_02W_922_ORT1x.pdf;Specification=images/inground-radius/datasheets/inground-radius-specification.pdf;Brochure=files/holectron/holectron-inground-radius-brochure-2025.pdf
Inground Radius,,,,,,,,,,,,,,,,,,,,Inground Radius R272 24V 2.4W/m,IngroundR F EOP H100 R0272 L0404 / FL56/Nx G5 02W T927 / OR.T1x,Stainless Steel,images/inground-radius/inground-radius-r272-stainless-steel.jpg,2700K,CRI>90,DALI | 1-10V | Phase Dim,IP67,IK10,,"Full segment · 2 end caps, 2 cables · opal cover · curve R272mm, 90° · 404mm long · 24V DC, driver separate · FL56 (56 LEDs/m) 2.4W/m",0.9W,60lm,67lm/W,Diffused,Datasheet=images/inground-radius/datasheets/IngroundR_F_EOP_H100_R0272_L0404_FL56Nx_G5_02W_T927_ORT1x.pdf;Specification=images/inground-radius/datasheets/inground-radius-specification.pdf;Brochure=files/holectron/holectron-inground-radius-brochure-2025.pdf
Inground Radius,,,,,,,,,,,,,,,,,,,,Inground Radius R272 24V 2.4W/m,IngroundR F EOP H100 R0272 L0404 / FL56/Nx G5 02W T930 / OR.T1x,Stainless Steel,images/inground-radius/inground-radius-r272-stainless-steel.jpg,3000K,CRI>90,DALI | 1-10V | Phase Dim,IP67,IK10,,"Full segment · 2 end caps, 2 cables · opal cover · curve R272mm, 90° · 404mm long · 24V DC, driver separate · FL56 (56 LEDs/m) 2.4W/m",0.9W,63lm,70lm/W,Diffused,Datasheet=images/inground-radius/datasheets/IngroundR_F_EOP_H100_R0272_L0404_FL56Nx_G5_02W_T930_ORT1x.pdf;Specification=images/inground-radius/datasheets/inground-radius-specification.pdf;Brochure=files/holectron/holectron-inground-radius-brochure-2025.pdf
Inground Radius,,,,,,,,,,,,,,,,,,,,Inground Radius R272 24V 2.4W/m,IngroundR F EOP H100 R0272 L0404 / FL56/Nx G5 02W T940 / OR.T1x,Stainless Steel,images/inground-radius/inground-radius-r272-stainless-steel.jpg,4000K,CRI>90,DALI | 1-10V | Phase Dim,IP67,IK10,,"Full segment · 2 end caps, 2 cables · opal cover · curve R272mm, 90° · 404mm long · 24V DC, driver separate · FL56 (56 LEDs/m) 2.4W/m",0.9W,66lm,73lm/W,Diffused,Datasheet=images/inground-radius/datasheets/IngroundR_F_EOP_H100_R0272_L0404_FL56Nx_G5_02W_T940_ORT1x.pdf;Specification=images/inground-radius/datasheets/inground-radius-specification.pdf;Brochure=files/holectron/holectron-inground-radius-brochure-2025.pdf
Inground Radius,,,,,,,,,,,,,,,,,,,,Inground Radius R272 24V 4.8W/m,IngroundR F EOP H100 R0272 L0404 / FL56/Nx G5 04W 922 / OR.T1x,Stainless Steel,images/inground-radius/inground-radius-r272-stainless-steel.jpg,2200K,CRI>90,DALI | 1-10V | Phase Dim,IP67,IK10,,"Full segment · 2 end caps, 2 cables · opal cover · curve R272mm, 90° · 404mm long · 24V DC, driver separate · FL56 (56 LEDs/m) 4.8W/m",1.8W,78lm,43lm/W,Diffused,Datasheet=images/inground-radius/datasheets/IngroundR_F_EOP_H100_R0272_L0404_FL56Nx_G5_04W_922_ORT1x.pdf;Specification=images/inground-radius/datasheets/inground-radius-specification.pdf;Brochure=files/holectron/holectron-inground-radius-brochure-2025.pdf
Inground Radius,,,,,,,,,,,,,,,,,,,,Inground Radius R272 24V 4.8W/m,IngroundR F EOP H100 R0272 L0404 / FL56/Nx G5 04W T927 / OR.T1x,Stainless Steel,images/inground-radius/inground-radius-r272-stainless-steel.jpg,2700K,CRI>90,DALI | 1-10V | Phase Dim,IP67,IK10,,"Full segment · 2 end caps, 2 cables · opal cover · curve R272mm, 90° · 404mm long · 24V DC, driver separate · FL56 (56 LEDs/m) 4.8W/m",1.8W,120lm,67lm/W,Diffused,Datasheet=images/inground-radius/datasheets/IngroundR_F_EOP_H100_R0272_L0404_FL56Nx_G5_04W_T927_ORT1x.pdf;Specification=images/inground-radius/datasheets/inground-radius-specification.pdf;Brochure=files/holectron/holectron-inground-radius-brochure-2025.pdf
Inground Radius,,,,,,,,,,,,,,,,,,,,Inground Radius R272 24V 4.8W/m,IngroundR F EOP H100 R0272 L0404 / FL56/Nx G5 04W T930 / OR.T1x,Stainless Steel,images/inground-radius/inground-radius-r272-stainless-steel.jpg,3000K,CRI>90,DALI | 1-10V | Phase Dim,IP67,IK10,,"Full segment · 2 end caps, 2 cables · opal cover · curve R272mm, 90° · 404mm long · 24V DC, driver separate · FL56 (56 LEDs/m) 4.8W/m",1.8W,126lm,70lm/W,Diffused,Datasheet=images/inground-radius/datasheets/IngroundR_F_EOP_H100_R0272_L0404_FL56Nx_G5_04W_T930_ORT1x.pdf;Specification=images/inground-radius/datasheets/inground-radius-specification.pdf;Brochure=files/holectron/holectron-inground-radius-brochure-2025.pdf
Inground Radius,,,,,,,,,,,,,,,,,,,,Inground Radius R272 24V 4.8W/m,IngroundR F EOP H100 R0272 L0404 / FL56/Nx G5 04W T940 / OR.T1x,Stainless Steel,images/inground-radius/inground-radius-r272-stainless-steel.jpg,4000K,CRI>90,DALI | 1-10V | Phase Dim,IP67,IK10,,"Full segment · 2 end caps, 2 cables · opal cover · curve R272mm, 90° · 404mm long · 24V DC, driver separate · FL56 (56 LEDs/m) 4.8W/m",1.8W,131lm,73lm/W,Diffused,Datasheet=images/inground-radius/datasheets/IngroundR_F_EOP_H100_R0272_L0404_FL56Nx_G5_04W_T940_ORT1x.pdf;Specification=images/inground-radius/datasheets/inground-radius-specification.pdf;Brochure=files/holectron/holectron-inground-radius-brochure-2025.pdf
Inground Radius,,,,,,,,,,,,,,,,,,,,Inground Radius R272 24V 9.6W/m,IngroundR F EOP H100 R0272 L0404 / FL56/Nx G5 09W 922 / OR.T1x,Stainless Steel,images/inground-radius/inground-radius-r272-stainless-steel.jpg,2200K,CRI>90,DALI | 1-10V | Phase Dim,IP67,IK10,,"Full segment · 2 end caps, 2 cables · opal cover · curve R272mm, 90° · 404mm long · 24V DC, driver separate · FL56 (56 LEDs/m) 9.6W/m",3.6W,153lm,43lm/W,Diffused,Datasheet=images/inground-radius/datasheets/IngroundR_F_EOP_H100_R0272_L0404_FL56Nx_G5_09W_922_ORT1x.pdf;Specification=images/inground-radius/datasheets/inground-radius-specification.pdf;Brochure=files/holectron/holectron-inground-radius-brochure-2025.pdf
Inground Radius,,,,,,,,,,,,,,,,,,,,Inground Radius R272 24V 9.6W/m,IngroundR F EOP H100 R0272 L0404 / FL56/Nx G5 09W T927 / OR.T1x,Stainless Steel,images/inground-radius/inground-radius-r272-stainless-steel.jpg,2700K,CRI>90,DALI | 1-10V | Phase Dim,IP67,IK10,,"Full segment · 2 end caps, 2 cables · opal cover · curve R272mm, 90° · 404mm long · 24V DC, driver separate · FL56 (56 LEDs/m) 9.6W/m",3.6W,235lm,65lm/W,Diffused,Datasheet=images/inground-radius/datasheets/IngroundR_F_EOP_H100_R0272_L0404_FL56Nx_G5_09W_T927_ORT1x.pdf;Specification=images/inground-radius/datasheets/inground-radius-specification.pdf;Brochure=files/holectron/holectron-inground-radius-brochure-2025.pdf
Inground Radius,,,,,,,,,,,,,,,,,,,,Inground Radius R272 24V 9.6W/m,IngroundR F EOP H100 R0272 L0404 / FL56/Nx G5 09W T930 / OR.T1x,Stainless Steel,images/inground-radius/inground-radius-r272-stainless-steel.jpg,3000K,CRI>90,DALI | 1-10V | Phase Dim,IP67,IK10,,"Full segment · 2 end caps, 2 cables · opal cover · curve R272mm, 90° · 404mm long · 24V DC, driver separate · FL56 (56 LEDs/m) 9.6W/m",3.6W,247lm,69lm/W,Diffused,Datasheet=images/inground-radius/datasheets/IngroundR_F_EOP_H100_R0272_L0404_FL56Nx_G5_09W_T930_ORT1x.pdf;Specification=images/inground-radius/datasheets/inground-radius-specification.pdf;Brochure=files/holectron/holectron-inground-radius-brochure-2025.pdf
Inground Radius,,,,,,,,,,,,,,,,,,,,Inground Radius R272 24V 9.6W/m,IngroundR F EOP H100 R0272 L0404 / FL56/Nx G5 09W T940 / OR.T1x,Stainless Steel,images/inground-radius/inground-radius-r272-stainless-steel.jpg,4000K,CRI>90,DALI | 1-10V | Phase Dim,IP67,IK10,,"Full segment · 2 end caps, 2 cables · opal cover · curve R272mm, 90° · 404mm long · 24V DC, driver separate · FL56 (56 LEDs/m) 9.6W/m",3.6W,257lm,71lm/W,Diffused,Datasheet=images/inground-radius/datasheets/IngroundR_F_EOP_H100_R0272_L0404_FL56Nx_G5_09W_T940_ORT1x.pdf;Specification=images/inground-radius/datasheets/inground-radius-specification.pdf;Brochure=files/holectron/holectron-inground-radius-brochure-2025.pdf
Inground Radius,,,,,,,,,,,,,,,,,,,,Inground Radius R272 48V 4.8W/m,IngroundR F EOP H100 R0272 L0404 / FL112/Nx.48V G5 04W 922 / OR.T1x,Stainless Steel,images/inground-radius/inground-radius-r272-stainless-steel.jpg,2200K,CRI>90,DALI | 1-10V | Phase Dim,IP67,IK10,,"Full segment · 2 end caps, 2 cables · opal cover · curve R272mm, 90° · 404mm long · 48V DC, driver separate · FL112 (112 LEDs/m) 4.8W/m",1.8W,80lm,44lm/W,Diffused,Datasheet=images/inground-radius/datasheets/IngroundR_F_EOP_H100_R0272_L0404_FL112Nx48V_G5_04W_922_ORT1x.pdf;Specification=images/inground-radius/datasheets/inground-radius-specification.pdf;Brochure=files/holectron/holectron-inground-radius-brochure-2025.pdf
Inground Radius,,,,,,,,,,,,,,,,,,,,Inground Radius R272 48V 4.8W/m,IngroundR F EOP H100 R0272 L0404 / FL112/Nx.48V G5 04W T927 / OR.T1x,Stainless Steel,images/inground-radius/inground-radius-r272-stainless-steel.jpg,2700K,CRI>90,DALI | 1-10V | Phase Dim,IP67,IK10,,"Full segment · 2 end caps, 2 cables · opal cover · curve R272mm, 90° · 404mm long · 48V DC, driver separate · FL112 (112 LEDs/m) 4.8W/m",1.8W,121lm,67lm/W,Diffused,Datasheet=images/inground-radius/datasheets/IngroundR_F_EOP_H100_R0272_L0404_FL112Nx48V_G5_04W_T927_ORT1x.pdf;Specification=images/inground-radius/datasheets/inground-radius-specification.pdf;Brochure=files/holectron/holectron-inground-radius-brochure-2025.pdf
Inground Radius,,,,,,,,,,,,,,,,,,,,Inground Radius R272 48V 4.8W/m,IngroundR F EOP H100 R0272 L0404 / FL112/Nx.48V G5 04W T930 / OR.T1x,Stainless Steel,images/inground-radius/inground-radius-r272-stainless-steel.jpg,3000K,CRI>90,DALI | 1-10V | Phase Dim,IP67,IK10,,"Full segment · 2 end caps, 2 cables · opal cover · curve R272mm, 90° · 404mm long · 48V DC, driver separate · FL112 (112 LEDs/m) 4.8W/m",1.8W,127lm,71lm/W,Diffused,Datasheet=images/inground-radius/datasheets/IngroundR_F_EOP_H100_R0272_L0404_FL112Nx48V_G5_04W_T930_ORT1x.pdf;Specification=images/inground-radius/datasheets/inground-radius-specification.pdf;Brochure=files/holectron/holectron-inground-radius-brochure-2025.pdf
Inground Radius,,,,,,,,,,,,,,,,,,,,Inground Radius R272 48V 4.8W/m,IngroundR F EOP H100 R0272 L0404 / FL112/Nx.48V G5 04W T940 / OR.T1x,Stainless Steel,images/inground-radius/inground-radius-r272-stainless-steel.jpg,4000K,CRI>90,DALI | 1-10V | Phase Dim,IP67,IK10,,"Full segment · 2 end caps, 2 cables · opal cover · curve R272mm, 90° · 404mm long · 48V DC, driver separate · FL112 (112 LEDs/m) 4.8W/m",1.8W,132lm,73lm/W,Diffused,Datasheet=images/inground-radius/datasheets/IngroundR_F_EOP_H100_R0272_L0404_FL112Nx48V_G5_04W_T940_ORT1x.pdf;Specification=images/inground-radius/datasheets/inground-radius-specification.pdf;Brochure=files/holectron/holectron-inground-radius-brochure-2025.pdf
Inground Radius,,,,,,,,,,,,,,,,,,,,Inground Radius R272 48V 9.6W/m,IngroundR F EOP H100 R0272 L0404 / FL112/Nx.48V G5 09W 922 / OR.T1x,Stainless Steel,images/inground-radius/inground-radius-r272-stainless-steel.jpg,2200K,CRI>90,DALI | 1-10V | Phase Dim,IP67,IK10,,"Full segment · 2 end caps, 2 cables · opal cover · curve R272mm, 90° · 404mm long · 48V DC, driver separate · FL112 (112 LEDs/m) 9.6W/m",3.6W,157lm,44lm/W,Diffused,Datasheet=images/inground-radius/datasheets/IngroundR_F_EOP_H100_R0272_L0404_FL112Nx48V_G5_09W_922_ORT1x.pdf;Specification=images/inground-radius/datasheets/inground-radius-specification.pdf;Brochure=files/holectron/holectron-inground-radius-brochure-2025.pdf
Inground Radius,,,,,,,,,,,,,,,,,,,,Inground Radius R272 48V 9.6W/m,IngroundR F EOP H100 R0272 L0404 / FL112/Nx.48V G5 09W T927 / OR.T1x,Stainless Steel,images/inground-radius/inground-radius-r272-stainless-steel.jpg,2700K,CRI>90,DALI | 1-10V | Phase Dim,IP67,IK10,,"Full segment · 2 end caps, 2 cables · opal cover · curve R272mm, 90° · 404mm long · 48V DC, driver separate · FL112 (112 LEDs/m) 9.6W/m",3.6W,240lm,67lm/W,Diffused,Datasheet=images/inground-radius/datasheets/IngroundR_F_EOP_H100_R0272_L0404_FL112Nx48V_G5_09W_T927_ORT1x.pdf;Specification=images/inground-radius/datasheets/inground-radius-specification.pdf;Brochure=files/holectron/holectron-inground-radius-brochure-2025.pdf
Inground Radius,,,,,,,,,,,,,,,,,,,,Inground Radius R272 48V 9.6W/m,IngroundR F EOP H100 R0272 L0404 / FL112/Nx.48V G5 09W T930 / OR.T1x,Stainless Steel,images/inground-radius/inground-radius-r272-stainless-steel.jpg,3000K,CRI>90,DALI | 1-10V | Phase Dim,IP67,IK10,,"Full segment · 2 end caps, 2 cables · opal cover · curve R272mm, 90° · 404mm long · 48V DC, driver separate · FL112 (112 LEDs/m) 9.6W/m",3.6W,252lm,70lm/W,Diffused,Datasheet=images/inground-radius/datasheets/IngroundR_F_EOP_H100_R0272_L0404_FL112Nx48V_G5_09W_T930_ORT1x.pdf;Specification=images/inground-radius/datasheets/inground-radius-specification.pdf;Brochure=files/holectron/holectron-inground-radius-brochure-2025.pdf
Inground Radius,,,,,,,,,,,,,,,,,,,,Inground Radius R272 48V 9.6W/m,IngroundR F EOP H100 R0272 L0404 / FL112/Nx.48V G5 09W T940 / OR.T1x,Stainless Steel,images/inground-radius/inground-radius-r272-stainless-steel.jpg,4000K,CRI>90,DALI | 1-10V | Phase Dim,IP67,IK10,,"Full segment · 2 end caps, 2 cables · opal cover · curve R272mm, 90° · 404mm long · 48V DC, driver separate · FL112 (112 LEDs/m) 9.6W/m",3.6W,262lm,73lm/W,Diffused,Datasheet=images/inground-radius/datasheets/IngroundR_F_EOP_H100_R0272_L0404_FL112Nx48V_G5_09W_T940_ORT1x.pdf;Specification=images/inground-radius/datasheets/inground-radius-specification.pdf;Brochure=files/holectron/holectron-inground-radius-brochure-2025.pdf
Inground Radius,,,,,,,,,,,,,,,,,,,,Inground Radius R515 24V 2.4W/m,IngroundR F EOP H100 R0515 L0393 / FL56/Nx G5 02W 922 / OR.T1x,Stainless Steel,images/inground-radius/inground-radius-r515-stainless-steel.jpg,2200K,CRI>90,DALI | 1-10V | Phase Dim,IP67,IK10,,"Full segment · 2 end caps, 2 cables · opal cover · curve R515mm, 45° · 393mm long · 24V DC, driver separate · FL56 (56 LEDs/m) 2.4W/m",0.9W,40lm,44lm/W,Diffused,Datasheet=images/inground-radius/datasheets/IngroundR_F_EOP_H100_R0515_L0393_FL56Nx_G5_02W_922_ORT1x.pdf;Specification=images/inground-radius/datasheets/inground-radius-specification.pdf;Brochure=files/holectron/holectron-inground-radius-brochure-2025.pdf
Inground Radius,,,,,,,,,,,,,,,,,,,,Inground Radius R515 24V 2.4W/m,IngroundR F EOP H100 R0515 L0393 / FL56/Nx G5 02W T927 / OR.T1x,Stainless Steel,images/inground-radius/inground-radius-r515-stainless-steel.jpg,2700K,CRI>90,DALI | 1-10V | Phase Dim,IP67,IK10,,"Full segment · 2 end caps, 2 cables · opal cover · curve R515mm, 45° · 393mm long · 24V DC, driver separate · FL56 (56 LEDs/m) 2.4W/m",0.9W,60lm,67lm/W,Diffused,Datasheet=images/inground-radius/datasheets/IngroundR_F_EOP_H100_R0515_L0393_FL56Nx_G5_02W_T927_ORT1x.pdf;Specification=images/inground-radius/datasheets/inground-radius-specification.pdf;Brochure=files/holectron/holectron-inground-radius-brochure-2025.pdf
Inground Radius,,,,,,,,,,,,,,,,,,,,Inground Radius R515 24V 2.4W/m,IngroundR F EOP H100 R0515 L0393 / FL56/Nx G5 02W T930 / OR.T1x,Stainless Steel,images/inground-radius/inground-radius-r515-stainless-steel.jpg,3000K,CRI>90,DALI | 1-10V | Phase Dim,IP67,IK10,,"Full segment · 2 end caps, 2 cables · opal cover · curve R515mm, 45° · 393mm long · 24V DC, driver separate · FL56 (56 LEDs/m) 2.4W/m",0.9W,63lm,70lm/W,Diffused,Datasheet=images/inground-radius/datasheets/IngroundR_F_EOP_H100_R0515_L0393_FL56Nx_G5_02W_T930_ORT1x.pdf;Specification=images/inground-radius/datasheets/inground-radius-specification.pdf;Brochure=files/holectron/holectron-inground-radius-brochure-2025.pdf
Inground Radius,,,,,,,,,,,,,,,,,,,,Inground Radius R515 24V 2.4W/m,IngroundR F EOP H100 R0515 L0393 / FL56/Nx G5 02W T940 / OR.T1x,Stainless Steel,images/inground-radius/inground-radius-r515-stainless-steel.jpg,4000K,CRI>90,DALI | 1-10V | Phase Dim,IP67,IK10,,"Full segment · 2 end caps, 2 cables · opal cover · curve R515mm, 45° · 393mm long · 24V DC, driver separate · FL56 (56 LEDs/m) 2.4W/m",0.9W,66lm,73lm/W,Diffused,Datasheet=images/inground-radius/datasheets/IngroundR_F_EOP_H100_R0515_L0393_FL56Nx_G5_02W_T940_ORT1x.pdf;Specification=images/inground-radius/datasheets/inground-radius-specification.pdf;Brochure=files/holectron/holectron-inground-radius-brochure-2025.pdf
Inground Radius,,,,,,,,,,,,,,,,,,,,Inground Radius R515 24V 4.8W/m,IngroundR F EOP H100 R0515 L0393 / FL56/Nx G5 04W 922 / OR.T1x,Stainless Steel,images/inground-radius/inground-radius-r515-stainless-steel.jpg,2200K,CRI>90,DALI | 1-10V | Phase Dim,IP67,IK10,,"Full segment · 2 end caps, 2 cables · opal cover · curve R515mm, 45° · 393mm long · 24V DC, driver separate · FL56 (56 LEDs/m) 4.8W/m",1.8W,78lm,43lm/W,Diffused,Datasheet=images/inground-radius/datasheets/IngroundR_F_EOP_H100_R0515_L0393_FL56Nx_G5_04W_922_ORT1x.pdf;Specification=images/inground-radius/datasheets/inground-radius-specification.pdf;Brochure=files/holectron/holectron-inground-radius-brochure-2025.pdf
Inground Radius,,,,,,,,,,,,,,,,,,,,Inground Radius R515 24V 4.8W/m,IngroundR F EOP H100 R0515 L0393 / FL56/Nx G5 04W T927 / OR.T1x,Stainless Steel,images/inground-radius/inground-radius-r515-stainless-steel.jpg,2700K,CRI>90,DALI | 1-10V | Phase Dim,IP67,IK10,,"Full segment · 2 end caps, 2 cables · opal cover · curve R515mm, 45° · 393mm long · 24V DC, driver separate · FL56 (56 LEDs/m) 4.8W/m",1.8W,120lm,67lm/W,Diffused,Datasheet=images/inground-radius/datasheets/IngroundR_F_EOP_H100_R0515_L0393_FL56Nx_G5_04W_T927_ORT1x.pdf;Specification=images/inground-radius/datasheets/inground-radius-specification.pdf;Brochure=files/holectron/holectron-inground-radius-brochure-2025.pdf
Inground Radius,,,,,,,,,,,,,,,,,,,,Inground Radius R515 24V 4.8W/m,IngroundR F EOP H100 R0515 L0393 / FL56/Nx G5 04W T930 / OR.T1x,Stainless Steel,images/inground-radius/inground-radius-r515-stainless-steel.jpg,3000K,CRI>90,DALI | 1-10V | Phase Dim,IP67,IK10,,"Full segment · 2 end caps, 2 cables · opal cover · curve R515mm, 45° · 393mm long · 24V DC, driver separate · FL56 (56 LEDs/m) 4.8W/m",1.8W,126lm,70lm/W,Diffused,Datasheet=images/inground-radius/datasheets/IngroundR_F_EOP_H100_R0515_L0393_FL56Nx_G5_04W_T930_ORT1x.pdf;Specification=images/inground-radius/datasheets/inground-radius-specification.pdf;Brochure=files/holectron/holectron-inground-radius-brochure-2025.pdf
Inground Radius,,,,,,,,,,,,,,,,,,,,Inground Radius R515 24V 4.8W/m,IngroundR F EOP H100 R0515 L0393 / FL56/Nx G5 04W T940 / OR.T1x,Stainless Steel,images/inground-radius/inground-radius-r515-stainless-steel.jpg,4000K,CRI>90,DALI | 1-10V | Phase Dim,IP67,IK10,,"Full segment · 2 end caps, 2 cables · opal cover · curve R515mm, 45° · 393mm long · 24V DC, driver separate · FL56 (56 LEDs/m) 4.8W/m",1.8W,131lm,73lm/W,Diffused,Datasheet=images/inground-radius/datasheets/IngroundR_F_EOP_H100_R0515_L0393_FL56Nx_G5_04W_T940_ORT1x.pdf;Specification=images/inground-radius/datasheets/inground-radius-specification.pdf;Brochure=files/holectron/holectron-inground-radius-brochure-2025.pdf
Inground Radius,,,,,,,,,,,,,,,,,,,,Inground Radius R515 24V 9.6W/m,IngroundR F EOP H100 R0515 L0393 / FL56/Nx G5 09W 922 / OR.T1x,Stainless Steel,images/inground-radius/inground-radius-r515-stainless-steel.jpg,2200K,CRI>90,DALI | 1-10V | Phase Dim,IP67,IK10,,"Full segment · 2 end caps, 2 cables · opal cover · curve R515mm, 45° · 393mm long · 24V DC, driver separate · FL56 (56 LEDs/m) 9.6W/m",3.6W,153lm,43lm/W,Diffused,Datasheet=images/inground-radius/datasheets/IngroundR_F_EOP_H100_R0515_L0393_FL56Nx_G5_09W_922_ORT1x.pdf;Specification=images/inground-radius/datasheets/inground-radius-specification.pdf;Brochure=files/holectron/holectron-inground-radius-brochure-2025.pdf
Inground Radius,,,,,,,,,,,,,,,,,,,,Inground Radius R515 24V 9.6W/m,IngroundR F EOP H100 R0515 L0393 / FL56/Nx G5 09W T927 / OR.T1x,Stainless Steel,images/inground-radius/inground-radius-r515-stainless-steel.jpg,2700K,CRI>90,DALI | 1-10V | Phase Dim,IP67,IK10,,"Full segment · 2 end caps, 2 cables · opal cover · curve R515mm, 45° · 393mm long · 24V DC, driver separate · FL56 (56 LEDs/m) 9.6W/m",3.6W,235lm,65lm/W,Diffused,Datasheet=images/inground-radius/datasheets/IngroundR_F_EOP_H100_R0515_L0393_FL56Nx_G5_09W_T927_ORT1x.pdf;Specification=images/inground-radius/datasheets/inground-radius-specification.pdf;Brochure=files/holectron/holectron-inground-radius-brochure-2025.pdf
Inground Radius,,,,,,,,,,,,,,,,,,,,Inground Radius R515 24V 9.6W/m,IngroundR F EOP H100 R0515 L0393 / FL56/Nx G5 09W T930 / OR.T1x,Stainless Steel,images/inground-radius/inground-radius-r515-stainless-steel.jpg,3000K,CRI>90,DALI | 1-10V | Phase Dim,IP67,IK10,,"Full segment · 2 end caps, 2 cables · opal cover · curve R515mm, 45° · 393mm long · 24V DC, driver separate · FL56 (56 LEDs/m) 9.6W/m",3.6W,247lm,69lm/W,Diffused,Datasheet=images/inground-radius/datasheets/IngroundR_F_EOP_H100_R0515_L0393_FL56Nx_G5_09W_T930_ORT1x.pdf;Specification=images/inground-radius/datasheets/inground-radius-specification.pdf;Brochure=files/holectron/holectron-inground-radius-brochure-2025.pdf
Inground Radius,,,,,,,,,,,,,,,,,,,,Inground Radius R515 24V 9.6W/m,IngroundR F EOP H100 R0515 L0393 / FL56/Nx G5 09W T940 / OR.T1x,Stainless Steel,images/inground-radius/inground-radius-r515-stainless-steel.jpg,4000K,CRI>90,DALI | 1-10V | Phase Dim,IP67,IK10,,"Full segment · 2 end caps, 2 cables · opal cover · curve R515mm, 45° · 393mm long · 24V DC, driver separate · FL56 (56 LEDs/m) 9.6W/m",3.6W,257lm,71lm/W,Diffused,Datasheet=images/inground-radius/datasheets/IngroundR_F_EOP_H100_R0515_L0393_FL56Nx_G5_09W_T940_ORT1x.pdf;Specification=images/inground-radius/datasheets/inground-radius-specification.pdf;Brochure=files/holectron/holectron-inground-radius-brochure-2025.pdf
Inground Radius,,,,,,,,,,,,,,,,,,,,Inground Radius R515 48V 4.8W/m,IngroundR F EOP H100 R0515 L0393 / FL112/Nx.48V G5 04W 922 / OR.T1x,Stainless Steel,images/inground-radius/inground-radius-r515-stainless-steel.jpg,2200K,CRI>90,DALI | 1-10V | Phase Dim,IP67,IK10,,"Full segment · 2 end caps, 2 cables · opal cover · curve R515mm, 45° · 393mm long · 48V DC, driver separate · FL112 (112 LEDs/m) 4.8W/m",1.8W,80lm,44lm/W,Diffused,Datasheet=images/inground-radius/datasheets/IngroundR_F_EOP_H100_R0515_L0393_FL112Nx48V_G5_04W_922_ORT1x.pdf;Specification=images/inground-radius/datasheets/inground-radius-specification.pdf;Brochure=files/holectron/holectron-inground-radius-brochure-2025.pdf
Inground Radius,,,,,,,,,,,,,,,,,,,,Inground Radius R515 48V 4.8W/m,IngroundR F EOP H100 R0515 L0393 / FL112/Nx.48V G5 04W T927 / OR.T1x,Stainless Steel,images/inground-radius/inground-radius-r515-stainless-steel.jpg,2700K,CRI>90,DALI | 1-10V | Phase Dim,IP67,IK10,,"Full segment · 2 end caps, 2 cables · opal cover · curve R515mm, 45° · 393mm long · 48V DC, driver separate · FL112 (112 LEDs/m) 4.8W/m",1.8W,121lm,67lm/W,Diffused,Datasheet=images/inground-radius/datasheets/IngroundR_F_EOP_H100_R0515_L0393_FL112Nx48V_G5_04W_T927_ORT1x.pdf;Specification=images/inground-radius/datasheets/inground-radius-specification.pdf;Brochure=files/holectron/holectron-inground-radius-brochure-2025.pdf
Inground Radius,,,,,,,,,,,,,,,,,,,,Inground Radius R515 48V 4.8W/m,IngroundR F EOP H100 R0515 L0393 / FL112/Nx.48V G5 04W T930 / OR.T1x,Stainless Steel,images/inground-radius/inground-radius-r515-stainless-steel.jpg,3000K,CRI>90,DALI | 1-10V | Phase Dim,IP67,IK10,,"Full segment · 2 end caps, 2 cables · opal cover · curve R515mm, 45° · 393mm long · 48V DC, driver separate · FL112 (112 LEDs/m) 4.8W/m",1.8W,127lm,71lm/W,Diffused,Datasheet=images/inground-radius/datasheets/IngroundR_F_EOP_H100_R0515_L0393_FL112Nx48V_G5_04W_T930_ORT1x.pdf;Specification=images/inground-radius/datasheets/inground-radius-specification.pdf;Brochure=files/holectron/holectron-inground-radius-brochure-2025.pdf
Inground Radius,,,,,,,,,,,,,,,,,,,,Inground Radius R515 48V 4.8W/m,IngroundR F EOP H100 R0515 L0393 / FL112/Nx.48V G5 04W T940 / OR.T1x,Stainless Steel,images/inground-radius/inground-radius-r515-stainless-steel.jpg,4000K,CRI>90,DALI | 1-10V | Phase Dim,IP67,IK10,,"Full segment · 2 end caps, 2 cables · opal cover · curve R515mm, 45° · 393mm long · 48V DC, driver separate · FL112 (112 LEDs/m) 4.8W/m",1.8W,132lm,73lm/W,Diffused,Datasheet=images/inground-radius/datasheets/IngroundR_F_EOP_H100_R0515_L0393_FL112Nx48V_G5_04W_T940_ORT1x.pdf;Specification=images/inground-radius/datasheets/inground-radius-specification.pdf;Brochure=files/holectron/holectron-inground-radius-brochure-2025.pdf
Inground Radius,,,,,,,,,,,,,,,,,,,,Inground Radius R515 48V 9.6W/m,IngroundR F EOP H100 R0515 L0393 / FL112/Nx.48V G5 09W 922 / OR.T1x,Stainless Steel,images/inground-radius/inground-radius-r515-stainless-steel.jpg,2200K,CRI>90,DALI | 1-10V | Phase Dim,IP67,IK10,,"Full segment · 2 end caps, 2 cables · opal cover · curve R515mm, 45° · 393mm long · 48V DC, driver separate · FL112 (112 LEDs/m) 9.6W/m",3.6W,157lm,44lm/W,Diffused,Datasheet=images/inground-radius/datasheets/IngroundR_F_EOP_H100_R0515_L0393_FL112Nx48V_G5_09W_922_ORT1x.pdf;Specification=images/inground-radius/datasheets/inground-radius-specification.pdf;Brochure=files/holectron/holectron-inground-radius-brochure-2025.pdf
Inground Radius,,,,,,,,,,,,,,,,,,,,Inground Radius R515 48V 9.6W/m,IngroundR F EOP H100 R0515 L0393 / FL112/Nx.48V G5 09W T927 / OR.T1x,Stainless Steel,images/inground-radius/inground-radius-r515-stainless-steel.jpg,2700K,CRI>90,DALI | 1-10V | Phase Dim,IP67,IK10,,"Full segment · 2 end caps, 2 cables · opal cover · curve R515mm, 45° · 393mm long · 48V DC, driver separate · FL112 (112 LEDs/m) 9.6W/m",3.6W,240lm,67lm/W,Diffused,Datasheet=images/inground-radius/datasheets/IngroundR_F_EOP_H100_R0515_L0393_FL112Nx48V_G5_09W_T927_ORT1x.pdf;Specification=images/inground-radius/datasheets/inground-radius-specification.pdf;Brochure=files/holectron/holectron-inground-radius-brochure-2025.pdf
Inground Radius,,,,,,,,,,,,,,,,,,,,Inground Radius R515 48V 9.6W/m,IngroundR F EOP H100 R0515 L0393 / FL112/Nx.48V G5 09W T930 / OR.T1x,Stainless Steel,images/inground-radius/inground-radius-r515-stainless-steel.jpg,3000K,CRI>90,DALI | 1-10V | Phase Dim,IP67,IK10,,"Full segment · 2 end caps, 2 cables · opal cover · curve R515mm, 45° · 393mm long · 48V DC, driver separate · FL112 (112 LEDs/m) 9.6W/m",3.6W,252lm,70lm/W,Diffused,Datasheet=images/inground-radius/datasheets/IngroundR_F_EOP_H100_R0515_L0393_FL112Nx48V_G5_09W_T930_ORT1x.pdf;Specification=images/inground-radius/datasheets/inground-radius-specification.pdf;Brochure=files/holectron/holectron-inground-radius-brochure-2025.pdf
Inground Radius,,,,,,,,,,,,,,,,,,,,Inground Radius R515 48V 9.6W/m,IngroundR F EOP H100 R0515 L0393 / FL112/Nx.48V G5 09W T940 / OR.T1x,Stainless Steel,images/inground-radius/inground-radius-r515-stainless-steel.jpg,4000K,CRI>90,DALI | 1-10V | Phase Dim,IP67,IK10,,"Full segment · 2 end caps, 2 cables · opal cover · curve R515mm, 45° · 393mm long · 48V DC, driver separate · FL112 (112 LEDs/m) 9.6W/m",3.6W,262lm,73lm/W,Diffused,Datasheet=images/inground-radius/datasheets/IngroundR_F_EOP_H100_R0515_L0393_FL112Nx48V_G5_09W_T940_ORT1x.pdf;Specification=images/inground-radius/datasheets/inground-radius-specification.pdf;Brochure=files/holectron/holectron-inground-radius-brochure-2025.pdf
Inground Radius,,,,,,,,,,,,,,,,,,,,Inground Radius R1000 24V 2.4W/m,IngroundR F EOP H100 R1000 L0387 / FL56/Nx G5 02W 922 / OR.T1x,Stainless Steel,images/inground-radius/inground-radius-r1000-stainless-steel.jpg,2200K,CRI>90,DALI | 1-10V | Phase Dim,IP67,IK10,,"Full segment · 2 end caps, 2 cables · opal cover · curve R1000mm, 22.5° · 387mm long · 24V DC, driver separate · FL56 (56 LEDs/m) 2.4W/m",0.9W,40lm,44lm/W,Diffused,Datasheet=images/inground-radius/datasheets/IngroundR_F_EOP_H100_R1000_L0387_FL56Nx_G5_02W_922_ORT1x.pdf;Specification=images/inground-radius/datasheets/inground-radius-specification.pdf;Brochure=files/holectron/holectron-inground-radius-brochure-2025.pdf
Inground Radius,,,,,,,,,,,,,,,,,,,,Inground Radius R1000 24V 2.4W/m,IngroundR F EOP H100 R1000 L0387 / FL56/Nx G5 02W T927 / OR.T1x,Stainless Steel,images/inground-radius/inground-radius-r1000-stainless-steel.jpg,2700K,CRI>90,DALI | 1-10V | Phase Dim,IP67,IK10,,"Full segment · 2 end caps, 2 cables · opal cover · curve R1000mm, 22.5° · 387mm long · 24V DC, driver separate · FL56 (56 LEDs/m) 2.4W/m",0.9W,60lm,67lm/W,Diffused,Datasheet=images/inground-radius/datasheets/IngroundR_F_EOP_H100_R1000_L0387_FL56Nx_G5_02W_T927_ORT1x.pdf;Specification=images/inground-radius/datasheets/inground-radius-specification.pdf;Brochure=files/holectron/holectron-inground-radius-brochure-2025.pdf
Inground Radius,,,,,,,,,,,,,,,,,,,,Inground Radius R1000 24V 2.4W/m,IngroundR F EOP H100 R1000 L0387 / FL56/Nx G5 02W T930 / OR.T1x,Stainless Steel,images/inground-radius/inground-radius-r1000-stainless-steel.jpg,3000K,CRI>90,DALI | 1-10V | Phase Dim,IP67,IK10,,"Full segment · 2 end caps, 2 cables · opal cover · curve R1000mm, 22.5° · 387mm long · 24V DC, driver separate · FL56 (56 LEDs/m) 2.4W/m",0.9W,63lm,70lm/W,Diffused,Datasheet=images/inground-radius/datasheets/IngroundR_F_EOP_H100_R1000_L0387_FL56Nx_G5_02W_T930_ORT1x.pdf;Specification=images/inground-radius/datasheets/inground-radius-specification.pdf;Brochure=files/holectron/holectron-inground-radius-brochure-2025.pdf
Inground Radius,,,,,,,,,,,,,,,,,,,,Inground Radius R1000 24V 2.4W/m,IngroundR F EOP H100 R1000 L0387 / FL56/Nx G5 02W T940 / OR.T1x,Stainless Steel,images/inground-radius/inground-radius-r1000-stainless-steel.jpg,4000K,CRI>90,DALI | 1-10V | Phase Dim,IP67,IK10,,"Full segment · 2 end caps, 2 cables · opal cover · curve R1000mm, 22.5° · 387mm long · 24V DC, driver separate · FL56 (56 LEDs/m) 2.4W/m",0.9W,66lm,73lm/W,Diffused,Datasheet=images/inground-radius/datasheets/IngroundR_F_EOP_H100_R1000_L0387_FL56Nx_G5_02W_T940_ORT1x.pdf;Specification=images/inground-radius/datasheets/inground-radius-specification.pdf;Brochure=files/holectron/holectron-inground-radius-brochure-2025.pdf
Inground Radius,,,,,,,,,,,,,,,,,,,,Inground Radius R1000 24V 4.8W/m,IngroundR F EOP H100 R1000 L0387 / FL56/Nx G5 04W 922 / OR.T1x,Stainless Steel,images/inground-radius/inground-radius-r1000-stainless-steel.jpg,2200K,CRI>90,DALI | 1-10V | Phase Dim,IP67,IK10,,"Full segment · 2 end caps, 2 cables · opal cover · curve R1000mm, 22.5° · 387mm long · 24V DC, driver separate · FL56 (56 LEDs/m) 4.8W/m",1.8W,78lm,43lm/W,Diffused,Datasheet=images/inground-radius/datasheets/IngroundR_F_EOP_H100_R1000_L0387_FL56Nx_G5_04W_922_ORT1x.pdf;Specification=images/inground-radius/datasheets/inground-radius-specification.pdf;Brochure=files/holectron/holectron-inground-radius-brochure-2025.pdf
Inground Radius,,,,,,,,,,,,,,,,,,,,Inground Radius R1000 24V 4.8W/m,IngroundR F EOP H100 R1000 L0387 / FL56/Nx G5 04W T927 / OR.T1x,Stainless Steel,images/inground-radius/inground-radius-r1000-stainless-steel.jpg,2700K,CRI>90,DALI | 1-10V | Phase Dim,IP67,IK10,,"Full segment · 2 end caps, 2 cables · opal cover · curve R1000mm, 22.5° · 387mm long · 24V DC, driver separate · FL56 (56 LEDs/m) 4.8W/m",1.8W,120lm,67lm/W,Diffused,Datasheet=images/inground-radius/datasheets/IngroundR_F_EOP_H100_R1000_L0387_FL56Nx_G5_04W_T927_ORT1x.pdf;Specification=images/inground-radius/datasheets/inground-radius-specification.pdf;Brochure=files/holectron/holectron-inground-radius-brochure-2025.pdf
Inground Radius,,,,,,,,,,,,,,,,,,,,Inground Radius R1000 24V 4.8W/m,IngroundR F EOP H100 R1000 L0387 / FL56/Nx G5 04W T930 / OR.T1x,Stainless Steel,images/inground-radius/inground-radius-r1000-stainless-steel.jpg,3000K,CRI>90,DALI | 1-10V | Phase Dim,IP67,IK10,,"Full segment · 2 end caps, 2 cables · opal cover · curve R1000mm, 22.5° · 387mm long · 24V DC, driver separate · FL56 (56 LEDs/m) 4.8W/m",1.8W,126lm,70lm/W,Diffused,Datasheet=images/inground-radius/datasheets/IngroundR_F_EOP_H100_R1000_L0387_FL56Nx_G5_04W_T930_ORT1x.pdf;Specification=images/inground-radius/datasheets/inground-radius-specification.pdf;Brochure=files/holectron/holectron-inground-radius-brochure-2025.pdf
Inground Radius,,,,,,,,,,,,,,,,,,,,Inground Radius R1000 24V 4.8W/m,IngroundR F EOP H100 R1000 L0387 / FL56/Nx G5 04W T940 / OR.T1x,Stainless Steel,images/inground-radius/inground-radius-r1000-stainless-steel.jpg,4000K,CRI>90,DALI | 1-10V | Phase Dim,IP67,IK10,,"Full segment · 2 end caps, 2 cables · opal cover · curve R1000mm, 22.5° · 387mm long · 24V DC, driver separate · FL56 (56 LEDs/m) 4.8W/m",1.8W,131lm,73lm/W,Diffused,Datasheet=images/inground-radius/datasheets/IngroundR_F_EOP_H100_R1000_L0387_FL56Nx_G5_04W_T940_ORT1x.pdf;Specification=images/inground-radius/datasheets/inground-radius-specification.pdf;Brochure=files/holectron/holectron-inground-radius-brochure-2025.pdf
Inground Radius,,,,,,,,,,,,,,,,,,,,Inground Radius R1000 24V 9.6W/m,IngroundR F EOP H100 R1000 L0387 / FL56/Nx G5 09W 922 / OR.T1x,Stainless Steel,images/inground-radius/inground-radius-r1000-stainless-steel.jpg,2200K,CRI>90,DALI | 1-10V | Phase Dim,IP67,IK10,,"Full segment · 2 end caps, 2 cables · opal cover · curve R1000mm, 22.5° · 387mm long · 24V DC, driver separate · FL56 (56 LEDs/m) 9.6W/m",3.6W,153lm,43lm/W,Diffused,Datasheet=images/inground-radius/datasheets/IngroundR_F_EOP_H100_R1000_L0387_FL56Nx_G5_09W_922_ORT1x.pdf;Specification=images/inground-radius/datasheets/inground-radius-specification.pdf;Brochure=files/holectron/holectron-inground-radius-brochure-2025.pdf
Inground Radius,,,,,,,,,,,,,,,,,,,,Inground Radius R1000 24V 9.6W/m,IngroundR F EOP H100 R1000 L0387 / FL56/Nx G5 09W T927 / OR.T1x,Stainless Steel,images/inground-radius/inground-radius-r1000-stainless-steel.jpg,2700K,CRI>90,DALI | 1-10V | Phase Dim,IP67,IK10,,"Full segment · 2 end caps, 2 cables · opal cover · curve R1000mm, 22.5° · 387mm long · 24V DC, driver separate · FL56 (56 LEDs/m) 9.6W/m",3.6W,235lm,65lm/W,Diffused,Datasheet=images/inground-radius/datasheets/IngroundR_F_EOP_H100_R1000_L0387_FL56Nx_G5_09W_T927_ORT1x.pdf;Specification=images/inground-radius/datasheets/inground-radius-specification.pdf;Brochure=files/holectron/holectron-inground-radius-brochure-2025.pdf
Inground Radius,,,,,,,,,,,,,,,,,,,,Inground Radius R1000 24V 9.6W/m,IngroundR F EOP H100 R1000 L0387 / FL56/Nx G5 09W T930 / OR.T1x,Stainless Steel,images/inground-radius/inground-radius-r1000-stainless-steel.jpg,3000K,CRI>90,DALI | 1-10V | Phase Dim,IP67,IK10,,"Full segment · 2 end caps, 2 cables · opal cover · curve R1000mm, 22.5° · 387mm long · 24V DC, driver separate · FL56 (56 LEDs/m) 9.6W/m",3.6W,247lm,69lm/W,Diffused,Datasheet=images/inground-radius/datasheets/IngroundR_F_EOP_H100_R1000_L0387_FL56Nx_G5_09W_T930_ORT1x.pdf;Specification=images/inground-radius/datasheets/inground-radius-specification.pdf;Brochure=files/holectron/holectron-inground-radius-brochure-2025.pdf
Inground Radius,,,,,,,,,,,,,,,,,,,,Inground Radius R1000 24V 9.6W/m,IngroundR F EOP H100 R1000 L0387 / FL56/Nx G5 09W T940 / OR.T1x,Stainless Steel,images/inground-radius/inground-radius-r1000-stainless-steel.jpg,4000K,CRI>90,DALI | 1-10V | Phase Dim,IP67,IK10,,"Full segment · 2 end caps, 2 cables · opal cover · curve R1000mm, 22.5° · 387mm long · 24V DC, driver separate · FL56 (56 LEDs/m) 9.6W/m",3.6W,257lm,71lm/W,Diffused,Datasheet=images/inground-radius/datasheets/IngroundR_F_EOP_H100_R1000_L0387_FL56Nx_G5_09W_T940_ORT1x.pdf;Specification=images/inground-radius/datasheets/inground-radius-specification.pdf;Brochure=files/holectron/holectron-inground-radius-brochure-2025.pdf
Inground Radius,,,,,,,,,,,,,,,,,,,,Inground Radius R1000 48V 4.8W/m,IngroundR F EOP H100 R1000 L0387 / FL112/Nx.48V G5 04W 922 / OR.T1x,Stainless Steel,images/inground-radius/inground-radius-r1000-stainless-steel.jpg,2200K,CRI>90,DALI | 1-10V | Phase Dim,IP67,IK10,,"Full segment · 2 end caps, 2 cables · opal cover · curve R1000mm, 22.5° · 387mm long · 48V DC, driver separate · FL112 (112 LEDs/m) 4.8W/m",1.8W,80lm,44lm/W,Diffused,Datasheet=images/inground-radius/datasheets/IngroundR_F_EOP_H100_R1000_L0387_FL112Nx48V_G5_04W_922_ORT1x.pdf;Specification=images/inground-radius/datasheets/inground-radius-specification.pdf;Brochure=files/holectron/holectron-inground-radius-brochure-2025.pdf
Inground Radius,,,,,,,,,,,,,,,,,,,,Inground Radius R1000 48V 4.8W/m,IngroundR F EOP H100 R1000 L0387 / FL112/Nx.48V G5 04W T927 / OR.T1x,Stainless Steel,images/inground-radius/inground-radius-r1000-stainless-steel.jpg,2700K,CRI>90,DALI | 1-10V | Phase Dim,IP67,IK10,,"Full segment · 2 end caps, 2 cables · opal cover · curve R1000mm, 22.5° · 387mm long · 48V DC, driver separate · FL112 (112 LEDs/m) 4.8W/m",1.8W,121lm,67lm/W,Diffused,Datasheet=images/inground-radius/datasheets/IngroundR_F_EOP_H100_R1000_L0387_FL112Nx48V_G5_04W_T927_ORT1x.pdf;Specification=images/inground-radius/datasheets/inground-radius-specification.pdf;Brochure=files/holectron/holectron-inground-radius-brochure-2025.pdf
Inground Radius,,,,,,,,,,,,,,,,,,,,Inground Radius R1000 48V 4.8W/m,IngroundR F EOP H100 R1000 L0387 / FL112/Nx.48V G5 04W T930 / OR.T1x,Stainless Steel,images/inground-radius/inground-radius-r1000-stainless-steel.jpg,3000K,CRI>90,DALI | 1-10V | Phase Dim,IP67,IK10,,"Full segment · 2 end caps, 2 cables · opal cover · curve R1000mm, 22.5° · 387mm long · 48V DC, driver separate · FL112 (112 LEDs/m) 4.8W/m",1.8W,127lm,71lm/W,Diffused,Datasheet=images/inground-radius/datasheets/IngroundR_F_EOP_H100_R1000_L0387_FL112Nx48V_G5_04W_T930_ORT1x.pdf;Specification=images/inground-radius/datasheets/inground-radius-specification.pdf;Brochure=files/holectron/holectron-inground-radius-brochure-2025.pdf
Inground Radius,,,,,,,,,,,,,,,,,,,,Inground Radius R1000 48V 4.8W/m,IngroundR F EOP H100 R1000 L0387 / FL112/Nx.48V G5 04W T940 / OR.T1x,Stainless Steel,images/inground-radius/inground-radius-r1000-stainless-steel.jpg,4000K,CRI>90,DALI | 1-10V | Phase Dim,IP67,IK10,,"Full segment · 2 end caps, 2 cables · opal cover · curve R1000mm, 22.5° · 387mm long · 48V DC, driver separate · FL112 (112 LEDs/m) 4.8W/m",1.8W,132lm,73lm/W,Diffused,Datasheet=images/inground-radius/datasheets/IngroundR_F_EOP_H100_R1000_L0387_FL112Nx48V_G5_04W_T940_ORT1x.pdf;Specification=images/inground-radius/datasheets/inground-radius-specification.pdf;Brochure=files/holectron/holectron-inground-radius-brochure-2025.pdf
Inground Radius,,,,,,,,,,,,,,,,,,,,Inground Radius R1000 48V 9.6W/m,IngroundR F EOP H100 R1000 L0387 / FL112/Nx.48V G5 09W 922 / OR.T1x,Stainless Steel,images/inground-radius/inground-radius-r1000-stainless-steel.jpg,2200K,CRI>90,DALI | 1-10V | Phase Dim,IP67,IK10,,"Full segment · 2 end caps, 2 cables · opal cover · curve R1000mm, 22.5° · 387mm long · 48V DC, driver separate · FL112 (112 LEDs/m) 9.6W/m",3.6W,157lm,44lm/W,Diffused,Datasheet=images/inground-radius/datasheets/IngroundR_F_EOP_H100_R1000_L0387_FL112Nx48V_G5_09W_922_ORT1x.pdf;Specification=images/inground-radius/datasheets/inground-radius-specification.pdf;Brochure=files/holectron/holectron-inground-radius-brochure-2025.pdf
Inground Radius,,,,,,,,,,,,,,,,,,,,Inground Radius R1000 48V 9.6W/m,IngroundR F EOP H100 R1000 L0387 / FL112/Nx.48V G5 09W T927 / OR.T1x,Stainless Steel,images/inground-radius/inground-radius-r1000-stainless-steel.jpg,2700K,CRI>90,DALI | 1-10V | Phase Dim,IP67,IK10,,"Full segment · 2 end caps, 2 cables · opal cover · curve R1000mm, 22.5° · 387mm long · 48V DC, driver separate · FL112 (112 LEDs/m) 9.6W/m",3.6W,240lm,67lm/W,Diffused,Datasheet=images/inground-radius/datasheets/IngroundR_F_EOP_H100_R1000_L0387_FL112Nx48V_G5_09W_T927_ORT1x.pdf;Specification=images/inground-radius/datasheets/inground-radius-specification.pdf;Brochure=files/holectron/holectron-inground-radius-brochure-2025.pdf
Inground Radius,,,,,,,,,,,,,,,,,,,,Inground Radius R1000 48V 9.6W/m,IngroundR F EOP H100 R1000 L0387 / FL112/Nx.48V G5 09W T930 / OR.T1x,Stainless Steel,images/inground-radius/inground-radius-r1000-stainless-steel.jpg,3000K,CRI>90,DALI | 1-10V | Phase Dim,IP67,IK10,,"Full segment · 2 end caps, 2 cables · opal cover · curve R1000mm, 22.5° · 387mm long · 48V DC, driver separate · FL112 (112 LEDs/m) 9.6W/m",3.6W,252lm,70lm/W,Diffused,Datasheet=images/inground-radius/datasheets/IngroundR_F_EOP_H100_R1000_L0387_FL112Nx48V_G5_09W_T930_ORT1x.pdf;Specification=images/inground-radius/datasheets/inground-radius-specification.pdf;Brochure=files/holectron/holectron-inground-radius-brochure-2025.pdf
Inground Radius,,,,,,,,,,,,,,,,,,,,Inground Radius R1000 48V 9.6W/m,IngroundR F EOP H100 R1000 L0387 / FL112/Nx.48V G5 09W T940 / OR.T1x,Stainless Steel,images/inground-radius/inground-radius-r1000-stainless-steel.jpg,4000K,CRI>90,DALI | 1-10V | Phase Dim,IP67,IK10,,"Full segment · 2 end caps, 2 cables · opal cover · curve R1000mm, 22.5° · 387mm long · 48V DC, driver separate · FL112 (112 LEDs/m) 9.6W/m",3.6W,262lm,73lm/W,Diffused,Datasheet=images/inground-radius/datasheets/IngroundR_F_EOP_H100_R1000_L0387_FL112Nx48V_G5_09W_T940_ORT1x.pdf;Specification=images/inground-radius/datasheets/inground-radius-specification.pdf;Brochure=files/holectron/holectron-inground-radius-brochure-2025.pdf
Inground Radius,,,,,,,,,,,,,,,,,,,,Inground Radius R1975 24V 2.4W/m,IngroundR F EOP H100 R1975 L0385 / FL56/Nx G5 02W 922 / OR.T1x,Stainless Steel,images/inground-radius/inground-radius-r1975-stainless-steel.jpg,2200K,CRI>90,DALI | 1-10V | Phase Dim,IP67,IK10,,"Full segment · 2 end caps, 2 cables · opal cover · curve R1975mm, 11.3° · 385mm long · 24V DC, driver separate · FL56 (56 LEDs/m) 2.4W/m",0.9W,40lm,44lm/W,Diffused,Datasheet=images/inground-radius/datasheets/IngroundR_F_EOP_H100_R1975_L0385_FL56Nx_G5_02W_922_ORT1x.pdf;Specification=images/inground-radius/datasheets/inground-radius-specification.pdf;Brochure=files/holectron/holectron-inground-radius-brochure-2025.pdf
Inground Radius,,,,,,,,,,,,,,,,,,,,Inground Radius R1975 24V 2.4W/m,IngroundR F EOP H100 R1975 L0385 / FL56/Nx G5 02W T927 / OR.T1x,Stainless Steel,images/inground-radius/inground-radius-r1975-stainless-steel.jpg,2700K,CRI>90,DALI | 1-10V | Phase Dim,IP67,IK10,,"Full segment · 2 end caps, 2 cables · opal cover · curve R1975mm, 11.3° · 385mm long · 24V DC, driver separate · FL56 (56 LEDs/m) 2.4W/m",0.9W,60lm,67lm/W,Diffused,Datasheet=images/inground-radius/datasheets/IngroundR_F_EOP_H100_R1975_L0385_FL56Nx_G5_02W_T927_ORT1x.pdf;Specification=images/inground-radius/datasheets/inground-radius-specification.pdf;Brochure=files/holectron/holectron-inground-radius-brochure-2025.pdf
Inground Radius,,,,,,,,,,,,,,,,,,,,Inground Radius R1975 24V 2.4W/m,IngroundR F EOP H100 R1975 L0385 / FL56/Nx G5 02W T930 / OR.T1x,Stainless Steel,images/inground-radius/inground-radius-r1975-stainless-steel.jpg,3000K,CRI>90,DALI | 1-10V | Phase Dim,IP67,IK10,,"Full segment · 2 end caps, 2 cables · opal cover · curve R1975mm, 11.3° · 385mm long · 24V DC, driver separate · FL56 (56 LEDs/m) 2.4W/m",0.9W,63lm,70lm/W,Diffused,Datasheet=images/inground-radius/datasheets/IngroundR_F_EOP_H100_R1975_L0385_FL56Nx_G5_02W_T930_ORT1x.pdf;Specification=images/inground-radius/datasheets/inground-radius-specification.pdf;Brochure=files/holectron/holectron-inground-radius-brochure-2025.pdf
Inground Radius,,,,,,,,,,,,,,,,,,,,Inground Radius R1975 24V 2.4W/m,IngroundR F EOP H100 R1975 L0385 / FL56/Nx G5 02W T940 / OR.T1x,Stainless Steel,images/inground-radius/inground-radius-r1975-stainless-steel.jpg,4000K,CRI>90,DALI | 1-10V | Phase Dim,IP67,IK10,,"Full segment · 2 end caps, 2 cables · opal cover · curve R1975mm, 11.3° · 385mm long · 24V DC, driver separate · FL56 (56 LEDs/m) 2.4W/m",0.9W,66lm,73lm/W,Diffused,Datasheet=images/inground-radius/datasheets/IngroundR_F_EOP_H100_R1975_L0385_FL56Nx_G5_02W_T940_ORT1x.pdf;Specification=images/inground-radius/datasheets/inground-radius-specification.pdf;Brochure=files/holectron/holectron-inground-radius-brochure-2025.pdf
Inground Radius,,,,,,,,,,,,,,,,,,,,Inground Radius R1975 24V 4.8W/m,IngroundR F EOP H100 R1975 L0385 / FL56/Nx G5 04W 922 / OR.T1x,Stainless Steel,images/inground-radius/inground-radius-r1975-stainless-steel.jpg,2200K,CRI>90,DALI | 1-10V | Phase Dim,IP67,IK10,,"Full segment · 2 end caps, 2 cables · opal cover · curve R1975mm, 11.3° · 385mm long · 24V DC, driver separate · FL56 (56 LEDs/m) 4.8W/m",1.8W,78lm,43lm/W,Diffused,Datasheet=images/inground-radius/datasheets/IngroundR_F_EOP_H100_R1975_L0385_FL56Nx_G5_04W_922_ORT1x.pdf;Specification=images/inground-radius/datasheets/inground-radius-specification.pdf;Brochure=files/holectron/holectron-inground-radius-brochure-2025.pdf
Inground Radius,,,,,,,,,,,,,,,,,,,,Inground Radius R1975 24V 4.8W/m,IngroundR F EOP H100 R1975 L0385 / FL56/Nx G5 04W T927 / OR.T1x,Stainless Steel,images/inground-radius/inground-radius-r1975-stainless-steel.jpg,2700K,CRI>90,DALI | 1-10V | Phase Dim,IP67,IK10,,"Full segment · 2 end caps, 2 cables · opal cover · curve R1975mm, 11.3° · 385mm long · 24V DC, driver separate · FL56 (56 LEDs/m) 4.8W/m",1.8W,120lm,67lm/W,Diffused,Datasheet=images/inground-radius/datasheets/IngroundR_F_EOP_H100_R1975_L0385_FL56Nx_G5_04W_T927_ORT1x.pdf;Specification=images/inground-radius/datasheets/inground-radius-specification.pdf;Brochure=files/holectron/holectron-inground-radius-brochure-2025.pdf
Inground Radius,,,,,,,,,,,,,,,,,,,,Inground Radius R1975 24V 4.8W/m,IngroundR F EOP H100 R1975 L0385 / FL56/Nx G5 04W T930 / OR.T1x,Stainless Steel,images/inground-radius/inground-radius-r1975-stainless-steel.jpg,3000K,CRI>90,DALI | 1-10V | Phase Dim,IP67,IK10,,"Full segment · 2 end caps, 2 cables · opal cover · curve R1975mm, 11.3° · 385mm long · 24V DC, driver separate · FL56 (56 LEDs/m) 4.8W/m",1.8W,126lm,70lm/W,Diffused,Datasheet=images/inground-radius/datasheets/IngroundR_F_EOP_H100_R1975_L0385_FL56Nx_G5_04W_T930_ORT1x.pdf;Specification=images/inground-radius/datasheets/inground-radius-specification.pdf;Brochure=files/holectron/holectron-inground-radius-brochure-2025.pdf
Inground Radius,,,,,,,,,,,,,,,,,,,,Inground Radius R1975 24V 4.8W/m,IngroundR F EOP H100 R1975 L0385 / FL56/Nx G5 04W T940 / OR.T1x,Stainless Steel,images/inground-radius/inground-radius-r1975-stainless-steel.jpg,4000K,CRI>90,DALI | 1-10V | Phase Dim,IP67,IK10,,"Full segment · 2 end caps, 2 cables · opal cover · curve R1975mm, 11.3° · 385mm long · 24V DC, driver separate · FL56 (56 LEDs/m) 4.8W/m",1.8W,131lm,73lm/W,Diffused,Datasheet=images/inground-radius/datasheets/IngroundR_F_EOP_H100_R1975_L0385_FL56Nx_G5_04W_T940_ORT1x.pdf;Specification=images/inground-radius/datasheets/inground-radius-specification.pdf;Brochure=files/holectron/holectron-inground-radius-brochure-2025.pdf
Inground Radius,,,,,,,,,,,,,,,,,,,,Inground Radius R1975 24V 9.6W/m,IngroundR F EOP H100 R1975 L0385 / FL56/Nx G5 09W 922 / OR.T1x,Stainless Steel,images/inground-radius/inground-radius-r1975-stainless-steel.jpg,2200K,CRI>90,DALI | 1-10V | Phase Dim,IP67,IK10,,"Full segment · 2 end caps, 2 cables · opal cover · curve R1975mm, 11.3° · 385mm long · 24V DC, driver separate · FL56 (56 LEDs/m) 9.6W/m",3.6W,153lm,43lm/W,Diffused,Datasheet=images/inground-radius/datasheets/IngroundR_F_EOP_H100_R1975_L0385_FL56Nx_G5_09W_922_ORT1x.pdf;Specification=images/inground-radius/datasheets/inground-radius-specification.pdf;Brochure=files/holectron/holectron-inground-radius-brochure-2025.pdf
Inground Radius,,,,,,,,,,,,,,,,,,,,Inground Radius R1975 24V 9.6W/m,IngroundR F EOP H100 R1975 L0385 / FL56/Nx G5 09W T927 / OR.T1x,Stainless Steel,images/inground-radius/inground-radius-r1975-stainless-steel.jpg,2700K,CRI>90,DALI | 1-10V | Phase Dim,IP67,IK10,,"Full segment · 2 end caps, 2 cables · opal cover · curve R1975mm, 11.3° · 385mm long · 24V DC, driver separate · FL56 (56 LEDs/m) 9.6W/m",3.6W,235lm,65lm/W,Diffused,Datasheet=images/inground-radius/datasheets/IngroundR_F_EOP_H100_R1975_L0385_FL56Nx_G5_09W_T927_ORT1x.pdf;Specification=images/inground-radius/datasheets/inground-radius-specification.pdf;Brochure=files/holectron/holectron-inground-radius-brochure-2025.pdf
Inground Radius,,,,,,,,,,,,,,,,,,,,Inground Radius R1975 24V 9.6W/m,IngroundR F EOP H100 R1975 L0385 / FL56/Nx G5 09W T930 / OR.T1x,Stainless Steel,images/inground-radius/inground-radius-r1975-stainless-steel.jpg,3000K,CRI>90,DALI | 1-10V | Phase Dim,IP67,IK10,,"Full segment · 2 end caps, 2 cables · opal cover · curve R1975mm, 11.3° · 385mm long · 24V DC, driver separate · FL56 (56 LEDs/m) 9.6W/m",3.6W,247lm,69lm/W,Diffused,Datasheet=images/inground-radius/datasheets/IngroundR_F_EOP_H100_R1975_L0385_FL56Nx_G5_09W_T930_ORT1x.pdf;Specification=images/inground-radius/datasheets/inground-radius-specification.pdf;Brochure=files/holectron/holectron-inground-radius-brochure-2025.pdf
Inground Radius,,,,,,,,,,,,,,,,,,,,Inground Radius R1975 24V 9.6W/m,IngroundR F EOP H100 R1975 L0385 / FL56/Nx G5 09W T940 / OR.T1x,Stainless Steel,images/inground-radius/inground-radius-r1975-stainless-steel.jpg,4000K,CRI>90,DALI | 1-10V | Phase Dim,IP67,IK10,,"Full segment · 2 end caps, 2 cables · opal cover · curve R1975mm, 11.3° · 385mm long · 24V DC, driver separate · FL56 (56 LEDs/m) 9.6W/m",3.6W,257lm,71lm/W,Diffused,Datasheet=images/inground-radius/datasheets/IngroundR_F_EOP_H100_R1975_L0385_FL56Nx_G5_09W_T940_ORT1x.pdf;Specification=images/inground-radius/datasheets/inground-radius-specification.pdf;Brochure=files/holectron/holectron-inground-radius-brochure-2025.pdf
Inground Radius,,,,,,,,,,,,,,,,,,,,Inground Radius R1975 48V 4.8W/m,IngroundR F EOP H100 R1975 L0385 / FL112/Nx.48V G5 04W 922 / OR.T1x,Stainless Steel,images/inground-radius/inground-radius-r1975-stainless-steel.jpg,2200K,CRI>90,DALI | 1-10V | Phase Dim,IP67,IK10,,"Full segment · 2 end caps, 2 cables · opal cover · curve R1975mm, 11.3° · 385mm long · 48V DC, driver separate · FL112 (112 LEDs/m) 4.8W/m",1.8W,80lm,44lm/W,Diffused,Datasheet=images/inground-radius/datasheets/IngroundR_F_EOP_H100_R1975_L0385_FL112Nx48V_G5_04W_922_ORT1x.pdf;Specification=images/inground-radius/datasheets/inground-radius-specification.pdf;Brochure=files/holectron/holectron-inground-radius-brochure-2025.pdf
Inground Radius,,,,,,,,,,,,,,,,,,,,Inground Radius R1975 48V 4.8W/m,IngroundR F EOP H100 R1975 L0385 / FL112/Nx.48V G5 04W T927 / OR.T1x,Stainless Steel,images/inground-radius/inground-radius-r1975-stainless-steel.jpg,2700K,CRI>90,DALI | 1-10V | Phase Dim,IP67,IK10,,"Full segment · 2 end caps, 2 cables · opal cover · curve R1975mm, 11.3° · 385mm long · 48V DC, driver separate · FL112 (112 LEDs/m) 4.8W/m",1.8W,121lm,67lm/W,Diffused,Datasheet=images/inground-radius/datasheets/IngroundR_F_EOP_H100_R1975_L0385_FL112Nx48V_G5_04W_T927_ORT1x.pdf;Specification=images/inground-radius/datasheets/inground-radius-specification.pdf;Brochure=files/holectron/holectron-inground-radius-brochure-2025.pdf
Inground Radius,,,,,,,,,,,,,,,,,,,,Inground Radius R1975 48V 4.8W/m,IngroundR F EOP H100 R1975 L0385 / FL112/Nx.48V G5 04W T930 / OR.T1x,Stainless Steel,images/inground-radius/inground-radius-r1975-stainless-steel.jpg,3000K,CRI>90,DALI | 1-10V | Phase Dim,IP67,IK10,,"Full segment · 2 end caps, 2 cables · opal cover · curve R1975mm, 11.3° · 385mm long · 48V DC, driver separate · FL112 (112 LEDs/m) 4.8W/m",1.8W,127lm,71lm/W,Diffused,Datasheet=images/inground-radius/datasheets/IngroundR_F_EOP_H100_R1975_L0385_FL112Nx48V_G5_04W_T930_ORT1x.pdf;Specification=images/inground-radius/datasheets/inground-radius-specification.pdf;Brochure=files/holectron/holectron-inground-radius-brochure-2025.pdf
Inground Radius,,,,,,,,,,,,,,,,,,,,Inground Radius R1975 48V 4.8W/m,IngroundR F EOP H100 R1975 L0385 / FL112/Nx.48V G5 04W T940 / OR.T1x,Stainless Steel,images/inground-radius/inground-radius-r1975-stainless-steel.jpg,4000K,CRI>90,DALI | 1-10V | Phase Dim,IP67,IK10,,"Full segment · 2 end caps, 2 cables · opal cover · curve R1975mm, 11.3° · 385mm long · 48V DC, driver separate · FL112 (112 LEDs/m) 4.8W/m",1.8W,132lm,73lm/W,Diffused,Datasheet=images/inground-radius/datasheets/IngroundR_F_EOP_H100_R1975_L0385_FL112Nx48V_G5_04W_T940_ORT1x.pdf;Specification=images/inground-radius/datasheets/inground-radius-specification.pdf;Brochure=files/holectron/holectron-inground-radius-brochure-2025.pdf
Inground Radius,,,,,,,,,,,,,,,,,,,,Inground Radius R1975 48V 9.6W/m,IngroundR F EOP H100 R1975 L0385 / FL112/Nx.48V G5 09W 922 / OR.T1x,Stainless Steel,images/inground-radius/inground-radius-r1975-stainless-steel.jpg,2200K,CRI>90,DALI | 1-10V | Phase Dim,IP67,IK10,,"Full segment · 2 end caps, 2 cables · opal cover · curve R1975mm, 11.3° · 385mm long · 48V DC, driver separate · FL112 (112 LEDs/m) 9.6W/m",3.6W,157lm,44lm/W,Diffused,Datasheet=images/inground-radius/datasheets/IngroundR_F_EOP_H100_R1975_L0385_FL112Nx48V_G5_09W_922_ORT1x.pdf;Specification=images/inground-radius/datasheets/inground-radius-specification.pdf;Brochure=files/holectron/holectron-inground-radius-brochure-2025.pdf
Inground Radius,,,,,,,,,,,,,,,,,,,,Inground Radius R1975 48V 9.6W/m,IngroundR F EOP H100 R1975 L0385 / FL112/Nx.48V G5 09W T927 / OR.T1x,Stainless Steel,images/inground-radius/inground-radius-r1975-stainless-steel.jpg,2700K,CRI>90,DALI | 1-10V | Phase Dim,IP67,IK10,,"Full segment · 2 end caps, 2 cables · opal cover · curve R1975mm, 11.3° · 385mm long · 48V DC, driver separate · FL112 (112 LEDs/m) 9.6W/m",3.6W,240lm,67lm/W,Diffused,Datasheet=images/inground-radius/datasheets/IngroundR_F_EOP_H100_R1975_L0385_FL112Nx48V_G5_09W_T927_ORT1x.pdf;Specification=images/inground-radius/datasheets/inground-radius-specification.pdf;Brochure=files/holectron/holectron-inground-radius-brochure-2025.pdf
Inground Radius,,,,,,,,,,,,,,,,,,,,Inground Radius R1975 48V 9.6W/m,IngroundR F EOP H100 R1975 L0385 / FL112/Nx.48V G5 09W T930 / OR.T1x,Stainless Steel,images/inground-radius/inground-radius-r1975-stainless-steel.jpg,3000K,CRI>90,DALI | 1-10V | Phase Dim,IP67,IK10,,"Full segment · 2 end caps, 2 cables · opal cover · curve R1975mm, 11.3° · 385mm long · 48V DC, driver separate · FL112 (112 LEDs/m) 9.6W/m",3.6W,252lm,70lm/W,Diffused,Datasheet=images/inground-radius/datasheets/IngroundR_F_EOP_H100_R1975_L0385_FL112Nx48V_G5_09W_T930_ORT1x.pdf;Specification=images/inground-radius/datasheets/inground-radius-specification.pdf;Brochure=files/holectron/holectron-inground-radius-brochure-2025.pdf
Inground Radius,,,,,,,,,,,,,,,,,,,,Inground Radius R1975 48V 9.6W/m,IngroundR F EOP H100 R1975 L0385 / FL112/Nx.48V G5 09W T940 / OR.T1x,Stainless Steel,images/inground-radius/inground-radius-r1975-stainless-steel.jpg,4000K,CRI>90,DALI | 1-10V | Phase Dim,IP67,IK10,,"Full segment · 2 end caps, 2 cables · opal cover · curve R1975mm, 11.3° · 385mm long · 48V DC, driver separate · FL112 (112 LEDs/m) 9.6W/m",3.6W,262lm,73lm/W,Diffused,Datasheet=images/inground-radius/datasheets/IngroundR_F_EOP_H100_R1975_L0385_FL112Nx48V_G5_09W_T940_ORT1x.pdf;Specification=images/inground-radius/datasheets/inground-radius-specification.pdf;Brochure=files/holectron/holectron-inground-radius-brochure-2025.pdf
Inground Radius,,,,,,,,,,,,,,,,,,,,Inground Radius R2950 24V 2.4W/m,IngroundR F EOP H100 R2950 L0384 / FL56/Nx G5 02W 922 / OR.T1x,Stainless Steel,images/inground-radius/inground-radius-r2950-stainless-steel.jpg,2200K,CRI>90,DALI | 1-10V | Phase Dim,IP67,IK10,,"Full segment · 2 end caps, 2 cables · opal cover · curve R2950mm, 7.5° · 384mm long · 24V DC, driver separate · FL56 (56 LEDs/m) 2.4W/m",0.9W,40lm,44lm/W,Diffused,Datasheet=images/inground-radius/datasheets/IngroundR_F_EOP_H100_R2950_L0384_FL56Nx_G5_02W_922_ORT1x.pdf;Specification=images/inground-radius/datasheets/inground-radius-specification.pdf;Brochure=files/holectron/holectron-inground-radius-brochure-2025.pdf
Inground Radius,,,,,,,,,,,,,,,,,,,,Inground Radius R2950 24V 2.4W/m,IngroundR F EOP H100 R2950 L0384 / FL56/Nx G5 02W T927 / OR.T1x,Stainless Steel,images/inground-radius/inground-radius-r2950-stainless-steel.jpg,2700K,CRI>90,DALI | 1-10V | Phase Dim,IP67,IK10,,"Full segment · 2 end caps, 2 cables · opal cover · curve R2950mm, 7.5° · 384mm long · 24V DC, driver separate · FL56 (56 LEDs/m) 2.4W/m",0.9W,60lm,67lm/W,Diffused,Datasheet=images/inground-radius/datasheets/IngroundR_F_EOP_H100_R2950_L0384_FL56Nx_G5_02W_T927_ORT1x.pdf;Specification=images/inground-radius/datasheets/inground-radius-specification.pdf;Brochure=files/holectron/holectron-inground-radius-brochure-2025.pdf
Inground Radius,,,,,,,,,,,,,,,,,,,,Inground Radius R2950 24V 2.4W/m,IngroundR F EOP H100 R2950 L0384 / FL56/Nx G5 02W T930 / OR.T1x,Stainless Steel,images/inground-radius/inground-radius-r2950-stainless-steel.jpg,3000K,CRI>90,DALI | 1-10V | Phase Dim,IP67,IK10,,"Full segment · 2 end caps, 2 cables · opal cover · curve R2950mm, 7.5° · 384mm long · 24V DC, driver separate · FL56 (56 LEDs/m) 2.4W/m",0.9W,63lm,70lm/W,Diffused,Datasheet=images/inground-radius/datasheets/IngroundR_F_EOP_H100_R2950_L0384_FL56Nx_G5_02W_T930_ORT1x.pdf;Specification=images/inground-radius/datasheets/inground-radius-specification.pdf;Brochure=files/holectron/holectron-inground-radius-brochure-2025.pdf
Inground Radius,,,,,,,,,,,,,,,,,,,,Inground Radius R2950 24V 2.4W/m,IngroundR F EOP H100 R2950 L0384 / FL56/Nx G5 02W T940 / OR.T1x,Stainless Steel,images/inground-radius/inground-radius-r2950-stainless-steel.jpg,4000K,CRI>90,DALI | 1-10V | Phase Dim,IP67,IK10,,"Full segment · 2 end caps, 2 cables · opal cover · curve R2950mm, 7.5° · 384mm long · 24V DC, driver separate · FL56 (56 LEDs/m) 2.4W/m",0.9W,66lm,73lm/W,Diffused,Datasheet=images/inground-radius/datasheets/IngroundR_F_EOP_H100_R2950_L0384_FL56Nx_G5_02W_T940_ORT1x.pdf;Specification=images/inground-radius/datasheets/inground-radius-specification.pdf;Brochure=files/holectron/holectron-inground-radius-brochure-2025.pdf
Inground Radius,,,,,,,,,,,,,,,,,,,,Inground Radius R2950 24V 4.8W/m,IngroundR F EOP H100 R2950 L0384 / FL56/Nx G5 04W 922 / OR.T1x,Stainless Steel,images/inground-radius/inground-radius-r2950-stainless-steel.jpg,2200K,CRI>90,DALI | 1-10V | Phase Dim,IP67,IK10,,"Full segment · 2 end caps, 2 cables · opal cover · curve R2950mm, 7.5° · 384mm long · 24V DC, driver separate · FL56 (56 LEDs/m) 4.8W/m",1.8W,78lm,43lm/W,Diffused,Datasheet=images/inground-radius/datasheets/IngroundR_F_EOP_H100_R2950_L0384_FL56Nx_G5_04W_922_ORT1x.pdf;Specification=images/inground-radius/datasheets/inground-radius-specification.pdf;Brochure=files/holectron/holectron-inground-radius-brochure-2025.pdf
Inground Radius,,,,,,,,,,,,,,,,,,,,Inground Radius R2950 24V 4.8W/m,IngroundR F EOP H100 R2950 L0384 / FL56/Nx G5 04W T927 / OR.T1x,Stainless Steel,images/inground-radius/inground-radius-r2950-stainless-steel.jpg,2700K,CRI>90,DALI | 1-10V | Phase Dim,IP67,IK10,,"Full segment · 2 end caps, 2 cables · opal cover · curve R2950mm, 7.5° · 384mm long · 24V DC, driver separate · FL56 (56 LEDs/m) 4.8W/m",1.8W,120lm,67lm/W,Diffused,Datasheet=images/inground-radius/datasheets/IngroundR_F_EOP_H100_R2950_L0384_FL56Nx_G5_04W_T927_ORT1x.pdf;Specification=images/inground-radius/datasheets/inground-radius-specification.pdf;Brochure=files/holectron/holectron-inground-radius-brochure-2025.pdf
Inground Radius,,,,,,,,,,,,,,,,,,,,Inground Radius R2950 24V 4.8W/m,IngroundR F EOP H100 R2950 L0384 / FL56/Nx G5 04W T930 / OR.T1x,Stainless Steel,images/inground-radius/inground-radius-r2950-stainless-steel.jpg,3000K,CRI>90,DALI | 1-10V | Phase Dim,IP67,IK10,,"Full segment · 2 end caps, 2 cables · opal cover · curve R2950mm, 7.5° · 384mm long · 24V DC, driver separate · FL56 (56 LEDs/m) 4.8W/m",1.8W,126lm,70lm/W,Diffused,Datasheet=images/inground-radius/datasheets/IngroundR_F_EOP_H100_R2950_L0384_FL56Nx_G5_04W_T930_ORT1x.pdf;Specification=images/inground-radius/datasheets/inground-radius-specification.pdf;Brochure=files/holectron/holectron-inground-radius-brochure-2025.pdf
Inground Radius,,,,,,,,,,,,,,,,,,,,Inground Radius R2950 24V 4.8W/m,IngroundR F EOP H100 R2950 L0384 / FL56/Nx G5 04W T940 / OR.T1x,Stainless Steel,images/inground-radius/inground-radius-r2950-stainless-steel.jpg,4000K,CRI>90,DALI | 1-10V | Phase Dim,IP67,IK10,,"Full segment · 2 end caps, 2 cables · opal cover · curve R2950mm, 7.5° · 384mm long · 24V DC, driver separate · FL56 (56 LEDs/m) 4.8W/m",1.8W,131lm,73lm/W,Diffused,Datasheet=images/inground-radius/datasheets/IngroundR_F_EOP_H100_R2950_L0384_FL56Nx_G5_04W_T940_ORT1x.pdf;Specification=images/inground-radius/datasheets/inground-radius-specification.pdf;Brochure=files/holectron/holectron-inground-radius-brochure-2025.pdf
Inground Radius,,,,,,,,,,,,,,,,,,,,Inground Radius R2950 24V 9.6W/m,IngroundR F EOP H100 R2950 L0384 / FL56/Nx G5 09W 922 / OR.T1x,Stainless Steel,images/inground-radius/inground-radius-r2950-stainless-steel.jpg,2200K,CRI>90,DALI | 1-10V | Phase Dim,IP67,IK10,,"Full segment · 2 end caps, 2 cables · opal cover · curve R2950mm, 7.5° · 384mm long · 24V DC, driver separate · FL56 (56 LEDs/m) 9.6W/m",3.6W,153lm,43lm/W,Diffused,Datasheet=images/inground-radius/datasheets/IngroundR_F_EOP_H100_R2950_L0384_FL56Nx_G5_09W_922_ORT1x.pdf;Specification=images/inground-radius/datasheets/inground-radius-specification.pdf;Brochure=files/holectron/holectron-inground-radius-brochure-2025.pdf
Inground Radius,,,,,,,,,,,,,,,,,,,,Inground Radius R2950 24V 9.6W/m,IngroundR F EOP H100 R2950 L0384 / FL56/Nx G5 09W T927 / OR.T1x,Stainless Steel,images/inground-radius/inground-radius-r2950-stainless-steel.jpg,2700K,CRI>90,DALI | 1-10V | Phase Dim,IP67,IK10,,"Full segment · 2 end caps, 2 cables · opal cover · curve R2950mm, 7.5° · 384mm long · 24V DC, driver separate · FL56 (56 LEDs/m) 9.6W/m",3.6W,235lm,65lm/W,Diffused,Datasheet=images/inground-radius/datasheets/IngroundR_F_EOP_H100_R2950_L0384_FL56Nx_G5_09W_T927_ORT1x.pdf;Specification=images/inground-radius/datasheets/inground-radius-specification.pdf;Brochure=files/holectron/holectron-inground-radius-brochure-2025.pdf
Inground Radius,,,,,,,,,,,,,,,,,,,,Inground Radius R2950 24V 9.6W/m,IngroundR F EOP H100 R2950 L0384 / FL56/Nx G5 09W T930 / OR.T1x,Stainless Steel,images/inground-radius/inground-radius-r2950-stainless-steel.jpg,3000K,CRI>90,DALI | 1-10V | Phase Dim,IP67,IK10,,"Full segment · 2 end caps, 2 cables · opal cover · curve R2950mm, 7.5° · 384mm long · 24V DC, driver separate · FL56 (56 LEDs/m) 9.6W/m",3.6W,247lm,69lm/W,Diffused,Datasheet=images/inground-radius/datasheets/IngroundR_F_EOP_H100_R2950_L0384_FL56Nx_G5_09W_T930_ORT1x.pdf;Specification=images/inground-radius/datasheets/inground-radius-specification.pdf;Brochure=files/holectron/holectron-inground-radius-brochure-2025.pdf
Inground Radius,,,,,,,,,,,,,,,,,,,,Inground Radius R2950 24V 9.6W/m,IngroundR F EOP H100 R2950 L0384 / FL56/Nx G5 09W T940 / OR.T1x,Stainless Steel,images/inground-radius/inground-radius-r2950-stainless-steel.jpg,4000K,CRI>90,DALI | 1-10V | Phase Dim,IP67,IK10,,"Full segment · 2 end caps, 2 cables · opal cover · curve R2950mm, 7.5° · 384mm long · 24V DC, driver separate · FL56 (56 LEDs/m) 9.6W/m",3.6W,257lm,71lm/W,Diffused,Datasheet=images/inground-radius/datasheets/IngroundR_F_EOP_H100_R2950_L0384_FL56Nx_G5_09W_T940_ORT1x.pdf;Specification=images/inground-radius/datasheets/inground-radius-specification.pdf;Brochure=files/holectron/holectron-inground-radius-brochure-2025.pdf
Inground Radius,,,,,,,,,,,,,,,,,,,,Inground Radius R2950 48V 4.8W/m,IngroundR F EOP H100 R2950 L0384 / FL112/Nx.48V G5 04W 922 / OR.T1x,Stainless Steel,images/inground-radius/inground-radius-r2950-stainless-steel.jpg,2200K,CRI>90,DALI | 1-10V | Phase Dim,IP67,IK10,,"Full segment · 2 end caps, 2 cables · opal cover · curve R2950mm, 7.5° · 384mm long · 48V DC, driver separate · FL112 (112 LEDs/m) 4.8W/m",1.8W,80lm,44lm/W,Diffused,Datasheet=images/inground-radius/datasheets/IngroundR_F_EOP_H100_R2950_L0384_FL112Nx48V_G5_04W_922_ORT1x.pdf;Specification=images/inground-radius/datasheets/inground-radius-specification.pdf;Brochure=files/holectron/holectron-inground-radius-brochure-2025.pdf
Inground Radius,,,,,,,,,,,,,,,,,,,,Inground Radius R2950 48V 4.8W/m,IngroundR F EOP H100 R2950 L0384 / FL112/Nx.48V G5 04W T927 / OR.T1x,Stainless Steel,images/inground-radius/inground-radius-r2950-stainless-steel.jpg,2700K,CRI>90,DALI | 1-10V | Phase Dim,IP67,IK10,,"Full segment · 2 end caps, 2 cables · opal cover · curve R2950mm, 7.5° · 384mm long · 48V DC, driver separate · FL112 (112 LEDs/m) 4.8W/m",1.8W,121lm,67lm/W,Diffused,Datasheet=images/inground-radius/datasheets/IngroundR_F_EOP_H100_R2950_L0384_FL112Nx48V_G5_04W_T927_ORT1x.pdf;Specification=images/inground-radius/datasheets/inground-radius-specification.pdf;Brochure=files/holectron/holectron-inground-radius-brochure-2025.pdf
Inground Radius,,,,,,,,,,,,,,,,,,,,Inground Radius R2950 48V 4.8W/m,IngroundR F EOP H100 R2950 L0384 / FL112/Nx.48V G5 04W T930 / OR.T1x,Stainless Steel,images/inground-radius/inground-radius-r2950-stainless-steel.jpg,3000K,CRI>90,DALI | 1-10V | Phase Dim,IP67,IK10,,"Full segment · 2 end caps, 2 cables · opal cover · curve R2950mm, 7.5° · 384mm long · 48V DC, driver separate · FL112 (112 LEDs/m) 4.8W/m",1.8W,127lm,71lm/W,Diffused,Datasheet=images/inground-radius/datasheets/IngroundR_F_EOP_H100_R2950_L0384_FL112Nx48V_G5_04W_T930_ORT1x.pdf;Specification=images/inground-radius/datasheets/inground-radius-specification.pdf;Brochure=files/holectron/holectron-inground-radius-brochure-2025.pdf
Inground Radius,,,,,,,,,,,,,,,,,,,,Inground Radius R2950 48V 4.8W/m,IngroundR F EOP H100 R2950 L0384 / FL112/Nx.48V G5 04W T940 / OR.T1x,Stainless Steel,images/inground-radius/inground-radius-r2950-stainless-steel.jpg,4000K,CRI>90,DALI | 1-10V | Phase Dim,IP67,IK10,,"Full segment · 2 end caps, 2 cables · opal cover · curve R2950mm, 7.5° · 384mm long · 48V DC, driver separate · FL112 (112 LEDs/m) 4.8W/m",1.8W,132lm,73lm/W,Diffused,Datasheet=images/inground-radius/datasheets/IngroundR_F_EOP_H100_R2950_L0384_FL112Nx48V_G5_04W_T940_ORT1x.pdf;Specification=images/inground-radius/datasheets/inground-radius-specification.pdf;Brochure=files/holectron/holectron-inground-radius-brochure-2025.pdf
Inground Radius,,,,,,,,,,,,,,,,,,,,Inground Radius R2950 48V 9.6W/m,IngroundR F EOP H100 R2950 L0384 / FL112/Nx.48V G5 09W 922 / OR.T1x,Stainless Steel,images/inground-radius/inground-radius-r2950-stainless-steel.jpg,2200K,CRI>90,DALI | 1-10V | Phase Dim,IP67,IK10,,"Full segment · 2 end caps, 2 cables · opal cover · curve R2950mm, 7.5° · 384mm long · 48V DC, driver separate · FL112 (112 LEDs/m) 9.6W/m",3.6W,157lm,44lm/W,Diffused,Datasheet=images/inground-radius/datasheets/IngroundR_F_EOP_H100_R2950_L0384_FL112Nx48V_G5_09W_922_ORT1x.pdf;Specification=images/inground-radius/datasheets/inground-radius-specification.pdf;Brochure=files/holectron/holectron-inground-radius-brochure-2025.pdf
Inground Radius,,,,,,,,,,,,,,,,,,,,Inground Radius R2950 48V 9.6W/m,IngroundR F EOP H100 R2950 L0384 / FL112/Nx.48V G5 09W T927 / OR.T1x,Stainless Steel,images/inground-radius/inground-radius-r2950-stainless-steel.jpg,2700K,CRI>90,DALI | 1-10V | Phase Dim,IP67,IK10,,"Full segment · 2 end caps, 2 cables · opal cover · curve R2950mm, 7.5° · 384mm long · 48V DC, driver separate · FL112 (112 LEDs/m) 9.6W/m",3.6W,240lm,67lm/W,Diffused,Datasheet=images/inground-radius/datasheets/IngroundR_F_EOP_H100_R2950_L0384_FL112Nx48V_G5_09W_T927_ORT1x.pdf;Specification=images/inground-radius/datasheets/inground-radius-specification.pdf;Brochure=files/holectron/holectron-inground-radius-brochure-2025.pdf
Inground Radius,,,,,,,,,,,,,,,,,,,,Inground Radius R2950 48V 9.6W/m,IngroundR F EOP H100 R2950 L0384 / FL112/Nx.48V G5 09W T930 / OR.T1x,Stainless Steel,images/inground-radius/inground-radius-r2950-stainless-steel.jpg,3000K,CRI>90,DALI | 1-10V | Phase Dim,IP67,IK10,,"Full segment · 2 end caps, 2 cables · opal cover · curve R2950mm, 7.5° · 384mm long · 48V DC, driver separate · FL112 (112 LEDs/m) 9.6W/m",3.6W,252lm,70lm/W,Diffused,Datasheet=images/inground-radius/datasheets/IngroundR_F_EOP_H100_R2950_L0384_FL112Nx48V_G5_09W_T930_ORT1x.pdf;Specification=images/inground-radius/datasheets/inground-radius-specification.pdf;Brochure=files/holectron/holectron-inground-radius-brochure-2025.pdf
Inground Radius,,,,,,,,,,,,,,,,,,,,Inground Radius R2950 48V 9.6W/m,IngroundR F EOP H100 R2950 L0384 / FL112/Nx.48V G5 09W T940 / OR.T1x,Stainless Steel,images/inground-radius/inground-radius-r2950-stainless-steel.jpg,4000K,CRI>90,DALI | 1-10V | Phase Dim,IP67,IK10,,"Full segment · 2 end caps, 2 cables · opal cover · curve R2950mm, 7.5° · 384mm long · 48V DC, driver separate · FL112 (112 LEDs/m) 9.6W/m",3.6W,262lm,73lm/W,Diffused,Datasheet=images/inground-radius/datasheets/IngroundR_F_EOP_H100_R2950_L0384_FL112Nx48V_G5_09W_T940_ORT1x.pdf;Specification=images/inground-radius/datasheets/inground-radius-specification.pdf;Brochure=files/holectron/holectron-inground-radius-brochure-2025.pdf
Inground Radius,,,,,,,,,,,,,,,,,,,,Inground Radius R6100 24V 2.4W/m,IngroundR F EOP H100 R6100 L0382 / FL56/Nx G5 02W 922 / OR.T1x,Stainless Steel,images/inground-radius/inground-radius-r6100-stainless-steel.jpg,2200K,CRI>90,DALI | 1-10V | Phase Dim,IP67,IK10,,"Full segment · 2 end caps, 2 cables · opal cover · curve R6100mm, 3.6° · 382mm long · 24V DC, driver separate · FL56 (56 LEDs/m) 2.4W/m",0.9W,40lm,44lm/W,Diffused,Datasheet=images/inground-radius/datasheets/IngroundR_F_EOP_H100_R6100_L0382_FL56Nx_G5_02W_922_ORT1x.pdf;Specification=images/inground-radius/datasheets/inground-radius-specification.pdf;Brochure=files/holectron/holectron-inground-radius-brochure-2025.pdf
Inground Radius,,,,,,,,,,,,,,,,,,,,Inground Radius R6100 24V 2.4W/m,IngroundR F EOP H100 R6100 L0382 / FL56/Nx G5 02W T927 / OR.T1x,Stainless Steel,images/inground-radius/inground-radius-r6100-stainless-steel.jpg,2700K,CRI>90,DALI | 1-10V | Phase Dim,IP67,IK10,,"Full segment · 2 end caps, 2 cables · opal cover · curve R6100mm, 3.6° · 382mm long · 24V DC, driver separate · FL56 (56 LEDs/m) 2.4W/m",0.9W,60lm,67lm/W,Diffused,Datasheet=images/inground-radius/datasheets/IngroundR_F_EOP_H100_R6100_L0382_FL56Nx_G5_02W_T927_ORT1x.pdf;Specification=images/inground-radius/datasheets/inground-radius-specification.pdf;Brochure=files/holectron/holectron-inground-radius-brochure-2025.pdf
Inground Radius,,,,,,,,,,,,,,,,,,,,Inground Radius R6100 24V 2.4W/m,IngroundR F EOP H100 R6100 L0382 / FL56/Nx G5 02W T930 / OR.T1x,Stainless Steel,images/inground-radius/inground-radius-r6100-stainless-steel.jpg,3000K,CRI>90,DALI | 1-10V | Phase Dim,IP67,IK10,,"Full segment · 2 end caps, 2 cables · opal cover · curve R6100mm, 3.6° · 382mm long · 24V DC, driver separate · FL56 (56 LEDs/m) 2.4W/m",0.9W,63lm,70lm/W,Diffused,Datasheet=images/inground-radius/datasheets/IngroundR_F_EOP_H100_R6100_L0382_FL56Nx_G5_02W_T930_ORT1x.pdf;Specification=images/inground-radius/datasheets/inground-radius-specification.pdf;Brochure=files/holectron/holectron-inground-radius-brochure-2025.pdf
Inground Radius,,,,,,,,,,,,,,,,,,,,Inground Radius R6100 24V 2.4W/m,IngroundR F EOP H100 R6100 L0382 / FL56/Nx G5 02W T940 / OR.T1x,Stainless Steel,images/inground-radius/inground-radius-r6100-stainless-steel.jpg,4000K,CRI>90,DALI | 1-10V | Phase Dim,IP67,IK10,,"Full segment · 2 end caps, 2 cables · opal cover · curve R6100mm, 3.6° · 382mm long · 24V DC, driver separate · FL56 (56 LEDs/m) 2.4W/m",0.9W,66lm,73lm/W,Diffused,Datasheet=images/inground-radius/datasheets/IngroundR_F_EOP_H100_R6100_L0382_FL56Nx_G5_02W_T940_ORT1x.pdf;Specification=images/inground-radius/datasheets/inground-radius-specification.pdf;Brochure=files/holectron/holectron-inground-radius-brochure-2025.pdf
Inground Radius,,,,,,,,,,,,,,,,,,,,Inground Radius R6100 24V 4.8W/m,IngroundR F EOP H100 R6100 L0382 / FL56/Nx G5 04W 922 / OR.T1x,Stainless Steel,images/inground-radius/inground-radius-r6100-stainless-steel.jpg,2200K,CRI>90,DALI | 1-10V | Phase Dim,IP67,IK10,,"Full segment · 2 end caps, 2 cables · opal cover · curve R6100mm, 3.6° · 382mm long · 24V DC, driver separate · FL56 (56 LEDs/m) 4.8W/m",1.8W,78lm,43lm/W,Diffused,Datasheet=images/inground-radius/datasheets/IngroundR_F_EOP_H100_R6100_L0382_FL56Nx_G5_04W_922_ORT1x.pdf;Specification=images/inground-radius/datasheets/inground-radius-specification.pdf;Brochure=files/holectron/holectron-inground-radius-brochure-2025.pdf
Inground Radius,,,,,,,,,,,,,,,,,,,,Inground Radius R6100 24V 4.8W/m,IngroundR F EOP H100 R6100 L0382 / FL56/Nx G5 04W T927 / OR.T1x,Stainless Steel,images/inground-radius/inground-radius-r6100-stainless-steel.jpg,2700K,CRI>90,DALI | 1-10V | Phase Dim,IP67,IK10,,"Full segment · 2 end caps, 2 cables · opal cover · curve R6100mm, 3.6° · 382mm long · 24V DC, driver separate · FL56 (56 LEDs/m) 4.8W/m",1.8W,120lm,67lm/W,Diffused,Datasheet=images/inground-radius/datasheets/IngroundR_F_EOP_H100_R6100_L0382_FL56Nx_G5_04W_T927_ORT1x.pdf;Specification=images/inground-radius/datasheets/inground-radius-specification.pdf;Brochure=files/holectron/holectron-inground-radius-brochure-2025.pdf
Inground Radius,,,,,,,,,,,,,,,,,,,,Inground Radius R6100 24V 4.8W/m,IngroundR F EOP H100 R6100 L0382 / FL56/Nx G5 04W T930 / OR.T1x,Stainless Steel,images/inground-radius/inground-radius-r6100-stainless-steel.jpg,3000K,CRI>90,DALI | 1-10V | Phase Dim,IP67,IK10,,"Full segment · 2 end caps, 2 cables · opal cover · curve R6100mm, 3.6° · 382mm long · 24V DC, driver separate · FL56 (56 LEDs/m) 4.8W/m",1.8W,126lm,70lm/W,Diffused,Datasheet=images/inground-radius/datasheets/IngroundR_F_EOP_H100_R6100_L0382_FL56Nx_G5_04W_T930_ORT1x.pdf;Specification=images/inground-radius/datasheets/inground-radius-specification.pdf;Brochure=files/holectron/holectron-inground-radius-brochure-2025.pdf
Inground Radius,,,,,,,,,,,,,,,,,,,,Inground Radius R6100 24V 4.8W/m,IngroundR F EOP H100 R6100 L0382 / FL56/Nx G5 04W T940 / OR.T1x,Stainless Steel,images/inground-radius/inground-radius-r6100-stainless-steel.jpg,4000K,CRI>90,DALI | 1-10V | Phase Dim,IP67,IK10,,"Full segment · 2 end caps, 2 cables · opal cover · curve R6100mm, 3.6° · 382mm long · 24V DC, driver separate · FL56 (56 LEDs/m) 4.8W/m",1.8W,131lm,73lm/W,Diffused,Datasheet=images/inground-radius/datasheets/IngroundR_F_EOP_H100_R6100_L0382_FL56Nx_G5_04W_T940_ORT1x.pdf;Specification=images/inground-radius/datasheets/inground-radius-specification.pdf;Brochure=files/holectron/holectron-inground-radius-brochure-2025.pdf
Inground Radius,,,,,,,,,,,,,,,,,,,,Inground Radius R6100 24V 9.6W/m,IngroundR F EOP H100 R6100 L0382 / FL56/Nx G5 09W 922 / OR.T1x,Stainless Steel,images/inground-radius/inground-radius-r6100-stainless-steel.jpg,2200K,CRI>90,DALI | 1-10V | Phase Dim,IP67,IK10,,"Full segment · 2 end caps, 2 cables · opal cover · curve R6100mm, 3.6° · 382mm long · 24V DC, driver separate · FL56 (56 LEDs/m) 9.6W/m",3.6W,153lm,43lm/W,Diffused,Datasheet=images/inground-radius/datasheets/IngroundR_F_EOP_H100_R6100_L0382_FL56Nx_G5_09W_922_ORT1x.pdf;Specification=images/inground-radius/datasheets/inground-radius-specification.pdf;Brochure=files/holectron/holectron-inground-radius-brochure-2025.pdf
Inground Radius,,,,,,,,,,,,,,,,,,,,Inground Radius R6100 24V 9.6W/m,IngroundR F EOP H100 R6100 L0382 / FL56/Nx G5 09W T927 / OR.T1x,Stainless Steel,images/inground-radius/inground-radius-r6100-stainless-steel.jpg,2700K,CRI>90,DALI | 1-10V | Phase Dim,IP67,IK10,,"Full segment · 2 end caps, 2 cables · opal cover · curve R6100mm, 3.6° · 382mm long · 24V DC, driver separate · FL56 (56 LEDs/m) 9.6W/m",3.6W,235lm,65lm/W,Diffused,Datasheet=images/inground-radius/datasheets/IngroundR_F_EOP_H100_R6100_L0382_FL56Nx_G5_09W_T927_ORT1x.pdf;Specification=images/inground-radius/datasheets/inground-radius-specification.pdf;Brochure=files/holectron/holectron-inground-radius-brochure-2025.pdf
Inground Radius,,,,,,,,,,,,,,,,,,,,Inground Radius R6100 24V 9.6W/m,IngroundR F EOP H100 R6100 L0382 / FL56/Nx G5 09W T930 / OR.T1x,Stainless Steel,images/inground-radius/inground-radius-r6100-stainless-steel.jpg,3000K,CRI>90,DALI | 1-10V | Phase Dim,IP67,IK10,,"Full segment · 2 end caps, 2 cables · opal cover · curve R6100mm, 3.6° · 382mm long · 24V DC, driver separate · FL56 (56 LEDs/m) 9.6W/m",3.6W,247lm,69lm/W,Diffused,Datasheet=images/inground-radius/datasheets/IngroundR_F_EOP_H100_R6100_L0382_FL56Nx_G5_09W_T930_ORT1x.pdf;Specification=images/inground-radius/datasheets/inground-radius-specification.pdf;Brochure=files/holectron/holectron-inground-radius-brochure-2025.pdf
Inground Radius,,,,,,,,,,,,,,,,,,,,Inground Radius R6100 24V 9.6W/m,IngroundR F EOP H100 R6100 L0382 / FL56/Nx G5 09W T940 / OR.T1x,Stainless Steel,images/inground-radius/inground-radius-r6100-stainless-steel.jpg,4000K,CRI>90,DALI | 1-10V | Phase Dim,IP67,IK10,,"Full segment · 2 end caps, 2 cables · opal cover · curve R6100mm, 3.6° · 382mm long · 24V DC, driver separate · FL56 (56 LEDs/m) 9.6W/m",3.6W,257lm,71lm/W,Diffused,Datasheet=images/inground-radius/datasheets/IngroundR_F_EOP_H100_R6100_L0382_FL56Nx_G5_09W_T940_ORT1x.pdf;Specification=images/inground-radius/datasheets/inground-radius-specification.pdf;Brochure=files/holectron/holectron-inground-radius-brochure-2025.pdf
Inground Radius,,,,,,,,,,,,,,,,,,,,Inground Radius R6100 48V 4.8W/m,IngroundR F EOP H100 R6100 L0382 / FL112/Nx.48V G5 04W 922 / OR.T1x,Stainless Steel,images/inground-radius/inground-radius-r6100-stainless-steel.jpg,2200K,CRI>90,DALI | 1-10V | Phase Dim,IP67,IK10,,"Full segment · 2 end caps, 2 cables · opal cover · curve R6100mm, 3.6° · 382mm long · 48V DC, driver separate · FL112 (112 LEDs/m) 4.8W/m",1.8W,80lm,44lm/W,Diffused,Datasheet=images/inground-radius/datasheets/IngroundR_F_EOP_H100_R6100_L0382_FL112Nx48V_G5_04W_922_ORT1x.pdf;Specification=images/inground-radius/datasheets/inground-radius-specification.pdf;Brochure=files/holectron/holectron-inground-radius-brochure-2025.pdf
Inground Radius,,,,,,,,,,,,,,,,,,,,Inground Radius R6100 48V 4.8W/m,IngroundR F EOP H100 R6100 L0382 / FL112/Nx.48V G5 04W T927 / OR.T1x,Stainless Steel,images/inground-radius/inground-radius-r6100-stainless-steel.jpg,2700K,CRI>90,DALI | 1-10V | Phase Dim,IP67,IK10,,"Full segment · 2 end caps, 2 cables · opal cover · curve R6100mm, 3.6° · 382mm long · 48V DC, driver separate · FL112 (112 LEDs/m) 4.8W/m",1.8W,121lm,67lm/W,Diffused,Datasheet=images/inground-radius/datasheets/IngroundR_F_EOP_H100_R6100_L0382_FL112Nx48V_G5_04W_T927_ORT1x.pdf;Specification=images/inground-radius/datasheets/inground-radius-specification.pdf;Brochure=files/holectron/holectron-inground-radius-brochure-2025.pdf
Inground Radius,,,,,,,,,,,,,,,,,,,,Inground Radius R6100 48V 4.8W/m,IngroundR F EOP H100 R6100 L0382 / FL112/Nx.48V G5 04W T930 / OR.T1x,Stainless Steel,images/inground-radius/inground-radius-r6100-stainless-steel.jpg,3000K,CRI>90,DALI | 1-10V | Phase Dim,IP67,IK10,,"Full segment · 2 end caps, 2 cables · opal cover · curve R6100mm, 3.6° · 382mm long · 48V DC, driver separate · FL112 (112 LEDs/m) 4.8W/m",1.8W,127lm,71lm/W,Diffused,Datasheet=images/inground-radius/datasheets/IngroundR_F_EOP_H100_R6100_L0382_FL112Nx48V_G5_04W_T930_ORT1x.pdf;Specification=images/inground-radius/datasheets/inground-radius-specification.pdf;Brochure=files/holectron/holectron-inground-radius-brochure-2025.pdf
Inground Radius,,,,,,,,,,,,,,,,,,,,Inground Radius R6100 48V 4.8W/m,IngroundR F EOP H100 R6100 L0382 / FL112/Nx.48V G5 04W T940 / OR.T1x,Stainless Steel,images/inground-radius/inground-radius-r6100-stainless-steel.jpg,4000K,CRI>90,DALI | 1-10V | Phase Dim,IP67,IK10,,"Full segment · 2 end caps, 2 cables · opal cover · curve R6100mm, 3.6° · 382mm long · 48V DC, driver separate · FL112 (112 LEDs/m) 4.8W/m",1.8W,132lm,73lm/W,Diffused,Datasheet=images/inground-radius/datasheets/IngroundR_F_EOP_H100_R6100_L0382_FL112Nx48V_G5_04W_T940_ORT1x.pdf;Specification=images/inground-radius/datasheets/inground-radius-specification.pdf;Brochure=files/holectron/holectron-inground-radius-brochure-2025.pdf
Inground Radius,,,,,,,,,,,,,,,,,,,,Inground Radius R6100 48V 9.6W/m,IngroundR F EOP H100 R6100 L0382 / FL112/Nx.48V G5 09W 922 / OR.T1x,Stainless Steel,images/inground-radius/inground-radius-r6100-stainless-steel.jpg,2200K,CRI>90,DALI | 1-10V | Phase Dim,IP67,IK10,,"Full segment · 2 end caps, 2 cables · opal cover · curve R6100mm, 3.6° · 382mm long · 48V DC, driver separate · FL112 (112 LEDs/m) 9.6W/m",3.6W,157lm,44lm/W,Diffused,Datasheet=images/inground-radius/datasheets/IngroundR_F_EOP_H100_R6100_L0382_FL112Nx48V_G5_09W_922_ORT1x.pdf;Specification=images/inground-radius/datasheets/inground-radius-specification.pdf;Brochure=files/holectron/holectron-inground-radius-brochure-2025.pdf
Inground Radius,,,,,,,,,,,,,,,,,,,,Inground Radius R6100 48V 9.6W/m,IngroundR F EOP H100 R6100 L0382 / FL112/Nx.48V G5 09W T927 / OR.T1x,Stainless Steel,images/inground-radius/inground-radius-r6100-stainless-steel.jpg,2700K,CRI>90,DALI | 1-10V | Phase Dim,IP67,IK10,,"Full segment · 2 end caps, 2 cables · opal cover · curve R6100mm, 3.6° · 382mm long · 48V DC, driver separate · FL112 (112 LEDs/m) 9.6W/m",3.6W,240lm,67lm/W,Diffused,Datasheet=images/inground-radius/datasheets/IngroundR_F_EOP_H100_R6100_L0382_FL112Nx48V_G5_09W_T927_ORT1x.pdf;Specification=images/inground-radius/datasheets/inground-radius-specification.pdf;Brochure=files/holectron/holectron-inground-radius-brochure-2025.pdf
Inground Radius,,,,,,,,,,,,,,,,,,,,Inground Radius R6100 48V 9.6W/m,IngroundR F EOP H100 R6100 L0382 / FL112/Nx.48V G5 09W T930 / OR.T1x,Stainless Steel,images/inground-radius/inground-radius-r6100-stainless-steel.jpg,3000K,CRI>90,DALI | 1-10V | Phase Dim,IP67,IK10,,"Full segment · 2 end caps, 2 cables · opal cover · curve R6100mm, 3.6° · 382mm long · 48V DC, driver separate · FL112 (112 LEDs/m) 9.6W/m",3.6W,252lm,70lm/W,Diffused,Datasheet=images/inground-radius/datasheets/IngroundR_F_EOP_H100_R6100_L0382_FL112Nx48V_G5_09W_T930_ORT1x.pdf;Specification=images/inground-radius/datasheets/inground-radius-specification.pdf;Brochure=files/holectron/holectron-inground-radius-brochure-2025.pdf
Inground Radius,,,,,,,,,,,,,,,,,,,,Inground Radius R6100 48V 9.6W/m,IngroundR F EOP H100 R6100 L0382 / FL112/Nx.48V G5 09W T940 / OR.T1x,Stainless Steel,images/inground-radius/inground-radius-r6100-stainless-steel.jpg,4000K,CRI>90,DALI | 1-10V | Phase Dim,IP67,IK10,,"Full segment · 2 end caps, 2 cables · opal cover · curve R6100mm, 3.6° · 382mm long · 48V DC, driver separate · FL112 (112 LEDs/m) 9.6W/m",3.6W,262lm,73lm/W,Diffused,Datasheet=images/inground-radius/datasheets/IngroundR_F_EOP_H100_R6100_L0382_FL112Nx48V_G5_09W_T940_ORT1x.pdf;Specification=images/inground-radius/datasheets/inground-radius-specification.pdf;Brochure=files/holectron/holectron-inground-radius-brochure-2025.pdf
Inground Radius RGB,Holectron,Exterior,Inground Linear,Colour-changing lines of light set into the ground.,"Inground Radius RGB brings full-colour light to the same walk-over and drive-over profile as the white range. Straight and curved pieces, from a tight 272mm radius to a gentle 6.1m sweep, let a coloured line trace paths, steps and planting edges. Two output levels suit accent and feature lighting.","In-ground linear luminaire, RGB. Marine-grade 316L stainless steel housing. Opal encapsulated cover. IP67. IK10. Drive-over up to 5000kg. 3-step MacAdam. L90B10 60000h. 24V DC RGB48 strip: 7.2 | 11.5W/m. Driver and RGB controller sold separately. Operating temperature -25°C to +50°C. Straight and curved segments: individual, full, start, middle and end pieces for continuous lines.",RGB,,Dimmable,IP67,IK10,Stainless Steel,inground,,images/inground-radius-rgb/inground-radius-rgb-thumb.jpg;images/inground-radius/inground-radius-dimensions-l505.png;images/inground-radius/inground-radius-dimensions-l1005.png;images/inground-radius/inground-radius-dimensions-r272.png;images/inground-radius/inground-radius-dimensions-r515.png;images/inground-radius/inground-radius-dimensions-r1000.png;images/inground-radius/inground-radius-dimensions-r1975.png;images/inground-radius/inground-radius-dimensions-r2950.png;images/inground-radius/inground-radius-dimensions-r6100.png,images/inground-radius-rgb/inground-radius-rgb-banner-01.jpg;images/inground-radius-rgb/inground-radius-rgb-banner-02.jpg,,images/inground-radius/inground-radius-dimensions-l505.png,L505 505×73×102mm · L1005 1005×73×102mm · R272 404×73×102mm (90° arc) · R515 393×73×102mm (45° arc) · R1000 387×73×102mm (22.5° arc) · R1975 385×73×102mm (11.3° arc) · R2950 384×73×102mm (7.5° arc) · R6100 382×73×102mm (3.6° arc),Inground Radius RGB L505 7.2W/m,IngroundR I EOP H100 R0000 L0505 / RGB48/Nx G5 07W RGB_RGB_ / OR.T1x,Stainless Steel,images/inground-radius-rgb/inground-radius-rgb-l505-stainless-steel.jpg,RGB,,Dimmable,IP67,IK10,,"Individual segment · 2 end caps, 1 cable · opal cover · straight · 505mm long · 24V DC, driver separate · RGB48 strip 7.2W/m · R 15 · G 48 · B 10 lm",3.6W,73lm,20lm/W,Diffused,Datasheet=images/inground-radius-rgb/datasheets/IngroundR_I_EOP_H100_R0000_L0505_RGB48Nx_G5_07W_RGB_RGB__ORT1x.pdf;Specification=images/inground-radius/datasheets/inground-radius-specification.pdf;Brochure=files/holectron/holectron-inground-radius-brochure-2025.pdf
Inground Radius RGB,,,,,,,,,,,,,,,,,,,,Inground Radius RGB L505 11.5W/m,IngroundR I EOP H100 R0000 L0505 / RGB48/Nx G5 11W RGB_RGB_ / OR.T1x,Stainless Steel,images/inground-radius-rgb/inground-radius-rgb-l505-stainless-steel.jpg,RGB,,Dimmable,IP67,IK10,,"Individual segment · 2 end caps, 1 cable · opal cover · straight · 505mm long · 24V DC, driver separate · RGB48 strip 11.5W/m · R 24 · G 71 · B 16 lm",5.75W,110lm,19lm/W,Diffused,Datasheet=images/inground-radius-rgb/datasheets/IngroundR_I_EOP_H100_R0000_L0505_RGB48Nx_G5_11W_RGB_RGB__ORT1x.pdf;Specification=images/inground-radius/datasheets/inground-radius-specification.pdf;Brochure=files/holectron/holectron-inground-radius-brochure-2025.pdf
Inground Radius RGB,,,,,,,,,,,,,,,,,,,,Inground Radius RGB L1005 7.2W/m,IngroundR I EOP H100 R0000 L1005 / RGB48/Nx G5 07W RGB_RGB_ / OR.T1x,Stainless Steel,images/inground-radius-rgb/inground-radius-rgb-l1005-stainless-steel.jpg,RGB,,Dimmable,IP67,IK10,,"Individual segment · 2 end caps, 1 cable · opal cover · straight · 1005mm long · 24V DC, driver separate · RGB48 strip 7.2W/m · R 30 · G 96 · B 20 lm",7.2W,145lm,20lm/W,Diffused,Datasheet=images/inground-radius-rgb/datasheets/IngroundR_I_EOP_H100_R0000_L1005_RGB48Nx_G5_07W_RGB_RGB__ORT1x.pdf;Specification=images/inground-radius/datasheets/inground-radius-specification.pdf;Brochure=files/holectron/holectron-inground-radius-brochure-2025.pdf
Inground Radius RGB,,,,,,,,,,,,,,,,,,,,Inground Radius RGB L1005 11.5W/m,IngroundR I EOP H100 R0000 L1005 / RGB48/Nx G5 11W RGB_RGB_ / OR.T1x,Stainless Steel,images/inground-radius-rgb/inground-radius-rgb-l1005-stainless-steel.jpg,RGB,,Dimmable,IP67,IK10,,"Individual segment · 2 end caps, 1 cable · opal cover · straight · 1005mm long · 24V DC, driver separate · RGB48 strip 11.5W/m · R 48 · G 141 · B 32 lm",11.5W,221lm,19lm/W,Diffused,Datasheet=images/inground-radius-rgb/datasheets/IngroundR_I_EOP_H100_R0000_L1005_RGB48Nx_G5_11W_RGB_RGB__ORT1x.pdf;Specification=images/inground-radius/datasheets/inground-radius-specification.pdf;Brochure=files/holectron/holectron-inground-radius-brochure-2025.pdf
Inground Radius RGB,,,,,,,,,,,,,,,,,,,,Inground Radius RGB R272 7.2W/m,IngroundR I EOP H100 R0272 L0404 / RGB48/Nx G5 07W RGB_RGB_ / OR.T1x,Stainless Steel,images/inground-radius-rgb/inground-radius-rgb-r272-stainless-steel.jpg,RGB,,Dimmable,IP67,IK10,,"Individual segment · 2 end caps, 1 cable · opal cover · curve R272mm, 90° · 404mm long · 24V DC, driver separate · RGB48 strip 7.2W/m · R 11 · G 36 · B 7 lm",2.7W,55lm,20lm/W,Diffused,Datasheet=images/inground-radius-rgb/datasheets/IngroundR_I_EOP_H100_R0272_L0404_RGB48Nx_G5_07W_RGB_RGB__ORT1x.pdf;Specification=images/inground-radius/datasheets/inground-radius-specification.pdf;Brochure=files/holectron/holectron-inground-radius-brochure-2025.pdf
Inground Radius RGB,,,,,,,,,,,,,,,,,,,,Inground Radius RGB R272 11.5W/m,IngroundR I EOP H100 R0272 L0404 / RGB48/Nx G5 11W RGB_RGB_ / OR.T1x,Stainless Steel,images/inground-radius-rgb/inground-radius-rgb-r272-stainless-steel.jpg,RGB,,Dimmable,IP67,IK10,,"Individual segment · 2 end caps, 1 cable · opal cover · curve R272mm, 90° · 404mm long · 24V DC, driver separate · RGB48 strip 11.5W/m · R 18 · G 53 · B 12 lm",4.3125W,83lm,19lm/W,Diffused,Datasheet=images/inground-radius-rgb/datasheets/IngroundR_I_EOP_H100_R0272_L0404_RGB48Nx_G5_11W_RGB_RGB__ORT1x.pdf;Specification=images/inground-radius/datasheets/inground-radius-specification.pdf;Brochure=files/holectron/holectron-inground-radius-brochure-2025.pdf
Inground Radius RGB,,,,,,,,,,,,,,,,,,,,Inground Radius RGB R515 7.2W/m,IngroundR I EOP H100 R0515 L0393 / RGB48/Nx G5 07W RGB_RGB_ / OR.T1x,Stainless Steel,images/inground-radius-rgb/inground-radius-rgb-r515-stainless-steel.jpg,RGB,,Dimmable,IP67,IK10,,"Individual segment · 2 end caps, 1 cable · opal cover · curve R515mm, 45° · 393mm long · 24V DC, driver separate · RGB48 strip 7.2W/m · R 11 · G 36 · B 7 lm",2.7W,55lm,20lm/W,Diffused,Datasheet=images/inground-radius-rgb/datasheets/IngroundR_I_EOP_H100_R0515_L0393_RGB48Nx_G5_07W_RGB_RGB__ORT1x.pdf;Specification=images/inground-radius/datasheets/inground-radius-specification.pdf;Brochure=files/holectron/holectron-inground-radius-brochure-2025.pdf
Inground Radius RGB,,,,,,,,,,,,,,,,,,,,Inground Radius RGB R515 11.5W/m,IngroundR I EOP H100 R0515 L0393 / RGB48/Nx G5 11W RGB_RGB_ / OR.T1x,Stainless Steel,images/inground-radius-rgb/inground-radius-rgb-r515-stainless-steel.jpg,RGB,,Dimmable,IP67,IK10,,"Individual segment · 2 end caps, 1 cable · opal cover · curve R515mm, 45° · 393mm long · 24V DC, driver separate · RGB48 strip 11.5W/m · R 18 · G 53 · B 12 lm",4.3125W,83lm,19lm/W,Diffused,Datasheet=images/inground-radius-rgb/datasheets/IngroundR_I_EOP_H100_R0515_L0393_RGB48Nx_G5_11W_RGB_RGB__ORT1x.pdf;Specification=images/inground-radius/datasheets/inground-radius-specification.pdf;Brochure=files/holectron/holectron-inground-radius-brochure-2025.pdf
Inground Radius RGB,,,,,,,,,,,,,,,,,,,,Inground Radius RGB R1000 7.2W/m,IngroundR I EOP H100 R1000 L0387 / RGB48/Nx G5 07W RGB_RGB_ / OR.T1x,Stainless Steel,images/inground-radius-rgb/inground-radius-rgb-r1000-stainless-steel.jpg,RGB,,Dimmable,IP67,IK10,,"Individual segment · 2 end caps, 1 cable · opal cover · curve R1000mm, 22.5° · 387mm long · 24V DC, driver separate · RGB48 strip 7.2W/m · R 11 · G 36 · B 7 lm",2.7W,55lm,20lm/W,Diffused,Datasheet=images/inground-radius-rgb/datasheets/IngroundR_I_EOP_H100_R1000_L0387_RGB48Nx_G5_07W_RGB_RGB__ORT1x.pdf;Specification=images/inground-radius/datasheets/inground-radius-specification.pdf;Brochure=files/holectron/holectron-inground-radius-brochure-2025.pdf
Inground Radius RGB,,,,,,,,,,,,,,,,,,,,Inground Radius RGB R1000 11.5W/m,IngroundR I EOP H100 R1000 L0387 / RGB48/Nx G5 11W RGB_RGB_ / OR.T1x,Stainless Steel,images/inground-radius-rgb/inground-radius-rgb-r1000-stainless-steel.jpg,RGB,,Dimmable,IP67,IK10,,"Individual segment · 2 end caps, 1 cable · opal cover · curve R1000mm, 22.5° · 387mm long · 24V DC, driver separate · RGB48 strip 11.5W/m · R 18 · G 53 · B 12 lm",4.3125W,83lm,19lm/W,Diffused,Datasheet=images/inground-radius-rgb/datasheets/IngroundR_I_EOP_H100_R1000_L0387_RGB48Nx_G5_11W_RGB_RGB__ORT1x.pdf;Specification=images/inground-radius/datasheets/inground-radius-specification.pdf;Brochure=files/holectron/holectron-inground-radius-brochure-2025.pdf
Inground Radius RGB,,,,,,,,,,,,,,,,,,,,Inground Radius RGB R1975 7.2W/m,IngroundR I EOP H100 R1975 L0385 / RGB48/Nx G5 07W RGB_RGB_ / OR.T1x,Stainless Steel,images/inground-radius-rgb/inground-radius-rgb-r1975-stainless-steel.jpg,RGB,,Dimmable,IP67,IK10,,"Individual segment · 2 end caps, 1 cable · opal cover · curve R1975mm, 11.3° · 385mm long · 24V DC, driver separate · RGB48 strip 7.2W/m · R 11 · G 36 · B 7 lm",2.7W,55lm,20lm/W,Diffused,Datasheet=images/inground-radius-rgb/datasheets/IngroundR_I_EOP_H100_R1975_L0385_RGB48Nx_G5_07W_RGB_RGB__ORT1x.pdf;Specification=images/inground-radius/datasheets/inground-radius-specification.pdf;Brochure=files/holectron/holectron-inground-radius-brochure-2025.pdf
Inground Radius RGB,,,,,,,,,,,,,,,,,,,,Inground Radius RGB R1975 11.5W/m,IngroundR I EOP H100 R1975 L0385 / RGB48/Nx G5 11W RGB_RGB_ / OR.T1x,Stainless Steel,images/inground-radius-rgb/inground-radius-rgb-r1975-stainless-steel.jpg,RGB,,Dimmable,IP67,IK10,,"Individual segment · 2 end caps, 1 cable · opal cover · curve R1975mm, 11.3° · 385mm long · 24V DC, driver separate · RGB48 strip 11.5W/m · R 18 · G 53 · B 12 lm",4.3125W,83lm,19lm/W,Diffused,Datasheet=images/inground-radius-rgb/datasheets/IngroundR_I_EOP_H100_R1975_L0385_RGB48Nx_G5_11W_RGB_RGB__ORT1x.pdf;Specification=images/inground-radius/datasheets/inground-radius-specification.pdf;Brochure=files/holectron/holectron-inground-radius-brochure-2025.pdf
Inground Radius RGB,,,,,,,,,,,,,,,,,,,,Inground Radius RGB R2950 7.2W/m,IngroundR I EOP H100 R2950 L0384 / RGB48/Nx G5 07W RGB_RGB_ / OR.T1x,Stainless Steel,images/inground-radius-rgb/inground-radius-rgb-r2950-stainless-steel.jpg,RGB,,Dimmable,IP67,IK10,,"Individual segment · 2 end caps, 1 cable · opal cover · curve R2950mm, 7.5° · 384mm long · 24V DC, driver separate · RGB48 strip 7.2W/m · R 11 · G 36 · B 7 lm",2.7W,55lm,20lm/W,Diffused,Datasheet=images/inground-radius-rgb/datasheets/IngroundR_I_EOP_H100_R2950_L0384_RGB48Nx_G5_07W_RGB_RGB__ORT1x.pdf;Specification=images/inground-radius/datasheets/inground-radius-specification.pdf;Brochure=files/holectron/holectron-inground-radius-brochure-2025.pdf
Inground Radius RGB,,,,,,,,,,,,,,,,,,,,Inground Radius RGB R2950 11.5W/m,IngroundR I EOP H100 R2950 L0384 / RGB48/Nx G5 11W RGB_RGB_ / OR.T1x,Stainless Steel,images/inground-radius-rgb/inground-radius-rgb-r2950-stainless-steel.jpg,RGB,,Dimmable,IP67,IK10,,"Individual segment · 2 end caps, 1 cable · opal cover · curve R2950mm, 7.5° · 384mm long · 24V DC, driver separate · RGB48 strip 11.5W/m · R 18 · G 53 · B 12 lm",4.3125W,83lm,19lm/W,Diffused,Datasheet=images/inground-radius-rgb/datasheets/IngroundR_I_EOP_H100_R2950_L0384_RGB48Nx_G5_11W_RGB_RGB__ORT1x.pdf;Specification=images/inground-radius/datasheets/inground-radius-specification.pdf;Brochure=files/holectron/holectron-inground-radius-brochure-2025.pdf
Inground Radius RGB,,,,,,,,,,,,,,,,,,,,Inground Radius RGB R6100 7.2W/m,IngroundR I EOP H100 R6100 L0382 / RGB48/Nx G5 07W RGB_RGB_ / OR.T1x,Stainless Steel,images/inground-radius-rgb/inground-radius-rgb-r6100-stainless-steel.jpg,RGB,,Dimmable,IP67,IK10,,"Individual segment · 2 end caps, 1 cable · opal cover · curve R6100mm, 3.6° · 382mm long · 24V DC, driver separate · RGB48 strip 7.2W/m · R 11 · G 36 · B 7 lm",2.7W,55lm,20lm/W,Diffused,Datasheet=images/inground-radius-rgb/datasheets/IngroundR_I_EOP_H100_R6100_L0382_RGB48Nx_G5_07W_RGB_RGB__ORT1x.pdf;Specification=images/inground-radius/datasheets/inground-radius-specification.pdf;Brochure=files/holectron/holectron-inground-radius-brochure-2025.pdf
Inground Radius RGB,,,,,,,,,,,,,,,,,,,,Inground Radius RGB R6100 11.5W/m,IngroundR I EOP H100 R6100 L0382 / RGB48/Nx G5 11W RGB_RGB_ / OR.T1x,Stainless Steel,images/inground-radius-rgb/inground-radius-rgb-r6100-stainless-steel.jpg,RGB,,Dimmable,IP67,IK10,,"Individual segment · 2 end caps, 1 cable · opal cover · curve R6100mm, 3.6° · 382mm long · 24V DC, driver separate · RGB48 strip 11.5W/m · R 18 · G 53 · B 12 lm",4.3125W,83lm,19lm/W,Diffused,Datasheet=images/inground-radius-rgb/datasheets/IngroundR_I_EOP_H100_R6100_L0382_RGB48Nx_G5_11W_RGB_RGB__ORT1x.pdf;Specification=images/inground-radius/datasheets/inground-radius-specification.pdf;Brochure=files/holectron/holectron-inground-radius-brochure-2025.pdf
Inground Radius RGB,,,,,,,,,,,,,,,,,,,,Inground Radius RGB L505 7.2W/m,IngroundR S EOP H100 R0000 L0505 / RGB48/Nx G5 07W RGB_RGB_ / OR.T1x,Stainless Steel,images/inground-radius-rgb/inground-radius-rgb-l505-stainless-steel.jpg,RGB,,Dimmable,IP67,IK10,,"Start segment · end cap at start, 2 cables · opal cover · straight · 505mm long · 24V DC, driver separate · RGB48 strip 7.2W/m · R 15 · G 48 · B 10 lm",3.6W,73lm,20lm/W,Diffused,Datasheet=images/inground-radius-rgb/datasheets/IngroundR_S_EOP_H100_R0000_L0505_RGB48Nx_G5_07W_RGB_RGB__ORT1x.pdf;Specification=images/inground-radius/datasheets/inground-radius-specification.pdf;Brochure=files/holectron/holectron-inground-radius-brochure-2025.pdf
Inground Radius RGB,,,,,,,,,,,,,,,,,,,,Inground Radius RGB L505 11.5W/m,IngroundR S EOP H100 R0000 L0505 / RGB48/Nx G5 11W RGB_RGB_ / OR.T1x,Stainless Steel,images/inground-radius-rgb/inground-radius-rgb-l505-stainless-steel.jpg,RGB,,Dimmable,IP67,IK10,,"Start segment · end cap at start, 2 cables · opal cover · straight · 505mm long · 24V DC, driver separate · RGB48 strip 11.5W/m · R 24 · G 71 · B 16 lm",5.75W,110lm,19lm/W,Diffused,Datasheet=images/inground-radius-rgb/datasheets/IngroundR_S_EOP_H100_R0000_L0505_RGB48Nx_G5_11W_RGB_RGB__ORT1x.pdf;Specification=images/inground-radius/datasheets/inground-radius-specification.pdf;Brochure=files/holectron/holectron-inground-radius-brochure-2025.pdf
Inground Radius RGB,,,,,,,,,,,,,,,,,,,,Inground Radius RGB L1005 7.2W/m,IngroundR S EOP H100 R0000 L1005 / RGB48/Nx G5 07W RGB_RGB_ / OR.T1x,Stainless Steel,images/inground-radius-rgb/inground-radius-rgb-l1005-stainless-steel.jpg,RGB,,Dimmable,IP67,IK10,,"Start segment · end cap at start, 2 cables · opal cover · straight · 1005mm long · 24V DC, driver separate · RGB48 strip 7.2W/m · R 30 · G 96 · B 20 lm",7.2W,145lm,20lm/W,Diffused,Datasheet=images/inground-radius-rgb/datasheets/IngroundR_S_EOP_H100_R0000_L1005_RGB48Nx_G5_07W_RGB_RGB__ORT1x.pdf;Specification=images/inground-radius/datasheets/inground-radius-specification.pdf;Brochure=files/holectron/holectron-inground-radius-brochure-2025.pdf
Inground Radius RGB,,,,,,,,,,,,,,,,,,,,Inground Radius RGB L1005 11.5W/m,IngroundR S EOP H100 R0000 L1005 / RGB48/Nx G5 11W RGB_RGB_ / OR.T1x,Stainless Steel,images/inground-radius-rgb/inground-radius-rgb-l1005-stainless-steel.jpg,RGB,,Dimmable,IP67,IK10,,"Start segment · end cap at start, 2 cables · opal cover · straight · 1005mm long · 24V DC, driver separate · RGB48 strip 11.5W/m · R 48 · G 141 · B 32 lm",11.5W,221lm,19lm/W,Diffused,Datasheet=images/inground-radius-rgb/datasheets/IngroundR_S_EOP_H100_R0000_L1005_RGB48Nx_G5_11W_RGB_RGB__ORT1x.pdf;Specification=images/inground-radius/datasheets/inground-radius-specification.pdf;Brochure=files/holectron/holectron-inground-radius-brochure-2025.pdf
Inground Radius RGB,,,,,,,,,,,,,,,,,,,,Inground Radius RGB R272 7.2W/m,IngroundR S EOP H100 R0272 L0404 / RGB48/Nx G5 07W RGB_RGB_ / OR.T1x,Stainless Steel,images/inground-radius-rgb/inground-radius-rgb-r272-stainless-steel.jpg,RGB,,Dimmable,IP67,IK10,,"Start segment · end cap at start, 2 cables · opal cover · curve R272mm, 90° · 404mm long · 24V DC, driver separate · RGB48 strip 7.2W/m · R 11 · G 36 · B 7 lm",2.7W,55lm,20lm/W,Diffused,Datasheet=images/inground-radius-rgb/datasheets/IngroundR_S_EOP_H100_R0272_L0404_RGB48Nx_G5_07W_RGB_RGB__ORT1x.pdf;Specification=images/inground-radius/datasheets/inground-radius-specification.pdf;Brochure=files/holectron/holectron-inground-radius-brochure-2025.pdf
Inground Radius RGB,,,,,,,,,,,,,,,,,,,,Inground Radius RGB R272 11.5W/m,IngroundR S EOP H100 R0272 L0404 / RGB48/Nx G5 11W RGB_RGB_ / OR.T1x,Stainless Steel,images/inground-radius-rgb/inground-radius-rgb-r272-stainless-steel.jpg,RGB,,Dimmable,IP67,IK10,,"Start segment · end cap at start, 2 cables · opal cover · curve R272mm, 90° · 404mm long · 24V DC, driver separate · RGB48 strip 11.5W/m · R 18 · G 53 · B 12 lm",4.3125W,83lm,19lm/W,Diffused,Datasheet=images/inground-radius-rgb/datasheets/IngroundR_S_EOP_H100_R0272_L0404_RGB48Nx_G5_11W_RGB_RGB__ORT1x.pdf;Specification=images/inground-radius/datasheets/inground-radius-specification.pdf;Brochure=files/holectron/holectron-inground-radius-brochure-2025.pdf
Inground Radius RGB,,,,,,,,,,,,,,,,,,,,Inground Radius RGB R515 7.2W/m,IngroundR S EOP H100 R0515 L0393 / RGB48/Nx G5 07W RGB_RGB_ / OR.T1x,Stainless Steel,images/inground-radius-rgb/inground-radius-rgb-r515-stainless-steel.jpg,RGB,,Dimmable,IP67,IK10,,"Start segment · end cap at start, 2 cables · opal cover · curve R515mm, 45° · 393mm long · 24V DC, driver separate · RGB48 strip 7.2W/m · R 11 · G 36 · B 7 lm",2.7W,55lm,20lm/W,Diffused,Datasheet=images/inground-radius-rgb/datasheets/IngroundR_S_EOP_H100_R0515_L0393_RGB48Nx_G5_07W_RGB_RGB__ORT1x.pdf;Specification=images/inground-radius/datasheets/inground-radius-specification.pdf;Brochure=files/holectron/holectron-inground-radius-brochure-2025.pdf
Inground Radius RGB,,,,,,,,,,,,,,,,,,,,Inground Radius RGB R515 11.5W/m,IngroundR S EOP H100 R0515 L0393 / RGB48/Nx G5 11W RGB_RGB_ / OR.T1x,Stainless Steel,images/inground-radius-rgb/inground-radius-rgb-r515-stainless-steel.jpg,RGB,,Dimmable,IP67,IK10,,"Start segment · end cap at start, 2 cables · opal cover · curve R515mm, 45° · 393mm long · 24V DC, driver separate · RGB48 strip 11.5W/m · R 18 · G 53 · B 12 lm",4.3125W,83lm,19lm/W,Diffused,Datasheet=images/inground-radius-rgb/datasheets/IngroundR_S_EOP_H100_R0515_L0393_RGB48Nx_G5_11W_RGB_RGB__ORT1x.pdf;Specification=images/inground-radius/datasheets/inground-radius-specification.pdf;Brochure=files/holectron/holectron-inground-radius-brochure-2025.pdf
Inground Radius RGB,,,,,,,,,,,,,,,,,,,,Inground Radius RGB R1000 7.2W/m,IngroundR S EOP H100 R1000 L0387 / RGB48/Nx G5 07W RGB_RGB_ / OR.T1x,Stainless Steel,images/inground-radius-rgb/inground-radius-rgb-r1000-stainless-steel.jpg,RGB,,Dimmable,IP67,IK10,,"Start segment · end cap at start, 2 cables · opal cover · curve R1000mm, 22.5° · 387mm long · 24V DC, driver separate · RGB48 strip 7.2W/m · R 11 · G 36 · B 7 lm",2.7W,55lm,20lm/W,Diffused,Datasheet=images/inground-radius-rgb/datasheets/IngroundR_S_EOP_H100_R1000_L0387_RGB48Nx_G5_07W_RGB_RGB__ORT1x.pdf;Specification=images/inground-radius/datasheets/inground-radius-specification.pdf;Brochure=files/holectron/holectron-inground-radius-brochure-2025.pdf
Inground Radius RGB,,,,,,,,,,,,,,,,,,,,Inground Radius RGB R1000 11.5W/m,IngroundR S EOP H100 R1000 L0387 / RGB48/Nx G5 11W RGB_RGB_ / OR.T1x,Stainless Steel,images/inground-radius-rgb/inground-radius-rgb-r1000-stainless-steel.jpg,RGB,,Dimmable,IP67,IK10,,"Start segment · end cap at start, 2 cables · opal cover · curve R1000mm, 22.5° · 387mm long · 24V DC, driver separate · RGB48 strip 11.5W/m · R 18 · G 53 · B 12 lm",4.3125W,83lm,19lm/W,Diffused,Datasheet=images/inground-radius-rgb/datasheets/IngroundR_S_EOP_H100_R1000_L0387_RGB48Nx_G5_11W_RGB_RGB__ORT1x.pdf;Specification=images/inground-radius/datasheets/inground-radius-specification.pdf;Brochure=files/holectron/holectron-inground-radius-brochure-2025.pdf
Inground Radius RGB,,,,,,,,,,,,,,,,,,,,Inground Radius RGB R1975 7.2W/m,IngroundR S EOP H100 R1975 L0385 / RGB48/Nx G5 07W RGB_RGB_ / OR.T1x,Stainless Steel,images/inground-radius-rgb/inground-radius-rgb-r1975-stainless-steel.jpg,RGB,,Dimmable,IP67,IK10,,"Start segment · end cap at start, 2 cables · opal cover · curve R1975mm, 11.3° · 385mm long · 24V DC, driver separate · RGB48 strip 7.2W/m · R 11 · G 36 · B 7 lm",2.7W,55lm,20lm/W,Diffused,Datasheet=images/inground-radius-rgb/datasheets/IngroundR_S_EOP_H100_R1975_L0385_RGB48Nx_G5_07W_RGB_RGB__ORT1x.pdf;Specification=images/inground-radius/datasheets/inground-radius-specification.pdf;Brochure=files/holectron/holectron-inground-radius-brochure-2025.pdf
Inground Radius RGB,,,,,,,,,,,,,,,,,,,,Inground Radius RGB R1975 11.5W/m,IngroundR S EOP H100 R1975 L0385 / RGB48/Nx G5 11W RGB_RGB_ / OR.T1x,Stainless Steel,images/inground-radius-rgb/inground-radius-rgb-r1975-stainless-steel.jpg,RGB,,Dimmable,IP67,IK10,,"Start segment · end cap at start, 2 cables · opal cover · curve R1975mm, 11.3° · 385mm long · 24V DC, driver separate · RGB48 strip 11.5W/m · R 18 · G 53 · B 12 lm",4.3125W,83lm,19lm/W,Diffused,Datasheet=images/inground-radius-rgb/datasheets/IngroundR_S_EOP_H100_R1975_L0385_RGB48Nx_G5_11W_RGB_RGB__ORT1x.pdf;Specification=images/inground-radius/datasheets/inground-radius-specification.pdf;Brochure=files/holectron/holectron-inground-radius-brochure-2025.pdf
Inground Radius RGB,,,,,,,,,,,,,,,,,,,,Inground Radius RGB R2950 7.2W/m,IngroundR S EOP H100 R2950 L0384 / RGB48/Nx G5 07W RGB_RGB_ / OR.T1x,Stainless Steel,images/inground-radius-rgb/inground-radius-rgb-r2950-stainless-steel.jpg,RGB,,Dimmable,IP67,IK10,,"Start segment · end cap at start, 2 cables · opal cover · curve R2950mm, 7.5° · 384mm long · 24V DC, driver separate · RGB48 strip 7.2W/m · R 11 · G 36 · B 7 lm",2.7W,55lm,20lm/W,Diffused,Datasheet=images/inground-radius-rgb/datasheets/IngroundR_S_EOP_H100_R2950_L0384_RGB48Nx_G5_07W_RGB_RGB__ORT1x.pdf;Specification=images/inground-radius/datasheets/inground-radius-specification.pdf;Brochure=files/holectron/holectron-inground-radius-brochure-2025.pdf
Inground Radius RGB,,,,,,,,,,,,,,,,,,,,Inground Radius RGB R2950 11.5W/m,IngroundR S EOP H100 R2950 L0384 / RGB48/Nx G5 11W RGB_RGB_ / OR.T1x,Stainless Steel,images/inground-radius-rgb/inground-radius-rgb-r2950-stainless-steel.jpg,RGB,,Dimmable,IP67,IK10,,"Start segment · end cap at start, 2 cables · opal cover · curve R2950mm, 7.5° · 384mm long · 24V DC, driver separate · RGB48 strip 11.5W/m · R 18 · G 53 · B 12 lm",4.3125W,83lm,19lm/W,Diffused,Datasheet=images/inground-radius-rgb/datasheets/IngroundR_S_EOP_H100_R2950_L0384_RGB48Nx_G5_11W_RGB_RGB__ORT1x.pdf;Specification=images/inground-radius/datasheets/inground-radius-specification.pdf;Brochure=files/holectron/holectron-inground-radius-brochure-2025.pdf
Inground Radius RGB,,,,,,,,,,,,,,,,,,,,Inground Radius RGB R6100 7.2W/m,IngroundR S EOP H100 R6100 L0382 / RGB48/Nx G5 07W RGB_RGB_ / OR.T1x,Stainless Steel,images/inground-radius-rgb/inground-radius-rgb-r6100-stainless-steel.jpg,RGB,,Dimmable,IP67,IK10,,"Start segment · end cap at start, 2 cables · opal cover · curve R6100mm, 3.6° · 382mm long · 24V DC, driver separate · RGB48 strip 7.2W/m · R 11 · G 36 · B 7 lm",2.7W,55lm,20lm/W,Diffused,Datasheet=images/inground-radius-rgb/datasheets/IngroundR_S_EOP_H100_R6100_L0382_RGB48Nx_G5_07W_RGB_RGB__ORT1x.pdf;Specification=images/inground-radius/datasheets/inground-radius-specification.pdf;Brochure=files/holectron/holectron-inground-radius-brochure-2025.pdf
Inground Radius RGB,,,,,,,,,,,,,,,,,,,,Inground Radius RGB R6100 11.5W/m,IngroundR S EOP H100 R6100 L0382 / RGB48/Nx G5 11W RGB_RGB_ / OR.T1x,Stainless Steel,images/inground-radius-rgb/inground-radius-rgb-r6100-stainless-steel.jpg,RGB,,Dimmable,IP67,IK10,,"Start segment · end cap at start, 2 cables · opal cover · curve R6100mm, 3.6° · 382mm long · 24V DC, driver separate · RGB48 strip 11.5W/m · R 18 · G 53 · B 12 lm",4.3125W,83lm,19lm/W,Diffused,Datasheet=images/inground-radius-rgb/datasheets/IngroundR_S_EOP_H100_R6100_L0382_RGB48Nx_G5_11W_RGB_RGB__ORT1x.pdf;Specification=images/inground-radius/datasheets/inground-radius-specification.pdf;Brochure=files/holectron/holectron-inground-radius-brochure-2025.pdf
Inground Radius RGB,,,,,,,,,,,,,,,,,,,,Inground Radius RGB L505 7.2W/m,IngroundR M EOP H100 R0000 L0505 / RGB48/Nx G5 07W RGB_RGB_ / OR.T1x,Stainless Steel,images/inground-radius-rgb/inground-radius-rgb-l505-stainless-steel.jpg,RGB,,Dimmable,IP67,IK10,,"Middle segment · no end caps, 2 cables · opal cover · straight · 505mm long · 24V DC, driver separate · RGB48 strip 7.2W/m · R 15 · G 48 · B 10 lm",3.6W,73lm,20lm/W,Diffused,Datasheet=images/inground-radius-rgb/datasheets/IngroundR_M_EOP_H100_R0000_L0505_RGB48Nx_G5_07W_RGB_RGB__ORT1x.pdf;Specification=images/inground-radius/datasheets/inground-radius-specification.pdf;Brochure=files/holectron/holectron-inground-radius-brochure-2025.pdf
Inground Radius RGB,,,,,,,,,,,,,,,,,,,,Inground Radius RGB L505 11.5W/m,IngroundR M EOP H100 R0000 L0505 / RGB48/Nx G5 11W RGB_RGB_ / OR.T1x,Stainless Steel,images/inground-radius-rgb/inground-radius-rgb-l505-stainless-steel.jpg,RGB,,Dimmable,IP67,IK10,,"Middle segment · no end caps, 2 cables · opal cover · straight · 505mm long · 24V DC, driver separate · RGB48 strip 11.5W/m · R 24 · G 71 · B 16 lm",5.75W,110lm,19lm/W,Diffused,Datasheet=images/inground-radius-rgb/datasheets/IngroundR_M_EOP_H100_R0000_L0505_RGB48Nx_G5_11W_RGB_RGB__ORT1x.pdf;Specification=images/inground-radius/datasheets/inground-radius-specification.pdf;Brochure=files/holectron/holectron-inground-radius-brochure-2025.pdf
Inground Radius RGB,,,,,,,,,,,,,,,,,,,,Inground Radius RGB L1005 7.2W/m,IngroundR M EOP H100 R0000 L1005 / RGB48/Nx G5 07W RGB_RGB_ / OR.T1x,Stainless Steel,images/inground-radius-rgb/inground-radius-rgb-l1005-stainless-steel.jpg,RGB,,Dimmable,IP67,IK10,,"Middle segment · no end caps, 2 cables · opal cover · straight · 1005mm long · 24V DC, driver separate · RGB48 strip 7.2W/m · R 30 · G 96 · B 20 lm",7.2W,145lm,20lm/W,Diffused,Datasheet=images/inground-radius-rgb/datasheets/IngroundR_M_EOP_H100_R0000_L1005_RGB48Nx_G5_07W_RGB_RGB__ORT1x.pdf;Specification=images/inground-radius/datasheets/inground-radius-specification.pdf;Brochure=files/holectron/holectron-inground-radius-brochure-2025.pdf
Inground Radius RGB,,,,,,,,,,,,,,,,,,,,Inground Radius RGB L1005 11.5W/m,IngroundR M EOP H100 R0000 L1005 / RGB48/Nx G5 11W RGB_RGB_ / OR.T1x,Stainless Steel,images/inground-radius-rgb/inground-radius-rgb-l1005-stainless-steel.jpg,RGB,,Dimmable,IP67,IK10,,"Middle segment · no end caps, 2 cables · opal cover · straight · 1005mm long · 24V DC, driver separate · RGB48 strip 11.5W/m · R 48 · G 141 · B 32 lm",11.5W,221lm,19lm/W,Diffused,Datasheet=images/inground-radius-rgb/datasheets/IngroundR_M_EOP_H100_R0000_L1005_RGB48Nx_G5_11W_RGB_RGB__ORT1x.pdf;Specification=images/inground-radius/datasheets/inground-radius-specification.pdf;Brochure=files/holectron/holectron-inground-radius-brochure-2025.pdf
Inground Radius RGB,,,,,,,,,,,,,,,,,,,,Inground Radius RGB R272 7.2W/m,IngroundR M EOP H100 R0272 L0404 / RGB48/Nx G5 07W RGB_RGB_ / OR.T1x,Stainless Steel,images/inground-radius-rgb/inground-radius-rgb-r272-stainless-steel.jpg,RGB,,Dimmable,IP67,IK10,,"Middle segment · no end caps, 2 cables · opal cover · curve R272mm, 90° · 404mm long · 24V DC, driver separate · RGB48 strip 7.2W/m · R 11 · G 36 · B 7 lm",2.7W,55lm,20lm/W,Diffused,Datasheet=images/inground-radius-rgb/datasheets/IngroundR_M_EOP_H100_R0272_L0404_RGB48Nx_G5_07W_RGB_RGB__ORT1x.pdf;Specification=images/inground-radius/datasheets/inground-radius-specification.pdf;Brochure=files/holectron/holectron-inground-radius-brochure-2025.pdf
Inground Radius RGB,,,,,,,,,,,,,,,,,,,,Inground Radius RGB R272 11.5W/m,IngroundR M EOP H100 R0272 L0404 / RGB48/Nx G5 11W RGB_RGB_ / OR.T1x,Stainless Steel,images/inground-radius-rgb/inground-radius-rgb-r272-stainless-steel.jpg,RGB,,Dimmable,IP67,IK10,,"Middle segment · no end caps, 2 cables · opal cover · curve R272mm, 90° · 404mm long · 24V DC, driver separate · RGB48 strip 11.5W/m · R 18 · G 53 · B 12 lm",4.3125W,83lm,19lm/W,Diffused,Datasheet=images/inground-radius-rgb/datasheets/IngroundR_M_EOP_H100_R0272_L0404_RGB48Nx_G5_11W_RGB_RGB__ORT1x.pdf;Specification=images/inground-radius/datasheets/inground-radius-specification.pdf;Brochure=files/holectron/holectron-inground-radius-brochure-2025.pdf
Inground Radius RGB,,,,,,,,,,,,,,,,,,,,Inground Radius RGB R515 7.2W/m,IngroundR M EOP H100 R0515 L0393 / RGB48/Nx G5 07W RGB_RGB_ / OR.T1x,Stainless Steel,images/inground-radius-rgb/inground-radius-rgb-r515-stainless-steel.jpg,RGB,,Dimmable,IP67,IK10,,"Middle segment · no end caps, 2 cables · opal cover · curve R515mm, 45° · 393mm long · 24V DC, driver separate · RGB48 strip 7.2W/m · R 11 · G 36 · B 7 lm",2.7W,55lm,20lm/W,Diffused,Datasheet=images/inground-radius-rgb/datasheets/IngroundR_M_EOP_H100_R0515_L0393_RGB48Nx_G5_07W_RGB_RGB__ORT1x.pdf;Specification=images/inground-radius/datasheets/inground-radius-specification.pdf;Brochure=files/holectron/holectron-inground-radius-brochure-2025.pdf
Inground Radius RGB,,,,,,,,,,,,,,,,,,,,Inground Radius RGB R515 11.5W/m,IngroundR M EOP H100 R0515 L0393 / RGB48/Nx G5 11W RGB_RGB_ / OR.T1x,Stainless Steel,images/inground-radius-rgb/inground-radius-rgb-r515-stainless-steel.jpg,RGB,,Dimmable,IP67,IK10,,"Middle segment · no end caps, 2 cables · opal cover · curve R515mm, 45° · 393mm long · 24V DC, driver separate · RGB48 strip 11.5W/m · R 18 · G 53 · B 12 lm",4.3125W,83lm,19lm/W,Diffused,Datasheet=images/inground-radius-rgb/datasheets/IngroundR_M_EOP_H100_R0515_L0393_RGB48Nx_G5_11W_RGB_RGB__ORT1x.pdf;Specification=images/inground-radius/datasheets/inground-radius-specification.pdf;Brochure=files/holectron/holectron-inground-radius-brochure-2025.pdf
Inground Radius RGB,,,,,,,,,,,,,,,,,,,,Inground Radius RGB R1000 7.2W/m,IngroundR M EOP H100 R1000 L0387 / RGB48/Nx G5 07W RGB_RGB_ / OR.T1x,Stainless Steel,images/inground-radius-rgb/inground-radius-rgb-r1000-stainless-steel.jpg,RGB,,Dimmable,IP67,IK10,,"Middle segment · no end caps, 2 cables · opal cover · curve R1000mm, 22.5° · 387mm long · 24V DC, driver separate · RGB48 strip 7.2W/m · R 11 · G 36 · B 7 lm",2.7W,55lm,20lm/W,Diffused,Datasheet=images/inground-radius-rgb/datasheets/IngroundR_M_EOP_H100_R1000_L0387_RGB48Nx_G5_07W_RGB_RGB__ORT1x.pdf;Specification=images/inground-radius/datasheets/inground-radius-specification.pdf;Brochure=files/holectron/holectron-inground-radius-brochure-2025.pdf
Inground Radius RGB,,,,,,,,,,,,,,,,,,,,Inground Radius RGB R1000 11.5W/m,IngroundR M EOP H100 R1000 L0387 / RGB48/Nx G5 11W RGB_RGB_ / OR.T1x,Stainless Steel,images/inground-radius-rgb/inground-radius-rgb-r1000-stainless-steel.jpg,RGB,,Dimmable,IP67,IK10,,"Middle segment · no end caps, 2 cables · opal cover · curve R1000mm, 22.5° · 387mm long · 24V DC, driver separate · RGB48 strip 11.5W/m · R 18 · G 53 · B 12 lm",4.3125W,83lm,19lm/W,Diffused,Datasheet=images/inground-radius-rgb/datasheets/IngroundR_M_EOP_H100_R1000_L0387_RGB48Nx_G5_11W_RGB_RGB__ORT1x.pdf;Specification=images/inground-radius/datasheets/inground-radius-specification.pdf;Brochure=files/holectron/holectron-inground-radius-brochure-2025.pdf
Inground Radius RGB,,,,,,,,,,,,,,,,,,,,Inground Radius RGB R1975 7.2W/m,IngroundR M EOP H100 R1975 L0385 / RGB48/Nx G5 07W RGB_RGB_ / OR.T1x,Stainless Steel,images/inground-radius-rgb/inground-radius-rgb-r1975-stainless-steel.jpg,RGB,,Dimmable,IP67,IK10,,"Middle segment · no end caps, 2 cables · opal cover · curve R1975mm, 11.3° · 385mm long · 24V DC, driver separate · RGB48 strip 7.2W/m · R 11 · G 36 · B 7 lm",2.7W,55lm,20lm/W,Diffused,Datasheet=images/inground-radius-rgb/datasheets/IngroundR_M_EOP_H100_R1975_L0385_RGB48Nx_G5_07W_RGB_RGB__ORT1x.pdf;Specification=images/inground-radius/datasheets/inground-radius-specification.pdf;Brochure=files/holectron/holectron-inground-radius-brochure-2025.pdf
Inground Radius RGB,,,,,,,,,,,,,,,,,,,,Inground Radius RGB R1975 11.5W/m,IngroundR M EOP H100 R1975 L0385 / RGB48/Nx G5 11W RGB_RGB_ / OR.T1x,Stainless Steel,images/inground-radius-rgb/inground-radius-rgb-r1975-stainless-steel.jpg,RGB,,Dimmable,IP67,IK10,,"Middle segment · no end caps, 2 cables · opal cover · curve R1975mm, 11.3° · 385mm long · 24V DC, driver separate · RGB48 strip 11.5W/m · R 18 · G 53 · B 12 lm",4.3125W,83lm,19lm/W,Diffused,Datasheet=images/inground-radius-rgb/datasheets/IngroundR_M_EOP_H100_R1975_L0385_RGB48Nx_G5_11W_RGB_RGB__ORT1x.pdf;Specification=images/inground-radius/datasheets/inground-radius-specification.pdf;Brochure=files/holectron/holectron-inground-radius-brochure-2025.pdf
Inground Radius RGB,,,,,,,,,,,,,,,,,,,,Inground Radius RGB R2950 7.2W/m,IngroundR M EOP H100 R2950 L0384 / RGB48/Nx G5 07W RGB_RGB_ / OR.T1x,Stainless Steel,images/inground-radius-rgb/inground-radius-rgb-r2950-stainless-steel.jpg,RGB,,Dimmable,IP67,IK10,,"Middle segment · no end caps, 2 cables · opal cover · curve R2950mm, 7.5° · 384mm long · 24V DC, driver separate · RGB48 strip 7.2W/m · R 11 · G 36 · B 7 lm",2.7W,55lm,20lm/W,Diffused,Datasheet=images/inground-radius-rgb/datasheets/IngroundR_M_EOP_H100_R2950_L0384_RGB48Nx_G5_07W_RGB_RGB__ORT1x.pdf;Specification=images/inground-radius/datasheets/inground-radius-specification.pdf;Brochure=files/holectron/holectron-inground-radius-brochure-2025.pdf
Inground Radius RGB,,,,,,,,,,,,,,,,,,,,Inground Radius RGB R2950 11.5W/m,IngroundR M EOP H100 R2950 L0384 / RGB48/Nx G5 11W RGB_RGB_ / OR.T1x,Stainless Steel,images/inground-radius-rgb/inground-radius-rgb-r2950-stainless-steel.jpg,RGB,,Dimmable,IP67,IK10,,"Middle segment · no end caps, 2 cables · opal cover · curve R2950mm, 7.5° · 384mm long · 24V DC, driver separate · RGB48 strip 11.5W/m · R 18 · G 53 · B 12 lm",4.3125W,83lm,19lm/W,Diffused,Datasheet=images/inground-radius-rgb/datasheets/IngroundR_M_EOP_H100_R2950_L0384_RGB48Nx_G5_11W_RGB_RGB__ORT1x.pdf;Specification=images/inground-radius/datasheets/inground-radius-specification.pdf;Brochure=files/holectron/holectron-inground-radius-brochure-2025.pdf
Inground Radius RGB,,,,,,,,,,,,,,,,,,,,Inground Radius RGB R6100 7.2W/m,IngroundR M EOP H100 R6100 L0382 / RGB48/Nx G5 07W RGB_RGB_ / OR.T1x,Stainless Steel,images/inground-radius-rgb/inground-radius-rgb-r6100-stainless-steel.jpg,RGB,,Dimmable,IP67,IK10,,"Middle segment · no end caps, 2 cables · opal cover · curve R6100mm, 3.6° · 382mm long · 24V DC, driver separate · RGB48 strip 7.2W/m · R 11 · G 36 · B 7 lm",2.7W,55lm,20lm/W,Diffused,Datasheet=images/inground-radius-rgb/datasheets/IngroundR_M_EOP_H100_R6100_L0382_RGB48Nx_G5_07W_RGB_RGB__ORT1x.pdf;Specification=images/inground-radius/datasheets/inground-radius-specification.pdf;Brochure=files/holectron/holectron-inground-radius-brochure-2025.pdf
Inground Radius RGB,,,,,,,,,,,,,,,,,,,,Inground Radius RGB R6100 11.5W/m,IngroundR M EOP H100 R6100 L0382 / RGB48/Nx G5 11W RGB_RGB_ / OR.T1x,Stainless Steel,images/inground-radius-rgb/inground-radius-rgb-r6100-stainless-steel.jpg,RGB,,Dimmable,IP67,IK10,,"Middle segment · no end caps, 2 cables · opal cover · curve R6100mm, 3.6° · 382mm long · 24V DC, driver separate · RGB48 strip 11.5W/m · R 18 · G 53 · B 12 lm",4.3125W,83lm,19lm/W,Diffused,Datasheet=images/inground-radius-rgb/datasheets/IngroundR_M_EOP_H100_R6100_L0382_RGB48Nx_G5_11W_RGB_RGB__ORT1x.pdf;Specification=images/inground-radius/datasheets/inground-radius-specification.pdf;Brochure=files/holectron/holectron-inground-radius-brochure-2025.pdf
Inground Radius RGB,,,,,,,,,,,,,,,,,,,,Inground Radius RGB L505 7.2W/m,IngroundR E EOP H100 R0000 L0505 / RGB48/Nx G5 07W RGB_RGB_ / OR.T1x,Stainless Steel,images/inground-radius-rgb/inground-radius-rgb-l505-stainless-steel.jpg,RGB,,Dimmable,IP67,IK10,,"End segment · end cap at end, 1 cable · opal cover · straight · 505mm long · 24V DC, driver separate · RGB48 strip 7.2W/m · R 15 · G 48 · B 10 lm",3.6W,73lm,20lm/W,Diffused,Datasheet=images/inground-radius-rgb/datasheets/IngroundR_E_EOP_H100_R0000_L0505_RGB48Nx_G5_07W_RGB_RGB__ORT1x.pdf;Specification=images/inground-radius/datasheets/inground-radius-specification.pdf;Brochure=files/holectron/holectron-inground-radius-brochure-2025.pdf
Inground Radius RGB,,,,,,,,,,,,,,,,,,,,Inground Radius RGB L505 11.5W/m,IngroundR E EOP H100 R0000 L0505 / RGB48/Nx G5 11W RGB_RGB_ / OR.T1x,Stainless Steel,images/inground-radius-rgb/inground-radius-rgb-l505-stainless-steel.jpg,RGB,,Dimmable,IP67,IK10,,"End segment · end cap at end, 1 cable · opal cover · straight · 505mm long · 24V DC, driver separate · RGB48 strip 11.5W/m · R 24 · G 71 · B 16 lm",5.75W,110lm,19lm/W,Diffused,Datasheet=images/inground-radius-rgb/datasheets/IngroundR_E_EOP_H100_R0000_L0505_RGB48Nx_G5_11W_RGB_RGB__ORT1x.pdf;Specification=images/inground-radius/datasheets/inground-radius-specification.pdf;Brochure=files/holectron/holectron-inground-radius-brochure-2025.pdf
Inground Radius RGB,,,,,,,,,,,,,,,,,,,,Inground Radius RGB L1005 7.2W/m,IngroundR E EOP H100 R0000 L1005 / RGB48/Nx G5 07W RGB_RGB_ / OR.T1x,Stainless Steel,images/inground-radius-rgb/inground-radius-rgb-l1005-stainless-steel.jpg,RGB,,Dimmable,IP67,IK10,,"End segment · end cap at end, 1 cable · opal cover · straight · 1005mm long · 24V DC, driver separate · RGB48 strip 7.2W/m · R 30 · G 96 · B 20 lm",7.2W,145lm,20lm/W,Diffused,Datasheet=images/inground-radius-rgb/datasheets/IngroundR_E_EOP_H100_R0000_L1005_RGB48Nx_G5_07W_RGB_RGB__ORT1x.pdf;Specification=images/inground-radius/datasheets/inground-radius-specification.pdf;Brochure=files/holectron/holectron-inground-radius-brochure-2025.pdf
Inground Radius RGB,,,,,,,,,,,,,,,,,,,,Inground Radius RGB L1005 11.5W/m,IngroundR E EOP H100 R0000 L1005 / RGB48/Nx G5 11W RGB_RGB_ / OR.T1x,Stainless Steel,images/inground-radius-rgb/inground-radius-rgb-l1005-stainless-steel.jpg,RGB,,Dimmable,IP67,IK10,,"End segment · end cap at end, 1 cable · opal cover · straight · 1005mm long · 24V DC, driver separate · RGB48 strip 11.5W/m · R 48 · G 141 · B 32 lm",11.5W,221lm,19lm/W,Diffused,Datasheet=images/inground-radius-rgb/datasheets/IngroundR_E_EOP_H100_R0000_L1005_RGB48Nx_G5_11W_RGB_RGB__ORT1x.pdf;Specification=images/inground-radius/datasheets/inground-radius-specification.pdf;Brochure=files/holectron/holectron-inground-radius-brochure-2025.pdf
Inground Radius RGB,,,,,,,,,,,,,,,,,,,,Inground Radius RGB R272 7.2W/m,IngroundR E EOP H100 R0272 L0404 / RGB48/Nx G5 07W RGB_RGB_ / OR.T1x,Stainless Steel,images/inground-radius-rgb/inground-radius-rgb-r272-stainless-steel.jpg,RGB,,Dimmable,IP67,IK10,,"End segment · end cap at end, 1 cable · opal cover · curve R272mm, 90° · 404mm long · 24V DC, driver separate · RGB48 strip 7.2W/m · R 11 · G 36 · B 7 lm",2.7W,55lm,20lm/W,Diffused,Datasheet=images/inground-radius-rgb/datasheets/IngroundR_E_EOP_H100_R0272_L0404_RGB48Nx_G5_07W_RGB_RGB__ORT1x.pdf;Specification=images/inground-radius/datasheets/inground-radius-specification.pdf;Brochure=files/holectron/holectron-inground-radius-brochure-2025.pdf
Inground Radius RGB,,,,,,,,,,,,,,,,,,,,Inground Radius RGB R272 11.5W/m,IngroundR E EOP H100 R0272 L0404 / RGB48/Nx G5 11W RGB_RGB_ / OR.T1x,Stainless Steel,images/inground-radius-rgb/inground-radius-rgb-r272-stainless-steel.jpg,RGB,,Dimmable,IP67,IK10,,"End segment · end cap at end, 1 cable · opal cover · curve R272mm, 90° · 404mm long · 24V DC, driver separate · RGB48 strip 11.5W/m · R 18 · G 53 · B 12 lm",4.3125W,83lm,19lm/W,Diffused,Datasheet=images/inground-radius-rgb/datasheets/IngroundR_E_EOP_H100_R0272_L0404_RGB48Nx_G5_11W_RGB_RGB__ORT1x.pdf;Specification=images/inground-radius/datasheets/inground-radius-specification.pdf;Brochure=files/holectron/holectron-inground-radius-brochure-2025.pdf
Inground Radius RGB,,,,,,,,,,,,,,,,,,,,Inground Radius RGB R515 7.2W/m,IngroundR E EOP H100 R0515 L0393 / RGB48/Nx G5 07W RGB_RGB_ / OR.T1x,Stainless Steel,images/inground-radius-rgb/inground-radius-rgb-r515-stainless-steel.jpg,RGB,,Dimmable,IP67,IK10,,"End segment · end cap at end, 1 cable · opal cover · curve R515mm, 45° · 393mm long · 24V DC, driver separate · RGB48 strip 7.2W/m · R 11 · G 36 · B 7 lm",2.7W,55lm,20lm/W,Diffused,Datasheet=images/inground-radius-rgb/datasheets/IngroundR_E_EOP_H100_R0515_L0393_RGB48Nx_G5_07W_RGB_RGB__ORT1x.pdf;Specification=images/inground-radius/datasheets/inground-radius-specification.pdf;Brochure=files/holectron/holectron-inground-radius-brochure-2025.pdf
Inground Radius RGB,,,,,,,,,,,,,,,,,,,,Inground Radius RGB R515 11.5W/m,IngroundR E EOP H100 R0515 L0393 / RGB48/Nx G5 11W RGB_RGB_ / OR.T1x,Stainless Steel,images/inground-radius-rgb/inground-radius-rgb-r515-stainless-steel.jpg,RGB,,Dimmable,IP67,IK10,,"End segment · end cap at end, 1 cable · opal cover · curve R515mm, 45° · 393mm long · 24V DC, driver separate · RGB48 strip 11.5W/m · R 18 · G 53 · B 12 lm",4.3125W,83lm,19lm/W,Diffused,Datasheet=images/inground-radius-rgb/datasheets/IngroundR_E_EOP_H100_R0515_L0393_RGB48Nx_G5_11W_RGB_RGB__ORT1x.pdf;Specification=images/inground-radius/datasheets/inground-radius-specification.pdf;Brochure=files/holectron/holectron-inground-radius-brochure-2025.pdf
Inground Radius RGB,,,,,,,,,,,,,,,,,,,,Inground Radius RGB R1000 7.2W/m,IngroundR E EOP H100 R1000 L0387 / RGB48/Nx G5 07W RGB_RGB_ / OR.T1x,Stainless Steel,images/inground-radius-rgb/inground-radius-rgb-r1000-stainless-steel.jpg,RGB,,Dimmable,IP67,IK10,,"End segment · end cap at end, 1 cable · opal cover · curve R1000mm, 22.5° · 387mm long · 24V DC, driver separate · RGB48 strip 7.2W/m · R 11 · G 36 · B 7 lm",2.7W,55lm,20lm/W,Diffused,Datasheet=images/inground-radius-rgb/datasheets/IngroundR_E_EOP_H100_R1000_L0387_RGB48Nx_G5_07W_RGB_RGB__ORT1x.pdf;Specification=images/inground-radius/datasheets/inground-radius-specification.pdf;Brochure=files/holectron/holectron-inground-radius-brochure-2025.pdf
Inground Radius RGB,,,,,,,,,,,,,,,,,,,,Inground Radius RGB R1000 11.5W/m,IngroundR E EOP H100 R1000 L0387 / RGB48/Nx G5 11W RGB_RGB_ / OR.T1x,Stainless Steel,images/inground-radius-rgb/inground-radius-rgb-r1000-stainless-steel.jpg,RGB,,Dimmable,IP67,IK10,,"End segment · end cap at end, 1 cable · opal cover · curve R1000mm, 22.5° · 387mm long · 24V DC, driver separate · RGB48 strip 11.5W/m · R 18 · G 53 · B 12 lm",4.3125W,83lm,19lm/W,Diffused,Datasheet=images/inground-radius-rgb/datasheets/IngroundR_E_EOP_H100_R1000_L0387_RGB48Nx_G5_11W_RGB_RGB__ORT1x.pdf;Specification=images/inground-radius/datasheets/inground-radius-specification.pdf;Brochure=files/holectron/holectron-inground-radius-brochure-2025.pdf
Inground Radius RGB,,,,,,,,,,,,,,,,,,,,Inground Radius RGB R1975 7.2W/m,IngroundR E EOP H100 R1975 L0385 / RGB48/Nx G5 07W RGB_RGB_ / OR.T1x,Stainless Steel,images/inground-radius-rgb/inground-radius-rgb-r1975-stainless-steel.jpg,RGB,,Dimmable,IP67,IK10,,"End segment · end cap at end, 1 cable · opal cover · curve R1975mm, 11.3° · 385mm long · 24V DC, driver separate · RGB48 strip 7.2W/m · R 11 · G 36 · B 7 lm",2.7W,55lm,20lm/W,Diffused,Datasheet=images/inground-radius-rgb/datasheets/IngroundR_E_EOP_H100_R1975_L0385_RGB48Nx_G5_07W_RGB_RGB__ORT1x.pdf;Specification=images/inground-radius/datasheets/inground-radius-specification.pdf;Brochure=files/holectron/holectron-inground-radius-brochure-2025.pdf
Inground Radius RGB,,,,,,,,,,,,,,,,,,,,Inground Radius RGB R1975 11.5W/m,IngroundR E EOP H100 R1975 L0385 / RGB48/Nx G5 11W RGB_RGB_ / OR.T1x,Stainless Steel,images/inground-radius-rgb/inground-radius-rgb-r1975-stainless-steel.jpg,RGB,,Dimmable,IP67,IK10,,"End segment · end cap at end, 1 cable · opal cover · curve R1975mm, 11.3° · 385mm long · 24V DC, driver separate · RGB48 strip 11.5W/m · R 18 · G 53 · B 12 lm",4.3125W,83lm,19lm/W,Diffused,Datasheet=images/inground-radius-rgb/datasheets/IngroundR_E_EOP_H100_R1975_L0385_RGB48Nx_G5_11W_RGB_RGB__ORT1x.pdf;Specification=images/inground-radius/datasheets/inground-radius-specification.pdf;Brochure=files/holectron/holectron-inground-radius-brochure-2025.pdf
Inground Radius RGB,,,,,,,,,,,,,,,,,,,,Inground Radius RGB R2950 7.2W/m,IngroundR E EOP H100 R2950 L0384 / RGB48/Nx G5 07W RGB_RGB_ / OR.T1x,Stainless Steel,images/inground-radius-rgb/inground-radius-rgb-r2950-stainless-steel.jpg,RGB,,Dimmable,IP67,IK10,,"End segment · end cap at end, 1 cable · opal cover · curve R2950mm, 7.5° · 384mm long · 24V DC, driver separate · RGB48 strip 7.2W/m · R 11 · G 36 · B 7 lm",2.7W,55lm,20lm/W,Diffused,Datasheet=images/inground-radius-rgb/datasheets/IngroundR_E_EOP_H100_R2950_L0384_RGB48Nx_G5_07W_RGB_RGB__ORT1x.pdf;Specification=images/inground-radius/datasheets/inground-radius-specification.pdf;Brochure=files/holectron/holectron-inground-radius-brochure-2025.pdf
Inground Radius RGB,,,,,,,,,,,,,,,,,,,,Inground Radius RGB R2950 11.5W/m,IngroundR E EOP H100 R2950 L0384 / RGB48/Nx G5 11W RGB_RGB_ / OR.T1x,Stainless Steel,images/inground-radius-rgb/inground-radius-rgb-r2950-stainless-steel.jpg,RGB,,Dimmable,IP67,IK10,,"End segment · end cap at end, 1 cable · opal cover · curve R2950mm, 7.5° · 384mm long · 24V DC, driver separate · RGB48 strip 11.5W/m · R 18 · G 53 · B 12 lm",4.3125W,83lm,19lm/W,Diffused,Datasheet=images/inground-radius-rgb/datasheets/IngroundR_E_EOP_H100_R2950_L0384_RGB48Nx_G5_11W_RGB_RGB__ORT1x.pdf;Specification=images/inground-radius/datasheets/inground-radius-specification.pdf;Brochure=files/holectron/holectron-inground-radius-brochure-2025.pdf
Inground Radius RGB,,,,,,,,,,,,,,,,,,,,Inground Radius RGB R6100 7.2W/m,IngroundR E EOP H100 R6100 L0382 / RGB48/Nx G5 07W RGB_RGB_ / OR.T1x,Stainless Steel,images/inground-radius-rgb/inground-radius-rgb-r6100-stainless-steel.jpg,RGB,,Dimmable,IP67,IK10,,"End segment · end cap at end, 1 cable · opal cover · curve R6100mm, 3.6° · 382mm long · 24V DC, driver separate · RGB48 strip 7.2W/m · R 11 · G 36 · B 7 lm",2.7W,55lm,20lm/W,Diffused,Datasheet=images/inground-radius-rgb/datasheets/IngroundR_E_EOP_H100_R6100_L0382_RGB48Nx_G5_07W_RGB_RGB__ORT1x.pdf;Specification=images/inground-radius/datasheets/inground-radius-specification.pdf;Brochure=files/holectron/holectron-inground-radius-brochure-2025.pdf
Inground Radius RGB,,,,,,,,,,,,,,,,,,,,Inground Radius RGB R6100 11.5W/m,IngroundR E EOP H100 R6100 L0382 / RGB48/Nx G5 11W RGB_RGB_ / OR.T1x,Stainless Steel,images/inground-radius-rgb/inground-radius-rgb-r6100-stainless-steel.jpg,RGB,,Dimmable,IP67,IK10,,"End segment · end cap at end, 1 cable · opal cover · curve R6100mm, 3.6° · 382mm long · 24V DC, driver separate · RGB48 strip 11.5W/m · R 18 · G 53 · B 12 lm",4.3125W,83lm,19lm/W,Diffused,Datasheet=images/inground-radius-rgb/datasheets/IngroundR_E_EOP_H100_R6100_L0382_RGB48Nx_G5_11W_RGB_RGB__ORT1x.pdf;Specification=images/inground-radius/datasheets/inground-radius-specification.pdf;Brochure=files/holectron/holectron-inground-radius-brochure-2025.pdf
Inground Radius RGB,,,,,,,,,,,,,,,,,,,,Inground Radius RGB L505 7.2W/m,IngroundR F EOP H100 R0000 L0505 / RGB48/Nx G5 07W RGB_RGB_ / OR.T1x,Stainless Steel,images/inground-radius-rgb/inground-radius-rgb-l505-stainless-steel.jpg,RGB,,Dimmable,IP67,IK10,,"Full segment · 2 end caps, 2 cables · opal cover · straight · 505mm long · 24V DC, driver separate · RGB48 strip 7.2W/m · R 15 · G 48 · B 10 lm",3.6W,73lm,20lm/W,Diffused,Datasheet=images/inground-radius-rgb/datasheets/IngroundR_F_EOP_H100_R0000_L0505_RGB48Nx_G5_07W_RGB_RGB__ORT1x.pdf;Specification=images/inground-radius/datasheets/inground-radius-specification.pdf;Brochure=files/holectron/holectron-inground-radius-brochure-2025.pdf
Inground Radius RGB,,,,,,,,,,,,,,,,,,,,Inground Radius RGB L505 11.5W/m,IngroundR F EOP H100 R0000 L0505 / RGB48/Nx G5 11W RGB_RGB_ / OR.T1x,Stainless Steel,images/inground-radius-rgb/inground-radius-rgb-l505-stainless-steel.jpg,RGB,,Dimmable,IP67,IK10,,"Full segment · 2 end caps, 2 cables · opal cover · straight · 505mm long · 24V DC, driver separate · RGB48 strip 11.5W/m · R 24 · G 71 · B 16 lm",5.75W,110lm,19lm/W,Diffused,Datasheet=images/inground-radius-rgb/datasheets/IngroundR_F_EOP_H100_R0000_L0505_RGB48Nx_G5_11W_RGB_RGB__ORT1x.pdf;Specification=images/inground-radius/datasheets/inground-radius-specification.pdf;Brochure=files/holectron/holectron-inground-radius-brochure-2025.pdf
Inground Radius RGB,,,,,,,,,,,,,,,,,,,,Inground Radius RGB L1005 7.2W/m,IngroundR F EOP H100 R0000 L1005 / RGB48/Nx G5 07W RGB_RGB_ / OR.T1x,Stainless Steel,images/inground-radius-rgb/inground-radius-rgb-l1005-stainless-steel.jpg,RGB,,Dimmable,IP67,IK10,,"Full segment · 2 end caps, 2 cables · opal cover · straight · 1005mm long · 24V DC, driver separate · RGB48 strip 7.2W/m · R 30 · G 96 · B 20 lm",7.2W,145lm,20lm/W,Diffused,Datasheet=images/inground-radius-rgb/datasheets/IngroundR_F_EOP_H100_R0000_L1005_RGB48Nx_G5_07W_RGB_RGB__ORT1x.pdf;Specification=images/inground-radius/datasheets/inground-radius-specification.pdf;Brochure=files/holectron/holectron-inground-radius-brochure-2025.pdf
Inground Radius RGB,,,,,,,,,,,,,,,,,,,,Inground Radius RGB L1005 11.5W/m,IngroundR F EOP H100 R0000 L1005 / RGB48/Nx G5 11W RGB_RGB_ / OR.T1x,Stainless Steel,images/inground-radius-rgb/inground-radius-rgb-l1005-stainless-steel.jpg,RGB,,Dimmable,IP67,IK10,,"Full segment · 2 end caps, 2 cables · opal cover · straight · 1005mm long · 24V DC, driver separate · RGB48 strip 11.5W/m · R 48 · G 141 · B 32 lm",11.5W,221lm,19lm/W,Diffused,Datasheet=images/inground-radius-rgb/datasheets/IngroundR_F_EOP_H100_R0000_L1005_RGB48Nx_G5_11W_RGB_RGB__ORT1x.pdf;Specification=images/inground-radius/datasheets/inground-radius-specification.pdf;Brochure=files/holectron/holectron-inground-radius-brochure-2025.pdf
Inground Radius RGB,,,,,,,,,,,,,,,,,,,,Inground Radius RGB R272 7.2W/m,IngroundR F EOP H100 R0272 L0404 / RGB48/Nx G5 07W RGB_RGB_ / OR.T1x,Stainless Steel,images/inground-radius-rgb/inground-radius-rgb-r272-stainless-steel.jpg,RGB,,Dimmable,IP67,IK10,,"Full segment · 2 end caps, 2 cables · opal cover · curve R272mm, 90° · 404mm long · 24V DC, driver separate · RGB48 strip 7.2W/m · R 11 · G 36 · B 7 lm",2.7W,55lm,20lm/W,Diffused,Datasheet=images/inground-radius-rgb/datasheets/IngroundR_F_EOP_H100_R0272_L0404_RGB48Nx_G5_07W_RGB_RGB__ORT1x.pdf;Specification=images/inground-radius/datasheets/inground-radius-specification.pdf;Brochure=files/holectron/holectron-inground-radius-brochure-2025.pdf
Inground Radius RGB,,,,,,,,,,,,,,,,,,,,Inground Radius RGB R272 11.5W/m,IngroundR F EOP H100 R0272 L0404 / RGB48/Nx G5 11W RGB_RGB_ / OR.T1x,Stainless Steel,images/inground-radius-rgb/inground-radius-rgb-r272-stainless-steel.jpg,RGB,,Dimmable,IP67,IK10,,"Full segment · 2 end caps, 2 cables · opal cover · curve R272mm, 90° · 404mm long · 24V DC, driver separate · RGB48 strip 11.5W/m · R 18 · G 53 · B 12 lm",4.3125W,83lm,19lm/W,Diffused,Datasheet=images/inground-radius-rgb/datasheets/IngroundR_F_EOP_H100_R0272_L0404_RGB48Nx_G5_11W_RGB_RGB__ORT1x.pdf;Specification=images/inground-radius/datasheets/inground-radius-specification.pdf;Brochure=files/holectron/holectron-inground-radius-brochure-2025.pdf
Inground Radius RGB,,,,,,,,,,,,,,,,,,,,Inground Radius RGB R515 7.2W/m,IngroundR F EOP H100 R0515 L0393 / RGB48/Nx G5 07W RGB_RGB_ / OR.T1x,Stainless Steel,images/inground-radius-rgb/inground-radius-rgb-r515-stainless-steel.jpg,RGB,,Dimmable,IP67,IK10,,"Full segment · 2 end caps, 2 cables · opal cover · curve R515mm, 45° · 393mm long · 24V DC, driver separate · RGB48 strip 7.2W/m · R 11 · G 36 · B 7 lm",2.7W,55lm,20lm/W,Diffused,Datasheet=images/inground-radius-rgb/datasheets/IngroundR_F_EOP_H100_R0515_L0393_RGB48Nx_G5_07W_RGB_RGB__ORT1x.pdf;Specification=images/inground-radius/datasheets/inground-radius-specification.pdf;Brochure=files/holectron/holectron-inground-radius-brochure-2025.pdf
Inground Radius RGB,,,,,,,,,,,,,,,,,,,,Inground Radius RGB R515 11.5W/m,IngroundR F EOP H100 R0515 L0393 / RGB48/Nx G5 11W RGB_RGB_ / OR.T1x,Stainless Steel,images/inground-radius-rgb/inground-radius-rgb-r515-stainless-steel.jpg,RGB,,Dimmable,IP67,IK10,,"Full segment · 2 end caps, 2 cables · opal cover · curve R515mm, 45° · 393mm long · 24V DC, driver separate · RGB48 strip 11.5W/m · R 18 · G 53 · B 12 lm",4.3125W,83lm,19lm/W,Diffused,Datasheet=images/inground-radius-rgb/datasheets/IngroundR_F_EOP_H100_R0515_L0393_RGB48Nx_G5_11W_RGB_RGB__ORT1x.pdf;Specification=images/inground-radius/datasheets/inground-radius-specification.pdf;Brochure=files/holectron/holectron-inground-radius-brochure-2025.pdf
Inground Radius RGB,,,,,,,,,,,,,,,,,,,,Inground Radius RGB R1000 7.2W/m,IngroundR F EOP H100 R1000 L0387 / RGB48/Nx G5 07W RGB_RGB_ / OR.T1x,Stainless Steel,images/inground-radius-rgb/inground-radius-rgb-r1000-stainless-steel.jpg,RGB,,Dimmable,IP67,IK10,,"Full segment · 2 end caps, 2 cables · opal cover · curve R1000mm, 22.5° · 387mm long · 24V DC, driver separate · RGB48 strip 7.2W/m · R 11 · G 36 · B 7 lm",2.7W,55lm,20lm/W,Diffused,Datasheet=images/inground-radius-rgb/datasheets/IngroundR_F_EOP_H100_R1000_L0387_RGB48Nx_G5_07W_RGB_RGB__ORT1x.pdf;Specification=images/inground-radius/datasheets/inground-radius-specification.pdf;Brochure=files/holectron/holectron-inground-radius-brochure-2025.pdf
Inground Radius RGB,,,,,,,,,,,,,,,,,,,,Inground Radius RGB R1000 11.5W/m,IngroundR F EOP H100 R1000 L0387 / RGB48/Nx G5 11W RGB_RGB_ / OR.T1x,Stainless Steel,images/inground-radius-rgb/inground-radius-rgb-r1000-stainless-steel.jpg,RGB,,Dimmable,IP67,IK10,,"Full segment · 2 end caps, 2 cables · opal cover · curve R1000mm, 22.5° · 387mm long · 24V DC, driver separate · RGB48 strip 11.5W/m · R 18 · G 53 · B 12 lm",4.3125W,83lm,19lm/W,Diffused,Datasheet=images/inground-radius-rgb/datasheets/IngroundR_F_EOP_H100_R1000_L0387_RGB48Nx_G5_11W_RGB_RGB__ORT1x.pdf;Specification=images/inground-radius/datasheets/inground-radius-specification.pdf;Brochure=files/holectron/holectron-inground-radius-brochure-2025.pdf
Inground Radius RGB,,,,,,,,,,,,,,,,,,,,Inground Radius RGB R1975 7.2W/m,IngroundR F EOP H100 R1975 L0385 / RGB48/Nx G5 07W RGB_RGB_ / OR.T1x,Stainless Steel,images/inground-radius-rgb/inground-radius-rgb-r1975-stainless-steel.jpg,RGB,,Dimmable,IP67,IK10,,"Full segment · 2 end caps, 2 cables · opal cover · curve R1975mm, 11.3° · 385mm long · 24V DC, driver separate · RGB48 strip 7.2W/m · R 11 · G 36 · B 7 lm",2.7W,55lm,20lm/W,Diffused,Datasheet=images/inground-radius-rgb/datasheets/IngroundR_F_EOP_H100_R1975_L0385_RGB48Nx_G5_07W_RGB_RGB__ORT1x.pdf;Specification=images/inground-radius/datasheets/inground-radius-specification.pdf;Brochure=files/holectron/holectron-inground-radius-brochure-2025.pdf
Inground Radius RGB,,,,,,,,,,,,,,,,,,,,Inground Radius RGB R1975 11.5W/m,IngroundR F EOP H100 R1975 L0385 / RGB48/Nx G5 11W RGB_RGB_ / OR.T1x,Stainless Steel,images/inground-radius-rgb/inground-radius-rgb-r1975-stainless-steel.jpg,RGB,,Dimmable,IP67,IK10,,"Full segment · 2 end caps, 2 cables · opal cover · curve R1975mm, 11.3° · 385mm long · 24V DC, driver separate · RGB48 strip 11.5W/m · R 18 · G 53 · B 12 lm",4.3125W,83lm,19lm/W,Diffused,Datasheet=images/inground-radius-rgb/datasheets/IngroundR_F_EOP_H100_R1975_L0385_RGB48Nx_G5_11W_RGB_RGB__ORT1x.pdf;Specification=images/inground-radius/datasheets/inground-radius-specification.pdf;Brochure=files/holectron/holectron-inground-radius-brochure-2025.pdf
Inground Radius RGB,,,,,,,,,,,,,,,,,,,,Inground Radius RGB R2950 7.2W/m,IngroundR F EOP H100 R2950 L0384 / RGB48/Nx G5 07W RGB_RGB_ / OR.T1x,Stainless Steel,images/inground-radius-rgb/inground-radius-rgb-r2950-stainless-steel.jpg,RGB,,Dimmable,IP67,IK10,,"Full segment · 2 end caps, 2 cables · opal cover · curve R2950mm, 7.5° · 384mm long · 24V DC, driver separate · RGB48 strip 7.2W/m · R 11 · G 36 · B 7 lm",2.7W,55lm,20lm/W,Diffused,Datasheet=images/inground-radius-rgb/datasheets/IngroundR_F_EOP_H100_R2950_L0384_RGB48Nx_G5_07W_RGB_RGB__ORT1x.pdf;Specification=images/inground-radius/datasheets/inground-radius-specification.pdf;Brochure=files/holectron/holectron-inground-radius-brochure-2025.pdf
Inground Radius RGB,,,,,,,,,,,,,,,,,,,,Inground Radius RGB R2950 11.5W/m,IngroundR F EOP H100 R2950 L0384 / RGB48/Nx G5 11W RGB_RGB_ / OR.T1x,Stainless Steel,images/inground-radius-rgb/inground-radius-rgb-r2950-stainless-steel.jpg,RGB,,Dimmable,IP67,IK10,,"Full segment · 2 end caps, 2 cables · opal cover · curve R2950mm, 7.5° · 384mm long · 24V DC, driver separate · RGB48 strip 11.5W/m · R 18 · G 53 · B 12 lm",4.3125W,83lm,19lm/W,Diffused,Datasheet=images/inground-radius-rgb/datasheets/IngroundR_F_EOP_H100_R2950_L0384_RGB48Nx_G5_11W_RGB_RGB__ORT1x.pdf;Specification=images/inground-radius/datasheets/inground-radius-specification.pdf;Brochure=files/holectron/holectron-inground-radius-brochure-2025.pdf
Inground Radius RGB,,,,,,,,,,,,,,,,,,,,Inground Radius RGB R6100 7.2W/m,IngroundR F EOP H100 R6100 L0382 / RGB48/Nx G5 07W RGB_RGB_ / OR.T1x,Stainless Steel,images/inground-radius-rgb/inground-radius-rgb-r6100-stainless-steel.jpg,RGB,,Dimmable,IP67,IK10,,"Full segment · 2 end caps, 2 cables · opal cover · curve R6100mm, 3.6° · 382mm long · 24V DC, driver separate · RGB48 strip 7.2W/m · R 11 · G 36 · B 7 lm",2.7W,55lm,20lm/W,Diffused,Datasheet=images/inground-radius-rgb/datasheets/IngroundR_F_EOP_H100_R6100_L0382_RGB48Nx_G5_07W_RGB_RGB__ORT1x.pdf;Specification=images/inground-radius/datasheets/inground-radius-specification.pdf;Brochure=files/holectron/holectron-inground-radius-brochure-2025.pdf
Inground Radius RGB,,,,,,,,,,,,,,,,,,,,Inground Radius RGB R6100 11.5W/m,IngroundR F EOP H100 R6100 L0382 / RGB48/Nx G5 11W RGB_RGB_ / OR.T1x,Stainless Steel,images/inground-radius-rgb/inground-radius-rgb-r6100-stainless-steel.jpg,RGB,,Dimmable,IP67,IK10,,"Full segment · 2 end caps, 2 cables · opal cover · curve R6100mm, 3.6° · 382mm long · 24V DC, driver separate · RGB48 strip 11.5W/m · R 18 · G 53 · B 12 lm",4.3125W,83lm,19lm/W,Diffused,Datasheet=images/inground-radius-rgb/datasheets/IngroundR_F_EOP_H100_R6100_L0382_RGB48Nx_G5_11W_RGB_RGB__ORT1x.pdf;Specification=images/inground-radius/datasheets/inground-radius-specification.pdf;Brochure=files/holectron/holectron-inground-radius-brochure-2025.pdf
Inground Radius RGBW,Holectron,Exterior,Inground Linear,"Full colour plus a dedicated white, in one in-ground line.","Inground Radius RGBW adds a separate high-CRI white channel to full RGB colour, so one installation can switch between clean white light and saturated colour. It shares the stainless steel, drive-over profile and the straight and curved pieces of the white range. Choose the white channel from 2200K to 4000K.","In-ground linear luminaire, RGBW. Marine-grade 316L stainless steel housing. Opal encapsulated cover. IP67. IK10. Drive-over up to 5000kg. 3-step MacAdam. L90B10 60000h. White channel CRI>90. 24V DC RGBW48 strip: 9.6W/m. Driver and RGBW controller sold separately. Operating temperature -25°C to +50°C. Straight and curved segments: individual, full, start, middle and end pieces for continuous lines.",RGB + 2200K | RGB + 2700K | RGB + 3000K | RGB + 4000K,CRI>90,Dimmable,IP67,IK10,Stainless Steel,inground,,images/inground-radius-rgbw/inground-radius-rgbw-thumb.jpg;images/inground-radius/inground-radius-dimensions-l505.png;images/inground-radius/inground-radius-dimensions-l1005.png;images/inground-radius/inground-radius-dimensions-r272.png;images/inground-radius/inground-radius-dimensions-r515.png;images/inground-radius/inground-radius-dimensions-r1000.png;images/inground-radius/inground-radius-dimensions-r1975.png;images/inground-radius/inground-radius-dimensions-r2950.png;images/inground-radius/inground-radius-dimensions-r6100.png,images/inground-radius-rgbw/inground-radius-rgbw-banner-01.jpg;images/inground-radius-rgbw/inground-radius-rgbw-banner-02.jpg,,images/inground-radius/inground-radius-dimensions-l505.png,L505 505×73×102mm · L1005 1005×73×102mm · R272 404×73×102mm (90° arc) · R515 393×73×102mm (45° arc) · R1000 387×73×102mm (22.5° arc) · R1975 385×73×102mm (11.3° arc) · R2950 384×73×102mm (7.5° arc) · R6100 382×73×102mm (3.6° arc),Inground Radius RGBW L505 9.6W/m,IngroundR I EOP H100 R0000 L0505 / RGBW48/NN G5 09W RGB_RGB_922 / OR.T1x,Stainless Steel,images/inground-radius-rgbw/inground-radius-rgbw-l505-stainless-steel.jpg,RGB + 2200K,CRI>90,Dimmable,IP67,IK10,,"Individual segment · 2 end caps, 1 cable · opal cover · straight · 505mm long · 24V DC, driver separate · RGBW48 strip 9.6W/m · R 15 · G 48 · B 10 · W 45 lm",4.8W,118lm,25lm/W,Diffused,Datasheet=images/inground-radius-rgbw/datasheets/IngroundR_I_EOP_H100_R0000_L0505_RGBW48NN_G5_09W_RGB_RGB_922_ORT1x.pdf;Specification=images/inground-radius/datasheets/inground-radius-specification.pdf;Brochure=files/holectron/holectron-inground-radius-brochure-2025.pdf
Inground Radius RGBW,,,,,,,,,,,,,,,,,,,,Inground Radius RGBW L505 9.6W/m,IngroundR I EOP H100 R0000 L0505 / RGBW48/NN G5 09W RGB_RGB_T927 / OR.T1x,Stainless Steel,images/inground-radius-rgbw/inground-radius-rgbw-l505-stainless-steel.jpg,RGB + 2700K,CRI>90,Dimmable,IP67,IK10,,"Individual segment · 2 end caps, 1 cable · opal cover · straight · 505mm long · 24V DC, driver separate · RGBW48 strip 9.6W/m · R 15 · G 48 · B 10 · W 69 lm",4.8W,142lm,30lm/W,Diffused,Datasheet=images/inground-radius-rgbw/datasheets/IngroundR_I_EOP_H100_R0000_L0505_RGBW48NN_G5_09W_RGB_RGB_T927_ORT1x.pdf;Specification=images/inground-radius/datasheets/inground-radius-specification.pdf;Brochure=files/holectron/holectron-inground-radius-brochure-2025.pdf
Inground Radius RGBW,,,,,,,,,,,,,,,,,,,,Inground Radius RGBW L505 9.6W/m,IngroundR I EOP H100 R0000 L0505 / RGBW48/NN G5 09W RGB_RGB_T930 / OR.T1x,Stainless Steel,images/inground-radius-rgbw/inground-radius-rgbw-l505-stainless-steel.jpg,RGB + 3000K,CRI>90,Dimmable,IP67,IK10,,"Individual segment · 2 end caps, 1 cable · opal cover · straight · 505mm long · 24V DC, driver separate · RGBW48 strip 9.6W/m · R 15 · G 48 · B 10 · W 72 lm",4.8W,145lm,30lm/W,Diffused,Datasheet=images/inground-radius-rgbw/datasheets/IngroundR_I_EOP_H100_R0000_L0505_RGBW48NN_G5_09W_RGB_RGB_T930_ORT1x.pdf;Specification=images/inground-radius/datasheets/inground-radius-specification.pdf;Brochure=files/holectron/holectron-inground-radius-brochure-2025.pdf
Inground Radius RGBW,,,,,,,,,,,,,,,,,,,,Inground Radius RGBW L505 9.6W/m,IngroundR I EOP H100 R0000 L0505 / RGBW48/NN G5 09W RGB_RGB_T940 / OR.T1x,Stainless Steel,images/inground-radius-rgbw/inground-radius-rgbw-l505-stainless-steel.jpg,RGB + 4000K,CRI>90,Dimmable,IP67,IK10,,"Individual segment · 2 end caps, 1 cable · opal cover · straight · 505mm long · 24V DC, driver separate · RGBW48 strip 9.6W/m · R 15 · G 48 · B 10 · W 75 lm",4.8W,148lm,31lm/W,Diffused,Datasheet=images/inground-radius-rgbw/datasheets/IngroundR_I_EOP_H100_R0000_L0505_RGBW48NN_G5_09W_RGB_RGB_T940_ORT1x.pdf;Specification=images/inground-radius/datasheets/inground-radius-specification.pdf;Brochure=files/holectron/holectron-inground-radius-brochure-2025.pdf
Inground Radius RGBW,,,,,,,,,,,,,,,,,,,,Inground Radius RGBW L1005 9.6W/m,IngroundR I EOP H100 R0000 L1005 / RGBW48/NN G5 09W RGB_RGB_922 / OR.T1x,Stainless Steel,images/inground-radius-rgbw/inground-radius-rgbw-l1005-stainless-steel.jpg,RGB + 2200K,CRI>90,Dimmable,IP67,IK10,,"Individual segment · 2 end caps, 1 cable · opal cover · straight · 1005mm long · 24V DC, driver separate · RGBW48 strip 9.6W/m · R 30 · G 96 · B 20 · W 91 lm",9.6W,236lm,25lm/W,Diffused,Datasheet=images/inground-radius-rgbw/datasheets/IngroundR_I_EOP_H100_R0000_L1005_RGBW48NN_G5_09W_RGB_RGB_922_ORT1x.pdf;Specification=images/inground-radius/datasheets/inground-radius-specification.pdf;Brochure=files/holectron/holectron-inground-radius-brochure-2025.pdf
Inground Radius RGBW,,,,,,,,,,,,,,,,,,,,Inground Radius RGBW L1005 9.6W/m,IngroundR I EOP H100 R0000 L1005 / RGBW48/NN G5 09W RGB_RGB_T927 / OR.T1x,Stainless Steel,images/inground-radius-rgbw/inground-radius-rgbw-l1005-stainless-steel.jpg,RGB + 2700K,CRI>90,Dimmable,IP67,IK10,,"Individual segment · 2 end caps, 1 cable · opal cover · straight · 1005mm long · 24V DC, driver separate · RGBW48 strip 9.6W/m · R 30 · G 96 · B 20 · W 138 lm",9.6W,283lm,29lm/W,Diffused,Datasheet=images/inground-radius-rgbw/datasheets/IngroundR_I_EOP_H100_R0000_L1005_RGBW48NN_G5_09W_RGB_RGB_T927_ORT1x.pdf;Specification=images/inground-radius/datasheets/inground-radius-specification.pdf;Brochure=files/holectron/holectron-inground-radius-brochure-2025.pdf
Inground Radius RGBW,,,,,,,,,,,,,,,,,,,,Inground Radius RGBW L1005 9.6W/m,IngroundR I EOP H100 R0000 L1005 / RGBW48/NN G5 09W RGB_RGB_T930 / OR.T1x,Stainless Steel,images/inground-radius-rgbw/inground-radius-rgbw-l1005-stainless-steel.jpg,RGB + 3000K,CRI>90,Dimmable,IP67,IK10,,"Individual segment · 2 end caps, 1 cable · opal cover · straight · 1005mm long · 24V DC, driver separate · RGBW48 strip 9.6W/m · R 30 · G 96 · B 20 · W 145 lm",9.6W,290lm,30lm/W,Diffused,Datasheet=images/inground-radius-rgbw/datasheets/IngroundR_I_EOP_H100_R0000_L1005_RGBW48NN_G5_09W_RGB_RGB_T930_ORT1x.pdf;Specification=images/inground-radius/datasheets/inground-radius-specification.pdf;Brochure=files/holectron/holectron-inground-radius-brochure-2025.pdf
Inground Radius RGBW,,,,,,,,,,,,,,,,,,,,Inground Radius RGBW L1005 9.6W/m,IngroundR I EOP H100 R0000 L1005 / RGBW48/NN G5 09W RGB_RGB_T940 / OR.T1x,Stainless Steel,images/inground-radius-rgbw/inground-radius-rgbw-l1005-stainless-steel.jpg,RGB + 4000K,CRI>90,Dimmable,IP67,IK10,,"Individual segment · 2 end caps, 1 cable · opal cover · straight · 1005mm long · 24V DC, driver separate · RGBW48 strip 9.6W/m · R 30 · G 96 · B 20 · W 151 lm",9.6W,296lm,31lm/W,Diffused,Datasheet=images/inground-radius-rgbw/datasheets/IngroundR_I_EOP_H100_R0000_L1005_RGBW48NN_G5_09W_RGB_RGB_T940_ORT1x.pdf;Specification=images/inground-radius/datasheets/inground-radius-specification.pdf;Brochure=files/holectron/holectron-inground-radius-brochure-2025.pdf
Inground Radius RGBW,,,,,,,,,,,,,,,,,,,,Inground Radius RGBW R272 9.6W/m,IngroundR I EOP H100 R0272 L0404 / RGBW48/NN G5 09W RGB_RGB_922 / OR.T1x,Stainless Steel,images/inground-radius-rgbw/inground-radius-rgbw-r272-stainless-steel.jpg,RGB + 2200K,CRI>90,Dimmable,IP67,IK10,,"Individual segment · 2 end caps, 1 cable · opal cover · curve R272mm, 90° · 404mm long · 24V DC, driver separate · RGBW48 strip 9.6W/m · R 11 · G 36 · B 7 · W 34 lm",3.6W,88lm,24lm/W,Diffused,Datasheet=images/inground-radius-rgbw/datasheets/IngroundR_I_EOP_H100_R0272_L0404_RGBW48NN_G5_09W_RGB_RGB_922_ORT1x.pdf;Specification=images/inground-radius/datasheets/inground-radius-specification.pdf;Brochure=files/holectron/holectron-inground-radius-brochure-2025.pdf
Inground Radius RGBW,,,,,,,,,,,,,,,,,,,,Inground Radius RGBW R272 9.6W/m,IngroundR I EOP H100 R0272 L0404 / RGBW48/NN G5 09W RGB_RGB_T927 / OR.T1x,Stainless Steel,images/inground-radius-rgbw/inground-radius-rgbw-r272-stainless-steel.jpg,RGB + 2700K,CRI>90,Dimmable,IP67,IK10,,"Individual segment · 2 end caps, 1 cable · opal cover · curve R272mm, 90° · 404mm long · 24V DC, driver separate · RGBW48 strip 9.6W/m · R 11 · G 36 · B 7 · W 52 lm",3.6W,106lm,29lm/W,Diffused,Datasheet=images/inground-radius-rgbw/datasheets/IngroundR_I_EOP_H100_R0272_L0404_RGBW48NN_G5_09W_RGB_RGB_T927_ORT1x.pdf;Specification=images/inground-radius/datasheets/inground-radius-specification.pdf;Brochure=files/holectron/holectron-inground-radius-brochure-2025.pdf
Inground Radius RGBW,,,,,,,,,,,,,,,,,,,,Inground Radius RGBW R272 9.6W/m,IngroundR I EOP H100 R0272 L0404 / RGBW48/NN G5 09W RGB_RGB_T930 / OR.T1x,Stainless Steel,images/inground-radius-rgbw/inground-radius-rgbw-r272-stainless-steel.jpg,RGB + 3000K,CRI>90,Dimmable,IP67,IK10,,"Individual segment · 2 end caps, 1 cable · opal cover · curve R272mm, 90° · 404mm long · 24V DC, driver separate · RGBW48 strip 9.6W/m · R 11 · G 36 · B 7 · W 54 lm",3.6W,109lm,30lm/W,Diffused,Datasheet=images/inground-radius-rgbw/datasheets/IngroundR_I_EOP_H100_R0272_L0404_RGBW48NN_G5_09W_RGB_RGB_T930_ORT1x.pdf;Specification=images/inground-radius/datasheets/inground-radius-specification.pdf;Brochure=files/holectron/holectron-inground-radius-brochure-2025.pdf
Inground Radius RGBW,,,,,,,,,,,,,,,,,,,,Inground Radius RGBW R272 9.6W/m,IngroundR I EOP H100 R0272 L0404 / RGBW48/NN G5 09W RGB_RGB_T940 / OR.T1x,Stainless Steel,images/inground-radius-rgbw/inground-radius-rgbw-r272-stainless-steel.jpg,RGB + 4000K,CRI>90,Dimmable,IP67,IK10,,"Individual segment · 2 end caps, 1 cable · opal cover · curve R272mm, 90° · 404mm long · 24V DC, driver separate · RGBW48 strip 9.6W/m · R 11 · G 36 · B 7 · W 57 lm",3.6W,111lm,31lm/W,Diffused,Datasheet=images/inground-radius-rgbw/datasheets/IngroundR_I_EOP_H100_R0272_L0404_RGBW48NN_G5_09W_RGB_RGB_T940_ORT1x.pdf;Specification=images/inground-radius/datasheets/inground-radius-specification.pdf;Brochure=files/holectron/holectron-inground-radius-brochure-2025.pdf
Inground Radius RGBW,,,,,,,,,,,,,,,,,,,,Inground Radius RGBW R515 9.6W/m,IngroundR I EOP H100 R0515 L0393 / RGBW48/NN G5 09W RGB_RGB_922 / OR.T1x,Stainless Steel,images/inground-radius-rgbw/inground-radius-rgbw-r515-stainless-steel.jpg,RGB + 2200K,CRI>90,Dimmable,IP67,IK10,,"Individual segment · 2 end caps, 1 cable · opal cover · curve R515mm, 45° · 393mm long · 24V DC, driver separate · RGBW48 strip 9.6W/m · R 11 · G 36 · B 7 · W 34 lm",3.6W,88lm,24lm/W,Diffused,Datasheet=images/inground-radius-rgbw/datasheets/IngroundR_I_EOP_H100_R0515_L0393_RGBW48NN_G5_09W_RGB_RGB_922_ORT1x.pdf;Specification=images/inground-radius/datasheets/inground-radius-specification.pdf;Brochure=files/holectron/holectron-inground-radius-brochure-2025.pdf
Inground Radius RGBW,,,,,,,,,,,,,,,,,,,,Inground Radius RGBW R515 9.6W/m,IngroundR I EOP H100 R0515 L0393 / RGBW48/NN G5 09W RGB_RGB_T927 / OR.T1x,Stainless Steel,images/inground-radius-rgbw/inground-radius-rgbw-r515-stainless-steel.jpg,RGB + 2700K,CRI>90,Dimmable,IP67,IK10,,"Individual segment · 2 end caps, 1 cable · opal cover · curve R515mm, 45° · 393mm long · 24V DC, driver separate · RGBW48 strip 9.6W/m · R 11 · G 36 · B 7 · W 52 lm",3.6W,106lm,29lm/W,Diffused,Datasheet=images/inground-radius-rgbw/datasheets/IngroundR_I_EOP_H100_R0515_L0393_RGBW48NN_G5_09W_RGB_RGB_T927_ORT1x.pdf;Specification=images/inground-radius/datasheets/inground-radius-specification.pdf;Brochure=files/holectron/holectron-inground-radius-brochure-2025.pdf
Inground Radius RGBW,,,,,,,,,,,,,,,,,,,,Inground Radius RGBW R515 9.6W/m,IngroundR I EOP H100 R0515 L0393 / RGBW48/NN G5 09W RGB_RGB_T930 / OR.T1x,Stainless Steel,images/inground-radius-rgbw/inground-radius-rgbw-r515-stainless-steel.jpg,RGB + 3000K,CRI>90,Dimmable,IP67,IK10,,"Individual segment · 2 end caps, 1 cable · opal cover · curve R515mm, 45° · 393mm long · 24V DC, driver separate · RGBW48 strip 9.6W/m · R 11 · G 36 · B 7 · W 54 lm",3.6W,109lm,30lm/W,Diffused,Datasheet=images/inground-radius-rgbw/datasheets/IngroundR_I_EOP_H100_R0515_L0393_RGBW48NN_G5_09W_RGB_RGB_T930_ORT1x.pdf;Specification=images/inground-radius/datasheets/inground-radius-specification.pdf;Brochure=files/holectron/holectron-inground-radius-brochure-2025.pdf
Inground Radius RGBW,,,,,,,,,,,,,,,,,,,,Inground Radius RGBW R515 9.6W/m,IngroundR I EOP H100 R0515 L0393 / RGBW48/NN G5 09W RGB_RGB_T940 / OR.T1x,Stainless Steel,images/inground-radius-rgbw/inground-radius-rgbw-r515-stainless-steel.jpg,RGB + 4000K,CRI>90,Dimmable,IP67,IK10,,"Individual segment · 2 end caps, 1 cable · opal cover · curve R515mm, 45° · 393mm long · 24V DC, driver separate · RGBW48 strip 9.6W/m · R 11 · G 36 · B 7 · W 57 lm",3.6W,111lm,31lm/W,Diffused,Datasheet=images/inground-radius-rgbw/datasheets/IngroundR_I_EOP_H100_R0515_L0393_RGBW48NN_G5_09W_RGB_RGB_T940_ORT1x.pdf;Specification=images/inground-radius/datasheets/inground-radius-specification.pdf;Brochure=files/holectron/holectron-inground-radius-brochure-2025.pdf
Inground Radius RGBW,,,,,,,,,,,,,,,,,,,,Inground Radius RGBW R1000 9.6W/m,IngroundR I EOP H100 R1000 L0387 / RGBW48/NN G5 09W RGB_RGB_922 / OR.T1x,Stainless Steel,images/inground-radius-rgbw/inground-radius-rgbw-r1000-stainless-steel.jpg,RGB + 2200K,CRI>90,Dimmable,IP67,IK10,,"Individual segment · 2 end caps, 1 cable · opal cover · curve R1000mm, 22.5° · 387mm long · 24V DC, driver separate · RGBW48 strip 9.6W/m · R 11 · G 36 · B 7 · W 34 lm",3.6W,88lm,24lm/W,Diffused,Datasheet=images/inground-radius-rgbw/datasheets/IngroundR_I_EOP_H100_R1000_L0387_RGBW48NN_G5_09W_RGB_RGB_922_ORT1x.pdf;Specification=images/inground-radius/datasheets/inground-radius-specification.pdf;Brochure=files/holectron/holectron-inground-radius-brochure-2025.pdf
Inground Radius RGBW,,,,,,,,,,,,,,,,,,,,Inground Radius RGBW R1000 9.6W/m,IngroundR I EOP H100 R1000 L0387 / RGBW48/NN G5 09W RGB_RGB_T927 / OR.T1x,Stainless Steel,images/inground-radius-rgbw/inground-radius-rgbw-r1000-stainless-steel.jpg,RGB + 2700K,CRI>90,Dimmable,IP67,IK10,,"Individual segment · 2 end caps, 1 cable · opal cover · curve R1000mm, 22.5° · 387mm long · 24V DC, driver separate · RGBW48 strip 9.6W/m · R 11 · G 36 · B 7 · W 52 lm",3.6W,106lm,29lm/W,Diffused,Datasheet=images/inground-radius-rgbw/datasheets/IngroundR_I_EOP_H100_R1000_L0387_RGBW48NN_G5_09W_RGB_RGB_T927_ORT1x.pdf;Specification=images/inground-radius/datasheets/inground-radius-specification.pdf;Brochure=files/holectron/holectron-inground-radius-brochure-2025.pdf
Inground Radius RGBW,,,,,,,,,,,,,,,,,,,,Inground Radius RGBW R1000 9.6W/m,IngroundR I EOP H100 R1000 L0387 / RGBW48/NN G5 09W RGB_RGB_T930 / OR.T1x,Stainless Steel,images/inground-radius-rgbw/inground-radius-rgbw-r1000-stainless-steel.jpg,RGB + 3000K,CRI>90,Dimmable,IP67,IK10,,"Individual segment · 2 end caps, 1 cable · opal cover · curve R1000mm, 22.5° · 387mm long · 24V DC, driver separate · RGBW48 strip 9.6W/m · R 11 · G 36 · B 7 · W 54 lm",3.6W,109lm,30lm/W,Diffused,Datasheet=images/inground-radius-rgbw/datasheets/IngroundR_I_EOP_H100_R1000_L0387_RGBW48NN_G5_09W_RGB_RGB_T930_ORT1x.pdf;Specification=images/inground-radius/datasheets/inground-radius-specification.pdf;Brochure=files/holectron/holectron-inground-radius-brochure-2025.pdf
Inground Radius RGBW,,,,,,,,,,,,,,,,,,,,Inground Radius RGBW R1000 9.6W/m,IngroundR I EOP H100 R1000 L0387 / RGBW48/NN G5 09W RGB_RGB_T940 / OR.T1x,Stainless Steel,images/inground-radius-rgbw/inground-radius-rgbw-r1000-stainless-steel.jpg,RGB + 4000K,CRI>90,Dimmable,IP67,IK10,,"Individual segment · 2 end caps, 1 cable · opal cover · curve R1000mm, 22.5° · 387mm long · 24V DC, driver separate · RGBW48 strip 9.6W/m · R 11 · G 36 · B 7 · W 57 lm",3.6W,111lm,31lm/W,Diffused,Datasheet=images/inground-radius-rgbw/datasheets/IngroundR_I_EOP_H100_R1000_L0387_RGBW48NN_G5_09W_RGB_RGB_T940_ORT1x.pdf;Specification=images/inground-radius/datasheets/inground-radius-specification.pdf;Brochure=files/holectron/holectron-inground-radius-brochure-2025.pdf
Inground Radius RGBW,,,,,,,,,,,,,,,,,,,,Inground Radius RGBW R1975 9.6W/m,IngroundR I EOP H100 R1975 L0385 / RGBW48/NN G5 09W RGB_RGB_922 / OR.T1x,Stainless Steel,images/inground-radius-rgbw/inground-radius-rgbw-r1975-stainless-steel.jpg,RGB + 2200K,CRI>90,Dimmable,IP67,IK10,,"Individual segment · 2 end caps, 1 cable · opal cover · curve R1975mm, 11.3° · 385mm long · 24V DC, driver separate · RGBW48 strip 9.6W/m · R 11 · G 36 · B 7 · W 34 lm",3.6W,88lm,24lm/W,Diffused,Datasheet=images/inground-radius-rgbw/datasheets/IngroundR_I_EOP_H100_R1975_L0385_RGBW48NN_G5_09W_RGB_RGB_922_ORT1x.pdf;Specification=images/inground-radius/datasheets/inground-radius-specification.pdf;Brochure=files/holectron/holectron-inground-radius-brochure-2025.pdf
Inground Radius RGBW,,,,,,,,,,,,,,,,,,,,Inground Radius RGBW R1975 9.6W/m,IngroundR I EOP H100 R1975 L0385 / RGBW48/NN G5 09W RGB_RGB_T927 / OR.T1x,Stainless Steel,images/inground-radius-rgbw/inground-radius-rgbw-r1975-stainless-steel.jpg,RGB + 2700K,CRI>90,Dimmable,IP67,IK10,,"Individual segment · 2 end caps, 1 cable · opal cover · curve R1975mm, 11.3° · 385mm long · 24V DC, driver separate · RGBW48 strip 9.6W/m · R 11 · G 36 · B 7 · W 52 lm",3.6W,106lm,29lm/W,Diffused,Datasheet=images/inground-radius-rgbw/datasheets/IngroundR_I_EOP_H100_R1975_L0385_RGBW48NN_G5_09W_RGB_RGB_T927_ORT1x.pdf;Specification=images/inground-radius/datasheets/inground-radius-specification.pdf;Brochure=files/holectron/holectron-inground-radius-brochure-2025.pdf
Inground Radius RGBW,,,,,,,,,,,,,,,,,,,,Inground Radius RGBW R1975 9.6W/m,IngroundR I EOP H100 R1975 L0385 / RGBW48/NN G5 09W RGB_RGB_T930 / OR.T1x,Stainless Steel,images/inground-radius-rgbw/inground-radius-rgbw-r1975-stainless-steel.jpg,RGB + 3000K,CRI>90,Dimmable,IP67,IK10,,"Individual segment · 2 end caps, 1 cable · opal cover · curve R1975mm, 11.3° · 385mm long · 24V DC, driver separate · RGBW48 strip 9.6W/m · R 11 · G 36 · B 7 · W 54 lm",3.6W,109lm,30lm/W,Diffused,Datasheet=images/inground-radius-rgbw/datasheets/IngroundR_I_EOP_H100_R1975_L0385_RGBW48NN_G5_09W_RGB_RGB_T930_ORT1x.pdf;Specification=images/inground-radius/datasheets/inground-radius-specification.pdf;Brochure=files/holectron/holectron-inground-radius-brochure-2025.pdf
Inground Radius RGBW,,,,,,,,,,,,,,,,,,,,Inground Radius RGBW R1975 9.6W/m,IngroundR I EOP H100 R1975 L0385 / RGBW48/NN G5 09W RGB_RGB_T940 / OR.T1x,Stainless Steel,images/inground-radius-rgbw/inground-radius-rgbw-r1975-stainless-steel.jpg,RGB + 4000K,CRI>90,Dimmable,IP67,IK10,,"Individual segment · 2 end caps, 1 cable · opal cover · curve R1975mm, 11.3° · 385mm long · 24V DC, driver separate · RGBW48 strip 9.6W/m · R 11 · G 36 · B 7 · W 57 lm",3.6W,111lm,31lm/W,Diffused,Datasheet=images/inground-radius-rgbw/datasheets/IngroundR_I_EOP_H100_R1975_L0385_RGBW48NN_G5_09W_RGB_RGB_T940_ORT1x.pdf;Specification=images/inground-radius/datasheets/inground-radius-specification.pdf;Brochure=files/holectron/holectron-inground-radius-brochure-2025.pdf
Inground Radius RGBW,,,,,,,,,,,,,,,,,,,,Inground Radius RGBW R2950 9.6W/m,IngroundR I EOP H100 R2950 L0384 / RGBW48/NN G5 09W RGB_RGB_922 / OR.T1x,Stainless Steel,images/inground-radius-rgbw/inground-radius-rgbw-r2950-stainless-steel.jpg,RGB + 2200K,CRI>90,Dimmable,IP67,IK10,,"Individual segment · 2 end caps, 1 cable · opal cover · curve R2950mm, 7.5° · 384mm long · 24V DC, driver separate · RGBW48 strip 9.6W/m · R 11 · G 36 · B 7 · W 34 lm",3.6W,88lm,24lm/W,Diffused,Datasheet=images/inground-radius-rgbw/datasheets/IngroundR_I_EOP_H100_R2950_L0384_RGBW48NN_G5_09W_RGB_RGB_922_ORT1x.pdf;Specification=images/inground-radius/datasheets/inground-radius-specification.pdf;Brochure=files/holectron/holectron-inground-radius-brochure-2025.pdf
Inground Radius RGBW,,,,,,,,,,,,,,,,,,,,Inground Radius RGBW R2950 9.6W/m,IngroundR I EOP H100 R2950 L0384 / RGBW48/NN G5 09W RGB_RGB_T927 / OR.T1x,Stainless Steel,images/inground-radius-rgbw/inground-radius-rgbw-r2950-stainless-steel.jpg,RGB + 2700K,CRI>90,Dimmable,IP67,IK10,,"Individual segment · 2 end caps, 1 cable · opal cover · curve R2950mm, 7.5° · 384mm long · 24V DC, driver separate · RGBW48 strip 9.6W/m · R 11 · G 36 · B 7 · W 52 lm",3.6W,106lm,29lm/W,Diffused,Datasheet=images/inground-radius-rgbw/datasheets/IngroundR_I_EOP_H100_R2950_L0384_RGBW48NN_G5_09W_RGB_RGB_T927_ORT1x.pdf;Specification=images/inground-radius/datasheets/inground-radius-specification.pdf;Brochure=files/holectron/holectron-inground-radius-brochure-2025.pdf
Inground Radius RGBW,,,,,,,,,,,,,,,,,,,,Inground Radius RGBW R2950 9.6W/m,IngroundR I EOP H100 R2950 L0384 / RGBW48/NN G5 09W RGB_RGB_T930 / OR.T1x,Stainless Steel,images/inground-radius-rgbw/inground-radius-rgbw-r2950-stainless-steel.jpg,RGB + 3000K,CRI>90,Dimmable,IP67,IK10,,"Individual segment · 2 end caps, 1 cable · opal cover · curve R2950mm, 7.5° · 384mm long · 24V DC, driver separate · RGBW48 strip 9.6W/m · R 11 · G 36 · B 7 · W 54 lm",3.6W,109lm,30lm/W,Diffused,Datasheet=images/inground-radius-rgbw/datasheets/IngroundR_I_EOP_H100_R2950_L0384_RGBW48NN_G5_09W_RGB_RGB_T930_ORT1x.pdf;Specification=images/inground-radius/datasheets/inground-radius-specification.pdf;Brochure=files/holectron/holectron-inground-radius-brochure-2025.pdf
Inground Radius RGBW,,,,,,,,,,,,,,,,,,,,Inground Radius RGBW R2950 9.6W/m,IngroundR I EOP H100 R2950 L0384 / RGBW48/NN G5 09W RGB_RGB_T940 / OR.T1x,Stainless Steel,images/inground-radius-rgbw/inground-radius-rgbw-r2950-stainless-steel.jpg,RGB + 4000K,CRI>90,Dimmable,IP67,IK10,,"Individual segment · 2 end caps, 1 cable · opal cover · curve R2950mm, 7.5° · 384mm long · 24V DC, driver separate · RGBW48 strip 9.6W/m · R 11 · G 36 · B 7 · W 57 lm",3.6W,111lm,31lm/W,Diffused,Datasheet=images/inground-radius-rgbw/datasheets/IngroundR_I_EOP_H100_R2950_L0384_RGBW48NN_G5_09W_RGB_RGB_T940_ORT1x.pdf;Specification=images/inground-radius/datasheets/inground-radius-specification.pdf;Brochure=files/holectron/holectron-inground-radius-brochure-2025.pdf
Inground Radius RGBW,,,,,,,,,,,,,,,,,,,,Inground Radius RGBW R6100 9.6W/m,IngroundR I EOP H100 R6100 L0382 / RGBW48/NN G5 09W RGB_RGB_922 / OR.T1x,Stainless Steel,images/inground-radius-rgbw/inground-radius-rgbw-r6100-stainless-steel.jpg,RGB + 2200K,CRI>90,Dimmable,IP67,IK10,,"Individual segment · 2 end caps, 1 cable · opal cover · curve R6100mm, 3.6° · 382mm long · 24V DC, driver separate · RGBW48 strip 9.6W/m · R 11 · G 36 · B 7 · W 34 lm",3.6W,88lm,24lm/W,Diffused,Datasheet=images/inground-radius-rgbw/datasheets/IngroundR_I_EOP_H100_R6100_L0382_RGBW48NN_G5_09W_RGB_RGB_922_ORT1x.pdf;Specification=images/inground-radius/datasheets/inground-radius-specification.pdf;Brochure=files/holectron/holectron-inground-radius-brochure-2025.pdf
Inground Radius RGBW,,,,,,,,,,,,,,,,,,,,Inground Radius RGBW R6100 9.6W/m,IngroundR I EOP H100 R6100 L0382 / RGBW48/NN G5 09W RGB_RGB_T927 / OR.T1x,Stainless Steel,images/inground-radius-rgbw/inground-radius-rgbw-r6100-stainless-steel.jpg,RGB + 2700K,CRI>90,Dimmable,IP67,IK10,,"Individual segment · 2 end caps, 1 cable · opal cover · curve R6100mm, 3.6° · 382mm long · 24V DC, driver separate · RGBW48 strip 9.6W/m · R 11 · G 36 · B 7 · W 52 lm",3.6W,106lm,29lm/W,Diffused,Datasheet=images/inground-radius-rgbw/datasheets/IngroundR_I_EOP_H100_R6100_L0382_RGBW48NN_G5_09W_RGB_RGB_T927_ORT1x.pdf;Specification=images/inground-radius/datasheets/inground-radius-specification.pdf;Brochure=files/holectron/holectron-inground-radius-brochure-2025.pdf
Inground Radius RGBW,,,,,,,,,,,,,,,,,,,,Inground Radius RGBW R6100 9.6W/m,IngroundR I EOP H100 R6100 L0382 / RGBW48/NN G5 09W RGB_RGB_T930 / OR.T1x,Stainless Steel,images/inground-radius-rgbw/inground-radius-rgbw-r6100-stainless-steel.jpg,RGB + 3000K,CRI>90,Dimmable,IP67,IK10,,"Individual segment · 2 end caps, 1 cable · opal cover · curve R6100mm, 3.6° · 382mm long · 24V DC, driver separate · RGBW48 strip 9.6W/m · R 11 · G 36 · B 7 · W 54 lm",3.6W,109lm,30lm/W,Diffused,Datasheet=images/inground-radius-rgbw/datasheets/IngroundR_I_EOP_H100_R6100_L0382_RGBW48NN_G5_09W_RGB_RGB_T930_ORT1x.pdf;Specification=images/inground-radius/datasheets/inground-radius-specification.pdf;Brochure=files/holectron/holectron-inground-radius-brochure-2025.pdf
Inground Radius RGBW,,,,,,,,,,,,,,,,,,,,Inground Radius RGBW R6100 9.6W/m,IngroundR I EOP H100 R6100 L0382 / RGBW48/NN G5 09W RGB_RGB_T940 / OR.T1x,Stainless Steel,images/inground-radius-rgbw/inground-radius-rgbw-r6100-stainless-steel.jpg,RGB + 4000K,CRI>90,Dimmable,IP67,IK10,,"Individual segment · 2 end caps, 1 cable · opal cover · curve R6100mm, 3.6° · 382mm long · 24V DC, driver separate · RGBW48 strip 9.6W/m · R 11 · G 36 · B 7 · W 57 lm",3.6W,111lm,31lm/W,Diffused,Datasheet=images/inground-radius-rgbw/datasheets/IngroundR_I_EOP_H100_R6100_L0382_RGBW48NN_G5_09W_RGB_RGB_T940_ORT1x.pdf;Specification=images/inground-radius/datasheets/inground-radius-specification.pdf;Brochure=files/holectron/holectron-inground-radius-brochure-2025.pdf
Inground Radius RGBW,,,,,,,,,,,,,,,,,,,,Inground Radius RGBW L505 9.6W/m,IngroundR S EOP H100 R0000 L0505 / RGBW48/NN G5 09W RGB_RGB_922 / OR.T1x,Stainless Steel,images/inground-radius-rgbw/inground-radius-rgbw-l505-stainless-steel.jpg,RGB + 2200K,CRI>90,Dimmable,IP67,IK10,,"Start segment · end cap at start, 2 cables · opal cover · straight · 505mm long · 24V DC, driver separate · RGBW48 strip 9.6W/m · R 15 · G 48 · B 10 · W 45 lm",4.8W,118lm,25lm/W,Diffused,Datasheet=images/inground-radius-rgbw/datasheets/IngroundR_S_EOP_H100_R0000_L0505_RGBW48NN_G5_09W_RGB_RGB_922_ORT1x.pdf;Specification=images/inground-radius/datasheets/inground-radius-specification.pdf;Brochure=files/holectron/holectron-inground-radius-brochure-2025.pdf
Inground Radius RGBW,,,,,,,,,,,,,,,,,,,,Inground Radius RGBW L505 9.6W/m,IngroundR S EOP H100 R0000 L0505 / RGBW48/NN G5 09W RGB_RGB_T927 / OR.T1x,Stainless Steel,images/inground-radius-rgbw/inground-radius-rgbw-l505-stainless-steel.jpg,RGB + 2700K,CRI>90,Dimmable,IP67,IK10,,"Start segment · end cap at start, 2 cables · opal cover · straight · 505mm long · 24V DC, driver separate · RGBW48 strip 9.6W/m · R 15 · G 48 · B 10 · W 69 lm",4.8W,142lm,30lm/W,Diffused,Datasheet=images/inground-radius-rgbw/datasheets/IngroundR_S_EOP_H100_R0000_L0505_RGBW48NN_G5_09W_RGB_RGB_T927_ORT1x.pdf;Specification=images/inground-radius/datasheets/inground-radius-specification.pdf;Brochure=files/holectron/holectron-inground-radius-brochure-2025.pdf
Inground Radius RGBW,,,,,,,,,,,,,,,,,,,,Inground Radius RGBW L505 9.6W/m,IngroundR S EOP H100 R0000 L0505 / RGBW48/NN G5 09W RGB_RGB_T930 / OR.T1x,Stainless Steel,images/inground-radius-rgbw/inground-radius-rgbw-l505-stainless-steel.jpg,RGB + 3000K,CRI>90,Dimmable,IP67,IK10,,"Start segment · end cap at start, 2 cables · opal cover · straight · 505mm long · 24V DC, driver separate · RGBW48 strip 9.6W/m · R 15 · G 48 · B 10 · W 72 lm",4.8W,145lm,30lm/W,Diffused,Datasheet=images/inground-radius-rgbw/datasheets/IngroundR_S_EOP_H100_R0000_L0505_RGBW48NN_G5_09W_RGB_RGB_T930_ORT1x.pdf;Specification=images/inground-radius/datasheets/inground-radius-specification.pdf;Brochure=files/holectron/holectron-inground-radius-brochure-2025.pdf
Inground Radius RGBW,,,,,,,,,,,,,,,,,,,,Inground Radius RGBW L505 9.6W/m,IngroundR S EOP H100 R0000 L0505 / RGBW48/NN G5 09W RGB_RGB_T940 / OR.T1x,Stainless Steel,images/inground-radius-rgbw/inground-radius-rgbw-l505-stainless-steel.jpg,RGB + 4000K,CRI>90,Dimmable,IP67,IK10,,"Start segment · end cap at start, 2 cables · opal cover · straight · 505mm long · 24V DC, driver separate · RGBW48 strip 9.6W/m · R 15 · G 48 · B 10 · W 75 lm",4.8W,148lm,31lm/W,Diffused,Datasheet=images/inground-radius-rgbw/datasheets/IngroundR_S_EOP_H100_R0000_L0505_RGBW48NN_G5_09W_RGB_RGB_T940_ORT1x.pdf;Specification=images/inground-radius/datasheets/inground-radius-specification.pdf;Brochure=files/holectron/holectron-inground-radius-brochure-2025.pdf
Inground Radius RGBW,,,,,,,,,,,,,,,,,,,,Inground Radius RGBW L1005 9.6W/m,IngroundR S EOP H100 R0000 L1005 / RGBW48/NN G5 09W RGB_RGB_922 / OR.T1x,Stainless Steel,images/inground-radius-rgbw/inground-radius-rgbw-l1005-stainless-steel.jpg,RGB + 2200K,CRI>90,Dimmable,IP67,IK10,,"Start segment · end cap at start, 2 cables · opal cover · straight · 1005mm long · 24V DC, driver separate · RGBW48 strip 9.6W/m · R 30 · G 96 · B 20 · W 91 lm",9.6W,236lm,25lm/W,Diffused,Datasheet=images/inground-radius-rgbw/datasheets/IngroundR_S_EOP_H100_R0000_L1005_RGBW48NN_G5_09W_RGB_RGB_922_ORT1x.pdf;Specification=images/inground-radius/datasheets/inground-radius-specification.pdf;Brochure=files/holectron/holectron-inground-radius-brochure-2025.pdf
Inground Radius RGBW,,,,,,,,,,,,,,,,,,,,Inground Radius RGBW L1005 9.6W/m,IngroundR S EOP H100 R0000 L1005 / RGBW48/NN G5 09W RGB_RGB_T927 / OR.T1x,Stainless Steel,images/inground-radius-rgbw/inground-radius-rgbw-l1005-stainless-steel.jpg,RGB + 2700K,CRI>90,Dimmable,IP67,IK10,,"Start segment · end cap at start, 2 cables · opal cover · straight · 1005mm long · 24V DC, driver separate · RGBW48 strip 9.6W/m · R 30 · G 96 · B 20 · W 138 lm",9.6W,283lm,29lm/W,Diffused,Datasheet=images/inground-radius-rgbw/datasheets/IngroundR_S_EOP_H100_R0000_L1005_RGBW48NN_G5_09W_RGB_RGB_T927_ORT1x.pdf;Specification=images/inground-radius/datasheets/inground-radius-specification.pdf;Brochure=files/holectron/holectron-inground-radius-brochure-2025.pdf
Inground Radius RGBW,,,,,,,,,,,,,,,,,,,,Inground Radius RGBW L1005 9.6W/m,IngroundR S EOP H100 R0000 L1005 / RGBW48/NN G5 09W RGB_RGB_T930 / OR.T1x,Stainless Steel,images/inground-radius-rgbw/inground-radius-rgbw-l1005-stainless-steel.jpg,RGB + 3000K,CRI>90,Dimmable,IP67,IK10,,"Start segment · end cap at start, 2 cables · opal cover · straight · 1005mm long · 24V DC, driver separate · RGBW48 strip 9.6W/m · R 30 · G 96 · B 20 · W 145 lm",9.6W,290lm,30lm/W,Diffused,Datasheet=images/inground-radius-rgbw/datasheets/IngroundR_S_EOP_H100_R0000_L1005_RGBW48NN_G5_09W_RGB_RGB_T930_ORT1x.pdf;Specification=images/inground-radius/datasheets/inground-radius-specification.pdf;Brochure=files/holectron/holectron-inground-radius-brochure-2025.pdf
Inground Radius RGBW,,,,,,,,,,,,,,,,,,,,Inground Radius RGBW L1005 9.6W/m,IngroundR S EOP H100 R0000 L1005 / RGBW48/NN G5 09W RGB_RGB_T940 / OR.T1x,Stainless Steel,images/inground-radius-rgbw/inground-radius-rgbw-l1005-stainless-steel.jpg,RGB + 4000K,CRI>90,Dimmable,IP67,IK10,,"Start segment · end cap at start, 2 cables · opal cover · straight · 1005mm long · 24V DC, driver separate · RGBW48 strip 9.6W/m · R 30 · G 96 · B 20 · W 151 lm",9.6W,296lm,31lm/W,Diffused,Datasheet=images/inground-radius-rgbw/datasheets/IngroundR_S_EOP_H100_R0000_L1005_RGBW48NN_G5_09W_RGB_RGB_T940_ORT1x.pdf;Specification=images/inground-radius/datasheets/inground-radius-specification.pdf;Brochure=files/holectron/holectron-inground-radius-brochure-2025.pdf
Inground Radius RGBW,,,,,,,,,,,,,,,,,,,,Inground Radius RGBW R272 9.6W/m,IngroundR S EOP H100 R0272 L0404 / RGBW48/NN G5 09W RGB_RGB_922 / OR.T1x,Stainless Steel,images/inground-radius-rgbw/inground-radius-rgbw-r272-stainless-steel.jpg,RGB + 2200K,CRI>90,Dimmable,IP67,IK10,,"Start segment · end cap at start, 2 cables · opal cover · curve R272mm, 90° · 404mm long · 24V DC, driver separate · RGBW48 strip 9.6W/m · R 11 · G 36 · B 7 · W 34 lm",3.6W,88lm,24lm/W,Diffused,Datasheet=images/inground-radius-rgbw/datasheets/IngroundR_S_EOP_H100_R0272_L0404_RGBW48NN_G5_09W_RGB_RGB_922_ORT1x.pdf;Specification=images/inground-radius/datasheets/inground-radius-specification.pdf;Brochure=files/holectron/holectron-inground-radius-brochure-2025.pdf
Inground Radius RGBW,,,,,,,,,,,,,,,,,,,,Inground Radius RGBW R272 9.6W/m,IngroundR S EOP H100 R0272 L0404 / RGBW48/NN G5 09W RGB_RGB_T927 / OR.T1x,Stainless Steel,images/inground-radius-rgbw/inground-radius-rgbw-r272-stainless-steel.jpg,RGB + 2700K,CRI>90,Dimmable,IP67,IK10,,"Start segment · end cap at start, 2 cables · opal cover · curve R272mm, 90° · 404mm long · 24V DC, driver separate · RGBW48 strip 9.6W/m · R 11 · G 36 · B 7 · W 52 lm",3.6W,106lm,29lm/W,Diffused,Datasheet=images/inground-radius-rgbw/datasheets/IngroundR_S_EOP_H100_R0272_L0404_RGBW48NN_G5_09W_RGB_RGB_T927_ORT1x.pdf;Specification=images/inground-radius/datasheets/inground-radius-specification.pdf;Brochure=files/holectron/holectron-inground-radius-brochure-2025.pdf
Inground Radius RGBW,,,,,,,,,,,,,,,,,,,,Inground Radius RGBW R272 9.6W/m,IngroundR S EOP H100 R0272 L0404 / RGBW48/NN G5 09W RGB_RGB_T930 / OR.T1x,Stainless Steel,images/inground-radius-rgbw/inground-radius-rgbw-r272-stainless-steel.jpg,RGB + 3000K,CRI>90,Dimmable,IP67,IK10,,"Start segment · end cap at start, 2 cables · opal cover · curve R272mm, 90° · 404mm long · 24V DC, driver separate · RGBW48 strip 9.6W/m · R 11 · G 36 · B 7 · W 54 lm",3.6W,109lm,30lm/W,Diffused,Datasheet=images/inground-radius-rgbw/datasheets/IngroundR_S_EOP_H100_R0272_L0404_RGBW48NN_G5_09W_RGB_RGB_T930_ORT1x.pdf;Specification=images/inground-radius/datasheets/inground-radius-specification.pdf;Brochure=files/holectron/holectron-inground-radius-brochure-2025.pdf
Inground Radius RGBW,,,,,,,,,,,,,,,,,,,,Inground Radius RGBW R272 9.6W/m,IngroundR S EOP H100 R0272 L0404 / RGBW48/NN G5 09W RGB_RGB_T940 / OR.T1x,Stainless Steel,images/inground-radius-rgbw/inground-radius-rgbw-r272-stainless-steel.jpg,RGB + 4000K,CRI>90,Dimmable,IP67,IK10,,"Start segment · end cap at start, 2 cables · opal cover · curve R272mm, 90° · 404mm long · 24V DC, driver separate · RGBW48 strip 9.6W/m · R 11 · G 36 · B 7 · W 57 lm",3.6W,111lm,31lm/W,Diffused,Datasheet=images/inground-radius-rgbw/datasheets/IngroundR_S_EOP_H100_R0272_L0404_RGBW48NN_G5_09W_RGB_RGB_T940_ORT1x.pdf;Specification=images/inground-radius/datasheets/inground-radius-specification.pdf;Brochure=files/holectron/holectron-inground-radius-brochure-2025.pdf
Inground Radius RGBW,,,,,,,,,,,,,,,,,,,,Inground Radius RGBW R515 9.6W/m,IngroundR S EOP H100 R0515 L0393 / RGBW48/NN G5 09W RGB_RGB_922 / OR.T1x,Stainless Steel,images/inground-radius-rgbw/inground-radius-rgbw-r515-stainless-steel.jpg,RGB + 2200K,CRI>90,Dimmable,IP67,IK10,,"Start segment · end cap at start, 2 cables · opal cover · curve R515mm, 45° · 393mm long · 24V DC, driver separate · RGBW48 strip 9.6W/m · R 11 · G 36 · B 7 · W 34 lm",3.6W,88lm,24lm/W,Diffused,Datasheet=images/inground-radius-rgbw/datasheets/IngroundR_S_EOP_H100_R0515_L0393_RGBW48NN_G5_09W_RGB_RGB_922_ORT1x.pdf;Specification=images/inground-radius/datasheets/inground-radius-specification.pdf;Brochure=files/holectron/holectron-inground-radius-brochure-2025.pdf
Inground Radius RGBW,,,,,,,,,,,,,,,,,,,,Inground Radius RGBW R515 9.6W/m,IngroundR S EOP H100 R0515 L0393 / RGBW48/NN G5 09W RGB_RGB_T927 / OR.T1x,Stainless Steel,images/inground-radius-rgbw/inground-radius-rgbw-r515-stainless-steel.jpg,RGB + 2700K,CRI>90,Dimmable,IP67,IK10,,"Start segment · end cap at start, 2 cables · opal cover · curve R515mm, 45° · 393mm long · 24V DC, driver separate · RGBW48 strip 9.6W/m · R 11 · G 36 · B 7 · W 52 lm",3.6W,106lm,29lm/W,Diffused,Datasheet=images/inground-radius-rgbw/datasheets/IngroundR_S_EOP_H100_R0515_L0393_RGBW48NN_G5_09W_RGB_RGB_T927_ORT1x.pdf;Specification=images/inground-radius/datasheets/inground-radius-specification.pdf;Brochure=files/holectron/holectron-inground-radius-brochure-2025.pdf
Inground Radius RGBW,,,,,,,,,,,,,,,,,,,,Inground Radius RGBW R515 9.6W/m,IngroundR S EOP H100 R0515 L0393 / RGBW48/NN G5 09W RGB_RGB_T930 / OR.T1x,Stainless Steel,images/inground-radius-rgbw/inground-radius-rgbw-r515-stainless-steel.jpg,RGB + 3000K,CRI>90,Dimmable,IP67,IK10,,"Start segment · end cap at start, 2 cables · opal cover · curve R515mm, 45° · 393mm long · 24V DC, driver separate · RGBW48 strip 9.6W/m · R 11 · G 36 · B 7 · W 54 lm",3.6W,109lm,30lm/W,Diffused,Datasheet=images/inground-radius-rgbw/datasheets/IngroundR_S_EOP_H100_R0515_L0393_RGBW48NN_G5_09W_RGB_RGB_T930_ORT1x.pdf;Specification=images/inground-radius/datasheets/inground-radius-specification.pdf;Brochure=files/holectron/holectron-inground-radius-brochure-2025.pdf
Inground Radius RGBW,,,,,,,,,,,,,,,,,,,,Inground Radius RGBW R515 9.6W/m,IngroundR S EOP H100 R0515 L0393 / RGBW48/NN G5 09W RGB_RGB_T940 / OR.T1x,Stainless Steel,images/inground-radius-rgbw/inground-radius-rgbw-r515-stainless-steel.jpg,RGB + 4000K,CRI>90,Dimmable,IP67,IK10,,"Start segment · end cap at start, 2 cables · opal cover · curve R515mm, 45° · 393mm long · 24V DC, driver separate · RGBW48 strip 9.6W/m · R 11 · G 36 · B 7 · W 57 lm",3.6W,111lm,31lm/W,Diffused,Datasheet=images/inground-radius-rgbw/datasheets/IngroundR_S_EOP_H100_R0515_L0393_RGBW48NN_G5_09W_RGB_RGB_T940_ORT1x.pdf;Specification=images/inground-radius/datasheets/inground-radius-specification.pdf;Brochure=files/holectron/holectron-inground-radius-brochure-2025.pdf
Inground Radius RGBW,,,,,,,,,,,,,,,,,,,,Inground Radius RGBW R1000 9.6W/m,IngroundR S EOP H100 R1000 L0387 / RGBW48/NN G5 09W RGB_RGB_922 / OR.T1x,Stainless Steel,images/inground-radius-rgbw/inground-radius-rgbw-r1000-stainless-steel.jpg,RGB + 2200K,CRI>90,Dimmable,IP67,IK10,,"Start segment · end cap at start, 2 cables · opal cover · curve R1000mm, 22.5° · 387mm long · 24V DC, driver separate · RGBW48 strip 9.6W/m · R 11 · G 36 · B 7 · W 34 lm",3.6W,88lm,24lm/W,Diffused,Datasheet=images/inground-radius-rgbw/datasheets/IngroundR_S_EOP_H100_R1000_L0387_RGBW48NN_G5_09W_RGB_RGB_922_ORT1x.pdf;Specification=images/inground-radius/datasheets/inground-radius-specification.pdf;Brochure=files/holectron/holectron-inground-radius-brochure-2025.pdf
Inground Radius RGBW,,,,,,,,,,,,,,,,,,,,Inground Radius RGBW R1000 9.6W/m,IngroundR S EOP H100 R1000 L0387 / RGBW48/NN G5 09W RGB_RGB_T927 / OR.T1x,Stainless Steel,images/inground-radius-rgbw/inground-radius-rgbw-r1000-stainless-steel.jpg,RGB + 2700K,CRI>90,Dimmable,IP67,IK10,,"Start segment · end cap at start, 2 cables · opal cover · curve R1000mm, 22.5° · 387mm long · 24V DC, driver separate · RGBW48 strip 9.6W/m · R 11 · G 36 · B 7 · W 52 lm",3.6W,106lm,29lm/W,Diffused,Datasheet=images/inground-radius-rgbw/datasheets/IngroundR_S_EOP_H100_R1000_L0387_RGBW48NN_G5_09W_RGB_RGB_T927_ORT1x.pdf;Specification=images/inground-radius/datasheets/inground-radius-specification.pdf;Brochure=files/holectron/holectron-inground-radius-brochure-2025.pdf
Inground Radius RGBW,,,,,,,,,,,,,,,,,,,,Inground Radius RGBW R1000 9.6W/m,IngroundR S EOP H100 R1000 L0387 / RGBW48/NN G5 09W RGB_RGB_T930 / OR.T1x,Stainless Steel,images/inground-radius-rgbw/inground-radius-rgbw-r1000-stainless-steel.jpg,RGB + 3000K,CRI>90,Dimmable,IP67,IK10,,"Start segment · end cap at start, 2 cables · opal cover · curve R1000mm, 22.5° · 387mm long · 24V DC, driver separate · RGBW48 strip 9.6W/m · R 11 · G 36 · B 7 · W 54 lm",3.6W,109lm,30lm/W,Diffused,Datasheet=images/inground-radius-rgbw/datasheets/IngroundR_S_EOP_H100_R1000_L0387_RGBW48NN_G5_09W_RGB_RGB_T930_ORT1x.pdf;Specification=images/inground-radius/datasheets/inground-radius-specification.pdf;Brochure=files/holectron/holectron-inground-radius-brochure-2025.pdf
Inground Radius RGBW,,,,,,,,,,,,,,,,,,,,Inground Radius RGBW R1000 9.6W/m,IngroundR S EOP H100 R1000 L0387 / RGBW48/NN G5 09W RGB_RGB_T940 / OR.T1x,Stainless Steel,images/inground-radius-rgbw/inground-radius-rgbw-r1000-stainless-steel.jpg,RGB + 4000K,CRI>90,Dimmable,IP67,IK10,,"Start segment · end cap at start, 2 cables · opal cover · curve R1000mm, 22.5° · 387mm long · 24V DC, driver separate · RGBW48 strip 9.6W/m · R 11 · G 36 · B 7 · W 57 lm",3.6W,111lm,31lm/W,Diffused,Datasheet=images/inground-radius-rgbw/datasheets/IngroundR_S_EOP_H100_R1000_L0387_RGBW48NN_G5_09W_RGB_RGB_T940_ORT1x.pdf;Specification=images/inground-radius/datasheets/inground-radius-specification.pdf;Brochure=files/holectron/holectron-inground-radius-brochure-2025.pdf
Inground Radius RGBW,,,,,,,,,,,,,,,,,,,,Inground Radius RGBW R1975 9.6W/m,IngroundR S EOP H100 R1975 L0385 / RGBW48/NN G5 09W RGB_RGB_922 / OR.T1x,Stainless Steel,images/inground-radius-rgbw/inground-radius-rgbw-r1975-stainless-steel.jpg,RGB + 2200K,CRI>90,Dimmable,IP67,IK10,,"Start segment · end cap at start, 2 cables · opal cover · curve R1975mm, 11.3° · 385mm long · 24V DC, driver separate · RGBW48 strip 9.6W/m · R 11 · G 36 · B 7 · W 34 lm",3.6W,88lm,24lm/W,Diffused,Datasheet=images/inground-radius-rgbw/datasheets/IngroundR_S_EOP_H100_R1975_L0385_RGBW48NN_G5_09W_RGB_RGB_922_ORT1x.pdf;Specification=images/inground-radius/datasheets/inground-radius-specification.pdf;Brochure=files/holectron/holectron-inground-radius-brochure-2025.pdf
Inground Radius RGBW,,,,,,,,,,,,,,,,,,,,Inground Radius RGBW R1975 9.6W/m,IngroundR S EOP H100 R1975 L0385 / RGBW48/NN G5 09W RGB_RGB_T927 / OR.T1x,Stainless Steel,images/inground-radius-rgbw/inground-radius-rgbw-r1975-stainless-steel.jpg,RGB + 2700K,CRI>90,Dimmable,IP67,IK10,,"Start segment · end cap at start, 2 cables · opal cover · curve R1975mm, 11.3° · 385mm long · 24V DC, driver separate · RGBW48 strip 9.6W/m · R 11 · G 36 · B 7 · W 52 lm",3.6W,106lm,29lm/W,Diffused,Datasheet=images/inground-radius-rgbw/datasheets/IngroundR_S_EOP_H100_R1975_L0385_RGBW48NN_G5_09W_RGB_RGB_T927_ORT1x.pdf;Specification=images/inground-radius/datasheets/inground-radius-specification.pdf;Brochure=files/holectron/holectron-inground-radius-brochure-2025.pdf
Inground Radius RGBW,,,,,,,,,,,,,,,,,,,,Inground Radius RGBW R1975 9.6W/m,IngroundR S EOP H100 R1975 L0385 / RGBW48/NN G5 09W RGB_RGB_T930 / OR.T1x,Stainless Steel,images/inground-radius-rgbw/inground-radius-rgbw-r1975-stainless-steel.jpg,RGB + 3000K,CRI>90,Dimmable,IP67,IK10,,"Start segment · end cap at start, 2 cables · opal cover · curve R1975mm, 11.3° · 385mm long · 24V DC, driver separate · RGBW48 strip 9.6W/m · R 11 · G 36 · B 7 · W 54 lm",3.6W,109lm,30lm/W,Diffused,Datasheet=images/inground-radius-rgbw/datasheets/IngroundR_S_EOP_H100_R1975_L0385_RGBW48NN_G5_09W_RGB_RGB_T930_ORT1x.pdf;Specification=images/inground-radius/datasheets/inground-radius-specification.pdf;Brochure=files/holectron/holectron-inground-radius-brochure-2025.pdf
Inground Radius RGBW,,,,,,,,,,,,,,,,,,,,Inground Radius RGBW R1975 9.6W/m,IngroundR S EOP H100 R1975 L0385 / RGBW48/NN G5 09W RGB_RGB_T940 / OR.T1x,Stainless Steel,images/inground-radius-rgbw/inground-radius-rgbw-r1975-stainless-steel.jpg,RGB + 4000K,CRI>90,Dimmable,IP67,IK10,,"Start segment · end cap at start, 2 cables · opal cover · curve R1975mm, 11.3° · 385mm long · 24V DC, driver separate · RGBW48 strip 9.6W/m · R 11 · G 36 · B 7 · W 57 lm",3.6W,111lm,31lm/W,Diffused,Datasheet=images/inground-radius-rgbw/datasheets/IngroundR_S_EOP_H100_R1975_L0385_RGBW48NN_G5_09W_RGB_RGB_T940_ORT1x.pdf;Specification=images/inground-radius/datasheets/inground-radius-specification.pdf;Brochure=files/holectron/holectron-inground-radius-brochure-2025.pdf
Inground Radius RGBW,,,,,,,,,,,,,,,,,,,,Inground Radius RGBW R2950 9.6W/m,IngroundR S EOP H100 R2950 L0384 / RGBW48/NN G5 09W RGB_RGB_922 / OR.T1x,Stainless Steel,images/inground-radius-rgbw/inground-radius-rgbw-r2950-stainless-steel.jpg,RGB + 2200K,CRI>90,Dimmable,IP67,IK10,,"Start segment · end cap at start, 2 cables · opal cover · curve R2950mm, 7.5° · 384mm long · 24V DC, driver separate · RGBW48 strip 9.6W/m · R 11 · G 36 · B 7 · W 34 lm",3.6W,88lm,24lm/W,Diffused,Datasheet=images/inground-radius-rgbw/datasheets/IngroundR_S_EOP_H100_R2950_L0384_RGBW48NN_G5_09W_RGB_RGB_922_ORT1x.pdf;Specification=images/inground-radius/datasheets/inground-radius-specification.pdf;Brochure=files/holectron/holectron-inground-radius-brochure-2025.pdf
Inground Radius RGBW,,,,,,,,,,,,,,,,,,,,Inground Radius RGBW R2950 9.6W/m,IngroundR S EOP H100 R2950 L0384 / RGBW48/NN G5 09W RGB_RGB_T927 / OR.T1x,Stainless Steel,images/inground-radius-rgbw/inground-radius-rgbw-r2950-stainless-steel.jpg,RGB + 2700K,CRI>90,Dimmable,IP67,IK10,,"Start segment · end cap at start, 2 cables · opal cover · curve R2950mm, 7.5° · 384mm long · 24V DC, driver separate · RGBW48 strip 9.6W/m · R 11 · G 36 · B 7 · W 52 lm",3.6W,106lm,29lm/W,Diffused,Datasheet=images/inground-radius-rgbw/datasheets/IngroundR_S_EOP_H100_R2950_L0384_RGBW48NN_G5_09W_RGB_RGB_T927_ORT1x.pdf;Specification=images/inground-radius/datasheets/inground-radius-specification.pdf;Brochure=files/holectron/holectron-inground-radius-brochure-2025.pdf
Inground Radius RGBW,,,,,,,,,,,,,,,,,,,,Inground Radius RGBW R2950 9.6W/m,IngroundR S EOP H100 R2950 L0384 / RGBW48/NN G5 09W RGB_RGB_T930 / OR.T1x,Stainless Steel,images/inground-radius-rgbw/inground-radius-rgbw-r2950-stainless-steel.jpg,RGB + 3000K,CRI>90,Dimmable,IP67,IK10,,"Start segment · end cap at start, 2 cables · opal cover · curve R2950mm, 7.5° · 384mm long · 24V DC, driver separate · RGBW48 strip 9.6W/m · R 11 · G 36 · B 7 · W 54 lm",3.6W,109lm,30lm/W,Diffused,Datasheet=images/inground-radius-rgbw/datasheets/IngroundR_S_EOP_H100_R2950_L0384_RGBW48NN_G5_09W_RGB_RGB_T930_ORT1x.pdf;Specification=images/inground-radius/datasheets/inground-radius-specification.pdf;Brochure=files/holectron/holectron-inground-radius-brochure-2025.pdf
Inground Radius RGBW,,,,,,,,,,,,,,,,,,,,Inground Radius RGBW R2950 9.6W/m,IngroundR S EOP H100 R2950 L0384 / RGBW48/NN G5 09W RGB_RGB_T940 / OR.T1x,Stainless Steel,images/inground-radius-rgbw/inground-radius-rgbw-r2950-stainless-steel.jpg,RGB + 4000K,CRI>90,Dimmable,IP67,IK10,,"Start segment · end cap at start, 2 cables · opal cover · curve R2950mm, 7.5° · 384mm long · 24V DC, driver separate · RGBW48 strip 9.6W/m · R 11 · G 36 · B 7 · W 57 lm",3.6W,111lm,31lm/W,Diffused,Datasheet=images/inground-radius-rgbw/datasheets/IngroundR_S_EOP_H100_R2950_L0384_RGBW48NN_G5_09W_RGB_RGB_T940_ORT1x.pdf;Specification=images/inground-radius/datasheets/inground-radius-specification.pdf;Brochure=files/holectron/holectron-inground-radius-brochure-2025.pdf
Inground Radius RGBW,,,,,,,,,,,,,,,,,,,,Inground Radius RGBW R6100 9.6W/m,IngroundR S EOP H100 R6100 L0382 / RGBW48/NN G5 09W RGB_RGB_922 / OR.T1x,Stainless Steel,images/inground-radius-rgbw/inground-radius-rgbw-r6100-stainless-steel.jpg,RGB + 2200K,CRI>90,Dimmable,IP67,IK10,,"Start segment · end cap at start, 2 cables · opal cover · curve R6100mm, 3.6° · 382mm long · 24V DC, driver separate · RGBW48 strip 9.6W/m · R 11 · G 36 · B 7 · W 34 lm",3.6W,88lm,24lm/W,Diffused,Datasheet=images/inground-radius-rgbw/datasheets/IngroundR_S_EOP_H100_R6100_L0382_RGBW48NN_G5_09W_RGB_RGB_922_ORT1x.pdf;Specification=images/inground-radius/datasheets/inground-radius-specification.pdf;Brochure=files/holectron/holectron-inground-radius-brochure-2025.pdf
Inground Radius RGBW,,,,,,,,,,,,,,,,,,,,Inground Radius RGBW R6100 9.6W/m,IngroundR S EOP H100 R6100 L0382 / RGBW48/NN G5 09W RGB_RGB_T927 / OR.T1x,Stainless Steel,images/inground-radius-rgbw/inground-radius-rgbw-r6100-stainless-steel.jpg,RGB + 2700K,CRI>90,Dimmable,IP67,IK10,,"Start segment · end cap at start, 2 cables · opal cover · curve R6100mm, 3.6° · 382mm long · 24V DC, driver separate · RGBW48 strip 9.6W/m · R 11 · G 36 · B 7 · W 52 lm",3.6W,106lm,29lm/W,Diffused,Datasheet=images/inground-radius-rgbw/datasheets/IngroundR_S_EOP_H100_R6100_L0382_RGBW48NN_G5_09W_RGB_RGB_T927_ORT1x.pdf;Specification=images/inground-radius/datasheets/inground-radius-specification.pdf;Brochure=files/holectron/holectron-inground-radius-brochure-2025.pdf
Inground Radius RGBW,,,,,,,,,,,,,,,,,,,,Inground Radius RGBW R6100 9.6W/m,IngroundR S EOP H100 R6100 L0382 / RGBW48/NN G5 09W RGB_RGB_T930 / OR.T1x,Stainless Steel,images/inground-radius-rgbw/inground-radius-rgbw-r6100-stainless-steel.jpg,RGB + 3000K,CRI>90,Dimmable,IP67,IK10,,"Start segment · end cap at start, 2 cables · opal cover · curve R6100mm, 3.6° · 382mm long · 24V DC, driver separate · RGBW48 strip 9.6W/m · R 11 · G 36 · B 7 · W 54 lm",3.6W,109lm,30lm/W,Diffused,Datasheet=images/inground-radius-rgbw/datasheets/IngroundR_S_EOP_H100_R6100_L0382_RGBW48NN_G5_09W_RGB_RGB_T930_ORT1x.pdf;Specification=images/inground-radius/datasheets/inground-radius-specification.pdf;Brochure=files/holectron/holectron-inground-radius-brochure-2025.pdf
Inground Radius RGBW,,,,,,,,,,,,,,,,,,,,Inground Radius RGBW R6100 9.6W/m,IngroundR S EOP H100 R6100 L0382 / RGBW48/NN G5 09W RGB_RGB_T940 / OR.T1x,Stainless Steel,images/inground-radius-rgbw/inground-radius-rgbw-r6100-stainless-steel.jpg,RGB + 4000K,CRI>90,Dimmable,IP67,IK10,,"Start segment · end cap at start, 2 cables · opal cover · curve R6100mm, 3.6° · 382mm long · 24V DC, driver separate · RGBW48 strip 9.6W/m · R 11 · G 36 · B 7 · W 57 lm",3.6W,111lm,31lm/W,Diffused,Datasheet=images/inground-radius-rgbw/datasheets/IngroundR_S_EOP_H100_R6100_L0382_RGBW48NN_G5_09W_RGB_RGB_T940_ORT1x.pdf;Specification=images/inground-radius/datasheets/inground-radius-specification.pdf;Brochure=files/holectron/holectron-inground-radius-brochure-2025.pdf
Inground Radius RGBW,,,,,,,,,,,,,,,,,,,,Inground Radius RGBW L505 9.6W/m,IngroundR M EOP H100 R0000 L0505 / RGBW48/NN G5 09W RGB_RGB_922 / OR.T1x,Stainless Steel,images/inground-radius-rgbw/inground-radius-rgbw-l505-stainless-steel.jpg,RGB + 2200K,CRI>90,Dimmable,IP67,IK10,,"Middle segment · no end caps, 2 cables · opal cover · straight · 505mm long · 24V DC, driver separate · RGBW48 strip 9.6W/m · R 15 · G 48 · B 10 · W 45 lm",4.8W,118lm,25lm/W,Diffused,Datasheet=images/inground-radius-rgbw/datasheets/IngroundR_M_EOP_H100_R0000_L0505_RGBW48NN_G5_09W_RGB_RGB_922_ORT1x.pdf;Specification=images/inground-radius/datasheets/inground-radius-specification.pdf;Brochure=files/holectron/holectron-inground-radius-brochure-2025.pdf
Inground Radius RGBW,,,,,,,,,,,,,,,,,,,,Inground Radius RGBW L505 9.6W/m,IngroundR M EOP H100 R0000 L0505 / RGBW48/NN G5 09W RGB_RGB_T927 / OR.T1x,Stainless Steel,images/inground-radius-rgbw/inground-radius-rgbw-l505-stainless-steel.jpg,RGB + 2700K,CRI>90,Dimmable,IP67,IK10,,"Middle segment · no end caps, 2 cables · opal cover · straight · 505mm long · 24V DC, driver separate · RGBW48 strip 9.6W/m · R 15 · G 48 · B 10 · W 69 lm",4.8W,142lm,30lm/W,Diffused,Datasheet=images/inground-radius-rgbw/datasheets/IngroundR_M_EOP_H100_R0000_L0505_RGBW48NN_G5_09W_RGB_RGB_T927_ORT1x.pdf;Specification=images/inground-radius/datasheets/inground-radius-specification.pdf;Brochure=files/holectron/holectron-inground-radius-brochure-2025.pdf
Inground Radius RGBW,,,,,,,,,,,,,,,,,,,,Inground Radius RGBW L505 9.6W/m,IngroundR M EOP H100 R0000 L0505 / RGBW48/NN G5 09W RGB_RGB_T930 / OR.T1x,Stainless Steel,images/inground-radius-rgbw/inground-radius-rgbw-l505-stainless-steel.jpg,RGB + 3000K,CRI>90,Dimmable,IP67,IK10,,"Middle segment · no end caps, 2 cables · opal cover · straight · 505mm long · 24V DC, driver separate · RGBW48 strip 9.6W/m · R 15 · G 48 · B 10 · W 72 lm",4.8W,145lm,30lm/W,Diffused,Datasheet=images/inground-radius-rgbw/datasheets/IngroundR_M_EOP_H100_R0000_L0505_RGBW48NN_G5_09W_RGB_RGB_T930_ORT1x.pdf;Specification=images/inground-radius/datasheets/inground-radius-specification.pdf;Brochure=files/holectron/holectron-inground-radius-brochure-2025.pdf
Inground Radius RGBW,,,,,,,,,,,,,,,,,,,,Inground Radius RGBW L505 9.6W/m,IngroundR M EOP H100 R0000 L0505 / RGBW48/NN G5 09W RGB_RGB_T940 / OR.T1x,Stainless Steel,images/inground-radius-rgbw/inground-radius-rgbw-l505-stainless-steel.jpg,RGB + 4000K,CRI>90,Dimmable,IP67,IK10,,"Middle segment · no end caps, 2 cables · opal cover · straight · 505mm long · 24V DC, driver separate · RGBW48 strip 9.6W/m · R 15 · G 48 · B 10 · W 75 lm",4.8W,148lm,31lm/W,Diffused,Datasheet=images/inground-radius-rgbw/datasheets/IngroundR_M_EOP_H100_R0000_L0505_RGBW48NN_G5_09W_RGB_RGB_T940_ORT1x.pdf;Specification=images/inground-radius/datasheets/inground-radius-specification.pdf;Brochure=files/holectron/holectron-inground-radius-brochure-2025.pdf
Inground Radius RGBW,,,,,,,,,,,,,,,,,,,,Inground Radius RGBW L1005 9.6W/m,IngroundR M EOP H100 R0000 L1005 / RGBW48/NN G5 09W RGB_RGB_922 / OR.T1x,Stainless Steel,images/inground-radius-rgbw/inground-radius-rgbw-l1005-stainless-steel.jpg,RGB + 2200K,CRI>90,Dimmable,IP67,IK10,,"Middle segment · no end caps, 2 cables · opal cover · straight · 1005mm long · 24V DC, driver separate · RGBW48 strip 9.6W/m · R 30 · G 96 · B 20 · W 91 lm",9.6W,236lm,25lm/W,Diffused,Datasheet=images/inground-radius-rgbw/datasheets/IngroundR_M_EOP_H100_R0000_L1005_RGBW48NN_G5_09W_RGB_RGB_922_ORT1x.pdf;Specification=images/inground-radius/datasheets/inground-radius-specification.pdf;Brochure=files/holectron/holectron-inground-radius-brochure-2025.pdf
Inground Radius RGBW,,,,,,,,,,,,,,,,,,,,Inground Radius RGBW L1005 9.6W/m,IngroundR M EOP H100 R0000 L1005 / RGBW48/NN G5 09W RGB_RGB_T927 / OR.T1x,Stainless Steel,images/inground-radius-rgbw/inground-radius-rgbw-l1005-stainless-steel.jpg,RGB + 2700K,CRI>90,Dimmable,IP67,IK10,,"Middle segment · no end caps, 2 cables · opal cover · straight · 1005mm long · 24V DC, driver separate · RGBW48 strip 9.6W/m · R 30 · G 96 · B 20 · W 138 lm",9.6W,283lm,29lm/W,Diffused,Datasheet=images/inground-radius-rgbw/datasheets/IngroundR_M_EOP_H100_R0000_L1005_RGBW48NN_G5_09W_RGB_RGB_T927_ORT1x.pdf;Specification=images/inground-radius/datasheets/inground-radius-specification.pdf;Brochure=files/holectron/holectron-inground-radius-brochure-2025.pdf
Inground Radius RGBW,,,,,,,,,,,,,,,,,,,,Inground Radius RGBW L1005 9.6W/m,IngroundR M EOP H100 R0000 L1005 / RGBW48/NN G5 09W RGB_RGB_T930 / OR.T1x,Stainless Steel,images/inground-radius-rgbw/inground-radius-rgbw-l1005-stainless-steel.jpg,RGB + 3000K,CRI>90,Dimmable,IP67,IK10,,"Middle segment · no end caps, 2 cables · opal cover · straight · 1005mm long · 24V DC, driver separate · RGBW48 strip 9.6W/m · R 30 · G 96 · B 20 · W 145 lm",9.6W,290lm,30lm/W,Diffused,Datasheet=images/inground-radius-rgbw/datasheets/IngroundR_M_EOP_H100_R0000_L1005_RGBW48NN_G5_09W_RGB_RGB_T930_ORT1x.pdf;Specification=images/inground-radius/datasheets/inground-radius-specification.pdf;Brochure=files/holectron/holectron-inground-radius-brochure-2025.pdf
Inground Radius RGBW,,,,,,,,,,,,,,,,,,,,Inground Radius RGBW L1005 9.6W/m,IngroundR M EOP H100 R0000 L1005 / RGBW48/NN G5 09W RGB_RGB_T940 / OR.T1x,Stainless Steel,images/inground-radius-rgbw/inground-radius-rgbw-l1005-stainless-steel.jpg,RGB + 4000K,CRI>90,Dimmable,IP67,IK10,,"Middle segment · no end caps, 2 cables · opal cover · straight · 1005mm long · 24V DC, driver separate · RGBW48 strip 9.6W/m · R 30 · G 96 · B 20 · W 151 lm",9.6W,296lm,31lm/W,Diffused,Datasheet=images/inground-radius-rgbw/datasheets/IngroundR_M_EOP_H100_R0000_L1005_RGBW48NN_G5_09W_RGB_RGB_T940_ORT1x.pdf;Specification=images/inground-radius/datasheets/inground-radius-specification.pdf;Brochure=files/holectron/holectron-inground-radius-brochure-2025.pdf
Inground Radius RGBW,,,,,,,,,,,,,,,,,,,,Inground Radius RGBW R272 9.6W/m,IngroundR M EOP H100 R0272 L0404 / RGBW48/NN G5 09W RGB_RGB_922 / OR.T1x,Stainless Steel,images/inground-radius-rgbw/inground-radius-rgbw-r272-stainless-steel.jpg,RGB + 2200K,CRI>90,Dimmable,IP67,IK10,,"Middle segment · no end caps, 2 cables · opal cover · curve R272mm, 90° · 404mm long · 24V DC, driver separate · RGBW48 strip 9.6W/m · R 11 · G 36 · B 7 · W 34 lm",3.6W,88lm,24lm/W,Diffused,Datasheet=images/inground-radius-rgbw/datasheets/IngroundR_M_EOP_H100_R0272_L0404_RGBW48NN_G5_09W_RGB_RGB_922_ORT1x.pdf;Specification=images/inground-radius/datasheets/inground-radius-specification.pdf;Brochure=files/holectron/holectron-inground-radius-brochure-2025.pdf
Inground Radius RGBW,,,,,,,,,,,,,,,,,,,,Inground Radius RGBW R272 9.6W/m,IngroundR M EOP H100 R0272 L0404 / RGBW48/NN G5 09W RGB_RGB_T927 / OR.T1x,Stainless Steel,images/inground-radius-rgbw/inground-radius-rgbw-r272-stainless-steel.jpg,RGB + 2700K,CRI>90,Dimmable,IP67,IK10,,"Middle segment · no end caps, 2 cables · opal cover · curve R272mm, 90° · 404mm long · 24V DC, driver separate · RGBW48 strip 9.6W/m · R 11 · G 36 · B 7 · W 52 lm",3.6W,106lm,29lm/W,Diffused,Datasheet=images/inground-radius-rgbw/datasheets/IngroundR_M_EOP_H100_R0272_L0404_RGBW48NN_G5_09W_RGB_RGB_T927_ORT1x.pdf;Specification=images/inground-radius/datasheets/inground-radius-specification.pdf;Brochure=files/holectron/holectron-inground-radius-brochure-2025.pdf
Inground Radius RGBW,,,,,,,,,,,,,,,,,,,,Inground Radius RGBW R272 9.6W/m,IngroundR M EOP H100 R0272 L0404 / RGBW48/NN G5 09W RGB_RGB_T930 / OR.T1x,Stainless Steel,images/inground-radius-rgbw/inground-radius-rgbw-r272-stainless-steel.jpg,RGB + 3000K,CRI>90,Dimmable,IP67,IK10,,"Middle segment · no end caps, 2 cables · opal cover · curve R272mm, 90° · 404mm long · 24V DC, driver separate · RGBW48 strip 9.6W/m · R 11 · G 36 · B 7 · W 54 lm",3.6W,109lm,30lm/W,Diffused,Datasheet=images/inground-radius-rgbw/datasheets/IngroundR_M_EOP_H100_R0272_L0404_RGBW48NN_G5_09W_RGB_RGB_T930_ORT1x.pdf;Specification=images/inground-radius/datasheets/inground-radius-specification.pdf;Brochure=files/holectron/holectron-inground-radius-brochure-2025.pdf
Inground Radius RGBW,,,,,,,,,,,,,,,,,,,,Inground Radius RGBW R272 9.6W/m,IngroundR M EOP H100 R0272 L0404 / RGBW48/NN G5 09W RGB_RGB_T940 / OR.T1x,Stainless Steel,images/inground-radius-rgbw/inground-radius-rgbw-r272-stainless-steel.jpg,RGB + 4000K,CRI>90,Dimmable,IP67,IK10,,"Middle segment · no end caps, 2 cables · opal cover · curve R272mm, 90° · 404mm long · 24V DC, driver separate · RGBW48 strip 9.6W/m · R 11 · G 36 · B 7 · W 57 lm",3.6W,111lm,31lm/W,Diffused,Datasheet=images/inground-radius-rgbw/datasheets/IngroundR_M_EOP_H100_R0272_L0404_RGBW48NN_G5_09W_RGB_RGB_T940_ORT1x.pdf;Specification=images/inground-radius/datasheets/inground-radius-specification.pdf;Brochure=files/holectron/holectron-inground-radius-brochure-2025.pdf
Inground Radius RGBW,,,,,,,,,,,,,,,,,,,,Inground Radius RGBW R515 9.6W/m,IngroundR M EOP H100 R0515 L0393 / RGBW48/NN G5 09W RGB_RGB_922 / OR.T1x,Stainless Steel,images/inground-radius-rgbw/inground-radius-rgbw-r515-stainless-steel.jpg,RGB + 2200K,CRI>90,Dimmable,IP67,IK10,,"Middle segment · no end caps, 2 cables · opal cover · curve R515mm, 45° · 393mm long · 24V DC, driver separate · RGBW48 strip 9.6W/m · R 11 · G 36 · B 7 · W 34 lm",3.6W,88lm,24lm/W,Diffused,Datasheet=images/inground-radius-rgbw/datasheets/IngroundR_M_EOP_H100_R0515_L0393_RGBW48NN_G5_09W_RGB_RGB_922_ORT1x.pdf;Specification=images/inground-radius/datasheets/inground-radius-specification.pdf;Brochure=files/holectron/holectron-inground-radius-brochure-2025.pdf
Inground Radius RGBW,,,,,,,,,,,,,,,,,,,,Inground Radius RGBW R515 9.6W/m,IngroundR M EOP H100 R0515 L0393 / RGBW48/NN G5 09W RGB_RGB_T927 / OR.T1x,Stainless Steel,images/inground-radius-rgbw/inground-radius-rgbw-r515-stainless-steel.jpg,RGB + 2700K,CRI>90,Dimmable,IP67,IK10,,"Middle segment · no end caps, 2 cables · opal cover · curve R515mm, 45° · 393mm long · 24V DC, driver separate · RGBW48 strip 9.6W/m · R 11 · G 36 · B 7 · W 52 lm",3.6W,106lm,29lm/W,Diffused,Datasheet=images/inground-radius-rgbw/datasheets/IngroundR_M_EOP_H100_R0515_L0393_RGBW48NN_G5_09W_RGB_RGB_T927_ORT1x.pdf;Specification=images/inground-radius/datasheets/inground-radius-specification.pdf;Brochure=files/holectron/holectron-inground-radius-brochure-2025.pdf
Inground Radius RGBW,,,,,,,,,,,,,,,,,,,,Inground Radius RGBW R515 9.6W/m,IngroundR M EOP H100 R0515 L0393 / RGBW48/NN G5 09W RGB_RGB_T930 / OR.T1x,Stainless Steel,images/inground-radius-rgbw/inground-radius-rgbw-r515-stainless-steel.jpg,RGB + 3000K,CRI>90,Dimmable,IP67,IK10,,"Middle segment · no end caps, 2 cables · opal cover · curve R515mm, 45° · 393mm long · 24V DC, driver separate · RGBW48 strip 9.6W/m · R 11 · G 36 · B 7 · W 54 lm",3.6W,109lm,30lm/W,Diffused,Datasheet=images/inground-radius-rgbw/datasheets/IngroundR_M_EOP_H100_R0515_L0393_RGBW48NN_G5_09W_RGB_RGB_T930_ORT1x.pdf;Specification=images/inground-radius/datasheets/inground-radius-specification.pdf;Brochure=files/holectron/holectron-inground-radius-brochure-2025.pdf
Inground Radius RGBW,,,,,,,,,,,,,,,,,,,,Inground Radius RGBW R515 9.6W/m,IngroundR M EOP H100 R0515 L0393 / RGBW48/NN G5 09W RGB_RGB_T940 / OR.T1x,Stainless Steel,images/inground-radius-rgbw/inground-radius-rgbw-r515-stainless-steel.jpg,RGB + 4000K,CRI>90,Dimmable,IP67,IK10,,"Middle segment · no end caps, 2 cables · opal cover · curve R515mm, 45° · 393mm long · 24V DC, driver separate · RGBW48 strip 9.6W/m · R 11 · G 36 · B 7 · W 57 lm",3.6W,111lm,31lm/W,Diffused,Datasheet=images/inground-radius-rgbw/datasheets/IngroundR_M_EOP_H100_R0515_L0393_RGBW48NN_G5_09W_RGB_RGB_T940_ORT1x.pdf;Specification=images/inground-radius/datasheets/inground-radius-specification.pdf;Brochure=files/holectron/holectron-inground-radius-brochure-2025.pdf
Inground Radius RGBW,,,,,,,,,,,,,,,,,,,,Inground Radius RGBW R1000 9.6W/m,IngroundR M EOP H100 R1000 L0387 / RGBW48/NN G5 09W RGB_RGB_922 / OR.T1x,Stainless Steel,images/inground-radius-rgbw/inground-radius-rgbw-r1000-stainless-steel.jpg,RGB + 2200K,CRI>90,Dimmable,IP67,IK10,,"Middle segment · no end caps, 2 cables · opal cover · curve R1000mm, 22.5° · 387mm long · 24V DC, driver separate · RGBW48 strip 9.6W/m · R 11 · G 36 · B 7 · W 34 lm",3.6W,88lm,24lm/W,Diffused,Datasheet=images/inground-radius-rgbw/datasheets/IngroundR_M_EOP_H100_R1000_L0387_RGBW48NN_G5_09W_RGB_RGB_922_ORT1x.pdf;Specification=images/inground-radius/datasheets/inground-radius-specification.pdf;Brochure=files/holectron/holectron-inground-radius-brochure-2025.pdf
Inground Radius RGBW,,,,,,,,,,,,,,,,,,,,Inground Radius RGBW R1000 9.6W/m,IngroundR M EOP H100 R1000 L0387 / RGBW48/NN G5 09W RGB_RGB_T927 / OR.T1x,Stainless Steel,images/inground-radius-rgbw/inground-radius-rgbw-r1000-stainless-steel.jpg,RGB + 2700K,CRI>90,Dimmable,IP67,IK10,,"Middle segment · no end caps, 2 cables · opal cover · curve R1000mm, 22.5° · 387mm long · 24V DC, driver separate · RGBW48 strip 9.6W/m · R 11 · G 36 · B 7 · W 52 lm",3.6W,106lm,29lm/W,Diffused,Datasheet=images/inground-radius-rgbw/datasheets/IngroundR_M_EOP_H100_R1000_L0387_RGBW48NN_G5_09W_RGB_RGB_T927_ORT1x.pdf;Specification=images/inground-radius/datasheets/inground-radius-specification.pdf;Brochure=files/holectron/holectron-inground-radius-brochure-2025.pdf
Inground Radius RGBW,,,,,,,,,,,,,,,,,,,,Inground Radius RGBW R1000 9.6W/m,IngroundR M EOP H100 R1000 L0387 / RGBW48/NN G5 09W RGB_RGB_T930 / OR.T1x,Stainless Steel,images/inground-radius-rgbw/inground-radius-rgbw-r1000-stainless-steel.jpg,RGB + 3000K,CRI>90,Dimmable,IP67,IK10,,"Middle segment · no end caps, 2 cables · opal cover · curve R1000mm, 22.5° · 387mm long · 24V DC, driver separate · RGBW48 strip 9.6W/m · R 11 · G 36 · B 7 · W 54 lm",3.6W,109lm,30lm/W,Diffused,Datasheet=images/inground-radius-rgbw/datasheets/IngroundR_M_EOP_H100_R1000_L0387_RGBW48NN_G5_09W_RGB_RGB_T930_ORT1x.pdf;Specification=images/inground-radius/datasheets/inground-radius-specification.pdf;Brochure=files/holectron/holectron-inground-radius-brochure-2025.pdf
Inground Radius RGBW,,,,,,,,,,,,,,,,,,,,Inground Radius RGBW R1000 9.6W/m,IngroundR M EOP H100 R1000 L0387 / RGBW48/NN G5 09W RGB_RGB_T940 / OR.T1x,Stainless Steel,images/inground-radius-rgbw/inground-radius-rgbw-r1000-stainless-steel.jpg,RGB + 4000K,CRI>90,Dimmable,IP67,IK10,,"Middle segment · no end caps, 2 cables · opal cover · curve R1000mm, 22.5° · 387mm long · 24V DC, driver separate · RGBW48 strip 9.6W/m · R 11 · G 36 · B 7 · W 57 lm",3.6W,111lm,31lm/W,Diffused,Datasheet=images/inground-radius-rgbw/datasheets/IngroundR_M_EOP_H100_R1000_L0387_RGBW48NN_G5_09W_RGB_RGB_T940_ORT1x.pdf;Specification=images/inground-radius/datasheets/inground-radius-specification.pdf;Brochure=files/holectron/holectron-inground-radius-brochure-2025.pdf
Inground Radius RGBW,,,,,,,,,,,,,,,,,,,,Inground Radius RGBW R1975 9.6W/m,IngroundR M EOP H100 R1975 L0385 / RGBW48/NN G5 09W RGB_RGB_922 / OR.T1x,Stainless Steel,images/inground-radius-rgbw/inground-radius-rgbw-r1975-stainless-steel.jpg,RGB + 2200K,CRI>90,Dimmable,IP67,IK10,,"Middle segment · no end caps, 2 cables · opal cover · curve R1975mm, 11.3° · 385mm long · 24V DC, driver separate · RGBW48 strip 9.6W/m · R 11 · G 36 · B 7 · W 34 lm",3.6W,88lm,24lm/W,Diffused,Datasheet=images/inground-radius-rgbw/datasheets/IngroundR_M_EOP_H100_R1975_L0385_RGBW48NN_G5_09W_RGB_RGB_922_ORT1x.pdf;Specification=images/inground-radius/datasheets/inground-radius-specification.pdf;Brochure=files/holectron/holectron-inground-radius-brochure-2025.pdf
Inground Radius RGBW,,,,,,,,,,,,,,,,,,,,Inground Radius RGBW R1975 9.6W/m,IngroundR M EOP H100 R1975 L0385 / RGBW48/NN G5 09W RGB_RGB_T927 / OR.T1x,Stainless Steel,images/inground-radius-rgbw/inground-radius-rgbw-r1975-stainless-steel.jpg,RGB + 2700K,CRI>90,Dimmable,IP67,IK10,,"Middle segment · no end caps, 2 cables · opal cover · curve R1975mm, 11.3° · 385mm long · 24V DC, driver separate · RGBW48 strip 9.6W/m · R 11 · G 36 · B 7 · W 52 lm",3.6W,106lm,29lm/W,Diffused,Datasheet=images/inground-radius-rgbw/datasheets/IngroundR_M_EOP_H100_R1975_L0385_RGBW48NN_G5_09W_RGB_RGB_T927_ORT1x.pdf;Specification=images/inground-radius/datasheets/inground-radius-specification.pdf;Brochure=files/holectron/holectron-inground-radius-brochure-2025.pdf
Inground Radius RGBW,,,,,,,,,,,,,,,,,,,,Inground Radius RGBW R1975 9.6W/m,IngroundR M EOP H100 R1975 L0385 / RGBW48/NN G5 09W RGB_RGB_T930 / OR.T1x,Stainless Steel,images/inground-radius-rgbw/inground-radius-rgbw-r1975-stainless-steel.jpg,RGB + 3000K,CRI>90,Dimmable,IP67,IK10,,"Middle segment · no end caps, 2 cables · opal cover · curve R1975mm, 11.3° · 385mm long · 24V DC, driver separate · RGBW48 strip 9.6W/m · R 11 · G 36 · B 7 · W 54 lm",3.6W,109lm,30lm/W,Diffused,Datasheet=images/inground-radius-rgbw/datasheets/IngroundR_M_EOP_H100_R1975_L0385_RGBW48NN_G5_09W_RGB_RGB_T930_ORT1x.pdf;Specification=images/inground-radius/datasheets/inground-radius-specification.pdf;Brochure=files/holectron/holectron-inground-radius-brochure-2025.pdf
Inground Radius RGBW,,,,,,,,,,,,,,,,,,,,Inground Radius RGBW R1975 9.6W/m,IngroundR M EOP H100 R1975 L0385 / RGBW48/NN G5 09W RGB_RGB_T940 / OR.T1x,Stainless Steel,images/inground-radius-rgbw/inground-radius-rgbw-r1975-stainless-steel.jpg,RGB + 4000K,CRI>90,Dimmable,IP67,IK10,,"Middle segment · no end caps, 2 cables · opal cover · curve R1975mm, 11.3° · 385mm long · 24V DC, driver separate · RGBW48 strip 9.6W/m · R 11 · G 36 · B 7 · W 57 lm",3.6W,111lm,31lm/W,Diffused,Datasheet=images/inground-radius-rgbw/datasheets/IngroundR_M_EOP_H100_R1975_L0385_RGBW48NN_G5_09W_RGB_RGB_T940_ORT1x.pdf;Specification=images/inground-radius/datasheets/inground-radius-specification.pdf;Brochure=files/holectron/holectron-inground-radius-brochure-2025.pdf
Inground Radius RGBW,,,,,,,,,,,,,,,,,,,,Inground Radius RGBW R2950 9.6W/m,IngroundR M EOP H100 R2950 L0384 / RGBW48/NN G5 09W RGB_RGB_922 / OR.T1x,Stainless Steel,images/inground-radius-rgbw/inground-radius-rgbw-r2950-stainless-steel.jpg,RGB + 2200K,CRI>90,Dimmable,IP67,IK10,,"Middle segment · no end caps, 2 cables · opal cover · curve R2950mm, 7.5° · 384mm long · 24V DC, driver separate · RGBW48 strip 9.6W/m · R 11 · G 36 · B 7 · W 34 lm",3.6W,88lm,24lm/W,Diffused,Datasheet=images/inground-radius-rgbw/datasheets/IngroundR_M_EOP_H100_R2950_L0384_RGBW48NN_G5_09W_RGB_RGB_922_ORT1x.pdf;Specification=images/inground-radius/datasheets/inground-radius-specification.pdf;Brochure=files/holectron/holectron-inground-radius-brochure-2025.pdf
Inground Radius RGBW,,,,,,,,,,,,,,,,,,,,Inground Radius RGBW R2950 9.6W/m,IngroundR M EOP H100 R2950 L0384 / RGBW48/NN G5 09W RGB_RGB_T927 / OR.T1x,Stainless Steel,images/inground-radius-rgbw/inground-radius-rgbw-r2950-stainless-steel.jpg,RGB + 2700K,CRI>90,Dimmable,IP67,IK10,,"Middle segment · no end caps, 2 cables · opal cover · curve R2950mm, 7.5° · 384mm long · 24V DC, driver separate · RGBW48 strip 9.6W/m · R 11 · G 36 · B 7 · W 52 lm",3.6W,106lm,29lm/W,Diffused,Datasheet=images/inground-radius-rgbw/datasheets/IngroundR_M_EOP_H100_R2950_L0384_RGBW48NN_G5_09W_RGB_RGB_T927_ORT1x.pdf;Specification=images/inground-radius/datasheets/inground-radius-specification.pdf;Brochure=files/holectron/holectron-inground-radius-brochure-2025.pdf
Inground Radius RGBW,,,,,,,,,,,,,,,,,,,,Inground Radius RGBW R2950 9.6W/m,IngroundR M EOP H100 R2950 L0384 / RGBW48/NN G5 09W RGB_RGB_T930 / OR.T1x,Stainless Steel,images/inground-radius-rgbw/inground-radius-rgbw-r2950-stainless-steel.jpg,RGB + 3000K,CRI>90,Dimmable,IP67,IK10,,"Middle segment · no end caps, 2 cables · opal cover · curve R2950mm, 7.5° · 384mm long · 24V DC, driver separate · RGBW48 strip 9.6W/m · R 11 · G 36 · B 7 · W 54 lm",3.6W,109lm,30lm/W,Diffused,Datasheet=images/inground-radius-rgbw/datasheets/IngroundR_M_EOP_H100_R2950_L0384_RGBW48NN_G5_09W_RGB_RGB_T930_ORT1x.pdf;Specification=images/inground-radius/datasheets/inground-radius-specification.pdf;Brochure=files/holectron/holectron-inground-radius-brochure-2025.pdf
Inground Radius RGBW,,,,,,,,,,,,,,,,,,,,Inground Radius RGBW R2950 9.6W/m,IngroundR M EOP H100 R2950 L0384 / RGBW48/NN G5 09W RGB_RGB_T940 / OR.T1x,Stainless Steel,images/inground-radius-rgbw/inground-radius-rgbw-r2950-stainless-steel.jpg,RGB + 4000K,CRI>90,Dimmable,IP67,IK10,,"Middle segment · no end caps, 2 cables · opal cover · curve R2950mm, 7.5° · 384mm long · 24V DC, driver separate · RGBW48 strip 9.6W/m · R 11 · G 36 · B 7 · W 57 lm",3.6W,111lm,31lm/W,Diffused,Datasheet=images/inground-radius-rgbw/datasheets/IngroundR_M_EOP_H100_R2950_L0384_RGBW48NN_G5_09W_RGB_RGB_T940_ORT1x.pdf;Specification=images/inground-radius/datasheets/inground-radius-specification.pdf;Brochure=files/holectron/holectron-inground-radius-brochure-2025.pdf
Inground Radius RGBW,,,,,,,,,,,,,,,,,,,,Inground Radius RGBW R6100 9.6W/m,IngroundR M EOP H100 R6100 L0382 / RGBW48/NN G5 09W RGB_RGB_922 / OR.T1x,Stainless Steel,images/inground-radius-rgbw/inground-radius-rgbw-r6100-stainless-steel.jpg,RGB + 2200K,CRI>90,Dimmable,IP67,IK10,,"Middle segment · no end caps, 2 cables · opal cover · curve R6100mm, 3.6° · 382mm long · 24V DC, driver separate · RGBW48 strip 9.6W/m · R 11 · G 36 · B 7 · W 34 lm",3.6W,88lm,24lm/W,Diffused,Datasheet=images/inground-radius-rgbw/datasheets/IngroundR_M_EOP_H100_R6100_L0382_RGBW48NN_G5_09W_RGB_RGB_922_ORT1x.pdf;Specification=images/inground-radius/datasheets/inground-radius-specification.pdf;Brochure=files/holectron/holectron-inground-radius-brochure-2025.pdf
Inground Radius RGBW,,,,,,,,,,,,,,,,,,,,Inground Radius RGBW R6100 9.6W/m,IngroundR M EOP H100 R6100 L0382 / RGBW48/NN G5 09W RGB_RGB_T927 / OR.T1x,Stainless Steel,images/inground-radius-rgbw/inground-radius-rgbw-r6100-stainless-steel.jpg,RGB + 2700K,CRI>90,Dimmable,IP67,IK10,,"Middle segment · no end caps, 2 cables · opal cover · curve R6100mm, 3.6° · 382mm long · 24V DC, driver separate · RGBW48 strip 9.6W/m · R 11 · G 36 · B 7 · W 52 lm",3.6W,106lm,29lm/W,Diffused,Datasheet=images/inground-radius-rgbw/datasheets/IngroundR_M_EOP_H100_R6100_L0382_RGBW48NN_G5_09W_RGB_RGB_T927_ORT1x.pdf;Specification=images/inground-radius/datasheets/inground-radius-specification.pdf;Brochure=files/holectron/holectron-inground-radius-brochure-2025.pdf
Inground Radius RGBW,,,,,,,,,,,,,,,,,,,,Inground Radius RGBW R6100 9.6W/m,IngroundR M EOP H100 R6100 L0382 / RGBW48/NN G5 09W RGB_RGB_T930 / OR.T1x,Stainless Steel,images/inground-radius-rgbw/inground-radius-rgbw-r6100-stainless-steel.jpg,RGB + 3000K,CRI>90,Dimmable,IP67,IK10,,"Middle segment · no end caps, 2 cables · opal cover · curve R6100mm, 3.6° · 382mm long · 24V DC, driver separate · RGBW48 strip 9.6W/m · R 11 · G 36 · B 7 · W 54 lm",3.6W,109lm,30lm/W,Diffused,Datasheet=images/inground-radius-rgbw/datasheets/IngroundR_M_EOP_H100_R6100_L0382_RGBW48NN_G5_09W_RGB_RGB_T930_ORT1x.pdf;Specification=images/inground-radius/datasheets/inground-radius-specification.pdf;Brochure=files/holectron/holectron-inground-radius-brochure-2025.pdf
Inground Radius RGBW,,,,,,,,,,,,,,,,,,,,Inground Radius RGBW R6100 9.6W/m,IngroundR M EOP H100 R6100 L0382 / RGBW48/NN G5 09W RGB_RGB_T940 / OR.T1x,Stainless Steel,images/inground-radius-rgbw/inground-radius-rgbw-r6100-stainless-steel.jpg,RGB + 4000K,CRI>90,Dimmable,IP67,IK10,,"Middle segment · no end caps, 2 cables · opal cover · curve R6100mm, 3.6° · 382mm long · 24V DC, driver separate · RGBW48 strip 9.6W/m · R 11 · G 36 · B 7 · W 57 lm",3.6W,111lm,31lm/W,Diffused,Datasheet=images/inground-radius-rgbw/datasheets/IngroundR_M_EOP_H100_R6100_L0382_RGBW48NN_G5_09W_RGB_RGB_T940_ORT1x.pdf;Specification=images/inground-radius/datasheets/inground-radius-specification.pdf;Brochure=files/holectron/holectron-inground-radius-brochure-2025.pdf
Inground Radius RGBW,,,,,,,,,,,,,,,,,,,,Inground Radius RGBW L505 9.6W/m,IngroundR E EOP H100 R0000 L0505 / RGBW48/NN G5 09W RGB_RGB_922 / OR.T1x,Stainless Steel,images/inground-radius-rgbw/inground-radius-rgbw-l505-stainless-steel.jpg,RGB + 2200K,CRI>90,Dimmable,IP67,IK10,,"End segment · end cap at end, 1 cable · opal cover · straight · 505mm long · 24V DC, driver separate · RGBW48 strip 9.6W/m · R 15 · G 48 · B 10 · W 45 lm",4.8W,118lm,25lm/W,Diffused,Datasheet=images/inground-radius-rgbw/datasheets/IngroundR_E_EOP_H100_R0000_L0505_RGBW48NN_G5_09W_RGB_RGB_922_ORT1x.pdf;Specification=images/inground-radius/datasheets/inground-radius-specification.pdf;Brochure=files/holectron/holectron-inground-radius-brochure-2025.pdf
Inground Radius RGBW,,,,,,,,,,,,,,,,,,,,Inground Radius RGBW L505 9.6W/m,IngroundR E EOP H100 R0000 L0505 / RGBW48/NN G5 09W RGB_RGB_T927 / OR.T1x,Stainless Steel,images/inground-radius-rgbw/inground-radius-rgbw-l505-stainless-steel.jpg,RGB + 2700K,CRI>90,Dimmable,IP67,IK10,,"End segment · end cap at end, 1 cable · opal cover · straight · 505mm long · 24V DC, driver separate · RGBW48 strip 9.6W/m · R 15 · G 48 · B 10 · W 69 lm",4.8W,142lm,30lm/W,Diffused,Datasheet=images/inground-radius-rgbw/datasheets/IngroundR_E_EOP_H100_R0000_L0505_RGBW48NN_G5_09W_RGB_RGB_T927_ORT1x.pdf;Specification=images/inground-radius/datasheets/inground-radius-specification.pdf;Brochure=files/holectron/holectron-inground-radius-brochure-2025.pdf
Inground Radius RGBW,,,,,,,,,,,,,,,,,,,,Inground Radius RGBW L505 9.6W/m,IngroundR E EOP H100 R0000 L0505 / RGBW48/NN G5 09W RGB_RGB_T930 / OR.T1x,Stainless Steel,images/inground-radius-rgbw/inground-radius-rgbw-l505-stainless-steel.jpg,RGB + 3000K,CRI>90,Dimmable,IP67,IK10,,"End segment · end cap at end, 1 cable · opal cover · straight · 505mm long · 24V DC, driver separate · RGBW48 strip 9.6W/m · R 15 · G 48 · B 10 · W 72 lm",4.8W,145lm,30lm/W,Diffused,Datasheet=images/inground-radius-rgbw/datasheets/IngroundR_E_EOP_H100_R0000_L0505_RGBW48NN_G5_09W_RGB_RGB_T930_ORT1x.pdf;Specification=images/inground-radius/datasheets/inground-radius-specification.pdf;Brochure=files/holectron/holectron-inground-radius-brochure-2025.pdf
Inground Radius RGBW,,,,,,,,,,,,,,,,,,,,Inground Radius RGBW L505 9.6W/m,IngroundR E EOP H100 R0000 L0505 / RGBW48/NN G5 09W RGB_RGB_T940 / OR.T1x,Stainless Steel,images/inground-radius-rgbw/inground-radius-rgbw-l505-stainless-steel.jpg,RGB + 4000K,CRI>90,Dimmable,IP67,IK10,,"End segment · end cap at end, 1 cable · opal cover · straight · 505mm long · 24V DC, driver separate · RGBW48 strip 9.6W/m · R 15 · G 48 · B 10 · W 75 lm",4.8W,148lm,31lm/W,Diffused,Datasheet=images/inground-radius-rgbw/datasheets/IngroundR_E_EOP_H100_R0000_L0505_RGBW48NN_G5_09W_RGB_RGB_T940_ORT1x.pdf;Specification=images/inground-radius/datasheets/inground-radius-specification.pdf;Brochure=files/holectron/holectron-inground-radius-brochure-2025.pdf
Inground Radius RGBW,,,,,,,,,,,,,,,,,,,,Inground Radius RGBW L1005 9.6W/m,IngroundR E EOP H100 R0000 L1005 / RGBW48/NN G5 09W RGB_RGB_922 / OR.T1x,Stainless Steel,images/inground-radius-rgbw/inground-radius-rgbw-l1005-stainless-steel.jpg,RGB + 2200K,CRI>90,Dimmable,IP67,IK10,,"End segment · end cap at end, 1 cable · opal cover · straight · 1005mm long · 24V DC, driver separate · RGBW48 strip 9.6W/m · R 30 · G 96 · B 20 · W 91 lm",9.6W,236lm,25lm/W,Diffused,Datasheet=images/inground-radius-rgbw/datasheets/IngroundR_E_EOP_H100_R0000_L1005_RGBW48NN_G5_09W_RGB_RGB_922_ORT1x.pdf;Specification=images/inground-radius/datasheets/inground-radius-specification.pdf;Brochure=files/holectron/holectron-inground-radius-brochure-2025.pdf
Inground Radius RGBW,,,,,,,,,,,,,,,,,,,,Inground Radius RGBW L1005 9.6W/m,IngroundR E EOP H100 R0000 L1005 / RGBW48/NN G5 09W RGB_RGB_T927 / OR.T1x,Stainless Steel,images/inground-radius-rgbw/inground-radius-rgbw-l1005-stainless-steel.jpg,RGB + 2700K,CRI>90,Dimmable,IP67,IK10,,"End segment · end cap at end, 1 cable · opal cover · straight · 1005mm long · 24V DC, driver separate · RGBW48 strip 9.6W/m · R 30 · G 96 · B 20 · W 138 lm",9.6W,283lm,29lm/W,Diffused,Datasheet=images/inground-radius-rgbw/datasheets/IngroundR_E_EOP_H100_R0000_L1005_RGBW48NN_G5_09W_RGB_RGB_T927_ORT1x.pdf;Specification=images/inground-radius/datasheets/inground-radius-specification.pdf;Brochure=files/holectron/holectron-inground-radius-brochure-2025.pdf
Inground Radius RGBW,,,,,,,,,,,,,,,,,,,,Inground Radius RGBW L1005 9.6W/m,IngroundR E EOP H100 R0000 L1005 / RGBW48/NN G5 09W RGB_RGB_T930 / OR.T1x,Stainless Steel,images/inground-radius-rgbw/inground-radius-rgbw-l1005-stainless-steel.jpg,RGB + 3000K,CRI>90,Dimmable,IP67,IK10,,"End segment · end cap at end, 1 cable · opal cover · straight · 1005mm long · 24V DC, driver separate · RGBW48 strip 9.6W/m · R 30 · G 96 · B 20 · W 145 lm",9.6W,290lm,30lm/W,Diffused,Datasheet=images/inground-radius-rgbw/datasheets/IngroundR_E_EOP_H100_R0000_L1005_RGBW48NN_G5_09W_RGB_RGB_T930_ORT1x.pdf;Specification=images/inground-radius/datasheets/inground-radius-specification.pdf;Brochure=files/holectron/holectron-inground-radius-brochure-2025.pdf
Inground Radius RGBW,,,,,,,,,,,,,,,,,,,,Inground Radius RGBW L1005 9.6W/m,IngroundR E EOP H100 R0000 L1005 / RGBW48/NN G5 09W RGB_RGB_T940 / OR.T1x,Stainless Steel,images/inground-radius-rgbw/inground-radius-rgbw-l1005-stainless-steel.jpg,RGB + 4000K,CRI>90,Dimmable,IP67,IK10,,"End segment · end cap at end, 1 cable · opal cover · straight · 1005mm long · 24V DC, driver separate · RGBW48 strip 9.6W/m · R 30 · G 96 · B 20 · W 151 lm",9.6W,296lm,31lm/W,Diffused,Datasheet=images/inground-radius-rgbw/datasheets/IngroundR_E_EOP_H100_R0000_L1005_RGBW48NN_G5_09W_RGB_RGB_T940_ORT1x.pdf;Specification=images/inground-radius/datasheets/inground-radius-specification.pdf;Brochure=files/holectron/holectron-inground-radius-brochure-2025.pdf
Inground Radius RGBW,,,,,,,,,,,,,,,,,,,,Inground Radius RGBW R272 9.6W/m,IngroundR E EOP H100 R0272 L0404 / RGBW48/NN G5 09W RGB_RGB_922 / OR.T1x,Stainless Steel,images/inground-radius-rgbw/inground-radius-rgbw-r272-stainless-steel.jpg,RGB + 2200K,CRI>90,Dimmable,IP67,IK10,,"End segment · end cap at end, 1 cable · opal cover · curve R272mm, 90° · 404mm long · 24V DC, driver separate · RGBW48 strip 9.6W/m · R 11 · G 36 · B 7 · W 34 lm",3.6W,88lm,24lm/W,Diffused,Datasheet=images/inground-radius-rgbw/datasheets/IngroundR_E_EOP_H100_R0272_L0404_RGBW48NN_G5_09W_RGB_RGB_922_ORT1x.pdf;Specification=images/inground-radius/datasheets/inground-radius-specification.pdf;Brochure=files/holectron/holectron-inground-radius-brochure-2025.pdf
Inground Radius RGBW,,,,,,,,,,,,,,,,,,,,Inground Radius RGBW R272 9.6W/m,IngroundR E EOP H100 R0272 L0404 / RGBW48/NN G5 09W RGB_RGB_T927 / OR.T1x,Stainless Steel,images/inground-radius-rgbw/inground-radius-rgbw-r272-stainless-steel.jpg,RGB + 2700K,CRI>90,Dimmable,IP67,IK10,,"End segment · end cap at end, 1 cable · opal cover · curve R272mm, 90° · 404mm long · 24V DC, driver separate · RGBW48 strip 9.6W/m · R 11 · G 36 · B 7 · W 52 lm",3.6W,106lm,29lm/W,Diffused,Datasheet=images/inground-radius-rgbw/datasheets/IngroundR_E_EOP_H100_R0272_L0404_RGBW48NN_G5_09W_RGB_RGB_T927_ORT1x.pdf;Specification=images/inground-radius/datasheets/inground-radius-specification.pdf;Brochure=files/holectron/holectron-inground-radius-brochure-2025.pdf
Inground Radius RGBW,,,,,,,,,,,,,,,,,,,,Inground Radius RGBW R272 9.6W/m,IngroundR E EOP H100 R0272 L0404 / RGBW48/NN G5 09W RGB_RGB_T930 / OR.T1x,Stainless Steel,images/inground-radius-rgbw/inground-radius-rgbw-r272-stainless-steel.jpg,RGB + 3000K,CRI>90,Dimmable,IP67,IK10,,"End segment · end cap at end, 1 cable · opal cover · curve R272mm, 90° · 404mm long · 24V DC, driver separate · RGBW48 strip 9.6W/m · R 11 · G 36 · B 7 · W 54 lm",3.6W,109lm,30lm/W,Diffused,Datasheet=images/inground-radius-rgbw/datasheets/IngroundR_E_EOP_H100_R0272_L0404_RGBW48NN_G5_09W_RGB_RGB_T930_ORT1x.pdf;Specification=images/inground-radius/datasheets/inground-radius-specification.pdf;Brochure=files/holectron/holectron-inground-radius-brochure-2025.pdf
Inground Radius RGBW,,,,,,,,,,,,,,,,,,,,Inground Radius RGBW R272 9.6W/m,IngroundR E EOP H100 R0272 L0404 / RGBW48/NN G5 09W RGB_RGB_T940 / OR.T1x,Stainless Steel,images/inground-radius-rgbw/inground-radius-rgbw-r272-stainless-steel.jpg,RGB + 4000K,CRI>90,Dimmable,IP67,IK10,,"End segment · end cap at end, 1 cable · opal cover · curve R272mm, 90° · 404mm long · 24V DC, driver separate · RGBW48 strip 9.6W/m · R 11 · G 36 · B 7 · W 57 lm",3.6W,111lm,31lm/W,Diffused,Datasheet=images/inground-radius-rgbw/datasheets/IngroundR_E_EOP_H100_R0272_L0404_RGBW48NN_G5_09W_RGB_RGB_T940_ORT1x.pdf;Specification=images/inground-radius/datasheets/inground-radius-specification.pdf;Brochure=files/holectron/holectron-inground-radius-brochure-2025.pdf
Inground Radius RGBW,,,,,,,,,,,,,,,,,,,,Inground Radius RGBW R515 9.6W/m,IngroundR E EOP H100 R0515 L0393 / RGBW48/NN G5 09W RGB_RGB_922 / OR.T1x,Stainless Steel,images/inground-radius-rgbw/inground-radius-rgbw-r515-stainless-steel.jpg,RGB + 2200K,CRI>90,Dimmable,IP67,IK10,,"End segment · end cap at end, 1 cable · opal cover · curve R515mm, 45° · 393mm long · 24V DC, driver separate · RGBW48 strip 9.6W/m · R 11 · G 36 · B 7 · W 34 lm",3.6W,88lm,24lm/W,Diffused,Datasheet=images/inground-radius-rgbw/datasheets/IngroundR_E_EOP_H100_R0515_L0393_RGBW48NN_G5_09W_RGB_RGB_922_ORT1x.pdf;Specification=images/inground-radius/datasheets/inground-radius-specification.pdf;Brochure=files/holectron/holectron-inground-radius-brochure-2025.pdf
Inground Radius RGBW,,,,,,,,,,,,,,,,,,,,Inground Radius RGBW R515 9.6W/m,IngroundR E EOP H100 R0515 L0393 / RGBW48/NN G5 09W RGB_RGB_T927 / OR.T1x,Stainless Steel,images/inground-radius-rgbw/inground-radius-rgbw-r515-stainless-steel.jpg,RGB + 2700K,CRI>90,Dimmable,IP67,IK10,,"End segment · end cap at end, 1 cable · opal cover · curve R515mm, 45° · 393mm long · 24V DC, driver separate · RGBW48 strip 9.6W/m · R 11 · G 36 · B 7 · W 52 lm",3.6W,106lm,29lm/W,Diffused,Datasheet=images/inground-radius-rgbw/datasheets/IngroundR_E_EOP_H100_R0515_L0393_RGBW48NN_G5_09W_RGB_RGB_T927_ORT1x.pdf;Specification=images/inground-radius/datasheets/inground-radius-specification.pdf;Brochure=files/holectron/holectron-inground-radius-brochure-2025.pdf
Inground Radius RGBW,,,,,,,,,,,,,,,,,,,,Inground Radius RGBW R515 9.6W/m,IngroundR E EOP H100 R0515 L0393 / RGBW48/NN G5 09W RGB_RGB_T930 / OR.T1x,Stainless Steel,images/inground-radius-rgbw/inground-radius-rgbw-r515-stainless-steel.jpg,RGB + 3000K,CRI>90,Dimmable,IP67,IK10,,"End segment · end cap at end, 1 cable · opal cover · curve R515mm, 45° · 393mm long · 24V DC, driver separate · RGBW48 strip 9.6W/m · R 11 · G 36 · B 7 · W 54 lm",3.6W,109lm,30lm/W,Diffused,Datasheet=images/inground-radius-rgbw/datasheets/IngroundR_E_EOP_H100_R0515_L0393_RGBW48NN_G5_09W_RGB_RGB_T930_ORT1x.pdf;Specification=images/inground-radius/datasheets/inground-radius-specification.pdf;Brochure=files/holectron/holectron-inground-radius-brochure-2025.pdf
Inground Radius RGBW,,,,,,,,,,,,,,,,,,,,Inground Radius RGBW R515 9.6W/m,IngroundR E EOP H100 R0515 L0393 / RGBW48/NN G5 09W RGB_RGB_T940 / OR.T1x,Stainless Steel,images/inground-radius-rgbw/inground-radius-rgbw-r515-stainless-steel.jpg,RGB + 4000K,CRI>90,Dimmable,IP67,IK10,,"End segment · end cap at end, 1 cable · opal cover · curve R515mm, 45° · 393mm long · 24V DC, driver separate · RGBW48 strip 9.6W/m · R 11 · G 36 · B 7 · W 57 lm",3.6W,111lm,31lm/W,Diffused,Datasheet=images/inground-radius-rgbw/datasheets/IngroundR_E_EOP_H100_R0515_L0393_RGBW48NN_G5_09W_RGB_RGB_T940_ORT1x.pdf;Specification=images/inground-radius/datasheets/inground-radius-specification.pdf;Brochure=files/holectron/holectron-inground-radius-brochure-2025.pdf
Inground Radius RGBW,,,,,,,,,,,,,,,,,,,,Inground Radius RGBW R1000 9.6W/m,IngroundR E EOP H100 R1000 L0387 / RGBW48/NN G5 09W RGB_RGB_922 / OR.T1x,Stainless Steel,images/inground-radius-rgbw/inground-radius-rgbw-r1000-stainless-steel.jpg,RGB + 2200K,CRI>90,Dimmable,IP67,IK10,,"End segment · end cap at end, 1 cable · opal cover · curve R1000mm, 22.5° · 387mm long · 24V DC, driver separate · RGBW48 strip 9.6W/m · R 11 · G 36 · B 7 · W 34 lm",3.6W,88lm,24lm/W,Diffused,Datasheet=images/inground-radius-rgbw/datasheets/IngroundR_E_EOP_H100_R1000_L0387_RGBW48NN_G5_09W_RGB_RGB_922_ORT1x.pdf;Specification=images/inground-radius/datasheets/inground-radius-specification.pdf;Brochure=files/holectron/holectron-inground-radius-brochure-2025.pdf
Inground Radius RGBW,,,,,,,,,,,,,,,,,,,,Inground Radius RGBW R1000 9.6W/m,IngroundR E EOP H100 R1000 L0387 / RGBW48/NN G5 09W RGB_RGB_T927 / OR.T1x,Stainless Steel,images/inground-radius-rgbw/inground-radius-rgbw-r1000-stainless-steel.jpg,RGB + 2700K,CRI>90,Dimmable,IP67,IK10,,"End segment · end cap at end, 1 cable · opal cover · curve R1000mm, 22.5° · 387mm long · 24V DC, driver separate · RGBW48 strip 9.6W/m · R 11 · G 36 · B 7 · W 52 lm",3.6W,106lm,29lm/W,Diffused,Datasheet=images/inground-radius-rgbw/datasheets/IngroundR_E_EOP_H100_R1000_L0387_RGBW48NN_G5_09W_RGB_RGB_T927_ORT1x.pdf;Specification=images/inground-radius/datasheets/inground-radius-specification.pdf;Brochure=files/holectron/holectron-inground-radius-brochure-2025.pdf
Inground Radius RGBW,,,,,,,,,,,,,,,,,,,,Inground Radius RGBW R1000 9.6W/m,IngroundR E EOP H100 R1000 L0387 / RGBW48/NN G5 09W RGB_RGB_T930 / OR.T1x,Stainless Steel,images/inground-radius-rgbw/inground-radius-rgbw-r1000-stainless-steel.jpg,RGB + 3000K,CRI>90,Dimmable,IP67,IK10,,"End segment · end cap at end, 1 cable · opal cover · curve R1000mm, 22.5° · 387mm long · 24V DC, driver separate · RGBW48 strip 9.6W/m · R 11 · G 36 · B 7 · W 54 lm",3.6W,109lm,30lm/W,Diffused,Datasheet=images/inground-radius-rgbw/datasheets/IngroundR_E_EOP_H100_R1000_L0387_RGBW48NN_G5_09W_RGB_RGB_T930_ORT1x.pdf;Specification=images/inground-radius/datasheets/inground-radius-specification.pdf;Brochure=files/holectron/holectron-inground-radius-brochure-2025.pdf
Inground Radius RGBW,,,,,,,,,,,,,,,,,,,,Inground Radius RGBW R1000 9.6W/m,IngroundR E EOP H100 R1000 L0387 / RGBW48/NN G5 09W RGB_RGB_T940 / OR.T1x,Stainless Steel,images/inground-radius-rgbw/inground-radius-rgbw-r1000-stainless-steel.jpg,RGB + 4000K,CRI>90,Dimmable,IP67,IK10,,"End segment · end cap at end, 1 cable · opal cover · curve R1000mm, 22.5° · 387mm long · 24V DC, driver separate · RGBW48 strip 9.6W/m · R 11 · G 36 · B 7 · W 57 lm",3.6W,111lm,31lm/W,Diffused,Datasheet=images/inground-radius-rgbw/datasheets/IngroundR_E_EOP_H100_R1000_L0387_RGBW48NN_G5_09W_RGB_RGB_T940_ORT1x.pdf;Specification=images/inground-radius/datasheets/inground-radius-specification.pdf;Brochure=files/holectron/holectron-inground-radius-brochure-2025.pdf
Inground Radius RGBW,,,,,,,,,,,,,,,,,,,,Inground Radius RGBW R1975 9.6W/m,IngroundR E EOP H100 R1975 L0385 / RGBW48/NN G5 09W RGB_RGB_922 / OR.T1x,Stainless Steel,images/inground-radius-rgbw/inground-radius-rgbw-r1975-stainless-steel.jpg,RGB + 2200K,CRI>90,Dimmable,IP67,IK10,,"End segment · end cap at end, 1 cable · opal cover · curve R1975mm, 11.3° · 385mm long · 24V DC, driver separate · RGBW48 strip 9.6W/m · R 11 · G 36 · B 7 · W 34 lm",3.6W,88lm,24lm/W,Diffused,Datasheet=images/inground-radius-rgbw/datasheets/IngroundR_E_EOP_H100_R1975_L0385_RGBW48NN_G5_09W_RGB_RGB_922_ORT1x.pdf;Specification=images/inground-radius/datasheets/inground-radius-specification.pdf;Brochure=files/holectron/holectron-inground-radius-brochure-2025.pdf
Inground Radius RGBW,,,,,,,,,,,,,,,,,,,,Inground Radius RGBW R1975 9.6W/m,IngroundR E EOP H100 R1975 L0385 / RGBW48/NN G5 09W RGB_RGB_T927 / OR.T1x,Stainless Steel,images/inground-radius-rgbw/inground-radius-rgbw-r1975-stainless-steel.jpg,RGB + 2700K,CRI>90,Dimmable,IP67,IK10,,"End segment · end cap at end, 1 cable · opal cover · curve R1975mm, 11.3° · 385mm long · 24V DC, driver separate · RGBW48 strip 9.6W/m · R 11 · G 36 · B 7 · W 52 lm",3.6W,106lm,29lm/W,Diffused,Datasheet=images/inground-radius-rgbw/datasheets/IngroundR_E_EOP_H100_R1975_L0385_RGBW48NN_G5_09W_RGB_RGB_T927_ORT1x.pdf;Specification=images/inground-radius/datasheets/inground-radius-specification.pdf;Brochure=files/holectron/holectron-inground-radius-brochure-2025.pdf
Inground Radius RGBW,,,,,,,,,,,,,,,,,,,,Inground Radius RGBW R1975 9.6W/m,IngroundR E EOP H100 R1975 L0385 / RGBW48/NN G5 09W RGB_RGB_T930 / OR.T1x,Stainless Steel,images/inground-radius-rgbw/inground-radius-rgbw-r1975-stainless-steel.jpg,RGB + 3000K,CRI>90,Dimmable,IP67,IK10,,"End segment · end cap at end, 1 cable · opal cover · curve R1975mm, 11.3° · 385mm long · 24V DC, driver separate · RGBW48 strip 9.6W/m · R 11 · G 36 · B 7 · W 54 lm",3.6W,109lm,30lm/W,Diffused,Datasheet=images/inground-radius-rgbw/datasheets/IngroundR_E_EOP_H100_R1975_L0385_RGBW48NN_G5_09W_RGB_RGB_T930_ORT1x.pdf;Specification=images/inground-radius/datasheets/inground-radius-specification.pdf;Brochure=files/holectron/holectron-inground-radius-brochure-2025.pdf
Inground Radius RGBW,,,,,,,,,,,,,,,,,,,,Inground Radius RGBW R1975 9.6W/m,IngroundR E EOP H100 R1975 L0385 / RGBW48/NN G5 09W RGB_RGB_T940 / OR.T1x,Stainless Steel,images/inground-radius-rgbw/inground-radius-rgbw-r1975-stainless-steel.jpg,RGB + 4000K,CRI>90,Dimmable,IP67,IK10,,"End segment · end cap at end, 1 cable · opal cover · curve R1975mm, 11.3° · 385mm long · 24V DC, driver separate · RGBW48 strip 9.6W/m · R 11 · G 36 · B 7 · W 57 lm",3.6W,111lm,31lm/W,Diffused,Datasheet=images/inground-radius-rgbw/datasheets/IngroundR_E_EOP_H100_R1975_L0385_RGBW48NN_G5_09W_RGB_RGB_T940_ORT1x.pdf;Specification=images/inground-radius/datasheets/inground-radius-specification.pdf;Brochure=files/holectron/holectron-inground-radius-brochure-2025.pdf
Inground Radius RGBW,,,,,,,,,,,,,,,,,,,,Inground Radius RGBW R2950 9.6W/m,IngroundR E EOP H100 R2950 L0384 / RGBW48/NN G5 09W RGB_RGB_922 / OR.T1x,Stainless Steel,images/inground-radius-rgbw/inground-radius-rgbw-r2950-stainless-steel.jpg,RGB + 2200K,CRI>90,Dimmable,IP67,IK10,,"End segment · end cap at end, 1 cable · opal cover · curve R2950mm, 7.5° · 384mm long · 24V DC, driver separate · RGBW48 strip 9.6W/m · R 11 · G 36 · B 7 · W 34 lm",3.6W,88lm,24lm/W,Diffused,Datasheet=images/inground-radius-rgbw/datasheets/IngroundR_E_EOP_H100_R2950_L0384_RGBW48NN_G5_09W_RGB_RGB_922_ORT1x.pdf;Specification=images/inground-radius/datasheets/inground-radius-specification.pdf;Brochure=files/holectron/holectron-inground-radius-brochure-2025.pdf
Inground Radius RGBW,,,,,,,,,,,,,,,,,,,,Inground Radius RGBW R2950 9.6W/m,IngroundR E EOP H100 R2950 L0384 / RGBW48/NN G5 09W RGB_RGB_T927 / OR.T1x,Stainless Steel,images/inground-radius-rgbw/inground-radius-rgbw-r2950-stainless-steel.jpg,RGB + 2700K,CRI>90,Dimmable,IP67,IK10,,"End segment · end cap at end, 1 cable · opal cover · curve R2950mm, 7.5° · 384mm long · 24V DC, driver separate · RGBW48 strip 9.6W/m · R 11 · G 36 · B 7 · W 52 lm",3.6W,106lm,29lm/W,Diffused,Datasheet=images/inground-radius-rgbw/datasheets/IngroundR_E_EOP_H100_R2950_L0384_RGBW48NN_G5_09W_RGB_RGB_T927_ORT1x.pdf;Specification=images/inground-radius/datasheets/inground-radius-specification.pdf;Brochure=files/holectron/holectron-inground-radius-brochure-2025.pdf
Inground Radius RGBW,,,,,,,,,,,,,,,,,,,,Inground Radius RGBW R2950 9.6W/m,IngroundR E EOP H100 R2950 L0384 / RGBW48/NN G5 09W RGB_RGB_T930 / OR.T1x,Stainless Steel,images/inground-radius-rgbw/inground-radius-rgbw-r2950-stainless-steel.jpg,RGB + 3000K,CRI>90,Dimmable,IP67,IK10,,"End segment · end cap at end, 1 cable · opal cover · curve R2950mm, 7.5° · 384mm long · 24V DC, driver separate · RGBW48 strip 9.6W/m · R 11 · G 36 · B 7 · W 54 lm",3.6W,109lm,30lm/W,Diffused,Datasheet=images/inground-radius-rgbw/datasheets/IngroundR_E_EOP_H100_R2950_L0384_RGBW48NN_G5_09W_RGB_RGB_T930_ORT1x.pdf;Specification=images/inground-radius/datasheets/inground-radius-specification.pdf;Brochure=files/holectron/holectron-inground-radius-brochure-2025.pdf
Inground Radius RGBW,,,,,,,,,,,,,,,,,,,,Inground Radius RGBW R2950 9.6W/m,IngroundR E EOP H100 R2950 L0384 / RGBW48/NN G5 09W RGB_RGB_T940 / OR.T1x,Stainless Steel,images/inground-radius-rgbw/inground-radius-rgbw-r2950-stainless-steel.jpg,RGB + 4000K,CRI>90,Dimmable,IP67,IK10,,"End segment · end cap at end, 1 cable · opal cover · curve R2950mm, 7.5° · 384mm long · 24V DC, driver separate · RGBW48 strip 9.6W/m · R 11 · G 36 · B 7 · W 57 lm",3.6W,111lm,31lm/W,Diffused,Datasheet=images/inground-radius-rgbw/datasheets/IngroundR_E_EOP_H100_R2950_L0384_RGBW48NN_G5_09W_RGB_RGB_T940_ORT1x.pdf;Specification=images/inground-radius/datasheets/inground-radius-specification.pdf;Brochure=files/holectron/holectron-inground-radius-brochure-2025.pdf
Inground Radius RGBW,,,,,,,,,,,,,,,,,,,,Inground Radius RGBW R6100 9.6W/m,IngroundR E EOP H100 R6100 L0382 / RGBW48/NN G5 09W RGB_RGB_922 / OR.T1x,Stainless Steel,images/inground-radius-rgbw/inground-radius-rgbw-r6100-stainless-steel.jpg,RGB + 2200K,CRI>90,Dimmable,IP67,IK10,,"End segment · end cap at end, 1 cable · opal cover · curve R6100mm, 3.6° · 382mm long · 24V DC, driver separate · RGBW48 strip 9.6W/m · R 11 · G 36 · B 7 · W 34 lm",3.6W,88lm,24lm/W,Diffused,Datasheet=images/inground-radius-rgbw/datasheets/IngroundR_E_EOP_H100_R6100_L0382_RGBW48NN_G5_09W_RGB_RGB_922_ORT1x.pdf;Specification=images/inground-radius/datasheets/inground-radius-specification.pdf;Brochure=files/holectron/holectron-inground-radius-brochure-2025.pdf
Inground Radius RGBW,,,,,,,,,,,,,,,,,,,,Inground Radius RGBW R6100 9.6W/m,IngroundR E EOP H100 R6100 L0382 / RGBW48/NN G5 09W RGB_RGB_T927 / OR.T1x,Stainless Steel,images/inground-radius-rgbw/inground-radius-rgbw-r6100-stainless-steel.jpg,RGB + 2700K,CRI>90,Dimmable,IP67,IK10,,"End segment · end cap at end, 1 cable · opal cover · curve R6100mm, 3.6° · 382mm long · 24V DC, driver separate · RGBW48 strip 9.6W/m · R 11 · G 36 · B 7 · W 52 lm",3.6W,106lm,29lm/W,Diffused,Datasheet=images/inground-radius-rgbw/datasheets/IngroundR_E_EOP_H100_R6100_L0382_RGBW48NN_G5_09W_RGB_RGB_T927_ORT1x.pdf;Specification=images/inground-radius/datasheets/inground-radius-specification.pdf;Brochure=files/holectron/holectron-inground-radius-brochure-2025.pdf
Inground Radius RGBW,,,,,,,,,,,,,,,,,,,,Inground Radius RGBW R6100 9.6W/m,IngroundR E EOP H100 R6100 L0382 / RGBW48/NN G5 09W RGB_RGB_T930 / OR.T1x,Stainless Steel,images/inground-radius-rgbw/inground-radius-rgbw-r6100-stainless-steel.jpg,RGB + 3000K,CRI>90,Dimmable,IP67,IK10,,"End segment · end cap at end, 1 cable · opal cover · curve R6100mm, 3.6° · 382mm long · 24V DC, driver separate · RGBW48 strip 9.6W/m · R 11 · G 36 · B 7 · W 54 lm",3.6W,109lm,30lm/W,Diffused,Datasheet=images/inground-radius-rgbw/datasheets/IngroundR_E_EOP_H100_R6100_L0382_RGBW48NN_G5_09W_RGB_RGB_T930_ORT1x.pdf;Specification=images/inground-radius/datasheets/inground-radius-specification.pdf;Brochure=files/holectron/holectron-inground-radius-brochure-2025.pdf
Inground Radius RGBW,,,,,,,,,,,,,,,,,,,,Inground Radius RGBW R6100 9.6W/m,IngroundR E EOP H100 R6100 L0382 / RGBW48/NN G5 09W RGB_RGB_T940 / OR.T1x,Stainless Steel,images/inground-radius-rgbw/inground-radius-rgbw-r6100-stainless-steel.jpg,RGB + 4000K,CRI>90,Dimmable,IP67,IK10,,"End segment · end cap at end, 1 cable · opal cover · curve R6100mm, 3.6° · 382mm long · 24V DC, driver separate · RGBW48 strip 9.6W/m · R 11 · G 36 · B 7 · W 57 lm",3.6W,111lm,31lm/W,Diffused,Datasheet=images/inground-radius-rgbw/datasheets/IngroundR_E_EOP_H100_R6100_L0382_RGBW48NN_G5_09W_RGB_RGB_T940_ORT1x.pdf;Specification=images/inground-radius/datasheets/inground-radius-specification.pdf;Brochure=files/holectron/holectron-inground-radius-brochure-2025.pdf
Inground Radius RGBW,,,,,,,,,,,,,,,,,,,,Inground Radius RGBW L505 9.6W/m,IngroundR F EOP H100 R0000 L0505 / RGBW48/NN G5 09W RGB_RGB_922 / OR.T1x,Stainless Steel,images/inground-radius-rgbw/inground-radius-rgbw-l505-stainless-steel.jpg,RGB + 2200K,CRI>90,Dimmable,IP67,IK10,,"Full segment · 2 end caps, 2 cables · opal cover · straight · 505mm long · 24V DC, driver separate · RGBW48 strip 9.6W/m · R 15 · G 48 · B 10 · W 45 lm",4.8W,118lm,25lm/W,Diffused,Datasheet=images/inground-radius-rgbw/datasheets/IngroundR_F_EOP_H100_R0000_L0505_RGBW48NN_G5_09W_RGB_RGB_922_ORT1x.pdf;Specification=images/inground-radius/datasheets/inground-radius-specification.pdf;Brochure=files/holectron/holectron-inground-radius-brochure-2025.pdf
Inground Radius RGBW,,,,,,,,,,,,,,,,,,,,Inground Radius RGBW L505 9.6W/m,IngroundR F EOP H100 R0000 L0505 / RGBW48/NN G5 09W RGB_RGB_T927 / OR.T1x,Stainless Steel,images/inground-radius-rgbw/inground-radius-rgbw-l505-stainless-steel.jpg,RGB + 2700K,CRI>90,Dimmable,IP67,IK10,,"Full segment · 2 end caps, 2 cables · opal cover · straight · 505mm long · 24V DC, driver separate · RGBW48 strip 9.6W/m · R 15 · G 48 · B 10 · W 69 lm",4.8W,142lm,30lm/W,Diffused,Datasheet=images/inground-radius-rgbw/datasheets/IngroundR_F_EOP_H100_R0000_L0505_RGBW48NN_G5_09W_RGB_RGB_T927_ORT1x.pdf;Specification=images/inground-radius/datasheets/inground-radius-specification.pdf;Brochure=files/holectron/holectron-inground-radius-brochure-2025.pdf
Inground Radius RGBW,,,,,,,,,,,,,,,,,,,,Inground Radius RGBW L505 9.6W/m,IngroundR F EOP H100 R0000 L0505 / RGBW48/NN G5 09W RGB_RGB_T930 / OR.T1x,Stainless Steel,images/inground-radius-rgbw/inground-radius-rgbw-l505-stainless-steel.jpg,RGB + 3000K,CRI>90,Dimmable,IP67,IK10,,"Full segment · 2 end caps, 2 cables · opal cover · straight · 505mm long · 24V DC, driver separate · RGBW48 strip 9.6W/m · R 15 · G 48 · B 10 · W 72 lm",4.8W,145lm,30lm/W,Diffused,Datasheet=images/inground-radius-rgbw/datasheets/IngroundR_F_EOP_H100_R0000_L0505_RGBW48NN_G5_09W_RGB_RGB_T930_ORT1x.pdf;Specification=images/inground-radius/datasheets/inground-radius-specification.pdf;Brochure=files/holectron/holectron-inground-radius-brochure-2025.pdf
Inground Radius RGBW,,,,,,,,,,,,,,,,,,,,Inground Radius RGBW L505 9.6W/m,IngroundR F EOP H100 R0000 L0505 / RGBW48/NN G5 09W RGB_RGB_T940 / OR.T1x,Stainless Steel,images/inground-radius-rgbw/inground-radius-rgbw-l505-stainless-steel.jpg,RGB + 4000K,CRI>90,Dimmable,IP67,IK10,,"Full segment · 2 end caps, 2 cables · opal cover · straight · 505mm long · 24V DC, driver separate · RGBW48 strip 9.6W/m · R 15 · G 48 · B 10 · W 75 lm",4.8W,148lm,31lm/W,Diffused,Datasheet=images/inground-radius-rgbw/datasheets/IngroundR_F_EOP_H100_R0000_L0505_RGBW48NN_G5_09W_RGB_RGB_T940_ORT1x.pdf;Specification=images/inground-radius/datasheets/inground-radius-specification.pdf;Brochure=files/holectron/holectron-inground-radius-brochure-2025.pdf
Inground Radius RGBW,,,,,,,,,,,,,,,,,,,,Inground Radius RGBW L1005 9.6W/m,IngroundR F EOP H100 R0000 L1005 / RGBW48/NN G5 09W RGB_RGB_922 / OR.T1x,Stainless Steel,images/inground-radius-rgbw/inground-radius-rgbw-l1005-stainless-steel.jpg,RGB + 2200K,CRI>90,Dimmable,IP67,IK10,,"Full segment · 2 end caps, 2 cables · opal cover · straight · 1005mm long · 24V DC, driver separate · RGBW48 strip 9.6W/m · R 30 · G 96 · B 20 · W 91 lm",9.6W,236lm,25lm/W,Diffused,Datasheet=images/inground-radius-rgbw/datasheets/IngroundR_F_EOP_H100_R0000_L1005_RGBW48NN_G5_09W_RGB_RGB_922_ORT1x.pdf;Specification=images/inground-radius/datasheets/inground-radius-specification.pdf;Brochure=files/holectron/holectron-inground-radius-brochure-2025.pdf
Inground Radius RGBW,,,,,,,,,,,,,,,,,,,,Inground Radius RGBW L1005 9.6W/m,IngroundR F EOP H100 R0000 L1005 / RGBW48/NN G5 09W RGB_RGB_T927 / OR.T1x,Stainless Steel,images/inground-radius-rgbw/inground-radius-rgbw-l1005-stainless-steel.jpg,RGB + 2700K,CRI>90,Dimmable,IP67,IK10,,"Full segment · 2 end caps, 2 cables · opal cover · straight · 1005mm long · 24V DC, driver separate · RGBW48 strip 9.6W/m · R 30 · G 96 · B 20 · W 138 lm",9.6W,283lm,29lm/W,Diffused,Datasheet=images/inground-radius-rgbw/datasheets/IngroundR_F_EOP_H100_R0000_L1005_RGBW48NN_G5_09W_RGB_RGB_T927_ORT1x.pdf;Specification=images/inground-radius/datasheets/inground-radius-specification.pdf;Brochure=files/holectron/holectron-inground-radius-brochure-2025.pdf
Inground Radius RGBW,,,,,,,,,,,,,,,,,,,,Inground Radius RGBW L1005 9.6W/m,IngroundR F EOP H100 R0000 L1005 / RGBW48/NN G5 09W RGB_RGB_T930 / OR.T1x,Stainless Steel,images/inground-radius-rgbw/inground-radius-rgbw-l1005-stainless-steel.jpg,RGB + 3000K,CRI>90,Dimmable,IP67,IK10,,"Full segment · 2 end caps, 2 cables · opal cover · straight · 1005mm long · 24V DC, driver separate · RGBW48 strip 9.6W/m · R 30 · G 96 · B 20 · W 145 lm",9.6W,290lm,30lm/W,Diffused,Datasheet=images/inground-radius-rgbw/datasheets/IngroundR_F_EOP_H100_R0000_L1005_RGBW48NN_G5_09W_RGB_RGB_T930_ORT1x.pdf;Specification=images/inground-radius/datasheets/inground-radius-specification.pdf;Brochure=files/holectron/holectron-inground-radius-brochure-2025.pdf
Inground Radius RGBW,,,,,,,,,,,,,,,,,,,,Inground Radius RGBW L1005 9.6W/m,IngroundR F EOP H100 R0000 L1005 / RGBW48/NN G5 09W RGB_RGB_T940 / OR.T1x,Stainless Steel,images/inground-radius-rgbw/inground-radius-rgbw-l1005-stainless-steel.jpg,RGB + 4000K,CRI>90,Dimmable,IP67,IK10,,"Full segment · 2 end caps, 2 cables · opal cover · straight · 1005mm long · 24V DC, driver separate · RGBW48 strip 9.6W/m · R 30 · G 96 · B 20 · W 151 lm",9.6W,296lm,31lm/W,Diffused,Datasheet=images/inground-radius-rgbw/datasheets/IngroundR_F_EOP_H100_R0000_L1005_RGBW48NN_G5_09W_RGB_RGB_T940_ORT1x.pdf;Specification=images/inground-radius/datasheets/inground-radius-specification.pdf;Brochure=files/holectron/holectron-inground-radius-brochure-2025.pdf
Inground Radius RGBW,,,,,,,,,,,,,,,,,,,,Inground Radius RGBW R272 9.6W/m,IngroundR F EOP H100 R0272 L0404 / RGBW48/NN G5 09W RGB_RGB_922 / OR.T1x,Stainless Steel,images/inground-radius-rgbw/inground-radius-rgbw-r272-stainless-steel.jpg,RGB + 2200K,CRI>90,Dimmable,IP67,IK10,,"Full segment · 2 end caps, 2 cables · opal cover · curve R272mm, 90° · 404mm long · 24V DC, driver separate · RGBW48 strip 9.6W/m · R 11 · G 36 · B 7 · W 34 lm",3.6W,88lm,24lm/W,Diffused,Datasheet=images/inground-radius-rgbw/datasheets/IngroundR_F_EOP_H100_R0272_L0404_RGBW48NN_G5_09W_RGB_RGB_922_ORT1x.pdf;Specification=images/inground-radius/datasheets/inground-radius-specification.pdf;Brochure=files/holectron/holectron-inground-radius-brochure-2025.pdf
Inground Radius RGBW,,,,,,,,,,,,,,,,,,,,Inground Radius RGBW R272 9.6W/m,IngroundR F EOP H100 R0272 L0404 / RGBW48/NN G5 09W RGB_RGB_T927 / OR.T1x,Stainless Steel,images/inground-radius-rgbw/inground-radius-rgbw-r272-stainless-steel.jpg,RGB + 2700K,CRI>90,Dimmable,IP67,IK10,,"Full segment · 2 end caps, 2 cables · opal cover · curve R272mm, 90° · 404mm long · 24V DC, driver separate · RGBW48 strip 9.6W/m · R 11 · G 36 · B 7 · W 52 lm",3.6W,106lm,29lm/W,Diffused,Datasheet=images/inground-radius-rgbw/datasheets/IngroundR_F_EOP_H100_R0272_L0404_RGBW48NN_G5_09W_RGB_RGB_T927_ORT1x.pdf;Specification=images/inground-radius/datasheets/inground-radius-specification.pdf;Brochure=files/holectron/holectron-inground-radius-brochure-2025.pdf
Inground Radius RGBW,,,,,,,,,,,,,,,,,,,,Inground Radius RGBW R272 9.6W/m,IngroundR F EOP H100 R0272 L0404 / RGBW48/NN G5 09W RGB_RGB_T930 / OR.T1x,Stainless Steel,images/inground-radius-rgbw/inground-radius-rgbw-r272-stainless-steel.jpg,RGB + 3000K,CRI>90,Dimmable,IP67,IK10,,"Full segment · 2 end caps, 2 cables · opal cover · curve R272mm, 90° · 404mm long · 24V DC, driver separate · RGBW48 strip 9.6W/m · R 11 · G 36 · B 7 · W 54 lm",3.6W,109lm,30lm/W,Diffused,Datasheet=images/inground-radius-rgbw/datasheets/IngroundR_F_EOP_H100_R0272_L0404_RGBW48NN_G5_09W_RGB_RGB_T930_ORT1x.pdf;Specification=images/inground-radius/datasheets/inground-radius-specification.pdf;Brochure=files/holectron/holectron-inground-radius-brochure-2025.pdf
Inground Radius RGBW,,,,,,,,,,,,,,,,,,,,Inground Radius RGBW R272 9.6W/m,IngroundR F EOP H100 R0272 L0404 / RGBW48/NN G5 09W RGB_RGB_T940 / OR.T1x,Stainless Steel,images/inground-radius-rgbw/inground-radius-rgbw-r272-stainless-steel.jpg,RGB + 4000K,CRI>90,Dimmable,IP67,IK10,,"Full segment · 2 end caps, 2 cables · opal cover · curve R272mm, 90° · 404mm long · 24V DC, driver separate · RGBW48 strip 9.6W/m · R 11 · G 36 · B 7 · W 57 lm",3.6W,111lm,31lm/W,Diffused,Datasheet=images/inground-radius-rgbw/datasheets/IngroundR_F_EOP_H100_R0272_L0404_RGBW48NN_G5_09W_RGB_RGB_T940_ORT1x.pdf;Specification=images/inground-radius/datasheets/inground-radius-specification.pdf;Brochure=files/holectron/holectron-inground-radius-brochure-2025.pdf
Inground Radius RGBW,,,,,,,,,,,,,,,,,,,,Inground Radius RGBW R515 9.6W/m,IngroundR F EOP H100 R0515 L0393 / RGBW48/NN G5 09W RGB_RGB_922 / OR.T1x,Stainless Steel,images/inground-radius-rgbw/inground-radius-rgbw-r515-stainless-steel.jpg,RGB + 2200K,CRI>90,Dimmable,IP67,IK10,,"Full segment · 2 end caps, 2 cables · opal cover · curve R515mm, 45° · 393mm long · 24V DC, driver separate · RGBW48 strip 9.6W/m · R 11 · G 36 · B 7 · W 34 lm",3.6W,88lm,24lm/W,Diffused,Datasheet=images/inground-radius-rgbw/datasheets/IngroundR_F_EOP_H100_R0515_L0393_RGBW48NN_G5_09W_RGB_RGB_922_ORT1x.pdf;Specification=images/inground-radius/datasheets/inground-radius-specification.pdf;Brochure=files/holectron/holectron-inground-radius-brochure-2025.pdf
Inground Radius RGBW,,,,,,,,,,,,,,,,,,,,Inground Radius RGBW R515 9.6W/m,IngroundR F EOP H100 R0515 L0393 / RGBW48/NN G5 09W RGB_RGB_T927 / OR.T1x,Stainless Steel,images/inground-radius-rgbw/inground-radius-rgbw-r515-stainless-steel.jpg,RGB + 2700K,CRI>90,Dimmable,IP67,IK10,,"Full segment · 2 end caps, 2 cables · opal cover · curve R515mm, 45° · 393mm long · 24V DC, driver separate · RGBW48 strip 9.6W/m · R 11 · G 36 · B 7 · W 52 lm",3.6W,106lm,29lm/W,Diffused,Datasheet=images/inground-radius-rgbw/datasheets/IngroundR_F_EOP_H100_R0515_L0393_RGBW48NN_G5_09W_RGB_RGB_T927_ORT1x.pdf;Specification=images/inground-radius/datasheets/inground-radius-specification.pdf;Brochure=files/holectron/holectron-inground-radius-brochure-2025.pdf
Inground Radius RGBW,,,,,,,,,,,,,,,,,,,,Inground Radius RGBW R515 9.6W/m,IngroundR F EOP H100 R0515 L0393 / RGBW48/NN G5 09W RGB_RGB_T930 / OR.T1x,Stainless Steel,images/inground-radius-rgbw/inground-radius-rgbw-r515-stainless-steel.jpg,RGB + 3000K,CRI>90,Dimmable,IP67,IK10,,"Full segment · 2 end caps, 2 cables · opal cover · curve R515mm, 45° · 393mm long · 24V DC, driver separate · RGBW48 strip 9.6W/m · R 11 · G 36 · B 7 · W 54 lm",3.6W,109lm,30lm/W,Diffused,Datasheet=images/inground-radius-rgbw/datasheets/IngroundR_F_EOP_H100_R0515_L0393_RGBW48NN_G5_09W_RGB_RGB_T930_ORT1x.pdf;Specification=images/inground-radius/datasheets/inground-radius-specification.pdf;Brochure=files/holectron/holectron-inground-radius-brochure-2025.pdf
Inground Radius RGBW,,,,,,,,,,,,,,,,,,,,Inground Radius RGBW R515 9.6W/m,IngroundR F EOP H100 R0515 L0393 / RGBW48/NN G5 09W RGB_RGB_T940 / OR.T1x,Stainless Steel,images/inground-radius-rgbw/inground-radius-rgbw-r515-stainless-steel.jpg,RGB + 4000K,CRI>90,Dimmable,IP67,IK10,,"Full segment · 2 end caps, 2 cables · opal cover · curve R515mm, 45° · 393mm long · 24V DC, driver separate · RGBW48 strip 9.6W/m · R 11 · G 36 · B 7 · W 57 lm",3.6W,111lm,31lm/W,Diffused,Datasheet=images/inground-radius-rgbw/datasheets/IngroundR_F_EOP_H100_R0515_L0393_RGBW48NN_G5_09W_RGB_RGB_T940_ORT1x.pdf;Specification=images/inground-radius/datasheets/inground-radius-specification.pdf;Brochure=files/holectron/holectron-inground-radius-brochure-2025.pdf
Inground Radius RGBW,,,,,,,,,,,,,,,,,,,,Inground Radius RGBW R1000 9.6W/m,IngroundR F EOP H100 R1000 L0387 / RGBW48/NN G5 09W RGB_RGB_922 / OR.T1x,Stainless Steel,images/inground-radius-rgbw/inground-radius-rgbw-r1000-stainless-steel.jpg,RGB + 2200K,CRI>90,Dimmable,IP67,IK10,,"Full segment · 2 end caps, 2 cables · opal cover · curve R1000mm, 22.5° · 387mm long · 24V DC, driver separate · RGBW48 strip 9.6W/m · R 11 · G 36 · B 7 · W 34 lm",3.6W,88lm,24lm/W,Diffused,Datasheet=images/inground-radius-rgbw/datasheets/IngroundR_F_EOP_H100_R1000_L0387_RGBW48NN_G5_09W_RGB_RGB_922_ORT1x.pdf;Specification=images/inground-radius/datasheets/inground-radius-specification.pdf;Brochure=files/holectron/holectron-inground-radius-brochure-2025.pdf
Inground Radius RGBW,,,,,,,,,,,,,,,,,,,,Inground Radius RGBW R1000 9.6W/m,IngroundR F EOP H100 R1000 L0387 / RGBW48/NN G5 09W RGB_RGB_T927 / OR.T1x,Stainless Steel,images/inground-radius-rgbw/inground-radius-rgbw-r1000-stainless-steel.jpg,RGB + 2700K,CRI>90,Dimmable,IP67,IK10,,"Full segment · 2 end caps, 2 cables · opal cover · curve R1000mm, 22.5° · 387mm long · 24V DC, driver separate · RGBW48 strip 9.6W/m · R 11 · G 36 · B 7 · W 52 lm",3.6W,106lm,29lm/W,Diffused,Datasheet=images/inground-radius-rgbw/datasheets/IngroundR_F_EOP_H100_R1000_L0387_RGBW48NN_G5_09W_RGB_RGB_T927_ORT1x.pdf;Specification=images/inground-radius/datasheets/inground-radius-specification.pdf;Brochure=files/holectron/holectron-inground-radius-brochure-2025.pdf
Inground Radius RGBW,,,,,,,,,,,,,,,,,,,,Inground Radius RGBW R1000 9.6W/m,IngroundR F EOP H100 R1000 L0387 / RGBW48/NN G5 09W RGB_RGB_T930 / OR.T1x,Stainless Steel,images/inground-radius-rgbw/inground-radius-rgbw-r1000-stainless-steel.jpg,RGB + 3000K,CRI>90,Dimmable,IP67,IK10,,"Full segment · 2 end caps, 2 cables · opal cover · curve R1000mm, 22.5° · 387mm long · 24V DC, driver separate · RGBW48 strip 9.6W/m · R 11 · G 36 · B 7 · W 54 lm",3.6W,109lm,30lm/W,Diffused,Datasheet=images/inground-radius-rgbw/datasheets/IngroundR_F_EOP_H100_R1000_L0387_RGBW48NN_G5_09W_RGB_RGB_T930_ORT1x.pdf;Specification=images/inground-radius/datasheets/inground-radius-specification.pdf;Brochure=files/holectron/holectron-inground-radius-brochure-2025.pdf
Inground Radius RGBW,,,,,,,,,,,,,,,,,,,,Inground Radius RGBW R1000 9.6W/m,IngroundR F EOP H100 R1000 L0387 / RGBW48/NN G5 09W RGB_RGB_T940 / OR.T1x,Stainless Steel,images/inground-radius-rgbw/inground-radius-rgbw-r1000-stainless-steel.jpg,RGB + 4000K,CRI>90,Dimmable,IP67,IK10,,"Full segment · 2 end caps, 2 cables · opal cover · curve R1000mm, 22.5° · 387mm long · 24V DC, driver separate · RGBW48 strip 9.6W/m · R 11 · G 36 · B 7 · W 57 lm",3.6W,111lm,31lm/W,Diffused,Datasheet=images/inground-radius-rgbw/datasheets/IngroundR_F_EOP_H100_R1000_L0387_RGBW48NN_G5_09W_RGB_RGB_T940_ORT1x.pdf;Specification=images/inground-radius/datasheets/inground-radius-specification.pdf;Brochure=files/holectron/holectron-inground-radius-brochure-2025.pdf
Inground Radius RGBW,,,,,,,,,,,,,,,,,,,,Inground Radius RGBW R1975 9.6W/m,IngroundR F EOP H100 R1975 L0385 / RGBW48/NN G5 09W RGB_RGB_922 / OR.T1x,Stainless Steel,images/inground-radius-rgbw/inground-radius-rgbw-r1975-stainless-steel.jpg,RGB + 2200K,CRI>90,Dimmable,IP67,IK10,,"Full segment · 2 end caps, 2 cables · opal cover · curve R1975mm, 11.3° · 385mm long · 24V DC, driver separate · RGBW48 strip 9.6W/m · R 11 · G 36 · B 7 · W 34 lm",3.6W,88lm,24lm/W,Diffused,Datasheet=images/inground-radius-rgbw/datasheets/IngroundR_F_EOP_H100_R1975_L0385_RGBW48NN_G5_09W_RGB_RGB_922_ORT1x.pdf;Specification=images/inground-radius/datasheets/inground-radius-specification.pdf;Brochure=files/holectron/holectron-inground-radius-brochure-2025.pdf
Inground Radius RGBW,,,,,,,,,,,,,,,,,,,,Inground Radius RGBW R1975 9.6W/m,IngroundR F EOP H100 R1975 L0385 / RGBW48/NN G5 09W RGB_RGB_T927 / OR.T1x,Stainless Steel,images/inground-radius-rgbw/inground-radius-rgbw-r1975-stainless-steel.jpg,RGB + 2700K,CRI>90,Dimmable,IP67,IK10,,"Full segment · 2 end caps, 2 cables · opal cover · curve R1975mm, 11.3° · 385mm long · 24V DC, driver separate · RGBW48 strip 9.6W/m · R 11 · G 36 · B 7 · W 52 lm",3.6W,106lm,29lm/W,Diffused,Datasheet=images/inground-radius-rgbw/datasheets/IngroundR_F_EOP_H100_R1975_L0385_RGBW48NN_G5_09W_RGB_RGB_T927_ORT1x.pdf;Specification=images/inground-radius/datasheets/inground-radius-specification.pdf;Brochure=files/holectron/holectron-inground-radius-brochure-2025.pdf
Inground Radius RGBW,,,,,,,,,,,,,,,,,,,,Inground Radius RGBW R1975 9.6W/m,IngroundR F EOP H100 R1975 L0385 / RGBW48/NN G5 09W RGB_RGB_T930 / OR.T1x,Stainless Steel,images/inground-radius-rgbw/inground-radius-rgbw-r1975-stainless-steel.jpg,RGB + 3000K,CRI>90,Dimmable,IP67,IK10,,"Full segment · 2 end caps, 2 cables · opal cover · curve R1975mm, 11.3° · 385mm long · 24V DC, driver separate · RGBW48 strip 9.6W/m · R 11 · G 36 · B 7 · W 54 lm",3.6W,109lm,30lm/W,Diffused,Datasheet=images/inground-radius-rgbw/datasheets/IngroundR_F_EOP_H100_R1975_L0385_RGBW48NN_G5_09W_RGB_RGB_T930_ORT1x.pdf;Specification=images/inground-radius/datasheets/inground-radius-specification.pdf;Brochure=files/holectron/holectron-inground-radius-brochure-2025.pdf
Inground Radius RGBW,,,,,,,,,,,,,,,,,,,,Inground Radius RGBW R1975 9.6W/m,IngroundR F EOP H100 R1975 L0385 / RGBW48/NN G5 09W RGB_RGB_T940 / OR.T1x,Stainless Steel,images/inground-radius-rgbw/inground-radius-rgbw-r1975-stainless-steel.jpg,RGB + 4000K,CRI>90,Dimmable,IP67,IK10,,"Full segment · 2 end caps, 2 cables · opal cover · curve R1975mm, 11.3° · 385mm long · 24V DC, driver separate · RGBW48 strip 9.6W/m · R 11 · G 36 · B 7 · W 57 lm",3.6W,111lm,31lm/W,Diffused,Datasheet=images/inground-radius-rgbw/datasheets/IngroundR_F_EOP_H100_R1975_L0385_RGBW48NN_G5_09W_RGB_RGB_T940_ORT1x.pdf;Specification=images/inground-radius/datasheets/inground-radius-specification.pdf;Brochure=files/holectron/holectron-inground-radius-brochure-2025.pdf
Inground Radius RGBW,,,,,,,,,,,,,,,,,,,,Inground Radius RGBW R2950 9.6W/m,IngroundR F EOP H100 R2950 L0384 / RGBW48/NN G5 09W RGB_RGB_922 / OR.T1x,Stainless Steel,images/inground-radius-rgbw/inground-radius-rgbw-r2950-stainless-steel.jpg,RGB + 2200K,CRI>90,Dimmable,IP67,IK10,,"Full segment · 2 end caps, 2 cables · opal cover · curve R2950mm, 7.5° · 384mm long · 24V DC, driver separate · RGBW48 strip 9.6W/m · R 11 · G 36 · B 7 · W 34 lm",3.6W,88lm,24lm/W,Diffused,Datasheet=images/inground-radius-rgbw/datasheets/IngroundR_F_EOP_H100_R2950_L0384_RGBW48NN_G5_09W_RGB_RGB_922_ORT1x.pdf;Specification=images/inground-radius/datasheets/inground-radius-specification.pdf;Brochure=files/holectron/holectron-inground-radius-brochure-2025.pdf
Inground Radius RGBW,,,,,,,,,,,,,,,,,,,,Inground Radius RGBW R2950 9.6W/m,IngroundR F EOP H100 R2950 L0384 / RGBW48/NN G5 09W RGB_RGB_T927 / OR.T1x,Stainless Steel,images/inground-radius-rgbw/inground-radius-rgbw-r2950-stainless-steel.jpg,RGB + 2700K,CRI>90,Dimmable,IP67,IK10,,"Full segment · 2 end caps, 2 cables · opal cover · curve R2950mm, 7.5° · 384mm long · 24V DC, driver separate · RGBW48 strip 9.6W/m · R 11 · G 36 · B 7 · W 52 lm",3.6W,106lm,29lm/W,Diffused,Datasheet=images/inground-radius-rgbw/datasheets/IngroundR_F_EOP_H100_R2950_L0384_RGBW48NN_G5_09W_RGB_RGB_T927_ORT1x.pdf;Specification=images/inground-radius/datasheets/inground-radius-specification.pdf;Brochure=files/holectron/holectron-inground-radius-brochure-2025.pdf
Inground Radius RGBW,,,,,,,,,,,,,,,,,,,,Inground Radius RGBW R2950 9.6W/m,IngroundR F EOP H100 R2950 L0384 / RGBW48/NN G5 09W RGB_RGB_T930 / OR.T1x,Stainless Steel,images/inground-radius-rgbw/inground-radius-rgbw-r2950-stainless-steel.jpg,RGB + 3000K,CRI>90,Dimmable,IP67,IK10,,"Full segment · 2 end caps, 2 cables · opal cover · curve R2950mm, 7.5° · 384mm long · 24V DC, driver separate · RGBW48 strip 9.6W/m · R 11 · G 36 · B 7 · W 54 lm",3.6W,109lm,30lm/W,Diffused,Datasheet=images/inground-radius-rgbw/datasheets/IngroundR_F_EOP_H100_R2950_L0384_RGBW48NN_G5_09W_RGB_RGB_T930_ORT1x.pdf;Specification=images/inground-radius/datasheets/inground-radius-specification.pdf;Brochure=files/holectron/holectron-inground-radius-brochure-2025.pdf
Inground Radius RGBW,,,,,,,,,,,,,,,,,,,,Inground Radius RGBW R2950 9.6W/m,IngroundR F EOP H100 R2950 L0384 / RGBW48/NN G5 09W RGB_RGB_T940 / OR.T1x,Stainless Steel,images/inground-radius-rgbw/inground-radius-rgbw-r2950-stainless-steel.jpg,RGB + 4000K,CRI>90,Dimmable,IP67,IK10,,"Full segment · 2 end caps, 2 cables · opal cover · curve R2950mm, 7.5° · 384mm long · 24V DC, driver separate · RGBW48 strip 9.6W/m · R 11 · G 36 · B 7 · W 57 lm",3.6W,111lm,31lm/W,Diffused,Datasheet=images/inground-radius-rgbw/datasheets/IngroundR_F_EOP_H100_R2950_L0384_RGBW48NN_G5_09W_RGB_RGB_T940_ORT1x.pdf;Specification=images/inground-radius/datasheets/inground-radius-specification.pdf;Brochure=files/holectron/holectron-inground-radius-brochure-2025.pdf
Inground Radius RGBW,,,,,,,,,,,,,,,,,,,,Inground Radius RGBW R6100 9.6W/m,IngroundR F EOP H100 R6100 L0382 / RGBW48/NN G5 09W RGB_RGB_922 / OR.T1x,Stainless Steel,images/inground-radius-rgbw/inground-radius-rgbw-r6100-stainless-steel.jpg,RGB + 2200K,CRI>90,Dimmable,IP67,IK10,,"Full segment · 2 end caps, 2 cables · opal cover · curve R6100mm, 3.6° · 382mm long · 24V DC, driver separate · RGBW48 strip 9.6W/m · R 11 · G 36 · B 7 · W 34 lm",3.6W,88lm,24lm/W,Diffused,Datasheet=images/inground-radius-rgbw/datasheets/IngroundR_F_EOP_H100_R6100_L0382_RGBW48NN_G5_09W_RGB_RGB_922_ORT1x.pdf;Specification=images/inground-radius/datasheets/inground-radius-specification.pdf;Brochure=files/holectron/holectron-inground-radius-brochure-2025.pdf
Inground Radius RGBW,,,,,,,,,,,,,,,,,,,,Inground Radius RGBW R6100 9.6W/m,IngroundR F EOP H100 R6100 L0382 / RGBW48/NN G5 09W RGB_RGB_T927 / OR.T1x,Stainless Steel,images/inground-radius-rgbw/inground-radius-rgbw-r6100-stainless-steel.jpg,RGB + 2700K,CRI>90,Dimmable,IP67,IK10,,"Full segment · 2 end caps, 2 cables · opal cover · curve R6100mm, 3.6° · 382mm long · 24V DC, driver separate · RGBW48 strip 9.6W/m · R 11 · G 36 · B 7 · W 52 lm",3.6W,106lm,29lm/W,Diffused,Datasheet=images/inground-radius-rgbw/datasheets/IngroundR_F_EOP_H100_R6100_L0382_RGBW48NN_G5_09W_RGB_RGB_T927_ORT1x.pdf;Specification=images/inground-radius/datasheets/inground-radius-specification.pdf;Brochure=files/holectron/holectron-inground-radius-brochure-2025.pdf
Inground Radius RGBW,,,,,,,,,,,,,,,,,,,,Inground Radius RGBW R6100 9.6W/m,IngroundR F EOP H100 R6100 L0382 / RGBW48/NN G5 09W RGB_RGB_T930 / OR.T1x,Stainless Steel,images/inground-radius-rgbw/inground-radius-rgbw-r6100-stainless-steel.jpg,RGB + 3000K,CRI>90,Dimmable,IP67,IK10,,"Full segment · 2 end caps, 2 cables · opal cover · curve R6100mm, 3.6° · 382mm long · 24V DC, driver separate · RGBW48 strip 9.6W/m · R 11 · G 36 · B 7 · W 54 lm",3.6W,109lm,30lm/W,Diffused,Datasheet=images/inground-radius-rgbw/datasheets/IngroundR_F_EOP_H100_R6100_L0382_RGBW48NN_G5_09W_RGB_RGB_T930_ORT1x.pdf;Specification=images/inground-radius/datasheets/inground-radius-specification.pdf;Brochure=files/holectron/holectron-inground-radius-brochure-2025.pdf
Inground Radius RGBW,,,,,,,,,,,,,,,,,,,,Inground Radius RGBW R6100 9.6W/m,IngroundR F EOP H100 R6100 L0382 / RGBW48/NN G5 09W RGB_RGB_T940 / OR.T1x,Stainless Steel,images/inground-radius-rgbw/inground-radius-rgbw-r6100-stainless-steel.jpg,RGB + 4000K,CRI>90,Dimmable,IP67,IK10,,"Full segment · 2 end caps, 2 cables · opal cover · curve R6100mm, 3.6° · 382mm long · 24V DC, driver separate · RGBW48 strip 9.6W/m · R 11 · G 36 · B 7 · W 57 lm",3.6W,111lm,31lm/W,Diffused,Datasheet=images/inground-radius-rgbw/datasheets/IngroundR_F_EOP_H100_R6100_L0382_RGBW48NN_G5_09W_RGB_RGB_T940_ORT1x.pdf;Specification=images/inground-radius/datasheets/inground-radius-specification.pdf;Brochure=files/holectron/holectron-inground-radius-brochure-2025.pdf
Inground Radius Pixel RGBW,Holectron,Exterior,Inground Linear,Pixel-controlled colour for moving light effects in the ground.,"Inground Radius Pixel RGBW uses an addressable RGBW strip, so colour and white can move along the line for chases, gradients and animated effects. It keeps the stainless steel, drive-over profile and the straight and curved pieces of the range. White light is mixed across roughly 1800K to 6500K.","In-ground linear luminaire, pixel-addressable RGBW. Marine-grade 316L stainless steel housing. Opal encapsulated cover. IP67. IK10. Drive-over up to 5000kg. L70B10 50000h. 24V DC PXL.RGBW96 pixel strip: 26.1W/m. Dimmable; driver and pixel controller sold separately. Mixed white approx. 1800K–6500K. Operating temperature -25°C to +50°C. Straight and curved segments: individual, full, start, middle and end pieces for continuous lines.",RGBW,CRI>90,Dimmable,IP67,IK10,Stainless Steel,inground,,images/inground-radius-pixel-rgbw/inground-radius-pixel-rgbw-thumb.jpg;images/inground-radius/inground-radius-dimensions-l505.png;images/inground-radius/inground-radius-dimensions-l1005.png;images/inground-radius/inground-radius-dimensions-r272.png;images/inground-radius/inground-radius-dimensions-r515.png;images/inground-radius/inground-radius-dimensions-r1000.png;images/inground-radius/inground-radius-dimensions-r1975.png;images/inground-radius/inground-radius-dimensions-r2950.png;images/inground-radius/inground-radius-dimensions-r6100.png,images/inground-radius-pixel-rgbw/inground-radius-pixel-rgbw-banner-01.jpg;images/inground-radius-pixel-rgbw/inground-radius-pixel-rgbw-banner-02.jpg,,images/inground-radius/inground-radius-dimensions-l505.png,L505 505×73×102mm · L1005 1005×73×102mm · R272 404×73×102mm (90° arc) · R515 393×73×102mm (45° arc) · R1000 387×73×102mm (22.5° arc) · R1975 385×73×102mm (11.3° arc) · R2950 384×73×102mm (7.5° arc) · R6100 382×73×102mm (3.6° arc),Inground Radius Pixel RGBW L505 26.1W/m,IngroundR I EOP H100 R0000 L0505 / PXL.RGBW96/Bx G5 26W RGBW_RGBW_ / OR.T1x,Stainless Steel,images/inground-radius-pixel-rgbw/inground-radius-pixel-rgbw-l505-stainless-steel.jpg,RGBW,CRI>90,Dimmable,IP67,IK10,,"Individual segment · 2 end caps, 1 cable · opal cover · straight · 505mm long · 24V DC, driver separate · PXL.RGBW96 pixel strip 26.1W/m · R 59 · G 242 · B 26 · W 188 lm",13.05W,515lm,39lm/W,Diffused,Datasheet=images/inground-radius-pixel-rgbw/datasheets/IngroundR_I_EOP_H100_R0000_L0505_PXLRGBW96Bx_G5_26W_RGBW_RGBW__ORT1x.pdf;Specification=images/inground-radius/datasheets/inground-radius-specification.pdf;Brochure=files/holectron/holectron-inground-radius-brochure-2025.pdf
Inground Radius Pixel RGBW,,,,,,,,,,,,,,,,,,,,Inground Radius Pixel RGBW L1005 26.1W/m,IngroundR I EOP H100 R0000 L1005 / PXL.RGBW96/Bx G5 26W RGBW_RGBW_ / OR.T1x,Stainless Steel,images/inground-radius-pixel-rgbw/inground-radius-pixel-rgbw-l1005-stainless-steel.jpg,RGBW,CRI>90,Dimmable,IP67,IK10,,"Individual segment · 2 end caps, 1 cable · opal cover · straight · 1005mm long · 24V DC, driver separate · PXL.RGBW96 pixel strip 26.1W/m · R 119 · G 483 · B 52 · W 376 lm",26.1W,1030lm,39lm/W,Diffused,Datasheet=images/inground-radius-pixel-rgbw/datasheets/IngroundR_I_EOP_H100_R0000_L1005_PXLRGBW96Bx_G5_26W_RGBW_RGBW__ORT1x.pdf;Specification=images/inground-radius/datasheets/inground-radius-specification.pdf;Brochure=files/holectron/holectron-inground-radius-brochure-2025.pdf
Inground Radius Pixel RGBW,,,,,,,,,,,,,,,,,,,,Inground Radius Pixel RGBW R272 26.1W/m,IngroundR I EOP H100 R0272 L0404 / PXL.RGBW96/Bx G5 26W RGBW_RGBW_ / OR.T1x,Stainless Steel,images/inground-radius-pixel-rgbw/inground-radius-pixel-rgbw-r272-stainless-steel.jpg,RGBW,CRI>90,Dimmable,IP67,IK10,,"Individual segment · 2 end caps, 1 cable · opal cover · curve R272mm, 90° · 404mm long · 24V DC, driver separate · PXL.RGBW96 pixel strip 26.1W/m · R 45 · G 181 · B 20 · W 141 lm",9.7875W,386lm,39lm/W,Diffused,Datasheet=images/inground-radius-pixel-rgbw/datasheets/IngroundR_I_EOP_H100_R0272_L0404_PXLRGBW96Bx_G5_26W_RGBW_RGBW__ORT1x.pdf;Specification=images/inground-radius/datasheets/inground-radius-specification.pdf;Brochure=files/holectron/holectron-inground-radius-brochure-2025.pdf
Inground Radius Pixel RGBW,,,,,,,,,,,,,,,,,,,,Inground Radius Pixel RGBW R515 26.1W/m,IngroundR I EOP H100 R0515 L0393 / PXL.RGBW96/Bx G5 26W RGBW_RGBW_ / OR.T1x,Stainless Steel,images/inground-radius-pixel-rgbw/inground-radius-pixel-rgbw-r515-stainless-steel.jpg,RGBW,CRI>90,Dimmable,IP67,IK10,,"Individual segment · 2 end caps, 1 cable · opal cover · curve R515mm, 45° · 393mm long · 24V DC, driver separate · PXL.RGBW96 pixel strip 26.1W/m · R 45 · G 181 · B 20 · W 141 lm",9.7875W,386lm,39lm/W,Diffused,Datasheet=images/inground-radius-pixel-rgbw/datasheets/IngroundR_I_EOP_H100_R0515_L0393_PXLRGBW96Bx_G5_26W_RGBW_RGBW__ORT1x.pdf;Specification=images/inground-radius/datasheets/inground-radius-specification.pdf;Brochure=files/holectron/holectron-inground-radius-brochure-2025.pdf
Inground Radius Pixel RGBW,,,,,,,,,,,,,,,,,,,,Inground Radius Pixel RGBW R1000 26.1W/m,IngroundR I EOP H100 R1000 L0387 / PXL.RGBW96/Bx G5 26W RGBW_RGBW_ / OR.T1x,Stainless Steel,images/inground-radius-pixel-rgbw/inground-radius-pixel-rgbw-r1000-stainless-steel.jpg,RGBW,CRI>90,Dimmable,IP67,IK10,,"Individual segment · 2 end caps, 1 cable · opal cover · curve R1000mm, 22.5° · 387mm long · 24V DC, driver separate · PXL.RGBW96 pixel strip 26.1W/m · R 45 · G 181 · B 20 · W 141 lm",9.7875W,386lm,39lm/W,Diffused,Datasheet=images/inground-radius-pixel-rgbw/datasheets/IngroundR_I_EOP_H100_R1000_L0387_PXLRGBW96Bx_G5_26W_RGBW_RGBW__ORT1x.pdf;Specification=images/inground-radius/datasheets/inground-radius-specification.pdf;Brochure=files/holectron/holectron-inground-radius-brochure-2025.pdf
Inground Radius Pixel RGBW,,,,,,,,,,,,,,,,,,,,Inground Radius Pixel RGBW R1975 26.1W/m,IngroundR I EOP H100 R1975 L0385 / PXL.RGBW96/Bx G5 26W RGBW_RGBW_ / OR.T1x,Stainless Steel,images/inground-radius-pixel-rgbw/inground-radius-pixel-rgbw-r1975-stainless-steel.jpg,RGBW,CRI>90,Dimmable,IP67,IK10,,"Individual segment · 2 end caps, 1 cable · opal cover · curve R1975mm, 11.3° · 385mm long · 24V DC, driver separate · PXL.RGBW96 pixel strip 26.1W/m · R 45 · G 181 · B 20 · W 141 lm",9.7875W,386lm,39lm/W,Diffused,Datasheet=images/inground-radius-pixel-rgbw/datasheets/IngroundR_I_EOP_H100_R1975_L0385_PXLRGBW96Bx_G5_26W_RGBW_RGBW__ORT1x.pdf;Specification=images/inground-radius/datasheets/inground-radius-specification.pdf;Brochure=files/holectron/holectron-inground-radius-brochure-2025.pdf
Inground Radius Pixel RGBW,,,,,,,,,,,,,,,,,,,,Inground Radius Pixel RGBW R2950 26.1W/m,IngroundR I EOP H100 R2950 L0384 / PXL.RGBW96/Bx G5 26W RGBW_RGBW_ / OR.T1x,Stainless Steel,images/inground-radius-pixel-rgbw/inground-radius-pixel-rgbw-r2950-stainless-steel.jpg,RGBW,CRI>90,Dimmable,IP67,IK10,,"Individual segment · 2 end caps, 1 cable · opal cover · curve R2950mm, 7.5° · 384mm long · 24V DC, driver separate · PXL.RGBW96 pixel strip 26.1W/m · R 45 · G 181 · B 20 · W 141 lm",9.7875W,386lm,39lm/W,Diffused,Datasheet=images/inground-radius-pixel-rgbw/datasheets/IngroundR_I_EOP_H100_R2950_L0384_PXLRGBW96Bx_G5_26W_RGBW_RGBW__ORT1x.pdf;Specification=images/inground-radius/datasheets/inground-radius-specification.pdf;Brochure=files/holectron/holectron-inground-radius-brochure-2025.pdf
Inground Radius Pixel RGBW,,,,,,,,,,,,,,,,,,,,Inground Radius Pixel RGBW R6100 26.1W/m,IngroundR I EOP H100 R6100 L0382 / PXL.RGBW96/Bx G5 26W RGBW_RGBW_ / OR.T1x,Stainless Steel,images/inground-radius-pixel-rgbw/inground-radius-pixel-rgbw-r6100-stainless-steel.jpg,RGBW,CRI>90,Dimmable,IP67,IK10,,"Individual segment · 2 end caps, 1 cable · opal cover · curve R6100mm, 3.6° · 382mm long · 24V DC, driver separate · PXL.RGBW96 pixel strip 26.1W/m · R 45 · G 181 · B 20 · W 141 lm",9.7875W,386lm,39lm/W,Diffused,Datasheet=images/inground-radius-pixel-rgbw/datasheets/IngroundR_I_EOP_H100_R6100_L0382_PXLRGBW96Bx_G5_26W_RGBW_RGBW__ORT1x.pdf;Specification=images/inground-radius/datasheets/inground-radius-specification.pdf;Brochure=files/holectron/holectron-inground-radius-brochure-2025.pdf
Inground Radius Pixel RGBW,,,,,,,,,,,,,,,,,,,,Inground Radius Pixel RGBW L505 26.1W/m,IngroundR S EOP H100 R0000 L0505 / PXL.RGBW96/Bx G5 26W RGBW_RGBW_ / OR.T1x,Stainless Steel,images/inground-radius-pixel-rgbw/inground-radius-pixel-rgbw-l505-stainless-steel.jpg,RGBW,CRI>90,Dimmable,IP67,IK10,,"Start segment · end cap at start, 2 cables · opal cover · straight · 505mm long · 24V DC, driver separate · PXL.RGBW96 pixel strip 26.1W/m · R 59 · G 242 · B 26 · W 188 lm",13.05W,515lm,39lm/W,Diffused,Datasheet=images/inground-radius-pixel-rgbw/datasheets/IngroundR_S_EOP_H100_R0000_L0505_PXLRGBW96Bx_G5_26W_RGBW_RGBW__ORT1x.pdf;Specification=images/inground-radius/datasheets/inground-radius-specification.pdf;Brochure=files/holectron/holectron-inground-radius-brochure-2025.pdf
Inground Radius Pixel RGBW,,,,,,,,,,,,,,,,,,,,Inground Radius Pixel RGBW L1005 26.1W/m,IngroundR S EOP H100 R0000 L1005 / PXL.RGBW96/Bx G5 26W RGBW_RGBW_ / OR.T1x,Stainless Steel,images/inground-radius-pixel-rgbw/inground-radius-pixel-rgbw-l1005-stainless-steel.jpg,RGBW,CRI>90,Dimmable,IP67,IK10,,"Start segment · end cap at start, 2 cables · opal cover · straight · 1005mm long · 24V DC, driver separate · PXL.RGBW96 pixel strip 26.1W/m · R 119 · G 483 · B 52 · W 376 lm",26.1W,1030lm,39lm/W,Diffused,Datasheet=images/inground-radius-pixel-rgbw/datasheets/IngroundR_S_EOP_H100_R0000_L1005_PXLRGBW96Bx_G5_26W_RGBW_RGBW__ORT1x.pdf;Specification=images/inground-radius/datasheets/inground-radius-specification.pdf;Brochure=files/holectron/holectron-inground-radius-brochure-2025.pdf
Inground Radius Pixel RGBW,,,,,,,,,,,,,,,,,,,,Inground Radius Pixel RGBW R272 26.1W/m,IngroundR S EOP H100 R0272 L0404 / PXL.RGBW96/Bx G5 26W RGBW_RGBW_ / OR.T1x,Stainless Steel,images/inground-radius-pixel-rgbw/inground-radius-pixel-rgbw-r272-stainless-steel.jpg,RGBW,CRI>90,Dimmable,IP67,IK10,,"Start segment · end cap at start, 2 cables · opal cover · curve R272mm, 90° · 404mm long · 24V DC, driver separate · PXL.RGBW96 pixel strip 26.1W/m · R 45 · G 181 · B 20 · W 141 lm",9.7875W,386lm,39lm/W,Diffused,Datasheet=images/inground-radius-pixel-rgbw/datasheets/IngroundR_S_EOP_H100_R0272_L0404_PXLRGBW96Bx_G5_26W_RGBW_RGBW__ORT1x.pdf;Specification=images/inground-radius/datasheets/inground-radius-specification.pdf;Brochure=files/holectron/holectron-inground-radius-brochure-2025.pdf
Inground Radius Pixel RGBW,,,,,,,,,,,,,,,,,,,,Inground Radius Pixel RGBW R515 26.1W/m,IngroundR S EOP H100 R0515 L0393 / PXL.RGBW96/Bx G5 26W RGBW_RGBW_ / OR.T1x,Stainless Steel,images/inground-radius-pixel-rgbw/inground-radius-pixel-rgbw-r515-stainless-steel.jpg,RGBW,CRI>90,Dimmable,IP67,IK10,,"Start segment · end cap at start, 2 cables · opal cover · curve R515mm, 45° · 393mm long · 24V DC, driver separate · PXL.RGBW96 pixel strip 26.1W/m · R 45 · G 181 · B 20 · W 141 lm",9.7875W,386lm,39lm/W,Diffused,Datasheet=images/inground-radius-pixel-rgbw/datasheets/IngroundR_S_EOP_H100_R0515_L0393_PXLRGBW96Bx_G5_26W_RGBW_RGBW__ORT1x.pdf;Specification=images/inground-radius/datasheets/inground-radius-specification.pdf;Brochure=files/holectron/holectron-inground-radius-brochure-2025.pdf
Inground Radius Pixel RGBW,,,,,,,,,,,,,,,,,,,,Inground Radius Pixel RGBW R1000 26.1W/m,IngroundR S EOP H100 R1000 L0387 / PXL.RGBW96/Bx G5 26W RGBW_RGBW_ / OR.T1x,Stainless Steel,images/inground-radius-pixel-rgbw/inground-radius-pixel-rgbw-r1000-stainless-steel.jpg,RGBW,CRI>90,Dimmable,IP67,IK10,,"Start segment · end cap at start, 2 cables · opal cover · curve R1000mm, 22.5° · 387mm long · 24V DC, driver separate · PXL.RGBW96 pixel strip 26.1W/m · R 45 · G 181 · B 20 · W 141 lm",9.7875W,386lm,39lm/W,Diffused,Datasheet=images/inground-radius-pixel-rgbw/datasheets/IngroundR_S_EOP_H100_R1000_L0387_PXLRGBW96Bx_G5_26W_RGBW_RGBW__ORT1x.pdf;Specification=images/inground-radius/datasheets/inground-radius-specification.pdf;Brochure=files/holectron/holectron-inground-radius-brochure-2025.pdf
Inground Radius Pixel RGBW,,,,,,,,,,,,,,,,,,,,Inground Radius Pixel RGBW R1975 26.1W/m,IngroundR S EOP H100 R1975 L0385 / PXL.RGBW96/Bx G5 26W RGBW_RGBW_ / OR.T1x,Stainless Steel,images/inground-radius-pixel-rgbw/inground-radius-pixel-rgbw-r1975-stainless-steel.jpg,RGBW,CRI>90,Dimmable,IP67,IK10,,"Start segment · end cap at start, 2 cables · opal cover · curve R1975mm, 11.3° · 385mm long · 24V DC, driver separate · PXL.RGBW96 pixel strip 26.1W/m · R 45 · G 181 · B 20 · W 141 lm",9.7875W,386lm,39lm/W,Diffused,Datasheet=images/inground-radius-pixel-rgbw/datasheets/IngroundR_S_EOP_H100_R1975_L0385_PXLRGBW96Bx_G5_26W_RGBW_RGBW__ORT1x.pdf;Specification=images/inground-radius/datasheets/inground-radius-specification.pdf;Brochure=files/holectron/holectron-inground-radius-brochure-2025.pdf
Inground Radius Pixel RGBW,,,,,,,,,,,,,,,,,,,,Inground Radius Pixel RGBW R2950 26.1W/m,IngroundR S EOP H100 R2950 L0384 / PXL.RGBW96/Bx G5 26W RGBW_RGBW_ / OR.T1x,Stainless Steel,images/inground-radius-pixel-rgbw/inground-radius-pixel-rgbw-r2950-stainless-steel.jpg,RGBW,CRI>90,Dimmable,IP67,IK10,,"Start segment · end cap at start, 2 cables · opal cover · curve R2950mm, 7.5° · 384mm long · 24V DC, driver separate · PXL.RGBW96 pixel strip 26.1W/m · R 45 · G 181 · B 20 · W 141 lm",9.7875W,386lm,39lm/W,Diffused,Datasheet=images/inground-radius-pixel-rgbw/datasheets/IngroundR_S_EOP_H100_R2950_L0384_PXLRGBW96Bx_G5_26W_RGBW_RGBW__ORT1x.pdf;Specification=images/inground-radius/datasheets/inground-radius-specification.pdf;Brochure=files/holectron/holectron-inground-radius-brochure-2025.pdf
Inground Radius Pixel RGBW,,,,,,,,,,,,,,,,,,,,Inground Radius Pixel RGBW R6100 26.1W/m,IngroundR S EOP H100 R6100 L0382 / PXL.RGBW96/Bx G5 26W RGBW_RGBW_ / OR.T1x,Stainless Steel,images/inground-radius-pixel-rgbw/inground-radius-pixel-rgbw-r6100-stainless-steel.jpg,RGBW,CRI>90,Dimmable,IP67,IK10,,"Start segment · end cap at start, 2 cables · opal cover · curve R6100mm, 3.6° · 382mm long · 24V DC, driver separate · PXL.RGBW96 pixel strip 26.1W/m · R 45 · G 181 · B 20 · W 141 lm",9.7875W,386lm,39lm/W,Diffused,Datasheet=images/inground-radius-pixel-rgbw/datasheets/IngroundR_S_EOP_H100_R6100_L0382_PXLRGBW96Bx_G5_26W_RGBW_RGBW__ORT1x.pdf;Specification=images/inground-radius/datasheets/inground-radius-specification.pdf;Brochure=files/holectron/holectron-inground-radius-brochure-2025.pdf
Inground Radius Pixel RGBW,,,,,,,,,,,,,,,,,,,,Inground Radius Pixel RGBW L505 26.1W/m,IngroundR M EOP H100 R0000 L0505 / PXL.RGBW96/Bx G5 26W RGBW_RGBW_ / OR.T1x,Stainless Steel,images/inground-radius-pixel-rgbw/inground-radius-pixel-rgbw-l505-stainless-steel.jpg,RGBW,CRI>90,Dimmable,IP67,IK10,,"Middle segment · no end caps, 2 cables · opal cover · straight · 505mm long · 24V DC, driver separate · PXL.RGBW96 pixel strip 26.1W/m · R 59 · G 242 · B 26 · W 188 lm",13.05W,515lm,39lm/W,Diffused,Datasheet=images/inground-radius-pixel-rgbw/datasheets/IngroundR_M_EOP_H100_R0000_L0505_PXLRGBW96Bx_G5_26W_RGBW_RGBW__ORT1x.pdf;Specification=images/inground-radius/datasheets/inground-radius-specification.pdf;Brochure=files/holectron/holectron-inground-radius-brochure-2025.pdf
Inground Radius Pixel RGBW,,,,,,,,,,,,,,,,,,,,Inground Radius Pixel RGBW L1005 26.1W/m,IngroundR M EOP H100 R0000 L1005 / PXL.RGBW96/Bx G5 26W RGBW_RGBW_ / OR.T1x,Stainless Steel,images/inground-radius-pixel-rgbw/inground-radius-pixel-rgbw-l1005-stainless-steel.jpg,RGBW,CRI>90,Dimmable,IP67,IK10,,"Middle segment · no end caps, 2 cables · opal cover · straight · 1005mm long · 24V DC, driver separate · PXL.RGBW96 pixel strip 26.1W/m · R 119 · G 483 · B 52 · W 376 lm",26.1W,1030lm,39lm/W,Diffused,Datasheet=images/inground-radius-pixel-rgbw/datasheets/IngroundR_M_EOP_H100_R0000_L1005_PXLRGBW96Bx_G5_26W_RGBW_RGBW__ORT1x.pdf;Specification=images/inground-radius/datasheets/inground-radius-specification.pdf;Brochure=files/holectron/holectron-inground-radius-brochure-2025.pdf
Inground Radius Pixel RGBW,,,,,,,,,,,,,,,,,,,,Inground Radius Pixel RGBW R272 26.1W/m,IngroundR M EOP H100 R0272 L0404 / PXL.RGBW96/Bx G5 26W RGBW_RGBW_ / OR.T1x,Stainless Steel,images/inground-radius-pixel-rgbw/inground-radius-pixel-rgbw-r272-stainless-steel.jpg,RGBW,CRI>90,Dimmable,IP67,IK10,,"Middle segment · no end caps, 2 cables · opal cover · curve R272mm, 90° · 404mm long · 24V DC, driver separate · PXL.RGBW96 pixel strip 26.1W/m · R 45 · G 181 · B 20 · W 141 lm",9.7875W,386lm,39lm/W,Diffused,Datasheet=images/inground-radius-pixel-rgbw/datasheets/IngroundR_M_EOP_H100_R0272_L0404_PXLRGBW96Bx_G5_26W_RGBW_RGBW__ORT1x.pdf;Specification=images/inground-radius/datasheets/inground-radius-specification.pdf;Brochure=files/holectron/holectron-inground-radius-brochure-2025.pdf
Inground Radius Pixel RGBW,,,,,,,,,,,,,,,,,,,,Inground Radius Pixel RGBW R515 26.1W/m,IngroundR M EOP H100 R0515 L0393 / PXL.RGBW96/Bx G5 26W RGBW_RGBW_ / OR.T1x,Stainless Steel,images/inground-radius-pixel-rgbw/inground-radius-pixel-rgbw-r515-stainless-steel.jpg,RGBW,CRI>90,Dimmable,IP67,IK10,,"Middle segment · no end caps, 2 cables · opal cover · curve R515mm, 45° · 393mm long · 24V DC, driver separate · PXL.RGBW96 pixel strip 26.1W/m · R 45 · G 181 · B 20 · W 141 lm",9.7875W,386lm,39lm/W,Diffused,Datasheet=images/inground-radius-pixel-rgbw/datasheets/IngroundR_M_EOP_H100_R0515_L0393_PXLRGBW96Bx_G5_26W_RGBW_RGBW__ORT1x.pdf;Specification=images/inground-radius/datasheets/inground-radius-specification.pdf;Brochure=files/holectron/holectron-inground-radius-brochure-2025.pdf
Inground Radius Pixel RGBW,,,,,,,,,,,,,,,,,,,,Inground Radius Pixel RGBW R1000 26.1W/m,IngroundR M EOP H100 R1000 L0387 / PXL.RGBW96/Bx G5 26W RGBW_RGBW_ / OR.T1x,Stainless Steel,images/inground-radius-pixel-rgbw/inground-radius-pixel-rgbw-r1000-stainless-steel.jpg,RGBW,CRI>90,Dimmable,IP67,IK10,,"Middle segment · no end caps, 2 cables · opal cover · curve R1000mm, 22.5° · 387mm long · 24V DC, driver separate · PXL.RGBW96 pixel strip 26.1W/m · R 45 · G 181 · B 20 · W 141 lm",9.7875W,386lm,39lm/W,Diffused,Datasheet=images/inground-radius-pixel-rgbw/datasheets/IngroundR_M_EOP_H100_R1000_L0387_PXLRGBW96Bx_G5_26W_RGBW_RGBW__ORT1x.pdf;Specification=images/inground-radius/datasheets/inground-radius-specification.pdf;Brochure=files/holectron/holectron-inground-radius-brochure-2025.pdf
Inground Radius Pixel RGBW,,,,,,,,,,,,,,,,,,,,Inground Radius Pixel RGBW R1975 26.1W/m,IngroundR M EOP H100 R1975 L0385 / PXL.RGBW96/Bx G5 26W RGBW_RGBW_ / OR.T1x,Stainless Steel,images/inground-radius-pixel-rgbw/inground-radius-pixel-rgbw-r1975-stainless-steel.jpg,RGBW,CRI>90,Dimmable,IP67,IK10,,"Middle segment · no end caps, 2 cables · opal cover · curve R1975mm, 11.3° · 385mm long · 24V DC, driver separate · PXL.RGBW96 pixel strip 26.1W/m · R 45 · G 181 · B 20 · W 141 lm",9.7875W,386lm,39lm/W,Diffused,Datasheet=images/inground-radius-pixel-rgbw/datasheets/IngroundR_M_EOP_H100_R1975_L0385_PXLRGBW96Bx_G5_26W_RGBW_RGBW__ORT1x.pdf;Specification=images/inground-radius/datasheets/inground-radius-specification.pdf;Brochure=files/holectron/holectron-inground-radius-brochure-2025.pdf
Inground Radius Pixel RGBW,,,,,,,,,,,,,,,,,,,,Inground Radius Pixel RGBW R2950 26.1W/m,IngroundR M EOP H100 R2950 L0384 / PXL.RGBW96/Bx G5 26W RGBW_RGBW_ / OR.T1x,Stainless Steel,images/inground-radius-pixel-rgbw/inground-radius-pixel-rgbw-r2950-stainless-steel.jpg,RGBW,CRI>90,Dimmable,IP67,IK10,,"Middle segment · no end caps, 2 cables · opal cover · curve R2950mm, 7.5° · 384mm long · 24V DC, driver separate · PXL.RGBW96 pixel strip 26.1W/m · R 45 · G 181 · B 20 · W 141 lm",9.7875W,386lm,39lm/W,Diffused,Datasheet=images/inground-radius-pixel-rgbw/datasheets/IngroundR_M_EOP_H100_R2950_L0384_PXLRGBW96Bx_G5_26W_RGBW_RGBW__ORT1x.pdf;Specification=images/inground-radius/datasheets/inground-radius-specification.pdf;Brochure=files/holectron/holectron-inground-radius-brochure-2025.pdf
Inground Radius Pixel RGBW,,,,,,,,,,,,,,,,,,,,Inground Radius Pixel RGBW R6100 26.1W/m,IngroundR M EOP H100 R6100 L0382 / PXL.RGBW96/Bx G5 26W RGBW_RGBW_ / OR.T1x,Stainless Steel,images/inground-radius-pixel-rgbw/inground-radius-pixel-rgbw-r6100-stainless-steel.jpg,RGBW,CRI>90,Dimmable,IP67,IK10,,"Middle segment · no end caps, 2 cables · opal cover · curve R6100mm, 3.6° · 382mm long · 24V DC, driver separate · PXL.RGBW96 pixel strip 26.1W/m · R 45 · G 181 · B 20 · W 141 lm",9.7875W,386lm,39lm/W,Diffused,Datasheet=images/inground-radius-pixel-rgbw/datasheets/IngroundR_M_EOP_H100_R6100_L0382_PXLRGBW96Bx_G5_26W_RGBW_RGBW__ORT1x.pdf;Specification=images/inground-radius/datasheets/inground-radius-specification.pdf;Brochure=files/holectron/holectron-inground-radius-brochure-2025.pdf
Inground Radius Pixel RGBW,,,,,,,,,,,,,,,,,,,,Inground Radius Pixel RGBW L505 26.1W/m,IngroundR E EOP H100 R0000 L0505 / PXL.RGBW96/Bx G5 26W RGBW_RGBW_ / OR.T1x,Stainless Steel,images/inground-radius-pixel-rgbw/inground-radius-pixel-rgbw-l505-stainless-steel.jpg,RGBW,CRI>90,Dimmable,IP67,IK10,,"End segment · end cap at end, 1 cable · opal cover · straight · 505mm long · 24V DC, driver separate · PXL.RGBW96 pixel strip 26.1W/m · R 59 · G 242 · B 26 · W 188 lm",13.05W,515lm,39lm/W,Diffused,Datasheet=images/inground-radius-pixel-rgbw/datasheets/IngroundR_E_EOP_H100_R0000_L0505_PXLRGBW96Bx_G5_26W_RGBW_RGBW__ORT1x.pdf;Specification=images/inground-radius/datasheets/inground-radius-specification.pdf;Brochure=files/holectron/holectron-inground-radius-brochure-2025.pdf
Inground Radius Pixel RGBW,,,,,,,,,,,,,,,,,,,,Inground Radius Pixel RGBW L1005 26.1W/m,IngroundR E EOP H100 R0000 L1005 / PXL.RGBW96/Bx G5 26W RGBW_RGBW_ / OR.T1x,Stainless Steel,images/inground-radius-pixel-rgbw/inground-radius-pixel-rgbw-l1005-stainless-steel.jpg,RGBW,CRI>90,Dimmable,IP67,IK10,,"End segment · end cap at end, 1 cable · opal cover · straight · 1005mm long · 24V DC, driver separate · PXL.RGBW96 pixel strip 26.1W/m · R 119 · G 483 · B 52 · W 376 lm",26.1W,1030lm,39lm/W,Diffused,Datasheet=images/inground-radius-pixel-rgbw/datasheets/IngroundR_E_EOP_H100_R0000_L1005_PXLRGBW96Bx_G5_26W_RGBW_RGBW__ORT1x.pdf;Specification=images/inground-radius/datasheets/inground-radius-specification.pdf;Brochure=files/holectron/holectron-inground-radius-brochure-2025.pdf
Inground Radius Pixel RGBW,,,,,,,,,,,,,,,,,,,,Inground Radius Pixel RGBW R272 26.1W/m,IngroundR E EOP H100 R0272 L0404 / PXL.RGBW96/Bx G5 26W RGBW_RGBW_ / OR.T1x,Stainless Steel,images/inground-radius-pixel-rgbw/inground-radius-pixel-rgbw-r272-stainless-steel.jpg,RGBW,CRI>90,Dimmable,IP67,IK10,,"End segment · end cap at end, 1 cable · opal cover · curve R272mm, 90° · 404mm long · 24V DC, driver separate · PXL.RGBW96 pixel strip 26.1W/m · R 45 · G 181 · B 20 · W 141 lm",9.7875W,386lm,39lm/W,Diffused,Datasheet=images/inground-radius-pixel-rgbw/datasheets/IngroundR_E_EOP_H100_R0272_L0404_PXLRGBW96Bx_G5_26W_RGBW_RGBW__ORT1x.pdf;Specification=images/inground-radius/datasheets/inground-radius-specification.pdf;Brochure=files/holectron/holectron-inground-radius-brochure-2025.pdf
Inground Radius Pixel RGBW,,,,,,,,,,,,,,,,,,,,Inground Radius Pixel RGBW R515 26.1W/m,IngroundR E EOP H100 R0515 L0393 / PXL.RGBW96/Bx G5 26W RGBW_RGBW_ / OR.T1x,Stainless Steel,images/inground-radius-pixel-rgbw/inground-radius-pixel-rgbw-r515-stainless-steel.jpg,RGBW,CRI>90,Dimmable,IP67,IK10,,"End segment · end cap at end, 1 cable · opal cover · curve R515mm, 45° · 393mm long · 24V DC, driver separate · PXL.RGBW96 pixel strip 26.1W/m · R 45 · G 181 · B 20 · W 141 lm",9.7875W,386lm,39lm/W,Diffused,Datasheet=images/inground-radius-pixel-rgbw/datasheets/IngroundR_E_EOP_H100_R0515_L0393_PXLRGBW96Bx_G5_26W_RGBW_RGBW__ORT1x.pdf;Specification=images/inground-radius/datasheets/inground-radius-specification.pdf;Brochure=files/holectron/holectron-inground-radius-brochure-2025.pdf
Inground Radius Pixel RGBW,,,,,,,,,,,,,,,,,,,,Inground Radius Pixel RGBW R1000 26.1W/m,IngroundR E EOP H100 R1000 L0387 / PXL.RGBW96/Bx G5 26W RGBW_RGBW_ / OR.T1x,Stainless Steel,images/inground-radius-pixel-rgbw/inground-radius-pixel-rgbw-r1000-stainless-steel.jpg,RGBW,CRI>90,Dimmable,IP67,IK10,,"End segment · end cap at end, 1 cable · opal cover · curve R1000mm, 22.5° · 387mm long · 24V DC, driver separate · PXL.RGBW96 pixel strip 26.1W/m · R 45 · G 181 · B 20 · W 141 lm",9.7875W,386lm,39lm/W,Diffused,Datasheet=images/inground-radius-pixel-rgbw/datasheets/IngroundR_E_EOP_H100_R1000_L0387_PXLRGBW96Bx_G5_26W_RGBW_RGBW__ORT1x.pdf;Specification=images/inground-radius/datasheets/inground-radius-specification.pdf;Brochure=files/holectron/holectron-inground-radius-brochure-2025.pdf
Inground Radius Pixel RGBW,,,,,,,,,,,,,,,,,,,,Inground Radius Pixel RGBW R1975 26.1W/m,IngroundR E EOP H100 R1975 L0385 / PXL.RGBW96/Bx G5 26W RGBW_RGBW_ / OR.T1x,Stainless Steel,images/inground-radius-pixel-rgbw/inground-radius-pixel-rgbw-r1975-stainless-steel.jpg,RGBW,CRI>90,Dimmable,IP67,IK10,,"End segment · end cap at end, 1 cable · opal cover · curve R1975mm, 11.3° · 385mm long · 24V DC, driver separate · PXL.RGBW96 pixel strip 26.1W/m · R 45 · G 181 · B 20 · W 141 lm",9.7875W,386lm,39lm/W,Diffused,Datasheet=images/inground-radius-pixel-rgbw/datasheets/IngroundR_E_EOP_H100_R1975_L0385_PXLRGBW96Bx_G5_26W_RGBW_RGBW__ORT1x.pdf;Specification=images/inground-radius/datasheets/inground-radius-specification.pdf;Brochure=files/holectron/holectron-inground-radius-brochure-2025.pdf
Inground Radius Pixel RGBW,,,,,,,,,,,,,,,,,,,,Inground Radius Pixel RGBW R2950 26.1W/m,IngroundR E EOP H100 R2950 L0384 / PXL.RGBW96/Bx G5 26W RGBW_RGBW_ / OR.T1x,Stainless Steel,images/inground-radius-pixel-rgbw/inground-radius-pixel-rgbw-r2950-stainless-steel.jpg,RGBW,CRI>90,Dimmable,IP67,IK10,,"End segment · end cap at end, 1 cable · opal cover · curve R2950mm, 7.5° · 384mm long · 24V DC, driver separate · PXL.RGBW96 pixel strip 26.1W/m · R 45 · G 181 · B 20 · W 141 lm",9.7875W,386lm,39lm/W,Diffused,Datasheet=images/inground-radius-pixel-rgbw/datasheets/IngroundR_E_EOP_H100_R2950_L0384_PXLRGBW96Bx_G5_26W_RGBW_RGBW__ORT1x.pdf;Specification=images/inground-radius/datasheets/inground-radius-specification.pdf;Brochure=files/holectron/holectron-inground-radius-brochure-2025.pdf
Inground Radius Pixel RGBW,,,,,,,,,,,,,,,,,,,,Inground Radius Pixel RGBW R6100 26.1W/m,IngroundR E EOP H100 R6100 L0382 / PXL.RGBW96/Bx G5 26W RGBW_RGBW_ / OR.T1x,Stainless Steel,images/inground-radius-pixel-rgbw/inground-radius-pixel-rgbw-r6100-stainless-steel.jpg,RGBW,CRI>90,Dimmable,IP67,IK10,,"End segment · end cap at end, 1 cable · opal cover · curve R6100mm, 3.6° · 382mm long · 24V DC, driver separate · PXL.RGBW96 pixel strip 26.1W/m · R 45 · G 181 · B 20 · W 141 lm",9.7875W,386lm,39lm/W,Diffused,Datasheet=images/inground-radius-pixel-rgbw/datasheets/IngroundR_E_EOP_H100_R6100_L0382_PXLRGBW96Bx_G5_26W_RGBW_RGBW__ORT1x.pdf;Specification=images/inground-radius/datasheets/inground-radius-specification.pdf;Brochure=files/holectron/holectron-inground-radius-brochure-2025.pdf
Inground Radius Pixel RGBW,,,,,,,,,,,,,,,,,,,,Inground Radius Pixel RGBW L505 26.1W/m,IngroundR F EOP H100 R0000 L0505 / PXL.RGBW96/Bx G5 26W RGBW_RGBW_ / OR.T1x,Stainless Steel,images/inground-radius-pixel-rgbw/inground-radius-pixel-rgbw-l505-stainless-steel.jpg,RGBW,CRI>90,Dimmable,IP67,IK10,,"Full segment · 2 end caps, 2 cables · opal cover · straight · 505mm long · 24V DC, driver separate · PXL.RGBW96 pixel strip 26.1W/m · R 59 · G 242 · B 26 · W 188 lm",13.05W,515lm,39lm/W,Diffused,Datasheet=images/inground-radius-pixel-rgbw/datasheets/IngroundR_F_EOP_H100_R0000_L0505_PXLRGBW96Bx_G5_26W_RGBW_RGBW__ORT1x.pdf;Specification=images/inground-radius/datasheets/inground-radius-specification.pdf;Brochure=files/holectron/holectron-inground-radius-brochure-2025.pdf
Inground Radius Pixel RGBW,,,,,,,,,,,,,,,,,,,,Inground Radius Pixel RGBW L1005 26.1W/m,IngroundR F EOP H100 R0000 L1005 / PXL.RGBW96/Bx G5 26W RGBW_RGBW_ / OR.T1x,Stainless Steel,images/inground-radius-pixel-rgbw/inground-radius-pixel-rgbw-l1005-stainless-steel.jpg,RGBW,CRI>90,Dimmable,IP67,IK10,,"Full segment · 2 end caps, 2 cables · opal cover · straight · 1005mm long · 24V DC, driver separate · PXL.RGBW96 pixel strip 26.1W/m · R 119 · G 483 · B 52 · W 376 lm",26.1W,1030lm,39lm/W,Diffused,Datasheet=images/inground-radius-pixel-rgbw/datasheets/IngroundR_F_EOP_H100_R0000_L1005_PXLRGBW96Bx_G5_26W_RGBW_RGBW__ORT1x.pdf;Specification=images/inground-radius/datasheets/inground-radius-specification.pdf;Brochure=files/holectron/holectron-inground-radius-brochure-2025.pdf
Inground Radius Pixel RGBW,,,,,,,,,,,,,,,,,,,,Inground Radius Pixel RGBW R272 26.1W/m,IngroundR F EOP H100 R0272 L0404 / PXL.RGBW96/Bx G5 26W RGBW_RGBW_ / OR.T1x,Stainless Steel,images/inground-radius-pixel-rgbw/inground-radius-pixel-rgbw-r272-stainless-steel.jpg,RGBW,CRI>90,Dimmable,IP67,IK10,,"Full segment · 2 end caps, 2 cables · opal cover · curve R272mm, 90° · 404mm long · 24V DC, driver separate · PXL.RGBW96 pixel strip 26.1W/m · R 45 · G 181 · B 20 · W 141 lm",9.7875W,386lm,39lm/W,Diffused,Datasheet=images/inground-radius-pixel-rgbw/datasheets/IngroundR_F_EOP_H100_R0272_L0404_PXLRGBW96Bx_G5_26W_RGBW_RGBW__ORT1x.pdf;Specification=images/inground-radius/datasheets/inground-radius-specification.pdf;Brochure=files/holectron/holectron-inground-radius-brochure-2025.pdf
Inground Radius Pixel RGBW,,,,,,,,,,,,,,,,,,,,Inground Radius Pixel RGBW R515 26.1W/m,IngroundR F EOP H100 R0515 L0393 / PXL.RGBW96/Bx G5 26W RGBW_RGBW_ / OR.T1x,Stainless Steel,images/inground-radius-pixel-rgbw/inground-radius-pixel-rgbw-r515-stainless-steel.jpg,RGBW,CRI>90,Dimmable,IP67,IK10,,"Full segment · 2 end caps, 2 cables · opal cover · curve R515mm, 45° · 393mm long · 24V DC, driver separate · PXL.RGBW96 pixel strip 26.1W/m · R 45 · G 181 · B 20 · W 141 lm",9.7875W,386lm,39lm/W,Diffused,Datasheet=images/inground-radius-pixel-rgbw/datasheets/IngroundR_F_EOP_H100_R0515_L0393_PXLRGBW96Bx_G5_26W_RGBW_RGBW__ORT1x.pdf;Specification=images/inground-radius/datasheets/inground-radius-specification.pdf;Brochure=files/holectron/holectron-inground-radius-brochure-2025.pdf
Inground Radius Pixel RGBW,,,,,,,,,,,,,,,,,,,,Inground Radius Pixel RGBW R1000 26.1W/m,IngroundR F EOP H100 R1000 L0387 / PXL.RGBW96/Bx G5 26W RGBW_RGBW_ / OR.T1x,Stainless Steel,images/inground-radius-pixel-rgbw/inground-radius-pixel-rgbw-r1000-stainless-steel.jpg,RGBW,CRI>90,Dimmable,IP67,IK10,,"Full segment · 2 end caps, 2 cables · opal cover · curve R1000mm, 22.5° · 387mm long · 24V DC, driver separate · PXL.RGBW96 pixel strip 26.1W/m · R 45 · G 181 · B 20 · W 141 lm",9.7875W,386lm,39lm/W,Diffused,Datasheet=images/inground-radius-pixel-rgbw/datasheets/IngroundR_F_EOP_H100_R1000_L0387_PXLRGBW96Bx_G5_26W_RGBW_RGBW__ORT1x.pdf;Specification=images/inground-radius/datasheets/inground-radius-specification.pdf;Brochure=files/holectron/holectron-inground-radius-brochure-2025.pdf
Inground Radius Pixel RGBW,,,,,,,,,,,,,,,,,,,,Inground Radius Pixel RGBW R1975 26.1W/m,IngroundR F EOP H100 R1975 L0385 / PXL.RGBW96/Bx G5 26W RGBW_RGBW_ / OR.T1x,Stainless Steel,images/inground-radius-pixel-rgbw/inground-radius-pixel-rgbw-r1975-stainless-steel.jpg,RGBW,CRI>90,Dimmable,IP67,IK10,,"Full segment · 2 end caps, 2 cables · opal cover · curve R1975mm, 11.3° · 385mm long · 24V DC, driver separate · PXL.RGBW96 pixel strip 26.1W/m · R 45 · G 181 · B 20 · W 141 lm",9.7875W,386lm,39lm/W,Diffused,Datasheet=images/inground-radius-pixel-rgbw/datasheets/IngroundR_F_EOP_H100_R1975_L0385_PXLRGBW96Bx_G5_26W_RGBW_RGBW__ORT1x.pdf;Specification=images/inground-radius/datasheets/inground-radius-specification.pdf;Brochure=files/holectron/holectron-inground-radius-brochure-2025.pdf
Inground Radius Pixel RGBW,,,,,,,,,,,,,,,,,,,,Inground Radius Pixel RGBW R2950 26.1W/m,IngroundR F EOP H100 R2950 L0384 / PXL.RGBW96/Bx G5 26W RGBW_RGBW_ / OR.T1x,Stainless Steel,images/inground-radius-pixel-rgbw/inground-radius-pixel-rgbw-r2950-stainless-steel.jpg,RGBW,CRI>90,Dimmable,IP67,IK10,,"Full segment · 2 end caps, 2 cables · opal cover · curve R2950mm, 7.5° · 384mm long · 24V DC, driver separate · PXL.RGBW96 pixel strip 26.1W/m · R 45 · G 181 · B 20 · W 141 lm",9.7875W,386lm,39lm/W,Diffused,Datasheet=images/inground-radius-pixel-rgbw/datasheets/IngroundR_F_EOP_H100_R2950_L0384_PXLRGBW96Bx_G5_26W_RGBW_RGBW__ORT1x.pdf;Specification=images/inground-radius/datasheets/inground-radius-specification.pdf;Brochure=files/holectron/holectron-inground-radius-brochure-2025.pdf
Inground Radius Pixel RGBW,,,,,,,,,,,,,,,,,,,,Inground Radius Pixel RGBW R6100 26.1W/m,IngroundR F EOP H100 R6100 L0382 / PXL.RGBW96/Bx G5 26W RGBW_RGBW_ / OR.T1x,Stainless Steel,images/inground-radius-pixel-rgbw/inground-radius-pixel-rgbw-r6100-stainless-steel.jpg,RGBW,CRI>90,Dimmable,IP67,IK10,,"Full segment · 2 end caps, 2 cables · opal cover · curve R6100mm, 3.6° · 382mm long · 24V DC, driver separate · PXL.RGBW96 pixel strip 26.1W/m · R 45 · G 181 · B 20 · W 141 lm",9.7875W,386lm,39lm/W,Diffused,Datasheet=images/inground-radius-pixel-rgbw/datasheets/IngroundR_F_EOP_H100_R6100_L0382_PXLRGBW96Bx_G5_26W_RGBW_RGBW__ORT1x.pdf;Specification=images/inground-radius/datasheets/inground-radius-specification.pdf;Brochure=files/holectron/holectron-inground-radius-brochure-2025.pdf
