family,brand,environment,category,tagline,description,specification,cct,cri,control,ip,ik,finishes,drawing,new,images,slides,slide_tag,dimensions,dimensions_note,model,code,model_finish,model_image,model_cct,model_cri,model_control,model_ip,model_ik,model_ugr,model_details,power,flux,efficacy,beam,downloads,lumen_maintenance,sdcm
Driade Tallo,LLD Light,Exterior,Bollard,Outdoor bollard · 4 sizes,"Driade Tallo is an outdoor bollard in 4 heights and sizes, running on mains 230V. It comes in a textured black finish, with diffused light, in 2700K, 3000K, 4000K. On ground with stem (included).","Outdoor bollard. Body, base and stem in anticorodal aluminium Diffuser in satin PMMA. IP65. IK07. CRI >80. 3-step MacAdam. Lifetime 50,000h L80 B10. Supply 230Vac.",2700K | 3000K | 4000K,CRI>80,Phase Dim,IP65,IK07,Black,bollard,,images/driade-tallo/driade-tallo-thumb.jpg;images/driade-tallo/driade-tallo-dimensions-m-m.png;images/driade-tallo/driade-tallo-dimensions-m-s.png;images/driade-tallo/driade-tallo-dimensions-s-m.png;images/driade-tallo/driade-tallo-dimensions-s-s.png,,,images/driade-tallo/driade-tallo-dimensions-m-m.png,M-M: 12W IP65IK07 1000mm · M-S: 12W IP65IK07 600mm · S-M: 9W IP65IK07 1000mm · S-S: 9W IP65IK07 600mm,Driade Tallo M-M 12W,DTM62324B.08,Black,images/driade-tallo/driade-tallo-m-m-black.jpg,2700K,CRI>80,Phase Dim,IP65,IK07,,230Vac · cable 50cm · textured finish,12W,1156lm,96lm/W,Diffused,Datasheet=https://www.lldlight.it/data/schede/DRIADE%20TALLO%20230Vac.pdf;Installation=https://www.lldlight.it/data/istruzioni/Driade%20Tallo.pdf;LDT=https://www.lldlight.it/data/ldt/Driade%20Tallo%20M.zip,,
Driade Tallo,,,,,,,,,,,,,,,,,,,,Driade Tallo M-M 12W,DTM62334B.08,Black,images/driade-tallo/driade-tallo-m-m-black.jpg,3000K,CRI>80,Phase Dim,IP65,IK07,,230Vac · cable 50cm · textured finish,12W,1156lm,96lm/W,Diffused,Datasheet=https://www.lldlight.it/data/schede/DRIADE%20TALLO%20230Vac.pdf;Installation=https://www.lldlight.it/data/istruzioni/Driade%20Tallo.pdf;LDT=https://www.lldlight.it/data/ldt/Driade%20Tallo%20M.zip,,
Driade Tallo,,,,,,,,,,,,,,,,,,,,Driade Tallo M-M 12W,DTM62344B.08,Black,images/driade-tallo/driade-tallo-m-m-black.jpg,4000K,CRI>80,Phase Dim,IP65,IK07,,230Vac · cable 50cm · textured finish,12W,1156lm,96lm/W,Diffused,Datasheet=https://www.lldlight.it/data/schede/DRIADE%20TALLO%20230Vac.pdf;Installation=https://www.lldlight.it/data/istruzioni/Driade%20Tallo.pdf;LDT=https://www.lldlight.it/data/ldt/Driade%20Tallo%20M.zip,,
Driade Tallo,,,,,,,,,,,,,,,,,,,,Driade Tallo M-S 12W,DTM61324B.08,Black,images/driade-tallo/driade-tallo-m-s-black.jpg,2700K,CRI>80,Phase Dim,IP65,IK07,,230Vac · cable 50cm · textured finish,12W,1156lm,96lm/W,Diffused,Datasheet=https://www.lldlight.it/data/schede/DRIADE%20TALLO%20230Vac.pdf;Installation=https://www.lldlight.it/data/istruzioni/Driade%20Tallo.pdf;LDT=https://www.lldlight.it/data/ldt/Driade%20Tallo%20M.zip,,
Driade Tallo,,,,,,,,,,,,,,,,,,,,Driade Tallo M-S 12W,DTM61334B.08,Black,images/driade-tallo/driade-tallo-m-s-black.jpg,3000K,CRI>80,Phase Dim,IP65,IK07,,230Vac · cable 50cm · textured finish,12W,1156lm,96lm/W,Diffused,Datasheet=https://www.lldlight.it/data/schede/DRIADE%20TALLO%20230Vac.pdf;Installation=https://www.lldlight.it/data/istruzioni/Driade%20Tallo.pdf;LDT=https://www.lldlight.it/data/ldt/Driade%20Tallo%20M.zip,,
Driade Tallo,,,,,,,,,,,,,,,,,,,,Driade Tallo M-S 12W,DTM61344B.08,Black,images/driade-tallo/driade-tallo-m-s-black.jpg,4000K,CRI>80,Phase Dim,IP65,IK07,,230Vac · cable 50cm · textured finish,12W,1156lm,96lm/W,Diffused,Datasheet=https://www.lldlight.it/data/schede/DRIADE%20TALLO%20230Vac.pdf;Installation=https://www.lldlight.it/data/istruzioni/Driade%20Tallo.pdf;LDT=https://www.lldlight.it/data/ldt/Driade%20Tallo%20M.zip,,
Driade Tallo,,,,,,,,,,,,,,,,,,,,Driade Tallo S-M 9W,DTS62324B.08,Black,images/driade-tallo/driade-tallo-s-m-black.jpg,2700K,CRI>80,Phase Dim,IP65,IK07,,230Vac · cable 50cm · textured finish,9W,896lm,100lm/W,Diffused,Datasheet=https://www.lldlight.it/data/schede/DRIADE%20TALLO%20230Vac.pdf;Installation=https://www.lldlight.it/data/istruzioni/Driade%20Tallo.pdf;LDT=https://www.lldlight.it/data/ldt/Driade%20Tallo%20S.zip,,
Driade Tallo,,,,,,,,,,,,,,,,,,,,Driade Tallo S-M 9W,DTS62334B.08,Black,images/driade-tallo/driade-tallo-s-m-black.jpg,3000K,CRI>80,Phase Dim,IP65,IK07,,230Vac · cable 50cm · textured finish,9W,896lm,100lm/W,Diffused,Datasheet=https://www.lldlight.it/data/schede/DRIADE%20TALLO%20230Vac.pdf;Installation=https://www.lldlight.it/data/istruzioni/Driade%20Tallo.pdf;LDT=https://www.lldlight.it/data/ldt/Driade%20Tallo%20S.zip,,
Driade Tallo,,,,,,,,,,,,,,,,,,,,Driade Tallo S-M 9W,DTS62344B.08,Black,images/driade-tallo/driade-tallo-s-m-black.jpg,4000K,CRI>80,Phase Dim,IP65,IK07,,230Vac · cable 50cm · textured finish,9W,896lm,100lm/W,Diffused,Datasheet=https://www.lldlight.it/data/schede/DRIADE%20TALLO%20230Vac.pdf;Installation=https://www.lldlight.it/data/istruzioni/Driade%20Tallo.pdf;LDT=https://www.lldlight.it/data/ldt/Driade%20Tallo%20S.zip,,
Driade Tallo,,,,,,,,,,,,,,,,,,,,Driade Tallo S-S 9W,DTS61324B.08,Black,images/driade-tallo/driade-tallo-s-s-black.jpg,2700K,CRI>80,Phase Dim,IP65,IK07,,230Vac · cable 50cm · textured finish,9W,896lm,100lm/W,Diffused,Datasheet=https://www.lldlight.it/data/schede/DRIADE%20TALLO%20230Vac.pdf;Installation=https://www.lldlight.it/data/istruzioni/Driade%20Tallo.pdf;LDT=https://www.lldlight.it/data/ldt/Driade%20Tallo%20S.zip,,
Driade Tallo,,,,,,,,,,,,,,,,,,,,Driade Tallo S-S 9W,DTS61334B.08,Black,images/driade-tallo/driade-tallo-s-s-black.jpg,3000K,CRI>80,Phase Dim,IP65,IK07,,230Vac · cable 50cm · textured finish,9W,896lm,100lm/W,Diffused,Datasheet=https://www.lldlight.it/data/schede/DRIADE%20TALLO%20230Vac.pdf;Installation=https://www.lldlight.it/data/istruzioni/Driade%20Tallo.pdf;LDT=https://www.lldlight.it/data/ldt/Driade%20Tallo%20S.zip,,
Driade Tallo,,,,,,,,,,,,,,,,,,,,Driade Tallo S-S 9W,DTS61344B.08,Black,images/driade-tallo/driade-tallo-s-s-black.jpg,4000K,CRI>80,Phase Dim,IP65,IK07,,230Vac · cable 50cm · textured finish,9W,896lm,100lm/W,Diffused,Datasheet=https://www.lldlight.it/data/schede/DRIADE%20TALLO%20230Vac.pdf;Installation=https://www.lldlight.it/data/istruzioni/Driade%20Tallo.pdf;LDT=https://www.lldlight.it/data/ldt/Driade%20Tallo%20S.zip,,
Driade,LLD Light,Exterior,Bollard,Outdoor bollard · 4 sizes,"Driade is an outdoor bollard in 4 heights and sizes, running on mains 230V. It comes in a textured black finish, with diffused light, in 2700K, 3000K, 4000K. On the ground with base, screws (included) and formwork (not included).","Outdoor bollard. Body, base and stem in anticorodal aluminium Diffuser in satin PMMA. IP65. IK07. CRI >80. 3-step MacAdam. Lifetime 50,000h L80 B10. Supply 230Vac.",2700K | 3000K | 4000K,CRI>80,Phase Dim,IP65,IK07,Black,bollard,,images/driade/driade-thumb.jpg;images/driade/driade-dimensions-m-m.png;images/driade/driade-dimensions-m-s.png;images/driade/driade-dimensions-s-m.png;images/driade/driade-dimensions-s-s.png,,,images/driade/driade-dimensions-m-m.png,M-M: 12W IP65IK07 800 mm · M-S: 12W IP65IK07 400 mm · S-M: 9W IP65IK07 800 mm · S-S: 9W IP65IK07 400 mm,Driade M-M 12W,DRM62324B.08,Black,images/driade/driade-m-m-black.jpg,2700K,CRI>80,Phase Dim,IP65,IK07,,230Vac · cable 50cm · textured finish,12W,1156lm,96lm/W,Diffused,Datasheet=https://www.lldlight.it/data/schede/DRIADE%20230Vac.pdf;Installation=https://www.lldlight.it/data/istruzioni/Driade.pdf;LDT=https://www.lldlight.it/data/ldt/Driade%20M.zip,,
Driade,,,,,,,,,,,,,,,,,,,,Driade M-M 12W,DRM62334B.08,Black,images/driade/driade-m-m-black.jpg,3000K,CRI>80,Phase Dim,IP65,IK07,,230Vac · cable 50cm · textured finish,12W,1156lm,96lm/W,Diffused,Datasheet=https://www.lldlight.it/data/schede/DRIADE%20230Vac.pdf;Installation=https://www.lldlight.it/data/istruzioni/Driade.pdf;LDT=https://www.lldlight.it/data/ldt/Driade%20M.zip,,
Driade,,,,,,,,,,,,,,,,,,,,Driade M-M 12W,DRM62344B.08,Black,images/driade/driade-m-m-black.jpg,4000K,CRI>80,Phase Dim,IP65,IK07,,230Vac · cable 50cm · textured finish,12W,1156lm,96lm/W,Diffused,Datasheet=https://www.lldlight.it/data/schede/DRIADE%20230Vac.pdf;Installation=https://www.lldlight.it/data/istruzioni/Driade.pdf;LDT=https://www.lldlight.it/data/ldt/Driade%20M.zip,,
Driade,,,,,,,,,,,,,,,,,,,,Driade M-S 12W,DRM61324B.08,Black,images/driade/driade-m-s-black.jpg,2700K,CRI>80,Phase Dim,IP65,IK07,,230Vac · cable 50cm · textured finish,12W,1156lm,96lm/W,Diffused,Datasheet=https://www.lldlight.it/data/schede/DRIADE%20230Vac.pdf;Installation=https://www.lldlight.it/data/istruzioni/Driade.pdf;LDT=https://www.lldlight.it/data/ldt/Driade%20M.zip,,
Driade,,,,,,,,,,,,,,,,,,,,Driade M-S 12W,DRM61334B.08,Black,images/driade/driade-m-s-black.jpg,3000K,CRI>80,Phase Dim,IP65,IK07,,230Vac · cable 50cm · textured finish,12W,1156lm,96lm/W,Diffused,Datasheet=https://www.lldlight.it/data/schede/DRIADE%20230Vac.pdf;Installation=https://www.lldlight.it/data/istruzioni/Driade.pdf;LDT=https://www.lldlight.it/data/ldt/Driade%20M.zip,,
Driade,,,,,,,,,,,,,,,,,,,,Driade M-S 12W,DRM61344B.08,Black,images/driade/driade-m-s-black.jpg,4000K,CRI>80,Phase Dim,IP65,IK07,,230Vac · cable 50cm · textured finish,12W,1156lm,96lm/W,Diffused,Datasheet=https://www.lldlight.it/data/schede/DRIADE%20230Vac.pdf;Installation=https://www.lldlight.it/data/istruzioni/Driade.pdf;LDT=https://www.lldlight.it/data/ldt/Driade%20M.zip,,
Driade,,,,,,,,,,,,,,,,,,,,Driade S-M 9W,DRS62324B.08,Black,images/driade/driade-s-m-black.jpg,2700K,CRI>80,Phase Dim,IP65,IK07,,230Vac · cable 50cm · textured finish,9W,896lm,100lm/W,Diffused,Datasheet=https://www.lldlight.it/data/schede/DRIADE%20230Vac.pdf;Installation=https://www.lldlight.it/data/istruzioni/Driade.pdf;LDT=https://www.lldlight.it/data/ldt/Driade%20S.zip,,
Driade,,,,,,,,,,,,,,,,,,,,Driade S-M 9W,DRS62334B.08,Black,images/driade/driade-s-m-black.jpg,3000K,CRI>80,Phase Dim,IP65,IK07,,230Vac · cable 50cm · textured finish,9W,896lm,100lm/W,Diffused,Datasheet=https://www.lldlight.it/data/schede/DRIADE%20230Vac.pdf;Installation=https://www.lldlight.it/data/istruzioni/Driade.pdf;LDT=https://www.lldlight.it/data/ldt/Driade%20S.zip,,
Driade,,,,,,,,,,,,,,,,,,,,Driade S-M 9W,DRS62344B.08,Black,images/driade/driade-s-m-black.jpg,4000K,CRI>80,Phase Dim,IP65,IK07,,230Vac · cable 50cm · textured finish,9W,896lm,100lm/W,Diffused,Datasheet=https://www.lldlight.it/data/schede/DRIADE%20230Vac.pdf;Installation=https://www.lldlight.it/data/istruzioni/Driade.pdf;LDT=https://www.lldlight.it/data/ldt/Driade%20S.zip,,
Driade,,,,,,,,,,,,,,,,,,,,Driade S-S 9W,DRS61324B.08,Black,images/driade/driade-s-s-black.jpg,2700K,CRI>80,Phase Dim,IP65,IK07,,230Vac · cable 50cm · textured finish,9W,896lm,100lm/W,Diffused,Datasheet=https://www.lldlight.it/data/schede/DRIADE%20230Vac.pdf;Installation=https://www.lldlight.it/data/istruzioni/Driade.pdf;LDT=https://www.lldlight.it/data/ldt/Driade%20S.zip,,
Driade,,,,,,,,,,,,,,,,,,,,Driade S-S 9W,DRS61334B.08,Black,images/driade/driade-s-s-black.jpg,3000K,CRI>80,Phase Dim,IP65,IK07,,230Vac · cable 50cm · textured finish,9W,896lm,100lm/W,Diffused,Datasheet=https://www.lldlight.it/data/schede/DRIADE%20230Vac.pdf;Installation=https://www.lldlight.it/data/istruzioni/Driade.pdf;LDT=https://www.lldlight.it/data/ldt/Driade%20S.zip,,
Driade,,,,,,,,,,,,,,,,,,,,Driade S-S 9W,DRS61344B.08,Black,images/driade/driade-s-s-black.jpg,4000K,CRI>80,Phase Dim,IP65,IK07,,230Vac · cable 50cm · textured finish,9W,896lm,100lm/W,Diffused,Datasheet=https://www.lldlight.it/data/schede/DRIADE%20230Vac.pdf;Installation=https://www.lldlight.it/data/istruzioni/Driade.pdf;LDT=https://www.lldlight.it/data/ldt/Driade%20S.zip,,
Erato,LLD Light,Exterior,Bollard,Outdoor bollard,"Erato is an outdoor bollard, running on 24V DC. It comes in a textured black finish, with down, up light, in 2200K, 2700K, 3000K, 4000K. Ground-standing On the ground with a stake (not included) On the ground on a flat surface with a base (not included) and screws (not included).","Outdoor bollard. Anticorodal aluminum body Screen-printed tempered glass. IP65. IK07. CRI >80. 3-step MacAdam. Lifetime 50,000h L80 B10. Supply 24Vdc.",2200K | 2700K | 3000K | 4000K,CRI>80,Phase Dim,IP65,IK07,Black,bollard,,images/erato/erato-thumb.jpg;images/erato/erato-dimensions.png,,,images/erato/erato-dimensions.png,9W IP65IK07,Erato 9W,ERA632B8T.08,Black,images/erato/erato-black.jpg,2200K,CRI>80,Phase Dim,IP65,IK07,,24Vdc (remote driver) · cable 1.5m · textured finish,9W,468lm,52lm/W,Down,,,
Erato,,,,,,,,,,,,,,,,,,,,Erato 9W,ERA632B6T.08HC,Black,images/erato/erato-black.jpg,2200K,CRI>80,Phase Dim,IP65,IK07,,24Vdc (remote driver) · cable 1.5m · honeycomb anti-glare filter · textured finish,9W,567lm,63lm/W,Up,,,
Erato,,,,,,,,,,,,,,,,,,,,Erato 9W,ERA632B6T.08,Black,images/erato/erato-black.jpg,2200K,CRI>80,Phase Dim,IP65,IK07,,24Vdc (remote driver) · cable 1.5m · textured finish,9W,567lm,63lm/W,Up,,,
Erato,,,,,,,,,,,,,,,,,,,,Erato 9W,ERA63228T.08,Black,images/erato/erato-black.jpg,2700K,CRI>80,Phase Dim,IP65,IK07,,24Vdc (remote driver) · cable 1.5m · textured finish,9W,468lm,52lm/W,Down,,,
Erato,,,,,,,,,,,,,,,,,,,,Erato 9W,ERA63226T.08HC,Black,images/erato/erato-black.jpg,2700K,CRI>80,Phase Dim,IP65,IK07,,24Vdc (remote driver) · cable 1.5m · honeycomb anti-glare filter · textured finish,9W,567lm,63lm/W,Up,,,
Erato,,,,,,,,,,,,,,,,,,,,Erato 9W,ERA63226T.08,Black,images/erato/erato-black.jpg,2700K,CRI>80,Phase Dim,IP65,IK07,,24Vdc (remote driver) · cable 1.5m · textured finish,9W,567lm,63lm/W,Up,,,
Erato,,,,,,,,,,,,,,,,,,,,Erato 9W,ERA63238T.08,Black,images/erato/erato-black.jpg,3000K,CRI>80,Phase Dim,IP65,IK07,,24Vdc (remote driver) · cable 1.5m · textured finish,9W,468lm,52lm/W,Down,,,
Erato,,,,,,,,,,,,,,,,,,,,Erato 9W,ERA63236T.08HC,Black,images/erato/erato-black.jpg,3000K,CRI>80,Phase Dim,IP65,IK07,,24Vdc (remote driver) · cable 1.5m · honeycomb anti-glare filter · textured finish,9W,567lm,63lm/W,Up,,,
Erato,,,,,,,,,,,,,,,,,,,,Erato 9W,ERA63236T.08,Black,images/erato/erato-black.jpg,3000K,CRI>80,Phase Dim,IP65,IK07,,24Vdc (remote driver) · cable 1.5m · textured finish,9W,567lm,63lm/W,Up,,,
Erato,,,,,,,,,,,,,,,,,,,,Erato 9W,ERA63248T.08,Black,images/erato/erato-black.jpg,4000K,CRI>80,Phase Dim,IP65,IK07,,24Vdc (remote driver) · cable 1.5m · textured finish,9W,468lm,52lm/W,Down,,,
Erato,,,,,,,,,,,,,,,,,,,,Erato 9W,ERA63246T.08HC,Black,images/erato/erato-black.jpg,4000K,CRI>80,Phase Dim,IP65,IK07,,24Vdc (remote driver) · cable 1.5m · honeycomb anti-glare filter · textured finish,9W,567lm,63lm/W,Up,,,
Erato,,,,,,,,,,,,,,,,,,,,Erato 9W,ERA63246T.08,Black,images/erato/erato-black.jpg,4000K,CRI>80,Phase Dim,IP65,IK07,,24Vdc (remote driver) · cable 1.5m · textured finish,9W,567lm,63lm/W,Up,,,
Fileo,LLD Light,Exterior,Bollard,Outdoor bollard,"Fileo is an outdoor bollard, running on mains 230V or 24V DC. It comes in a textured black finish, with 180° radial light, in 2700K, 3000K, 4000K. On the ground with base and screws (included).","Outdoor bollard. Anticorodal aluminum body PMMA lens. IP65. IK08. CRI >80. 3-step MacAdam. Lifetime 50,000h L80 B10. Supply 230Vac | 24Vdc.",2700K | 3000K | 4000K,CRI>80,Phase Dim,IP65,IK08,Black,bollard,,images/fileo/fileo-thumb.jpg;images/fileo/fileo-dimensions.png,,,images/fileo/fileo-dimensions.png,"6,5W (24Vdc)//7,5W (230Vac) IP65IK08 80mm",Fileo 7.5W,FIL61326B.08,Black,images/fileo/fileo-black.jpg,2700K,CRI>80,Phase Dim,IP65,IK08,,230Vac · cable 50cm · textured finish,7.5W,187lm,25lm/W,180° radial,,,
Fileo,,,,,,,,,,,,,,,,,,,,Fileo 6.5W,FIL61226B.08,Black,images/fileo/fileo-black.jpg,2700K,CRI>80,Phase Dim,IP65,IK08,,24Vdc (remote driver) · cable 50cm · textured finish,6.5W,187lm,29lm/W,180° radial,,,
Fileo,,,,,,,,,,,,,,,,,,,,Fileo 7.5W,FIL61336B.08,Black,images/fileo/fileo-black.jpg,3000K,CRI>80,Phase Dim,IP65,IK08,,230Vac · cable 50cm · textured finish,7.5W,187lm,25lm/W,180° radial,,,
Fileo,,,,,,,,,,,,,,,,,,,,Fileo 6.5W,FIL61236B.08,Black,images/fileo/fileo-black.jpg,3000K,CRI>80,Phase Dim,IP65,IK08,,24Vdc (remote driver) · cable 50cm · textured finish,6.5W,187lm,29lm/W,180° radial,,,
Fileo,,,,,,,,,,,,,,,,,,,,Fileo 7.5W,FIL61346B.08,Black,images/fileo/fileo-black.jpg,4000K,CRI>80,Phase Dim,IP65,IK08,,230Vac · cable 50cm · textured finish,7.5W,187lm,25lm/W,180° radial,,,
Fileo,,,,,,,,,,,,,,,,,,,,Fileo 6.5W,FIL61246B.08,Black,images/fileo/fileo-black.jpg,4000K,CRI>80,Phase Dim,IP65,IK08,,24Vdc (remote driver) · cable 50cm · textured finish,6.5W,187lm,29lm/W,180° radial,,,
Flora,LLD Light,Exterior,Bollard,Outdoor bollard · 4 sizes,"Flora is an outdoor bollard in 4 heights and sizes, running on 24V DC. It comes in a textured black finish, with asymmetric light, in 2700K, 3000K, 4000K. Standard version: On the ground with stem (included) Version with Base B1: On the ground with base and screws (included), Lower cable outlet Version with Base B2: On the ground with base, bracket and screws (included), Possibility of lower cable outlet or from the side of the base.","Outdoor bollard. Body, base and stem in anticorodal aluminium Screen-printed tempered glass. IP65. IK07. CRI >80. 3-step MacAdam. Lifetime 50,000h L80 B10. Supply 24Vdc.",2700K | 3000K | 4000K,CRI>80,Phase Dim,IP65,IK07,Black,bollard,,images/flora/flora-thumb.jpg;images/flora/flora-dimensions-m-l.png;images/flora/flora-dimensions-m-m.png;images/flora/flora-dimensions-s-l.png;images/flora/flora-dimensions-s-m.png,,,images/flora/flora-dimensions-m-l.png,"M-L: 6,5 IP65IK07 1081mm / B1: 600mm / B2:620mm · M-M: 6,5 IP65IK07 781mm / B1: 600mm / B2:620mm · S-L: 3,5 IP65IK07 1079mm / B1: 900mm / B2:920mm · S-M: 3,5 IP65IK07 779mm / B1: 600mm / B2:620mm",Flora M-L 6.5W,FLM63225B.08,Black,images/flora/flora-m-l-black.jpg,2700K,CRI>80,Phase Dim,IP65,IK07,,24Vdc (remote driver) · cable 50cm · textured finish,6.5W,310lm,48lm/W,Asymmetric,,,
Flora,,,,,,,,,,,,,,,,,,,,Flora M-L 6.5W,FLM63225B.08B1,Black,images/flora/flora-m-l-black.jpg,2700K,CRI>80,Phase Dim,IP65,IK07,,24Vdc (remote driver) · cable 50cm · with base B1 · textured finish,6.5W,310lm,48lm/W,Asymmetric,,,
Flora,,,,,,,,,,,,,,,,,,,,Flora M-L 6.5W,FLM63225B.08B2,Black,images/flora/flora-m-l-black.jpg,2700K,CRI>80,Phase Dim,IP65,IK07,,24Vdc (remote driver) · cable 50cm · with base B2 · textured finish,6.5W,310lm,48lm/W,Asymmetric,,,
Flora,,,,,,,,,,,,,,,,,,,,Flora M-L 6.5W,FLM63235B.08,Black,images/flora/flora-m-l-black.jpg,3000K,CRI>80,Phase Dim,IP65,IK07,,24Vdc (remote driver) · cable 50cm · textured finish,6.5W,310lm,48lm/W,Asymmetric,,,
Flora,,,,,,,,,,,,,,,,,,,,Flora M-L 6.5W,FLM63235B.08B1,Black,images/flora/flora-m-l-black.jpg,3000K,CRI>80,Phase Dim,IP65,IK07,,24Vdc (remote driver) · cable 50cm · with base B1 · textured finish,6.5W,310lm,48lm/W,Asymmetric,,,
Flora,,,,,,,,,,,,,,,,,,,,Flora M-L 6.5W,FLM63235B.08B2,Black,images/flora/flora-m-l-black.jpg,3000K,CRI>80,Phase Dim,IP65,IK07,,24Vdc (remote driver) · cable 50cm · with base B2 · textured finish,6.5W,310lm,48lm/W,Asymmetric,,,
Flora,,,,,,,,,,,,,,,,,,,,Flora M-L 6.5W,FLM63245B.08,Black,images/flora/flora-m-l-black.jpg,4000K,CRI>80,Phase Dim,IP65,IK07,,24Vdc (remote driver) · cable 50cm · textured finish,6.5W,310lm,48lm/W,Asymmetric,,,
Flora,,,,,,,,,,,,,,,,,,,,Flora M-L 6.5W,FLM63245B.08B1,Black,images/flora/flora-m-l-black.jpg,4000K,CRI>80,Phase Dim,IP65,IK07,,24Vdc (remote driver) · cable 50cm · with base B1 · textured finish,6.5W,310lm,48lm/W,Asymmetric,,,
Flora,,,,,,,,,,,,,,,,,,,,Flora M-L 6.5W,FLM63245B.08B2,Black,images/flora/flora-m-l-black.jpg,4000K,CRI>80,Phase Dim,IP65,IK07,,24Vdc (remote driver) · cable 50cm · with base B2 · textured finish,6.5W,310lm,48lm/W,Asymmetric,,,
Flora,,,,,,,,,,,,,,,,,,,,Flora M-M 6.5W,FLM62225B.08,Black,images/flora/flora-m-m-black.jpg,2700K,CRI>80,Phase Dim,IP65,IK07,,24Vdc (remote driver) · cable 50cm · textured finish,6.5W,310lm,48lm/W,Asymmetric,,,
Flora,,,,,,,,,,,,,,,,,,,,Flora M-M 6.5W,FLM62225B.08B1,Black,images/flora/flora-m-m-black.jpg,2700K,CRI>80,Phase Dim,IP65,IK07,,24Vdc (remote driver) · cable 50cm · with base B1 · textured finish,6.5W,310lm,48lm/W,Asymmetric,,,
Flora,,,,,,,,,,,,,,,,,,,,Flora M-M 6.5W,FLM62225B.08B2,Black,images/flora/flora-m-m-black.jpg,2700K,CRI>80,Phase Dim,IP65,IK07,,24Vdc (remote driver) · cable 50cm · with base B2 · textured finish,6.5W,310lm,48lm/W,Asymmetric,,,
Flora,,,,,,,,,,,,,,,,,,,,Flora M-M 6.5W,FLM62235B.08,Black,images/flora/flora-m-m-black.jpg,3000K,CRI>80,Phase Dim,IP65,IK07,,24Vdc (remote driver) · cable 50cm · textured finish,6.5W,310lm,48lm/W,Asymmetric,,,
Flora,,,,,,,,,,,,,,,,,,,,Flora M-M 6.5W,FLM62235B.08B1,Black,images/flora/flora-m-m-black.jpg,3000K,CRI>80,Phase Dim,IP65,IK07,,24Vdc (remote driver) · cable 50cm · with base B1 · textured finish,6.5W,310lm,48lm/W,Asymmetric,,,
Flora,,,,,,,,,,,,,,,,,,,,Flora M-M 6.5W,FLM62235B.08B2,Black,images/flora/flora-m-m-black.jpg,3000K,CRI>80,Phase Dim,IP65,IK07,,24Vdc (remote driver) · cable 50cm · with base B2 · textured finish,6.5W,310lm,48lm/W,Asymmetric,,,
Flora,,,,,,,,,,,,,,,,,,,,Flora M-M 6.5W,FLM62245B.08,Black,images/flora/flora-m-m-black.jpg,4000K,CRI>80,Phase Dim,IP65,IK07,,24Vdc (remote driver) · cable 50cm · textured finish,6.5W,310lm,48lm/W,Asymmetric,,,
Flora,,,,,,,,,,,,,,,,,,,,Flora M-M 6.5W,FLM62245B.08B1,Black,images/flora/flora-m-m-black.jpg,4000K,CRI>80,Phase Dim,IP65,IK07,,24Vdc (remote driver) · cable 50cm · with base B1 · textured finish,6.5W,310lm,48lm/W,Asymmetric,,,
Flora,,,,,,,,,,,,,,,,,,,,Flora M-M 6.5W,FLM62245B.08B2,Black,images/flora/flora-m-m-black.jpg,4000K,CRI>80,Phase Dim,IP65,IK07,,24Vdc (remote driver) · cable 50cm · with base B2 · textured finish,6.5W,310lm,48lm/W,Asymmetric,,,
Flora,,,,,,,,,,,,,,,,,,,,Flora S-L 3.5W,FLS63225B.08,Black,images/flora/flora-s-l-black.jpg,2700K,CRI>80,Phase Dim,IP65,IK07,,24Vdc (remote driver) · cable 50cm · textured finish,3.5W,170lm,49lm/W,Asymmetric,,,
Flora,,,,,,,,,,,,,,,,,,,,Flora S-L 3.5W,FLS63225B.08B1,Black,images/flora/flora-s-l-black.jpg,2700K,CRI>80,Phase Dim,IP65,IK07,,24Vdc (remote driver) · cable 50cm · with base B1 · textured finish,3.5W,170lm,49lm/W,Asymmetric,,,
Flora,,,,,,,,,,,,,,,,,,,,Flora S-L 3.5W,FLS63225B.08B2,Black,images/flora/flora-s-l-black.jpg,2700K,CRI>80,Phase Dim,IP65,IK07,,24Vdc (remote driver) · cable 50cm · with base B2 · textured finish,3.5W,170lm,49lm/W,Asymmetric,,,
Flora,,,,,,,,,,,,,,,,,,,,Flora S-L 3.5W,FLS63235B.08,Black,images/flora/flora-s-l-black.jpg,3000K,CRI>80,Phase Dim,IP65,IK07,,24Vdc (remote driver) · cable 50cm · textured finish,3.5W,170lm,49lm/W,Asymmetric,,,
Flora,,,,,,,,,,,,,,,,,,,,Flora S-L 3.5W,FLS63235B.08B1,Black,images/flora/flora-s-l-black.jpg,3000K,CRI>80,Phase Dim,IP65,IK07,,24Vdc (remote driver) · cable 50cm · with base B1 · textured finish,3.5W,170lm,49lm/W,Asymmetric,,,
Flora,,,,,,,,,,,,,,,,,,,,Flora S-L 3.5W,FLS63235B.08B2,Black,images/flora/flora-s-l-black.jpg,3000K,CRI>80,Phase Dim,IP65,IK07,,24Vdc (remote driver) · cable 50cm · with base B2 · textured finish,3.5W,170lm,49lm/W,Asymmetric,,,
Flora,,,,,,,,,,,,,,,,,,,,Flora S-L 3.5W,FLS63245B.08,Black,images/flora/flora-s-l-black.jpg,4000K,CRI>80,Phase Dim,IP65,IK07,,24Vdc (remote driver) · cable 50cm · textured finish,3.5W,170lm,49lm/W,Asymmetric,,,
Flora,,,,,,,,,,,,,,,,,,,,Flora S-L 3.5W,FLS63245B.08B1,Black,images/flora/flora-s-l-black.jpg,4000K,CRI>80,Phase Dim,IP65,IK07,,24Vdc (remote driver) · cable 50cm · with base B1 · textured finish,3.5W,170lm,49lm/W,Asymmetric,,,
Flora,,,,,,,,,,,,,,,,,,,,Flora S-L 3.5W,FLS63245B.08B2,Black,images/flora/flora-s-l-black.jpg,4000K,CRI>80,Phase Dim,IP65,IK07,,24Vdc (remote driver) · cable 50cm · with base B2 · textured finish,3.5W,170lm,49lm/W,Asymmetric,,,
Flora,,,,,,,,,,,,,,,,,,,,Flora S-M 3.5W,FLS62225B.08,Black,images/flora/flora-s-m-black.jpg,2700K,CRI>80,Phase Dim,IP65,IK07,,24Vdc (remote driver) · cable 50cm · textured finish,3.5W,170lm,49lm/W,Asymmetric,,,
Flora,,,,,,,,,,,,,,,,,,,,Flora S-M 3.5W,FLS62225B.08B1,Black,images/flora/flora-s-m-black.jpg,2700K,CRI>80,Phase Dim,IP65,IK07,,24Vdc (remote driver) · cable 50cm · with base B1 · textured finish,3.5W,170lm,49lm/W,Asymmetric,,,
Flora,,,,,,,,,,,,,,,,,,,,Flora S-M 3.5W,FLS62225B.08B2,Black,images/flora/flora-s-m-black.jpg,2700K,CRI>80,Phase Dim,IP65,IK07,,24Vdc (remote driver) · cable 50cm · with base B2 · textured finish,3.5W,170lm,49lm/W,Asymmetric,,,
Flora,,,,,,,,,,,,,,,,,,,,Flora S-M 3.5W,FLS62235B.08,Black,images/flora/flora-s-m-black.jpg,3000K,CRI>80,Phase Dim,IP65,IK07,,24Vdc (remote driver) · cable 50cm · textured finish,3.5W,170lm,49lm/W,Asymmetric,,,
Flora,,,,,,,,,,,,,,,,,,,,Flora S-M 3.5W,FLS62235B.08B1,Black,images/flora/flora-s-m-black.jpg,3000K,CRI>80,Phase Dim,IP65,IK07,,24Vdc (remote driver) · cable 50cm · with base B1 · textured finish,3.5W,170lm,49lm/W,Asymmetric,,,
Flora,,,,,,,,,,,,,,,,,,,,Flora S-M 3.5W,FLS62235B.08B2,Black,images/flora/flora-s-m-black.jpg,3000K,CRI>80,Phase Dim,IP65,IK07,,24Vdc (remote driver) · cable 50cm · with base B2 · textured finish,3.5W,170lm,49lm/W,Asymmetric,,,
Flora,,,,,,,,,,,,,,,,,,,,Flora S-M 3.5W,FLS62245B.08,Black,images/flora/flora-s-m-black.jpg,4000K,CRI>80,Phase Dim,IP65,IK07,,24Vdc (remote driver) · cable 50cm · textured finish,3.5W,170lm,49lm/W,Asymmetric,,,
Flora,,,,,,,,,,,,,,,,,,,,Flora S-M 3.5W,FLS62245B.08B1,Black,images/flora/flora-s-m-black.jpg,4000K,CRI>80,Phase Dim,IP65,IK07,,24Vdc (remote driver) · cable 50cm · with base B1 · textured finish,3.5W,170lm,49lm/W,Asymmetric,,,
Flora,,,,,,,,,,,,,,,,,,,,Flora S-M 3.5W,FLS62245B.08B2,Black,images/flora/flora-s-m-black.jpg,4000K,CRI>80,Phase Dim,IP65,IK07,,24Vdc (remote driver) · cable 50cm · with base B2 · textured finish,3.5W,170lm,49lm/W,Asymmetric,,,
Lico Bollard,LLD Light,Exterior,Bollard,Outdoor bollard · 9 sizes,"Lico Bollard is an outdoor bollard in 9 heights and sizes, running on mains 230V or 24V DC. It comes in a textured black finish, with asymmetric light, in 2700K, 3000K, 4000K. On the ground with base and screws (included).","Outdoor bollard. Anticorodal aluminum body AISI 304 stainless steel base Screen-printed tempered glass. IP65. IK07. CRI >80. 3-step MacAdam. Lifetime 50,000h L80 B10. Supply 230Vac | 24Vdc.",2700K | 3000K | 4000K,CRI>80,Phase Dim,IP65,IK07,Black,bollard,,images/lico-bollard/lico-bollard-thumb.jpg;images/lico-bollard/lico-bollard-dimensions-m-l.png;images/lico-bollard/lico-bollard-dimensions-m-m.png;images/lico-bollard/lico-bollard-dimensions-m-s.png;images/lico-bollard/lico-bollard-dimensions-s-l.png;images/lico-bollard/lico-bollard-dimensions-s-m.png;images/lico-bollard/lico-bollard-dimensions-s-s.png;images/lico-bollard/lico-bollard-dimensions-xl-l.png;images/lico-bollard/lico-bollard-dimensions-xl-m.png;images/lico-bollard/lico-bollard-dimensions-xl-s.png,,,images/lico-bollard/lico-bollard-dimensions-m-l.png,"M-L: 7,5W IP65IK07 900mm · M-M: 7,5W IP65IK07 600mm · M-S: 7,5W IP65IK07 300mm · S-L: 3,5W IP65IK07 700mm · S-M: 3,5W IP65IK07 500mm · S-S: 3,5W IP65IK07 250mm · Xl-L: 20W IP65IK07 1000mm · Xl-M: 20W IP65IK07 750mm · Xl-S: 20W IP65IK07 500mm",Lico Bollard M-L 7.5W,LBM63325B.08,Black,images/lico-bollard/lico-bollard-m-l-black.jpg,2700K,CRI>80,Phase Dim,IP65,IK07,,230Vac · cable 50cm · textured finish,7.5W,262lm,35lm/W,Asymmetric,Datasheet=https://www.lldlight.it/data/schede/LICO%20BOLLARD%20M-L%20230Vac.pdf;Installation=https://www.lldlight.it/data/istruzioni/Lico%20Bollard.pdf;LDT=https://www.lldlight.it/data/ldt/Lico%20Bollard%20M.zip,,
Lico Bollard,,,,,,,,,,,,,,,,,,,,Lico Bollard M-L 7.5W,LBM63335B.08,Black,images/lico-bollard/lico-bollard-m-l-black.jpg,3000K,CRI>80,Phase Dim,IP65,IK07,,230Vac · cable 50cm · textured finish,7.5W,262lm,35lm/W,Asymmetric,Datasheet=https://www.lldlight.it/data/schede/LICO%20BOLLARD%20M-L%20230Vac.pdf;Installation=https://www.lldlight.it/data/istruzioni/Lico%20Bollard.pdf;LDT=https://www.lldlight.it/data/ldt/Lico%20Bollard%20M.zip,,
Lico Bollard,,,,,,,,,,,,,,,,,,,,Lico Bollard M-L 7.5W,LBM63345B.08,Black,images/lico-bollard/lico-bollard-m-l-black.jpg,4000K,CRI>80,Phase Dim,IP65,IK07,,230Vac · cable 50cm · textured finish,7.5W,262lm,35lm/W,Asymmetric,Datasheet=https://www.lldlight.it/data/schede/LICO%20BOLLARD%20M-L%20230Vac.pdf;Installation=https://www.lldlight.it/data/istruzioni/Lico%20Bollard.pdf;LDT=https://www.lldlight.it/data/ldt/Lico%20Bollard%20M.zip,,
Lico Bollard,,,,,,,,,,,,,,,,,,,,Lico Bollard M-M 7.5W,LBM62325B.08,Black,images/lico-bollard/lico-bollard-m-m-black.jpg,2700K,CRI>80,Phase Dim,IP65,IK07,,230Vac · cable 50cm · textured finish,7.5W,262lm,35lm/W,Asymmetric,Datasheet=https://www.lldlight.it/data/schede/LICO%20BOLLARD%20M-M%20230Vac.pdf;Installation=https://www.lldlight.it/data/istruzioni/Lico%20Bollard.pdf;LDT=https://www.lldlight.it/data/ldt/Lico%20Bollard%20M.zip,,
Lico Bollard,,,,,,,,,,,,,,,,,,,,Lico Bollard M-M 7.5W,LBM62335B.08,Black,images/lico-bollard/lico-bollard-m-m-black.jpg,3000K,CRI>80,Phase Dim,IP65,IK07,,230Vac · cable 50cm · textured finish,7.5W,262lm,35lm/W,Asymmetric,Datasheet=https://www.lldlight.it/data/schede/LICO%20BOLLARD%20M-M%20230Vac.pdf;Installation=https://www.lldlight.it/data/istruzioni/Lico%20Bollard.pdf;LDT=https://www.lldlight.it/data/ldt/Lico%20Bollard%20M.zip,,
Lico Bollard,,,,,,,,,,,,,,,,,,,,Lico Bollard M-M 7.5W,LBM62345B.08,Black,images/lico-bollard/lico-bollard-m-m-black.jpg,4000K,CRI>80,Phase Dim,IP65,IK07,,230Vac · cable 50cm · textured finish,7.5W,262lm,35lm/W,Asymmetric,Datasheet=https://www.lldlight.it/data/schede/LICO%20BOLLARD%20M-M%20230Vac.pdf;Installation=https://www.lldlight.it/data/istruzioni/Lico%20Bollard.pdf;LDT=https://www.lldlight.it/data/ldt/Lico%20Bollard%20M.zip,,
Lico Bollard,,,,,,,,,,,,,,,,,,,,Lico Bollard M-S 7.5W,LBM61325B.08,Black,images/lico-bollard/lico-bollard-m-s-black.jpg,2700K,CRI>80,Phase Dim,IP65,IK07,,230Vac · cable 50cm · textured finish,7.5W,262lm,35lm/W,Asymmetric,Datasheet=https://www.lldlight.it/data/schede/LICO%20BOLLARD%20M-S%20230Vac.pdf;Installation=https://www.lldlight.it/data/istruzioni/Lico%20Bollard.pdf;LDT=https://www.lldlight.it/data/ldt/Lico%20Bollard%20M.zip,,
Lico Bollard,,,,,,,,,,,,,,,,,,,,Lico Bollard M-S 7.5W,LBM61335B.08,Black,images/lico-bollard/lico-bollard-m-s-black.jpg,3000K,CRI>80,Phase Dim,IP65,IK07,,230Vac · cable 50cm · textured finish,7.5W,262lm,35lm/W,Asymmetric,Datasheet=https://www.lldlight.it/data/schede/LICO%20BOLLARD%20M-S%20230Vac.pdf;Installation=https://www.lldlight.it/data/istruzioni/Lico%20Bollard.pdf;LDT=https://www.lldlight.it/data/ldt/Lico%20Bollard%20M.zip,,
Lico Bollard,,,,,,,,,,,,,,,,,,,,Lico Bollard M-S 7.5W,LBM61345B.08,Black,images/lico-bollard/lico-bollard-m-s-black.jpg,4000K,CRI>80,Phase Dim,IP65,IK07,,230Vac · cable 50cm · textured finish,7.5W,262lm,35lm/W,Asymmetric,Datasheet=https://www.lldlight.it/data/schede/LICO%20BOLLARD%20M-S%20230Vac.pdf;Installation=https://www.lldlight.it/data/istruzioni/Lico%20Bollard.pdf;LDT=https://www.lldlight.it/data/ldt/Lico%20Bollard%20M.zip,,
Lico Bollard,,,,,,,,,,,,,,,,,,,,Lico Bollard S-L 3.5W,LBS63225B.08,Black,images/lico-bollard/lico-bollard-s-l-black.jpg,2700K,CRI>80,Phase Dim,IP65,IK07,,24Vdc (remote driver) · cable 50cm · textured finish,3.5W,170lm,49lm/W,Asymmetric,Datasheet=https://www.lldlight.it/data/schede/LICO%20BOLLARD%20S-L%2024Vdc.pdf;Installation=https://www.lldlight.it/data/istruzioni/Lico%20Bollard.pdf;LDT=https://www.lldlight.it/data/ldt/Lico%20Bollard%20S.zip,,
Lico Bollard,,,,,,,,,,,,,,,,,,,,Lico Bollard S-L 3.5W,LBS63235B.08,Black,images/lico-bollard/lico-bollard-s-l-black.jpg,3000K,CRI>80,Phase Dim,IP65,IK07,,24Vdc (remote driver) · cable 50cm · textured finish,3.5W,170lm,49lm/W,Asymmetric,Datasheet=https://www.lldlight.it/data/schede/LICO%20BOLLARD%20S-L%2024Vdc.pdf;Installation=https://www.lldlight.it/data/istruzioni/Lico%20Bollard.pdf;LDT=https://www.lldlight.it/data/ldt/Lico%20Bollard%20S.zip,,
Lico Bollard,,,,,,,,,,,,,,,,,,,,Lico Bollard S-L 3.5W,LBS63245B.08,Black,images/lico-bollard/lico-bollard-s-l-black.jpg,4000K,CRI>80,Phase Dim,IP65,IK07,,24Vdc (remote driver) · cable 50cm · textured finish,3.5W,170lm,49lm/W,Asymmetric,Datasheet=https://www.lldlight.it/data/schede/LICO%20BOLLARD%20S-L%2024Vdc.pdf;Installation=https://www.lldlight.it/data/istruzioni/Lico%20Bollard.pdf;LDT=https://www.lldlight.it/data/ldt/Lico%20Bollard%20S.zip,,
Lico Bollard,,,,,,,,,,,,,,,,,,,,Lico Bollard S-M 3.5W,LBS62225B.08,Black,images/lico-bollard/lico-bollard-s-m-black.jpg,2700K,CRI>80,Phase Dim,IP65,IK07,,24Vdc (remote driver) · cable 50cm · textured finish,3.5W,170lm,49lm/W,Asymmetric,Datasheet=https://www.lldlight.it/data/schede/LICO%20BOLLARD%20S-M%2024Vdc.pdf;Installation=https://www.lldlight.it/data/istruzioni/Lico%20Bollard.pdf;LDT=https://www.lldlight.it/data/ldt/Lico%20Bollard%20S.zip,,
Lico Bollard,,,,,,,,,,,,,,,,,,,,Lico Bollard S-M 3.5W,LBS62235B.08,Black,images/lico-bollard/lico-bollard-s-m-black.jpg,3000K,CRI>80,Phase Dim,IP65,IK07,,24Vdc (remote driver) · cable 50cm · textured finish,3.5W,170lm,49lm/W,Asymmetric,Datasheet=https://www.lldlight.it/data/schede/LICO%20BOLLARD%20S-M%2024Vdc.pdf;Installation=https://www.lldlight.it/data/istruzioni/Lico%20Bollard.pdf;LDT=https://www.lldlight.it/data/ldt/Lico%20Bollard%20S.zip,,
Lico Bollard,,,,,,,,,,,,,,,,,,,,Lico Bollard S-M 3.5W,LBS62245B.08,Black,images/lico-bollard/lico-bollard-s-m-black.jpg,4000K,CRI>80,Phase Dim,IP65,IK07,,24Vdc (remote driver) · cable 50cm · textured finish,3.5W,170lm,49lm/W,Asymmetric,Datasheet=https://www.lldlight.it/data/schede/LICO%20BOLLARD%20S-M%2024Vdc.pdf;Installation=https://www.lldlight.it/data/istruzioni/Lico%20Bollard.pdf;LDT=https://www.lldlight.it/data/ldt/Lico%20Bollard%20S.zip,,
Lico Bollard,,,,,,,,,,,,,,,,,,,,Lico Bollard S-S 3.5W,LBS61225B.08,Black,images/lico-bollard/lico-bollard-s-s-black.jpg,2700K,CRI>80,Phase Dim,IP65,IK07,,24Vdc (remote driver) · cable 50cm · textured finish,3.5W,170lm,49lm/W,Asymmetric,Datasheet=https://www.lldlight.it/data/schede/LICO%20BOLLARD%20S-S%2024Vdc.pdf;Installation=https://www.lldlight.it/data/istruzioni/Lico%20Bollard.pdf;LDT=https://www.lldlight.it/data/ldt/Lico%20Bollard%20S.zip,,
Lico Bollard,,,,,,,,,,,,,,,,,,,,Lico Bollard S-S 3.5W,LBS61235B.08,Black,images/lico-bollard/lico-bollard-s-s-black.jpg,3000K,CRI>80,Phase Dim,IP65,IK07,,24Vdc (remote driver) · cable 50cm · textured finish,3.5W,170lm,49lm/W,Asymmetric,Datasheet=https://www.lldlight.it/data/schede/LICO%20BOLLARD%20S-S%2024Vdc.pdf;Installation=https://www.lldlight.it/data/istruzioni/Lico%20Bollard.pdf;LDT=https://www.lldlight.it/data/ldt/Lico%20Bollard%20S.zip,,
Lico Bollard,,,,,,,,,,,,,,,,,,,,Lico Bollard S-S 3.5W,LBS61245B.08,Black,images/lico-bollard/lico-bollard-s-s-black.jpg,4000K,CRI>80,Phase Dim,IP65,IK07,,24Vdc (remote driver) · cable 50cm · textured finish,3.5W,170lm,49lm/W,Asymmetric,Datasheet=https://www.lldlight.it/data/schede/LICO%20BOLLARD%20S-S%2024Vdc.pdf;Installation=https://www.lldlight.it/data/istruzioni/Lico%20Bollard.pdf;LDT=https://www.lldlight.it/data/ldt/Lico%20Bollard%20S.zip,,
Lico Bollard,,,,,,,,,,,,,,,,,,,,Lico Bollard Xl-L 20W,LBX63325B.08,Black,images/lico-bollard/lico-bollard-xl-l-black.jpg,2700K,CRI>80,Phase Dim,IP65,IK07,,230Vac · cable 50cm · textured finish,20W,786lm,39lm/W,Asymmetric,Datasheet=https://www.lldlight.it/data/schede/LICO%20BOLLARD%20XL-L%20230Vac.pdf;Installation=https://www.lldlight.it/data/istruzioni/Lico%20Bollard.pdf;LDT=https://www.lldlight.it/data/ldt/Lico%20Bollard%20XL.zip,,
Lico Bollard,,,,,,,,,,,,,,,,,,,,Lico Bollard Xl-L 20W,LBX63335B.08,Black,images/lico-bollard/lico-bollard-xl-l-black.jpg,3000K,CRI>80,Phase Dim,IP65,IK07,,230Vac · cable 50cm · textured finish,20W,786lm,39lm/W,Asymmetric,Datasheet=https://www.lldlight.it/data/schede/LICO%20BOLLARD%20XL-L%20230Vac.pdf;Installation=https://www.lldlight.it/data/istruzioni/Lico%20Bollard.pdf;LDT=https://www.lldlight.it/data/ldt/Lico%20Bollard%20XL.zip,,
Lico Bollard,,,,,,,,,,,,,,,,,,,,Lico Bollard Xl-L 20W,LBX63345B.08,Black,images/lico-bollard/lico-bollard-xl-l-black.jpg,4000K,CRI>80,Phase Dim,IP65,IK07,,230Vac · cable 50cm · textured finish,20W,786lm,39lm/W,Asymmetric,Datasheet=https://www.lldlight.it/data/schede/LICO%20BOLLARD%20XL-L%20230Vac.pdf;Installation=https://www.lldlight.it/data/istruzioni/Lico%20Bollard.pdf;LDT=https://www.lldlight.it/data/ldt/Lico%20Bollard%20XL.zip,,
Lico Bollard,,,,,,,,,,,,,,,,,,,,Lico Bollard Xl-M 20W,LBX62325B.08,Black,images/lico-bollard/lico-bollard-xl-m-black.jpg,2700K,CRI>80,Phase Dim,IP65,IK07,,230Vac · cable 50cm · textured finish,20W,786lm,39lm/W,Asymmetric,Datasheet=https://www.lldlight.it/data/schede/LICO%20BOLLARD%20XL-M%20230Vac.pdf;Installation=https://www.lldlight.it/data/istruzioni/Lico%20Bollard.pdf;LDT=https://www.lldlight.it/data/ldt/Lico%20Bollard%20XL.zip,,
Lico Bollard,,,,,,,,,,,,,,,,,,,,Lico Bollard Xl-M 20W,LBX62335B.08,Black,images/lico-bollard/lico-bollard-xl-m-black.jpg,3000K,CRI>80,Phase Dim,IP65,IK07,,230Vac · cable 50cm · textured finish,20W,786lm,39lm/W,Asymmetric,Datasheet=https://www.lldlight.it/data/schede/LICO%20BOLLARD%20XL-M%20230Vac.pdf;Installation=https://www.lldlight.it/data/istruzioni/Lico%20Bollard.pdf;LDT=https://www.lldlight.it/data/ldt/Lico%20Bollard%20XL.zip,,
Lico Bollard,,,,,,,,,,,,,,,,,,,,Lico Bollard Xl-M 20W,LBX62345B.08,Black,images/lico-bollard/lico-bollard-xl-m-black.jpg,4000K,CRI>80,Phase Dim,IP65,IK07,,230Vac · cable 50cm · textured finish,20W,786lm,39lm/W,Asymmetric,Datasheet=https://www.lldlight.it/data/schede/LICO%20BOLLARD%20XL-M%20230Vac.pdf;Installation=https://www.lldlight.it/data/istruzioni/Lico%20Bollard.pdf;LDT=https://www.lldlight.it/data/ldt/Lico%20Bollard%20XL.zip,,
Lico Bollard,,,,,,,,,,,,,,,,,,,,Lico Bollard Xl-S 20W,LBX61325B.08,Black,images/lico-bollard/lico-bollard-xl-s-black.jpg,2700K,CRI>80,Phase Dim,IP65,IK07,,230Vac · cable 50cm · textured finish,20W,786lm,39lm/W,Asymmetric,Datasheet=https://www.lldlight.it/data/schede/LICO%20BOLLARD%20XL-S%20230Vac.pdf;Installation=https://www.lldlight.it/data/istruzioni/Lico%20Bollard.pdf;LDT=https://www.lldlight.it/data/ldt/Lico%20Bollard%20XL.zip,,
Lico Bollard,,,,,,,,,,,,,,,,,,,,Lico Bollard Xl-S 20W,LBX61335B.08,Black,images/lico-bollard/lico-bollard-xl-s-black.jpg,3000K,CRI>80,Phase Dim,IP65,IK07,,230Vac · cable 50cm · textured finish,20W,786lm,39lm/W,Asymmetric,Datasheet=https://www.lldlight.it/data/schede/LICO%20BOLLARD%20XL-S%20230Vac.pdf;Installation=https://www.lldlight.it/data/istruzioni/Lico%20Bollard.pdf;LDT=https://www.lldlight.it/data/ldt/Lico%20Bollard%20XL.zip,,
Lico Bollard,,,,,,,,,,,,,,,,,,,,Lico Bollard Xl-S 20W,LBX61345B.08,Black,images/lico-bollard/lico-bollard-xl-s-black.jpg,4000K,CRI>80,Phase Dim,IP65,IK07,,230Vac · cable 50cm · textured finish,20W,786lm,39lm/W,Asymmetric,Datasheet=https://www.lldlight.it/data/schede/LICO%20BOLLARD%20XL-S%20230Vac.pdf;Installation=https://www.lldlight.it/data/istruzioni/Lico%20Bollard.pdf;LDT=https://www.lldlight.it/data/ldt/Lico%20Bollard%20XL.zip,,
Lissa,LLD Light,Exterior,Bollard,Outdoor bollard · 4 sizes,"Lissa is an outdoor bollard in 4 heights and sizes, running on 24V DC. It comes in a textured black finish, with diffused light, in 2200K, 2700K, 3000K, 4000K. Standard version: On the ground with stem (included) Version with Base B1: On the ground with base and screws (included), Lower cable outlet Version with Base B2: On the ground with base, bracket and screws (included), Possibility of lower cable outlet or from the side of the base.","Outdoor bollard. Body and stem in anticorodal aluminum Diffuser in opal PMMA. IP65. IK08. CRI >80. 3-step MacAdam. Lifetime 50,000h L80 B10. Supply 24Vdc.",2200K | 2700K | 3000K | 4000K,CRI>80,Phase Dim,IP65,IK08,Black,bollard,,images/lissa/lissa-thumb.jpg;images/lissa/lissa-dimensions-m-l.png;images/lissa/lissa-dimensions-m-m.png;images/lissa/lissa-dimensions-s-l.png;images/lissa/lissa-dimensions-s-m.png,,,images/lissa/lissa-dimensions-m-l.png,M-L: 4W IP65IK08 999 mm · M-M: 4W IP65IK08 699 mm · S-L: 2W IP65IK08 999 mm · S-M: 2W IP65IK08 699 mm,Lissa M-L 4W,LIM632B4B.08,Black,images/lissa/lissa-m-l-black.jpg,2200K,CRI>80,Phase Dim,IP65,IK08,,24Vdc (remote driver) · cable 50cm · textured finish,4W,332lm,83lm/W,Diffused,Datasheet=https://www.lldlight.it/data/schede/LISSA%2024Vdc.pdf;Installation=https://www.lldlight.it/data/istruzioni/Lissa.pdf;LDT=https://www.lldlight.it/data/ldt/Lissa%20M.zip,,
Lissa,,,,,,,,,,,,,,,,,,,,Lissa M-L 4W,LIM632B4B.08B1,Black,images/lissa/lissa-m-l-black.jpg,2200K,CRI>80,Phase Dim,IP65,IK08,,24Vdc (remote driver) · cable 50cm · with base B1 · textured finish,4W,332lm,83lm/W,Diffused,Datasheet=https://www.lldlight.it/data/schede/LISSA%2024Vdc.pdf;Installation=https://www.lldlight.it/data/istruzioni/Lissa.pdf;LDT=https://www.lldlight.it/data/ldt/Lissa%20M.zip,,
Lissa,,,,,,,,,,,,,,,,,,,,Lissa M-L 4W,LIM632B4B.08B2,Black,images/lissa/lissa-m-l-black.jpg,2200K,CRI>80,Phase Dim,IP65,IK08,,24Vdc (remote driver) · cable 50cm · with base B2 · textured finish,4W,332lm,83lm/W,Diffused,Datasheet=https://www.lldlight.it/data/schede/LISSA%2024Vdc.pdf;Installation=https://www.lldlight.it/data/istruzioni/Lissa.pdf;LDT=https://www.lldlight.it/data/ldt/Lissa%20M.zip,,
Lissa,,,,,,,,,,,,,,,,,,,,Lissa M-L 4W,LIM63224B.08,Black,images/lissa/lissa-m-l-black.jpg,2700K,CRI>80,Phase Dim,IP65,IK08,,24Vdc (remote driver) · cable 50cm · textured finish,4W,332lm,83lm/W,Diffused,Datasheet=https://www.lldlight.it/data/schede/LISSA%2024Vdc.pdf;Installation=https://www.lldlight.it/data/istruzioni/Lissa.pdf;LDT=https://www.lldlight.it/data/ldt/Lissa%20M.zip,,
Lissa,,,,,,,,,,,,,,,,,,,,Lissa M-L 4W,LIM63224B.08B1,Black,images/lissa/lissa-m-l-black.jpg,2700K,CRI>80,Phase Dim,IP65,IK08,,24Vdc (remote driver) · cable 50cm · with base B1 · textured finish,4W,332lm,83lm/W,Diffused,Datasheet=https://www.lldlight.it/data/schede/LISSA%2024Vdc.pdf;Installation=https://www.lldlight.it/data/istruzioni/Lissa.pdf;LDT=https://www.lldlight.it/data/ldt/Lissa%20M.zip,,
Lissa,,,,,,,,,,,,,,,,,,,,Lissa M-L 4W,LIM63224B.08B2,Black,images/lissa/lissa-m-l-black.jpg,2700K,CRI>80,Phase Dim,IP65,IK08,,24Vdc (remote driver) · cable 50cm · with base B2 · textured finish,4W,332lm,83lm/W,Diffused,Datasheet=https://www.lldlight.it/data/schede/LISSA%2024Vdc.pdf;Installation=https://www.lldlight.it/data/istruzioni/Lissa.pdf;LDT=https://www.lldlight.it/data/ldt/Lissa%20M.zip,,
Lissa,,,,,,,,,,,,,,,,,,,,Lissa M-L 4W,LIM63234B.08,Black,images/lissa/lissa-m-l-black.jpg,3000K,CRI>80,Phase Dim,IP65,IK08,,24Vdc (remote driver) · cable 50cm · textured finish,4W,332lm,83lm/W,Diffused,Datasheet=https://www.lldlight.it/data/schede/LISSA%2024Vdc.pdf;Installation=https://www.lldlight.it/data/istruzioni/Lissa.pdf;LDT=https://www.lldlight.it/data/ldt/Lissa%20M.zip,,
Lissa,,,,,,,,,,,,,,,,,,,,Lissa M-L 4W,LIM63234B.08B1,Black,images/lissa/lissa-m-l-black.jpg,3000K,CRI>80,Phase Dim,IP65,IK08,,24Vdc (remote driver) · cable 50cm · with base B1 · textured finish,4W,332lm,83lm/W,Diffused,Datasheet=https://www.lldlight.it/data/schede/LISSA%2024Vdc.pdf;Installation=https://www.lldlight.it/data/istruzioni/Lissa.pdf;LDT=https://www.lldlight.it/data/ldt/Lissa%20M.zip,,
Lissa,,,,,,,,,,,,,,,,,,,,Lissa M-L 4W,LIM63234B.08B2,Black,images/lissa/lissa-m-l-black.jpg,3000K,CRI>80,Phase Dim,IP65,IK08,,24Vdc (remote driver) · cable 50cm · with base B2 · textured finish,4W,332lm,83lm/W,Diffused,Datasheet=https://www.lldlight.it/data/schede/LISSA%2024Vdc.pdf;Installation=https://www.lldlight.it/data/istruzioni/Lissa.pdf;LDT=https://www.lldlight.it/data/ldt/Lissa%20M.zip,,
Lissa,,,,,,,,,,,,,,,,,,,,Lissa M-L 4W,LIM63244B.08,Black,images/lissa/lissa-m-l-black.jpg,4000K,CRI>80,Phase Dim,IP65,IK08,,24Vdc (remote driver) · cable 50cm · textured finish,4W,332lm,83lm/W,Diffused,Datasheet=https://www.lldlight.it/data/schede/LISSA%2024Vdc.pdf;Installation=https://www.lldlight.it/data/istruzioni/Lissa.pdf;LDT=https://www.lldlight.it/data/ldt/Lissa%20M.zip,,
Lissa,,,,,,,,,,,,,,,,,,,,Lissa M-L 4W,LIM63244B.08B1,Black,images/lissa/lissa-m-l-black.jpg,4000K,CRI>80,Phase Dim,IP65,IK08,,24Vdc (remote driver) · cable 50cm · with base B1 · textured finish,4W,332lm,83lm/W,Diffused,Datasheet=https://www.lldlight.it/data/schede/LISSA%2024Vdc.pdf;Installation=https://www.lldlight.it/data/istruzioni/Lissa.pdf;LDT=https://www.lldlight.it/data/ldt/Lissa%20M.zip,,
Lissa,,,,,,,,,,,,,,,,,,,,Lissa M-L 4W,LIM63244B.08B2,Black,images/lissa/lissa-m-l-black.jpg,4000K,CRI>80,Phase Dim,IP65,IK08,,24Vdc (remote driver) · cable 50cm · with base B2 · textured finish,4W,332lm,83lm/W,Diffused,Datasheet=https://www.lldlight.it/data/schede/LISSA%2024Vdc.pdf;Installation=https://www.lldlight.it/data/istruzioni/Lissa.pdf;LDT=https://www.lldlight.it/data/ldt/Lissa%20M.zip,,
Lissa,,,,,,,,,,,,,,,,,,,,Lissa M-M 4W,LIM622B4B.08,Black,images/lissa/lissa-m-m-black.jpg,2200K,CRI>80,Phase Dim,IP65,IK08,,24Vdc (remote driver) · cable 50cm · textured finish,4W,332lm,83lm/W,Diffused,Datasheet=https://www.lldlight.it/data/schede/LISSA%2024Vdc.pdf;Installation=https://www.lldlight.it/data/istruzioni/Lissa.pdf;LDT=https://www.lldlight.it/data/ldt/Lissa%20M.zip,,
Lissa,,,,,,,,,,,,,,,,,,,,Lissa M-M 4W,LIM622B4B.08B1,Black,images/lissa/lissa-m-m-black.jpg,2200K,CRI>80,Phase Dim,IP65,IK08,,24Vdc (remote driver) · cable 50cm · with base B1 · textured finish,4W,332lm,83lm/W,Diffused,Datasheet=https://www.lldlight.it/data/schede/LISSA%2024Vdc.pdf;Installation=https://www.lldlight.it/data/istruzioni/Lissa.pdf;LDT=https://www.lldlight.it/data/ldt/Lissa%20M.zip,,
Lissa,,,,,,,,,,,,,,,,,,,,Lissa M-M 4W,LIM622B4B.08B2,Black,images/lissa/lissa-m-m-black.jpg,2200K,CRI>80,Phase Dim,IP65,IK08,,24Vdc (remote driver) · cable 50cm · with base B2 · textured finish,4W,332lm,83lm/W,Diffused,Datasheet=https://www.lldlight.it/data/schede/LISSA%2024Vdc.pdf;Installation=https://www.lldlight.it/data/istruzioni/Lissa.pdf;LDT=https://www.lldlight.it/data/ldt/Lissa%20M.zip,,
Lissa,,,,,,,,,,,,,,,,,,,,Lissa M-M 4W,LIM62224B.08,Black,images/lissa/lissa-m-m-black.jpg,2700K,CRI>80,Phase Dim,IP65,IK08,,24Vdc (remote driver) · cable 50cm · textured finish,4W,332lm,83lm/W,Diffused,Datasheet=https://www.lldlight.it/data/schede/LISSA%2024Vdc.pdf;Installation=https://www.lldlight.it/data/istruzioni/Lissa.pdf;LDT=https://www.lldlight.it/data/ldt/Lissa%20M.zip,,
Lissa,,,,,,,,,,,,,,,,,,,,Lissa M-M 4W,LIM62224B.08B1,Black,images/lissa/lissa-m-m-black.jpg,2700K,CRI>80,Phase Dim,IP65,IK08,,24Vdc (remote driver) · cable 50cm · with base B1 · textured finish,4W,332lm,83lm/W,Diffused,Datasheet=https://www.lldlight.it/data/schede/LISSA%2024Vdc.pdf;Installation=https://www.lldlight.it/data/istruzioni/Lissa.pdf;LDT=https://www.lldlight.it/data/ldt/Lissa%20M.zip,,
Lissa,,,,,,,,,,,,,,,,,,,,Lissa M-M 4W,LIM62224B.08B2,Black,images/lissa/lissa-m-m-black.jpg,2700K,CRI>80,Phase Dim,IP65,IK08,,24Vdc (remote driver) · cable 50cm · with base B2 · textured finish,4W,332lm,83lm/W,Diffused,Datasheet=https://www.lldlight.it/data/schede/LISSA%2024Vdc.pdf;Installation=https://www.lldlight.it/data/istruzioni/Lissa.pdf;LDT=https://www.lldlight.it/data/ldt/Lissa%20M.zip,,
Lissa,,,,,,,,,,,,,,,,,,,,Lissa M-M 4W,LIM62234B.08,Black,images/lissa/lissa-m-m-black.jpg,3000K,CRI>80,Phase Dim,IP65,IK08,,24Vdc (remote driver) · cable 50cm · textured finish,4W,332lm,83lm/W,Diffused,Datasheet=https://www.lldlight.it/data/schede/LISSA%2024Vdc.pdf;Installation=https://www.lldlight.it/data/istruzioni/Lissa.pdf;LDT=https://www.lldlight.it/data/ldt/Lissa%20M.zip,,
Lissa,,,,,,,,,,,,,,,,,,,,Lissa M-M 4W,LIM62234B.08B1,Black,images/lissa/lissa-m-m-black.jpg,3000K,CRI>80,Phase Dim,IP65,IK08,,24Vdc (remote driver) · cable 50cm · with base B1 · textured finish,4W,332lm,83lm/W,Diffused,Datasheet=https://www.lldlight.it/data/schede/LISSA%2024Vdc.pdf;Installation=https://www.lldlight.it/data/istruzioni/Lissa.pdf;LDT=https://www.lldlight.it/data/ldt/Lissa%20M.zip,,
Lissa,,,,,,,,,,,,,,,,,,,,Lissa M-M 4W,LIM62234B.08B2,Black,images/lissa/lissa-m-m-black.jpg,3000K,CRI>80,Phase Dim,IP65,IK08,,24Vdc (remote driver) · cable 50cm · with base B2 · textured finish,4W,332lm,83lm/W,Diffused,Datasheet=https://www.lldlight.it/data/schede/LISSA%2024Vdc.pdf;Installation=https://www.lldlight.it/data/istruzioni/Lissa.pdf;LDT=https://www.lldlight.it/data/ldt/Lissa%20M.zip,,
Lissa,,,,,,,,,,,,,,,,,,,,Lissa M-M 4W,LIM62244B.08,Black,images/lissa/lissa-m-m-black.jpg,4000K,CRI>80,Phase Dim,IP65,IK08,,24Vdc (remote driver) · cable 50cm · textured finish,4W,332lm,83lm/W,Diffused,Datasheet=https://www.lldlight.it/data/schede/LISSA%2024Vdc.pdf;Installation=https://www.lldlight.it/data/istruzioni/Lissa.pdf;LDT=https://www.lldlight.it/data/ldt/Lissa%20M.zip,,
Lissa,,,,,,,,,,,,,,,,,,,,Lissa M-M 4W,LIM62244B.08B1,Black,images/lissa/lissa-m-m-black.jpg,4000K,CRI>80,Phase Dim,IP65,IK08,,24Vdc (remote driver) · cable 50cm · with base B1 · textured finish,4W,332lm,83lm/W,Diffused,Datasheet=https://www.lldlight.it/data/schede/LISSA%2024Vdc.pdf;Installation=https://www.lldlight.it/data/istruzioni/Lissa.pdf;LDT=https://www.lldlight.it/data/ldt/Lissa%20M.zip,,
Lissa,,,,,,,,,,,,,,,,,,,,Lissa M-M 4W,LIM62244B.08B2,Black,images/lissa/lissa-m-m-black.jpg,4000K,CRI>80,Phase Dim,IP65,IK08,,24Vdc (remote driver) · cable 50cm · with base B2 · textured finish,4W,332lm,83lm/W,Diffused,Datasheet=https://www.lldlight.it/data/schede/LISSA%2024Vdc.pdf;Installation=https://www.lldlight.it/data/istruzioni/Lissa.pdf;LDT=https://www.lldlight.it/data/ldt/Lissa%20M.zip,,
Lissa,,,,,,,,,,,,,,,,,,,,Lissa S-L 2W,LIS632B4B.08,Black,images/lissa/lissa-s-l-black.jpg,2200K,CRI>80,Phase Dim,IP65,IK08,,24Vdc (remote driver) · cable 50cm · textured finish,2W,166lm,83lm/W,Diffused,Datasheet=https://www.lldlight.it/data/schede/LISSA%2024Vdc.pdf;Installation=https://www.lldlight.it/data/istruzioni/Lissa.pdf;LDT=https://www.lldlight.it/data/ldt/Lissa%20S.zip,,
Lissa,,,,,,,,,,,,,,,,,,,,Lissa S-L 2W,LIS632B4B.08B1,Black,images/lissa/lissa-s-l-black.jpg,2200K,CRI>80,Phase Dim,IP65,IK08,,24Vdc (remote driver) · cable 50cm · with base B1 · textured finish,2W,166lm,83lm/W,Diffused,Datasheet=https://www.lldlight.it/data/schede/LISSA%2024Vdc.pdf;Installation=https://www.lldlight.it/data/istruzioni/Lissa.pdf;LDT=https://www.lldlight.it/data/ldt/Lissa%20S.zip,,
Lissa,,,,,,,,,,,,,,,,,,,,Lissa S-L 2W,LIS632B4B.08B2,Black,images/lissa/lissa-s-l-black.jpg,2200K,CRI>80,Phase Dim,IP65,IK08,,24Vdc (remote driver) · cable 50cm · with base B2 · textured finish,2W,166lm,83lm/W,Diffused,Datasheet=https://www.lldlight.it/data/schede/LISSA%2024Vdc.pdf;Installation=https://www.lldlight.it/data/istruzioni/Lissa.pdf;LDT=https://www.lldlight.it/data/ldt/Lissa%20S.zip,,
Lissa,,,,,,,,,,,,,,,,,,,,Lissa S-L 2W,LIS63224B.08,Black,images/lissa/lissa-s-l-black.jpg,2700K,CRI>80,Phase Dim,IP65,IK08,,24Vdc (remote driver) · cable 50cm · textured finish,2W,166lm,83lm/W,Diffused,Datasheet=https://www.lldlight.it/data/schede/LISSA%2024Vdc.pdf;Installation=https://www.lldlight.it/data/istruzioni/Lissa.pdf;LDT=https://www.lldlight.it/data/ldt/Lissa%20S.zip,,
Lissa,,,,,,,,,,,,,,,,,,,,Lissa S-L 2W,LIS63224B.08B1,Black,images/lissa/lissa-s-l-black.jpg,2700K,CRI>80,Phase Dim,IP65,IK08,,24Vdc (remote driver) · cable 50cm · with base B1 · textured finish,2W,166lm,83lm/W,Diffused,Datasheet=https://www.lldlight.it/data/schede/LISSA%2024Vdc.pdf;Installation=https://www.lldlight.it/data/istruzioni/Lissa.pdf;LDT=https://www.lldlight.it/data/ldt/Lissa%20S.zip,,
Lissa,,,,,,,,,,,,,,,,,,,,Lissa S-L 2W,LIS63224B.08B2,Black,images/lissa/lissa-s-l-black.jpg,2700K,CRI>80,Phase Dim,IP65,IK08,,24Vdc (remote driver) · cable 50cm · with base B2 · textured finish,2W,166lm,83lm/W,Diffused,Datasheet=https://www.lldlight.it/data/schede/LISSA%2024Vdc.pdf;Installation=https://www.lldlight.it/data/istruzioni/Lissa.pdf;LDT=https://www.lldlight.it/data/ldt/Lissa%20S.zip,,
Lissa,,,,,,,,,,,,,,,,,,,,Lissa S-L 2W,LIS63234B.08,Black,images/lissa/lissa-s-l-black.jpg,3000K,CRI>80,Phase Dim,IP65,IK08,,24Vdc (remote driver) · cable 50cm · textured finish,2W,166lm,83lm/W,Diffused,Datasheet=https://www.lldlight.it/data/schede/LISSA%2024Vdc.pdf;Installation=https://www.lldlight.it/data/istruzioni/Lissa.pdf;LDT=https://www.lldlight.it/data/ldt/Lissa%20S.zip,,
Lissa,,,,,,,,,,,,,,,,,,,,Lissa S-L 2W,LIS63234B.08B1,Black,images/lissa/lissa-s-l-black.jpg,3000K,CRI>80,Phase Dim,IP65,IK08,,24Vdc (remote driver) · cable 50cm · with base B1 · textured finish,2W,166lm,83lm/W,Diffused,Datasheet=https://www.lldlight.it/data/schede/LISSA%2024Vdc.pdf;Installation=https://www.lldlight.it/data/istruzioni/Lissa.pdf;LDT=https://www.lldlight.it/data/ldt/Lissa%20S.zip,,
Lissa,,,,,,,,,,,,,,,,,,,,Lissa S-L 2W,LIS63234B.08B2,Black,images/lissa/lissa-s-l-black.jpg,3000K,CRI>80,Phase Dim,IP65,IK08,,24Vdc (remote driver) · cable 50cm · with base B2 · textured finish,2W,166lm,83lm/W,Diffused,Datasheet=https://www.lldlight.it/data/schede/LISSA%2024Vdc.pdf;Installation=https://www.lldlight.it/data/istruzioni/Lissa.pdf;LDT=https://www.lldlight.it/data/ldt/Lissa%20S.zip,,
Lissa,,,,,,,,,,,,,,,,,,,,Lissa S-L 2W,LIS63244B.08,Black,images/lissa/lissa-s-l-black.jpg,4000K,CRI>80,Phase Dim,IP65,IK08,,24Vdc (remote driver) · cable 50cm · textured finish,2W,166lm,83lm/W,Diffused,Datasheet=https://www.lldlight.it/data/schede/LISSA%2024Vdc.pdf;Installation=https://www.lldlight.it/data/istruzioni/Lissa.pdf;LDT=https://www.lldlight.it/data/ldt/Lissa%20S.zip,,
Lissa,,,,,,,,,,,,,,,,,,,,Lissa S-L 2W,LIS63244B.08B1,Black,images/lissa/lissa-s-l-black.jpg,4000K,CRI>80,Phase Dim,IP65,IK08,,24Vdc (remote driver) · cable 50cm · with base B1 · textured finish,2W,166lm,83lm/W,Diffused,Datasheet=https://www.lldlight.it/data/schede/LISSA%2024Vdc.pdf;Installation=https://www.lldlight.it/data/istruzioni/Lissa.pdf;LDT=https://www.lldlight.it/data/ldt/Lissa%20S.zip,,
Lissa,,,,,,,,,,,,,,,,,,,,Lissa S-L 2W,LIS63244B.08B2,Black,images/lissa/lissa-s-l-black.jpg,4000K,CRI>80,Phase Dim,IP65,IK08,,24Vdc (remote driver) · cable 50cm · with base B2 · textured finish,2W,166lm,83lm/W,Diffused,Datasheet=https://www.lldlight.it/data/schede/LISSA%2024Vdc.pdf;Installation=https://www.lldlight.it/data/istruzioni/Lissa.pdf;LDT=https://www.lldlight.it/data/ldt/Lissa%20S.zip,,
Lissa,,,,,,,,,,,,,,,,,,,,Lissa S-M 2W,LIS622B4B.08,Black,images/lissa/lissa-s-m-black.jpg,2200K,CRI>80,Phase Dim,IP65,IK08,,24Vdc (remote driver) · cable 50cm · textured finish,2W,166lm,83lm/W,Diffused,Datasheet=https://www.lldlight.it/data/schede/LISSA%2024Vdc.pdf;Installation=https://www.lldlight.it/data/istruzioni/Lissa.pdf;LDT=https://www.lldlight.it/data/ldt/Lissa%20S.zip,,
Lissa,,,,,,,,,,,,,,,,,,,,Lissa S-M 2W,LIS622B4B.08B1,Black,images/lissa/lissa-s-m-black.jpg,2200K,CRI>80,Phase Dim,IP65,IK08,,24Vdc (remote driver) · cable 50cm · with base B1 · textured finish,2W,166lm,83lm/W,Diffused,Datasheet=https://www.lldlight.it/data/schede/LISSA%2024Vdc.pdf;Installation=https://www.lldlight.it/data/istruzioni/Lissa.pdf;LDT=https://www.lldlight.it/data/ldt/Lissa%20S.zip,,
Lissa,,,,,,,,,,,,,,,,,,,,Lissa S-M 2W,LIS622B4B.08B2,Black,images/lissa/lissa-s-m-black.jpg,2200K,CRI>80,Phase Dim,IP65,IK08,,24Vdc (remote driver) · cable 50cm · with base B2 · textured finish,2W,166lm,83lm/W,Diffused,Datasheet=https://www.lldlight.it/data/schede/LISSA%2024Vdc.pdf;Installation=https://www.lldlight.it/data/istruzioni/Lissa.pdf;LDT=https://www.lldlight.it/data/ldt/Lissa%20S.zip,,
Lissa,,,,,,,,,,,,,,,,,,,,Lissa S-M 2W,LIS62224B.08,Black,images/lissa/lissa-s-m-black.jpg,2700K,CRI>80,Phase Dim,IP65,IK08,,24Vdc (remote driver) · cable 50cm · textured finish,2W,166lm,83lm/W,Diffused,Datasheet=https://www.lldlight.it/data/schede/LISSA%2024Vdc.pdf;Installation=https://www.lldlight.it/data/istruzioni/Lissa.pdf;LDT=https://www.lldlight.it/data/ldt/Lissa%20S.zip,,
Lissa,,,,,,,,,,,,,,,,,,,,Lissa S-M 2W,LIS62224B.08B1,Black,images/lissa/lissa-s-m-black.jpg,2700K,CRI>80,Phase Dim,IP65,IK08,,24Vdc (remote driver) · cable 50cm · with base B1 · textured finish,2W,166lm,83lm/W,Diffused,Datasheet=https://www.lldlight.it/data/schede/LISSA%2024Vdc.pdf;Installation=https://www.lldlight.it/data/istruzioni/Lissa.pdf;LDT=https://www.lldlight.it/data/ldt/Lissa%20S.zip,,
Lissa,,,,,,,,,,,,,,,,,,,,Lissa S-M 2W,LIS62224B.08B2,Black,images/lissa/lissa-s-m-black.jpg,2700K,CRI>80,Phase Dim,IP65,IK08,,24Vdc (remote driver) · cable 50cm · with base B2 · textured finish,2W,166lm,83lm/W,Diffused,Datasheet=https://www.lldlight.it/data/schede/LISSA%2024Vdc.pdf;Installation=https://www.lldlight.it/data/istruzioni/Lissa.pdf;LDT=https://www.lldlight.it/data/ldt/Lissa%20S.zip,,
Lissa,,,,,,,,,,,,,,,,,,,,Lissa S-M 2W,LIS62234B.08,Black,images/lissa/lissa-s-m-black.jpg,3000K,CRI>80,Phase Dim,IP65,IK08,,24Vdc (remote driver) · cable 50cm · textured finish,2W,166lm,83lm/W,Diffused,Datasheet=https://www.lldlight.it/data/schede/LISSA%2024Vdc.pdf;Installation=https://www.lldlight.it/data/istruzioni/Lissa.pdf;LDT=https://www.lldlight.it/data/ldt/Lissa%20S.zip,,
Lissa,,,,,,,,,,,,,,,,,,,,Lissa S-M 2W,LIS62234B.08B1,Black,images/lissa/lissa-s-m-black.jpg,3000K,CRI>80,Phase Dim,IP65,IK08,,24Vdc (remote driver) · cable 50cm · with base B1 · textured finish,2W,166lm,83lm/W,Diffused,Datasheet=https://www.lldlight.it/data/schede/LISSA%2024Vdc.pdf;Installation=https://www.lldlight.it/data/istruzioni/Lissa.pdf;LDT=https://www.lldlight.it/data/ldt/Lissa%20S.zip,,
Lissa,,,,,,,,,,,,,,,,,,,,Lissa S-M 2W,LIS62234B.08B2,Black,images/lissa/lissa-s-m-black.jpg,3000K,CRI>80,Phase Dim,IP65,IK08,,24Vdc (remote driver) · cable 50cm · with base B2 · textured finish,2W,166lm,83lm/W,Diffused,Datasheet=https://www.lldlight.it/data/schede/LISSA%2024Vdc.pdf;Installation=https://www.lldlight.it/data/istruzioni/Lissa.pdf;LDT=https://www.lldlight.it/data/ldt/Lissa%20S.zip,,
Lissa,,,,,,,,,,,,,,,,,,,,Lissa S-M 2W,LIS62244B.08,Black,images/lissa/lissa-s-m-black.jpg,4000K,CRI>80,Phase Dim,IP65,IK08,,24Vdc (remote driver) · cable 50cm · textured finish,2W,166lm,83lm/W,Diffused,Datasheet=https://www.lldlight.it/data/schede/LISSA%2024Vdc.pdf;Installation=https://www.lldlight.it/data/istruzioni/Lissa.pdf;LDT=https://www.lldlight.it/data/ldt/Lissa%20S.zip,,
Lissa,,,,,,,,,,,,,,,,,,,,Lissa S-M 2W,LIS62244B.08B1,Black,images/lissa/lissa-s-m-black.jpg,4000K,CRI>80,Phase Dim,IP65,IK08,,24Vdc (remote driver) · cable 50cm · with base B1 · textured finish,2W,166lm,83lm/W,Diffused,Datasheet=https://www.lldlight.it/data/schede/LISSA%2024Vdc.pdf;Installation=https://www.lldlight.it/data/istruzioni/Lissa.pdf;LDT=https://www.lldlight.it/data/ldt/Lissa%20S.zip,,
Lissa,,,,,,,,,,,,,,,,,,,,Lissa S-M 2W,LIS62244B.08B2,Black,images/lissa/lissa-s-m-black.jpg,4000K,CRI>80,Phase Dim,IP65,IK08,,24Vdc (remote driver) · cable 50cm · with base B2 · textured finish,2W,166lm,83lm/W,Diffused,Datasheet=https://www.lldlight.it/data/schede/LISSA%2024Vdc.pdf;Installation=https://www.lldlight.it/data/istruzioni/Lissa.pdf;LDT=https://www.lldlight.it/data/ldt/Lissa%20S.zip,,
Minosse Evo Bollard,LLD Light,Exterior,Bollard,Outdoor bollard · 2 sizes,"Minosse Evo Bollard is an outdoor bollard in 2 heights and sizes, running on 24V DC. It comes in a textured black finish, with diffused light, in 2700K, 3000K, 4000K. On the ground with base and screws (not included).","Outdoor bollard. Anticorodal aluminum body and cover AISI 304 stainless steel bracket Sandblasted and silk-screened tempered glass. IP65. IK09. CRI >80. 3-step MacAdam. Lifetime 50,000h L80 B10. Supply 24Vdc.",2700K | 3000K | 4000K,CRI>80,Phase Dim,IP65,IK09,Black,bollard,,images/minosse-evo-bollard/minosse-evo-bollard-thumb.jpg;images/minosse-evo-bollard/minosse-evo-bollard-dimensions-l.png;images/minosse-evo-bollard/minosse-evo-bollard-dimensions-m.png,,,images/minosse-evo-bollard/minosse-evo-bollard-dimensions-l.png,L: 14W IP65IK09 1030mm · M: 7W IP65IK09 530mm,Minosse Evo Bollard L 14W,MEB63224B.08,Black,images/minosse-evo-bollard/minosse-evo-bollard-l-black.jpg,2700K,CRI>80,Phase Dim,IP65,IK09,,24Vdc (remote driver) · cable 50cm · textured finish,14W,506lm,36lm/W,Diffused,,,
Minosse Evo Bollard,,,,,,,,,,,,,,,,,,,,Minosse Evo Bollard L 14W,MEB63234B.08,Black,images/minosse-evo-bollard/minosse-evo-bollard-l-black.jpg,3000K,CRI>80,Phase Dim,IP65,IK09,,24Vdc (remote driver) · cable 50cm · textured finish,14W,506lm,36lm/W,Diffused,,,
Minosse Evo Bollard,,,,,,,,,,,,,,,,,,,,Minosse Evo Bollard L 14W,MEB63244B.08,Black,images/minosse-evo-bollard/minosse-evo-bollard-l-black.jpg,4000K,CRI>80,Phase Dim,IP65,IK09,,24Vdc (remote driver) · cable 50cm · textured finish,14W,506lm,36lm/W,Diffused,,,
Minosse Evo Bollard,,,,,,,,,,,,,,,,,,,,Minosse Evo Bollard M 7W,MEB62224B.08,Black,images/minosse-evo-bollard/minosse-evo-bollard-m-black.jpg,2700K,CRI>80,Phase Dim,IP65,IK09,,24Vdc (remote driver) · cable 50cm · textured finish,7W,253lm,36lm/W,Diffused,,,
Minosse Evo Bollard,,,,,,,,,,,,,,,,,,,,Minosse Evo Bollard M 7W,MEB62234B.08,Black,images/minosse-evo-bollard/minosse-evo-bollard-m-black.jpg,3000K,CRI>80,Phase Dim,IP65,IK09,,24Vdc (remote driver) · cable 50cm · textured finish,7W,253lm,36lm/W,Diffused,,,
Minosse Evo Bollard,,,,,,,,,,,,,,,,,,,,Minosse Evo Bollard M 7W,MEB62244B.08,Black,images/minosse-evo-bollard/minosse-evo-bollard-m-black.jpg,4000K,CRI>80,Phase Dim,IP65,IK09,,24Vdc (remote driver) · cable 50cm · textured finish,7W,253lm,36lm/W,Diffused,,,
Narvik,LLD Light,Exterior,Bollard,Outdoor bollard · 3 sizes,"Narvik is an outdoor bollard in 3 heights and sizes, running on mains 230V. It comes in a textured black finish, with asymmetric light, in 2200K, 2700K, 3000K, 4000K. On the ground with base and screws (included).","Outdoor bollard. Anticorodal aluminum body AISI 304 stainless steel base Tempered glass. IP65. IK08. CRI >80. 3-step MacAdam. Lifetime 50,000h L80 B10. Supply 230Vac.",2200K | 2700K | 3000K | 4000K,CRI>80,Phase Dim,IP65,IK08,Black,bollard,,images/narvik/narvik-thumb.jpg;images/narvik/narvik-dimensions-l.png;images/narvik/narvik-dimensions-m.png;images/narvik/narvik-dimensions-s.png,,,images/narvik/narvik-dimensions-l.png,L: 8W IP65IK08 950 mm · M: 8W IP65IK08 650 mm · S: 8W IP65IK08 350 mm,Narvik L 8W,NAR633B3B.08,Black,images/narvik/narvik-l-black.jpg,2200K,CRI>80,Phase Dim,IP65,IK08,,230Vac · cable 50cm · textured finish,8W,419lm,52lm/W,Asymmetric,Datasheet=https://www.lldlight.it/data/schede/NARVIK%20L%20230Vac.pdf;Installation=https://www.lldlight.it/data/istruzioni/Narvik.pdf;LDT=https://www.lldlight.it/data/ldt/Narvik%20L.zip,,
Narvik,,,,,,,,,,,,,,,,,,,,Narvik L 8W,NAR63323B.08,Black,images/narvik/narvik-l-black.jpg,2700K,CRI>80,Phase Dim,IP65,IK08,,230Vac · cable 50cm · textured finish,8W,419lm,52lm/W,Asymmetric,Datasheet=https://www.lldlight.it/data/schede/NARVIK%20L%20230Vac.pdf;Installation=https://www.lldlight.it/data/istruzioni/Narvik.pdf;LDT=https://www.lldlight.it/data/ldt/Narvik%20L.zip,,
Narvik,,,,,,,,,,,,,,,,,,,,Narvik L 8W,NAR63333B.08,Black,images/narvik/narvik-l-black.jpg,3000K,CRI>80,Phase Dim,IP65,IK08,,230Vac · cable 50cm · textured finish,8W,419lm,52lm/W,Asymmetric,Datasheet=https://www.lldlight.it/data/schede/NARVIK%20L%20230Vac.pdf;Installation=https://www.lldlight.it/data/istruzioni/Narvik.pdf;LDT=https://www.lldlight.it/data/ldt/Narvik%20L.zip,,
Narvik,,,,,,,,,,,,,,,,,,,,Narvik L 8W,NAR63343B.08,Black,images/narvik/narvik-l-black.jpg,4000K,CRI>80,Phase Dim,IP65,IK08,,230Vac · cable 50cm · textured finish,8W,419lm,52lm/W,Asymmetric,Datasheet=https://www.lldlight.it/data/schede/NARVIK%20L%20230Vac.pdf;Installation=https://www.lldlight.it/data/istruzioni/Narvik.pdf;LDT=https://www.lldlight.it/data/ldt/Narvik%20L.zip,,
Narvik,,,,,,,,,,,,,,,,,,,,Narvik M 8W,NAR623B3B.08,Black,images/narvik/narvik-m-black.jpg,2200K,CRI>80,Phase Dim,IP65,IK08,,230Vac · cable 50cm · textured finish,8W,419lm,52lm/W,Asymmetric,Datasheet=https://www.lldlight.it/data/schede/NARVIK%20M%20230Vac.pdf;Installation=https://www.lldlight.it/data/istruzioni/Narvik.pdf;LDT=https://www.lldlight.it/data/ldt/Narvik%20M.zip,,
Narvik,,,,,,,,,,,,,,,,,,,,Narvik M 8W,NAR62323B.08,Black,images/narvik/narvik-m-black.jpg,2700K,CRI>80,Phase Dim,IP65,IK08,,230Vac · cable 50cm · textured finish,8W,419lm,52lm/W,Asymmetric,Datasheet=https://www.lldlight.it/data/schede/NARVIK%20M%20230Vac.pdf;Installation=https://www.lldlight.it/data/istruzioni/Narvik.pdf;LDT=https://www.lldlight.it/data/ldt/Narvik%20M.zip,,
Narvik,,,,,,,,,,,,,,,,,,,,Narvik M 8W,NAR62333B.08,Black,images/narvik/narvik-m-black.jpg,3000K,CRI>80,Phase Dim,IP65,IK08,,230Vac · cable 50cm · textured finish,8W,419lm,52lm/W,Asymmetric,Datasheet=https://www.lldlight.it/data/schede/NARVIK%20M%20230Vac.pdf;Installation=https://www.lldlight.it/data/istruzioni/Narvik.pdf;LDT=https://www.lldlight.it/data/ldt/Narvik%20M.zip,,
Narvik,,,,,,,,,,,,,,,,,,,,Narvik M 8W,NAR62343B.08,Black,images/narvik/narvik-m-black.jpg,4000K,CRI>80,Phase Dim,IP65,IK08,,230Vac · cable 50cm · textured finish,8W,419lm,52lm/W,Asymmetric,Datasheet=https://www.lldlight.it/data/schede/NARVIK%20M%20230Vac.pdf;Installation=https://www.lldlight.it/data/istruzioni/Narvik.pdf;LDT=https://www.lldlight.it/data/ldt/Narvik%20M.zip,,
Narvik,,,,,,,,,,,,,,,,,,,,Narvik S 8W,NAR613B3B.08,Black,images/narvik/narvik-s-black.jpg,2200K,CRI>80,Phase Dim,IP65,IK08,,230Vac · cable 50cm · textured finish,8W,419lm,52lm/W,Asymmetric,Datasheet=https://www.lldlight.it/data/schede/NARVIK%20S%20230Vac.pdf;Installation=https://www.lldlight.it/data/istruzioni/Narvik.pdf;LDT=https://www.lldlight.it/data/ldt/Narvik%20S.zip,,
Narvik,,,,,,,,,,,,,,,,,,,,Narvik S 8W,NAR61323B.08,Black,images/narvik/narvik-s-black.jpg,2700K,CRI>80,Phase Dim,IP65,IK08,,230Vac · cable 50cm · textured finish,8W,419lm,52lm/W,Asymmetric,Datasheet=https://www.lldlight.it/data/schede/NARVIK%20S%20230Vac.pdf;Installation=https://www.lldlight.it/data/istruzioni/Narvik.pdf;LDT=https://www.lldlight.it/data/ldt/Narvik%20S.zip,,
Narvik,,,,,,,,,,,,,,,,,,,,Narvik S 8W,NAR61333B.08,Black,images/narvik/narvik-s-black.jpg,3000K,CRI>80,Phase Dim,IP65,IK08,,230Vac · cable 50cm · textured finish,8W,419lm,52lm/W,Asymmetric,Datasheet=https://www.lldlight.it/data/schede/NARVIK%20S%20230Vac.pdf;Installation=https://www.lldlight.it/data/istruzioni/Narvik.pdf;LDT=https://www.lldlight.it/data/ldt/Narvik%20S.zip,,
Narvik,,,,,,,,,,,,,,,,,,,,Narvik S 8W,NAR61343B.08,Black,images/narvik/narvik-s-black.jpg,4000K,CRI>80,Phase Dim,IP65,IK08,,230Vac · cable 50cm · textured finish,8W,419lm,52lm/W,Asymmetric,Datasheet=https://www.lldlight.it/data/schede/NARVIK%20S%20230Vac.pdf;Installation=https://www.lldlight.it/data/istruzioni/Narvik.pdf;LDT=https://www.lldlight.it/data/ldt/Narvik%20S.zip,,
Onice,LLD Light,Exterior,Bollard,Outdoor bollard · 6 sizes,"Onice is an outdoor bollard in 6 heights and sizes, running on mains 230V. It comes in a textured black finish, with 360° light, in 2200K, 2700K, 3000K, 4000K. On the ground with base and screws (included).","Outdoor bollard. Body and base in anticorodal aluminum Diffuser in PMMA. IP65. IK08. CRI >80. 3-step MacAdam. Lifetime 50,000h L80 B10. Supply 230Vac.",2200K | 2700K | 3000K | 4000K,CRI>80,Phase Dim,IP65,IK08,Black,bollard,,images/onice/onice-thumb.jpg;images/onice/onice-dimensions-l-l.png;images/onice/onice-dimensions-l-m.png;images/onice/onice-dimensions-l-s.png;images/onice/onice-dimensions-m-l.png;images/onice/onice-dimensions-m-m.png;images/onice/onice-dimensions-m-s.png,,,images/onice/onice-dimensions-l-l.png,L-L: 11W IP65IK08 950 mm 80 mm · L-M: 11W IP65IK08 650 mm 80 mm · L-S: 11W IP65IK08 350 mm 80 mm · M-L: 8W IP65IK08 950 mm 60 mm · M-M: 8W IP65IK08 650 mm 60 mm · M-S: 8W IP65IK08 350 mm 60 mm,Onice L-L 11W,ONL633B6B.08,Black,images/onice/onice-l-l-black.jpg,2200K,CRI>80,Phase Dim,IP65,IK08,,230Vac · cable 50cm · textured finish,11W,518lm,47lm/W,360°,Datasheet=https://www.lldlight.it/data/schede/ONICE%20L%20-%20L%20230Vac.pdf;Installation=https://www.lldlight.it/data/istruzioni/Onice.pdf;LDT=https://www.lldlight.it/data/ldt/Onice%20L-L.zip,,
Onice,,,,,,,,,,,,,,,,,,,,Onice L-L 11W,ONL63326B.08,Black,images/onice/onice-l-l-black.jpg,2700K,CRI>80,Phase Dim,IP65,IK08,,230Vac · cable 50cm · textured finish,11W,518lm,47lm/W,360°,Datasheet=https://www.lldlight.it/data/schede/ONICE%20L%20-%20L%20230Vac.pdf;Installation=https://www.lldlight.it/data/istruzioni/Onice.pdf;LDT=https://www.lldlight.it/data/ldt/Onice%20L-L.zip,,
Onice,,,,,,,,,,,,,,,,,,,,Onice L-L 11W,ONL63336B.08,Black,images/onice/onice-l-l-black.jpg,3000K,CRI>80,Phase Dim,IP65,IK08,,230Vac · cable 50cm · textured finish,11W,518lm,47lm/W,360°,Datasheet=https://www.lldlight.it/data/schede/ONICE%20L%20-%20L%20230Vac.pdf;Installation=https://www.lldlight.it/data/istruzioni/Onice.pdf;LDT=https://www.lldlight.it/data/ldt/Onice%20L-L.zip,,
Onice,,,,,,,,,,,,,,,,,,,,Onice L-L 11W,ONL63346B.08,Black,images/onice/onice-l-l-black.jpg,4000K,CRI>80,Phase Dim,IP65,IK08,,230Vac · cable 50cm · textured finish,11W,518lm,47lm/W,360°,Datasheet=https://www.lldlight.it/data/schede/ONICE%20L%20-%20L%20230Vac.pdf;Installation=https://www.lldlight.it/data/istruzioni/Onice.pdf;LDT=https://www.lldlight.it/data/ldt/Onice%20L-L.zip,,
Onice,,,,,,,,,,,,,,,,,,,,Onice L-M 11W,ONL623B6B.08,Black,images/onice/onice-l-m-black.jpg,2200K,CRI>80,Phase Dim,IP65,IK08,,230Vac · cable 50cm · textured finish,11W,518lm,47lm/W,360°,Datasheet=https://www.lldlight.it/data/schede/ONICE%20L%20-%20M%20230Vac.pdf;Installation=https://www.lldlight.it/data/istruzioni/Onice.pdf;LDT=https://www.lldlight.it/data/ldt/Onice%20L-M.zip,,
Onice,,,,,,,,,,,,,,,,,,,,Onice L-M 11W,ONL62326B.08,Black,images/onice/onice-l-m-black.jpg,2700K,CRI>80,Phase Dim,IP65,IK08,,230Vac · cable 50cm · textured finish,11W,518lm,47lm/W,360°,Datasheet=https://www.lldlight.it/data/schede/ONICE%20L%20-%20M%20230Vac.pdf;Installation=https://www.lldlight.it/data/istruzioni/Onice.pdf;LDT=https://www.lldlight.it/data/ldt/Onice%20L-M.zip,,
Onice,,,,,,,,,,,,,,,,,,,,Onice L-M 11W,ONL62336B.08,Black,images/onice/onice-l-m-black.jpg,3000K,CRI>80,Phase Dim,IP65,IK08,,230Vac · cable 50cm · textured finish,11W,518lm,47lm/W,360°,Datasheet=https://www.lldlight.it/data/schede/ONICE%20L%20-%20M%20230Vac.pdf;Installation=https://www.lldlight.it/data/istruzioni/Onice.pdf;LDT=https://www.lldlight.it/data/ldt/Onice%20L-M.zip,,
Onice,,,,,,,,,,,,,,,,,,,,Onice L-M 11W,ONL62346B.08,Black,images/onice/onice-l-m-black.jpg,4000K,CRI>80,Phase Dim,IP65,IK08,,230Vac · cable 50cm · textured finish,11W,518lm,47lm/W,360°,Datasheet=https://www.lldlight.it/data/schede/ONICE%20L%20-%20M%20230Vac.pdf;Installation=https://www.lldlight.it/data/istruzioni/Onice.pdf;LDT=https://www.lldlight.it/data/ldt/Onice%20L-M.zip,,
Onice,,,,,,,,,,,,,,,,,,,,Onice L-S 11W,ONL613B6B.08,Black,images/onice/onice-l-s-black.jpg,2200K,CRI>80,Phase Dim,IP65,IK08,,230Vac · cable 50cm · textured finish,11W,518lm,47lm/W,360°,Datasheet=https://www.lldlight.it/data/schede/ONICE%20L%20-%20S%20230Vac.pdf;Installation=https://www.lldlight.it/data/istruzioni/Onice.pdf;LDT=https://www.lldlight.it/data/ldt/Onice%20L-S.zip,,
Onice,,,,,,,,,,,,,,,,,,,,Onice L-S 11W,ONL61326B.08,Black,images/onice/onice-l-s-black.jpg,2700K,CRI>80,Phase Dim,IP65,IK08,,230Vac · cable 50cm · textured finish,11W,518lm,47lm/W,360°,Datasheet=https://www.lldlight.it/data/schede/ONICE%20L%20-%20S%20230Vac.pdf;Installation=https://www.lldlight.it/data/istruzioni/Onice.pdf;LDT=https://www.lldlight.it/data/ldt/Onice%20L-S.zip,,
Onice,,,,,,,,,,,,,,,,,,,,Onice L-S 11W,ONL61336B.08,Black,images/onice/onice-l-s-black.jpg,3000K,CRI>80,Phase Dim,IP65,IK08,,230Vac · cable 50cm · textured finish,11W,518lm,47lm/W,360°,Datasheet=https://www.lldlight.it/data/schede/ONICE%20L%20-%20S%20230Vac.pdf;Installation=https://www.lldlight.it/data/istruzioni/Onice.pdf;LDT=https://www.lldlight.it/data/ldt/Onice%20L-S.zip,,
Onice,,,,,,,,,,,,,,,,,,,,Onice L-S 11W,ONL61346B.08,Black,images/onice/onice-l-s-black.jpg,4000K,CRI>80,Phase Dim,IP65,IK08,,230Vac · cable 50cm · textured finish,11W,518lm,47lm/W,360°,Datasheet=https://www.lldlight.it/data/schede/ONICE%20L%20-%20S%20230Vac.pdf;Installation=https://www.lldlight.it/data/istruzioni/Onice.pdf;LDT=https://www.lldlight.it/data/ldt/Onice%20L-S.zip,,
Onice,,,,,,,,,,,,,,,,,,,,Onice M-L 8W,ONM633B6B.08,Black,images/onice/onice-m-l-black.jpg,2200K,CRI>80,Phase Dim,IP65,IK08,,230Vac · cable 50cm · textured finish,8W,268lm,34lm/W,360°,Datasheet=https://www.lldlight.it/data/schede/ONICE%20M%20-%20L%20230Vac.pdf;Installation=https://www.lldlight.it/data/istruzioni/Onice.pdf;LDT=https://www.lldlight.it/data/ldt/Onice%20M-L.zip,,
Onice,,,,,,,,,,,,,,,,,,,,Onice M-L 8W,ONM63326B.08,Black,images/onice/onice-m-l-black.jpg,2700K,CRI>80,Phase Dim,IP65,IK08,,230Vac · cable 50cm · textured finish,8W,268lm,34lm/W,360°,Datasheet=https://www.lldlight.it/data/schede/ONICE%20M%20-%20L%20230Vac.pdf;Installation=https://www.lldlight.it/data/istruzioni/Onice.pdf;LDT=https://www.lldlight.it/data/ldt/Onice%20M-L.zip,,
Onice,,,,,,,,,,,,,,,,,,,,Onice M-L 8W,ONM63336B.08,Black,images/onice/onice-m-l-black.jpg,3000K,CRI>80,Phase Dim,IP65,IK08,,230Vac · cable 50cm · textured finish,8W,268lm,34lm/W,360°,Datasheet=https://www.lldlight.it/data/schede/ONICE%20M%20-%20L%20230Vac.pdf;Installation=https://www.lldlight.it/data/istruzioni/Onice.pdf;LDT=https://www.lldlight.it/data/ldt/Onice%20M-L.zip,,
Onice,,,,,,,,,,,,,,,,,,,,Onice M-L 8W,ONM63346B.08,Black,images/onice/onice-m-l-black.jpg,4000K,CRI>80,Phase Dim,IP65,IK08,,230Vac · cable 50cm · textured finish,8W,268lm,34lm/W,360°,Datasheet=https://www.lldlight.it/data/schede/ONICE%20M%20-%20L%20230Vac.pdf;Installation=https://www.lldlight.it/data/istruzioni/Onice.pdf;LDT=https://www.lldlight.it/data/ldt/Onice%20M-L.zip,,
Onice,,,,,,,,,,,,,,,,,,,,Onice M-M 8W,ONM623B6B.08,Black,images/onice/onice-m-m-black.jpg,2200K,CRI>80,Phase Dim,IP65,IK08,,230Vac · cable 50cm · textured finish,8W,268lm,34lm/W,360°,Datasheet=https://www.lldlight.it/data/schede/ONICE%20M%20-%20M%20230Vac.pdf;Installation=https://www.lldlight.it/data/istruzioni/Onice.pdf;LDT=https://www.lldlight.it/data/ldt/Onice%20M-M.zip,,
Onice,,,,,,,,,,,,,,,,,,,,Onice M-M 8W,ONM62326B.08,Black,images/onice/onice-m-m-black.jpg,2700K,CRI>80,Phase Dim,IP65,IK08,,230Vac · cable 50cm · textured finish,8W,268lm,34lm/W,360°,Datasheet=https://www.lldlight.it/data/schede/ONICE%20M%20-%20M%20230Vac.pdf;Installation=https://www.lldlight.it/data/istruzioni/Onice.pdf;LDT=https://www.lldlight.it/data/ldt/Onice%20M-M.zip,,
Onice,,,,,,,,,,,,,,,,,,,,Onice M-M 8W,ONM62336B.08,Black,images/onice/onice-m-m-black.jpg,3000K,CRI>80,Phase Dim,IP65,IK08,,230Vac · cable 50cm · textured finish,8W,268lm,34lm/W,360°,Datasheet=https://www.lldlight.it/data/schede/ONICE%20M%20-%20M%20230Vac.pdf;Installation=https://www.lldlight.it/data/istruzioni/Onice.pdf;LDT=https://www.lldlight.it/data/ldt/Onice%20M-M.zip,,
Onice,,,,,,,,,,,,,,,,,,,,Onice M-M 8W,ONM62346B.08,Black,images/onice/onice-m-m-black.jpg,4000K,CRI>80,Phase Dim,IP65,IK08,,230Vac · cable 50cm · textured finish,8W,268lm,34lm/W,360°,Datasheet=https://www.lldlight.it/data/schede/ONICE%20M%20-%20M%20230Vac.pdf;Installation=https://www.lldlight.it/data/istruzioni/Onice.pdf;LDT=https://www.lldlight.it/data/ldt/Onice%20M-M.zip,,
Onice,,,,,,,,,,,,,,,,,,,,Onice M-S 8W,ONM613B6B.08,Black,images/onice/onice-m-s-black.jpg,2200K,CRI>80,Phase Dim,IP65,IK08,,230Vac · cable 50cm · textured finish,8W,268lm,34lm/W,360°,Datasheet=https://www.lldlight.it/data/schede/ONICE%20M%20-%20S%20230Vac.pdf;Installation=https://www.lldlight.it/data/istruzioni/Onice.pdf;LDT=https://www.lldlight.it/data/ldt/Onice%20M-S.zip,,
Onice,,,,,,,,,,,,,,,,,,,,Onice M-S 8W,ONM61326B.08,Black,images/onice/onice-m-s-black.jpg,2700K,CRI>80,Phase Dim,IP65,IK08,,230Vac · cable 50cm · textured finish,8W,268lm,34lm/W,360°,Datasheet=https://www.lldlight.it/data/schede/ONICE%20M%20-%20S%20230Vac.pdf;Installation=https://www.lldlight.it/data/istruzioni/Onice.pdf;LDT=https://www.lldlight.it/data/ldt/Onice%20M-S.zip,,
Onice,,,,,,,,,,,,,,,,,,,,Onice M-S 8W,ONM61336B.08,Black,images/onice/onice-m-s-black.jpg,3000K,CRI>80,Phase Dim,IP65,IK08,,230Vac · cable 50cm · textured finish,8W,268lm,34lm/W,360°,Datasheet=https://www.lldlight.it/data/schede/ONICE%20M%20-%20S%20230Vac.pdf;Installation=https://www.lldlight.it/data/istruzioni/Onice.pdf;LDT=https://www.lldlight.it/data/ldt/Onice%20M-S.zip,,
Onice,,,,,,,,,,,,,,,,,,,,Onice M-S 8W,ONM61346B.08,Black,images/onice/onice-m-s-black.jpg,4000K,CRI>80,Phase Dim,IP65,IK08,,230Vac · cable 50cm · textured finish,8W,268lm,34lm/W,360°,Datasheet=https://www.lldlight.it/data/schede/ONICE%20M%20-%20S%20230Vac.pdf;Installation=https://www.lldlight.it/data/istruzioni/Onice.pdf;LDT=https://www.lldlight.it/data/ldt/Onice%20M-S.zip,,
Pico,LLD Light,Exterior,Bollard,Outdoor bollard · 2 sizes,"Pico is an outdoor bollard in 2 heights and sizes, running on 24V DC. It comes in a textured black finish, with 16°, 40°, 64°, 10°, 36°, 60° light, in 2200K, 2700K, 3000K, 4000K. On ground with stem (included).","Outdoor bollard. AISI 316L stainless steel stem Anticorodal aluminum body Transparent glass. IP67. IK08. CRI >80. 3-step MacAdam. Lifetime 50,000h L80 B10. Supply 24Vdc.",2200K | 2700K | 3000K | 4000K,CRI>80,Phase Dim,IP67,IK08,Black,bollard,,images/pico/pico-thumb.jpg;images/pico/pico-dimensions-m.png;images/pico/pico-dimensions-s.png,,,images/pico/pico-dimensions-m.png,"M: 6,5W (24Vdc) 4W (350mA) - 8W (700mA) IP67IK08 · S: 2,2W IP67IK08",Pico M 6.5W,PIC62221T.08,Black,images/pico/pico-m-black.jpg,2700K,CRI>80,Phase Dim,IP67,IK08,,24Vdc (remote driver) · cable 1.5m · textured finish,6.5W,395lm,61lm/W,16°,Installation=https://www.lldlight.it/data/istruzioni/Pico.pdf;LDT=https://www.lldlight.it/data/ldt/Pico%20M.zip,,
Pico,,,,,,,,,,,,,,,,,,,,Pico M 6.5W,PIC62222T.08,Black,images/pico/pico-m-black.jpg,2700K,CRI>80,Phase Dim,IP67,IK08,,24Vdc (remote driver) · cable 1.5m · textured finish,6.5W,395lm,61lm/W,40°,Installation=https://www.lldlight.it/data/istruzioni/Pico.pdf;LDT=https://www.lldlight.it/data/ldt/Pico%20M.zip,,
Pico,,,,,,,,,,,,,,,,,,,,Pico M 6.5W,PIC62223T.08,Black,images/pico/pico-m-black.jpg,2700K,CRI>80,Phase Dim,IP67,IK08,,24Vdc (remote driver) · cable 1.5m · textured finish,6.5W,395lm,61lm/W,64°,Installation=https://www.lldlight.it/data/istruzioni/Pico.pdf;LDT=https://www.lldlight.it/data/ldt/Pico%20M.zip,,
Pico,,,,,,,,,,,,,,,,,,,,Pico M 6.5W,PIC62231T.08,Black,images/pico/pico-m-black.jpg,3000K,CRI>80,Phase Dim,IP67,IK08,,24Vdc (remote driver) · cable 1.5m · textured finish,6.5W,395lm,61lm/W,16°,Installation=https://www.lldlight.it/data/istruzioni/Pico.pdf;LDT=https://www.lldlight.it/data/ldt/Pico%20M.zip,,
Pico,,,,,,,,,,,,,,,,,,,,Pico M 6.5W,PIC62232T.08,Black,images/pico/pico-m-black.jpg,3000K,CRI>80,Phase Dim,IP67,IK08,,24Vdc (remote driver) · cable 1.5m · textured finish,6.5W,395lm,61lm/W,40°,Installation=https://www.lldlight.it/data/istruzioni/Pico.pdf;LDT=https://www.lldlight.it/data/ldt/Pico%20M.zip,,
Pico,,,,,,,,,,,,,,,,,,,,Pico M 6.5W,PIC62233T.08,Black,images/pico/pico-m-black.jpg,3000K,CRI>80,Phase Dim,IP67,IK08,,24Vdc (remote driver) · cable 1.5m · textured finish,6.5W,395lm,61lm/W,64°,Installation=https://www.lldlight.it/data/istruzioni/Pico.pdf;LDT=https://www.lldlight.it/data/ldt/Pico%20M.zip,,
Pico,,,,,,,,,,,,,,,,,,,,Pico M 6.5W,PIC62241T.08,Black,images/pico/pico-m-black.jpg,4000K,CRI>80,Phase Dim,IP67,IK08,,24Vdc (remote driver) · cable 1.5m · textured finish,6.5W,395lm,61lm/W,16°,Installation=https://www.lldlight.it/data/istruzioni/Pico.pdf;LDT=https://www.lldlight.it/data/ldt/Pico%20M.zip,,
Pico,,,,,,,,,,,,,,,,,,,,Pico M 6.5W,PIC62242T.08,Black,images/pico/pico-m-black.jpg,4000K,CRI>80,Phase Dim,IP67,IK08,,24Vdc (remote driver) · cable 1.5m · textured finish,6.5W,395lm,61lm/W,40°,Installation=https://www.lldlight.it/data/istruzioni/Pico.pdf;LDT=https://www.lldlight.it/data/ldt/Pico%20M.zip,,
Pico,,,,,,,,,,,,,,,,,,,,Pico M 6.5W,PIC62243T.08,Black,images/pico/pico-m-black.jpg,4000K,CRI>80,Phase Dim,IP67,IK08,,24Vdc (remote driver) · cable 1.5m · textured finish,6.5W,395lm,61lm/W,64°,Installation=https://www.lldlight.it/data/istruzioni/Pico.pdf;LDT=https://www.lldlight.it/data/ldt/Pico%20M.zip,,
Pico,,,,,,,,,,,,,,,,,,,,Pico S 2.2W,PIC612B1T.08,Black,images/pico/pico-s-black.jpg,2200K,CRI>80,Phase Dim,IP67,IK08,,24Vdc (remote driver) · cable 1.5m · textured finish,2.2W,108lm,49lm/W,10°,Datasheet=https://www.lldlight.it/data/schede/PICO%20S%2024Vdc.pdf;Installation=https://www.lldlight.it/data/istruzioni/Pico.pdf;LDT=https://www.lldlight.it/data/ldt/Pico%20S.zip,,
Pico,,,,,,,,,,,,,,,,,,,,Pico S 2.2W,PIC612B2T.08,Black,images/pico/pico-s-black.jpg,2200K,CRI>80,Phase Dim,IP67,IK08,,24Vdc (remote driver) · cable 1.5m · textured finish,2.2W,108lm,49lm/W,36°,Datasheet=https://www.lldlight.it/data/schede/PICO%20S%2024Vdc.pdf;Installation=https://www.lldlight.it/data/istruzioni/Pico.pdf;LDT=https://www.lldlight.it/data/ldt/Pico%20S.zip,,
Pico,,,,,,,,,,,,,,,,,,,,Pico S 2.2W,PIC612B3T.08,Black,images/pico/pico-s-black.jpg,2200K,CRI>80,Phase Dim,IP67,IK08,,24Vdc (remote driver) · cable 1.5m · textured finish,2.2W,108lm,49lm/W,60°,Datasheet=https://www.lldlight.it/data/schede/PICO%20S%2024Vdc.pdf;Installation=https://www.lldlight.it/data/istruzioni/Pico.pdf;LDT=https://www.lldlight.it/data/ldt/Pico%20S.zip,,
Pico,,,,,,,,,,,,,,,,,,,,Pico S 2.2W,PIC61221T.08,Black,images/pico/pico-s-black.jpg,2700K,CRI>80,Phase Dim,IP67,IK08,,24Vdc (remote driver) · cable 1.5m · textured finish,2.2W,108lm,49lm/W,10°,Datasheet=https://www.lldlight.it/data/schede/PICO%20S%2024Vdc.pdf;Installation=https://www.lldlight.it/data/istruzioni/Pico.pdf;LDT=https://www.lldlight.it/data/ldt/Pico%20S.zip,,
Pico,,,,,,,,,,,,,,,,,,,,Pico S 2.2W,PIC61222T.08,Black,images/pico/pico-s-black.jpg,2700K,CRI>80,Phase Dim,IP67,IK08,,24Vdc (remote driver) · cable 1.5m · textured finish,2.2W,108lm,49lm/W,36°,Datasheet=https://www.lldlight.it/data/schede/PICO%20S%2024Vdc.pdf;Installation=https://www.lldlight.it/data/istruzioni/Pico.pdf;LDT=https://www.lldlight.it/data/ldt/Pico%20S.zip,,
Pico,,,,,,,,,,,,,,,,,,,,Pico S 2.2W,PIC61223T.08,Black,images/pico/pico-s-black.jpg,2700K,CRI>80,Phase Dim,IP67,IK08,,24Vdc (remote driver) · cable 1.5m · textured finish,2.2W,108lm,49lm/W,60°,Datasheet=https://www.lldlight.it/data/schede/PICO%20S%2024Vdc.pdf;Installation=https://www.lldlight.it/data/istruzioni/Pico.pdf;LDT=https://www.lldlight.it/data/ldt/Pico%20S.zip,,
Pico,,,,,,,,,,,,,,,,,,,,Pico S 2.2W,PIC61231T.08,Black,images/pico/pico-s-black.jpg,3000K,CRI>80,Phase Dim,IP67,IK08,,24Vdc (remote driver) · cable 1.5m · textured finish,2.2W,108lm,49lm/W,10°,Datasheet=https://www.lldlight.it/data/schede/PICO%20S%2024Vdc.pdf;Installation=https://www.lldlight.it/data/istruzioni/Pico.pdf;LDT=https://www.lldlight.it/data/ldt/Pico%20S.zip,,
Pico,,,,,,,,,,,,,,,,,,,,Pico S 2.2W,PIC61232T.08,Black,images/pico/pico-s-black.jpg,3000K,CRI>80,Phase Dim,IP67,IK08,,24Vdc (remote driver) · cable 1.5m · textured finish,2.2W,108lm,49lm/W,36°,Datasheet=https://www.lldlight.it/data/schede/PICO%20S%2024Vdc.pdf;Installation=https://www.lldlight.it/data/istruzioni/Pico.pdf;LDT=https://www.lldlight.it/data/ldt/Pico%20S.zip,,
Pico,,,,,,,,,,,,,,,,,,,,Pico S 2.2W,PIC61233T.08,Black,images/pico/pico-s-black.jpg,3000K,CRI>80,Phase Dim,IP67,IK08,,24Vdc (remote driver) · cable 1.5m · textured finish,2.2W,108lm,49lm/W,60°,Datasheet=https://www.lldlight.it/data/schede/PICO%20S%2024Vdc.pdf;Installation=https://www.lldlight.it/data/istruzioni/Pico.pdf;LDT=https://www.lldlight.it/data/ldt/Pico%20S.zip,,
Pico,,,,,,,,,,,,,,,,,,,,Pico S 2.2W,PIC61241T.08,Black,images/pico/pico-s-black.jpg,4000K,CRI>80,Phase Dim,IP67,IK08,,24Vdc (remote driver) · cable 1.5m · textured finish,2.2W,108lm,49lm/W,10°,Datasheet=https://www.lldlight.it/data/schede/PICO%20S%2024Vdc.pdf;Installation=https://www.lldlight.it/data/istruzioni/Pico.pdf;LDT=https://www.lldlight.it/data/ldt/Pico%20S.zip,,
Pico,,,,,,,,,,,,,,,,,,,,Pico S 2.2W,PIC61242T.08,Black,images/pico/pico-s-black.jpg,4000K,CRI>80,Phase Dim,IP67,IK08,,24Vdc (remote driver) · cable 1.5m · textured finish,2.2W,108lm,49lm/W,36°,Datasheet=https://www.lldlight.it/data/schede/PICO%20S%2024Vdc.pdf;Installation=https://www.lldlight.it/data/istruzioni/Pico.pdf;LDT=https://www.lldlight.it/data/ldt/Pico%20S.zip,,
Pico,,,,,,,,,,,,,,,,,,,,Pico S 2.2W,PIC61243T.08,Black,images/pico/pico-s-black.jpg,4000K,CRI>80,Phase Dim,IP67,IK08,,24Vdc (remote driver) · cable 1.5m · textured finish,2.2W,108lm,49lm/W,60°,Datasheet=https://www.lldlight.it/data/schede/PICO%20S%2024Vdc.pdf;Installation=https://www.lldlight.it/data/istruzioni/Pico.pdf;LDT=https://www.lldlight.it/data/ldt/Pico%20S.zip,,
Piti Bollard,LLD Light,Exterior,Bollard,Outdoor bollard · 2 sizes,"Piti Bollard is an outdoor bollard in 2 heights and sizes, running on mains 230V or 24V DC. It comes in a textured black finish, with diffused light, in 2200K, 2700K, 3000K, 4000K. On the ground with base and screws (included).","Outdoor bollard. Anticorodal aluminum body AISI316L stainless steel base Opal PMMA diffuser. IP65. IK06. CRI >80. 3-step MacAdam. Lifetime 50,000h L80 B10. Supply 230Vac | 24Vdc.",2200K | 2700K | 3000K | 4000K,CRI>80,Phase Dim,IP65,IK06,Black,bollard,,images/piti-bollard/piti-bollard-thumb.jpg;images/piti-bollard/piti-bollard-dimensions-m-l.png;images/piti-bollard/piti-bollard-dimensions-m-m.png,,,images/piti-bollard/piti-bollard-dimensions-m-l.png,M-L: 12W(24Vdc)//11W(230Vac) IP65IK06 710mm · M-M: 12W(24Vdc)//11W(230Vac) IP65IK06 310mm,Piti Bollard M-L 12W,PBM632B4B.08,Black,images/piti-bollard/piti-bollard-m-l-black.jpg,2200K,CRI>80,Phase Dim,IP65,IK06,,24Vdc (remote driver) · cable 50cm · textured finish,12W,884lm,74lm/W,Diffused,,,
Piti Bollard,,,,,,,,,,,,,,,,,,,,Piti Bollard M-L 14W,PBM63324B.08,Black,images/piti-bollard/piti-bollard-m-l-black.jpg,2700K,CRI>80,Phase Dim,IP65,IK06,,230Vac · cable 50cm · textured finish,14W,796lm,57lm/W,Diffused,,,
Piti Bollard,,,,,,,,,,,,,,,,,,,,Piti Bollard M-L 12W,PBM63224B.08,Black,images/piti-bollard/piti-bollard-m-l-black.jpg,2700K,CRI>80,Phase Dim,IP65,IK06,,24Vdc (remote driver) · cable 50cm · textured finish,12W,884lm,74lm/W,Diffused,,,
Piti Bollard,,,,,,,,,,,,,,,,,,,,Piti Bollard M-L 14W,PBM63334B.08,Black,images/piti-bollard/piti-bollard-m-l-black.jpg,3000K,CRI>80,Phase Dim,IP65,IK06,,230Vac · cable 50cm · textured finish,14W,796lm,57lm/W,Diffused,,,
Piti Bollard,,,,,,,,,,,,,,,,,,,,Piti Bollard M-L 12W,PBM63234B.08,Black,images/piti-bollard/piti-bollard-m-l-black.jpg,3000K,CRI>80,Phase Dim,IP65,IK06,,24Vdc (remote driver) · cable 50cm · textured finish,12W,884lm,74lm/W,Diffused,,,
Piti Bollard,,,,,,,,,,,,,,,,,,,,Piti Bollard M-L 14W,PBM63344B.08,Black,images/piti-bollard/piti-bollard-m-l-black.jpg,4000K,CRI>80,Phase Dim,IP65,IK06,,230Vac · cable 50cm · textured finish,14W,796lm,57lm/W,Diffused,,,
Piti Bollard,,,,,,,,,,,,,,,,,,,,Piti Bollard M-L 12W,PBM63244B.08,Black,images/piti-bollard/piti-bollard-m-l-black.jpg,4000K,CRI>80,Phase Dim,IP65,IK06,,24Vdc (remote driver) · cable 50cm · textured finish,12W,884lm,74lm/W,Diffused,,,
Piti Bollard,,,,,,,,,,,,,,,,,,,,Piti Bollard M-M 12W,PBM622B4B.08,Black,images/piti-bollard/piti-bollard-m-l-black.jpg,2200K,CRI>80,Phase Dim,IP65,IK06,,24Vdc (remote driver) · cable 50cm · textured finish,12W,884lm,74lm/W,Diffused,,,
Piti Bollard,,,,,,,,,,,,,,,,,,,,Piti Bollard M-M 14W,PBM62324B.08,Black,images/piti-bollard/piti-bollard-m-l-black.jpg,2700K,CRI>80,Phase Dim,IP65,IK06,,230Vac · cable 50cm · textured finish,14W,796lm,57lm/W,Diffused,,,
Piti Bollard,,,,,,,,,,,,,,,,,,,,Piti Bollard M-M 12W,PBM62224B.08,Black,images/piti-bollard/piti-bollard-m-l-black.jpg,2700K,CRI>80,Phase Dim,IP65,IK06,,24Vdc (remote driver) · cable 50cm · textured finish,12W,884lm,74lm/W,Diffused,,,
Piti Bollard,,,,,,,,,,,,,,,,,,,,Piti Bollard M-M 14W,PBM62334B.08,Black,images/piti-bollard/piti-bollard-m-l-black.jpg,3000K,CRI>80,Phase Dim,IP65,IK06,,230Vac · cable 50cm · textured finish,14W,796lm,57lm/W,Diffused,,,
Piti Bollard,,,,,,,,,,,,,,,,,,,,Piti Bollard M-M 12W,PBM62234B.08,Black,images/piti-bollard/piti-bollard-m-l-black.jpg,3000K,CRI>80,Phase Dim,IP65,IK06,,24Vdc (remote driver) · cable 50cm · textured finish,12W,884lm,74lm/W,Diffused,,,
Piti Bollard,,,,,,,,,,,,,,,,,,,,Piti Bollard M-M 14W,PBM62344B.08,Black,images/piti-bollard/piti-bollard-m-l-black.jpg,4000K,CRI>80,Phase Dim,IP65,IK06,,230Vac · cable 50cm · textured finish,14W,796lm,57lm/W,Diffused,,,
Piti Bollard,,,,,,,,,,,,,,,,,,,,Piti Bollard M-M 12W,PBM62244B.08,Black,images/piti-bollard/piti-bollard-m-l-black.jpg,4000K,CRI>80,Phase Dim,IP65,IK06,,24Vdc (remote driver) · cable 50cm · textured finish,12W,884lm,74lm/W,Diffused,,,
Piti Round,LLD Light,Exterior,Bollard,Outdoor bollard · 2 sizes,"Piti Round is an outdoor bollard in 2 heights and sizes, running on 24V DC. It comes in a textured black finish, with diffused light, in 2200K, 2700K, 3000K, 4000K. Standard version: On the ground with stem (included) Version with Base B1: On the ground with base and screws (included), Lower cable outlet Version with Base B2: On the ground with base, bracket and screws (included), Possibility of lower cable outlet or from the side of the base.","Outdoor bollard. Body, base and stem in anticorodal aluminium Diffuser in sandblasted tempered glass. IP65. IK07. CRI >80. 3-step MacAdam. Lifetime 50,000h L80 B10. Supply 24Vdc.",2200K | 2700K | 3000K | 4000K,CRI>80,Phase Dim,IP65,IK07,Black,bollard,,images/piti-round/piti-round-thumb.jpg;images/piti-round/piti-round-dimensions-l.png;images/piti-round/piti-round-dimensions-m.png,,,images/piti-round/piti-round-dimensions-l.png,L: 3W IP65IK07 1143mm / B1: 962mm / B2:980mm · M: 3W IP65IK07 843mm / B1: 662mm / B2:680mm,Piti Round L 3W,PRS632B4B.08,Black,images/piti-round/piti-round-l-black.jpg,2200K,CRI>80,Phase Dim,IP65,IK07,,24Vdc (remote driver) · cable 50cm · textured finish,3W,249lm,83lm/W,Diffused,,,
Piti Round,,,,,,,,,,,,,,,,,,,,Piti Round L 3W,PRS632B4B.08B1,Black,images/piti-round/piti-round-l-black.jpg,2200K,CRI>80,Phase Dim,IP65,IK07,,24Vdc (remote driver) · cable 50cm · with base B1 · textured finish,3W,249lm,83lm/W,Diffused,,,
Piti Round,,,,,,,,,,,,,,,,,,,,Piti Round L 3W,PRS632B4B.08B2,Black,images/piti-round/piti-round-l-black.jpg,2200K,CRI>80,Phase Dim,IP65,IK07,,24Vdc (remote driver) · cable 50cm · with base B2 · textured finish,3W,249lm,83lm/W,Diffused,,,
Piti Round,,,,,,,,,,,,,,,,,,,,Piti Round L 3W,PRS63224B.08,Black,images/piti-round/piti-round-l-black.jpg,2700K,CRI>80,Phase Dim,IP65,IK07,,24Vdc (remote driver) · cable 50cm · textured finish,3W,249lm,83lm/W,Diffused,,,
Piti Round,,,,,,,,,,,,,,,,,,,,Piti Round L 3W,PRS63224B.08B1,Black,images/piti-round/piti-round-l-black.jpg,2700K,CRI>80,Phase Dim,IP65,IK07,,24Vdc (remote driver) · cable 50cm · with base B1 · textured finish,3W,249lm,83lm/W,Diffused,,,
Piti Round,,,,,,,,,,,,,,,,,,,,Piti Round L 3W,PRS63224B.08B2,Black,images/piti-round/piti-round-l-black.jpg,2700K,CRI>80,Phase Dim,IP65,IK07,,24Vdc (remote driver) · cable 50cm · with base B2 · textured finish,3W,249lm,83lm/W,Diffused,,,
Piti Round,,,,,,,,,,,,,,,,,,,,Piti Round L 3W,PRS63234B.08,Black,images/piti-round/piti-round-l-black.jpg,3000K,CRI>80,Phase Dim,IP65,IK07,,24Vdc (remote driver) · cable 50cm · textured finish,3W,249lm,83lm/W,Diffused,,,
Piti Round,,,,,,,,,,,,,,,,,,,,Piti Round L 3W,PRS63234B.08B1,Black,images/piti-round/piti-round-l-black.jpg,3000K,CRI>80,Phase Dim,IP65,IK07,,24Vdc (remote driver) · cable 50cm · with base B1 · textured finish,3W,249lm,83lm/W,Diffused,,,
Piti Round,,,,,,,,,,,,,,,,,,,,Piti Round L 3W,PRS63234B.08B2,Black,images/piti-round/piti-round-l-black.jpg,3000K,CRI>80,Phase Dim,IP65,IK07,,24Vdc (remote driver) · cable 50cm · with base B2 · textured finish,3W,249lm,83lm/W,Diffused,,,
Piti Round,,,,,,,,,,,,,,,,,,,,Piti Round L 3W,PRS63244B.08,Black,images/piti-round/piti-round-l-black.jpg,4000K,CRI>80,Phase Dim,IP65,IK07,,24Vdc (remote driver) · cable 50cm · textured finish,3W,249lm,83lm/W,Diffused,,,
Piti Round,,,,,,,,,,,,,,,,,,,,Piti Round L 3W,PRS63244B.08B1,Black,images/piti-round/piti-round-l-black.jpg,4000K,CRI>80,Phase Dim,IP65,IK07,,24Vdc (remote driver) · cable 50cm · with base B1 · textured finish,3W,249lm,83lm/W,Diffused,,,
Piti Round,,,,,,,,,,,,,,,,,,,,Piti Round L 3W,PRS63244B.08B2,Black,images/piti-round/piti-round-l-black.jpg,4000K,CRI>80,Phase Dim,IP65,IK07,,24Vdc (remote driver) · cable 50cm · with base B2 · textured finish,3W,249lm,83lm/W,Diffused,,,
Piti Round,,,,,,,,,,,,,,,,,,,,Piti Round M 3W,PRS622B4B.08,Black,images/piti-round/piti-round-m-black.jpg,2200K,CRI>80,Phase Dim,IP65,IK07,,24Vdc (remote driver) · cable 50cm · textured finish,3W,249lm,83lm/W,Diffused,,,
Piti Round,,,,,,,,,,,,,,,,,,,,Piti Round M 3W,PRS622B4B.08B1,Black,images/piti-round/piti-round-m-black.jpg,2200K,CRI>80,Phase Dim,IP65,IK07,,24Vdc (remote driver) · cable 50cm · with base B1 · textured finish,3W,249lm,83lm/W,Diffused,,,
Piti Round,,,,,,,,,,,,,,,,,,,,Piti Round M 3W,PRS622B4B.08B2,Black,images/piti-round/piti-round-m-black.jpg,2200K,CRI>80,Phase Dim,IP65,IK07,,24Vdc (remote driver) · cable 50cm · with base B2 · textured finish,3W,249lm,83lm/W,Diffused,,,
Piti Round,,,,,,,,,,,,,,,,,,,,Piti Round M 3W,PRS62224B.08,Black,images/piti-round/piti-round-m-black.jpg,2700K,CRI>80,Phase Dim,IP65,IK07,,24Vdc (remote driver) · cable 50cm · textured finish,3W,249lm,83lm/W,Diffused,,,
Piti Round,,,,,,,,,,,,,,,,,,,,Piti Round M 3W,PRS62224B.08B1,Black,images/piti-round/piti-round-m-black.jpg,2700K,CRI>80,Phase Dim,IP65,IK07,,24Vdc (remote driver) · cable 50cm · with base B1 · textured finish,3W,249lm,83lm/W,Diffused,,,
Piti Round,,,,,,,,,,,,,,,,,,,,Piti Round M 3W,PRS62224B.08B2,Black,images/piti-round/piti-round-m-black.jpg,2700K,CRI>80,Phase Dim,IP65,IK07,,24Vdc (remote driver) · cable 50cm · with base B2 · textured finish,3W,249lm,83lm/W,Diffused,,,
Piti Round,,,,,,,,,,,,,,,,,,,,Piti Round M 3W,PRS62234B.08,Black,images/piti-round/piti-round-m-black.jpg,3000K,CRI>80,Phase Dim,IP65,IK07,,24Vdc (remote driver) · cable 50cm · textured finish,3W,249lm,83lm/W,Diffused,,,
Piti Round,,,,,,,,,,,,,,,,,,,,Piti Round M 3W,PRS62234B.08B1,Black,images/piti-round/piti-round-m-black.jpg,3000K,CRI>80,Phase Dim,IP65,IK07,,24Vdc (remote driver) · cable 50cm · with base B1 · textured finish,3W,249lm,83lm/W,Diffused,,,
Piti Round,,,,,,,,,,,,,,,,,,,,Piti Round M 3W,PRS62234B.08B2,Black,images/piti-round/piti-round-m-black.jpg,3000K,CRI>80,Phase Dim,IP65,IK07,,24Vdc (remote driver) · cable 50cm · with base B2 · textured finish,3W,249lm,83lm/W,Diffused,,,
Piti Round,,,,,,,,,,,,,,,,,,,,Piti Round M 3W,PRS62244B.08,Black,images/piti-round/piti-round-m-black.jpg,4000K,CRI>80,Phase Dim,IP65,IK07,,24Vdc (remote driver) · cable 50cm · textured finish,3W,249lm,83lm/W,Diffused,,,
Piti Round,,,,,,,,,,,,,,,,,,,,Piti Round M 3W,PRS62244B.08B1,Black,images/piti-round/piti-round-m-black.jpg,4000K,CRI>80,Phase Dim,IP65,IK07,,24Vdc (remote driver) · cable 50cm · with base B1 · textured finish,3W,249lm,83lm/W,Diffused,,,
Piti Round,,,,,,,,,,,,,,,,,,,,Piti Round M 3W,PRS62244B.08B2,Black,images/piti-round/piti-round-m-black.jpg,4000K,CRI>80,Phase Dim,IP65,IK07,,24Vdc (remote driver) · cable 50cm · with base B2 · textured finish,3W,249lm,83lm/W,Diffused,,,
Piti Square,LLD Light,Exterior,Bollard,Outdoor bollard · 2 sizes,"Piti Square is an outdoor bollard in 2 heights and sizes, running on 24V DC. It comes in a textured black finish, with diffused light, in 2200K, 2700K, 3000K, 4000K. Standard version: On the ground with stem (included) Version with Base B1: On the ground with base and screws (included), Lower cable outlet Version with Base B2: On the ground with base, bracket and screws (included), Possibility of lower cable outlet or from the side of the base.","Outdoor bollard. Body, base and stem in anticorodal aluminium Diffuser in sandblasted tempered glass. IP65. IK07. CRI >80. 3-step MacAdam. Lifetime 50,000h L80 B10. Supply 24Vdc.",2200K | 2700K | 3000K | 4000K,CRI>80,Phase Dim,IP65,IK07,Black,bollard,,images/piti-square/piti-square-thumb.jpg;images/piti-square/piti-square-dimensions-l.png;images/piti-square/piti-square-dimensions-m.png,,,images/piti-square/piti-square-dimensions-l.png,L: 3W IP65IK07 1143mm / B1: 962mm / B2:980mm · M: 3W IP65IK07 843mm / B1: 662mm / B2:680mm,Piti Square L 3W,PSS632B4B.08,Black,images/piti-square/piti-square-l-black.jpg,2200K,CRI>80,Phase Dim,IP65,IK07,,24Vdc (remote driver) · cable 50cm · textured finish,3W,249lm,83lm/W,Diffused,,,
Piti Square,,,,,,,,,,,,,,,,,,,,Piti Square L 3W,PSS632B4B.08B1,Black,images/piti-square/piti-square-l-black.jpg,2200K,CRI>80,Phase Dim,IP65,IK07,,24Vdc (remote driver) · cable 50cm · with base B1 · textured finish,3W,249lm,83lm/W,Diffused,,,
Piti Square,,,,,,,,,,,,,,,,,,,,Piti Square L 3W,PSS632B4B.08B2,Black,images/piti-square/piti-square-l-black.jpg,2200K,CRI>80,Phase Dim,IP65,IK07,,24Vdc (remote driver) · cable 50cm · with base B2 · textured finish,3W,249lm,83lm/W,Diffused,,,
Piti Square,,,,,,,,,,,,,,,,,,,,Piti Square L 3W,PSS63224B.08,Black,images/piti-square/piti-square-l-black.jpg,2700K,CRI>80,Phase Dim,IP65,IK07,,24Vdc (remote driver) · cable 50cm · textured finish,3W,249lm,83lm/W,Diffused,,,
Piti Square,,,,,,,,,,,,,,,,,,,,Piti Square L 3W,PSS63224B.08B1,Black,images/piti-square/piti-square-l-black.jpg,2700K,CRI>80,Phase Dim,IP65,IK07,,24Vdc (remote driver) · cable 50cm · with base B1 · textured finish,3W,249lm,83lm/W,Diffused,,,
Piti Square,,,,,,,,,,,,,,,,,,,,Piti Square L 3W,PSS63224B.08B2,Black,images/piti-square/piti-square-l-black.jpg,2700K,CRI>80,Phase Dim,IP65,IK07,,24Vdc (remote driver) · cable 50cm · with base B2 · textured finish,3W,249lm,83lm/W,Diffused,,,
Piti Square,,,,,,,,,,,,,,,,,,,,Piti Square L 3W,PSS63234B.08,Black,images/piti-square/piti-square-l-black.jpg,3000K,CRI>80,Phase Dim,IP65,IK07,,24Vdc (remote driver) · cable 50cm · textured finish,3W,249lm,83lm/W,Diffused,,,
Piti Square,,,,,,,,,,,,,,,,,,,,Piti Square L 3W,PSS63234B.08B1,Black,images/piti-square/piti-square-l-black.jpg,3000K,CRI>80,Phase Dim,IP65,IK07,,24Vdc (remote driver) · cable 50cm · with base B1 · textured finish,3W,249lm,83lm/W,Diffused,,,
Piti Square,,,,,,,,,,,,,,,,,,,,Piti Square L 3W,PSS63234B.08B2,Black,images/piti-square/piti-square-l-black.jpg,3000K,CRI>80,Phase Dim,IP65,IK07,,24Vdc (remote driver) · cable 50cm · with base B2 · textured finish,3W,249lm,83lm/W,Diffused,,,
Piti Square,,,,,,,,,,,,,,,,,,,,Piti Square L 3W,PSS63244B.08,Black,images/piti-square/piti-square-l-black.jpg,4000K,CRI>80,Phase Dim,IP65,IK07,,24Vdc (remote driver) · cable 50cm · textured finish,3W,249lm,83lm/W,Diffused,,,
Piti Square,,,,,,,,,,,,,,,,,,,,Piti Square L 3W,PSS63244B.08B1,Black,images/piti-square/piti-square-l-black.jpg,4000K,CRI>80,Phase Dim,IP65,IK07,,24Vdc (remote driver) · cable 50cm · with base B1 · textured finish,3W,249lm,83lm/W,Diffused,,,
Piti Square,,,,,,,,,,,,,,,,,,,,Piti Square L 3W,PSS63244B.08B2,Black,images/piti-square/piti-square-l-black.jpg,4000K,CRI>80,Phase Dim,IP65,IK07,,24Vdc (remote driver) · cable 50cm · with base B2 · textured finish,3W,249lm,83lm/W,Diffused,,,
Piti Square,,,,,,,,,,,,,,,,,,,,Piti Square M 3W,PSS622B4B.08,Black,images/piti-square/piti-square-m-black.jpg,2200K,CRI>80,Phase Dim,IP65,IK07,,24Vdc (remote driver) · cable 50cm · textured finish,3W,249lm,83lm/W,Diffused,,,
Piti Square,,,,,,,,,,,,,,,,,,,,Piti Square M 3W,PSS622B4B.08B1,Black,images/piti-square/piti-square-m-black.jpg,2200K,CRI>80,Phase Dim,IP65,IK07,,24Vdc (remote driver) · cable 50cm · with base B1 · textured finish,3W,249lm,83lm/W,Diffused,,,
Piti Square,,,,,,,,,,,,,,,,,,,,Piti Square M 3W,PSS622B4B.08B2,Black,images/piti-square/piti-square-m-black.jpg,2200K,CRI>80,Phase Dim,IP65,IK07,,24Vdc (remote driver) · cable 50cm · with base B2 · textured finish,3W,249lm,83lm/W,Diffused,,,
Piti Square,,,,,,,,,,,,,,,,,,,,Piti Square M 3W,PSS62224B.08,Black,images/piti-square/piti-square-m-black.jpg,2700K,CRI>80,Phase Dim,IP65,IK07,,24Vdc (remote driver) · cable 50cm · textured finish,3W,249lm,83lm/W,Diffused,,,
Piti Square,,,,,,,,,,,,,,,,,,,,Piti Square M 3W,PSS62224B.08B1,Black,images/piti-square/piti-square-m-black.jpg,2700K,CRI>80,Phase Dim,IP65,IK07,,24Vdc (remote driver) · cable 50cm · with base B1 · textured finish,3W,249lm,83lm/W,Diffused,,,
Piti Square,,,,,,,,,,,,,,,,,,,,Piti Square M 3W,PSS62224B.08B2,Black,images/piti-square/piti-square-m-black.jpg,2700K,CRI>80,Phase Dim,IP65,IK07,,24Vdc (remote driver) · cable 50cm · with base B2 · textured finish,3W,249lm,83lm/W,Diffused,,,
Piti Square,,,,,,,,,,,,,,,,,,,,Piti Square M 3W,PSS62234B.08,Black,images/piti-square/piti-square-m-black.jpg,3000K,CRI>80,Phase Dim,IP65,IK07,,24Vdc (remote driver) · cable 50cm · textured finish,3W,249lm,83lm/W,Diffused,,,
Piti Square,,,,,,,,,,,,,,,,,,,,Piti Square M 3W,PSS62234B.08B1,Black,images/piti-square/piti-square-m-black.jpg,3000K,CRI>80,Phase Dim,IP65,IK07,,24Vdc (remote driver) · cable 50cm · with base B1 · textured finish,3W,249lm,83lm/W,Diffused,,,
Piti Square,,,,,,,,,,,,,,,,,,,,Piti Square M 3W,PSS62234B.08B2,Black,images/piti-square/piti-square-m-black.jpg,3000K,CRI>80,Phase Dim,IP65,IK07,,24Vdc (remote driver) · cable 50cm · with base B2 · textured finish,3W,249lm,83lm/W,Diffused,,,
Piti Square,,,,,,,,,,,,,,,,,,,,Piti Square M 3W,PSS62244B.08,Black,images/piti-square/piti-square-m-black.jpg,4000K,CRI>80,Phase Dim,IP65,IK07,,24Vdc (remote driver) · cable 50cm · textured finish,3W,249lm,83lm/W,Diffused,,,
Piti Square,,,,,,,,,,,,,,,,,,,,Piti Square M 3W,PSS62244B.08B1,Black,images/piti-square/piti-square-m-black.jpg,4000K,CRI>80,Phase Dim,IP65,IK07,,24Vdc (remote driver) · cable 50cm · with base B1 · textured finish,3W,249lm,83lm/W,Diffused,,,
Piti Square,,,,,,,,,,,,,,,,,,,,Piti Square M 3W,PSS62244B.08B2,Black,images/piti-square/piti-square-m-black.jpg,4000K,CRI>80,Phase Dim,IP65,IK07,,24Vdc (remote driver) · cable 50cm · with base B2 · textured finish,3W,249lm,83lm/W,Diffused,,,
Rea,LLD Light,Exterior,Bollard,Outdoor bollard · 4 sizes,"Rea is an outdoor bollard in 4 heights and sizes, running on constant current. It comes in a textured black finish, with 360° down, 360° up light, in 2200K, 2700K, 3000K, 4000K. On ground with stem (included).","Outdoor bollard. Anticorodal aluminum stem PMMA diffuser. IP65. IK06. CRI >80. 3-step MacAdam. Lifetime 50,000h L80 B10. Supply C.C..",2200K | 2700K | 3000K | 4000K,CRI>80,Phase Dim,IP65,IK06,Black,bollard,,images/rea/rea-thumb.jpg;images/rea/rea-dimensions-l.png;images/rea/rea-dimensions-m.png;images/rea/rea-dimensions-mini-l.png;images/rea/rea-dimensions-mini-m.png,,,images/rea/rea-dimensions-l.png,L: 1W (350mA) IP65IK06 1090mm up version / 1143mm down version · M: 1W (350mA) IP65IK06 790mm up version / 843mm down version · Mini L: 1W (350mA) IP65IK06 1005mm up version / 1143mm down version · Mini M: 1W (350mA) IP65IK06 705mm up version / 843mm down version,Rea L 1W,REA631B8B.08,Black,images/rea/rea-l-black.jpg,2200K,CRI>80,Phase Dim,IP65,IK06,,C.C. (remote driver) · cable 50cm · textured finish,1W,55lm,55lm/W,360° down,Datasheet=https://www.lldlight.it/data/schede/REA%20L%20C.C..pdf;Installation=https://www.lldlight.it/data/istruzioni/Rea.pdf;LDT=https://www.lldlight.it/data/ldt/Rea.zip,,
Rea,,,,,,,,,,,,,,,,,,,,Rea L 1W,REA631B6B.08,Black,images/rea/rea-l-black.jpg,2200K,CRI>80,Phase Dim,IP65,IK06,,C.C. (remote driver) · cable 50cm · textured finish,1W,55lm,55lm/W,360° up,Datasheet=https://www.lldlight.it/data/schede/REA%20L%20C.C..pdf;Installation=https://www.lldlight.it/data/istruzioni/Rea.pdf;LDT=https://www.lldlight.it/data/ldt/Rea.zip,,
Rea,,,,,,,,,,,,,,,,,,,,Rea L 1W,REA63128B.08,Black,images/rea/rea-l-black.jpg,2700K,CRI>80,Phase Dim,IP65,IK06,,C.C. (remote driver) · cable 50cm · textured finish,1W,55lm,55lm/W,360° down,Datasheet=https://www.lldlight.it/data/schede/REA%20L%20C.C..pdf;Installation=https://www.lldlight.it/data/istruzioni/Rea.pdf;LDT=https://www.lldlight.it/data/ldt/Rea.zip,,
Rea,,,,,,,,,,,,,,,,,,,,Rea L 1W,REA63126B.08,Black,images/rea/rea-l-black.jpg,2700K,CRI>80,Phase Dim,IP65,IK06,,C.C. (remote driver) · cable 50cm · textured finish,1W,55lm,55lm/W,360° up,Datasheet=https://www.lldlight.it/data/schede/REA%20L%20C.C..pdf;Installation=https://www.lldlight.it/data/istruzioni/Rea.pdf;LDT=https://www.lldlight.it/data/ldt/Rea.zip,,
Rea,,,,,,,,,,,,,,,,,,,,Rea L 1W,REA63138B.08,Black,images/rea/rea-l-black.jpg,3000K,CRI>80,Phase Dim,IP65,IK06,,C.C. (remote driver) · cable 50cm · textured finish,1W,55lm,55lm/W,360° down,Datasheet=https://www.lldlight.it/data/schede/REA%20L%20C.C..pdf;Installation=https://www.lldlight.it/data/istruzioni/Rea.pdf;LDT=https://www.lldlight.it/data/ldt/Rea.zip,,
Rea,,,,,,,,,,,,,,,,,,,,Rea L 1W,REA63136B.08,Black,images/rea/rea-l-black.jpg,3000K,CRI>80,Phase Dim,IP65,IK06,,C.C. (remote driver) · cable 50cm · textured finish,1W,55lm,55lm/W,360° up,Datasheet=https://www.lldlight.it/data/schede/REA%20L%20C.C..pdf;Installation=https://www.lldlight.it/data/istruzioni/Rea.pdf;LDT=https://www.lldlight.it/data/ldt/Rea.zip,,
Rea,,,,,,,,,,,,,,,,,,,,Rea L 1W,REA63148B.08,Black,images/rea/rea-l-black.jpg,4000K,CRI>80,Phase Dim,IP65,IK06,,C.C. (remote driver) · cable 50cm · textured finish,1W,55lm,55lm/W,360° down,Datasheet=https://www.lldlight.it/data/schede/REA%20L%20C.C..pdf;Installation=https://www.lldlight.it/data/istruzioni/Rea.pdf;LDT=https://www.lldlight.it/data/ldt/Rea.zip,,
Rea,,,,,,,,,,,,,,,,,,,,Rea L 1W,REA63146B.08,Black,images/rea/rea-l-black.jpg,4000K,CRI>80,Phase Dim,IP65,IK06,,C.C. (remote driver) · cable 50cm · textured finish,1W,55lm,55lm/W,360° up,Datasheet=https://www.lldlight.it/data/schede/REA%20L%20C.C..pdf;Installation=https://www.lldlight.it/data/istruzioni/Rea.pdf;LDT=https://www.lldlight.it/data/ldt/Rea.zip,,
Rea,,,,,,,,,,,,,,,,,,,,Rea M 1W,REA621B8B.08,Black,images/rea/rea-m-black.jpg,2200K,CRI>80,Phase Dim,IP65,IK06,,C.C. (remote driver) · cable 50cm · textured finish,1W,55lm,55lm/W,360° down,Datasheet=https://www.lldlight.it/data/schede/REA%20M%20C.C..pdf;Installation=https://www.lldlight.it/data/istruzioni/Rea.pdf;LDT=https://www.lldlight.it/data/ldt/Rea.zip,,
Rea,,,,,,,,,,,,,,,,,,,,Rea M 1W,REA621B6B.08,Black,images/rea/rea-m-black.jpg,2200K,CRI>80,Phase Dim,IP65,IK06,,C.C. (remote driver) · cable 50cm · textured finish,1W,55lm,55lm/W,360° up,Datasheet=https://www.lldlight.it/data/schede/REA%20M%20C.C..pdf;Installation=https://www.lldlight.it/data/istruzioni/Rea.pdf;LDT=https://www.lldlight.it/data/ldt/Rea.zip,,
Rea,,,,,,,,,,,,,,,,,,,,Rea M 1W,REA62128B.08,Black,images/rea/rea-m-black.jpg,2700K,CRI>80,Phase Dim,IP65,IK06,,C.C. (remote driver) · cable 50cm · textured finish,1W,55lm,55lm/W,360° down,Datasheet=https://www.lldlight.it/data/schede/REA%20M%20C.C..pdf;Installation=https://www.lldlight.it/data/istruzioni/Rea.pdf;LDT=https://www.lldlight.it/data/ldt/Rea.zip,,
Rea,,,,,,,,,,,,,,,,,,,,Rea M 1W,REA62126B.08,Black,images/rea/rea-m-black.jpg,2700K,CRI>80,Phase Dim,IP65,IK06,,C.C. (remote driver) · cable 50cm · textured finish,1W,55lm,55lm/W,360° up,Datasheet=https://www.lldlight.it/data/schede/REA%20M%20C.C..pdf;Installation=https://www.lldlight.it/data/istruzioni/Rea.pdf;LDT=https://www.lldlight.it/data/ldt/Rea.zip,,
Rea,,,,,,,,,,,,,,,,,,,,Rea M 1W,REA62138B.08,Black,images/rea/rea-m-black.jpg,3000K,CRI>80,Phase Dim,IP65,IK06,,C.C. (remote driver) · cable 50cm · textured finish,1W,55lm,55lm/W,360° down,Datasheet=https://www.lldlight.it/data/schede/REA%20M%20C.C..pdf;Installation=https://www.lldlight.it/data/istruzioni/Rea.pdf;LDT=https://www.lldlight.it/data/ldt/Rea.zip,,
Rea,,,,,,,,,,,,,,,,,,,,Rea M 1W,REA62136B.08,Black,images/rea/rea-m-black.jpg,3000K,CRI>80,Phase Dim,IP65,IK06,,C.C. (remote driver) · cable 50cm · textured finish,1W,55lm,55lm/W,360° up,Datasheet=https://www.lldlight.it/data/schede/REA%20M%20C.C..pdf;Installation=https://www.lldlight.it/data/istruzioni/Rea.pdf;LDT=https://www.lldlight.it/data/ldt/Rea.zip,,
Rea,,,,,,,,,,,,,,,,,,,,Rea M 1W,REA62148B.08,Black,images/rea/rea-m-black.jpg,4000K,CRI>80,Phase Dim,IP65,IK06,,C.C. (remote driver) · cable 50cm · textured finish,1W,55lm,55lm/W,360° down,Datasheet=https://www.lldlight.it/data/schede/REA%20M%20C.C..pdf;Installation=https://www.lldlight.it/data/istruzioni/Rea.pdf;LDT=https://www.lldlight.it/data/ldt/Rea.zip,,
Rea,,,,,,,,,,,,,,,,,,,,Rea M 1W,REA62146B.08,Black,images/rea/rea-m-black.jpg,4000K,CRI>80,Phase Dim,IP65,IK06,,C.C. (remote driver) · cable 50cm · textured finish,1W,55lm,55lm/W,360° up,Datasheet=https://www.lldlight.it/data/schede/REA%20M%20C.C..pdf;Installation=https://www.lldlight.it/data/istruzioni/Rea.pdf;LDT=https://www.lldlight.it/data/ldt/Rea.zip,,
Rea,,,,,,,,,,,,,,,,,,,,Rea Mini L 1W,REM631B8B.08,Black,images/rea/rea-mini-l-black.jpg,2200K,CRI>80,Phase Dim,IP65,IK06,,C.C. (remote driver) · cable 50cm · textured finish,1W,55lm,55lm/W,360° down,Datasheet=https://www.lldlight.it/data/schede/REA%20MINI%20L%20C.C.pdf;Installation=https://www.lldlight.it/data/istruzioni/Rea.pdf,,
Rea,,,,,,,,,,,,,,,,,,,,Rea Mini L 1W,REM631B6B.08,Black,images/rea/rea-mini-l-black.jpg,2200K,CRI>80,Phase Dim,IP65,IK06,,C.C. (remote driver) · cable 50cm · textured finish,1W,55lm,55lm/W,360° up,Datasheet=https://www.lldlight.it/data/schede/REA%20MINI%20L%20C.C.pdf;Installation=https://www.lldlight.it/data/istruzioni/Rea.pdf,,
Rea,,,,,,,,,,,,,,,,,,,,Rea Mini L 1W,REM63128B.08,Black,images/rea/rea-mini-l-black.jpg,2700K,CRI>80,Phase Dim,IP65,IK06,,C.C. (remote driver) · cable 50cm · textured finish,1W,55lm,55lm/W,360° down,Datasheet=https://www.lldlight.it/data/schede/REA%20MINI%20L%20C.C.pdf;Installation=https://www.lldlight.it/data/istruzioni/Rea.pdf,,
Rea,,,,,,,,,,,,,,,,,,,,Rea Mini L 1W,REM63126B.08,Black,images/rea/rea-mini-l-black.jpg,2700K,CRI>80,Phase Dim,IP65,IK06,,C.C. (remote driver) · cable 50cm · textured finish,1W,55lm,55lm/W,360° up,Datasheet=https://www.lldlight.it/data/schede/REA%20MINI%20L%20C.C.pdf;Installation=https://www.lldlight.it/data/istruzioni/Rea.pdf,,
Rea,,,,,,,,,,,,,,,,,,,,Rea Mini L 1W,REM63138B.08,Black,images/rea/rea-mini-l-black.jpg,3000K,CRI>80,Phase Dim,IP65,IK06,,C.C. (remote driver) · cable 50cm · textured finish,1W,55lm,55lm/W,360° down,Datasheet=https://www.lldlight.it/data/schede/REA%20MINI%20L%20C.C.pdf;Installation=https://www.lldlight.it/data/istruzioni/Rea.pdf,,
Rea,,,,,,,,,,,,,,,,,,,,Rea Mini L 1W,REM63136B.08,Black,images/rea/rea-mini-l-black.jpg,3000K,CRI>80,Phase Dim,IP65,IK06,,C.C. (remote driver) · cable 50cm · textured finish,1W,55lm,55lm/W,360° up,Datasheet=https://www.lldlight.it/data/schede/REA%20MINI%20L%20C.C.pdf;Installation=https://www.lldlight.it/data/istruzioni/Rea.pdf,,
Rea,,,,,,,,,,,,,,,,,,,,Rea Mini L 1W,REM63148B.08,Black,images/rea/rea-mini-l-black.jpg,4000K,CRI>80,Phase Dim,IP65,IK06,,C.C. (remote driver) · cable 50cm · textured finish,1W,55lm,55lm/W,360° down,Datasheet=https://www.lldlight.it/data/schede/REA%20MINI%20L%20C.C.pdf;Installation=https://www.lldlight.it/data/istruzioni/Rea.pdf,,
Rea,,,,,,,,,,,,,,,,,,,,Rea Mini L 1W,REM63146B.08,Black,images/rea/rea-mini-l-black.jpg,4000K,CRI>80,Phase Dim,IP65,IK06,,C.C. (remote driver) · cable 50cm · textured finish,1W,55lm,55lm/W,360° up,Datasheet=https://www.lldlight.it/data/schede/REA%20MINI%20L%20C.C.pdf;Installation=https://www.lldlight.it/data/istruzioni/Rea.pdf,,
Rea,,,,,,,,,,,,,,,,,,,,Rea Mini M 1W,REM621B8B.08,Black,images/rea/rea-mini-m-black.jpg,2200K,CRI>80,Phase Dim,IP65,IK06,,C.C. (remote driver) · cable 50cm · textured finish,1W,55lm,55lm/W,360° down,Datasheet=https://www.lldlight.it/data/schede/REA%20MINI%20M%20C.C.pdf;Installation=https://www.lldlight.it/data/istruzioni/Rea.pdf,,
Rea,,,,,,,,,,,,,,,,,,,,Rea Mini M 1W,REM621B6B.08,Black,images/rea/rea-mini-m-black.jpg,2200K,CRI>80,Phase Dim,IP65,IK06,,C.C. (remote driver) · cable 50cm · textured finish,1W,55lm,55lm/W,360° up,Datasheet=https://www.lldlight.it/data/schede/REA%20MINI%20M%20C.C.pdf;Installation=https://www.lldlight.it/data/istruzioni/Rea.pdf,,
Rea,,,,,,,,,,,,,,,,,,,,Rea Mini M 1W,REM62128B.08,Black,images/rea/rea-mini-m-black.jpg,2700K,CRI>80,Phase Dim,IP65,IK06,,C.C. (remote driver) · cable 50cm · textured finish,1W,55lm,55lm/W,360° down,Datasheet=https://www.lldlight.it/data/schede/REA%20MINI%20M%20C.C.pdf;Installation=https://www.lldlight.it/data/istruzioni/Rea.pdf,,
Rea,,,,,,,,,,,,,,,,,,,,Rea Mini M 1W,REM62126B.08,Black,images/rea/rea-mini-m-black.jpg,2700K,CRI>80,Phase Dim,IP65,IK06,,C.C. (remote driver) · cable 50cm · textured finish,1W,55lm,55lm/W,360° up,Datasheet=https://www.lldlight.it/data/schede/REA%20MINI%20M%20C.C.pdf;Installation=https://www.lldlight.it/data/istruzioni/Rea.pdf,,
Rea,,,,,,,,,,,,,,,,,,,,Rea Mini M 1W,REM62138B.08,Black,images/rea/rea-mini-m-black.jpg,3000K,CRI>80,Phase Dim,IP65,IK06,,C.C. (remote driver) · cable 50cm · textured finish,1W,55lm,55lm/W,360° down,Datasheet=https://www.lldlight.it/data/schede/REA%20MINI%20M%20C.C.pdf;Installation=https://www.lldlight.it/data/istruzioni/Rea.pdf,,
Rea,,,,,,,,,,,,,,,,,,,,Rea Mini M 1W,REM62136B.08,Black,images/rea/rea-mini-m-black.jpg,3000K,CRI>80,Phase Dim,IP65,IK06,,C.C. (remote driver) · cable 50cm · textured finish,1W,55lm,55lm/W,360° up,Datasheet=https://www.lldlight.it/data/schede/REA%20MINI%20M%20C.C.pdf;Installation=https://www.lldlight.it/data/istruzioni/Rea.pdf,,
Rea,,,,,,,,,,,,,,,,,,,,Rea Mini M 1W,REM62148B.08,Black,images/rea/rea-mini-m-black.jpg,4000K,CRI>80,Phase Dim,IP65,IK06,,C.C. (remote driver) · cable 50cm · textured finish,1W,55lm,55lm/W,360° down,Datasheet=https://www.lldlight.it/data/schede/REA%20MINI%20M%20C.C.pdf;Installation=https://www.lldlight.it/data/istruzioni/Rea.pdf,,
Rea,,,,,,,,,,,,,,,,,,,,Rea Mini M 1W,REM62146B.08,Black,images/rea/rea-mini-m-black.jpg,4000K,CRI>80,Phase Dim,IP65,IK06,,C.C. (remote driver) · cable 50cm · textured finish,1W,55lm,55lm/W,360° up,Datasheet=https://www.lldlight.it/data/schede/REA%20MINI%20M%20C.C.pdf;Installation=https://www.lldlight.it/data/istruzioni/Rea.pdf,,
Scilla Recessed,LLD Light,Exterior,Bollard,Outdoor bollard · 4 sizes,"Scilla Recessed is an outdoor bollard in 4 heights and sizes, running on mains 230V. It comes in a textured black finish, with diffused light, in 2200K, 2700K, 3000K, 4000K. Recessed in the ground with formwork (not included), self-tapping screws (included), manually adjustable stems.","Outdoor bollard. Anticorodal aluminium bodies and base, flexible annealed copper stems, sandblasted PMMA diffusers. IP67. CRI >80. 3-step MacAdam. Lifetime 50,000h L80 B10. Supply 230Vac.",2200K | 2700K | 3000K | 4000K,CRI>80,Phase Dim,IP67,,Black,bollard,,images/scilla-recessed/scilla-recessed-thumb.jpg;images/scilla-recessed/scilla-recessed-dimensions-l.png;images/scilla-recessed/scilla-recessed-dimensions-m.png;images/scilla-recessed/scilla-recessed-dimensions-s.png;images/scilla-recessed/scilla-recessed-dimensions-xl.png,,,images/scilla-recessed/scilla-recessed-dimensions-l.png,"L: 10W · M: 7,5W · S: 4W · Xl: 14W",Scilla Recessed L 10W,SCR133B4B.08L2,Black,images/scilla-recessed/scilla-recessed-l-black.jpg,2200K,CRI>80,Phase Dim,IP67,,,230Vac · cable 50cm · stem 1000mm · textured finish,10W,440lm,44lm/W,Diffused,,,
Scilla Recessed,,,,,,,,,,,,,,,,,,,,Scilla Recessed L 10W,SCR133B4B.08L3,Black,images/scilla-recessed/scilla-recessed-l-black.jpg,2200K,CRI>80,Phase Dim,IP67,,,230Vac · cable 50cm · stem 1500mm · textured finish,10W,440lm,44lm/W,Diffused,,,
Scilla Recessed,,,,,,,,,,,,,,,,,,,,Scilla Recessed L 10W,SCR133B4B.08L1,Black,images/scilla-recessed/scilla-recessed-l-black.jpg,2200K,CRI>80,Phase Dim,IP67,,,230Vac · cable 50cm · stem 500mm · textured finish,10W,440lm,44lm/W,Diffused,,,
Scilla Recessed,,,,,,,,,,,,,,,,,,,,Scilla Recessed L 10W,SCR13324B.08L2,Black,images/scilla-recessed/scilla-recessed-l-black.jpg,2700K,CRI>80,Phase Dim,IP67,,,230Vac · cable 50cm · stem 1000mm · textured finish,10W,440lm,44lm/W,Diffused,,,
Scilla Recessed,,,,,,,,,,,,,,,,,,,,Scilla Recessed L 10W,SCR13324B.08L3,Black,images/scilla-recessed/scilla-recessed-l-black.jpg,2700K,CRI>80,Phase Dim,IP67,,,230Vac · cable 50cm · stem 1500mm · textured finish,10W,440lm,44lm/W,Diffused,,,
Scilla Recessed,,,,,,,,,,,,,,,,,,,,Scilla Recessed L 10W,SCR13324B.08L1,Black,images/scilla-recessed/scilla-recessed-l-black.jpg,2700K,CRI>80,Phase Dim,IP67,,,230Vac · cable 50cm · stem 500mm · textured finish,10W,440lm,44lm/W,Diffused,,,
Scilla Recessed,,,,,,,,,,,,,,,,,,,,Scilla Recessed L 10W,SCR13334B.08L2,Black,images/scilla-recessed/scilla-recessed-l-black.jpg,3000K,CRI>80,Phase Dim,IP67,,,230Vac · cable 50cm · stem 1000mm · textured finish,10W,440lm,44lm/W,Diffused,,,
Scilla Recessed,,,,,,,,,,,,,,,,,,,,Scilla Recessed L 10W,SCR13334B.08L3,Black,images/scilla-recessed/scilla-recessed-l-black.jpg,3000K,CRI>80,Phase Dim,IP67,,,230Vac · cable 50cm · stem 1500mm · textured finish,10W,440lm,44lm/W,Diffused,,,
Scilla Recessed,,,,,,,,,,,,,,,,,,,,Scilla Recessed L 10W,SCR13334B.08L1,Black,images/scilla-recessed/scilla-recessed-l-black.jpg,3000K,CRI>80,Phase Dim,IP67,,,230Vac · cable 50cm · stem 500mm · textured finish,10W,440lm,44lm/W,Diffused,,,
Scilla Recessed,,,,,,,,,,,,,,,,,,,,Scilla Recessed L 10W,SCR13344B.08L2,Black,images/scilla-recessed/scilla-recessed-l-black.jpg,4000K,CRI>80,Phase Dim,IP67,,,230Vac · cable 50cm · stem 1000mm · textured finish,10W,440lm,44lm/W,Diffused,,,
Scilla Recessed,,,,,,,,,,,,,,,,,,,,Scilla Recessed L 10W,SCR13344B.08L3,Black,images/scilla-recessed/scilla-recessed-l-black.jpg,4000K,CRI>80,Phase Dim,IP67,,,230Vac · cable 50cm · stem 1500mm · textured finish,10W,440lm,44lm/W,Diffused,,,
Scilla Recessed,,,,,,,,,,,,,,,,,,,,Scilla Recessed L 10W,SCR13344B.08L1,Black,images/scilla-recessed/scilla-recessed-l-black.jpg,4000K,CRI>80,Phase Dim,IP67,,,230Vac · cable 50cm · stem 500mm · textured finish,10W,440lm,44lm/W,Diffused,,,
Scilla Recessed,,,,,,,,,,,,,,,,,,,,Scilla Recessed M 7.5W,SCR123B4B.08L2,Black,images/scilla-recessed/scilla-recessed-l-black.jpg,2200K,CRI>80,Phase Dim,IP67,,,230Vac · cable 50cm · stem 1000mm · textured finish,7.5W,330lm,44lm/W,Diffused,,,
Scilla Recessed,,,,,,,,,,,,,,,,,,,,Scilla Recessed M 7.5W,SCR123B4B.08L3,Black,images/scilla-recessed/scilla-recessed-l-black.jpg,2200K,CRI>80,Phase Dim,IP67,,,230Vac · cable 50cm · stem 1500mm · textured finish,7.5W,330lm,44lm/W,Diffused,,,
Scilla Recessed,,,,,,,,,,,,,,,,,,,,Scilla Recessed M 7.5W,SCR123B4B.08L1,Black,images/scilla-recessed/scilla-recessed-l-black.jpg,2200K,CRI>80,Phase Dim,IP67,,,230Vac · cable 50cm · stem 500mm · textured finish,7.5W,330lm,44lm/W,Diffused,,,
Scilla Recessed,,,,,,,,,,,,,,,,,,,,Scilla Recessed M 7.5W,SCR12324B.08L2,Black,images/scilla-recessed/scilla-recessed-l-black.jpg,2700K,CRI>80,Phase Dim,IP67,,,230Vac · cable 50cm · stem 1000mm · textured finish,7.5W,330lm,44lm/W,Diffused,,,
Scilla Recessed,,,,,,,,,,,,,,,,,,,,Scilla Recessed M 7.5W,SCR12324B.08L3,Black,images/scilla-recessed/scilla-recessed-l-black.jpg,2700K,CRI>80,Phase Dim,IP67,,,230Vac · cable 50cm · stem 1500mm · textured finish,7.5W,330lm,44lm/W,Diffused,,,
Scilla Recessed,,,,,,,,,,,,,,,,,,,,Scilla Recessed M 7.5W,SCR12324B.08L1,Black,images/scilla-recessed/scilla-recessed-l-black.jpg,2700K,CRI>80,Phase Dim,IP67,,,230Vac · cable 50cm · stem 500mm · textured finish,7.5W,330lm,44lm/W,Diffused,,,
Scilla Recessed,,,,,,,,,,,,,,,,,,,,Scilla Recessed M 7.5W,SCR12334B.08L2,Black,images/scilla-recessed/scilla-recessed-l-black.jpg,3000K,CRI>80,Phase Dim,IP67,,,230Vac · cable 50cm · stem 1000mm · textured finish,7.5W,330lm,44lm/W,Diffused,,,
Scilla Recessed,,,,,,,,,,,,,,,,,,,,Scilla Recessed M 7.5W,SCR12334B.08L3,Black,images/scilla-recessed/scilla-recessed-l-black.jpg,3000K,CRI>80,Phase Dim,IP67,,,230Vac · cable 50cm · stem 1500mm · textured finish,7.5W,330lm,44lm/W,Diffused,,,
Scilla Recessed,,,,,,,,,,,,,,,,,,,,Scilla Recessed M 7.5W,SCR12334B.08L1,Black,images/scilla-recessed/scilla-recessed-l-black.jpg,3000K,CRI>80,Phase Dim,IP67,,,230Vac · cable 50cm · stem 500mm · textured finish,7.5W,330lm,44lm/W,Diffused,,,
Scilla Recessed,,,,,,,,,,,,,,,,,,,,Scilla Recessed M 7.5W,SCR12344B.08L2,Black,images/scilla-recessed/scilla-recessed-l-black.jpg,4000K,CRI>80,Phase Dim,IP67,,,230Vac · cable 50cm · stem 1000mm · textured finish,7.5W,330lm,44lm/W,Diffused,,,
Scilla Recessed,,,,,,,,,,,,,,,,,,,,Scilla Recessed M 7.5W,SCR12344B.08L3,Black,images/scilla-recessed/scilla-recessed-l-black.jpg,4000K,CRI>80,Phase Dim,IP67,,,230Vac · cable 50cm · stem 1500mm · textured finish,7.5W,330lm,44lm/W,Diffused,,,
Scilla Recessed,,,,,,,,,,,,,,,,,,,,Scilla Recessed M 7.5W,SCR12344B.08L1,Black,images/scilla-recessed/scilla-recessed-l-black.jpg,4000K,CRI>80,Phase Dim,IP67,,,230Vac · cable 50cm · stem 500mm · textured finish,7.5W,330lm,44lm/W,Diffused,,,
Scilla Recessed,,,,,,,,,,,,,,,,,,,,Scilla Recessed S 4W,SCR113B4B.08L2,Black,images/scilla-recessed/scilla-recessed-l-black.jpg,2200K,CRI>80,Phase Dim,IP67,,,230Vac · cable 50cm · stem 1000mm · textured finish,4W,165lm,41lm/W,Diffused,,,
Scilla Recessed,,,,,,,,,,,,,,,,,,,,Scilla Recessed S 4W,SCR113B4B.08L3,Black,images/scilla-recessed/scilla-recessed-l-black.jpg,2200K,CRI>80,Phase Dim,IP67,,,230Vac · cable 50cm · stem 1500mm · textured finish,4W,165lm,41lm/W,Diffused,,,
Scilla Recessed,,,,,,,,,,,,,,,,,,,,Scilla Recessed S 4W,SCR113B4B.08L1,Black,images/scilla-recessed/scilla-recessed-l-black.jpg,2200K,CRI>80,Phase Dim,IP67,,,230Vac · cable 50cm · stem 500mm · textured finish,4W,165lm,41lm/W,Diffused,,,
Scilla Recessed,,,,,,,,,,,,,,,,,,,,Scilla Recessed S 4W,SCR11324B.08L2,Black,images/scilla-recessed/scilla-recessed-l-black.jpg,2700K,CRI>80,Phase Dim,IP67,,,230Vac · cable 50cm · stem 1000mm · textured finish,4W,165lm,41lm/W,Diffused,,,
Scilla Recessed,,,,,,,,,,,,,,,,,,,,Scilla Recessed S 4W,SCR11324B.08L3,Black,images/scilla-recessed/scilla-recessed-l-black.jpg,2700K,CRI>80,Phase Dim,IP67,,,230Vac · cable 50cm · stem 1500mm · textured finish,4W,165lm,41lm/W,Diffused,,,
Scilla Recessed,,,,,,,,,,,,,,,,,,,,Scilla Recessed S 4W,SCR11324B.08L1,Black,images/scilla-recessed/scilla-recessed-l-black.jpg,2700K,CRI>80,Phase Dim,IP67,,,230Vac · cable 50cm · stem 500mm · textured finish,4W,165lm,41lm/W,Diffused,,,
Scilla Recessed,,,,,,,,,,,,,,,,,,,,Scilla Recessed S 4W,SCR11334B.08L2,Black,images/scilla-recessed/scilla-recessed-l-black.jpg,3000K,CRI>80,Phase Dim,IP67,,,230Vac · cable 50cm · stem 1000mm · textured finish,4W,165lm,41lm/W,Diffused,,,
Scilla Recessed,,,,,,,,,,,,,,,,,,,,Scilla Recessed S 4W,SCR11334B.08L3,Black,images/scilla-recessed/scilla-recessed-l-black.jpg,3000K,CRI>80,Phase Dim,IP67,,,230Vac · cable 50cm · stem 1500mm · textured finish,4W,165lm,41lm/W,Diffused,,,
Scilla Recessed,,,,,,,,,,,,,,,,,,,,Scilla Recessed S 4W,SCR11334B.08L1,Black,images/scilla-recessed/scilla-recessed-l-black.jpg,3000K,CRI>80,Phase Dim,IP67,,,230Vac · cable 50cm · stem 500mm · textured finish,4W,165lm,41lm/W,Diffused,,,
Scilla Recessed,,,,,,,,,,,,,,,,,,,,Scilla Recessed S 4W,SCR11344B.08L2,Black,images/scilla-recessed/scilla-recessed-l-black.jpg,4000K,CRI>80,Phase Dim,IP67,,,230Vac · cable 50cm · stem 1000mm · textured finish,4W,165lm,41lm/W,Diffused,,,
Scilla Recessed,,,,,,,,,,,,,,,,,,,,Scilla Recessed S 4W,SCR11344B.08L3,Black,images/scilla-recessed/scilla-recessed-l-black.jpg,4000K,CRI>80,Phase Dim,IP67,,,230Vac · cable 50cm · stem 1500mm · textured finish,4W,165lm,41lm/W,Diffused,,,
Scilla Recessed,,,,,,,,,,,,,,,,,,,,Scilla Recessed S 4W,SCR11344B.08L1,Black,images/scilla-recessed/scilla-recessed-l-black.jpg,4000K,CRI>80,Phase Dim,IP67,,,230Vac · cable 50cm · stem 500mm · textured finish,4W,165lm,41lm/W,Diffused,,,
Scilla Recessed,,,,,,,,,,,,,,,,,,,,Scilla Recessed Xl 14W,SCR143B4B.08L2,Black,images/scilla-recessed/scilla-recessed-l-black.jpg,2200K,CRI>80,Phase Dim,IP67,,,230Vac · cable 50cm · stem 1000mm · textured finish,14W,660lm,47lm/W,Diffused,,,
Scilla Recessed,,,,,,,,,,,,,,,,,,,,Scilla Recessed Xl 14W,SCR143B4B.08L3,Black,images/scilla-recessed/scilla-recessed-l-black.jpg,2200K,CRI>80,Phase Dim,IP67,,,230Vac · cable 50cm · stem 1500mm · textured finish,14W,660lm,47lm/W,Diffused,,,
Scilla Recessed,,,,,,,,,,,,,,,,,,,,Scilla Recessed Xl 14W,SCR143B4B.08L1,Black,images/scilla-recessed/scilla-recessed-l-black.jpg,2200K,CRI>80,Phase Dim,IP67,,,230Vac · cable 50cm · stem 500mm · textured finish,14W,660lm,47lm/W,Diffused,,,
Scilla Recessed,,,,,,,,,,,,,,,,,,,,Scilla Recessed Xl 14W,SCR14324B.08L2,Black,images/scilla-recessed/scilla-recessed-l-black.jpg,2700K,CRI>80,Phase Dim,IP67,,,230Vac · cable 50cm · stem 1000mm · textured finish,14W,660lm,47lm/W,Diffused,,,
Scilla Recessed,,,,,,,,,,,,,,,,,,,,Scilla Recessed Xl 14W,SCR14324B.08L3,Black,images/scilla-recessed/scilla-recessed-l-black.jpg,2700K,CRI>80,Phase Dim,IP67,,,230Vac · cable 50cm · stem 1500mm · textured finish,14W,660lm,47lm/W,Diffused,,,
Scilla Recessed,,,,,,,,,,,,,,,,,,,,Scilla Recessed Xl 14W,SCR14324B.08L1,Black,images/scilla-recessed/scilla-recessed-l-black.jpg,2700K,CRI>80,Phase Dim,IP67,,,230Vac · cable 50cm · stem 500mm · textured finish,14W,660lm,47lm/W,Diffused,,,
Scilla Recessed,,,,,,,,,,,,,,,,,,,,Scilla Recessed Xl 14W,SCR14334B.08L2,Black,images/scilla-recessed/scilla-recessed-l-black.jpg,3000K,CRI>80,Phase Dim,IP67,,,230Vac · cable 50cm · stem 1000mm · textured finish,14W,660lm,47lm/W,Diffused,,,
Scilla Recessed,,,,,,,,,,,,,,,,,,,,Scilla Recessed Xl 14W,SCR14334B.08L3,Black,images/scilla-recessed/scilla-recessed-l-black.jpg,3000K,CRI>80,Phase Dim,IP67,,,230Vac · cable 50cm · stem 1500mm · textured finish,14W,660lm,47lm/W,Diffused,,,
Scilla Recessed,,,,,,,,,,,,,,,,,,,,Scilla Recessed Xl 14W,SCR14334B.08L1,Black,images/scilla-recessed/scilla-recessed-l-black.jpg,3000K,CRI>80,Phase Dim,IP67,,,230Vac · cable 50cm · stem 500mm · textured finish,14W,660lm,47lm/W,Diffused,,,
Scilla Recessed,,,,,,,,,,,,,,,,,,,,Scilla Recessed Xl 14W,SCR14344B.08L2,Black,images/scilla-recessed/scilla-recessed-l-black.jpg,4000K,CRI>80,Phase Dim,IP67,,,230Vac · cable 50cm · stem 1000mm · textured finish,14W,660lm,47lm/W,Diffused,,,
Scilla Recessed,,,,,,,,,,,,,,,,,,,,Scilla Recessed Xl 14W,SCR14344B.08L3,Black,images/scilla-recessed/scilla-recessed-l-black.jpg,4000K,CRI>80,Phase Dim,IP67,,,230Vac · cable 50cm · stem 1500mm · textured finish,14W,660lm,47lm/W,Diffused,,,
Scilla Recessed,,,,,,,,,,,,,,,,,,,,Scilla Recessed Xl 14W,SCR14344B.08L1,Black,images/scilla-recessed/scilla-recessed-l-black.jpg,4000K,CRI>80,Phase Dim,IP67,,,230Vac · cable 50cm · stem 500mm · textured finish,14W,660lm,47lm/W,Diffused,,,
Selva,LLD Light,Exterior,Bollard,Outdoor bollard · 2 sizes,"Selva is an outdoor bollard in 2 heights and sizes, running on mains 230V. It comes in a textured black finish, with 180°, 360° light, in 2200K, 2700K, 3000K, 4000K. On the ground with base and screws (included).","Outdoor bollard. Anticorodal aluminum body and base Screen-printed tempered glass. IP65. IK09. CRI >80. 3-step MacAdam. Lifetime 50,000h L80 B10. Supply 230Vac.",2200K | 2700K | 3000K | 4000K,CRI>80,On/Off | Push Dim | DALI,IP65,IK09,Black,bollard,,images/selva/selva-thumb.jpg;images/selva/selva-dimensions-l.png;images/selva/selva-dimensions-m.png,,,images/selva/selva-dimensions-l.png,L: 11W (180° optics)//20W(360° optics) IP65IK09 980mm · M: 11W (180° optics)//20W(360° optics) IP65IK09 680mm,Selva L 11W,SEB633B5B.08,Black,images/selva/selva-l-black.jpg,2200K,CRI>80,On/Off,IP65,IK09,,230Vac · cable 50cm · textured finish,11W,806lm,73lm/W,180°,,,
Selva,,,,,,,,,,,,,,,,,,,,Selva L 11W,SEB633B5B.08D1,Black,images/selva/selva-l-black.jpg,2200K,CRI>80,Push Dim,IP65,IK09,,230Vac · cable 50cm · textured finish,11W,806lm,73lm/W,180°,,,
Selva,,,,,,,,,,,,,,,,,,,,Selva L 11W,SEB633B5B.08D3,Black,images/selva/selva-l-black.jpg,2200K,CRI>80,DALI,IP65,IK09,,230Vac · cable 50cm · textured finish,11W,806lm,73lm/W,180°,,,
Selva,,,,,,,,,,,,,,,,,,,,Selva L 20W,SEB633B6B.08,Black,images/selva/selva-l-black.jpg,2200K,CRI>80,On/Off,IP65,IK09,,230Vac · cable 50cm · textured finish,20W,1612lm,81lm/W,360°,,,
Selva,,,,,,,,,,,,,,,,,,,,Selva L 20W,SEB633B6B.08D1,Black,images/selva/selva-l-black.jpg,2200K,CRI>80,Push Dim,IP65,IK09,,230Vac · cable 50cm · textured finish,20W,1612lm,81lm/W,360°,,,
Selva,,,,,,,,,,,,,,,,,,,,Selva L 20W,SEB633B6B.08D3,Black,images/selva/selva-l-black.jpg,2200K,CRI>80,DALI,IP65,IK09,,230Vac · cable 50cm · textured finish,20W,1612lm,81lm/W,360°,,,
Selva,,,,,,,,,,,,,,,,,,,,Selva L 11W,SEB63325B.08,Black,images/selva/selva-l-black.jpg,2700K,CRI>80,On/Off,IP65,IK09,,230Vac · cable 50cm · textured finish,11W,806lm,73lm/W,180°,,,
Selva,,,,,,,,,,,,,,,,,,,,Selva L 11W,SEB63325B.08D1,Black,images/selva/selva-l-black.jpg,2700K,CRI>80,Push Dim,IP65,IK09,,230Vac · cable 50cm · textured finish,11W,806lm,73lm/W,180°,,,
Selva,,,,,,,,,,,,,,,,,,,,Selva L 11W,SEB63325B.08D3,Black,images/selva/selva-l-black.jpg,2700K,CRI>80,DALI,IP65,IK09,,230Vac · cable 50cm · textured finish,11W,806lm,73lm/W,180°,,,
Selva,,,,,,,,,,,,,,,,,,,,Selva L 20W,SEB63326B.08,Black,images/selva/selva-l-black.jpg,2700K,CRI>80,On/Off,IP65,IK09,,230Vac · cable 50cm · textured finish,20W,1612lm,81lm/W,360°,,,
Selva,,,,,,,,,,,,,,,,,,,,Selva L 20W,SEB63326B.08D1,Black,images/selva/selva-l-black.jpg,2700K,CRI>80,Push Dim,IP65,IK09,,230Vac · cable 50cm · textured finish,20W,1612lm,81lm/W,360°,,,
Selva,,,,,,,,,,,,,,,,,,,,Selva L 20W,SEB63326B.08D3,Black,images/selva/selva-l-black.jpg,2700K,CRI>80,DALI,IP65,IK09,,230Vac · cable 50cm · textured finish,20W,1612lm,81lm/W,360°,,,
Selva,,,,,,,,,,,,,,,,,,,,Selva L 11W,SEB63335B.08,Black,images/selva/selva-l-black.jpg,3000K,CRI>80,On/Off,IP65,IK09,,230Vac · cable 50cm · textured finish,11W,806lm,73lm/W,180°,,,
Selva,,,,,,,,,,,,,,,,,,,,Selva L 11W,SEB63335B.08D1,Black,images/selva/selva-l-black.jpg,3000K,CRI>80,Push Dim,IP65,IK09,,230Vac · cable 50cm · textured finish,11W,806lm,73lm/W,180°,,,
Selva,,,,,,,,,,,,,,,,,,,,Selva L 11W,SEB63335B.08D3,Black,images/selva/selva-l-black.jpg,3000K,CRI>80,DALI,IP65,IK09,,230Vac · cable 50cm · textured finish,11W,806lm,73lm/W,180°,,,
Selva,,,,,,,,,,,,,,,,,,,,Selva L 20W,SEB63336B.08,Black,images/selva/selva-l-black.jpg,3000K,CRI>80,On/Off,IP65,IK09,,230Vac · cable 50cm · textured finish,20W,1612lm,81lm/W,360°,,,
Selva,,,,,,,,,,,,,,,,,,,,Selva L 20W,SEB63336B.08D1,Black,images/selva/selva-l-black.jpg,3000K,CRI>80,Push Dim,IP65,IK09,,230Vac · cable 50cm · textured finish,20W,1612lm,81lm/W,360°,,,
Selva,,,,,,,,,,,,,,,,,,,,Selva L 20W,SEB63336B.08D3,Black,images/selva/selva-l-black.jpg,3000K,CRI>80,DALI,IP65,IK09,,230Vac · cable 50cm · textured finish,20W,1612lm,81lm/W,360°,,,
Selva,,,,,,,,,,,,,,,,,,,,Selva L 11W,SEB63345B.08,Black,images/selva/selva-l-black.jpg,4000K,CRI>80,On/Off,IP65,IK09,,230Vac · cable 50cm · textured finish,11W,806lm,73lm/W,180°,,,
Selva,,,,,,,,,,,,,,,,,,,,Selva L 11W,SEB63345B.08D1,Black,images/selva/selva-l-black.jpg,4000K,CRI>80,Push Dim,IP65,IK09,,230Vac · cable 50cm · textured finish,11W,806lm,73lm/W,180°,,,
Selva,,,,,,,,,,,,,,,,,,,,Selva L 11W,SEB63345B.08D3,Black,images/selva/selva-l-black.jpg,4000K,CRI>80,DALI,IP65,IK09,,230Vac · cable 50cm · textured finish,11W,806lm,73lm/W,180°,,,
Selva,,,,,,,,,,,,,,,,,,,,Selva L 20W,SEB63346B.08,Black,images/selva/selva-l-black.jpg,4000K,CRI>80,On/Off,IP65,IK09,,230Vac · cable 50cm · textured finish,20W,1612lm,81lm/W,360°,,,
Selva,,,,,,,,,,,,,,,,,,,,Selva L 20W,SEB63346B.08D1,Black,images/selva/selva-l-black.jpg,4000K,CRI>80,Push Dim,IP65,IK09,,230Vac · cable 50cm · textured finish,20W,1612lm,81lm/W,360°,,,
Selva,,,,,,,,,,,,,,,,,,,,Selva L 20W,SEB63346B.08D3,Black,images/selva/selva-l-black.jpg,4000K,CRI>80,DALI,IP65,IK09,,230Vac · cable 50cm · textured finish,20W,1612lm,81lm/W,360°,,,
Selva,,,,,,,,,,,,,,,,,,,,Selva M 11W,SEB623B5B.08,Black,images/selva/selva-m-black.jpg,2200K,CRI>80,On/Off,IP65,IK09,,230Vac · cable 50cm · textured finish,11W,806lm,73lm/W,180°,,,
Selva,,,,,,,,,,,,,,,,,,,,Selva M 11W,SEB623B5B.08D1,Black,images/selva/selva-m-black.jpg,2200K,CRI>80,Push Dim,IP65,IK09,,230Vac · cable 50cm · textured finish,11W,806lm,73lm/W,180°,,,
Selva,,,,,,,,,,,,,,,,,,,,Selva M 11W,SEB623B5B.08D3,Black,images/selva/selva-m-black.jpg,2200K,CRI>80,DALI,IP65,IK09,,230Vac · cable 50cm · textured finish,11W,806lm,73lm/W,180°,,,
Selva,,,,,,,,,,,,,,,,,,,,Selva M 20W,SEB623B6B.08,Black,images/selva/selva-m-black.jpg,2200K,CRI>80,On/Off,IP65,IK09,,230Vac · cable 50cm · textured finish,20W,1612lm,81lm/W,360°,,,
Selva,,,,,,,,,,,,,,,,,,,,Selva M 20W,SEB623B6B.08D1,Black,images/selva/selva-m-black.jpg,2200K,CRI>80,Push Dim,IP65,IK09,,230Vac · cable 50cm · textured finish,20W,1612lm,81lm/W,360°,,,
Selva,,,,,,,,,,,,,,,,,,,,Selva M 20W,SEB623B6B.08D3,Black,images/selva/selva-m-black.jpg,2200K,CRI>80,DALI,IP65,IK09,,230Vac · cable 50cm · textured finish,20W,1612lm,81lm/W,360°,,,
Selva,,,,,,,,,,,,,,,,,,,,Selva M 11W,SEB62325B.08,Black,images/selva/selva-m-black.jpg,2700K,CRI>80,On/Off,IP65,IK09,,230Vac · cable 50cm · textured finish,11W,806lm,73lm/W,180°,,,
Selva,,,,,,,,,,,,,,,,,,,,Selva M 11W,SEB62325B.08D1,Black,images/selva/selva-m-black.jpg,2700K,CRI>80,Push Dim,IP65,IK09,,230Vac · cable 50cm · textured finish,11W,806lm,73lm/W,180°,,,
Selva,,,,,,,,,,,,,,,,,,,,Selva M 11W,SEB62325B.08D3,Black,images/selva/selva-m-black.jpg,2700K,CRI>80,DALI,IP65,IK09,,230Vac · cable 50cm · textured finish,11W,806lm,73lm/W,180°,,,
Selva,,,,,,,,,,,,,,,,,,,,Selva M 20W,SEB62326B.08,Black,images/selva/selva-m-black.jpg,2700K,CRI>80,On/Off,IP65,IK09,,230Vac · cable 50cm · textured finish,20W,1612lm,81lm/W,360°,,,
Selva,,,,,,,,,,,,,,,,,,,,Selva M 20W,SEB62326B.08D1,Black,images/selva/selva-m-black.jpg,2700K,CRI>80,Push Dim,IP65,IK09,,230Vac · cable 50cm · textured finish,20W,1612lm,81lm/W,360°,,,
Selva,,,,,,,,,,,,,,,,,,,,Selva M 20W,SEB62326B.08D3,Black,images/selva/selva-m-black.jpg,2700K,CRI>80,DALI,IP65,IK09,,230Vac · cable 50cm · textured finish,20W,1612lm,81lm/W,360°,,,
Selva,,,,,,,,,,,,,,,,,,,,Selva M 11W,SEB62335B.08,Black,images/selva/selva-m-black.jpg,3000K,CRI>80,On/Off,IP65,IK09,,230Vac · cable 50cm · textured finish,11W,806lm,73lm/W,180°,,,
Selva,,,,,,,,,,,,,,,,,,,,Selva M 11W,SEB62335B.08D1,Black,images/selva/selva-m-black.jpg,3000K,CRI>80,Push Dim,IP65,IK09,,230Vac · cable 50cm · textured finish,11W,806lm,73lm/W,180°,,,
Selva,,,,,,,,,,,,,,,,,,,,Selva M 11W,SEB62335B.08D3,Black,images/selva/selva-m-black.jpg,3000K,CRI>80,DALI,IP65,IK09,,230Vac · cable 50cm · textured finish,11W,806lm,73lm/W,180°,,,
Selva,,,,,,,,,,,,,,,,,,,,Selva M 20W,SEB62336B.08,Black,images/selva/selva-m-black.jpg,3000K,CRI>80,On/Off,IP65,IK09,,230Vac · cable 50cm · textured finish,20W,1612lm,81lm/W,360°,,,
Selva,,,,,,,,,,,,,,,,,,,,Selva M 20W,SEB62336B.08D1,Black,images/selva/selva-m-black.jpg,3000K,CRI>80,Push Dim,IP65,IK09,,230Vac · cable 50cm · textured finish,20W,1612lm,81lm/W,360°,,,
Selva,,,,,,,,,,,,,,,,,,,,Selva M 20W,SEB62336B.08D3,Black,images/selva/selva-m-black.jpg,3000K,CRI>80,DALI,IP65,IK09,,230Vac · cable 50cm · textured finish,20W,1612lm,81lm/W,360°,,,
Selva,,,,,,,,,,,,,,,,,,,,Selva M 11W,SEB62345B.08,Black,images/selva/selva-m-black.jpg,4000K,CRI>80,On/Off,IP65,IK09,,230Vac · cable 50cm · textured finish,11W,806lm,73lm/W,180°,,,
Selva,,,,,,,,,,,,,,,,,,,,Selva M 11W,SEB62345B.08D1,Black,images/selva/selva-m-black.jpg,4000K,CRI>80,Push Dim,IP65,IK09,,230Vac · cable 50cm · textured finish,11W,806lm,73lm/W,180°,,,
Selva,,,,,,,,,,,,,,,,,,,,Selva M 11W,SEB62345B.08D3,Black,images/selva/selva-m-black.jpg,4000K,CRI>80,DALI,IP65,IK09,,230Vac · cable 50cm · textured finish,11W,806lm,73lm/W,180°,,,
Selva,,,,,,,,,,,,,,,,,,,,Selva M 20W,SEB62346B.08,Black,images/selva/selva-m-black.jpg,4000K,CRI>80,On/Off,IP65,IK09,,230Vac · cable 50cm · textured finish,20W,1612lm,81lm/W,360°,,,
Selva,,,,,,,,,,,,,,,,,,,,Selva M 20W,SEB62346B.08D1,Black,images/selva/selva-m-black.jpg,4000K,CRI>80,Push Dim,IP65,IK09,,230Vac · cable 50cm · textured finish,20W,1612lm,81lm/W,360°,,,
Selva,,,,,,,,,,,,,,,,,,,,Selva M 20W,SEB62346B.08D3,Black,images/selva/selva-m-black.jpg,4000K,CRI>80,DALI,IP65,IK09,,230Vac · cable 50cm · textured finish,20W,1612lm,81lm/W,360°,,,
Temisto,LLD Light,Exterior,Bollard,Outdoor bollard · 3 sizes,"Temisto is an outdoor bollard in 3 heights and sizes, running on mains 230V. It comes in a textured black finish, with diffused light, in 2700K, 3000K, 4000K. On the ground with base and screws (included).","Outdoor bollard. Anticorodal aluminum body AISI 304 stainless steel base PMMA diffuser. IP65. IK07. CRI >80. 3-step MacAdam. Lifetime 50,000h L80 B10. Supply 230Vac.",2700K | 3000K | 4000K,CRI>80,Phase Dim,IP65,IK07,Black,bollard,,images/temisto/temisto-thumb.jpg;images/temisto/temisto-dimensions-l.png;images/temisto/temisto-dimensions-m.png;images/temisto/temisto-dimensions-s.png,,,images/temisto/temisto-dimensions-l.png,L: 9W IP65IK07 950 mm · M: 9W IP65IK07 650 mm · S: 9W IP65IK07 350 mm,Temisto L 9W,TEM63326B.08,Black,images/temisto/temisto-l-black.jpg,2700K,CRI>80,Phase Dim,IP65,IK07,,230Vac · cable 50cm · textured finish,9W,536lm,60lm/W,Diffused,Datasheet=https://www.lldlight.it/data/schede/TEMISTO%20L%20230Vac.pdf;Installation=https://www.lldlight.it/data/istruzioni/Temisto.pdf;LDT=https://www.lldlight.it/data/ldt/Temisto%20L.zip,,
Temisto,,,,,,,,,,,,,,,,,,,,Temisto L 9W,TEM63336B.08,Black,images/temisto/temisto-l-black.jpg,3000K,CRI>80,Phase Dim,IP65,IK07,,230Vac · cable 50cm · textured finish,9W,536lm,60lm/W,Diffused,Datasheet=https://www.lldlight.it/data/schede/TEMISTO%20L%20230Vac.pdf;Installation=https://www.lldlight.it/data/istruzioni/Temisto.pdf;LDT=https://www.lldlight.it/data/ldt/Temisto%20L.zip,,
Temisto,,,,,,,,,,,,,,,,,,,,Temisto L 9W,TEM63346B.08,Black,images/temisto/temisto-l-black.jpg,4000K,CRI>80,Phase Dim,IP65,IK07,,230Vac · cable 50cm · textured finish,9W,536lm,60lm/W,Diffused,Datasheet=https://www.lldlight.it/data/schede/TEMISTO%20L%20230Vac.pdf;Installation=https://www.lldlight.it/data/istruzioni/Temisto.pdf;LDT=https://www.lldlight.it/data/ldt/Temisto%20L.zip,,
Temisto,,,,,,,,,,,,,,,,,,,,Temisto M 9W,TEM62326B.08,Black,images/temisto/temisto-m-black.jpg,2700K,CRI>80,Phase Dim,IP65,IK07,,230Vac · cable 50cm · textured finish,9W,536lm,60lm/W,Diffused,Datasheet=https://www.lldlight.it/data/schede/TEMISTO%20M%20230Vac.pdf;Installation=https://www.lldlight.it/data/istruzioni/Temisto.pdf;LDT=https://www.lldlight.it/data/ldt/Temisto%20M.zip,,
Temisto,,,,,,,,,,,,,,,,,,,,Temisto M 9W,TEM62336B.08,Black,images/temisto/temisto-m-black.jpg,3000K,CRI>80,Phase Dim,IP65,IK07,,230Vac · cable 50cm · textured finish,9W,536lm,60lm/W,Diffused,Datasheet=https://www.lldlight.it/data/schede/TEMISTO%20M%20230Vac.pdf;Installation=https://www.lldlight.it/data/istruzioni/Temisto.pdf;LDT=https://www.lldlight.it/data/ldt/Temisto%20M.zip,,
Temisto,,,,,,,,,,,,,,,,,,,,Temisto M 9W,TEM62346B.08,Black,images/temisto/temisto-m-black.jpg,4000K,CRI>80,Phase Dim,IP65,IK07,,230Vac · cable 50cm · textured finish,9W,536lm,60lm/W,Diffused,Datasheet=https://www.lldlight.it/data/schede/TEMISTO%20M%20230Vac.pdf;Installation=https://www.lldlight.it/data/istruzioni/Temisto.pdf;LDT=https://www.lldlight.it/data/ldt/Temisto%20M.zip,,
Temisto,,,,,,,,,,,,,,,,,,,,Temisto S 9W,TEM61326B.08,Black,images/temisto/temisto-s-black.jpg,2700K,CRI>80,Phase Dim,IP65,IK07,,230Vac · cable 50cm · textured finish,9W,536lm,60lm/W,Diffused,Datasheet=https://www.lldlight.it/data/schede/TEMISTO%20S%20230Vac.pdf;Installation=https://www.lldlight.it/data/istruzioni/Temisto.pdf;LDT=https://www.lldlight.it/data/ldt/Temisto%20S.zip,,
Temisto,,,,,,,,,,,,,,,,,,,,Temisto S 9W,TEM61336B.08,Black,images/temisto/temisto-s-black.jpg,3000K,CRI>80,Phase Dim,IP65,IK07,,230Vac · cable 50cm · textured finish,9W,536lm,60lm/W,Diffused,Datasheet=https://www.lldlight.it/data/schede/TEMISTO%20S%20230Vac.pdf;Installation=https://www.lldlight.it/data/istruzioni/Temisto.pdf;LDT=https://www.lldlight.it/data/ldt/Temisto%20S.zip,,
Temisto,,,,,,,,,,,,,,,,,,,,Temisto S 9W,TEM61346B.08,Black,images/temisto/temisto-s-black.jpg,4000K,CRI>80,Phase Dim,IP65,IK07,,230Vac · cable 50cm · textured finish,9W,536lm,60lm/W,Diffused,Datasheet=https://www.lldlight.it/data/schede/TEMISTO%20S%20230Vac.pdf;Installation=https://www.lldlight.it/data/istruzioni/Temisto.pdf;LDT=https://www.lldlight.it/data/ldt/Temisto%20S.zip,,
Teti,LLD Light,Exterior,Bollard,Outdoor bollard · 4 sizes,"Teti is an outdoor bollard in 4 heights and sizes, running on 24V DC. It comes in a textured black finish, with 18°, 32°, 45°, 15°, 28°, 64° light, in 2700K, 3000K, 4000K. Standard version: On the ground with stem (included) Version with Base B1: On the ground with base and screws (included), Lower cable outlet Version with Base B2: On the ground with base, bracket and screws (included), Possibility of lower cable outlet or from the side of the base.","Outdoor bollard. Anticorodal aluminum body and stem Tempered glass. IP65. IK06 | IK07. CRI >80. 3-step MacAdam. Lifetime 50,000h L80 B10. Supply 24Vdc.",2700K | 3000K | 4000K,CRI>80,Phase Dim,IP65,IK06 | IK07,Black,bollard,,images/teti/teti-thumb.jpg;images/teti/teti-dimensions-m-l.png;images/teti/teti-dimensions-m-m.png;images/teti/teti-dimensions-s-l.png;images/teti/teti-dimensions-s-m.png,,,images/teti/teti-dimensions-m-l.png,"M-L: 6,5W IP65IK07 1010mm, B1:830mm, B2: 850mm · M-M: 6,5W IP65IK07 710mm, B1:530mm, B2: 550mm · S-L: 3W IP65IK06 1005mm, B1:825mm, B2: 845mm · S-M: 3W IP65IK06 705mm, B1:525mm, B2: 545mm",Teti M-L 6.5W,TEM63221B.08,Black,images/teti/teti-m-l-black.jpg,2700K,CRI>80,Phase Dim,IP65,IK07,,24Vdc (remote driver) · cable 50cm · textured finish,6.5W,472lm,73lm/W,18°,Datasheet=https://www.lldlight.it/data/schede/TETI%20M-L%2024Vdc.pdf;Installation=https://www.lldlight.it/data/istruzioni/Teti.pdf,,
Teti,,,,,,,,,,,,,,,,,,,,Teti M-L 6.5W,TEM63221B.08B1,Black,images/teti/teti-m-l-black.jpg,2700K,CRI>80,Phase Dim,IP65,IK07,,24Vdc (remote driver) · cable 50cm · with base B1 · textured finish,6.5W,472lm,73lm/W,18°,Datasheet=https://www.lldlight.it/data/schede/TETI%20M-L%2024Vdc.pdf;Installation=https://www.lldlight.it/data/istruzioni/Teti.pdf,,
Teti,,,,,,,,,,,,,,,,,,,,Teti M-L 6.5W,TEM63221B.08B2,Black,images/teti/teti-m-l-black.jpg,2700K,CRI>80,Phase Dim,IP65,IK07,,24Vdc (remote driver) · cable 50cm · with base B2 · textured finish,6.5W,472lm,73lm/W,18°,Datasheet=https://www.lldlight.it/data/schede/TETI%20M-L%2024Vdc.pdf;Installation=https://www.lldlight.it/data/istruzioni/Teti.pdf,,
Teti,,,,,,,,,,,,,,,,,,,,Teti M-L 6.5W,TEM63222B.08,Black,images/teti/teti-m-l-black.jpg,2700K,CRI>80,Phase Dim,IP65,IK07,,24Vdc (remote driver) · cable 50cm · textured finish,6.5W,472lm,73lm/W,32°,Datasheet=https://www.lldlight.it/data/schede/TETI%20M-L%2024Vdc.pdf;Installation=https://www.lldlight.it/data/istruzioni/Teti.pdf,,
Teti,,,,,,,,,,,,,,,,,,,,Teti M-L 6.5W,TEM63222B.08B1,Black,images/teti/teti-m-l-black.jpg,2700K,CRI>80,Phase Dim,IP65,IK07,,24Vdc (remote driver) · cable 50cm · with base B1 · textured finish,6.5W,472lm,73lm/W,32°,Datasheet=https://www.lldlight.it/data/schede/TETI%20M-L%2024Vdc.pdf;Installation=https://www.lldlight.it/data/istruzioni/Teti.pdf,,
Teti,,,,,,,,,,,,,,,,,,,,Teti M-L 6.5W,TEM63222B.08B2,Black,images/teti/teti-m-l-black.jpg,2700K,CRI>80,Phase Dim,IP65,IK07,,24Vdc (remote driver) · cable 50cm · with base B2 · textured finish,6.5W,472lm,73lm/W,32°,Datasheet=https://www.lldlight.it/data/schede/TETI%20M-L%2024Vdc.pdf;Installation=https://www.lldlight.it/data/istruzioni/Teti.pdf,,
Teti,,,,,,,,,,,,,,,,,,,,Teti M-L 6.5W,TEM63223B.08,Black,images/teti/teti-m-l-black.jpg,2700K,CRI>80,Phase Dim,IP65,IK07,,24Vdc (remote driver) · cable 50cm · textured finish,6.5W,472lm,73lm/W,45°,Datasheet=https://www.lldlight.it/data/schede/TETI%20M-L%2024Vdc.pdf;Installation=https://www.lldlight.it/data/istruzioni/Teti.pdf,,
Teti,,,,,,,,,,,,,,,,,,,,Teti M-L 6.5W,TEM63223B.08B1,Black,images/teti/teti-m-l-black.jpg,2700K,CRI>80,Phase Dim,IP65,IK07,,24Vdc (remote driver) · cable 50cm · with base B1 · textured finish,6.5W,472lm,73lm/W,45°,Datasheet=https://www.lldlight.it/data/schede/TETI%20M-L%2024Vdc.pdf;Installation=https://www.lldlight.it/data/istruzioni/Teti.pdf,,
Teti,,,,,,,,,,,,,,,,,,,,Teti M-L 6.5W,TEM63223B.08B2,Black,images/teti/teti-m-l-black.jpg,2700K,CRI>80,Phase Dim,IP65,IK07,,24Vdc (remote driver) · cable 50cm · with base B2 · textured finish,6.5W,472lm,73lm/W,45°,Datasheet=https://www.lldlight.it/data/schede/TETI%20M-L%2024Vdc.pdf;Installation=https://www.lldlight.it/data/istruzioni/Teti.pdf,,
Teti,,,,,,,,,,,,,,,,,,,,Teti M-L 6.5W,TEM63231B.08,Black,images/teti/teti-m-l-black.jpg,3000K,CRI>80,Phase Dim,IP65,IK07,,24Vdc (remote driver) · cable 50cm · textured finish,6.5W,472lm,73lm/W,18°,Datasheet=https://www.lldlight.it/data/schede/TETI%20M-L%2024Vdc.pdf;Installation=https://www.lldlight.it/data/istruzioni/Teti.pdf,,
Teti,,,,,,,,,,,,,,,,,,,,Teti M-L 6.5W,TEM63231B.08B1,Black,images/teti/teti-m-l-black.jpg,3000K,CRI>80,Phase Dim,IP65,IK07,,24Vdc (remote driver) · cable 50cm · with base B1 · textured finish,6.5W,472lm,73lm/W,18°,Datasheet=https://www.lldlight.it/data/schede/TETI%20M-L%2024Vdc.pdf;Installation=https://www.lldlight.it/data/istruzioni/Teti.pdf,,
Teti,,,,,,,,,,,,,,,,,,,,Teti M-L 6.5W,TEM63231B.08B2,Black,images/teti/teti-m-l-black.jpg,3000K,CRI>80,Phase Dim,IP65,IK07,,24Vdc (remote driver) · cable 50cm · with base B2 · textured finish,6.5W,472lm,73lm/W,18°,Datasheet=https://www.lldlight.it/data/schede/TETI%20M-L%2024Vdc.pdf;Installation=https://www.lldlight.it/data/istruzioni/Teti.pdf,,
Teti,,,,,,,,,,,,,,,,,,,,Teti M-L 6.5W,TEM63232B.08,Black,images/teti/teti-m-l-black.jpg,3000K,CRI>80,Phase Dim,IP65,IK07,,24Vdc (remote driver) · cable 50cm · textured finish,6.5W,472lm,73lm/W,32°,Datasheet=https://www.lldlight.it/data/schede/TETI%20M-L%2024Vdc.pdf;Installation=https://www.lldlight.it/data/istruzioni/Teti.pdf,,
Teti,,,,,,,,,,,,,,,,,,,,Teti M-L 6.5W,TEM63232B.08B1,Black,images/teti/teti-m-l-black.jpg,3000K,CRI>80,Phase Dim,IP65,IK07,,24Vdc (remote driver) · cable 50cm · with base B1 · textured finish,6.5W,472lm,73lm/W,32°,Datasheet=https://www.lldlight.it/data/schede/TETI%20M-L%2024Vdc.pdf;Installation=https://www.lldlight.it/data/istruzioni/Teti.pdf,,
Teti,,,,,,,,,,,,,,,,,,,,Teti M-L 6.5W,TEM63232B.08B2,Black,images/teti/teti-m-l-black.jpg,3000K,CRI>80,Phase Dim,IP65,IK07,,24Vdc (remote driver) · cable 50cm · with base B2 · textured finish,6.5W,472lm,73lm/W,32°,Datasheet=https://www.lldlight.it/data/schede/TETI%20M-L%2024Vdc.pdf;Installation=https://www.lldlight.it/data/istruzioni/Teti.pdf,,
Teti,,,,,,,,,,,,,,,,,,,,Teti M-L 6.5W,TEM63233B.08,Black,images/teti/teti-m-l-black.jpg,3000K,CRI>80,Phase Dim,IP65,IK07,,24Vdc (remote driver) · cable 50cm · textured finish,6.5W,472lm,73lm/W,45°,Datasheet=https://www.lldlight.it/data/schede/TETI%20M-L%2024Vdc.pdf;Installation=https://www.lldlight.it/data/istruzioni/Teti.pdf,,
Teti,,,,,,,,,,,,,,,,,,,,Teti M-L 6.5W,TEM63233B.08B1,Black,images/teti/teti-m-l-black.jpg,3000K,CRI>80,Phase Dim,IP65,IK07,,24Vdc (remote driver) · cable 50cm · with base B1 · textured finish,6.5W,472lm,73lm/W,45°,Datasheet=https://www.lldlight.it/data/schede/TETI%20M-L%2024Vdc.pdf;Installation=https://www.lldlight.it/data/istruzioni/Teti.pdf,,
Teti,,,,,,,,,,,,,,,,,,,,Teti M-L 6.5W,TEM63233B.08B2,Black,images/teti/teti-m-l-black.jpg,3000K,CRI>80,Phase Dim,IP65,IK07,,24Vdc (remote driver) · cable 50cm · with base B2 · textured finish,6.5W,472lm,73lm/W,45°,Datasheet=https://www.lldlight.it/data/schede/TETI%20M-L%2024Vdc.pdf;Installation=https://www.lldlight.it/data/istruzioni/Teti.pdf,,
Teti,,,,,,,,,,,,,,,,,,,,Teti M-L 6.5W,TEM63241B.08,Black,images/teti/teti-m-l-black.jpg,4000K,CRI>80,Phase Dim,IP65,IK07,,24Vdc (remote driver) · cable 50cm · textured finish,6.5W,472lm,73lm/W,18°,Datasheet=https://www.lldlight.it/data/schede/TETI%20M-L%2024Vdc.pdf;Installation=https://www.lldlight.it/data/istruzioni/Teti.pdf,,
Teti,,,,,,,,,,,,,,,,,,,,Teti M-L 6.5W,TEM63241B.08B1,Black,images/teti/teti-m-l-black.jpg,4000K,CRI>80,Phase Dim,IP65,IK07,,24Vdc (remote driver) · cable 50cm · with base B1 · textured finish,6.5W,472lm,73lm/W,18°,Datasheet=https://www.lldlight.it/data/schede/TETI%20M-L%2024Vdc.pdf;Installation=https://www.lldlight.it/data/istruzioni/Teti.pdf,,
Teti,,,,,,,,,,,,,,,,,,,,Teti M-L 6.5W,TEM63241B.08B2,Black,images/teti/teti-m-l-black.jpg,4000K,CRI>80,Phase Dim,IP65,IK07,,24Vdc (remote driver) · cable 50cm · with base B2 · textured finish,6.5W,472lm,73lm/W,18°,Datasheet=https://www.lldlight.it/data/schede/TETI%20M-L%2024Vdc.pdf;Installation=https://www.lldlight.it/data/istruzioni/Teti.pdf,,
Teti,,,,,,,,,,,,,,,,,,,,Teti M-L 6.5W,TEM63242B.08,Black,images/teti/teti-m-l-black.jpg,4000K,CRI>80,Phase Dim,IP65,IK07,,24Vdc (remote driver) · cable 50cm · textured finish,6.5W,472lm,73lm/W,32°,Datasheet=https://www.lldlight.it/data/schede/TETI%20M-L%2024Vdc.pdf;Installation=https://www.lldlight.it/data/istruzioni/Teti.pdf,,
Teti,,,,,,,,,,,,,,,,,,,,Teti M-L 6.5W,TEM63242B.08B1,Black,images/teti/teti-m-l-black.jpg,4000K,CRI>80,Phase Dim,IP65,IK07,,24Vdc (remote driver) · cable 50cm · with base B1 · textured finish,6.5W,472lm,73lm/W,32°,Datasheet=https://www.lldlight.it/data/schede/TETI%20M-L%2024Vdc.pdf;Installation=https://www.lldlight.it/data/istruzioni/Teti.pdf,,
Teti,,,,,,,,,,,,,,,,,,,,Teti M-L 6.5W,TEM63242B.08B2,Black,images/teti/teti-m-l-black.jpg,4000K,CRI>80,Phase Dim,IP65,IK07,,24Vdc (remote driver) · cable 50cm · with base B2 · textured finish,6.5W,472lm,73lm/W,32°,Datasheet=https://www.lldlight.it/data/schede/TETI%20M-L%2024Vdc.pdf;Installation=https://www.lldlight.it/data/istruzioni/Teti.pdf,,
Teti,,,,,,,,,,,,,,,,,,,,Teti M-L 6.5W,TEM63243B.08,Black,images/teti/teti-m-l-black.jpg,4000K,CRI>80,Phase Dim,IP65,IK07,,24Vdc (remote driver) · cable 50cm · textured finish,6.5W,472lm,73lm/W,45°,Datasheet=https://www.lldlight.it/data/schede/TETI%20M-L%2024Vdc.pdf;Installation=https://www.lldlight.it/data/istruzioni/Teti.pdf,,
Teti,,,,,,,,,,,,,,,,,,,,Teti M-L 6.5W,TEM63243B.08B1,Black,images/teti/teti-m-l-black.jpg,4000K,CRI>80,Phase Dim,IP65,IK07,,24Vdc (remote driver) · cable 50cm · with base B1 · textured finish,6.5W,472lm,73lm/W,45°,Datasheet=https://www.lldlight.it/data/schede/TETI%20M-L%2024Vdc.pdf;Installation=https://www.lldlight.it/data/istruzioni/Teti.pdf,,
Teti,,,,,,,,,,,,,,,,,,,,Teti M-L 6.5W,TEM63243B.08B2,Black,images/teti/teti-m-l-black.jpg,4000K,CRI>80,Phase Dim,IP65,IK07,,24Vdc (remote driver) · cable 50cm · with base B2 · textured finish,6.5W,472lm,73lm/W,45°,Datasheet=https://www.lldlight.it/data/schede/TETI%20M-L%2024Vdc.pdf;Installation=https://www.lldlight.it/data/istruzioni/Teti.pdf,,
Teti,,,,,,,,,,,,,,,,,,,,Teti M-M 6.5W,TEM62221B.08,Black,images/teti/teti-m-m-black.jpg,2700K,CRI>80,Phase Dim,IP65,IK07,,24Vdc (remote driver) · cable 50cm · textured finish,6.5W,472lm,73lm/W,18°,Datasheet=https://www.lldlight.it/data/schede/TETI%20M-M%2024Vdc.pdf;Installation=https://www.lldlight.it/data/istruzioni/Teti.pdf,,
Teti,,,,,,,,,,,,,,,,,,,,Teti M-M 6.5W,TEM62221B.08B1,Black,images/teti/teti-m-m-black.jpg,2700K,CRI>80,Phase Dim,IP65,IK07,,24Vdc (remote driver) · cable 50cm · with base B1 · textured finish,6.5W,472lm,73lm/W,18°,Datasheet=https://www.lldlight.it/data/schede/TETI%20M-M%2024Vdc.pdf;Installation=https://www.lldlight.it/data/istruzioni/Teti.pdf,,
Teti,,,,,,,,,,,,,,,,,,,,Teti M-M 6.5W,TEM62221B.08B2,Black,images/teti/teti-m-m-black.jpg,2700K,CRI>80,Phase Dim,IP65,IK07,,24Vdc (remote driver) · cable 50cm · with base B2 · textured finish,6.5W,472lm,73lm/W,18°,Datasheet=https://www.lldlight.it/data/schede/TETI%20M-M%2024Vdc.pdf;Installation=https://www.lldlight.it/data/istruzioni/Teti.pdf,,
Teti,,,,,,,,,,,,,,,,,,,,Teti M-M 6.5W,TEM62222B.08,Black,images/teti/teti-m-m-black.jpg,2700K,CRI>80,Phase Dim,IP65,IK07,,24Vdc (remote driver) · cable 50cm · textured finish,6.5W,472lm,73lm/W,32°,Datasheet=https://www.lldlight.it/data/schede/TETI%20M-M%2024Vdc.pdf;Installation=https://www.lldlight.it/data/istruzioni/Teti.pdf,,
Teti,,,,,,,,,,,,,,,,,,,,Teti M-M 6.5W,TEM62222B.08B1,Black,images/teti/teti-m-m-black.jpg,2700K,CRI>80,Phase Dim,IP65,IK07,,24Vdc (remote driver) · cable 50cm · with base B1 · textured finish,6.5W,472lm,73lm/W,32°,Datasheet=https://www.lldlight.it/data/schede/TETI%20M-M%2024Vdc.pdf;Installation=https://www.lldlight.it/data/istruzioni/Teti.pdf,,
Teti,,,,,,,,,,,,,,,,,,,,Teti M-M 6.5W,TEM62222B.08B2,Black,images/teti/teti-m-m-black.jpg,2700K,CRI>80,Phase Dim,IP65,IK07,,24Vdc (remote driver) · cable 50cm · with base B2 · textured finish,6.5W,472lm,73lm/W,32°,Datasheet=https://www.lldlight.it/data/schede/TETI%20M-M%2024Vdc.pdf;Installation=https://www.lldlight.it/data/istruzioni/Teti.pdf,,
Teti,,,,,,,,,,,,,,,,,,,,Teti M-M 6.5W,TEM62223B.08,Black,images/teti/teti-m-m-black.jpg,2700K,CRI>80,Phase Dim,IP65,IK07,,24Vdc (remote driver) · cable 50cm · textured finish,6.5W,472lm,73lm/W,45°,Datasheet=https://www.lldlight.it/data/schede/TETI%20M-M%2024Vdc.pdf;Installation=https://www.lldlight.it/data/istruzioni/Teti.pdf,,
Teti,,,,,,,,,,,,,,,,,,,,Teti M-M 6.5W,TEM62223B.08B1,Black,images/teti/teti-m-m-black.jpg,2700K,CRI>80,Phase Dim,IP65,IK07,,24Vdc (remote driver) · cable 50cm · with base B1 · textured finish,6.5W,472lm,73lm/W,45°,Datasheet=https://www.lldlight.it/data/schede/TETI%20M-M%2024Vdc.pdf;Installation=https://www.lldlight.it/data/istruzioni/Teti.pdf,,
Teti,,,,,,,,,,,,,,,,,,,,Teti M-M 6.5W,TEM62223B.08B2,Black,images/teti/teti-m-m-black.jpg,2700K,CRI>80,Phase Dim,IP65,IK07,,24Vdc (remote driver) · cable 50cm · with base B2 · textured finish,6.5W,472lm,73lm/W,45°,Datasheet=https://www.lldlight.it/data/schede/TETI%20M-M%2024Vdc.pdf;Installation=https://www.lldlight.it/data/istruzioni/Teti.pdf,,
Teti,,,,,,,,,,,,,,,,,,,,Teti M-M 6.5W,TEM62231B.08,Black,images/teti/teti-m-m-black.jpg,3000K,CRI>80,Phase Dim,IP65,IK07,,24Vdc (remote driver) · cable 50cm · textured finish,6.5W,472lm,73lm/W,18°,Datasheet=https://www.lldlight.it/data/schede/TETI%20M-M%2024Vdc.pdf;Installation=https://www.lldlight.it/data/istruzioni/Teti.pdf,,
Teti,,,,,,,,,,,,,,,,,,,,Teti M-M 6.5W,TEM62231B.08B1,Black,images/teti/teti-m-m-black.jpg,3000K,CRI>80,Phase Dim,IP65,IK07,,24Vdc (remote driver) · cable 50cm · with base B1 · textured finish,6.5W,472lm,73lm/W,18°,Datasheet=https://www.lldlight.it/data/schede/TETI%20M-M%2024Vdc.pdf;Installation=https://www.lldlight.it/data/istruzioni/Teti.pdf,,
Teti,,,,,,,,,,,,,,,,,,,,Teti M-M 6.5W,TEM62231B.08B2,Black,images/teti/teti-m-m-black.jpg,3000K,CRI>80,Phase Dim,IP65,IK07,,24Vdc (remote driver) · cable 50cm · with base B2 · textured finish,6.5W,472lm,73lm/W,18°,Datasheet=https://www.lldlight.it/data/schede/TETI%20M-M%2024Vdc.pdf;Installation=https://www.lldlight.it/data/istruzioni/Teti.pdf,,
Teti,,,,,,,,,,,,,,,,,,,,Teti M-M 6.5W,TEM62232B.08,Black,images/teti/teti-m-m-black.jpg,3000K,CRI>80,Phase Dim,IP65,IK07,,24Vdc (remote driver) · cable 50cm · textured finish,6.5W,472lm,73lm/W,32°,Datasheet=https://www.lldlight.it/data/schede/TETI%20M-M%2024Vdc.pdf;Installation=https://www.lldlight.it/data/istruzioni/Teti.pdf,,
Teti,,,,,,,,,,,,,,,,,,,,Teti M-M 6.5W,TEM62232B.08B1,Black,images/teti/teti-m-m-black.jpg,3000K,CRI>80,Phase Dim,IP65,IK07,,24Vdc (remote driver) · cable 50cm · with base B1 · textured finish,6.5W,472lm,73lm/W,32°,Datasheet=https://www.lldlight.it/data/schede/TETI%20M-M%2024Vdc.pdf;Installation=https://www.lldlight.it/data/istruzioni/Teti.pdf,,
Teti,,,,,,,,,,,,,,,,,,,,Teti M-M 6.5W,TEM62232B.08B2,Black,images/teti/teti-m-m-black.jpg,3000K,CRI>80,Phase Dim,IP65,IK07,,24Vdc (remote driver) · cable 50cm · with base B2 · textured finish,6.5W,472lm,73lm/W,32°,Datasheet=https://www.lldlight.it/data/schede/TETI%20M-M%2024Vdc.pdf;Installation=https://www.lldlight.it/data/istruzioni/Teti.pdf,,
Teti,,,,,,,,,,,,,,,,,,,,Teti M-M 6.5W,TEM62233B.08,Black,images/teti/teti-m-m-black.jpg,3000K,CRI>80,Phase Dim,IP65,IK07,,24Vdc (remote driver) · cable 50cm · textured finish,6.5W,472lm,73lm/W,45°,Datasheet=https://www.lldlight.it/data/schede/TETI%20M-M%2024Vdc.pdf;Installation=https://www.lldlight.it/data/istruzioni/Teti.pdf,,
Teti,,,,,,,,,,,,,,,,,,,,Teti M-M 6.5W,TEM62233B.08B1,Black,images/teti/teti-m-m-black.jpg,3000K,CRI>80,Phase Dim,IP65,IK07,,24Vdc (remote driver) · cable 50cm · with base B1 · textured finish,6.5W,472lm,73lm/W,45°,Datasheet=https://www.lldlight.it/data/schede/TETI%20M-M%2024Vdc.pdf;Installation=https://www.lldlight.it/data/istruzioni/Teti.pdf,,
Teti,,,,,,,,,,,,,,,,,,,,Teti M-M 6.5W,TEM62233B.08B2,Black,images/teti/teti-m-m-black.jpg,3000K,CRI>80,Phase Dim,IP65,IK07,,24Vdc (remote driver) · cable 50cm · with base B2 · textured finish,6.5W,472lm,73lm/W,45°,Datasheet=https://www.lldlight.it/data/schede/TETI%20M-M%2024Vdc.pdf;Installation=https://www.lldlight.it/data/istruzioni/Teti.pdf,,
Teti,,,,,,,,,,,,,,,,,,,,Teti M-M 6.5W,TEM62241B.08,Black,images/teti/teti-m-m-black.jpg,4000K,CRI>80,Phase Dim,IP65,IK07,,24Vdc (remote driver) · cable 50cm · textured finish,6.5W,472lm,73lm/W,18°,Datasheet=https://www.lldlight.it/data/schede/TETI%20M-M%2024Vdc.pdf;Installation=https://www.lldlight.it/data/istruzioni/Teti.pdf,,
Teti,,,,,,,,,,,,,,,,,,,,Teti M-M 6.5W,TEM62241B.08B1,Black,images/teti/teti-m-m-black.jpg,4000K,CRI>80,Phase Dim,IP65,IK07,,24Vdc (remote driver) · cable 50cm · with base B1 · textured finish,6.5W,472lm,73lm/W,18°,Datasheet=https://www.lldlight.it/data/schede/TETI%20M-M%2024Vdc.pdf;Installation=https://www.lldlight.it/data/istruzioni/Teti.pdf,,
Teti,,,,,,,,,,,,,,,,,,,,Teti M-M 6.5W,TEM62241B.08B2,Black,images/teti/teti-m-m-black.jpg,4000K,CRI>80,Phase Dim,IP65,IK07,,24Vdc (remote driver) · cable 50cm · with base B2 · textured finish,6.5W,472lm,73lm/W,18°,Datasheet=https://www.lldlight.it/data/schede/TETI%20M-M%2024Vdc.pdf;Installation=https://www.lldlight.it/data/istruzioni/Teti.pdf,,
Teti,,,,,,,,,,,,,,,,,,,,Teti M-M 6.5W,TEM62242B.08,Black,images/teti/teti-m-m-black.jpg,4000K,CRI>80,Phase Dim,IP65,IK07,,24Vdc (remote driver) · cable 50cm · textured finish,6.5W,472lm,73lm/W,32°,Datasheet=https://www.lldlight.it/data/schede/TETI%20M-M%2024Vdc.pdf;Installation=https://www.lldlight.it/data/istruzioni/Teti.pdf,,
Teti,,,,,,,,,,,,,,,,,,,,Teti M-M 6.5W,TEM62242B.08B1,Black,images/teti/teti-m-m-black.jpg,4000K,CRI>80,Phase Dim,IP65,IK07,,24Vdc (remote driver) · cable 50cm · with base B1 · textured finish,6.5W,472lm,73lm/W,32°,Datasheet=https://www.lldlight.it/data/schede/TETI%20M-M%2024Vdc.pdf;Installation=https://www.lldlight.it/data/istruzioni/Teti.pdf,,
Teti,,,,,,,,,,,,,,,,,,,,Teti M-M 6.5W,TEM62242B.08B2,Black,images/teti/teti-m-m-black.jpg,4000K,CRI>80,Phase Dim,IP65,IK07,,24Vdc (remote driver) · cable 50cm · with base B2 · textured finish,6.5W,472lm,73lm/W,32°,Datasheet=https://www.lldlight.it/data/schede/TETI%20M-M%2024Vdc.pdf;Installation=https://www.lldlight.it/data/istruzioni/Teti.pdf,,
Teti,,,,,,,,,,,,,,,,,,,,Teti M-M 6.5W,TEM62243B.08,Black,images/teti/teti-m-m-black.jpg,4000K,CRI>80,Phase Dim,IP65,IK07,,24Vdc (remote driver) · cable 50cm · textured finish,6.5W,472lm,73lm/W,45°,Datasheet=https://www.lldlight.it/data/schede/TETI%20M-M%2024Vdc.pdf;Installation=https://www.lldlight.it/data/istruzioni/Teti.pdf,,
Teti,,,,,,,,,,,,,,,,,,,,Teti M-M 6.5W,TEM62243B.08B1,Black,images/teti/teti-m-m-black.jpg,4000K,CRI>80,Phase Dim,IP65,IK07,,24Vdc (remote driver) · cable 50cm · with base B1 · textured finish,6.5W,472lm,73lm/W,45°,Datasheet=https://www.lldlight.it/data/schede/TETI%20M-M%2024Vdc.pdf;Installation=https://www.lldlight.it/data/istruzioni/Teti.pdf,,
Teti,,,,,,,,,,,,,,,,,,,,Teti M-M 6.5W,TEM62243B.08B2,Black,images/teti/teti-m-m-black.jpg,4000K,CRI>80,Phase Dim,IP65,IK07,,24Vdc (remote driver) · cable 50cm · with base B2 · textured finish,6.5W,472lm,73lm/W,45°,Datasheet=https://www.lldlight.it/data/schede/TETI%20M-M%2024Vdc.pdf;Installation=https://www.lldlight.it/data/istruzioni/Teti.pdf,,
Teti,,,,,,,,,,,,,,,,,,,,Teti S-L 3W,TES63221B.08,Black,images/teti/teti-s-l-black.jpg,2700K,CRI>80,Phase Dim,IP65,IK06,,24Vdc (remote driver) · cable 50cm · textured finish,3W,190lm,63lm/W,15°,Datasheet=https://www.lldlight.it/data/schede/TETI%20S-L%2024Vdc.pdf;Installation=https://www.lldlight.it/data/istruzioni/Teti.pdf;LDT=https://www.lldlight.it/data/ldt/Teti%20S.zip,,
Teti,,,,,,,,,,,,,,,,,,,,Teti S-L 3W,TES63221B.08B1,Black,images/teti/teti-s-l-black.jpg,2700K,CRI>80,Phase Dim,IP65,IK06,,24Vdc (remote driver) · cable 50cm · with base B1 · textured finish,3W,190lm,63lm/W,15°,Datasheet=https://www.lldlight.it/data/schede/TETI%20S-L%2024Vdc.pdf;Installation=https://www.lldlight.it/data/istruzioni/Teti.pdf;LDT=https://www.lldlight.it/data/ldt/Teti%20S.zip,,
Teti,,,,,,,,,,,,,,,,,,,,Teti S-L 3W,TES63221B.08B2,Black,images/teti/teti-s-l-black.jpg,2700K,CRI>80,Phase Dim,IP65,IK06,,24Vdc (remote driver) · cable 50cm · with base B2 · textured finish,3W,190lm,63lm/W,15°,Datasheet=https://www.lldlight.it/data/schede/TETI%20S-L%2024Vdc.pdf;Installation=https://www.lldlight.it/data/istruzioni/Teti.pdf;LDT=https://www.lldlight.it/data/ldt/Teti%20S.zip,,
Teti,,,,,,,,,,,,,,,,,,,,Teti S-L 3W,TES63222B.08,Black,images/teti/teti-s-l-black.jpg,2700K,CRI>80,Phase Dim,IP65,IK06,,24Vdc (remote driver) · cable 50cm · textured finish,3W,190lm,63lm/W,28°,Datasheet=https://www.lldlight.it/data/schede/TETI%20S-L%2024Vdc.pdf;Installation=https://www.lldlight.it/data/istruzioni/Teti.pdf;LDT=https://www.lldlight.it/data/ldt/Teti%20S.zip,,
Teti,,,,,,,,,,,,,,,,,,,,Teti S-L 3W,TES63222B.08B1,Black,images/teti/teti-s-l-black.jpg,2700K,CRI>80,Phase Dim,IP65,IK06,,24Vdc (remote driver) · cable 50cm · with base B1 · textured finish,3W,190lm,63lm/W,28°,Datasheet=https://www.lldlight.it/data/schede/TETI%20S-L%2024Vdc.pdf;Installation=https://www.lldlight.it/data/istruzioni/Teti.pdf;LDT=https://www.lldlight.it/data/ldt/Teti%20S.zip,,
Teti,,,,,,,,,,,,,,,,,,,,Teti S-L 3W,TES63222B.08B2,Black,images/teti/teti-s-l-black.jpg,2700K,CRI>80,Phase Dim,IP65,IK06,,24Vdc (remote driver) · cable 50cm · with base B2 · textured finish,3W,190lm,63lm/W,28°,Datasheet=https://www.lldlight.it/data/schede/TETI%20S-L%2024Vdc.pdf;Installation=https://www.lldlight.it/data/istruzioni/Teti.pdf;LDT=https://www.lldlight.it/data/ldt/Teti%20S.zip,,
Teti,,,,,,,,,,,,,,,,,,,,Teti S-L 3W,TES63223B.08,Black,images/teti/teti-s-l-black.jpg,2700K,CRI>80,Phase Dim,IP65,IK06,,24Vdc (remote driver) · cable 50cm · textured finish,3W,190lm,63lm/W,64°,Datasheet=https://www.lldlight.it/data/schede/TETI%20S-L%2024Vdc.pdf;Installation=https://www.lldlight.it/data/istruzioni/Teti.pdf;LDT=https://www.lldlight.it/data/ldt/Teti%20S.zip,,
Teti,,,,,,,,,,,,,,,,,,,,Teti S-L 3W,TES63223B.08B1,Black,images/teti/teti-s-l-black.jpg,2700K,CRI>80,Phase Dim,IP65,IK06,,24Vdc (remote driver) · cable 50cm · with base B1 · textured finish,3W,190lm,63lm/W,64°,Datasheet=https://www.lldlight.it/data/schede/TETI%20S-L%2024Vdc.pdf;Installation=https://www.lldlight.it/data/istruzioni/Teti.pdf;LDT=https://www.lldlight.it/data/ldt/Teti%20S.zip,,
Teti,,,,,,,,,,,,,,,,,,,,Teti S-L 3W,TES63223B.08B2,Black,images/teti/teti-s-l-black.jpg,2700K,CRI>80,Phase Dim,IP65,IK06,,24Vdc (remote driver) · cable 50cm · with base B2 · textured finish,3W,190lm,63lm/W,64°,Datasheet=https://www.lldlight.it/data/schede/TETI%20S-L%2024Vdc.pdf;Installation=https://www.lldlight.it/data/istruzioni/Teti.pdf;LDT=https://www.lldlight.it/data/ldt/Teti%20S.zip,,
Teti,,,,,,,,,,,,,,,,,,,,Teti S-L 3W,TES63231B.08,Black,images/teti/teti-s-l-black.jpg,3000K,CRI>80,Phase Dim,IP65,IK06,,24Vdc (remote driver) · cable 50cm · textured finish,3W,190lm,63lm/W,15°,Datasheet=https://www.lldlight.it/data/schede/TETI%20S-L%2024Vdc.pdf;Installation=https://www.lldlight.it/data/istruzioni/Teti.pdf;LDT=https://www.lldlight.it/data/ldt/Teti%20S.zip,,
Teti,,,,,,,,,,,,,,,,,,,,Teti S-L 3W,TES63231B.08B1,Black,images/teti/teti-s-l-black.jpg,3000K,CRI>80,Phase Dim,IP65,IK06,,24Vdc (remote driver) · cable 50cm · with base B1 · textured finish,3W,190lm,63lm/W,15°,Datasheet=https://www.lldlight.it/data/schede/TETI%20S-L%2024Vdc.pdf;Installation=https://www.lldlight.it/data/istruzioni/Teti.pdf;LDT=https://www.lldlight.it/data/ldt/Teti%20S.zip,,
Teti,,,,,,,,,,,,,,,,,,,,Teti S-L 3W,TES63231B.08B2,Black,images/teti/teti-s-l-black.jpg,3000K,CRI>80,Phase Dim,IP65,IK06,,24Vdc (remote driver) · cable 50cm · with base B2 · textured finish,3W,190lm,63lm/W,15°,Datasheet=https://www.lldlight.it/data/schede/TETI%20S-L%2024Vdc.pdf;Installation=https://www.lldlight.it/data/istruzioni/Teti.pdf;LDT=https://www.lldlight.it/data/ldt/Teti%20S.zip,,
Teti,,,,,,,,,,,,,,,,,,,,Teti S-L 3W,TES63232B.08,Black,images/teti/teti-s-l-black.jpg,3000K,CRI>80,Phase Dim,IP65,IK06,,24Vdc (remote driver) · cable 50cm · textured finish,3W,190lm,63lm/W,28°,Datasheet=https://www.lldlight.it/data/schede/TETI%20S-L%2024Vdc.pdf;Installation=https://www.lldlight.it/data/istruzioni/Teti.pdf;LDT=https://www.lldlight.it/data/ldt/Teti%20S.zip,,
Teti,,,,,,,,,,,,,,,,,,,,Teti S-L 3W,TES63232B.08B1,Black,images/teti/teti-s-l-black.jpg,3000K,CRI>80,Phase Dim,IP65,IK06,,24Vdc (remote driver) · cable 50cm · with base B1 · textured finish,3W,190lm,63lm/W,28°,Datasheet=https://www.lldlight.it/data/schede/TETI%20S-L%2024Vdc.pdf;Installation=https://www.lldlight.it/data/istruzioni/Teti.pdf;LDT=https://www.lldlight.it/data/ldt/Teti%20S.zip,,
Teti,,,,,,,,,,,,,,,,,,,,Teti S-L 3W,TES63232B.08B2,Black,images/teti/teti-s-l-black.jpg,3000K,CRI>80,Phase Dim,IP65,IK06,,24Vdc (remote driver) · cable 50cm · with base B2 · textured finish,3W,190lm,63lm/W,28°,Datasheet=https://www.lldlight.it/data/schede/TETI%20S-L%2024Vdc.pdf;Installation=https://www.lldlight.it/data/istruzioni/Teti.pdf;LDT=https://www.lldlight.it/data/ldt/Teti%20S.zip,,
Teti,,,,,,,,,,,,,,,,,,,,Teti S-L 3W,TES63233B.08,Black,images/teti/teti-s-l-black.jpg,3000K,CRI>80,Phase Dim,IP65,IK06,,24Vdc (remote driver) · cable 50cm · textured finish,3W,190lm,63lm/W,64°,Datasheet=https://www.lldlight.it/data/schede/TETI%20S-L%2024Vdc.pdf;Installation=https://www.lldlight.it/data/istruzioni/Teti.pdf;LDT=https://www.lldlight.it/data/ldt/Teti%20S.zip,,
Teti,,,,,,,,,,,,,,,,,,,,Teti S-L 3W,TES63233B.08B1,Black,images/teti/teti-s-l-black.jpg,3000K,CRI>80,Phase Dim,IP65,IK06,,24Vdc (remote driver) · cable 50cm · with base B1 · textured finish,3W,190lm,63lm/W,64°,Datasheet=https://www.lldlight.it/data/schede/TETI%20S-L%2024Vdc.pdf;Installation=https://www.lldlight.it/data/istruzioni/Teti.pdf;LDT=https://www.lldlight.it/data/ldt/Teti%20S.zip,,
Teti,,,,,,,,,,,,,,,,,,,,Teti S-L 3W,TES63233B.08B2,Black,images/teti/teti-s-l-black.jpg,3000K,CRI>80,Phase Dim,IP65,IK06,,24Vdc (remote driver) · cable 50cm · with base B2 · textured finish,3W,190lm,63lm/W,64°,Datasheet=https://www.lldlight.it/data/schede/TETI%20S-L%2024Vdc.pdf;Installation=https://www.lldlight.it/data/istruzioni/Teti.pdf;LDT=https://www.lldlight.it/data/ldt/Teti%20S.zip,,
Teti,,,,,,,,,,,,,,,,,,,,Teti S-L 3W,TES63241B.08,Black,images/teti/teti-s-l-black.jpg,4000K,CRI>80,Phase Dim,IP65,IK06,,24Vdc (remote driver) · cable 50cm · textured finish,3W,190lm,63lm/W,15°,Datasheet=https://www.lldlight.it/data/schede/TETI%20S-L%2024Vdc.pdf;Installation=https://www.lldlight.it/data/istruzioni/Teti.pdf;LDT=https://www.lldlight.it/data/ldt/Teti%20S.zip,,
Teti,,,,,,,,,,,,,,,,,,,,Teti S-L 3W,TES63241B.08B1,Black,images/teti/teti-s-l-black.jpg,4000K,CRI>80,Phase Dim,IP65,IK06,,24Vdc (remote driver) · cable 50cm · with base B1 · textured finish,3W,190lm,63lm/W,15°,Datasheet=https://www.lldlight.it/data/schede/TETI%20S-L%2024Vdc.pdf;Installation=https://www.lldlight.it/data/istruzioni/Teti.pdf;LDT=https://www.lldlight.it/data/ldt/Teti%20S.zip,,
Teti,,,,,,,,,,,,,,,,,,,,Teti S-L 3W,TES63241B.08B2,Black,images/teti/teti-s-l-black.jpg,4000K,CRI>80,Phase Dim,IP65,IK06,,24Vdc (remote driver) · cable 50cm · with base B2 · textured finish,3W,190lm,63lm/W,15°,Datasheet=https://www.lldlight.it/data/schede/TETI%20S-L%2024Vdc.pdf;Installation=https://www.lldlight.it/data/istruzioni/Teti.pdf;LDT=https://www.lldlight.it/data/ldt/Teti%20S.zip,,
Teti,,,,,,,,,,,,,,,,,,,,Teti S-L 3W,TES63242B.08,Black,images/teti/teti-s-l-black.jpg,4000K,CRI>80,Phase Dim,IP65,IK06,,24Vdc (remote driver) · cable 50cm · textured finish,3W,190lm,63lm/W,28°,Datasheet=https://www.lldlight.it/data/schede/TETI%20S-L%2024Vdc.pdf;Installation=https://www.lldlight.it/data/istruzioni/Teti.pdf;LDT=https://www.lldlight.it/data/ldt/Teti%20S.zip,,
Teti,,,,,,,,,,,,,,,,,,,,Teti S-L 3W,TES63242B.08B1,Black,images/teti/teti-s-l-black.jpg,4000K,CRI>80,Phase Dim,IP65,IK06,,24Vdc (remote driver) · cable 50cm · with base B1 · textured finish,3W,190lm,63lm/W,28°,Datasheet=https://www.lldlight.it/data/schede/TETI%20S-L%2024Vdc.pdf;Installation=https://www.lldlight.it/data/istruzioni/Teti.pdf;LDT=https://www.lldlight.it/data/ldt/Teti%20S.zip,,
Teti,,,,,,,,,,,,,,,,,,,,Teti S-L 3W,TES63242B.08B2,Black,images/teti/teti-s-l-black.jpg,4000K,CRI>80,Phase Dim,IP65,IK06,,24Vdc (remote driver) · cable 50cm · with base B2 · textured finish,3W,190lm,63lm/W,28°,Datasheet=https://www.lldlight.it/data/schede/TETI%20S-L%2024Vdc.pdf;Installation=https://www.lldlight.it/data/istruzioni/Teti.pdf;LDT=https://www.lldlight.it/data/ldt/Teti%20S.zip,,
Teti,,,,,,,,,,,,,,,,,,,,Teti S-L 3W,TES63243B.08,Black,images/teti/teti-s-l-black.jpg,4000K,CRI>80,Phase Dim,IP65,IK06,,24Vdc (remote driver) · cable 50cm · textured finish,3W,190lm,63lm/W,64°,Datasheet=https://www.lldlight.it/data/schede/TETI%20S-L%2024Vdc.pdf;Installation=https://www.lldlight.it/data/istruzioni/Teti.pdf;LDT=https://www.lldlight.it/data/ldt/Teti%20S.zip,,
Teti,,,,,,,,,,,,,,,,,,,,Teti S-L 3W,TES63243B.08B1,Black,images/teti/teti-s-l-black.jpg,4000K,CRI>80,Phase Dim,IP65,IK06,,24Vdc (remote driver) · cable 50cm · with base B1 · textured finish,3W,190lm,63lm/W,64°,Datasheet=https://www.lldlight.it/data/schede/TETI%20S-L%2024Vdc.pdf;Installation=https://www.lldlight.it/data/istruzioni/Teti.pdf;LDT=https://www.lldlight.it/data/ldt/Teti%20S.zip,,
Teti,,,,,,,,,,,,,,,,,,,,Teti S-L 3W,TES63243B.08B2,Black,images/teti/teti-s-l-black.jpg,4000K,CRI>80,Phase Dim,IP65,IK06,,24Vdc (remote driver) · cable 50cm · with base B2 · textured finish,3W,190lm,63lm/W,64°,Datasheet=https://www.lldlight.it/data/schede/TETI%20S-L%2024Vdc.pdf;Installation=https://www.lldlight.it/data/istruzioni/Teti.pdf;LDT=https://www.lldlight.it/data/ldt/Teti%20S.zip,,
Teti,,,,,,,,,,,,,,,,,,,,Teti S-M 3W,TES62221B.08,Black,images/teti/teti-s-m-black.jpg,2700K,CRI>80,Phase Dim,IP65,IK06,,24Vdc (remote driver) · cable 50cm · textured finish,3W,190lm,63lm/W,15°,Datasheet=https://www.lldlight.it/data/schede/TETI%20S-M%2024Vdc.pdf;Installation=https://www.lldlight.it/data/istruzioni/Teti.pdf;LDT=https://www.lldlight.it/data/ldt/Teti%20S.zip,,
Teti,,,,,,,,,,,,,,,,,,,,Teti S-M 3W,TES62221B.08B1,Black,images/teti/teti-s-m-black.jpg,2700K,CRI>80,Phase Dim,IP65,IK06,,24Vdc (remote driver) · cable 50cm · with base B1 · textured finish,3W,190lm,63lm/W,15°,Datasheet=https://www.lldlight.it/data/schede/TETI%20S-M%2024Vdc.pdf;Installation=https://www.lldlight.it/data/istruzioni/Teti.pdf;LDT=https://www.lldlight.it/data/ldt/Teti%20S.zip,,
Teti,,,,,,,,,,,,,,,,,,,,Teti S-M 3W,TES62221B.08B2,Black,images/teti/teti-s-m-black.jpg,2700K,CRI>80,Phase Dim,IP65,IK06,,24Vdc (remote driver) · cable 50cm · with base B2 · textured finish,3W,190lm,63lm/W,15°,Datasheet=https://www.lldlight.it/data/schede/TETI%20S-M%2024Vdc.pdf;Installation=https://www.lldlight.it/data/istruzioni/Teti.pdf;LDT=https://www.lldlight.it/data/ldt/Teti%20S.zip,,
Teti,,,,,,,,,,,,,,,,,,,,Teti S-M 3W,TES62222B.08,Black,images/teti/teti-s-m-black.jpg,2700K,CRI>80,Phase Dim,IP65,IK06,,24Vdc (remote driver) · cable 50cm · textured finish,3W,190lm,63lm/W,28°,Datasheet=https://www.lldlight.it/data/schede/TETI%20S-M%2024Vdc.pdf;Installation=https://www.lldlight.it/data/istruzioni/Teti.pdf;LDT=https://www.lldlight.it/data/ldt/Teti%20S.zip,,
Teti,,,,,,,,,,,,,,,,,,,,Teti S-M 3W,TES62222B.08B1,Black,images/teti/teti-s-m-black.jpg,2700K,CRI>80,Phase Dim,IP65,IK06,,24Vdc (remote driver) · cable 50cm · with base B1 · textured finish,3W,190lm,63lm/W,28°,Datasheet=https://www.lldlight.it/data/schede/TETI%20S-M%2024Vdc.pdf;Installation=https://www.lldlight.it/data/istruzioni/Teti.pdf;LDT=https://www.lldlight.it/data/ldt/Teti%20S.zip,,
Teti,,,,,,,,,,,,,,,,,,,,Teti S-M 3W,TES62222B.08B2,Black,images/teti/teti-s-m-black.jpg,2700K,CRI>80,Phase Dim,IP65,IK06,,24Vdc (remote driver) · cable 50cm · with base B2 · textured finish,3W,190lm,63lm/W,28°,Datasheet=https://www.lldlight.it/data/schede/TETI%20S-M%2024Vdc.pdf;Installation=https://www.lldlight.it/data/istruzioni/Teti.pdf;LDT=https://www.lldlight.it/data/ldt/Teti%20S.zip,,
Teti,,,,,,,,,,,,,,,,,,,,Teti S-M 3W,TES62223B.08,Black,images/teti/teti-s-m-black.jpg,2700K,CRI>80,Phase Dim,IP65,IK06,,24Vdc (remote driver) · cable 50cm · textured finish,3W,190lm,63lm/W,64°,Datasheet=https://www.lldlight.it/data/schede/TETI%20S-M%2024Vdc.pdf;Installation=https://www.lldlight.it/data/istruzioni/Teti.pdf;LDT=https://www.lldlight.it/data/ldt/Teti%20S.zip,,
Teti,,,,,,,,,,,,,,,,,,,,Teti S-M 3W,TES62223B.08B1,Black,images/teti/teti-s-m-black.jpg,2700K,CRI>80,Phase Dim,IP65,IK06,,24Vdc (remote driver) · cable 50cm · with base B1 · textured finish,3W,190lm,63lm/W,64°,Datasheet=https://www.lldlight.it/data/schede/TETI%20S-M%2024Vdc.pdf;Installation=https://www.lldlight.it/data/istruzioni/Teti.pdf;LDT=https://www.lldlight.it/data/ldt/Teti%20S.zip,,
Teti,,,,,,,,,,,,,,,,,,,,Teti S-M 3W,TES62223B.08B2,Black,images/teti/teti-s-m-black.jpg,2700K,CRI>80,Phase Dim,IP65,IK06,,24Vdc (remote driver) · cable 50cm · with base B2 · textured finish,3W,190lm,63lm/W,64°,Datasheet=https://www.lldlight.it/data/schede/TETI%20S-M%2024Vdc.pdf;Installation=https://www.lldlight.it/data/istruzioni/Teti.pdf;LDT=https://www.lldlight.it/data/ldt/Teti%20S.zip,,
Teti,,,,,,,,,,,,,,,,,,,,Teti S-M 3W,TES62231B.08,Black,images/teti/teti-s-m-black.jpg,3000K,CRI>80,Phase Dim,IP65,IK06,,24Vdc (remote driver) · cable 50cm · textured finish,3W,190lm,63lm/W,15°,Datasheet=https://www.lldlight.it/data/schede/TETI%20S-M%2024Vdc.pdf;Installation=https://www.lldlight.it/data/istruzioni/Teti.pdf;LDT=https://www.lldlight.it/data/ldt/Teti%20S.zip,,
Teti,,,,,,,,,,,,,,,,,,,,Teti S-M 3W,TES62231B.08B1,Black,images/teti/teti-s-m-black.jpg,3000K,CRI>80,Phase Dim,IP65,IK06,,24Vdc (remote driver) · cable 50cm · with base B1 · textured finish,3W,190lm,63lm/W,15°,Datasheet=https://www.lldlight.it/data/schede/TETI%20S-M%2024Vdc.pdf;Installation=https://www.lldlight.it/data/istruzioni/Teti.pdf;LDT=https://www.lldlight.it/data/ldt/Teti%20S.zip,,
Teti,,,,,,,,,,,,,,,,,,,,Teti S-M 3W,TES62231B.08B2,Black,images/teti/teti-s-m-black.jpg,3000K,CRI>80,Phase Dim,IP65,IK06,,24Vdc (remote driver) · cable 50cm · with base B2 · textured finish,3W,190lm,63lm/W,15°,Datasheet=https://www.lldlight.it/data/schede/TETI%20S-M%2024Vdc.pdf;Installation=https://www.lldlight.it/data/istruzioni/Teti.pdf;LDT=https://www.lldlight.it/data/ldt/Teti%20S.zip,,
Teti,,,,,,,,,,,,,,,,,,,,Teti S-M 3W,TES62232B.08,Black,images/teti/teti-s-m-black.jpg,3000K,CRI>80,Phase Dim,IP65,IK06,,24Vdc (remote driver) · cable 50cm · textured finish,3W,190lm,63lm/W,28°,Datasheet=https://www.lldlight.it/data/schede/TETI%20S-M%2024Vdc.pdf;Installation=https://www.lldlight.it/data/istruzioni/Teti.pdf;LDT=https://www.lldlight.it/data/ldt/Teti%20S.zip,,
Teti,,,,,,,,,,,,,,,,,,,,Teti S-M 3W,TES62232B.08B1,Black,images/teti/teti-s-m-black.jpg,3000K,CRI>80,Phase Dim,IP65,IK06,,24Vdc (remote driver) · cable 50cm · with base B1 · textured finish,3W,190lm,63lm/W,28°,Datasheet=https://www.lldlight.it/data/schede/TETI%20S-M%2024Vdc.pdf;Installation=https://www.lldlight.it/data/istruzioni/Teti.pdf;LDT=https://www.lldlight.it/data/ldt/Teti%20S.zip,,
Teti,,,,,,,,,,,,,,,,,,,,Teti S-M 3W,TES62232B.08B2,Black,images/teti/teti-s-m-black.jpg,3000K,CRI>80,Phase Dim,IP65,IK06,,24Vdc (remote driver) · cable 50cm · with base B2 · textured finish,3W,190lm,63lm/W,28°,Datasheet=https://www.lldlight.it/data/schede/TETI%20S-M%2024Vdc.pdf;Installation=https://www.lldlight.it/data/istruzioni/Teti.pdf;LDT=https://www.lldlight.it/data/ldt/Teti%20S.zip,,
Teti,,,,,,,,,,,,,,,,,,,,Teti S-M 3W,TES62233B.08,Black,images/teti/teti-s-m-black.jpg,3000K,CRI>80,Phase Dim,IP65,IK06,,24Vdc (remote driver) · cable 50cm · textured finish,3W,190lm,63lm/W,64°,Datasheet=https://www.lldlight.it/data/schede/TETI%20S-M%2024Vdc.pdf;Installation=https://www.lldlight.it/data/istruzioni/Teti.pdf;LDT=https://www.lldlight.it/data/ldt/Teti%20S.zip,,
Teti,,,,,,,,,,,,,,,,,,,,Teti S-M 3W,TES62233B.08B1,Black,images/teti/teti-s-m-black.jpg,3000K,CRI>80,Phase Dim,IP65,IK06,,24Vdc (remote driver) · cable 50cm · with base B1 · textured finish,3W,190lm,63lm/W,64°,Datasheet=https://www.lldlight.it/data/schede/TETI%20S-M%2024Vdc.pdf;Installation=https://www.lldlight.it/data/istruzioni/Teti.pdf;LDT=https://www.lldlight.it/data/ldt/Teti%20S.zip,,
Teti,,,,,,,,,,,,,,,,,,,,Teti S-M 3W,TES62233B.08B2,Black,images/teti/teti-s-m-black.jpg,3000K,CRI>80,Phase Dim,IP65,IK06,,24Vdc (remote driver) · cable 50cm · with base B2 · textured finish,3W,190lm,63lm/W,64°,Datasheet=https://www.lldlight.it/data/schede/TETI%20S-M%2024Vdc.pdf;Installation=https://www.lldlight.it/data/istruzioni/Teti.pdf;LDT=https://www.lldlight.it/data/ldt/Teti%20S.zip,,
Teti,,,,,,,,,,,,,,,,,,,,Teti S-M 3W,TES62241B.08,Black,images/teti/teti-s-m-black.jpg,4000K,CRI>80,Phase Dim,IP65,IK06,,24Vdc (remote driver) · cable 50cm · textured finish,3W,190lm,63lm/W,15°,Datasheet=https://www.lldlight.it/data/schede/TETI%20S-M%2024Vdc.pdf;Installation=https://www.lldlight.it/data/istruzioni/Teti.pdf;LDT=https://www.lldlight.it/data/ldt/Teti%20S.zip,,
Teti,,,,,,,,,,,,,,,,,,,,Teti S-M 3W,TES62241B.08B1,Black,images/teti/teti-s-m-black.jpg,4000K,CRI>80,Phase Dim,IP65,IK06,,24Vdc (remote driver) · cable 50cm · with base B1 · textured finish,3W,190lm,63lm/W,15°,Datasheet=https://www.lldlight.it/data/schede/TETI%20S-M%2024Vdc.pdf;Installation=https://www.lldlight.it/data/istruzioni/Teti.pdf;LDT=https://www.lldlight.it/data/ldt/Teti%20S.zip,,
Teti,,,,,,,,,,,,,,,,,,,,Teti S-M 3W,TES62241B.08B2,Black,images/teti/teti-s-m-black.jpg,4000K,CRI>80,Phase Dim,IP65,IK06,,24Vdc (remote driver) · cable 50cm · with base B2 · textured finish,3W,190lm,63lm/W,15°,Datasheet=https://www.lldlight.it/data/schede/TETI%20S-M%2024Vdc.pdf;Installation=https://www.lldlight.it/data/istruzioni/Teti.pdf;LDT=https://www.lldlight.it/data/ldt/Teti%20S.zip,,
Teti,,,,,,,,,,,,,,,,,,,,Teti S-M 3W,TES62242B.08,Black,images/teti/teti-s-m-black.jpg,4000K,CRI>80,Phase Dim,IP65,IK06,,24Vdc (remote driver) · cable 50cm · textured finish,3W,190lm,63lm/W,28°,Datasheet=https://www.lldlight.it/data/schede/TETI%20S-M%2024Vdc.pdf;Installation=https://www.lldlight.it/data/istruzioni/Teti.pdf;LDT=https://www.lldlight.it/data/ldt/Teti%20S.zip,,
Teti,,,,,,,,,,,,,,,,,,,,Teti S-M 3W,TES62242B.08B1,Black,images/teti/teti-s-m-black.jpg,4000K,CRI>80,Phase Dim,IP65,IK06,,24Vdc (remote driver) · cable 50cm · with base B1 · textured finish,3W,190lm,63lm/W,28°,Datasheet=https://www.lldlight.it/data/schede/TETI%20S-M%2024Vdc.pdf;Installation=https://www.lldlight.it/data/istruzioni/Teti.pdf;LDT=https://www.lldlight.it/data/ldt/Teti%20S.zip,,
Teti,,,,,,,,,,,,,,,,,,,,Teti S-M 3W,TES62242B.08B2,Black,images/teti/teti-s-m-black.jpg,4000K,CRI>80,Phase Dim,IP65,IK06,,24Vdc (remote driver) · cable 50cm · with base B2 · textured finish,3W,190lm,63lm/W,28°,Datasheet=https://www.lldlight.it/data/schede/TETI%20S-M%2024Vdc.pdf;Installation=https://www.lldlight.it/data/istruzioni/Teti.pdf;LDT=https://www.lldlight.it/data/ldt/Teti%20S.zip,,
Teti,,,,,,,,,,,,,,,,,,,,Teti S-M 3W,TES62243B.08,Black,images/teti/teti-s-m-black.jpg,4000K,CRI>80,Phase Dim,IP65,IK06,,24Vdc (remote driver) · cable 50cm · textured finish,3W,190lm,63lm/W,64°,Datasheet=https://www.lldlight.it/data/schede/TETI%20S-M%2024Vdc.pdf;Installation=https://www.lldlight.it/data/istruzioni/Teti.pdf;LDT=https://www.lldlight.it/data/ldt/Teti%20S.zip,,
Teti,,,,,,,,,,,,,,,,,,,,Teti S-M 3W,TES62243B.08B1,Black,images/teti/teti-s-m-black.jpg,4000K,CRI>80,Phase Dim,IP65,IK06,,24Vdc (remote driver) · cable 50cm · with base B1 · textured finish,3W,190lm,63lm/W,64°,Datasheet=https://www.lldlight.it/data/schede/TETI%20S-M%2024Vdc.pdf;Installation=https://www.lldlight.it/data/istruzioni/Teti.pdf;LDT=https://www.lldlight.it/data/ldt/Teti%20S.zip,,
Teti,,,,,,,,,,,,,,,,,,,,Teti S-M 3W,TES62243B.08B2,Black,images/teti/teti-s-m-black.jpg,4000K,CRI>80,Phase Dim,IP65,IK06,,24Vdc (remote driver) · cable 50cm · with base B2 · textured finish,3W,190lm,63lm/W,64°,Datasheet=https://www.lldlight.it/data/schede/TETI%20S-M%2024Vdc.pdf;Installation=https://www.lldlight.it/data/istruzioni/Teti.pdf;LDT=https://www.lldlight.it/data/ldt/Teti%20S.zip,,
Udeo Bollard,LLD Light,Exterior,Bollard,Outdoor bollard · 2 sizes,"Udeo Bollard is an outdoor bollard in 2 heights and sizes, running on 24V DC. It comes in a textured black finish, with 25°, 36°, 62°, diffused light, in 2200K, 2700K, 3000K, 4000K. On the ground with base and screws (included) On the ground with formwork kit and screws (not included) On the ground with stake (not included).","Outdoor bollard. Body and base in anticorodal aluminum, screen-printed tempered glass. IP65. IK06. CRI >80. 3-step MacAdam. Lifetime 50,000h L80 B10. Supply 24Vdc.",2200K | 2700K | 3000K | 4000K,CRI>80,Phase Dim,IP65,IK06,Black,bollard,,images/udeo-bollard/udeo-bollard-thumb.jpg;images/udeo-bollard/udeo-bollard-dimensions-l.png;images/udeo-bollard/udeo-bollard-dimensions-s.png,,,images/udeo-bollard/udeo-bollard-dimensions-l.png,"L: 9,5W IP65IK06 700mm · S: 9,5W IP65IK06 290mm",Udeo Bollard L 9.5W,UDB632B1B.08,Black,images/udeo-bollard/udeo-bollard-l-black.jpg,2200K,CRI>80,Phase Dim,IP65,IK06,,24Vdc (remote driver) · cable 50cm · textured finish,9.5W,771lm,81lm/W,25°,Datasheet=https://www.lldlight.it/data/schede/UDEO%20BOLLARD%20L%2024Vdc.pdf;Installation=https://www.lldlight.it/data/istruzioni/Udeo%20Bollard.pdf;LDT=https://www.lldlight.it/data/ldt/Udeo%20Bollard.zip,,
Udeo Bollard,,,,,,,,,,,,,,,,,,,,Udeo Bollard L 9.5W,UDB632B2B.08,Black,images/udeo-bollard/udeo-bollard-l-black.jpg,2200K,CRI>80,Phase Dim,IP65,IK06,,24Vdc (remote driver) · cable 50cm · textured finish,9.5W,771lm,81lm/W,36°,Datasheet=https://www.lldlight.it/data/schede/UDEO%20BOLLARD%20L%2024Vdc.pdf;Installation=https://www.lldlight.it/data/istruzioni/Udeo%20Bollard.pdf;LDT=https://www.lldlight.it/data/ldt/Udeo%20Bollard.zip,,
Udeo Bollard,,,,,,,,,,,,,,,,,,,,Udeo Bollard L 9.5W,UDB632B3B.08,Black,images/udeo-bollard/udeo-bollard-l-black.jpg,2200K,CRI>80,Phase Dim,IP65,IK06,,24Vdc (remote driver) · cable 50cm · textured finish,9.5W,771lm,81lm/W,62°,Datasheet=https://www.lldlight.it/data/schede/UDEO%20BOLLARD%20L%2024Vdc.pdf;Installation=https://www.lldlight.it/data/istruzioni/Udeo%20Bollard.pdf;LDT=https://www.lldlight.it/data/ldt/Udeo%20Bollard.zip,,
Udeo Bollard,,,,,,,,,,,,,,,,,,,,Udeo Bollard L 9.5W,UDB632B4B.08,Black,images/udeo-bollard/udeo-bollard-l-black.jpg,2200K,CRI>80,Phase Dim,IP65,IK06,,24Vdc (remote driver) · cable 50cm · textured finish,9.5W,771lm,81lm/W,Diffused,Datasheet=https://www.lldlight.it/data/schede/UDEO%20BOLLARD%20L%2024Vdc.pdf;Installation=https://www.lldlight.it/data/istruzioni/Udeo%20Bollard.pdf;LDT=https://www.lldlight.it/data/ldt/Udeo%20Bollard.zip,,
Udeo Bollard,,,,,,,,,,,,,,,,,,,,Udeo Bollard L 9.5W,UDB63221B.08,Black,images/udeo-bollard/udeo-bollard-l-black.jpg,2700K,CRI>80,Phase Dim,IP65,IK06,,24Vdc (remote driver) · cable 50cm · textured finish,9.5W,771lm,81lm/W,25°,Datasheet=https://www.lldlight.it/data/schede/UDEO%20BOLLARD%20L%2024Vdc.pdf;Installation=https://www.lldlight.it/data/istruzioni/Udeo%20Bollard.pdf;LDT=https://www.lldlight.it/data/ldt/Udeo%20Bollard.zip,,
Udeo Bollard,,,,,,,,,,,,,,,,,,,,Udeo Bollard L 9.5W,UDB63222B.08,Black,images/udeo-bollard/udeo-bollard-l-black.jpg,2700K,CRI>80,Phase Dim,IP65,IK06,,24Vdc (remote driver) · cable 50cm · textured finish,9.5W,771lm,81lm/W,36°,Datasheet=https://www.lldlight.it/data/schede/UDEO%20BOLLARD%20L%2024Vdc.pdf;Installation=https://www.lldlight.it/data/istruzioni/Udeo%20Bollard.pdf;LDT=https://www.lldlight.it/data/ldt/Udeo%20Bollard.zip,,
Udeo Bollard,,,,,,,,,,,,,,,,,,,,Udeo Bollard L 9.5W,UDB63223B.08,Black,images/udeo-bollard/udeo-bollard-l-black.jpg,2700K,CRI>80,Phase Dim,IP65,IK06,,24Vdc (remote driver) · cable 50cm · textured finish,9.5W,771lm,81lm/W,62°,Datasheet=https://www.lldlight.it/data/schede/UDEO%20BOLLARD%20L%2024Vdc.pdf;Installation=https://www.lldlight.it/data/istruzioni/Udeo%20Bollard.pdf;LDT=https://www.lldlight.it/data/ldt/Udeo%20Bollard.zip,,
Udeo Bollard,,,,,,,,,,,,,,,,,,,,Udeo Bollard L 9.5W,UDB63224B.08,Black,images/udeo-bollard/udeo-bollard-l-black.jpg,2700K,CRI>80,Phase Dim,IP65,IK06,,24Vdc (remote driver) · cable 50cm · textured finish,9.5W,771lm,81lm/W,Diffused,Datasheet=https://www.lldlight.it/data/schede/UDEO%20BOLLARD%20L%2024Vdc.pdf;Installation=https://www.lldlight.it/data/istruzioni/Udeo%20Bollard.pdf;LDT=https://www.lldlight.it/data/ldt/Udeo%20Bollard.zip,,
Udeo Bollard,,,,,,,,,,,,,,,,,,,,Udeo Bollard L 9.5W,UDB63231B.08,Black,images/udeo-bollard/udeo-bollard-l-black.jpg,3000K,CRI>80,Phase Dim,IP65,IK06,,24Vdc (remote driver) · cable 50cm · textured finish,9.5W,771lm,81lm/W,25°,Datasheet=https://www.lldlight.it/data/schede/UDEO%20BOLLARD%20L%2024Vdc.pdf;Installation=https://www.lldlight.it/data/istruzioni/Udeo%20Bollard.pdf;LDT=https://www.lldlight.it/data/ldt/Udeo%20Bollard.zip,,
Udeo Bollard,,,,,,,,,,,,,,,,,,,,Udeo Bollard L 9.5W,UDB63232B.08,Black,images/udeo-bollard/udeo-bollard-l-black.jpg,3000K,CRI>80,Phase Dim,IP65,IK06,,24Vdc (remote driver) · cable 50cm · textured finish,9.5W,771lm,81lm/W,36°,Datasheet=https://www.lldlight.it/data/schede/UDEO%20BOLLARD%20L%2024Vdc.pdf;Installation=https://www.lldlight.it/data/istruzioni/Udeo%20Bollard.pdf;LDT=https://www.lldlight.it/data/ldt/Udeo%20Bollard.zip,,
Udeo Bollard,,,,,,,,,,,,,,,,,,,,Udeo Bollard L 9.5W,UDB63233B.08,Black,images/udeo-bollard/udeo-bollard-l-black.jpg,3000K,CRI>80,Phase Dim,IP65,IK06,,24Vdc (remote driver) · cable 50cm · textured finish,9.5W,771lm,81lm/W,62°,Datasheet=https://www.lldlight.it/data/schede/UDEO%20BOLLARD%20L%2024Vdc.pdf;Installation=https://www.lldlight.it/data/istruzioni/Udeo%20Bollard.pdf;LDT=https://www.lldlight.it/data/ldt/Udeo%20Bollard.zip,,
Udeo Bollard,,,,,,,,,,,,,,,,,,,,Udeo Bollard L 9.5W,UDB63234B.08,Black,images/udeo-bollard/udeo-bollard-l-black.jpg,3000K,CRI>80,Phase Dim,IP65,IK06,,24Vdc (remote driver) · cable 50cm · textured finish,9.5W,771lm,81lm/W,Diffused,Datasheet=https://www.lldlight.it/data/schede/UDEO%20BOLLARD%20L%2024Vdc.pdf;Installation=https://www.lldlight.it/data/istruzioni/Udeo%20Bollard.pdf;LDT=https://www.lldlight.it/data/ldt/Udeo%20Bollard.zip,,
Udeo Bollard,,,,,,,,,,,,,,,,,,,,Udeo Bollard L 9.5W,UDB63241B.08,Black,images/udeo-bollard/udeo-bollard-l-black.jpg,4000K,CRI>80,Phase Dim,IP65,IK06,,24Vdc (remote driver) · cable 50cm · textured finish,9.5W,771lm,81lm/W,25°,Datasheet=https://www.lldlight.it/data/schede/UDEO%20BOLLARD%20L%2024Vdc.pdf;Installation=https://www.lldlight.it/data/istruzioni/Udeo%20Bollard.pdf;LDT=https://www.lldlight.it/data/ldt/Udeo%20Bollard.zip,,
Udeo Bollard,,,,,,,,,,,,,,,,,,,,Udeo Bollard L 9.5W,UDB63242B.08,Black,images/udeo-bollard/udeo-bollard-l-black.jpg,4000K,CRI>80,Phase Dim,IP65,IK06,,24Vdc (remote driver) · cable 50cm · textured finish,9.5W,771lm,81lm/W,36°,Datasheet=https://www.lldlight.it/data/schede/UDEO%20BOLLARD%20L%2024Vdc.pdf;Installation=https://www.lldlight.it/data/istruzioni/Udeo%20Bollard.pdf;LDT=https://www.lldlight.it/data/ldt/Udeo%20Bollard.zip,,
Udeo Bollard,,,,,,,,,,,,,,,,,,,,Udeo Bollard L 9.5W,UDB63243B.08,Black,images/udeo-bollard/udeo-bollard-l-black.jpg,4000K,CRI>80,Phase Dim,IP65,IK06,,24Vdc (remote driver) · cable 50cm · textured finish,9.5W,771lm,81lm/W,62°,Datasheet=https://www.lldlight.it/data/schede/UDEO%20BOLLARD%20L%2024Vdc.pdf;Installation=https://www.lldlight.it/data/istruzioni/Udeo%20Bollard.pdf;LDT=https://www.lldlight.it/data/ldt/Udeo%20Bollard.zip,,
Udeo Bollard,,,,,,,,,,,,,,,,,,,,Udeo Bollard L 9.5W,UDB63244B.08,Black,images/udeo-bollard/udeo-bollard-l-black.jpg,4000K,CRI>80,Phase Dim,IP65,IK06,,24Vdc (remote driver) · cable 50cm · textured finish,9.5W,771lm,81lm/W,Diffused,Datasheet=https://www.lldlight.it/data/schede/UDEO%20BOLLARD%20L%2024Vdc.pdf;Installation=https://www.lldlight.it/data/istruzioni/Udeo%20Bollard.pdf;LDT=https://www.lldlight.it/data/ldt/Udeo%20Bollard.zip,,
Udeo Bollard,,,,,,,,,,,,,,,,,,,,Udeo Bollard S 9.5W,UDB612B1B.08,Black,images/udeo-bollard/udeo-bollard-s-black.jpg,2200K,CRI>80,Phase Dim,IP65,IK06,,24Vdc (remote driver) · cable 50cm · textured finish,9.5W,771lm,81lm/W,25°,Datasheet=https://www.lldlight.it/data/schede/UDEO%20BOLLARD%20S%2024Vdc.pdf;Installation=https://www.lldlight.it/data/istruzioni/Udeo%20Bollard.pdf;LDT=https://www.lldlight.it/data/ldt/Udeo%20Bollard.zip,,
Udeo Bollard,,,,,,,,,,,,,,,,,,,,Udeo Bollard S 9.5W,UDB612B2B.08,Black,images/udeo-bollard/udeo-bollard-s-black.jpg,2200K,CRI>80,Phase Dim,IP65,IK06,,24Vdc (remote driver) · cable 50cm · textured finish,9.5W,771lm,81lm/W,36°,Datasheet=https://www.lldlight.it/data/schede/UDEO%20BOLLARD%20S%2024Vdc.pdf;Installation=https://www.lldlight.it/data/istruzioni/Udeo%20Bollard.pdf;LDT=https://www.lldlight.it/data/ldt/Udeo%20Bollard.zip,,
Udeo Bollard,,,,,,,,,,,,,,,,,,,,Udeo Bollard S 9.5W,UDB612B3B.08,Black,images/udeo-bollard/udeo-bollard-s-black.jpg,2200K,CRI>80,Phase Dim,IP65,IK06,,24Vdc (remote driver) · cable 50cm · textured finish,9.5W,771lm,81lm/W,62°,Datasheet=https://www.lldlight.it/data/schede/UDEO%20BOLLARD%20S%2024Vdc.pdf;Installation=https://www.lldlight.it/data/istruzioni/Udeo%20Bollard.pdf;LDT=https://www.lldlight.it/data/ldt/Udeo%20Bollard.zip,,
Udeo Bollard,,,,,,,,,,,,,,,,,,,,Udeo Bollard S 9.5W,UDB612B4B.08,Black,images/udeo-bollard/udeo-bollard-s-black.jpg,2200K,CRI>80,Phase Dim,IP65,IK06,,24Vdc (remote driver) · cable 50cm · textured finish,9.5W,771lm,81lm/W,Diffused,Datasheet=https://www.lldlight.it/data/schede/UDEO%20BOLLARD%20S%2024Vdc.pdf;Installation=https://www.lldlight.it/data/istruzioni/Udeo%20Bollard.pdf;LDT=https://www.lldlight.it/data/ldt/Udeo%20Bollard.zip,,
Udeo Bollard,,,,,,,,,,,,,,,,,,,,Udeo Bollard S 9.5W,UDB61221B.08,Black,images/udeo-bollard/udeo-bollard-s-black.jpg,2700K,CRI>80,Phase Dim,IP65,IK06,,24Vdc (remote driver) · cable 50cm · textured finish,9.5W,771lm,81lm/W,25°,Datasheet=https://www.lldlight.it/data/schede/UDEO%20BOLLARD%20S%2024Vdc.pdf;Installation=https://www.lldlight.it/data/istruzioni/Udeo%20Bollard.pdf;LDT=https://www.lldlight.it/data/ldt/Udeo%20Bollard.zip,,
Udeo Bollard,,,,,,,,,,,,,,,,,,,,Udeo Bollard S 9.5W,UDB61222B.08,Black,images/udeo-bollard/udeo-bollard-s-black.jpg,2700K,CRI>80,Phase Dim,IP65,IK06,,24Vdc (remote driver) · cable 50cm · textured finish,9.5W,771lm,81lm/W,36°,Datasheet=https://www.lldlight.it/data/schede/UDEO%20BOLLARD%20S%2024Vdc.pdf;Installation=https://www.lldlight.it/data/istruzioni/Udeo%20Bollard.pdf;LDT=https://www.lldlight.it/data/ldt/Udeo%20Bollard.zip,,
Udeo Bollard,,,,,,,,,,,,,,,,,,,,Udeo Bollard S 9.5W,UDB61223B.08,Black,images/udeo-bollard/udeo-bollard-s-black.jpg,2700K,CRI>80,Phase Dim,IP65,IK06,,24Vdc (remote driver) · cable 50cm · textured finish,9.5W,771lm,81lm/W,62°,Datasheet=https://www.lldlight.it/data/schede/UDEO%20BOLLARD%20S%2024Vdc.pdf;Installation=https://www.lldlight.it/data/istruzioni/Udeo%20Bollard.pdf;LDT=https://www.lldlight.it/data/ldt/Udeo%20Bollard.zip,,
Udeo Bollard,,,,,,,,,,,,,,,,,,,,Udeo Bollard S 9.5W,UDB61224B.08,Black,images/udeo-bollard/udeo-bollard-s-black.jpg,2700K,CRI>80,Phase Dim,IP65,IK06,,24Vdc (remote driver) · cable 50cm · textured finish,9.5W,771lm,81lm/W,Diffused,Datasheet=https://www.lldlight.it/data/schede/UDEO%20BOLLARD%20S%2024Vdc.pdf;Installation=https://www.lldlight.it/data/istruzioni/Udeo%20Bollard.pdf;LDT=https://www.lldlight.it/data/ldt/Udeo%20Bollard.zip,,
Udeo Bollard,,,,,,,,,,,,,,,,,,,,Udeo Bollard S 9.5W,UDB61231B.08,Black,images/udeo-bollard/udeo-bollard-s-black.jpg,3000K,CRI>80,Phase Dim,IP65,IK06,,24Vdc (remote driver) · cable 50cm · textured finish,9.5W,771lm,81lm/W,25°,Datasheet=https://www.lldlight.it/data/schede/UDEO%20BOLLARD%20S%2024Vdc.pdf;Installation=https://www.lldlight.it/data/istruzioni/Udeo%20Bollard.pdf;LDT=https://www.lldlight.it/data/ldt/Udeo%20Bollard.zip,,
Udeo Bollard,,,,,,,,,,,,,,,,,,,,Udeo Bollard S 9.5W,UDB61232B.08,Black,images/udeo-bollard/udeo-bollard-s-black.jpg,3000K,CRI>80,Phase Dim,IP65,IK06,,24Vdc (remote driver) · cable 50cm · textured finish,9.5W,771lm,81lm/W,36°,Datasheet=https://www.lldlight.it/data/schede/UDEO%20BOLLARD%20S%2024Vdc.pdf;Installation=https://www.lldlight.it/data/istruzioni/Udeo%20Bollard.pdf;LDT=https://www.lldlight.it/data/ldt/Udeo%20Bollard.zip,,
Udeo Bollard,,,,,,,,,,,,,,,,,,,,Udeo Bollard S 9.5W,UDB61233B.08,Black,images/udeo-bollard/udeo-bollard-s-black.jpg,3000K,CRI>80,Phase Dim,IP65,IK06,,24Vdc (remote driver) · cable 50cm · textured finish,9.5W,771lm,81lm/W,62°,Datasheet=https://www.lldlight.it/data/schede/UDEO%20BOLLARD%20S%2024Vdc.pdf;Installation=https://www.lldlight.it/data/istruzioni/Udeo%20Bollard.pdf;LDT=https://www.lldlight.it/data/ldt/Udeo%20Bollard.zip,,
Udeo Bollard,,,,,,,,,,,,,,,,,,,,Udeo Bollard S 9.5W,UDB61234B.08,Black,images/udeo-bollard/udeo-bollard-s-black.jpg,3000K,CRI>80,Phase Dim,IP65,IK06,,24Vdc (remote driver) · cable 50cm · textured finish,9.5W,771lm,81lm/W,Diffused,Datasheet=https://www.lldlight.it/data/schede/UDEO%20BOLLARD%20S%2024Vdc.pdf;Installation=https://www.lldlight.it/data/istruzioni/Udeo%20Bollard.pdf;LDT=https://www.lldlight.it/data/ldt/Udeo%20Bollard.zip,,
Udeo Bollard,,,,,,,,,,,,,,,,,,,,Udeo Bollard S 9.5W,UDB61241B.08,Black,images/udeo-bollard/udeo-bollard-s-black.jpg,4000K,CRI>80,Phase Dim,IP65,IK06,,24Vdc (remote driver) · cable 50cm · textured finish,9.5W,771lm,81lm/W,25°,Datasheet=https://www.lldlight.it/data/schede/UDEO%20BOLLARD%20S%2024Vdc.pdf;Installation=https://www.lldlight.it/data/istruzioni/Udeo%20Bollard.pdf;LDT=https://www.lldlight.it/data/ldt/Udeo%20Bollard.zip,,
Udeo Bollard,,,,,,,,,,,,,,,,,,,,Udeo Bollard S 9.5W,UDB61242B.08,Black,images/udeo-bollard/udeo-bollard-s-black.jpg,4000K,CRI>80,Phase Dim,IP65,IK06,,24Vdc (remote driver) · cable 50cm · textured finish,9.5W,771lm,81lm/W,36°,Datasheet=https://www.lldlight.it/data/schede/UDEO%20BOLLARD%20S%2024Vdc.pdf;Installation=https://www.lldlight.it/data/istruzioni/Udeo%20Bollard.pdf;LDT=https://www.lldlight.it/data/ldt/Udeo%20Bollard.zip,,
Udeo Bollard,,,,,,,,,,,,,,,,,,,,Udeo Bollard S 9.5W,UDB61243B.08,Black,images/udeo-bollard/udeo-bollard-s-black.jpg,4000K,CRI>80,Phase Dim,IP65,IK06,,24Vdc (remote driver) · cable 50cm · textured finish,9.5W,771lm,81lm/W,62°,Datasheet=https://www.lldlight.it/data/schede/UDEO%20BOLLARD%20S%2024Vdc.pdf;Installation=https://www.lldlight.it/data/istruzioni/Udeo%20Bollard.pdf;LDT=https://www.lldlight.it/data/ldt/Udeo%20Bollard.zip,,
Udeo Bollard,,,,,,,,,,,,,,,,,,,,Udeo Bollard S 9.5W,UDB61244B.08,Black,images/udeo-bollard/udeo-bollard-s-black.jpg,4000K,CRI>80,Phase Dim,IP65,IK06,,24Vdc (remote driver) · cable 50cm · textured finish,9.5W,771lm,81lm/W,Diffused,Datasheet=https://www.lldlight.it/data/schede/UDEO%20BOLLARD%20S%2024Vdc.pdf;Installation=https://www.lldlight.it/data/istruzioni/Udeo%20Bollard.pdf;LDT=https://www.lldlight.it/data/ldt/Udeo%20Bollard.zip,,
