family,brand,environment,category,tagline,description,specification,cct,cri,control,ip,finishes,drawing,new,images,slides,slide_tag,dimensions,dimensions_note,model,code,model_finish,model_image,model_cct,model_cri,model_control,model_ip,model_ugr,model_details,power,flux,efficacy,beam,downloads
ma2_10,Macrolux,Interior,Profiles for Flexible Linear,"An aluminium LED profile, supplied empty and cut to length.","ma2_10 is a Macrolux aluminium profile for building continuous lines of light with your own LED strip. It comes empty, without LED strip or driver, cut to 1000 or 2000mm. Available in white or black.","Aluminium LED profile, supplied empty: no LED strip, no driver. Cut to 1000 | 2000mm from Macrolux's cut-to-length article (max 3m). Finishes: White | Black.",,,,,White | Black,linear,Yes,images/macrolux/ma2-10.jpg,,,,"Cut to 1000mm or 2000mm (Macrolux cut-to-length, max 3m)",ma2_10 1000mm,1301.0210.00.94 L=1000,White,images/macrolux/ma2-10.jpg,,,,,,"Profile · cut to 1000mm from MA2_10-94 (Macrolux cut-to-length, max 3m) · no LED or driver",,,,,Datasheet=https://app.macrolux.store/api/pdf/getPdfBrochureModello?idModello=5f7ef6d9bf02f6476093b56d&locale=en
ma2_10,,,,,,,,,,,,,,,,,,,ma2_10 1000mm,1301.0210.00.92 L=1000,Black,images/macrolux/ma2-10.jpg,,,,,,"Profile · cut to 1000mm from MA2_10-92 (Macrolux cut-to-length, max 3m) · no LED or driver",,,,,Datasheet=https://app.macrolux.store/api/pdf/getPdfBrochureModello?idModello=5f7ef6d9bf02f6476093b56d&locale=en
ma2_10,,,,,,,,,,,,,,,,,,,ma2_10 2000mm,1301.0210.00.94 L=2000,White,images/macrolux/ma2-10.jpg,,,,,,"Profile · cut to 2000mm from MA2_10-94 (Macrolux cut-to-length, max 3m) · no LED or driver",,,,,Datasheet=https://app.macrolux.store/api/pdf/getPdfBrochureModello?idModello=5f7ef6d9bf02f6476093b56d&locale=en
ma2_10,,,,,,,,,,,,,,,,,,,ma2_10 2000mm,1301.0210.00.92 L=2000,Black,images/macrolux/ma2-10.jpg,,,,,,"Profile · cut to 2000mm from MA2_10-92 (Macrolux cut-to-length, max 3m) · no LED or driver",,,,,Datasheet=https://app.macrolux.store/api/pdf/getPdfBrochureModello?idModello=5f7ef6d9bf02f6476093b56d&locale=en
ma_12,Macrolux,Interior,Profiles for Flexible Linear,"An aluminium LED profile, supplied empty and cut to length.","ma_12 is a Macrolux aluminium profile for building continuous lines of light with your own LED strip. It comes empty, without LED strip or driver, cut to 1000 or 2000mm. Available in white or black, with matching end caps.","Aluminium LED profile, supplied empty: no LED strip, no driver. Cut to 1000 | 2000mm from Macrolux's cut-to-length article (max 3m). Finishes: White | Black. Joiners, fixings and diffusers that fit are on the Macrolux profile accessories page.",,,,,White | Black,linear,Yes,images/macrolux/ma-12.jpg,,,,"Cut to 1000mm or 2000mm (Macrolux cut-to-length, max 3m)",ma_12 1000mm,1301.0012.00.94 L=1000,White,images/macrolux/ma-12.jpg,,,,,,"Profile · cut to 1000mm from MA_12-94 (Macrolux cut-to-length, max 3m) · no LED or driver",,,,,Datasheet=https://app.macrolux.store/api/pdf/getPdfBrochureModello?idModello=5b6ac62f4c869e87a010ac2d&locale=en
ma_12,,,,,,,,,,,,,,,,,,,ma_12 1000mm,1301.0012.00.92 L=1000,Black,images/macrolux/ma-12.jpg,,,,,,"Profile · cut to 1000mm from MA_12-92 (Macrolux cut-to-length, max 3m) · no LED or driver",,,,,Datasheet=https://app.macrolux.store/api/pdf/getPdfBrochureModello?idModello=5b6ac62f4c869e87a010ac2d&locale=en
ma_12,,,,,,,,,,,,,,,,,,,ma_12 2000mm,1301.0012.00.94 L=2000,White,images/macrolux/ma-12.jpg,,,,,,"Profile · cut to 2000mm from MA_12-94 (Macrolux cut-to-length, max 3m) · no LED or driver",,,,,Datasheet=https://app.macrolux.store/api/pdf/getPdfBrochureModello?idModello=5b6ac62f4c869e87a010ac2d&locale=en
ma_12,,,,,,,,,,,,,,,,,,,ma_12 2000mm,1301.0012.00.92 L=2000,Black,images/macrolux/ma-12.jpg,,,,,,"Profile · cut to 2000mm from MA_12-92 (Macrolux cut-to-length, max 3m) · no LED or driver",,,,,Datasheet=https://app.macrolux.store/api/pdf/getPdfBrochureModello?idModello=5b6ac62f4c869e87a010ac2d&locale=en
ma_12,,,,,,,,,,,,,,,,,,,ma_12 accessories,1301.5012.94,White,,,,,,,End cap · MA_12/TC/SX-4 · left,,,,,Datasheet=https://app.macrolux.store/api/pdf/getPdfBrochureModello?idModello=5b6ac62f4c869e87a010ac2d&locale=en
ma_12,,,,,,,,,,,,,,,,,,,ma_12 accessories,1301.6012.94,White,,,,,,,End cap · MA_12/TC/DX-4 · right,,,,,Datasheet=https://app.macrolux.store/api/pdf/getPdfBrochureModello?idModello=5b6ac62f4c869e87a010ac2d&locale=en
ma_12,,,,,,,,,,,,,,,,,,,ma_12 accessories,1301.5012.92,Black,,,,,,,End cap · MA_12/TC/SX-2 · left,,,,,Datasheet=https://app.macrolux.store/api/pdf/getPdfBrochureModello?idModello=5b6ac62f4c869e87a010ac2d&locale=en
ma_12,,,,,,,,,,,,,,,,,,,ma_12 accessories,1301.6012.92,Black,,,,,,,End cap · MA_12/TC/DX-2 · right,,,,,Datasheet=https://app.macrolux.store/api/pdf/getPdfBrochureModello?idModello=5b6ac62f4c869e87a010ac2d&locale=en
mb_15,Macrolux,Interior,Profiles for Flexible Linear,"An aluminium LED profile, supplied empty and cut to length.","mb_15 is a Macrolux aluminium profile for building continuous lines of light with your own LED strip. It comes empty, without LED strip or driver, cut to 1000 or 2000mm. Available in white, black or anodised grey, with matching end caps.","Aluminium LED profile, supplied empty: no LED strip, no driver. Cut to 1000 | 2000mm from Macrolux's cut-to-length article (max 3m). Finishes: White | Black | Anodised grey. Joiners, fixings and diffusers that fit are on the Macrolux profile accessories page.",,,,,White | Black | Anodised grey,linear,Yes,images/macrolux/mb-15.jpg,,,,"Cut to 1000mm or 2000mm (Macrolux cut-to-length, max 3m)",mb_15 1000mm,1302.0015.00.94 L=1000,White,images/macrolux/mb-15.jpg,,,,,,"Profile · cut to 1000mm from MB_15-94 (Macrolux cut-to-length, max 3m) · no LED or driver",,,,,Datasheet=https://app.macrolux.store/api/pdf/getPdfBrochureModello?idModello=5b4f025f2a5a7e80f8f636a0&locale=en
mb_15,,,,,,,,,,,,,,,,,,,mb_15 1000mm,1302.0015.00.92 L=1000,Black,images/macrolux/mb-15.jpg,,,,,,"Profile · cut to 1000mm from MB_15-92 (Macrolux cut-to-length, max 3m) · no LED or driver",,,,,Datasheet=https://app.macrolux.store/api/pdf/getPdfBrochureModello?idModello=5b4f025f2a5a7e80f8f636a0&locale=en
mb_15,,,,,,,,,,,,,,,,,,,mb_15 1000mm,1302.0015.00.98 L=1000,Anodised grey,images/macrolux/mb-15.jpg,,,,,,"Profile · cut to 1000mm from MB_15-98 (Macrolux cut-to-length, max 3m) · no LED or driver",,,,,Datasheet=https://app.macrolux.store/api/pdf/getPdfBrochureModello?idModello=5b4f025f2a5a7e80f8f636a0&locale=en
mb_15,,,,,,,,,,,,,,,,,,,mb_15 2000mm,1302.0015.00.94 L=2000,White,images/macrolux/mb-15.jpg,,,,,,"Profile · cut to 2000mm from MB_15-94 (Macrolux cut-to-length, max 3m) · no LED or driver",,,,,Datasheet=https://app.macrolux.store/api/pdf/getPdfBrochureModello?idModello=5b4f025f2a5a7e80f8f636a0&locale=en
mb_15,,,,,,,,,,,,,,,,,,,mb_15 2000mm,1302.0015.00.92 L=2000,Black,images/macrolux/mb-15.jpg,,,,,,"Profile · cut to 2000mm from MB_15-92 (Macrolux cut-to-length, max 3m) · no LED or driver",,,,,Datasheet=https://app.macrolux.store/api/pdf/getPdfBrochureModello?idModello=5b4f025f2a5a7e80f8f636a0&locale=en
mb_15,,,,,,,,,,,,,,,,,,,mb_15 2000mm,1302.0015.00.98 L=2000,Anodised grey,images/macrolux/mb-15.jpg,,,,,,"Profile · cut to 2000mm from MB_15-98 (Macrolux cut-to-length, max 3m) · no LED or driver",,,,,Datasheet=https://app.macrolux.store/api/pdf/getPdfBrochureModello?idModello=5b4f025f2a5a7e80f8f636a0&locale=en
mb_15,,,,,,,,,,,,,,,,,,,mb_15 accessories,1302.5015.94,White,,,,,,,End cap · MB_15/TC-94,,,,,Datasheet=https://app.macrolux.store/api/pdf/getPdfBrochureModello?idModello=5b4f025f2a5a7e80f8f636a0&locale=en
mb_15,,,,,,,,,,,,,,,,,,,mb_15 accessories,1302.5015.92,Black,,,,,,,End cap · MB_15/TC-92,,,,,Datasheet=https://app.macrolux.store/api/pdf/getPdfBrochureModello?idModello=5b4f025f2a5a7e80f8f636a0&locale=en
mb_15,,,,,,,,,,,,,,,,,,,mb_15 accessories,1302.5015.98,Anodised grey,,,,,,,End cap · MB_15/TC-98,,,,,Datasheet=https://app.macrolux.store/api/pdf/getPdfBrochureModello?idModello=5b4f025f2a5a7e80f8f636a0&locale=en
md_12,Macrolux,Interior,Profiles for Flexible Linear,"An aluminium LED profile, supplied empty and cut to length.","md_12 is a Macrolux aluminium profile for building continuous lines of light with your own LED strip. It comes empty, without LED strip or driver, cut to 1000 or 2000mm. Available in white or black, with matching end caps.","Aluminium LED profile, supplied empty: no LED strip, no driver. Cut to 1000 | 2000mm from Macrolux's cut-to-length article (max 3m). Finishes: White | Black. Joiners, fixings and diffusers that fit are on the Macrolux profile accessories page.",,,,,White | Black,linear,Yes,images/macrolux/md-12.jpg,,,,"Cut to 1000mm or 2000mm (Macrolux cut-to-length, max 3m)",md_12 1000mm,134.0112.00.94 L=1000,White,images/macrolux/md-12.jpg,,,,,,"Profile · cut to 1000mm from MD_12-94 (Macrolux cut-to-length, max 3m) · no LED or driver",,,,,Datasheet=https://app.macrolux.store/api/pdf/getPdfBrochureModello?idModello=5ae71aedfec61634103a519c&locale=en
md_12,,,,,,,,,,,,,,,,,,,md_12 1000mm,134.0112.00.92 L=1000,Black,images/macrolux/md-12.jpg,,,,,,"Profile · cut to 1000mm from MD_12-92 (Macrolux cut-to-length, max 3m) · no LED or driver",,,,,Datasheet=https://app.macrolux.store/api/pdf/getPdfBrochureModello?idModello=5ae71aedfec61634103a519c&locale=en
md_12,,,,,,,,,,,,,,,,,,,md_12 2000mm,134.0112.00.94 L=2000,White,images/macrolux/md-12.jpg,,,,,,"Profile · cut to 2000mm from MD_12-94 (Macrolux cut-to-length, max 3m) · no LED or driver",,,,,Datasheet=https://app.macrolux.store/api/pdf/getPdfBrochureModello?idModello=5ae71aedfec61634103a519c&locale=en
md_12,,,,,,,,,,,,,,,,,,,md_12 2000mm,134.0112.00.92 L=2000,Black,images/macrolux/md-12.jpg,,,,,,"Profile · cut to 2000mm from MD_12-92 (Macrolux cut-to-length, max 3m) · no LED or driver",,,,,Datasheet=https://app.macrolux.store/api/pdf/getPdfBrochureModello?idModello=5ae71aedfec61634103a519c&locale=en
md_12,,,,,,,,,,,,,,,,,,,md_12 accessories,134.5112.94,White,,,,,,,End cap · MD_12/TC-94,,,,,Datasheet=https://app.macrolux.store/api/pdf/getPdfBrochureModello?idModello=5ae71aedfec61634103a519c&locale=en
md_12,,,,,,,,,,,,,,,,,,,md_12 accessories,134.5112.92,Black,,,,,,,End cap · MD_12/TC-92,,,,,Datasheet=https://app.macrolux.store/api/pdf/getPdfBrochureModello?idModello=5ae71aedfec61634103a519c&locale=en
ml_12,Macrolux,Interior,Profiles for Flexible Linear,"A plasterboard-recessed LED profile, supplied empty and cut to length.","ml_12 is a Macrolux aluminium profile for recessing into plasterboard, for a clean, continuous line of light in ceilings and walls with your own LED strip. It comes empty, without LED strip or driver, cut to 1000 or 2000mm. Available in white, with matching end caps.","Aluminium LED profile, supplied empty: no LED strip, no driver. Cut to 1000 | 2000mm from Macrolux's cut-to-length article (max 3m). Recessed in plasterboard. Finishes: White. Joiners, fixings and diffusers that fit are on the Macrolux profile accessories page.",,,,,White,recessed-linear,Yes,images/macrolux/ml-12.jpg,,,,"Cut to 1000mm or 2000mm (Macrolux cut-to-length, max 3m)",ml_12 1000mm,1312.0012.00.94 L=1000,White,images/macrolux/ml-12.jpg,,,,,,"Profile · cut to 1000mm from ML_12-94 (Macrolux cut-to-length, max 3m) · no LED or driver",,,,,Datasheet=https://app.macrolux.store/api/pdf/getPdfBrochureModello?idModello=5b4ee9a47fcebc59205fc3d4&locale=en
ml_12,,,,,,,,,,,,,,,,,,,ml_12 2000mm,1312.0012.00.94 L=2000,White,images/macrolux/ml-12.jpg,,,,,,"Profile · cut to 2000mm from ML_12-94 (Macrolux cut-to-length, max 3m) · no LED or driver",,,,,Datasheet=https://app.macrolux.store/api/pdf/getPdfBrochureModello?idModello=5b4ee9a47fcebc59205fc3d4&locale=en
ml_12,,,,,,,,,,,,,,,,,,,ml_12 accessories,1312.5012.94,White,,,,,,,End cap · ML_12/TC-4,,,,,Datasheet=https://app.macrolux.store/api/pdf/getPdfBrochureModello?idModello=5b4ee9a47fcebc59205fc3d4&locale=en
mr_12,Macrolux,Interior,Profiles for Flexible Linear,"A surface or suspended LED profile, supplied empty and cut to length.","mr_12 is a Macrolux aluminium profile for fixing to a ceiling or hanging from its suspension kit, for long lines of light with your own LED strip. It comes empty, without LED strip or driver, cut to 1000 or 2000mm. Available in white or black, with matching end caps.","Aluminium LED profile, supplied empty: no LED strip, no driver. Cut to 1000 | 2000mm from Macrolux's cut-to-length article (max 3m). Surface mounted or suspended (hanging kit sold separately). Finishes: White | Black. Joiners, fixings and diffusers that fit are on the Macrolux profile accessories page.",,,,,White | Black,surface-linear,Yes,images/macrolux/mr-12.jpg,,,,"Cut to 1000mm or 2000mm (Macrolux cut-to-length, max 3m)",mr_12 1000mm,1318.0012.00.94 L=1000,White,images/macrolux/mr-12.jpg,,,,,,"Profile · cut to 1000mm from MR_12-94 (Macrolux cut-to-length, max 3m) · no LED or driver",,,,,Datasheet=https://app.macrolux.store/api/pdf/getPdfBrochureModello?idModello=5c51799abeafe98e74031984&locale=en
mr_12,,,,,,,,,,,,,,,,,,,mr_12 1000mm,1318.0012.00.92 L=1000,Black,images/macrolux/mr-12.jpg,,,,,,"Profile · cut to 1000mm from MR_12-92 (Macrolux cut-to-length, max 3m) · no LED or driver",,,,,Datasheet=https://app.macrolux.store/api/pdf/getPdfBrochureModello?idModello=5c51799abeafe98e74031984&locale=en
mr_12,,,,,,,,,,,,,,,,,,,mr_12 2000mm,1318.0012.00.94 L=2000,White,images/macrolux/mr-12.jpg,,,,,,"Profile · cut to 2000mm from MR_12-94 (Macrolux cut-to-length, max 3m) · no LED or driver",,,,,Datasheet=https://app.macrolux.store/api/pdf/getPdfBrochureModello?idModello=5c51799abeafe98e74031984&locale=en
mr_12,,,,,,,,,,,,,,,,,,,mr_12 2000mm,1318.0012.00.92 L=2000,Black,images/macrolux/mr-12.jpg,,,,,,"Profile · cut to 2000mm from MR_12-92 (Macrolux cut-to-length, max 3m) · no LED or driver",,,,,Datasheet=https://app.macrolux.store/api/pdf/getPdfBrochureModello?idModello=5c51799abeafe98e74031984&locale=en
mr_12,,,,,,,,,,,,,,,,,,,mr_12 accessories,1318.6012.94,White,,,,,,,End cap · MR_12/TC-4,,,,,Datasheet=https://app.macrolux.store/api/pdf/getPdfBrochureModello?idModello=5c51799abeafe98e74031984&locale=en
mr_12,,,,,,,,,,,,,,,,,,,mr_12 accessories,1318.6012.92,Black,,,,,,,End cap · MR_12/TC-2,,,,,Datasheet=https://app.macrolux.store/api/pdf/getPdfBrochureModello?idModello=5c51799abeafe98e74031984&locale=en
mr_12,,,,,,,,,,,,,,,,,,,mr_12 accessories,1318.8012,,,,,,,,Hanging kit · MR_12/KS · 1.8m,,,,,Datasheet=https://app.macrolux.store/api/pdf/getPdfBrochureModello?idModello=5c51799abeafe98e74031984&locale=en
mt0_12,Macrolux,Interior,Profiles for Flexible Linear,"An aluminium LED profile, supplied empty and cut to length.","mt0_12 is a Macrolux aluminium profile for building continuous lines of light with your own LED strip. It comes empty, without LED strip or driver, cut to 1000 or 2000mm. Available in white, with matching end caps.","Aluminium LED profile, supplied empty: no LED strip, no driver. Cut to 1000 | 2000mm from Macrolux's cut-to-length article (max 3m). Finishes: White. Joiners, fixings and diffusers that fit are on the Macrolux profile accessories page.",,,,,White,linear,Yes,images/macrolux/mt0-12.jpg,,,,"Cut to 1000mm or 2000mm (Macrolux cut-to-length, max 3m)",mt0_12 1000mm,1320.0012.00.94 L=1000,White,images/macrolux/mt0-12.jpg,,,,,,"Profile · cut to 1000mm from MT0_12-94 (Macrolux cut-to-length, max 3m) · no LED or driver",,,,,Datasheet=https://app.macrolux.store/api/pdf/getPdfBrochureModello?idModello=5b485282c0da0e77a0ccb850&locale=en
mt0_12,,,,,,,,,,,,,,,,,,,mt0_12 2000mm,1320.0012.00.94 L=2000,White,images/macrolux/mt0-12.jpg,,,,,,"Profile · cut to 2000mm from MT0_12-94 (Macrolux cut-to-length, max 3m) · no LED or driver",,,,,Datasheet=https://app.macrolux.store/api/pdf/getPdfBrochureModello?idModello=5b485282c0da0e77a0ccb850&locale=en
mt0_12,,,,,,,,,,,,,,,,,,,mt0_12 accessories,1320.5012.94,White,,,,,,,End cap · MT0_12/TC-4,,,,,Datasheet=https://app.macrolux.store/api/pdf/getPdfBrochureModello?idModello=5b485282c0da0e77a0ccb850&locale=en
mt0_12,,,,,,,,,,,,,,,,,,,mt0_12 accessories,1320.6012,,,,,,,,Bracket · MT0_12/SA · for recessed use,,,,,Datasheet=https://app.macrolux.store/api/pdf/getPdfBrochureModello?idModello=5b485282c0da0e77a0ccb850&locale=en
mt1_12,Macrolux,Interior,Profiles for Flexible Linear,"An aluminium LED profile, supplied empty and cut to length.","mt1_12 is a Macrolux aluminium profile for building continuous lines of light with your own LED strip. It comes empty, without LED strip or driver, cut to 1000 or 2000mm. Available in white, black or anodised grey, with matching end caps.","Aluminium LED profile, supplied empty: no LED strip, no driver. Cut to 1000 | 2000mm from Macrolux's cut-to-length article (max 3m). Finishes: White | Black | Anodised grey. Joiners, fixings and diffusers that fit are on the Macrolux profile accessories page.",,,,,White | Black | Anodised grey,linear,Yes,images/macrolux/mt1-12.jpg,,,,"Cut to 1000mm or 2000mm (Macrolux cut-to-length, max 3m)",mt1_12 1000mm,1320.0112.00.94 L=1000,White,images/macrolux/mt1-12.jpg,,,,,,"Profile · cut to 1000mm from MT1_12-94 (Macrolux cut-to-length, max 3m) · no LED or driver",,,,,Datasheet=https://app.macrolux.store/api/pdf/getPdfBrochureModello?idModello=5b4877c5a0848a5664ca8358&locale=en
mt1_12,,,,,,,,,,,,,,,,,,,mt1_12 1000mm,1320.0112.00.92 L=1000,Black,images/macrolux/mt1-12.jpg,,,,,,"Profile · cut to 1000mm from MT1_12-92 (Macrolux cut-to-length, max 3m) · no LED or driver",,,,,Datasheet=https://app.macrolux.store/api/pdf/getPdfBrochureModello?idModello=5b4877c5a0848a5664ca8358&locale=en
mt1_12,,,,,,,,,,,,,,,,,,,mt1_12 1000mm,1320.0112.00.98 L=1000,Anodised grey,images/macrolux/mt1-12.jpg,,,,,,"Profile · cut to 1000mm from MT1_12-98 (Macrolux cut-to-length, max 3m) · no LED or driver",,,,,Datasheet=https://app.macrolux.store/api/pdf/getPdfBrochureModello?idModello=5b4877c5a0848a5664ca8358&locale=en
mt1_12,,,,,,,,,,,,,,,,,,,mt1_12 2000mm,1320.0112.00.94 L=2000,White,images/macrolux/mt1-12.jpg,,,,,,"Profile · cut to 2000mm from MT1_12-94 (Macrolux cut-to-length, max 3m) · no LED or driver",,,,,Datasheet=https://app.macrolux.store/api/pdf/getPdfBrochureModello?idModello=5b4877c5a0848a5664ca8358&locale=en
mt1_12,,,,,,,,,,,,,,,,,,,mt1_12 2000mm,1320.0112.00.92 L=2000,Black,images/macrolux/mt1-12.jpg,,,,,,"Profile · cut to 2000mm from MT1_12-92 (Macrolux cut-to-length, max 3m) · no LED or driver",,,,,Datasheet=https://app.macrolux.store/api/pdf/getPdfBrochureModello?idModello=5b4877c5a0848a5664ca8358&locale=en
mt1_12,,,,,,,,,,,,,,,,,,,mt1_12 2000mm,1320.0112.00.98 L=2000,Anodised grey,images/macrolux/mt1-12.jpg,,,,,,"Profile · cut to 2000mm from MT1_12-98 (Macrolux cut-to-length, max 3m) · no LED or driver",,,,,Datasheet=https://app.macrolux.store/api/pdf/getPdfBrochureModello?idModello=5b4877c5a0848a5664ca8358&locale=en
mt1_12,,,,,,,,,,,,,,,,,,,mt1_12 accessories,1320.5112.94,White,,,,,,,End cap · MT1_12/TC-4,,,,,Datasheet=https://app.macrolux.store/api/pdf/getPdfBrochureModello?idModello=5b4877c5a0848a5664ca8358&locale=en
mt1_12,,,,,,,,,,,,,,,,,,,mt1_12 accessories,1320.5112.92,Black,,,,,,,End cap · MT1_12/TC-2,,,,,Datasheet=https://app.macrolux.store/api/pdf/getPdfBrochureModello?idModello=5b4877c5a0848a5664ca8358&locale=en
mt1_12,,,,,,,,,,,,,,,,,,,mt1_12 accessories,1320.5112.98,Anodised grey,,,,,,,End cap · MT1_12/TC-98,,,,,Datasheet=https://app.macrolux.store/api/pdf/getPdfBrochureModello?idModello=5b4877c5a0848a5664ca8358&locale=en
mt2_12,Macrolux,Interior,Profiles for Flexible Linear,"A plasterboard-recessed LED profile, supplied empty and cut to length.","mt2_12 is a Macrolux aluminium profile for recessing into plasterboard, for a clean, continuous line of light in ceilings and walls with your own LED strip. It comes empty, without LED strip or driver, cut to 1000 or 2000mm. Available in white, with matching end caps.","Aluminium LED profile, supplied empty: no LED strip, no driver. Cut to 1000 | 2000mm from Macrolux's cut-to-length article (max 3m). Recessed in plasterboard. Finishes: White. Joiners, fixings and diffusers that fit are on the Macrolux profile accessories page.",,,,,White,recessed-linear,Yes,images/macrolux/mt2-12.jpg,,,,"Cut to 1000mm or 2000mm (Macrolux cut-to-length, max 3m)",mt2_12 1000mm,1320.0212.00.94 L=1000,White,images/macrolux/mt2-12.jpg,,,,,,"Profile · cut to 1000mm from MT2_12-94 (Macrolux cut-to-length, max 3m) · no LED or driver",,,,,Datasheet=https://app.macrolux.store/api/pdf/getPdfBrochureModello?idModello=5b4c5d5531c06a66fc6b56ea&locale=en
mt2_12,,,,,,,,,,,,,,,,,,,mt2_12 2000mm,1320.0212.00.94 L=2000,White,images/macrolux/mt2-12.jpg,,,,,,"Profile · cut to 2000mm from MT2_12-94 (Macrolux cut-to-length, max 3m) · no LED or driver",,,,,Datasheet=https://app.macrolux.store/api/pdf/getPdfBrochureModello?idModello=5b4c5d5531c06a66fc6b56ea&locale=en
mt2_12,,,,,,,,,,,,,,,,,,,mt2_12 accessories,1320.5212.94,White,,,,,,,End cap · MT2_12/TC-4,,,,,Datasheet=https://app.macrolux.store/api/pdf/getPdfBrochureModello?idModello=5b4c5d5531c06a66fc6b56ea&locale=en
mx1_12,Macrolux,Interior,Profiles for Flexible Linear,"An aluminium LED profile, supplied empty and cut to length.","mx1_12 is a Macrolux aluminium profile for building continuous lines of light with your own LED strip. It comes empty, without LED strip or driver, cut to 1000 or 2000mm. Available in white, black or anodised grey, with matching end caps.","Aluminium LED profile, supplied empty: no LED strip, no driver. Cut to 1000 | 2000mm from Macrolux's cut-to-length article (max 3m). Finishes: White | Black | Anodised grey. Joiners, fixings and diffusers that fit are on the Macrolux profile accessories page.",,,,,White | Black | Anodised grey,linear,Yes,images/macrolux/mx1-12.jpg,,,,"Cut to 1000mm or 2000mm (Macrolux cut-to-length, max 3m)",mx1_12 1000mm,1324.0112.00.94 L=1000,White,images/macrolux/mx1-12.jpg,,,,,,"Profile · cut to 1000mm from MX1_12-94 (Macrolux cut-to-length, max 3m) · no LED or driver",,,,,Datasheet=https://app.macrolux.store/api/pdf/getPdfBrochureModello?idModello=5b4c9011a4a7e10c18d3f144&locale=en
mx1_12,,,,,,,,,,,,,,,,,,,mx1_12 1000mm,1324.0112.00.92 L=1000,Black,images/macrolux/mx1-12.jpg,,,,,,"Profile · cut to 1000mm from MX1_12-92 (Macrolux cut-to-length, max 3m) · no LED or driver",,,,,Datasheet=https://app.macrolux.store/api/pdf/getPdfBrochureModello?idModello=5b4c9011a4a7e10c18d3f144&locale=en
mx1_12,,,,,,,,,,,,,,,,,,,mx1_12 1000mm,1324.0112.00.98 L=1000,Anodised grey,images/macrolux/mx1-12.jpg,,,,,,"Profile · cut to 1000mm from MX1_12-98 (Macrolux cut-to-length, max 3m) · no LED or driver",,,,,Datasheet=https://app.macrolux.store/api/pdf/getPdfBrochureModello?idModello=5b4c9011a4a7e10c18d3f144&locale=en
mx1_12,,,,,,,,,,,,,,,,,,,mx1_12 2000mm,1324.0112.00.94 L=2000,White,images/macrolux/mx1-12.jpg,,,,,,"Profile · cut to 2000mm from MX1_12-94 (Macrolux cut-to-length, max 3m) · no LED or driver",,,,,Datasheet=https://app.macrolux.store/api/pdf/getPdfBrochureModello?idModello=5b4c9011a4a7e10c18d3f144&locale=en
mx1_12,,,,,,,,,,,,,,,,,,,mx1_12 2000mm,1324.0112.00.92 L=2000,Black,images/macrolux/mx1-12.jpg,,,,,,"Profile · cut to 2000mm from MX1_12-92 (Macrolux cut-to-length, max 3m) · no LED or driver",,,,,Datasheet=https://app.macrolux.store/api/pdf/getPdfBrochureModello?idModello=5b4c9011a4a7e10c18d3f144&locale=en
mx1_12,,,,,,,,,,,,,,,,,,,mx1_12 2000mm,1324.0112.00.98 L=2000,Anodised grey,images/macrolux/mx1-12.jpg,,,,,,"Profile · cut to 2000mm from MX1_12-98 (Macrolux cut-to-length, max 3m) · no LED or driver",,,,,Datasheet=https://app.macrolux.store/api/pdf/getPdfBrochureModello?idModello=5b4c9011a4a7e10c18d3f144&locale=en
mx1_12,,,,,,,,,,,,,,,,,,,mx1_12 accessories,1324.5112.94,White,,,,,,,End cap · MX1_12/TC-4,,,,,Datasheet=https://app.macrolux.store/api/pdf/getPdfBrochureModello?idModello=5b4c9011a4a7e10c18d3f144&locale=en
mx1_12,,,,,,,,,,,,,,,,,,,mx1_12 accessories,1324.5112.92,Black,,,,,,,End cap · MX1_12/TC-2,,,,,Datasheet=https://app.macrolux.store/api/pdf/getPdfBrochureModello?idModello=5b4c9011a4a7e10c18d3f144&locale=en
mx1_12,,,,,,,,,,,,,,,,,,,mx1_12 accessories,1324.5112.98,Anodised grey,,,,,,,End cap · MX1_12/TC-98,,,,,Datasheet=https://app.macrolux.store/api/pdf/getPdfBrochureModello?idModello=5b4c9011a4a7e10c18d3f144&locale=en
mx2_12,Macrolux,Interior,Profiles for Flexible Linear,"An aluminium LED profile, supplied empty and cut to length.","mx2_12 is a Macrolux aluminium profile for building continuous lines of light with your own LED strip. It comes empty, without LED strip or driver, cut to 1000 or 2000mm. Available in white, with matching end caps.","Aluminium LED profile, supplied empty: no LED strip, no driver. Cut to 1000 | 2000mm from Macrolux's cut-to-length article (max 3m). Finishes: White. Joiners, fixings and diffusers that fit are on the Macrolux profile accessories page.",,,,,White,linear,Yes,images/macrolux/mx2-12.jpg,,,,"Cut to 1000mm or 2000mm (Macrolux cut-to-length, max 3m)",mx2_12 1000mm,1324.0212.00.94 L=1000,White,images/macrolux/mx2-12.jpg,,,,,,"Profile · cut to 1000mm from MX2_12-94 (Macrolux cut-to-length, max 3m) · no LED or driver",,,,,Datasheet=https://app.macrolux.store/api/pdf/getPdfBrochureModello?idModello=5b4ca1b804e5221d1093e97e&locale=en
mx2_12,,,,,,,,,,,,,,,,,,,mx2_12 2000mm,1324.0212.00.94 L=2000,White,images/macrolux/mx2-12.jpg,,,,,,"Profile · cut to 2000mm from MX2_12-94 (Macrolux cut-to-length, max 3m) · no LED or driver",,,,,Datasheet=https://app.macrolux.store/api/pdf/getPdfBrochureModello?idModello=5b4ca1b804e5221d1093e97e&locale=en
mx2_12,,,,,,,,,,,,,,,,,,,mx2_12 accessories,1324.5212.94,White,,,,,,,End cap · MX2_12/TC-4,,,,,Datasheet=https://app.macrolux.store/api/pdf/getPdfBrochureModello?idModello=5b4ca1b804e5221d1093e97e&locale=en
ml_20,Macrolux,Interior,Profiles for Flexible Linear,"A plasterboard-recessed LED profile, supplied empty and cut to length.","ml_20 is a Macrolux aluminium profile for recessing into plasterboard, for a clean, continuous line of light in ceilings and walls with your own LED strip. It comes empty, without LED strip or driver, cut to 1000 or 2000mm. Available in natural aluminium.","Aluminium LED profile, supplied empty: no LED strip, no driver. Cut to 1000 | 2000mm from Macrolux's cut-to-length article (max 3m). Recessed in plasterboard. Finishes: Natural aluminium. Joiners, fixings and diffusers that fit are on the Macrolux profile accessories page.",,,,,Natural aluminium,recessed-linear,Yes,images/macrolux/ml-20.jpg,,,,"Cut to 1000mm or 2000mm (Macrolux cut-to-length, max 3m)",ml_20 1000mm,1312.0020.00.90 L=1000,Natural aluminium,images/macrolux/ml-20.jpg,,,,,,"Profile · cut to 1000mm from ML_20-90 (Macrolux cut-to-length, max 3m) · no LED or driver",,,,,Datasheet=https://app.macrolux.store/api/pdf/getPdfBrochureModello?idModello=5b4f163486ec3c15a4ec6d29&locale=en
ml_20,,,,,,,,,,,,,,,,,,,ml_20 2000mm,1312.0020.00.90 L=2000,Natural aluminium,images/macrolux/ml-20.jpg,,,,,,"Profile · cut to 2000mm from ML_20-90 (Macrolux cut-to-length, max 3m) · no LED or driver",,,,,Datasheet=https://app.macrolux.store/api/pdf/getPdfBrochureModello?idModello=5b4f163486ec3c15a4ec6d29&locale=en
ml_20 LED,Macrolux,Interior,Profiles for Flexible Linear,"A plasterboard-recessed LED profile, supplied empty and cut to length.","ml_20 LED is a Macrolux aluminium profile for recessing into plasterboard, for a clean, continuous line of light in ceilings and walls with your own LED strip. It comes empty, without LED strip or driver, cut to 1000 or 2000mm. Available in natural aluminium.","Aluminium LED profile, supplied empty: no LED strip, no driver. Cut to 1000 | 2000mm from Macrolux's cut-to-length article (max 3m). Recessed in plasterboard. Finishes: Natural aluminium. Joiners, fixings and diffusers that fit are on the Macrolux profile accessories page.",,,,,Natural aluminium,recessed-linear,Yes,images/macrolux/ml-20-led.jpg,,,,"Cut to 1000mm or 2000mm (Macrolux cut-to-length, max 3m)",ml_20 LED 1000mm,1312.0021.00.90 L=1000,Natural aluminium,images/macrolux/ml-20-led.jpg,,,,,,"Profile · cut to 1000mm from ML_20 LED-90 (Macrolux cut-to-length, max 3m) · no LED or driver",,,,,Datasheet=https://app.macrolux.store/api/pdf/getPdfBrochureModello?idModello=5e328e53d3213763c0aeb8a0&locale=en
ml_20 LED,,,,,,,,,,,,,,,,,,,ml_20 LED 2000mm,1312.0021.00.90 L=2000,Natural aluminium,images/macrolux/ml-20-led.jpg,,,,,,"Profile · cut to 2000mm from ML_20 LED-90 (Macrolux cut-to-length, max 3m) · no LED or driver",,,,,Datasheet=https://app.macrolux.store/api/pdf/getPdfBrochureModello?idModello=5e328e53d3213763c0aeb8a0&locale=en
ml_30,Macrolux,Interior,Profiles for Flexible Linear,"A plasterboard-recessed LED profile, supplied empty and cut to length.","ml_30 is a Macrolux aluminium profile for recessing into plasterboard, for a clean, continuous line of light in ceilings and walls with your own LED strip. It comes empty, without LED strip or driver, cut to 1000 or 2000mm. Available in white, black or natural aluminium.","Aluminium LED profile, supplied empty: no LED strip, no driver. Cut to 1000 | 2000mm from Macrolux's cut-to-length article (max 3m). Recessed in plasterboard. Finishes: White | Black | Natural aluminium. Joiners, fixings and diffusers that fit are on the Macrolux profile accessories page.",,,,,White | Black | Natural aluminium,recessed-linear,Yes,images/macrolux/ml-30.jpg,,,,"Cut to 1000mm or 2000mm (Macrolux cut-to-length, max 3m)",ml_30 1000mm,1312.0030.00.94 L=1000,White,images/macrolux/ml-30.jpg,,,,,,"Profile · cut to 1000mm from ML_30-94 (Macrolux cut-to-length, max 3m) · no LED or driver",,,,,Datasheet=https://app.macrolux.store/api/pdf/getPdfBrochureModello?idModello=5b460f46fc8fd556e015042f&locale=en
ml_30,,,,,,,,,,,,,,,,,,,ml_30 1000mm,1312.0030.00.92 L=1000,Black,images/macrolux/ml-30.jpg,,,,,,"Profile · cut to 1000mm from ML_30-92 (Macrolux cut-to-length, max 3m) · no LED or driver",,,,,Datasheet=https://app.macrolux.store/api/pdf/getPdfBrochureModello?idModello=5b460f46fc8fd556e015042f&locale=en
ml_30,,,,,,,,,,,,,,,,,,,ml_30 1000mm,1312.0030.00.90 L=1000,Natural aluminium,images/macrolux/ml-30.jpg,,,,,,"Profile · cut to 1000mm from ML_30-90 (Macrolux cut-to-length, max 3m) · no LED or driver",,,,,Datasheet=https://app.macrolux.store/api/pdf/getPdfBrochureModello?idModello=5b460f46fc8fd556e015042f&locale=en
ml_30,,,,,,,,,,,,,,,,,,,ml_30 2000mm,1312.0030.00.94 L=2000,White,images/macrolux/ml-30.jpg,,,,,,"Profile · cut to 2000mm from ML_30-94 (Macrolux cut-to-length, max 3m) · no LED or driver",,,,,Datasheet=https://app.macrolux.store/api/pdf/getPdfBrochureModello?idModello=5b460f46fc8fd556e015042f&locale=en
ml_30,,,,,,,,,,,,,,,,,,,ml_30 2000mm,1312.0030.00.92 L=2000,Black,images/macrolux/ml-30.jpg,,,,,,"Profile · cut to 2000mm from ML_30-92 (Macrolux cut-to-length, max 3m) · no LED or driver",,,,,Datasheet=https://app.macrolux.store/api/pdf/getPdfBrochureModello?idModello=5b460f46fc8fd556e015042f&locale=en
ml_30,,,,,,,,,,,,,,,,,,,ml_30 2000mm,1312.0030.00.90 L=2000,Natural aluminium,images/macrolux/ml-30.jpg,,,,,,"Profile · cut to 2000mm from ML_30-90 (Macrolux cut-to-length, max 3m) · no LED or driver",,,,,Datasheet=https://app.macrolux.store/api/pdf/getPdfBrochureModello?idModello=5b460f46fc8fd556e015042f&locale=en
mt0_27,Macrolux,Interior,Profiles for Flexible Linear,"A plasterboard-recessed LED profile, supplied empty and cut to length.","mt0_27 is a Macrolux aluminium profile for recessing into plasterboard, for a clean, continuous line of light in ceilings and walls with your own LED strip. It comes empty, without LED strip or driver, cut to 1000 or 2000mm. Available in white, with an opal or prismatic diffuser and matching end caps.","Aluminium LED profile, supplied empty: no LED strip, no driver. Cut to 1000 | 2000mm from Macrolux's cut-to-length article (max 3m). Recessed in plasterboard. Diffuser: opal | prismatic. Finishes: White. Joiners, fixings and diffusers that fit are on the Macrolux profile accessories page.",,,,,White,recessed-linear,Yes,images/macrolux/mt0-27.jpg,,,,"Cut to 1000mm or 2000mm (Macrolux cut-to-length, max 3m)",mt0_27 1000mm,1320.0027.00.94 L=1000,White,images/macrolux/mt0-27.jpg,,,,,,"Opal diffuser · cut to 1000mm from MT0_27/DO-94 (Macrolux cut-to-length, max 3m) · no LED or driver",,,,,Datasheet=https://app.macrolux.store/api/pdf/getPdfBrochureModello?idModello=5b5037fb91d67357709fb127&locale=en
mt0_27,,,,,,,,,,,,,,,,,,,mt0_27 1000mm,1320.00279.00.94 L=1000,White,images/macrolux/mt0-27-prismatic.jpg,,,,,,"Prismatic diffuser · cut to 1000mm from MT0_27/DP-94 (Macrolux cut-to-length, max 3m) · no LED or driver",,,,,Datasheet=https://app.macrolux.store/api/pdf/getPdfBrochureModello?idModello=5b5037fb91d67357709fb127&locale=en
mt0_27,,,,,,,,,,,,,,,,,,,mt0_27 2000mm,1320.0027.00.94 L=2000,White,images/macrolux/mt0-27.jpg,,,,,,"Opal diffuser · cut to 2000mm from MT0_27/DO-94 (Macrolux cut-to-length, max 3m) · no LED or driver",,,,,Datasheet=https://app.macrolux.store/api/pdf/getPdfBrochureModello?idModello=5b5037fb91d67357709fb127&locale=en
mt0_27,,,,,,,,,,,,,,,,,,,mt0_27 2000mm,1320.00279.00.94 L=2000,White,images/macrolux/mt0-27-prismatic.jpg,,,,,,"Prismatic diffuser · cut to 2000mm from MT0_27/DP-94 (Macrolux cut-to-length, max 3m) · no LED or driver",,,,,Datasheet=https://app.macrolux.store/api/pdf/getPdfBrochureModello?idModello=5b5037fb91d67357709fb127&locale=en
mt0_27,,,,,,,,,,,,,,,,,,,mt0_27 accessories,1320.5027.94,White,,,,,,,End cap · MT0_27/TC-4,,,,,Datasheet=https://app.macrolux.store/api/pdf/getPdfBrochureModello?idModello=5b5037fb91d67357709fb127&locale=en
mt0_27,,,,,,,,,,,,,,,,,,,mt0_27 accessories,1320.6027,,,,,,,,Bracket · MT0_27/SA · fixing bracket,,,,,Datasheet=https://app.macrolux.store/api/pdf/getPdfBrochureModello?idModello=5b5037fb91d67357709fb127&locale=en
mt1_27,Macrolux,Interior,Profiles for Flexible Linear,"A surface or suspended LED profile, supplied empty and cut to length.","mt1_27 is a Macrolux aluminium profile for fixing to a ceiling or hanging from its suspension kit, for long lines of light with your own LED strip. It comes empty, without LED strip or driver, cut to 1000 or 2000mm. Available in white, black or anodised grey, with an opal or prismatic diffuser and matching end caps.","Aluminium LED profile, supplied empty: no LED strip, no driver. Cut to 1000 | 2000mm from Macrolux's cut-to-length article (max 3m). Surface mounted or suspended (hanging kit sold separately). Diffuser: opal | prismatic. Finishes: White | Black | Anodised grey. Joiners, fixings and diffusers that fit are on the Macrolux profile accessories page.",,,,,White | Black | Anodised grey,surface-linear,Yes,images/macrolux/mt1-27.jpg,,,,"Cut to 1000mm or 2000mm (Macrolux cut-to-length, max 3m)",mt1_27 1000mm,1320.0127.00.94 L=1000,White,images/macrolux/mt1-27.jpg,,,,,,"Opal diffuser · cut to 1000mm from MT1_27/DO-94 (Macrolux cut-to-length, max 3m) · no LED or driver",,,,,Datasheet=https://app.macrolux.store/api/pdf/getPdfBrochureModello?idModello=5b51926f8b21829570e7009d&locale=en
mt1_27,,,,,,,,,,,,,,,,,,,mt1_27 1000mm,1320.01279.00.94 L=1000,White,images/macrolux/mt1-27-prismatic.jpg,,,,,,"Prismatic diffuser · cut to 1000mm from MT1_27/DP-94 (Macrolux cut-to-length, max 3m) · no LED or driver",,,,,Datasheet=https://app.macrolux.store/api/pdf/getPdfBrochureModello?idModello=5b51926f8b21829570e7009d&locale=en
mt1_27,,,,,,,,,,,,,,,,,,,mt1_27 1000mm,1320.0127.00.92 L=1000,Black,images/macrolux/mt1-27.jpg,,,,,,"Opal diffuser · cut to 1000mm from MT1_27/DO-92 (Macrolux cut-to-length, max 3m) · no LED or driver",,,,,Datasheet=https://app.macrolux.store/api/pdf/getPdfBrochureModello?idModello=5b51926f8b21829570e7009d&locale=en
mt1_27,,,,,,,,,,,,,,,,,,,mt1_27 1000mm,1320.01279.00.92 L=1000,Black,images/macrolux/mt1-27-prismatic.jpg,,,,,,"Prismatic diffuser · cut to 1000mm from MT1_27/DP-92 (Macrolux cut-to-length, max 3m) · no LED or driver",,,,,Datasheet=https://app.macrolux.store/api/pdf/getPdfBrochureModello?idModello=5b51926f8b21829570e7009d&locale=en
mt1_27,,,,,,,,,,,,,,,,,,,mt1_27 1000mm,1320.0127.00.98 L=1000,Anodised grey,images/macrolux/mt1-27.jpg,,,,,,"Opal diffuser · cut to 1000mm from MT1_27/DO-98 (Macrolux cut-to-length, max 3m) · no LED or driver",,,,,Datasheet=https://app.macrolux.store/api/pdf/getPdfBrochureModello?idModello=5b51926f8b21829570e7009d&locale=en
mt1_27,,,,,,,,,,,,,,,,,,,mt1_27 1000mm,1320.01279.00.98 L=1000,Anodised grey,images/macrolux/mt1-27-prismatic.jpg,,,,,,"Prismatic diffuser · cut to 1000mm from MT1_27/DP-98 (Macrolux cut-to-length, max 3m) · no LED or driver",,,,,Datasheet=https://app.macrolux.store/api/pdf/getPdfBrochureModello?idModello=5b51926f8b21829570e7009d&locale=en
mt1_27,,,,,,,,,,,,,,,,,,,mt1_27 2000mm,1320.0127.00.94 L=2000,White,images/macrolux/mt1-27.jpg,,,,,,"Opal diffuser · cut to 2000mm from MT1_27/DO-94 (Macrolux cut-to-length, max 3m) · no LED or driver",,,,,Datasheet=https://app.macrolux.store/api/pdf/getPdfBrochureModello?idModello=5b51926f8b21829570e7009d&locale=en
mt1_27,,,,,,,,,,,,,,,,,,,mt1_27 2000mm,1320.01279.00.94 L=2000,White,images/macrolux/mt1-27-prismatic.jpg,,,,,,"Prismatic diffuser · cut to 2000mm from MT1_27/DP-94 (Macrolux cut-to-length, max 3m) · no LED or driver",,,,,Datasheet=https://app.macrolux.store/api/pdf/getPdfBrochureModello?idModello=5b51926f8b21829570e7009d&locale=en
mt1_27,,,,,,,,,,,,,,,,,,,mt1_27 2000mm,1320.0127.00.92 L=2000,Black,images/macrolux/mt1-27.jpg,,,,,,"Opal diffuser · cut to 2000mm from MT1_27/DO-92 (Macrolux cut-to-length, max 3m) · no LED or driver",,,,,Datasheet=https://app.macrolux.store/api/pdf/getPdfBrochureModello?idModello=5b51926f8b21829570e7009d&locale=en
mt1_27,,,,,,,,,,,,,,,,,,,mt1_27 2000mm,1320.01279.00.92 L=2000,Black,images/macrolux/mt1-27-prismatic.jpg,,,,,,"Prismatic diffuser · cut to 2000mm from MT1_27/DP-92 (Macrolux cut-to-length, max 3m) · no LED or driver",,,,,Datasheet=https://app.macrolux.store/api/pdf/getPdfBrochureModello?idModello=5b51926f8b21829570e7009d&locale=en
mt1_27,,,,,,,,,,,,,,,,,,,mt1_27 2000mm,1320.0127.00.98 L=2000,Anodised grey,images/macrolux/mt1-27.jpg,,,,,,"Opal diffuser · cut to 2000mm from MT1_27/DO-98 (Macrolux cut-to-length, max 3m) · no LED or driver",,,,,Datasheet=https://app.macrolux.store/api/pdf/getPdfBrochureModello?idModello=5b51926f8b21829570e7009d&locale=en
mt1_27,,,,,,,,,,,,,,,,,,,mt1_27 2000mm,1320.01279.00.98 L=2000,Anodised grey,images/macrolux/mt1-27-prismatic.jpg,,,,,,"Prismatic diffuser · cut to 2000mm from MT1_27/DP-98 (Macrolux cut-to-length, max 3m) · no LED or driver",,,,,Datasheet=https://app.macrolux.store/api/pdf/getPdfBrochureModello?idModello=5b51926f8b21829570e7009d&locale=en
mt1_27,,,,,,,,,,,,,,,,,,,mt1_27 accessories,1320.6127.94,White,,,,,,,End cap · MT1_27/TC-94,,,,,Datasheet=https://app.macrolux.store/api/pdf/getPdfBrochureModello?idModello=5b51926f8b21829570e7009d&locale=en
mt1_27,,,,,,,,,,,,,,,,,,,mt1_27 accessories,1320.6127.92,Black,,,,,,,End cap · MT1_27/TC-92,,,,,Datasheet=https://app.macrolux.store/api/pdf/getPdfBrochureModello?idModello=5b51926f8b21829570e7009d&locale=en
mt1_27,,,,,,,,,,,,,,,,,,,mt1_27 accessories,1320.6127.98,Anodised grey,,,,,,,End cap · MT1_27/TC-98,,,,,Datasheet=https://app.macrolux.store/api/pdf/getPdfBrochureModello?idModello=5b51926f8b21829570e7009d&locale=en
mt2_27,Macrolux,Interior,Profiles for Flexible Linear,"An aluminium LED profile, supplied empty and cut to length.","mt2_27 is a Macrolux aluminium profile for building continuous lines of light with your own LED strip. It comes empty, without LED strip or driver, cut to 1000 or 2000mm. Available in white, with matching end caps.","Aluminium LED profile, supplied empty: no LED strip, no driver. Cut to 1000 | 2000mm from Macrolux's cut-to-length article (max 3m). Finishes: White. Joiners, fixings and diffusers that fit are on the Macrolux profile accessories page.",,,,,White,linear,Yes,images/macrolux/mt2-27.jpg,,,,"Cut to 1000mm or 2000mm (Macrolux cut-to-length, max 3m)",mt2_27 1000mm,1320.0227.00.94 L=1000,White,images/macrolux/mt2-27.jpg,,,,,,"Profile · cut to 1000mm from MT2_27-94 (Macrolux cut-to-length, max 3m) · no LED or driver",,,,,Datasheet=https://app.macrolux.store/api/pdf/getPdfBrochureModello?idModello=5b51dd68f5a1ef702c7fe078&locale=en
mt2_27,,,,,,,,,,,,,,,,,,,mt2_27 2000mm,1320.0227.00.94 L=2000,White,images/macrolux/mt2-27.jpg,,,,,,"Profile · cut to 2000mm from MT2_27-94 (Macrolux cut-to-length, max 3m) · no LED or driver",,,,,Datasheet=https://app.macrolux.store/api/pdf/getPdfBrochureModello?idModello=5b51dd68f5a1ef702c7fe078&locale=en
mt2_27,,,,,,,,,,,,,,,,,,,mt2_27 accessories,1320.5227.94,White,,,,,,,End cap · MT2_27/TC-4,,,,,Datasheet=https://app.macrolux.store/api/pdf/getPdfBrochureModello?idModello=5b51dd68f5a1ef702c7fe078&locale=en
mt2_27/i,Macrolux,Interior,Profiles for Flexible Linear,"An LED profile for recessing into brick or concrete, supplied empty and cut to length.","mt2_27/i is a Macrolux aluminium profile for setting into brick or concrete, so the line of light is built into the structure. It comes empty, without LED strip or driver, cut to 1000 or 2000mm. Available in white, with two opal diffusers.","Aluminium LED profile, supplied empty: no LED strip, no driver. Cut to 1000 | 2000mm from Macrolux's cut-to-length article (max 3m). Recessed in brick or concrete. Diffuser: double opal. Finishes: White.",,,,,White,recessed-linear,Yes,images/macrolux/mt2-27i.jpg,,,,"Cut to 1000mm or 2000mm (Macrolux cut-to-length, max 3m)",mt2_27/i 1000mm,1320.02279.00.94 L=1000,White,images/macrolux/mt2-27i.jpg,,,,,,"Two opal diffusers · cut to 1000mm from MT2_27/2xDO-94 (Macrolux cut-to-length, max 3m) · no LED or driver",,,,,Datasheet=https://app.macrolux.store/api/pdf/getPdfBrochureModello?idModello=5b1a412d3efb4770c0010f67&locale=en
mt2_27/i,,,,,,,,,,,,,,,,,,,mt2_27/i 2000mm,1320.02279.00.94 L=2000,White,images/macrolux/mt2-27i.jpg,,,,,,"Two opal diffusers · cut to 2000mm from MT2_27/2xDO-94 (Macrolux cut-to-length, max 3m) · no LED or driver",,,,,Datasheet=https://app.macrolux.store/api/pdf/getPdfBrochureModello?idModello=5b1a412d3efb4770c0010f67&locale=en
mt3_27,Macrolux,Interior,Profiles for Flexible Linear,"An aluminium LED profile, supplied empty and cut to length.","mt3_27 is a Macrolux aluminium profile for building continuous lines of light with your own LED strip. It comes empty, without LED strip or driver, cut to 1000 or 2000mm. Available in white, black or anodised grey, with an opal diffuser and matching end caps.","Aluminium LED profile, supplied empty: no LED strip, no driver. Cut to 1000 | 2000mm from Macrolux's cut-to-length article (max 3m). Diffuser: opal. Finishes: White | Black | Anodised grey. Joiners, fixings and diffusers that fit are on the Macrolux profile accessories page.",,,,,White | Black | Anodised grey,linear,Yes,images/macrolux/mt3-27.jpg,,,,"Cut to 1000mm or 2000mm (Macrolux cut-to-length, max 3m)",mt3_27 1000mm,1320.0327.00.94 L=1000,White,images/macrolux/mt3-27.jpg,,,,,,"Opal diffuser · cut to 1000mm from MT3_27/DO-94 (Macrolux cut-to-length, max 3m) · no LED or driver",,,,,Datasheet=https://app.macrolux.store/api/pdf/getPdfBrochureModello?idModello=5b51e64df5a1ef702c7fe08d&locale=en
mt3_27,,,,,,,,,,,,,,,,,,,mt3_27 1000mm,1320.0327.00.92 L=1000,Black,images/macrolux/mt3-27.jpg,,,,,,"Opal diffuser · cut to 1000mm from MT3_27/DO-92 (Macrolux cut-to-length, max 3m) · no LED or driver",,,,,Datasheet=https://app.macrolux.store/api/pdf/getPdfBrochureModello?idModello=5b51e64df5a1ef702c7fe08d&locale=en
mt3_27,,,,,,,,,,,,,,,,,,,mt3_27 1000mm,1320.0327.00.98 L=1000,Anodised grey,images/macrolux/mt3-27.jpg,,,,,,"Opal diffuser · cut to 1000mm from MT3_27/DO-98 (Macrolux cut-to-length, max 3m) · no LED or driver",,,,,Datasheet=https://app.macrolux.store/api/pdf/getPdfBrochureModello?idModello=5b51e64df5a1ef702c7fe08d&locale=en
mt3_27,,,,,,,,,,,,,,,,,,,mt3_27 2000mm,1320.0327.00.94 L=2000,White,images/macrolux/mt3-27.jpg,,,,,,"Opal diffuser · cut to 2000mm from MT3_27/DO-94 (Macrolux cut-to-length, max 3m) · no LED or driver",,,,,Datasheet=https://app.macrolux.store/api/pdf/getPdfBrochureModello?idModello=5b51e64df5a1ef702c7fe08d&locale=en
mt3_27,,,,,,,,,,,,,,,,,,,mt3_27 2000mm,1320.0327.00.92 L=2000,Black,images/macrolux/mt3-27.jpg,,,,,,"Opal diffuser · cut to 2000mm from MT3_27/DO-92 (Macrolux cut-to-length, max 3m) · no LED or driver",,,,,Datasheet=https://app.macrolux.store/api/pdf/getPdfBrochureModello?idModello=5b51e64df5a1ef702c7fe08d&locale=en
mt3_27,,,,,,,,,,,,,,,,,,,mt3_27 2000mm,1320.0327.00.98 L=2000,Anodised grey,images/macrolux/mt3-27.jpg,,,,,,"Opal diffuser · cut to 2000mm from MT3_27/DO-98 (Macrolux cut-to-length, max 3m) · no LED or driver",,,,,Datasheet=https://app.macrolux.store/api/pdf/getPdfBrochureModello?idModello=5b51e64df5a1ef702c7fe08d&locale=en
mt3_27,,,,,,,,,,,,,,,,,,,mt3_27 accessories,1320.5327.94,White,,,,,,,End cap · MT3_27/TC-4,,,,,Datasheet=https://app.macrolux.store/api/pdf/getPdfBrochureModello?idModello=5b51e64df5a1ef702c7fe08d&locale=en
mt3_27,,,,,,,,,,,,,,,,,,,mt3_27 accessories,1320.5327.92,Black,,,,,,,End cap · MT3_27/TC-2,,,,,Datasheet=https://app.macrolux.store/api/pdf/getPdfBrochureModello?idModello=5b51e64df5a1ef702c7fe08d&locale=en
mt3_27,,,,,,,,,,,,,,,,,,,mt3_27 accessories,1320.5327.98,Anodised grey,,,,,,,End cap · MT3_27/TC-98,,,,,Datasheet=https://app.macrolux.store/api/pdf/getPdfBrochureModello?idModello=5b51e64df5a1ef702c7fe08d&locale=en
mx0_27,Macrolux,Interior,Profiles for Flexible Linear,"A plasterboard-recessed LED profile, supplied empty and cut to length.","mx0_27 is a Macrolux aluminium profile for recessing into plasterboard, for a clean, continuous line of light in ceilings and walls with your own LED strip. It comes empty, without LED strip or driver, cut to 1000 or 2000mm. Available in white, with an opal or prismatic diffuser and matching end caps.","Aluminium LED profile, supplied empty: no LED strip, no driver. Cut to 1000 | 2000mm from Macrolux's cut-to-length article (max 3m). Recessed in plasterboard. Diffuser: opal | prismatic. Finishes: White. Joiners, fixings and diffusers that fit are on the Macrolux profile accessories page.",,,,,White,recessed-linear,Yes,images/macrolux/mx0-27.jpg,,,,"Cut to 1000mm or 2000mm (Macrolux cut-to-length, max 3m)",mx0_27 1000mm,1324.0027.00.94 L=1000,White,images/macrolux/mx0-27.jpg,,,,,,"Opal diffuser · cut to 1000mm from MX0_27/DO-94 (Macrolux cut-to-length, max 3m) · no LED or driver",,,,,Datasheet=https://app.macrolux.store/api/pdf/getPdfBrochureModello?idModello=5b55a5a5d1888a62d0daf319&locale=en
mx0_27,,,,,,,,,,,,,,,,,,,mx0_27 1000mm,1324.00279.00.94 L=1000,White,images/macrolux/mx0-27-prismatic.jpg,,,,,,"Prismatic diffuser · cut to 1000mm from MX0_27/DP-94 (Macrolux cut-to-length, max 3m) · no LED or driver",,,,,Datasheet=https://app.macrolux.store/api/pdf/getPdfBrochureModello?idModello=5b55a5a5d1888a62d0daf319&locale=en
mx0_27,,,,,,,,,,,,,,,,,,,mx0_27 2000mm,1324.0027.00.94 L=2000,White,images/macrolux/mx0-27.jpg,,,,,,"Opal diffuser · cut to 2000mm from MX0_27/DO-94 (Macrolux cut-to-length, max 3m) · no LED or driver",,,,,Datasheet=https://app.macrolux.store/api/pdf/getPdfBrochureModello?idModello=5b55a5a5d1888a62d0daf319&locale=en
mx0_27,,,,,,,,,,,,,,,,,,,mx0_27 2000mm,1324.00279.00.94 L=2000,White,images/macrolux/mx0-27-prismatic.jpg,,,,,,"Prismatic diffuser · cut to 2000mm from MX0_27/DP-94 (Macrolux cut-to-length, max 3m) · no LED or driver",,,,,Datasheet=https://app.macrolux.store/api/pdf/getPdfBrochureModello?idModello=5b55a5a5d1888a62d0daf319&locale=en
mx0_27,,,,,,,,,,,,,,,,,,,mx0_27 accessories,1324.5027.94,White,,,,,,,End cap · MX0_27/TC-4,,,,,Datasheet=https://app.macrolux.store/api/pdf/getPdfBrochureModello?idModello=5b55a5a5d1888a62d0daf319&locale=en
mx0_27,,,,,,,,,,,,,,,,,,,mx0_27 accessories,1324.6027,,,,,,,,Bracket · MX0_27/SA · fixing bracket,,,,,Datasheet=https://app.macrolux.store/api/pdf/getPdfBrochureModello?idModello=5b55a5a5d1888a62d0daf319&locale=en
mx1_27,Macrolux,Interior,Profiles for Flexible Linear,"A surface or suspended LED profile, supplied empty and cut to length.","mx1_27 is a Macrolux aluminium profile for fixing to a ceiling or hanging from its suspension kit, for long lines of light with your own LED strip. It comes empty, without LED strip or driver, cut to 1000 or 2000mm. Available in white, black or anodised grey, with an opal or prismatic diffuser and matching end caps.","Aluminium LED profile, supplied empty: no LED strip, no driver. Cut to 1000 | 2000mm from Macrolux's cut-to-length article (max 3m). Surface mounted or suspended (hanging kit sold separately). Diffuser: opal | prismatic. Finishes: White | Black | Anodised grey. Joiners, fixings and diffusers that fit are on the Macrolux profile accessories page.",,,,,White | Black | Anodised grey,surface-linear,Yes,images/macrolux/mx1-27.jpg,,,,"Cut to 1000mm or 2000mm (Macrolux cut-to-length, max 3m)",mx1_27 1000mm,1324.0127.00.94 L=1000,White,images/macrolux/mx1-27.jpg,,,,,,"Opal diffuser · cut to 1000mm from MX1_27/DO-94 (Macrolux cut-to-length, max 3m) · no LED or driver",,,,,Datasheet=https://app.macrolux.store/api/pdf/getPdfBrochureModello?idModello=5b55c75460d65e37d4808805&locale=en
mx1_27,,,,,,,,,,,,,,,,,,,mx1_27 1000mm,1324.01279.00.94 L=1000,White,images/macrolux/mx1-27-prismatic.jpg,,,,,,"Prismatic diffuser · cut to 1000mm from MX1_27/DP-94 (Macrolux cut-to-length, max 3m) · no LED or driver",,,,,Datasheet=https://app.macrolux.store/api/pdf/getPdfBrochureModello?idModello=5b55c75460d65e37d4808805&locale=en
mx1_27,,,,,,,,,,,,,,,,,,,mx1_27 1000mm,1324.0127.00.92 L=1000,Black,images/macrolux/mx1-27.jpg,,,,,,"Opal diffuser · cut to 1000mm from MX1_27/DO-92 (Macrolux cut-to-length, max 3m) · no LED or driver",,,,,Datasheet=https://app.macrolux.store/api/pdf/getPdfBrochureModello?idModello=5b55c75460d65e37d4808805&locale=en
mx1_27,,,,,,,,,,,,,,,,,,,mx1_27 1000mm,1324.01279.00.92 L=1000,Black,images/macrolux/mx1-27-prismatic.jpg,,,,,,"Prismatic diffuser · cut to 1000mm from MX1_27/DP-92 (Macrolux cut-to-length, max 3m) · no LED or driver",,,,,Datasheet=https://app.macrolux.store/api/pdf/getPdfBrochureModello?idModello=5b55c75460d65e37d4808805&locale=en
mx1_27,,,,,,,,,,,,,,,,,,,mx1_27 1000mm,1324.0127.00.98 L=1000,Anodised grey,images/macrolux/mx1-27.jpg,,,,,,"Opal diffuser · cut to 1000mm from MX1_27/DO-98 (Macrolux cut-to-length, max 3m) · no LED or driver",,,,,Datasheet=https://app.macrolux.store/api/pdf/getPdfBrochureModello?idModello=5b55c75460d65e37d4808805&locale=en
mx1_27,,,,,,,,,,,,,,,,,,,mx1_27 1000mm,1324.01279.00.98 L=1000,Anodised grey,images/macrolux/mx1-27-prismatic.jpg,,,,,,"Prismatic diffuser · cut to 1000mm from MX1_27/DP-98 (Macrolux cut-to-length, max 3m) · no LED or driver",,,,,Datasheet=https://app.macrolux.store/api/pdf/getPdfBrochureModello?idModello=5b55c75460d65e37d4808805&locale=en
mx1_27,,,,,,,,,,,,,,,,,,,mx1_27 2000mm,1324.0127.00.94 L=2000,White,images/macrolux/mx1-27.jpg,,,,,,"Opal diffuser · cut to 2000mm from MX1_27/DO-94 (Macrolux cut-to-length, max 3m) · no LED or driver",,,,,Datasheet=https://app.macrolux.store/api/pdf/getPdfBrochureModello?idModello=5b55c75460d65e37d4808805&locale=en
mx1_27,,,,,,,,,,,,,,,,,,,mx1_27 2000mm,1324.01279.00.94 L=2000,White,images/macrolux/mx1-27-prismatic.jpg,,,,,,"Prismatic diffuser · cut to 2000mm from MX1_27/DP-94 (Macrolux cut-to-length, max 3m) · no LED or driver",,,,,Datasheet=https://app.macrolux.store/api/pdf/getPdfBrochureModello?idModello=5b55c75460d65e37d4808805&locale=en
mx1_27,,,,,,,,,,,,,,,,,,,mx1_27 2000mm,1324.0127.00.92 L=2000,Black,images/macrolux/mx1-27.jpg,,,,,,"Opal diffuser · cut to 2000mm from MX1_27/DO-92 (Macrolux cut-to-length, max 3m) · no LED or driver",,,,,Datasheet=https://app.macrolux.store/api/pdf/getPdfBrochureModello?idModello=5b55c75460d65e37d4808805&locale=en
mx1_27,,,,,,,,,,,,,,,,,,,mx1_27 2000mm,1324.01279.00.92 L=2000,Black,images/macrolux/mx1-27-prismatic.jpg,,,,,,"Prismatic diffuser · cut to 2000mm from MX1_27/DP-92 (Macrolux cut-to-length, max 3m) · no LED or driver",,,,,Datasheet=https://app.macrolux.store/api/pdf/getPdfBrochureModello?idModello=5b55c75460d65e37d4808805&locale=en
mx1_27,,,,,,,,,,,,,,,,,,,mx1_27 2000mm,1324.0127.00.98 L=2000,Anodised grey,images/macrolux/mx1-27.jpg,,,,,,"Opal diffuser · cut to 2000mm from MX1_27/DO-98 (Macrolux cut-to-length, max 3m) · no LED or driver",,,,,Datasheet=https://app.macrolux.store/api/pdf/getPdfBrochureModello?idModello=5b55c75460d65e37d4808805&locale=en
mx1_27,,,,,,,,,,,,,,,,,,,mx1_27 2000mm,1324.01279.00.98 L=2000,Anodised grey,images/macrolux/mx1-27-prismatic.jpg,,,,,,"Prismatic diffuser · cut to 2000mm from MX1_27/DP-98 (Macrolux cut-to-length, max 3m) · no LED or driver",,,,,Datasheet=https://app.macrolux.store/api/pdf/getPdfBrochureModello?idModello=5b55c75460d65e37d4808805&locale=en
mx1_27,,,,,,,,,,,,,,,,,,,mx1_27 accessories,1324.6127.94,White,,,,,,,End cap · MX1_27/TC-4,,,,,Datasheet=https://app.macrolux.store/api/pdf/getPdfBrochureModello?idModello=5b55c75460d65e37d4808805&locale=en
mx1_27,,,,,,,,,,,,,,,,,,,mx1_27 accessories,1324.6127.92,Black,,,,,,,End cap · MX1_27/TC-2,,,,,Datasheet=https://app.macrolux.store/api/pdf/getPdfBrochureModello?idModello=5b55c75460d65e37d4808805&locale=en
mx1_27,,,,,,,,,,,,,,,,,,,mx1_27 accessories,1324.6127.98,Anodised grey,,,,,,,End cap · MX1_27/TC-98,,,,,Datasheet=https://app.macrolux.store/api/pdf/getPdfBrochureModello?idModello=5b55c75460d65e37d4808805&locale=en
mx2_27,Macrolux,Interior,Profiles for Flexible Linear,"A plasterboard-recessed LED profile, supplied empty and cut to length.","mx2_27 is a Macrolux aluminium profile for recessing into plasterboard, for a clean, continuous line of light in ceilings and walls with your own LED strip. It comes empty, without LED strip or driver, cut to 1000 or 2000mm. Available in white, with matching end caps.","Aluminium LED profile, supplied empty: no LED strip, no driver. Cut to 1000 | 2000mm from Macrolux's cut-to-length article (max 3m). Recessed in plasterboard. Finishes: White. Joiners, fixings and diffusers that fit are on the Macrolux profile accessories page.",,,,,White,recessed-linear,Yes,images/macrolux/mx2-27.jpg,,,,"Cut to 1000mm or 2000mm (Macrolux cut-to-length, max 3m)",mx2_27 1000mm,1324.0227.00.94 L=1000,White,images/macrolux/mx2-27.jpg,,,,,,"Profile · cut to 1000mm from MX2_27-94 (Macrolux cut-to-length, max 3m) · no LED or driver",,,,,Datasheet=https://app.macrolux.store/api/pdf/getPdfBrochureModello?idModello=5b56d8dfe1629874acea8292&locale=en
mx2_27,,,,,,,,,,,,,,,,,,,mx2_27 2000mm,1324.0227.00.94 L=2000,White,images/macrolux/mx2-27.jpg,,,,,,"Profile · cut to 2000mm from MX2_27-94 (Macrolux cut-to-length, max 3m) · no LED or driver",,,,,Datasheet=https://app.macrolux.store/api/pdf/getPdfBrochureModello?idModello=5b56d8dfe1629874acea8292&locale=en
mx2_27,,,,,,,,,,,,,,,,,,,mx2_27 accessories,1324.5227.94,White,,,,,,,End cap · MX2_27/TC-4,,,,,Datasheet=https://app.macrolux.store/api/pdf/getPdfBrochureModello?idModello=5b56d8dfe1629874acea8292&locale=en
mx2_27/i,Macrolux,Interior,Profiles for Flexible Linear,"An aluminium LED profile, supplied empty and cut to length.","mx2_27/i is a Macrolux aluminium profile for building continuous lines of light with your own LED strip. It comes empty, without LED strip or driver, cut to 1000 or 2000mm. Available in white, with two opal diffusers.","Aluminium LED profile, supplied empty: no LED strip, no driver. Cut to 1000 | 2000mm from Macrolux's cut-to-length article (max 3m). Diffuser: double opal. Finishes: White.",,,,,White,linear,Yes,images/macrolux/mx2-27i.jpg,,,,"Cut to 1000mm or 2000mm (Macrolux cut-to-length, max 3m)",mx2_27/i 1000mm,1324.02279.00.94 L=1000,White,images/macrolux/mx2-27i.jpg,,,,,,"Two opal diffusers · cut to 1000mm from MX2_27/2xDO-94 (Macrolux cut-to-length, max 3m) · no LED or driver",,,,,Datasheet=https://app.macrolux.store/api/pdf/getPdfBrochureModello?idModello=5b39f4012386f66bc42e8e81&locale=en
mx2_27/i,,,,,,,,,,,,,,,,,,,mx2_27/i 2000mm,1324.02279.00.94 L=2000,White,images/macrolux/mx2-27i.jpg,,,,,,"Two opal diffusers · cut to 2000mm from MX2_27/2xDO-94 (Macrolux cut-to-length, max 3m) · no LED or driver",,,,,Datasheet=https://app.macrolux.store/api/pdf/getPdfBrochureModello?idModello=5b39f4012386f66bc42e8e81&locale=en
ma2_35,Macrolux,Interior,Profiles for Flexible Linear,"A plasterboard-recessed LED profile, supplied empty and cut to length.","ma2_35 is a Macrolux aluminium profile for recessing into plasterboard, for a clean, continuous line of light in ceilings and walls with your own LED strip. It comes empty, without LED strip or driver, cut to 1000 or 2000mm. Available in white, with matching end caps.","Aluminium LED profile, supplied empty: no LED strip, no driver. Cut to 1000 | 2000mm from Macrolux's cut-to-length article (max 3m). Recessed in plasterboard. Finishes: White. Joiners, fixings and diffusers that fit are on the Macrolux profile accessories page.",,,,,White,recessed-linear,Yes,images/macrolux/ma2-35.jpg,,,,"Cut to 1000mm or 2000mm (Macrolux cut-to-length, max 3m)",ma2_35 1000mm,1301.0235.00.94 L=1000,White,images/macrolux/ma2-35.jpg,,,,,,"Profile · cut to 1000mm from MA2_35-94 (Macrolux cut-to-length, max 3m) · no LED or driver",,,,,Datasheet=https://app.macrolux.store/api/pdf/getPdfBrochureModello?idModello=5b56f4aee1629874acea82a0&locale=en
ma2_35,,,,,,,,,,,,,,,,,,,ma2_35 2000mm,1301.0235.00.94 L=2000,White,images/macrolux/ma2-35.jpg,,,,,,"Profile · cut to 2000mm from MA2_35-94 (Macrolux cut-to-length, max 3m) · no LED or driver",,,,,Datasheet=https://app.macrolux.store/api/pdf/getPdfBrochureModello?idModello=5b56f4aee1629874acea82a0&locale=en
ma2_35,,,,,,,,,,,,,,,,,,,ma2_35 accessories,1301.5227.94,White,,,,,,,End cap · MA2_35/TC-4,,,,,Datasheet=https://app.macrolux.store/api/pdf/getPdfBrochureModello?idModello=5b56f4aee1629874acea82a0&locale=en
md_45,Macrolux,Interior,Profiles for Flexible Linear,"A suspended or wall-mounted LED profile, supplied empty and cut to length.","md_45 is a Macrolux aluminium profile for hanging or fixing to a wall, with two diffusers, for long lines of light with your own LED strip. It comes empty, without LED strip or driver, cut to 1000 or 2000mm. Available in white, black or anodised grey, with two opal or two prismatic diffusers and matching end caps.","Aluminium LED profile, supplied empty: no LED strip, no driver. Cut to 1000 | 2000mm from Macrolux's cut-to-length article (max 3m). Suspended (hanging kit sold separately) or wall mounted. Diffuser: double opal | double prismatic. Finishes: White | Black | Anodised grey. Joiners, fixings and diffusers that fit are on the Macrolux profile accessories page.",,,,,White | Black | Anodised grey,pendant,Yes,images/macrolux/md-45.jpg,,,,"Cut to 1000mm or 2000mm (Macrolux cut-to-length, max 3m)",md_45 1000mm,134.01452.00.94 L=1000,White,images/macrolux/md-45.jpg,,,,,,"Two opal diffusers · cut to 1000mm from MD_45/2xDO-94 (Macrolux cut-to-length, max 3m) · no LED or driver",,,,,Datasheet=https://app.macrolux.store/api/pdf/getPdfBrochureModello?idModello=5b5eff3a9936260e30d7e178&locale=en
md_45,,,,,,,,,,,,,,,,,,,md_45 1000mm,134.014592.00.94 L=1000,White,images/macrolux/md-45-prismatic.jpg,,,,,,"Two prismatic diffusers · cut to 1000mm from MD_45/2xDP-94 (Macrolux cut-to-length, max 3m) · no LED or driver",,,,,Datasheet=https://app.macrolux.store/api/pdf/getPdfBrochureModello?idModello=5b5eff3a9936260e30d7e178&locale=en
md_45,,,,,,,,,,,,,,,,,,,md_45 1000mm,134.01452.00.92 L=1000,Black,images/macrolux/md-45.jpg,,,,,,"Two opal diffusers · cut to 1000mm from MD_45/2xDO-92 (Macrolux cut-to-length, max 3m) · no LED or driver",,,,,Datasheet=https://app.macrolux.store/api/pdf/getPdfBrochureModello?idModello=5b5eff3a9936260e30d7e178&locale=en
md_45,,,,,,,,,,,,,,,,,,,md_45 1000mm,134.014592.00.92 L=1000,Black,images/macrolux/md-45-prismatic.jpg,,,,,,"Two prismatic diffusers · cut to 1000mm from MD_45/2xDP-92 (Macrolux cut-to-length, max 3m) · no LED or driver",,,,,Datasheet=https://app.macrolux.store/api/pdf/getPdfBrochureModello?idModello=5b5eff3a9936260e30d7e178&locale=en
md_45,,,,,,,,,,,,,,,,,,,md_45 1000mm,134.01452.00.98 L=1000,Anodised grey,images/macrolux/md-45.jpg,,,,,,"Two opal diffusers · cut to 1000mm from MD_45/2xDO-98 (Macrolux cut-to-length, max 3m) · no LED or driver",,,,,Datasheet=https://app.macrolux.store/api/pdf/getPdfBrochureModello?idModello=5b5eff3a9936260e30d7e178&locale=en
md_45,,,,,,,,,,,,,,,,,,,md_45 1000mm,134.014592.00.98 L=1000,Anodised grey,images/macrolux/md-45-prismatic.jpg,,,,,,"Two prismatic diffusers · cut to 1000mm from MD_45/2xDP-98 (Macrolux cut-to-length, max 3m) · no LED or driver",,,,,Datasheet=https://app.macrolux.store/api/pdf/getPdfBrochureModello?idModello=5b5eff3a9936260e30d7e178&locale=en
md_45,,,,,,,,,,,,,,,,,,,md_45 2000mm,134.01452.00.94 L=2000,White,images/macrolux/md-45.jpg,,,,,,"Two opal diffusers · cut to 2000mm from MD_45/2xDO-94 (Macrolux cut-to-length, max 3m) · no LED or driver",,,,,Datasheet=https://app.macrolux.store/api/pdf/getPdfBrochureModello?idModello=5b5eff3a9936260e30d7e178&locale=en
md_45,,,,,,,,,,,,,,,,,,,md_45 2000mm,134.014592.00.94 L=2000,White,images/macrolux/md-45-prismatic.jpg,,,,,,"Two prismatic diffusers · cut to 2000mm from MD_45/2xDP-94 (Macrolux cut-to-length, max 3m) · no LED or driver",,,,,Datasheet=https://app.macrolux.store/api/pdf/getPdfBrochureModello?idModello=5b5eff3a9936260e30d7e178&locale=en
md_45,,,,,,,,,,,,,,,,,,,md_45 2000mm,134.01452.00.92 L=2000,Black,images/macrolux/md-45.jpg,,,,,,"Two opal diffusers · cut to 2000mm from MD_45/2xDO-92 (Macrolux cut-to-length, max 3m) · no LED or driver",,,,,Datasheet=https://app.macrolux.store/api/pdf/getPdfBrochureModello?idModello=5b5eff3a9936260e30d7e178&locale=en
md_45,,,,,,,,,,,,,,,,,,,md_45 2000mm,134.014592.00.92 L=2000,Black,images/macrolux/md-45-prismatic.jpg,,,,,,"Two prismatic diffusers · cut to 2000mm from MD_45/2xDP-92 (Macrolux cut-to-length, max 3m) · no LED or driver",,,,,Datasheet=https://app.macrolux.store/api/pdf/getPdfBrochureModello?idModello=5b5eff3a9936260e30d7e178&locale=en
md_45,,,,,,,,,,,,,,,,,,,md_45 2000mm,134.01452.00.98 L=2000,Anodised grey,images/macrolux/md-45.jpg,,,,,,"Two opal diffusers · cut to 2000mm from MD_45/2xDO-98 (Macrolux cut-to-length, max 3m) · no LED or driver",,,,,Datasheet=https://app.macrolux.store/api/pdf/getPdfBrochureModello?idModello=5b5eff3a9936260e30d7e178&locale=en
md_45,,,,,,,,,,,,,,,,,,,md_45 2000mm,134.014592.00.98 L=2000,Anodised grey,images/macrolux/md-45-prismatic.jpg,,,,,,"Two prismatic diffusers · cut to 2000mm from MD_45/2xDP-98 (Macrolux cut-to-length, max 3m) · no LED or driver",,,,,Datasheet=https://app.macrolux.store/api/pdf/getPdfBrochureModello?idModello=5b5eff3a9936260e30d7e178&locale=en
md_45,,,,,,,,,,,,,,,,,,,md_45 accessories,134.5145.94,White,,,,,,,End cap · MD_45/TC-94,,,,,Datasheet=https://app.macrolux.store/api/pdf/getPdfBrochureModello?idModello=5b5eff3a9936260e30d7e178&locale=en
md_45,,,,,,,,,,,,,,,,,,,md_45 accessories,134.5145.92,Black,,,,,,,End cap · MD_45/TC-92,,,,,Datasheet=https://app.macrolux.store/api/pdf/getPdfBrochureModello?idModello=5b5eff3a9936260e30d7e178&locale=en
md_45,,,,,,,,,,,,,,,,,,,md_45 accessories,134.5145.98,Anodised grey,,,,,,,End cap · MD_45/TC-98,,,,,Datasheet=https://app.macrolux.store/api/pdf/getPdfBrochureModello?idModello=5b5eff3a9936260e30d7e178&locale=en
md_45,,,,,,,,,,,,,,,,,,,md_45 accessories,134.8145,,,,,,,,Hanging kit · MD_45/KS · 2.5m,,,,,Datasheet=https://app.macrolux.store/api/pdf/getPdfBrochureModello?idModello=5b5eff3a9936260e30d7e178&locale=en
ml_45,Macrolux,Interior,Profiles for Flexible Linear,"A plasterboard-recessed LED profile, supplied empty and cut to length.","ml_45 is a Macrolux aluminium profile for recessing into plasterboard, for a clean, continuous line of light in ceilings and walls with your own LED strip. It comes empty, without LED strip or driver, cut to 1000 or 2000mm. Available in white, with an opal diffuser and matching end caps.","Aluminium LED profile, supplied empty: no LED strip, no driver. Cut to 1000 | 2000mm from Macrolux's cut-to-length article (max 3m). Recessed in plasterboard. Diffuser: opal. Finishes: White. Joiners, fixings and diffusers that fit are on the Macrolux profile accessories page.",,,,,White,recessed-linear,Yes,images/macrolux/ml-45.jpg,,,,"Cut to 1000mm or 2000mm (Macrolux cut-to-length, max 3m)",ml_45 1000mm,1312.0045.00.94 L=1000,White,images/macrolux/ml-45.jpg,,,,,,"Opal diffuser · cut to 1000mm from ML_45/DO-94 (Macrolux cut-to-length, max 3m) · no LED or driver",,,,,Datasheet=https://app.macrolux.store/api/pdf/getPdfBrochureModello?idModello=5b6083c50b2107150071d2f1&locale=en
ml_45,,,,,,,,,,,,,,,,,,,ml_45 2000mm,1312.0045.00.94 L=2000,White,images/macrolux/ml-45.jpg,,,,,,"Opal diffuser · cut to 2000mm from ML_45/DO-94 (Macrolux cut-to-length, max 3m) · no LED or driver",,,,,Datasheet=https://app.macrolux.store/api/pdf/getPdfBrochureModello?idModello=5b6083c50b2107150071d2f1&locale=en
ml_50,Macrolux,Interior,Profiles for Flexible Linear,"A plasterboard-recessed LED profile, supplied empty and cut to length.","ml_50 is a Macrolux aluminium profile for recessing into plasterboard, for a clean, continuous line of light in ceilings and walls with your own LED strip. It comes empty, without LED strip or driver, cut to 1000 or 2000mm. Available in white, with an opal diffuser.","Aluminium LED profile, supplied empty: no LED strip, no driver. Cut to 1000 | 2000mm from Macrolux's cut-to-length article (max 3m). Recessed in plasterboard. Diffuser: opal. Finishes: White. Joiners, fixings and diffusers that fit are on the Macrolux profile accessories page.",,,,,White,recessed-linear,Yes,images/macrolux/ml-50.jpg,,,,"Cut to 1000mm or 2000mm (Macrolux cut-to-length, max 3m)",ml_50 1000mm,1312.0050.00.94 L=1000,White,images/macrolux/ml-50.jpg,,,,,,"Opal diffuser · cut to 1000mm from ML_50/DO-94 (Macrolux cut-to-length, max 3m) · no LED or driver",,,,,Datasheet=https://app.macrolux.store/api/pdf/getPdfBrochureModello?idModello=5b165fb475aab2874cc63c79&locale=en
ml_50,,,,,,,,,,,,,,,,,,,ml_50 2000mm,1312.0050.00.94 L=2000,White,images/macrolux/ml-50.jpg,,,,,,"Opal diffuser · cut to 2000mm from ML_50/DO-94 (Macrolux cut-to-length, max 3m) · no LED or driver",,,,,Datasheet=https://app.macrolux.store/api/pdf/getPdfBrochureModello?idModello=5b165fb475aab2874cc63c79&locale=en
ml_50,,,,,,,,,,,,,,,,,,,ml_50 accessories,1312.1050,,,,,,,,Joiner · ML_50/GL · linear joiner bracket,,,,,Datasheet=https://app.macrolux.store/api/pdf/getPdfBrochureModello?idModello=5b165fb475aab2874cc63c79&locale=en
mt0_45,Macrolux,Interior,Profiles for Flexible Linear,"A plasterboard-recessed LED profile, supplied empty and cut to length.","mt0_45 is a Macrolux aluminium profile for recessing into plasterboard, for a clean, continuous line of light in ceilings and walls with your own LED strip. It comes empty, without LED strip or driver, cut to 1000 or 2000mm. Available in white, with an opal or prismatic diffuser and matching end caps.","Aluminium LED profile, supplied empty: no LED strip, no driver. Cut to 1000 | 2000mm from Macrolux's cut-to-length article (max 3m). Recessed in plasterboard. Diffuser: opal | prismatic. Finishes: White. Joiners, fixings and diffusers that fit are on the Macrolux profile accessories page.",,,,,White,recessed-linear,Yes,images/macrolux/mt0-45.jpg,,,,"Cut to 1000mm or 2000mm (Macrolux cut-to-length, max 3m)",mt0_45 1000mm,1320.0045.00.94 L=1000,White,images/macrolux/mt0-45.jpg,,,,,,"Opal diffuser · cut to 1000mm from MT0_45/DO-94 (Macrolux cut-to-length, max 3m) · no LED or driver",,,,,Datasheet=https://app.macrolux.store/api/pdf/getPdfBrochureModello?idModello=5b16877275aab2874cc63c8e&locale=en
mt0_45,,,,,,,,,,,,,,,,,,,mt0_45 1000mm,1320.00459.00.94 L=1000,White,images/macrolux/mt0-45-prismatic.jpg,,,,,,"Prismatic diffuser · cut to 1000mm from MT0_45/DP-94 (Macrolux cut-to-length, max 3m) · no LED or driver",,,,,Datasheet=https://app.macrolux.store/api/pdf/getPdfBrochureModello?idModello=5b16877275aab2874cc63c8e&locale=en
mt0_45,,,,,,,,,,,,,,,,,,,mt0_45 2000mm,1320.0045.00.94 L=2000,White,images/macrolux/mt0-45.jpg,,,,,,"Opal diffuser · cut to 2000mm from MT0_45/DO-94 (Macrolux cut-to-length, max 3m) · no LED or driver",,,,,Datasheet=https://app.macrolux.store/api/pdf/getPdfBrochureModello?idModello=5b16877275aab2874cc63c8e&locale=en
mt0_45,,,,,,,,,,,,,,,,,,,mt0_45 2000mm,1320.00459.00.94 L=2000,White,images/macrolux/mt0-45-prismatic.jpg,,,,,,"Prismatic diffuser · cut to 2000mm from MT0_45/DP-94 (Macrolux cut-to-length, max 3m) · no LED or driver",,,,,Datasheet=https://app.macrolux.store/api/pdf/getPdfBrochureModello?idModello=5b16877275aab2874cc63c8e&locale=en
mt1_45,Macrolux,Interior,Profiles for Flexible Linear,"A surface or suspended LED profile, supplied empty and cut to length.","mt1_45 is a Macrolux aluminium profile for fixing to a ceiling or hanging from its suspension kit, for long lines of light with your own LED strip. It comes empty, without LED strip or driver, cut to 1000 or 2000mm. Available in white, black or anodised grey, with an opal or prismatic diffuser and matching end caps.","Aluminium LED profile, supplied empty: no LED strip, no driver. Cut to 1000 | 2000mm from Macrolux's cut-to-length article (max 3m). Surface mounted or suspended (hanging kit sold separately). Diffuser: opal | prismatic. Finishes: White | Black | Anodised grey. Joiners, fixings and diffusers that fit are on the Macrolux profile accessories page.",,,,,White | Black | Anodised grey,surface-linear,Yes,images/macrolux/mt1-45.jpg,,,,"Cut to 1000mm or 2000mm (Macrolux cut-to-length, max 3m)",mt1_45 1000mm,1320.0145.00.94 L=1000,White,images/macrolux/mt1-45.jpg,,,,,,"Opal diffuser · cut to 1000mm from MT1_45/DO-94 (Macrolux cut-to-length, max 3m) · no LED or driver",,,,,Datasheet=https://app.macrolux.store/api/pdf/getPdfBrochureModello?idModello=5b582051b0b7dc18287f6fb1&locale=en
mt1_45,,,,,,,,,,,,,,,,,,,mt1_45 1000mm,1320.01459.00.94 L=1000,White,images/macrolux/mt1-45-prismatic.jpg,,,,,,"Prismatic diffuser · cut to 1000mm from MT1_45/DP-94 (Macrolux cut-to-length, max 3m) · no LED or driver",,,,,Datasheet=https://app.macrolux.store/api/pdf/getPdfBrochureModello?idModello=5b582051b0b7dc18287f6fb1&locale=en
mt1_45,,,,,,,,,,,,,,,,,,,mt1_45 1000mm,1320.0145.00.92 L=1000,Black,images/macrolux/mt1-45.jpg,,,,,,"Opal diffuser · cut to 1000mm from MT1_45/DO-92 (Macrolux cut-to-length, max 3m) · no LED or driver",,,,,Datasheet=https://app.macrolux.store/api/pdf/getPdfBrochureModello?idModello=5b582051b0b7dc18287f6fb1&locale=en
mt1_45,,,,,,,,,,,,,,,,,,,mt1_45 1000mm,1320.01459.00.92 L=1000,Black,images/macrolux/mt1-45-prismatic.jpg,,,,,,"Prismatic diffuser · cut to 1000mm from MT1_45/DP-92 (Macrolux cut-to-length, max 3m) · no LED or driver",,,,,Datasheet=https://app.macrolux.store/api/pdf/getPdfBrochureModello?idModello=5b582051b0b7dc18287f6fb1&locale=en
mt1_45,,,,,,,,,,,,,,,,,,,mt1_45 1000mm,1320.0145.00.98 L=1000,Anodised grey,images/macrolux/mt1-45.jpg,,,,,,"Opal diffuser · cut to 1000mm from MT1_45/DO-98 (Macrolux cut-to-length, max 3m) · no LED or driver",,,,,Datasheet=https://app.macrolux.store/api/pdf/getPdfBrochureModello?idModello=5b582051b0b7dc18287f6fb1&locale=en
mt1_45,,,,,,,,,,,,,,,,,,,mt1_45 1000mm,1320.01459.00.98 L=1000,Anodised grey,images/macrolux/mt1-45-prismatic.jpg,,,,,,"Prismatic diffuser · cut to 1000mm from MT1_45/DP-98 (Macrolux cut-to-length, max 3m) · no LED or driver",,,,,Datasheet=https://app.macrolux.store/api/pdf/getPdfBrochureModello?idModello=5b582051b0b7dc18287f6fb1&locale=en
mt1_45,,,,,,,,,,,,,,,,,,,mt1_45 2000mm,1320.0145.00.94 L=2000,White,images/macrolux/mt1-45.jpg,,,,,,"Opal diffuser · cut to 2000mm from MT1_45/DO-94 (Macrolux cut-to-length, max 3m) · no LED or driver",,,,,Datasheet=https://app.macrolux.store/api/pdf/getPdfBrochureModello?idModello=5b582051b0b7dc18287f6fb1&locale=en
mt1_45,,,,,,,,,,,,,,,,,,,mt1_45 2000mm,1320.01459.00.94 L=2000,White,images/macrolux/mt1-45-prismatic.jpg,,,,,,"Prismatic diffuser · cut to 2000mm from MT1_45/DP-94 (Macrolux cut-to-length, max 3m) · no LED or driver",,,,,Datasheet=https://app.macrolux.store/api/pdf/getPdfBrochureModello?idModello=5b582051b0b7dc18287f6fb1&locale=en
mt1_45,,,,,,,,,,,,,,,,,,,mt1_45 2000mm,1320.0145.00.92 L=2000,Black,images/macrolux/mt1-45.jpg,,,,,,"Opal diffuser · cut to 2000mm from MT1_45/DO-92 (Macrolux cut-to-length, max 3m) · no LED or driver",,,,,Datasheet=https://app.macrolux.store/api/pdf/getPdfBrochureModello?idModello=5b582051b0b7dc18287f6fb1&locale=en
mt1_45,,,,,,,,,,,,,,,,,,,mt1_45 2000mm,1320.01459.00.92 L=2000,Black,images/macrolux/mt1-45-prismatic.jpg,,,,,,"Prismatic diffuser · cut to 2000mm from MT1_45/DP-92 (Macrolux cut-to-length, max 3m) · no LED or driver",,,,,Datasheet=https://app.macrolux.store/api/pdf/getPdfBrochureModello?idModello=5b582051b0b7dc18287f6fb1&locale=en
mt1_45,,,,,,,,,,,,,,,,,,,mt1_45 2000mm,1320.0145.00.98 L=2000,Anodised grey,images/macrolux/mt1-45.jpg,,,,,,"Opal diffuser · cut to 2000mm from MT1_45/DO-98 (Macrolux cut-to-length, max 3m) · no LED or driver",,,,,Datasheet=https://app.macrolux.store/api/pdf/getPdfBrochureModello?idModello=5b582051b0b7dc18287f6fb1&locale=en
mt1_45,,,,,,,,,,,,,,,,,,,mt1_45 2000mm,1320.01459.00.98 L=2000,Anodised grey,images/macrolux/mt1-45-prismatic.jpg,,,,,,"Prismatic diffuser · cut to 2000mm from MT1_45/DP-98 (Macrolux cut-to-length, max 3m) · no LED or driver",,,,,Datasheet=https://app.macrolux.store/api/pdf/getPdfBrochureModello?idModello=5b582051b0b7dc18287f6fb1&locale=en
mt1_45,,,,,,,,,,,,,,,,,,,mt1_45 accessories,1320.6145.94,White,,,,,,,End cap · MT1_45/TC-94,,,,,Datasheet=https://app.macrolux.store/api/pdf/getPdfBrochureModello?idModello=5b582051b0b7dc18287f6fb1&locale=en
mt1_45,,,,,,,,,,,,,,,,,,,mt1_45 accessories,1320.6145.92,Black,,,,,,,End cap · MT1_45/TC-92,,,,,Datasheet=https://app.macrolux.store/api/pdf/getPdfBrochureModello?idModello=5b582051b0b7dc18287f6fb1&locale=en
mt1_45,,,,,,,,,,,,,,,,,,,mt1_45 accessories,1320.6145.98,Anodised grey,,,,,,,End cap · MT1_45/TC-98,,,,,Datasheet=https://app.macrolux.store/api/pdf/getPdfBrochureModello?idModello=5b582051b0b7dc18287f6fb1&locale=en
mx0_45,Macrolux,Interior,Profiles for Flexible Linear,"A plasterboard-recessed LED profile, supplied empty and cut to length.","mx0_45 is a Macrolux aluminium profile for recessing into plasterboard, for a clean, continuous line of light in ceilings and walls with your own LED strip. It comes empty, without LED strip or driver, cut to 1000 or 2000mm. Available in white, with an opal or prismatic diffuser and matching end caps.","Aluminium LED profile, supplied empty: no LED strip, no driver. Cut to 1000 | 2000mm from Macrolux's cut-to-length article (max 3m). Recessed in plasterboard. Diffuser: opal | prismatic. Finishes: White. Joiners, fixings and diffusers that fit are on the Macrolux profile accessories page.",,,,,White,recessed-linear,Yes,images/macrolux/mx0-45.jpg,,,,"Cut to 1000mm or 2000mm (Macrolux cut-to-length, max 3m)",mx0_45 1000mm,1324.0045.00.94 L=1000,White,images/macrolux/mx0-45.jpg,,,,,,"Opal diffuser · cut to 1000mm from MX0_45/DO-94 (Macrolux cut-to-length, max 3m) · no LED or driver",,,,,Datasheet=https://app.macrolux.store/api/pdf/getPdfBrochureModello?idModello=5b583955b0b7dc18287f7067&locale=en
mx0_45,,,,,,,,,,,,,,,,,,,mx0_45 1000mm,1324.00459.00.94 L=1000,White,images/macrolux/mx0-45-prismatic.jpg,,,,,,"Prismatic diffuser · cut to 1000mm from MX0_45/DP-94 (Macrolux cut-to-length, max 3m) · no LED or driver",,,,,Datasheet=https://app.macrolux.store/api/pdf/getPdfBrochureModello?idModello=5b583955b0b7dc18287f7067&locale=en
mx0_45,,,,,,,,,,,,,,,,,,,mx0_45 2000mm,1324.0045.00.94 L=2000,White,images/macrolux/mx0-45.jpg,,,,,,"Opal diffuser · cut to 2000mm from MX0_45/DO-94 (Macrolux cut-to-length, max 3m) · no LED or driver",,,,,Datasheet=https://app.macrolux.store/api/pdf/getPdfBrochureModello?idModello=5b583955b0b7dc18287f7067&locale=en
mx0_45,,,,,,,,,,,,,,,,,,,mx0_45 2000mm,1324.00459.00.94 L=2000,White,images/macrolux/mx0-45-prismatic.jpg,,,,,,"Prismatic diffuser · cut to 2000mm from MX0_45/DP-94 (Macrolux cut-to-length, max 3m) · no LED or driver",,,,,Datasheet=https://app.macrolux.store/api/pdf/getPdfBrochureModello?idModello=5b583955b0b7dc18287f7067&locale=en
mx1_45,Macrolux,Interior,Profiles for Flexible Linear,"A surface or suspended LED profile, supplied empty and cut to length.","mx1_45 is a Macrolux aluminium profile for fixing to a ceiling or hanging from its suspension kit, for long lines of light with your own LED strip. It comes empty, without LED strip or driver, cut to 1000 or 2000mm. Available in white, black or anodised grey, with an opal or prismatic diffuser and matching end caps.","Aluminium LED profile, supplied empty: no LED strip, no driver. Cut to 1000 | 2000mm from Macrolux's cut-to-length article (max 3m). Surface mounted or suspended (hanging kit sold separately). Diffuser: opal | prismatic. Finishes: White | Black | Anodised grey. Joiners, fixings and diffusers that fit are on the Macrolux profile accessories page.",,,,,White | Black | Anodised grey,surface-linear,Yes,images/macrolux/mx1-45.jpg,,,,"Cut to 1000mm or 2000mm (Macrolux cut-to-length, max 3m)",mx1_45 1000mm,1324.0145.00.94 L=1000,White,images/macrolux/mx1-45.jpg,,,,,,"Opal diffuser · cut to 1000mm from MX1_45/DO-94 (Macrolux cut-to-length, max 3m) · no LED or driver",,,,,Datasheet=https://app.macrolux.store/api/pdf/getPdfBrochureModello?idModello=5b5b1ae47f2ea08fd069798b&locale=en
mx1_45,,,,,,,,,,,,,,,,,,,mx1_45 1000mm,1324.01459.00.94 L=1000,White,images/macrolux/mx1-45-prismatic.jpg,,,,,,"Prismatic diffuser · cut to 1000mm from MX1_45/DP-94 (Macrolux cut-to-length, max 3m) · no LED or driver",,,,,Datasheet=https://app.macrolux.store/api/pdf/getPdfBrochureModello?idModello=5b5b1ae47f2ea08fd069798b&locale=en
mx1_45,,,,,,,,,,,,,,,,,,,mx1_45 1000mm,1324.0145.00.92 L=1000,Black,images/macrolux/mx1-45.jpg,,,,,,"Opal diffuser · cut to 1000mm from MX1_45/DO-92 (Macrolux cut-to-length, max 3m) · no LED or driver",,,,,Datasheet=https://app.macrolux.store/api/pdf/getPdfBrochureModello?idModello=5b5b1ae47f2ea08fd069798b&locale=en
mx1_45,,,,,,,,,,,,,,,,,,,mx1_45 1000mm,1324.01459.00.92 L=1000,Black,images/macrolux/mx1-45-prismatic.jpg,,,,,,"Prismatic diffuser · cut to 1000mm from MX1_45/DP-92 (Macrolux cut-to-length, max 3m) · no LED or driver",,,,,Datasheet=https://app.macrolux.store/api/pdf/getPdfBrochureModello?idModello=5b5b1ae47f2ea08fd069798b&locale=en
mx1_45,,,,,,,,,,,,,,,,,,,mx1_45 1000mm,1324.0145.00.98 L=1000,Anodised grey,images/macrolux/mx1-45.jpg,,,,,,"Opal diffuser · cut to 1000mm from MX1_45/DO-98 (Macrolux cut-to-length, max 3m) · no LED or driver",,,,,Datasheet=https://app.macrolux.store/api/pdf/getPdfBrochureModello?idModello=5b5b1ae47f2ea08fd069798b&locale=en
mx1_45,,,,,,,,,,,,,,,,,,,mx1_45 1000mm,1324.01459.00.98 L=1000,Anodised grey,images/macrolux/mx1-45-prismatic.jpg,,,,,,"Prismatic diffuser · cut to 1000mm from MX1_45/DP-98 (Macrolux cut-to-length, max 3m) · no LED or driver",,,,,Datasheet=https://app.macrolux.store/api/pdf/getPdfBrochureModello?idModello=5b5b1ae47f2ea08fd069798b&locale=en
mx1_45,,,,,,,,,,,,,,,,,,,mx1_45 2000mm,1324.0145.00.94 L=2000,White,images/macrolux/mx1-45.jpg,,,,,,"Opal diffuser · cut to 2000mm from MX1_45/DO-94 (Macrolux cut-to-length, max 3m) · no LED or driver",,,,,Datasheet=https://app.macrolux.store/api/pdf/getPdfBrochureModello?idModello=5b5b1ae47f2ea08fd069798b&locale=en
mx1_45,,,,,,,,,,,,,,,,,,,mx1_45 2000mm,1324.01459.00.94 L=2000,White,images/macrolux/mx1-45-prismatic.jpg,,,,,,"Prismatic diffuser · cut to 2000mm from MX1_45/DP-94 (Macrolux cut-to-length, max 3m) · no LED or driver",,,,,Datasheet=https://app.macrolux.store/api/pdf/getPdfBrochureModello?idModello=5b5b1ae47f2ea08fd069798b&locale=en
mx1_45,,,,,,,,,,,,,,,,,,,mx1_45 2000mm,1324.0145.00.92 L=2000,Black,images/macrolux/mx1-45.jpg,,,,,,"Opal diffuser · cut to 2000mm from MX1_45/DO-92 (Macrolux cut-to-length, max 3m) · no LED or driver",,,,,Datasheet=https://app.macrolux.store/api/pdf/getPdfBrochureModello?idModello=5b5b1ae47f2ea08fd069798b&locale=en
mx1_45,,,,,,,,,,,,,,,,,,,mx1_45 2000mm,1324.01459.00.92 L=2000,Black,images/macrolux/mx1-45-prismatic.jpg,,,,,,"Prismatic diffuser · cut to 2000mm from MX1_45/DP-92 (Macrolux cut-to-length, max 3m) · no LED or driver",,,,,Datasheet=https://app.macrolux.store/api/pdf/getPdfBrochureModello?idModello=5b5b1ae47f2ea08fd069798b&locale=en
mx1_45,,,,,,,,,,,,,,,,,,,mx1_45 2000mm,1324.0145.00.98 L=2000,Anodised grey,images/macrolux/mx1-45.jpg,,,,,,"Opal diffuser · cut to 2000mm from MX1_45/DO-98 (Macrolux cut-to-length, max 3m) · no LED or driver",,,,,Datasheet=https://app.macrolux.store/api/pdf/getPdfBrochureModello?idModello=5b5b1ae47f2ea08fd069798b&locale=en
mx1_45,,,,,,,,,,,,,,,,,,,mx1_45 2000mm,1324.01459.00.98 L=2000,Anodised grey,images/macrolux/mx1-45-prismatic.jpg,,,,,,"Prismatic diffuser · cut to 2000mm from MX1_45/DP-98 (Macrolux cut-to-length, max 3m) · no LED or driver",,,,,Datasheet=https://app.macrolux.store/api/pdf/getPdfBrochureModello?idModello=5b5b1ae47f2ea08fd069798b&locale=en
mx1_45,,,,,,,,,,,,,,,,,,,mx1_45 accessories,1324.6145.94,White,,,,,,,End cap · MX1_45/TC-4,,,,,Datasheet=https://app.macrolux.store/api/pdf/getPdfBrochureModello?idModello=5b5b1ae47f2ea08fd069798b&locale=en
mx1_45,,,,,,,,,,,,,,,,,,,mx1_45 accessories,1324.6145.92,Black,,,,,,,End cap · MX1_45/TC-2,,,,,Datasheet=https://app.macrolux.store/api/pdf/getPdfBrochureModello?idModello=5b5b1ae47f2ea08fd069798b&locale=en
mx1_45,,,,,,,,,,,,,,,,,,,mx1_45 accessories,1324.6145.98,Anodised grey,,,,,,,End cap · MX1_45/TC-98,,,,,Datasheet=https://app.macrolux.store/api/pdf/getPdfBrochureModello?idModello=5b5b1ae47f2ea08fd069798b&locale=en
mx2_45,Macrolux,Interior,Profiles for Flexible Linear,"A plasterboard-recessed LED profile, supplied empty and cut to length.","mx2_45 is a Macrolux aluminium profile for recessing into plasterboard, for a clean, continuous line of light in ceilings and walls with your own LED strip. It comes empty, without LED strip or driver, cut to 1000 or 2000mm. Available in white, with an opal diffuser and matching end caps.","Aluminium LED profile, supplied empty: no LED strip, no driver. Cut to 1000 | 2000mm from Macrolux's cut-to-length article (max 3m). Recessed in plasterboard. Diffuser: opal. Finishes: White. Joiners, fixings and diffusers that fit are on the Macrolux profile accessories page.",,,,,White,recessed-linear,Yes,images/macrolux/mx2-45.jpg,,,,"Cut to 1000mm or 2000mm (Macrolux cut-to-length, max 3m)",mx2_45 1000mm,1324.0245.00.94 L=1000,White,images/macrolux/mx2-45.jpg,,,,,,"Opal diffuser · cut to 1000mm from MX2_45/DO-94 (Macrolux cut-to-length, max 3m) · no LED or driver",,,,,Datasheet=https://app.macrolux.store/api/pdf/getPdfBrochureModello?idModello=5f06cb201443810e1cb53f5a&locale=en
mx2_45,,,,,,,,,,,,,,,,,,,mx2_45 2000mm,1324.0245.00.94 L=2000,White,images/macrolux/mx2-45.jpg,,,,,,"Opal diffuser · cut to 2000mm from MX2_45/DO-94 (Macrolux cut-to-length, max 3m) · no LED or driver",,,,,Datasheet=https://app.macrolux.store/api/pdf/getPdfBrochureModello?idModello=5f06cb201443810e1cb53f5a&locale=en
ala,Macrolux,Interior,Profiles for Flexible Linear,"An aluminium LED profile, supplied empty and cut to length.","ala is a Macrolux aluminium profile for building continuous lines of light with your own LED strip. It comes empty, without LED strip or driver, cut to 1000 or 2000mm. Available in white, black or bronze, with matching end caps.","Aluminium LED profile, supplied empty: no LED strip, no driver. Cut to 1000 | 2000mm from Macrolux's cut-to-length article (max 3m). Finishes: White | Black | Bronze. Joiners, fixings and diffusers that fit are on the Macrolux profile accessories page.",,,,,White | Black | Bronze,linear,Yes,images/macrolux/ala.jpg,,,,"Cut to 1000mm or 2000mm (Macrolux cut-to-length, max 3m)",ala 1000mm,112.0000.00.94 L=1000,White,images/macrolux/ala.jpg,,,,,,"Profile · cut to 1000mm from ALA-94 (Macrolux cut-to-length, max 3m) · no LED or driver",,,,,Datasheet=https://app.macrolux.store/api/pdf/getPdfBrochureModello?idModello=5dad66dbb5488525d0e8e08b&locale=en
ala,,,,,,,,,,,,,,,,,,,ala 1000mm,112.0000.00.92 L=1000,Black,images/macrolux/ala.jpg,,,,,,"Profile · cut to 1000mm from ALA-92 (Macrolux cut-to-length, max 3m) · no LED or driver",,,,,Datasheet=https://app.macrolux.store/api/pdf/getPdfBrochureModello?idModello=5dad66dbb5488525d0e8e08b&locale=en
ala,,,,,,,,,,,,,,,,,,,ala 1000mm,112.0000.00.96 L=1000,Bronze,images/macrolux/ala.jpg,,,,,,"Profile · cut to 1000mm from ALA-96 (Macrolux cut-to-length, max 3m) · no LED or driver",,,,,Datasheet=https://app.macrolux.store/api/pdf/getPdfBrochureModello?idModello=5dad66dbb5488525d0e8e08b&locale=en
ala,,,,,,,,,,,,,,,,,,,ala 2000mm,112.0000.00.94 L=2000,White,images/macrolux/ala.jpg,,,,,,"Profile · cut to 2000mm from ALA-94 (Macrolux cut-to-length, max 3m) · no LED or driver",,,,,Datasheet=https://app.macrolux.store/api/pdf/getPdfBrochureModello?idModello=5dad66dbb5488525d0e8e08b&locale=en
ala,,,,,,,,,,,,,,,,,,,ala 2000mm,112.0000.00.92 L=2000,Black,images/macrolux/ala.jpg,,,,,,"Profile · cut to 2000mm from ALA-92 (Macrolux cut-to-length, max 3m) · no LED or driver",,,,,Datasheet=https://app.macrolux.store/api/pdf/getPdfBrochureModello?idModello=5dad66dbb5488525d0e8e08b&locale=en
ala,,,,,,,,,,,,,,,,,,,ala 2000mm,112.0000.00.96 L=2000,Bronze,images/macrolux/ala.jpg,,,,,,"Profile · cut to 2000mm from ALA-96 (Macrolux cut-to-length, max 3m) · no LED or driver",,,,,Datasheet=https://app.macrolux.store/api/pdf/getPdfBrochureModello?idModello=5dad66dbb5488525d0e8e08b&locale=en
ala,,,,,,,,,,,,,,,,,,,ala accessories,112.0010.94,White,,,,,,,End cap · ALA/TC/SX-4 · left,,,,,Datasheet=https://app.macrolux.store/api/pdf/getPdfBrochureModello?idModello=5dad66dbb5488525d0e8e08b&locale=en
ala,,,,,,,,,,,,,,,,,,,ala accessories,112.0020.94,White,,,,,,,End cap · ALA/TC/DX-4 · right,,,,,Datasheet=https://app.macrolux.store/api/pdf/getPdfBrochureModello?idModello=5dad66dbb5488525d0e8e08b&locale=en
ala,,,,,,,,,,,,,,,,,,,ala accessories,112.0010.92,Black,,,,,,,End cap · ALA/TC/SX-2 · left,,,,,Datasheet=https://app.macrolux.store/api/pdf/getPdfBrochureModello?idModello=5dad66dbb5488525d0e8e08b&locale=en
ala,,,,,,,,,,,,,,,,,,,ala accessories,112.0020.92,Black,,,,,,,End cap · ALA/TC/DX-2 · right,,,,,Datasheet=https://app.macrolux.store/api/pdf/getPdfBrochureModello?idModello=5dad66dbb5488525d0e8e08b&locale=en
ala,,,,,,,,,,,,,,,,,,,ala accessories,112.0010.96,Bronze,,,,,,,End cap · ALA/TC/SX-96 · left,,,,,Datasheet=https://app.macrolux.store/api/pdf/getPdfBrochureModello?idModello=5dad66dbb5488525d0e8e08b&locale=en
ala,,,,,,,,,,,,,,,,,,,ala accessories,112.0020.96,Bronze,,,,,,,End cap · ALA/TC/DX-96 · right,,,,,Datasheet=https://app.macrolux.store/api/pdf/getPdfBrochureModello?idModello=5dad66dbb5488525d0e8e08b&locale=en
hiss,Macrolux,Interior,Profiles for Flexible Linear,"An aluminium LED profile, supplied empty and cut to length.","hiss is a Macrolux aluminium profile for building continuous lines of light with your own LED strip. It comes empty, without LED strip or driver, cut to 1000 or 2000mm. Available in white, black or anodised grey, with matching end caps.","Aluminium LED profile, supplied empty: no LED strip, no driver. Cut to 1000 | 2000mm from Macrolux's cut-to-length article (max 3m). Finishes: White | Black | Anodised grey. Joiners, fixings and diffusers that fit are on the Macrolux profile accessories page.",,,,,White | Black | Anodised grey,linear,Yes,images/macrolux/hiss.jpg,,,,"Cut to 1000mm or 2000mm (Macrolux cut-to-length, max 3m)",hiss 1000mm,89.0000.00.94 L=1000,White,images/macrolux/hiss.jpg,,,,,,"Profile · cut to 1000mm from HISS-94 (Macrolux cut-to-length, max 3m) · no LED or driver",,,,,Datasheet=https://app.macrolux.store/api/pdf/getPdfBrochureModello?idModello=5b476d59fee2695c08b62a28&locale=en
hiss,,,,,,,,,,,,,,,,,,,hiss 1000mm,89.0000.00.92 L=1000,Black,images/macrolux/hiss.jpg,,,,,,"Profile · cut to 1000mm from HISS-92 (Macrolux cut-to-length, max 3m) · no LED or driver",,,,,Datasheet=https://app.macrolux.store/api/pdf/getPdfBrochureModello?idModello=5b476d59fee2695c08b62a28&locale=en
hiss,,,,,,,,,,,,,,,,,,,hiss 1000mm,89.0000.00.98 L=1000,Anodised grey,images/macrolux/hiss.jpg,,,,,,"Profile · cut to 1000mm from HISS-98 (Macrolux cut-to-length, max 3m) · no LED or driver",,,,,Datasheet=https://app.macrolux.store/api/pdf/getPdfBrochureModello?idModello=5b476d59fee2695c08b62a28&locale=en
hiss,,,,,,,,,,,,,,,,,,,hiss 2000mm,89.0000.00.94 L=2000,White,images/macrolux/hiss.jpg,,,,,,"Profile · cut to 2000mm from HISS-94 (Macrolux cut-to-length, max 3m) · no LED or driver",,,,,Datasheet=https://app.macrolux.store/api/pdf/getPdfBrochureModello?idModello=5b476d59fee2695c08b62a28&locale=en
hiss,,,,,,,,,,,,,,,,,,,hiss 2000mm,89.0000.00.92 L=2000,Black,images/macrolux/hiss.jpg,,,,,,"Profile · cut to 2000mm from HISS-92 (Macrolux cut-to-length, max 3m) · no LED or driver",,,,,Datasheet=https://app.macrolux.store/api/pdf/getPdfBrochureModello?idModello=5b476d59fee2695c08b62a28&locale=en
hiss,,,,,,,,,,,,,,,,,,,hiss 2000mm,89.0000.00.98 L=2000,Anodised grey,images/macrolux/hiss.jpg,,,,,,"Profile · cut to 2000mm from HISS-98 (Macrolux cut-to-length, max 3m) · no LED or driver",,,,,Datasheet=https://app.macrolux.store/api/pdf/getPdfBrochureModello?idModello=5b476d59fee2695c08b62a28&locale=en
hiss,,,,,,,,,,,,,,,,,,,hiss accessories,89.0010.94,White,,,,,,,End cap · HISS/TC/SX-4 · left,,,,,Datasheet=https://app.macrolux.store/api/pdf/getPdfBrochureModello?idModello=5b476d59fee2695c08b62a28&locale=en
hiss,,,,,,,,,,,,,,,,,,,hiss accessories,89.0020.94,White,,,,,,,End cap · HISS/TC/DX-4 · right,,,,,Datasheet=https://app.macrolux.store/api/pdf/getPdfBrochureModello?idModello=5b476d59fee2695c08b62a28&locale=en
hiss,,,,,,,,,,,,,,,,,,,hiss accessories,89.0010.92,Black,,,,,,,End cap · HISS/TC/SX-2 · left,,,,,Datasheet=https://app.macrolux.store/api/pdf/getPdfBrochureModello?idModello=5b476d59fee2695c08b62a28&locale=en
hiss,,,,,,,,,,,,,,,,,,,hiss accessories,89.0020.92,Black,,,,,,,End cap · HISS/TC/DX-2 · right,,,,,Datasheet=https://app.macrolux.store/api/pdf/getPdfBrochureModello?idModello=5b476d59fee2695c08b62a28&locale=en
hiss,,,,,,,,,,,,,,,,,,,hiss accessories,89.0010.98,Anodised grey,,,,,,,End cap · HISS/TC/SX-98 · left,,,,,Datasheet=https://app.macrolux.store/api/pdf/getPdfBrochureModello?idModello=5b476d59fee2695c08b62a28&locale=en
hiss,,,,,,,,,,,,,,,,,,,hiss accessories,89.0020.98,Anodised grey,,,,,,,End cap · HISS/TC/DX-98 · right,,,,,Datasheet=https://app.macrolux.store/api/pdf/getPdfBrochureModello?idModello=5b476d59fee2695c08b62a28&locale=en
mc_90,Macrolux,Interior,Profiles for Flexible Linear,"An aluminium LED profile, supplied empty and cut to length.","mc_90 is a Macrolux aluminium profile for building continuous lines of light with your own LED strip. It comes empty, without LED strip or driver, cut to 1000 or 2000mm. Available in white, with matching end caps.","Aluminium LED profile, supplied empty: no LED strip, no driver. Cut to 1000 | 2000mm from Macrolux's cut-to-length article (max 3m). Finishes: White. Joiners, fixings and diffusers that fit are on the Macrolux profile accessories page.",,,,,White,linear,Yes,images/macrolux/mc-90.jpg,,,,"Cut to 1000mm or 2000mm (Macrolux cut-to-length, max 3m)",mc_90 1000mm,133.0090.00.94 L=1000,White,images/macrolux/mc-90.jpg,,,,,,"Profile · cut to 1000mm from MC_90-94 (Macrolux cut-to-length, max 3m) · no LED or driver",,,,,Datasheet=https://app.macrolux.store/api/pdf/getPdfBrochureModello?idModello=5b1151ea4f1d5b63a06bc273&locale=en
mc_90,,,,,,,,,,,,,,,,,,,mc_90 2000mm,133.0090.00.94 L=2000,White,images/macrolux/mc-90.jpg,,,,,,"Profile · cut to 2000mm from MC_90-94 (Macrolux cut-to-length, max 3m) · no LED or driver",,,,,Datasheet=https://app.macrolux.store/api/pdf/getPdfBrochureModello?idModello=5b1151ea4f1d5b63a06bc273&locale=en
mc_270,Macrolux,Interior,Profiles for Flexible Linear,"A plasterboard-recessed LED profile, supplied empty and cut to length.","mc_270 is a Macrolux aluminium profile for recessing into plasterboard, for a clean, continuous line of light in ceilings and walls with your own LED strip. It comes empty, without LED strip or driver, cut to 1000 or 2000mm. Available in white, with matching end caps.","Aluminium LED profile, supplied empty: no LED strip, no driver. Cut to 1000 | 2000mm from Macrolux's cut-to-length article (max 3m). Recessed in plasterboard. Finishes: White. Joiners, fixings and diffusers that fit are on the Macrolux profile accessories page.",,,,,White,recessed-linear,Yes,images/macrolux/mc-270.jpg,,,,"Cut to 1000mm or 2000mm (Macrolux cut-to-length, max 3m)",mc_270 1000mm,133.0270.00.94 L=1000,White,images/macrolux/mc-270.jpg,,,,,,"Profile · cut to 1000mm from MC_270-94 (Macrolux cut-to-length, max 3m) · no LED or driver",,,,,Datasheet=https://app.macrolux.store/api/pdf/getPdfBrochureModello?idModello=5b1151f84f1d5b63a06bc274&locale=en
mc_270,,,,,,,,,,,,,,,,,,,mc_270 2000mm,133.0270.00.94 L=2000,White,images/macrolux/mc-270.jpg,,,,,,"Profile · cut to 2000mm from MC_270-94 (Macrolux cut-to-length, max 3m) · no LED or driver",,,,,Datasheet=https://app.macrolux.store/api/pdf/getPdfBrochureModello?idModello=5b1151f84f1d5b63a06bc274&locale=en
Macrolux profile accessories,Macrolux,Interior,Profiles for Flexible Linear,"Joiners, fixings, end caps and diffusers shared by our Macrolux profiles.","These are the Macrolux parts that fit more than one of our profiles: linear joiners, fixing keys and brackets, hanging kits, end caps and spare diffusers. Each line lists the profiles it fits, as Macrolux gives them in its brochures. Order them with the profile lengths you need.","Accessories for Macrolux aluminium LED profiles, sold separately. Diffusers in 3m standard lengths unless noted. Compatibility as listed by Macrolux.",,,,,White,linear,Yes,,,,,,Macrolux profile accessories Joiners,1320.1112,,,,,,,,"UNIVERSALE M_12 / MB_15 · ceiling anchor and linear joiner · fits ma_12, mb_15, md_12, mr_12, mt0_12, mt1_12, mx1_12",,,,,Datasheet=https://app.macrolux.store/api/pdf/getPdfBrochureModello?idModello=5b6ac62f4c869e87a010ac2d&locale=en
Macrolux profile accessories,,,,,,,,,,,,,,,,,,,Macrolux profile accessories Joiners,1312.1020,,,,,,,,"ML_20/GL · linear joiner bracket · fits ml_20, ml_20 LED, ml_45",,,,,Datasheet=https://app.macrolux.store/api/pdf/getPdfBrochureModello?idModello=5b4f163486ec3c15a4ec6d29&locale=en
Macrolux profile accessories,,,,,,,,,,,,,,,,,,,Macrolux profile accessories Joiners,1312.1030,,,,,,,,"ML_30/GL · linear joiner brackets · fits ml_30, mt2_12, mt2_27, mx2_27, ma2_35, mc_90, mc_270",,,,,Datasheet=https://app.macrolux.store/api/pdf/getPdfBrochureModello?idModello=5b460f46fc8fd556e015042f&locale=en
Macrolux profile accessories,,,,,,,,,,,,,,,,,,,Macrolux profile accessories Joiners,1324.1027,,,,,,,,"M_27/GL · linear joiner bracket · fits mt0_27, mt1_27, mx0_27, mx1_27",,,,,Datasheet=https://app.macrolux.store/api/pdf/getPdfBrochureModello?idModello=5b5037fb91d67357709fb127&locale=en
Macrolux profile accessories,,,,,,,,,,,,,,,,,,,Macrolux profile accessories Joiners,134.1145,,,,,,,,"M_45/GL · linear joiner bracket · fits md_45, mt0_45, mt1_45, mx0_45, mx1_45",,,,,Datasheet=https://app.macrolux.store/api/pdf/getPdfBrochureModello?idModello=5b5eff3a9936260e30d7e178&locale=en
Macrolux profile accessories,,,,,,,,,,,,,,,,,,,Macrolux profile accessories Fixings,1324.7212.1,,,,,,,,"M2_12/KEY · fixing key · fits mt2_12, mx2_12",,,,,Datasheet=https://app.macrolux.store/api/pdf/getPdfBrochureModello?idModello=5b4c5d5531c06a66fc6b56ea&locale=en
Macrolux profile accessories,,,,,,,,,,,,,,,,,,,Macrolux profile accessories Fixings,1324.7227.1,,,,,,,,"M2_27/KEY · fixing key · fits mt2_27, mx2_27, ma2_35",,,,,Datasheet=https://app.macrolux.store/api/pdf/getPdfBrochureModello?idModello=5b51dd68f5a1ef702c7fe078&locale=en
Macrolux profile accessories,,,,,,,,,,,,,,,,,,,Macrolux profile accessories Fixings,1324.6045,,,,,,,,"M0_45/SA · fixing bracket · fits mt0_45, mx0_45",,,,,Datasheet=https://app.macrolux.store/api/pdf/getPdfBrochureModello?idModello=5b16877275aab2874cc63c8e&locale=en
Macrolux profile accessories,,,,,,,,,,,,,,,,,,,Macrolux profile accessories Fixings,1320.6145,,,,,,,,"M_45/SAP · wall bracket · fits md_45, mt1_45, mx1_45",,,,,Datasheet=https://app.macrolux.store/api/pdf/getPdfBrochureModello?idModello=5b582051b0b7dc18287f6fb1&locale=en
Macrolux profile accessories,,,,,,,,,,,,,,,,,,,Macrolux profile accessories Hanging kits,1324.8127,,,,,,,,"M_27/KS · hanging kit, 1.8m · fits mt1_27, mx1_27",,,,,Datasheet=https://app.macrolux.store/api/pdf/getPdfBrochureModello?idModello=600179c29b78ab4ec8c91448&locale=en
Macrolux profile accessories,,,,,,,,,,,,,,,,,,,Macrolux profile accessories Hanging kits,1324.8145,,,,,,,,"M_45/KS · hanging kit, 1.8m · fits mt1_45, mx1_45",,,,,Datasheet=https://app.macrolux.store/api/pdf/getPdfBrochureModello?idModello=5b571f2ebcfdef605c37c913&locale=en
Macrolux profile accessories,,,,,,,,,,,,,,,,,,,Macrolux profile accessories End caps,1324.5045.94,White,,,,,,,"M0_45/TC-94 · end cap · fits mt0_45, mx0_45",,,,,Datasheet=https://app.macrolux.store/api/pdf/getPdfBrochureModello?idModello=5b583955b0b7dc18287f7067&locale=en
Macrolux profile accessories,,,,,,,,,,,,,,,,,,,Macrolux profile accessories End caps,1312.5045.94,White,,,,,,,"ML_45/TC-4 · end cap · fits ml_45, mx2_45",,,,,Datasheet=https://app.macrolux.store/api/pdf/getPdfBrochureModello?idModello=5b6083c50b2107150071d2f1&locale=en
Macrolux profile accessories,,,,,,,,,,,,,,,,,,,Macrolux profile accessories End caps,133.5090.94,White,,,,,,,"MC_90/TC-4 · end cap · fits mc_90, mc_270",,,,,Datasheet=https://app.macrolux.store/api/pdf/getPdfBrochureModello?idModello=5b1151ea4f1d5b63a06bc273&locale=en
Macrolux profile accessories,,,,,,,,,,,,,,,,,,,Macrolux profile accessories Diffusers,1312.9112.01,,,,,,,,"ML_12/Diffusore Opale L=3m · opal diffuser, 3m standard length · fits md_12, ml_12",,,,,Datasheet=https://app.macrolux.store/api/pdf/getPdfBrochureModello?idModello=5b4ee9a47fcebc59205fc3d4&locale=en
Macrolux profile accessories,,,,,,,,,,,,,,,,,,,Macrolux profile accessories Diffusers,1324.9212,,,,,,,,"M2_12/Diffusore Opale L=max 3m · opal diffuser, cut to length · fits mt2_12",,,,,Datasheet=https://app.macrolux.store/api/pdf/getPdfBrochureModello?idModello=5b4c5d5531c06a66fc6b56ea&locale=en
Macrolux profile accessories,,,,,,,,,,,,,,,,,,,Macrolux profile accessories Diffusers,1324.9212.01,,,,,,,,"M2_12/Diffusore Opale L=3m · opal diffuser, 3m standard length · fits mr_12, mt2_12, mx1_12, mx2_12, ml_50, mc_90, mc_270",,,,,Datasheet=https://app.macrolux.store/api/pdf/getPdfBrochureModello?idModello=5b4c5d5531c06a66fc6b56ea&locale=en
Macrolux profile accessories,,,,,,,,,,,,,,,,,,,Macrolux profile accessories Diffusers,1312.9030.01,,,,,,,,"ML_30/Diffusore Opale L=3m · opal diffuser, 3m standard length · fits ml_30, ml_20 LED, ala, hiss, mb_15",,,,,Datasheet=https://app.macrolux.store/api/pdf/getPdfBrochureModello?idModello=5b460f46fc8fd556e015042f&locale=en
Macrolux profile accessories,,,,,,,,,,,,,,,,,,,Macrolux profile accessories Diffusers,1324.9127.01,,,,,,,,"M_27/Diffusore Opale L=3m · opal diffuser, 3m standard length · fits mt0_27, mt1_27, mt3_27, mx0_27, mx1_27",,,,,Datasheet=https://app.macrolux.store/api/pdf/getPdfBrochureModello?idModello=5b5037fb91d67357709fb127&locale=en
Macrolux profile accessories,,,,,,,,,,,,,,,,,,,Macrolux profile accessories Diffusers,1324.91279.01,,,,,,,,"M_27/Diffusore Prismatizzato L=3m · prismatic diffuser, 3m standard length · fits mt0_27, mt1_27, mt3_27, mx0_27, mx1_27",,,,,Datasheet=https://app.macrolux.store/api/pdf/getPdfBrochureModello?idModello=5b5037fb91d67357709fb127&locale=en
Macrolux profile accessories,,,,,,,,,,,,,,,,,,,Macrolux profile accessories Diffusers,1324.9227.01,,,,,,,,"M2_27/Diffusore Opale L=3m · opal diffuser, 3m standard length · fits mt2_27, mx2_27",,,,,Datasheet=https://app.macrolux.store/api/pdf/getPdfBrochureModello?idModello=5b51dd68f5a1ef702c7fe078&locale=en
Macrolux profile accessories,,,,,,,,,,,,,,,,,,,Macrolux profile accessories Diffusers,1324.9145.01,,,,,,,,"M_45/Diffusore Opale L=3m · opal diffuser, 3m standard length · fits md_45, ml_45, mt0_45, mt1_45, mx0_45, mx1_45",,,,,Datasheet=https://app.macrolux.store/api/pdf/getPdfBrochureModello?idModello=5b6083c50b2107150071d2f1&locale=en
Macrolux profile accessories,,,,,,,,,,,,,,,,,,,Macrolux profile accessories Diffusers,1324.91459.01,,,,,,,,"M_45/Diffusore Prismatizzato L=3m · prismatic diffuser, 3m standard length · fits md_45, ml_45, mt0_45, mt1_45, mx0_45, mx1_45",,,,,Datasheet=https://app.macrolux.store/api/pdf/getPdfBrochureModello?idModello=5b6083c50b2107150071d2f1&locale=en
