family,brand,environment,category,tagline,description,specification,cct,cri,control,ip,ik,finishes,drawing,new,images,slides,slide_tag,dimensions,dimensions_note,model,code,model_finish,model_image,model_cct,model_cri,model_control,model_ip,model_ik,model_ugr,model_details,power,flux,efficacy,beam,downloads
Boulevard Mini,PUK,Exterior,Bollard,A slim 600mm bollard with light to one side or all round.,"Boulevard Mini is a slender round bollard, 110mm across and 600mm high, for paths, entries and garden edges. Choose 180° light to one side or 360° light all round, through a polycarbonate diffuser. The driver is built in, anchor bolts are supplied, and it comes on/off, 1-10V or DALI.","Surface-mounted round bollard, Ø110 × 600mm. 180° | 360° light emission. Extruded copper-free aluminium body, phospho-chromatised and polyester powder coated. Polycarbonate diffuser. Moulded silicone gasket and stainless steel screws. Anchor bolts included. Built-in LED driver 220–240V 50/60Hz. CREE JK3030 mid-power LEDs. IP65. IK10. Class I.",3000K | 4000K,,On/Off | 1-10V | DALI,IP65,IK10,White Aluminium RAL 9006 | Anthracite Grey RAL 7016 | Black RAL 9005,bollard,,images/boulevard-mini/boulevard-mini-thumb.jpg;images/boulevard-mini/boulevard-mini-dimensions.png;images/boulevard-mini/boulevard-mini-dimensions-360.png,,,images/boulevard-mini/boulevard-mini-dimensions.png,Ø110 × 600mm,Boulevard Mini 6.5W 180°,601801.30.HA.01.0,White Aluminium RAL 9006,images/boulevard-mini/boulevard-mini-180-white-aluminium.jpg,3000K,,On/Off,IP65,IK10,,180° emission · Ø110 × 600mm,6.5W,400lm,62lm/W,180°,Datasheet=images/boulevard-mini/datasheets/601801.30.HA.01.0.pdf;Installation=https://puk.it/wp-content/uploads/puk-files-2026/instructions/601801-601802-BOULEVARD-MINI-INSTRUCTIONS.pdf;BIM=https://puk.it/wp-content/uploads/puk-files-2026/revit/601801-BOULEVARD-MINI-180.rfa
Boulevard Mini,,,,,,,,,,,,,,,,,,,,Boulevard Mini 6.5W 180°,601801.30.HA.01.1,White Aluminium RAL 9006,images/boulevard-mini/boulevard-mini-180-white-aluminium.jpg,3000K,,1-10V,IP65,IK10,,180° emission · Ø110 × 600mm,6.5W,400lm,62lm/W,180°,Datasheet=images/boulevard-mini/datasheets/601801.30.HA.01.1.pdf;Installation=https://puk.it/wp-content/uploads/puk-files-2026/instructions/601801-601802-BOULEVARD-MINI-INSTRUCTIONS.pdf;BIM=https://puk.it/wp-content/uploads/puk-files-2026/revit/601801-BOULEVARD-MINI-180.rfa
Boulevard Mini,,,,,,,,,,,,,,,,,,,,Boulevard Mini 6.5W 180°,601801.30.HA.01.D,White Aluminium RAL 9006,images/boulevard-mini/boulevard-mini-180-white-aluminium.jpg,3000K,,DALI,IP65,IK10,,180° emission · Ø110 × 600mm,6.5W,400lm,62lm/W,180°,Datasheet=images/boulevard-mini/datasheets/601801.30.HA.01.D.pdf;Installation=https://puk.it/wp-content/uploads/puk-files-2026/instructions/601801-601802-BOULEVARD-MINI-INSTRUCTIONS.pdf;BIM=https://puk.it/wp-content/uploads/puk-files-2026/revit/601801-BOULEVARD-MINI-180.rfa
Boulevard Mini,,,,,,,,,,,,,,,,,,,,Boulevard Mini 6.5W 180°,601801.40.HA.01.0,White Aluminium RAL 9006,images/boulevard-mini/boulevard-mini-180-white-aluminium.jpg,4000K,,On/Off,IP65,IK10,,180° emission · Ø110 × 600mm,6.5W,410lm,63lm/W,180°,Datasheet=images/boulevard-mini/datasheets/601801.40.HA.01.0.pdf;Installation=https://puk.it/wp-content/uploads/puk-files-2026/instructions/601801-601802-BOULEVARD-MINI-INSTRUCTIONS.pdf;BIM=https://puk.it/wp-content/uploads/puk-files-2026/revit/601801-BOULEVARD-MINI-180.rfa
Boulevard Mini,,,,,,,,,,,,,,,,,,,,Boulevard Mini 6.5W 180°,601801.40.HA.01.1,White Aluminium RAL 9006,images/boulevard-mini/boulevard-mini-180-white-aluminium.jpg,4000K,,1-10V,IP65,IK10,,180° emission · Ø110 × 600mm,6.5W,410lm,63lm/W,180°,Datasheet=images/boulevard-mini/datasheets/601801.40.HA.01.1.pdf;Installation=https://puk.it/wp-content/uploads/puk-files-2026/instructions/601801-601802-BOULEVARD-MINI-INSTRUCTIONS.pdf;BIM=https://puk.it/wp-content/uploads/puk-files-2026/revit/601801-BOULEVARD-MINI-180.rfa
Boulevard Mini,,,,,,,,,,,,,,,,,,,,Boulevard Mini 6.5W 180°,601801.40.HA.01.D,White Aluminium RAL 9006,images/boulevard-mini/boulevard-mini-180-white-aluminium.jpg,4000K,,DALI,IP65,IK10,,180° emission · Ø110 × 600mm,6.5W,410lm,63lm/W,180°,Datasheet=images/boulevard-mini/datasheets/601801.40.HA.01.D.pdf;Installation=https://puk.it/wp-content/uploads/puk-files-2026/instructions/601801-601802-BOULEVARD-MINI-INSTRUCTIONS.pdf;BIM=https://puk.it/wp-content/uploads/puk-files-2026/revit/601801-BOULEVARD-MINI-180.rfa
Boulevard Mini,,,,,,,,,,,,,,,,,,,,Boulevard Mini 12W 360°,601802.30.AL.01.0,White Aluminium RAL 9006,images/boulevard-mini/boulevard-mini-360-white-aluminium.jpg,3000K,,On/Off,IP65,IK10,,360° emission · Ø110 × 600mm,12W,800lm,67lm/W,360°,Datasheet=images/boulevard-mini/datasheets/601802.30.AL.01.0.pdf;Installation=https://puk.it/wp-content/uploads/puk-files-2026/instructions/601801-601802-BOULEVARD-MINI-INSTRUCTIONS.pdf;BIM=https://puk.it/wp-content/uploads/puk-files-2026/revit/601802-BOULEVARD-MINI-360.rfa
Boulevard Mini,,,,,,,,,,,,,,,,,,,,Boulevard Mini 12W 360°,601802.30.AL.01.1,White Aluminium RAL 9006,images/boulevard-mini/boulevard-mini-360-white-aluminium.jpg,3000K,,1-10V,IP65,IK10,,360° emission · Ø110 × 600mm,12W,800lm,67lm/W,360°,Datasheet=images/boulevard-mini/datasheets/601802.30.AL.01.1.pdf;Installation=https://puk.it/wp-content/uploads/puk-files-2026/instructions/601801-601802-BOULEVARD-MINI-INSTRUCTIONS.pdf;BIM=https://puk.it/wp-content/uploads/puk-files-2026/revit/601802-BOULEVARD-MINI-360.rfa
Boulevard Mini,,,,,,,,,,,,,,,,,,,,Boulevard Mini 12W 360°,601802.30.AL.01.D,White Aluminium RAL 9006,images/boulevard-mini/boulevard-mini-360-white-aluminium.jpg,3000K,,DALI,IP65,IK10,,360° emission · Ø110 × 600mm,12W,800lm,67lm/W,360°,Datasheet=images/boulevard-mini/datasheets/601802.30.AL.01.D.pdf;Installation=https://puk.it/wp-content/uploads/puk-files-2026/instructions/601801-601802-BOULEVARD-MINI-INSTRUCTIONS.pdf;BIM=https://puk.it/wp-content/uploads/puk-files-2026/revit/601802-BOULEVARD-MINI-360.rfa
Boulevard Mini,,,,,,,,,,,,,,,,,,,,Boulevard Mini 12W 360°,601802.40.AL.01.0,White Aluminium RAL 9006,images/boulevard-mini/boulevard-mini-360-white-aluminium.jpg,4000K,,On/Off,IP65,IK10,,360° emission · Ø110 × 600mm,12W,820lm,68lm/W,360°,Datasheet=images/boulevard-mini/datasheets/601802.40.AL.01.0.pdf;Installation=https://puk.it/wp-content/uploads/puk-files-2026/instructions/601801-601802-BOULEVARD-MINI-INSTRUCTIONS.pdf;BIM=https://puk.it/wp-content/uploads/puk-files-2026/revit/601802-BOULEVARD-MINI-360.rfa
Boulevard Mini,,,,,,,,,,,,,,,,,,,,Boulevard Mini 12W 360°,601802.40.AL.01.1,White Aluminium RAL 9006,images/boulevard-mini/boulevard-mini-360-white-aluminium.jpg,4000K,,1-10V,IP65,IK10,,360° emission · Ø110 × 600mm,12W,820lm,68lm/W,360°,Datasheet=images/boulevard-mini/datasheets/601802.40.AL.01.1.pdf;Installation=https://puk.it/wp-content/uploads/puk-files-2026/instructions/601801-601802-BOULEVARD-MINI-INSTRUCTIONS.pdf;BIM=https://puk.it/wp-content/uploads/puk-files-2026/revit/601802-BOULEVARD-MINI-360.rfa
Boulevard Mini,,,,,,,,,,,,,,,,,,,,Boulevard Mini 12W 360°,601802.40.AL.01.D,White Aluminium RAL 9006,images/boulevard-mini/boulevard-mini-360-white-aluminium.jpg,4000K,,DALI,IP65,IK10,,360° emission · Ø110 × 600mm,12W,820lm,68lm/W,360°,Datasheet=images/boulevard-mini/datasheets/601802.40.AL.01.D.pdf;Installation=https://puk.it/wp-content/uploads/puk-files-2026/instructions/601801-601802-BOULEVARD-MINI-INSTRUCTIONS.pdf;BIM=https://puk.it/wp-content/uploads/puk-files-2026/revit/601802-BOULEVARD-MINI-360.rfa
Boulevard Mini,,,,,,,,,,,,,,,,,,,,Boulevard Mini 6.5W 180°,601801.30.HA.02.0,Anthracite Grey RAL 7016,images/boulevard-mini/boulevard-mini-180-anthracite-grey.jpg,3000K,,On/Off,IP65,IK10,,180° emission · Ø110 × 600mm,6.5W,400lm,62lm/W,180°,Datasheet=images/boulevard-mini/datasheets/601801.30.HA.02.0.pdf;Installation=https://puk.it/wp-content/uploads/puk-files-2026/instructions/601801-601802-BOULEVARD-MINI-INSTRUCTIONS.pdf;BIM=https://puk.it/wp-content/uploads/puk-files-2026/revit/601801-BOULEVARD-MINI-180.rfa
Boulevard Mini,,,,,,,,,,,,,,,,,,,,Boulevard Mini 6.5W 180°,601801.30.HA.02.1,Anthracite Grey RAL 7016,images/boulevard-mini/boulevard-mini-180-anthracite-grey.jpg,3000K,,1-10V,IP65,IK10,,180° emission · Ø110 × 600mm,6.5W,400lm,62lm/W,180°,Datasheet=images/boulevard-mini/datasheets/601801.30.HA.02.1.pdf;Installation=https://puk.it/wp-content/uploads/puk-files-2026/instructions/601801-601802-BOULEVARD-MINI-INSTRUCTIONS.pdf;BIM=https://puk.it/wp-content/uploads/puk-files-2026/revit/601801-BOULEVARD-MINI-180.rfa
Boulevard Mini,,,,,,,,,,,,,,,,,,,,Boulevard Mini 6.5W 180°,601801.30.HA.02.D,Anthracite Grey RAL 7016,images/boulevard-mini/boulevard-mini-180-anthracite-grey.jpg,3000K,,DALI,IP65,IK10,,180° emission · Ø110 × 600mm,6.5W,400lm,62lm/W,180°,Datasheet=images/boulevard-mini/datasheets/601801.30.HA.02.D.pdf;Installation=https://puk.it/wp-content/uploads/puk-files-2026/instructions/601801-601802-BOULEVARD-MINI-INSTRUCTIONS.pdf;BIM=https://puk.it/wp-content/uploads/puk-files-2026/revit/601801-BOULEVARD-MINI-180.rfa
Boulevard Mini,,,,,,,,,,,,,,,,,,,,Boulevard Mini 6.5W 180°,601801.40.HA.02.0,Anthracite Grey RAL 7016,images/boulevard-mini/boulevard-mini-180-anthracite-grey.jpg,4000K,,On/Off,IP65,IK10,,180° emission · Ø110 × 600mm,6.5W,410lm,63lm/W,180°,Datasheet=images/boulevard-mini/datasheets/601801.40.HA.02.0.pdf;Installation=https://puk.it/wp-content/uploads/puk-files-2026/instructions/601801-601802-BOULEVARD-MINI-INSTRUCTIONS.pdf;BIM=https://puk.it/wp-content/uploads/puk-files-2026/revit/601801-BOULEVARD-MINI-180.rfa
Boulevard Mini,,,,,,,,,,,,,,,,,,,,Boulevard Mini 6.5W 180°,601801.40.HA.02.1,Anthracite Grey RAL 7016,images/boulevard-mini/boulevard-mini-180-anthracite-grey.jpg,4000K,,1-10V,IP65,IK10,,180° emission · Ø110 × 600mm,6.5W,410lm,63lm/W,180°,Datasheet=images/boulevard-mini/datasheets/601801.40.HA.02.1.pdf;Installation=https://puk.it/wp-content/uploads/puk-files-2026/instructions/601801-601802-BOULEVARD-MINI-INSTRUCTIONS.pdf;BIM=https://puk.it/wp-content/uploads/puk-files-2026/revit/601801-BOULEVARD-MINI-180.rfa
Boulevard Mini,,,,,,,,,,,,,,,,,,,,Boulevard Mini 6.5W 180°,601801.40.HA.02.D,Anthracite Grey RAL 7016,images/boulevard-mini/boulevard-mini-180-anthracite-grey.jpg,4000K,,DALI,IP65,IK10,,180° emission · Ø110 × 600mm,6.5W,410lm,63lm/W,180°,Datasheet=images/boulevard-mini/datasheets/601801.40.HA.02.D.pdf;Installation=https://puk.it/wp-content/uploads/puk-files-2026/instructions/601801-601802-BOULEVARD-MINI-INSTRUCTIONS.pdf;BIM=https://puk.it/wp-content/uploads/puk-files-2026/revit/601801-BOULEVARD-MINI-180.rfa
Boulevard Mini,,,,,,,,,,,,,,,,,,,,Boulevard Mini 12W 360°,601802.30.AL.02.0,Anthracite Grey RAL 7016,images/boulevard-mini/boulevard-mini-360-anthracite-grey.jpg,3000K,,On/Off,IP65,IK10,,360° emission · Ø110 × 600mm,12W,800lm,67lm/W,360°,Datasheet=images/boulevard-mini/datasheets/601802.30.AL.02.0.pdf;Installation=https://puk.it/wp-content/uploads/puk-files-2026/instructions/601801-601802-BOULEVARD-MINI-INSTRUCTIONS.pdf;BIM=https://puk.it/wp-content/uploads/puk-files-2026/revit/601802-BOULEVARD-MINI-360.rfa
Boulevard Mini,,,,,,,,,,,,,,,,,,,,Boulevard Mini 12W 360°,601802.30.AL.02.1,Anthracite Grey RAL 7016,images/boulevard-mini/boulevard-mini-360-anthracite-grey.jpg,3000K,,1-10V,IP65,IK10,,360° emission · Ø110 × 600mm,12W,800lm,67lm/W,360°,Datasheet=images/boulevard-mini/datasheets/601802.30.AL.02.1.pdf;Installation=https://puk.it/wp-content/uploads/puk-files-2026/instructions/601801-601802-BOULEVARD-MINI-INSTRUCTIONS.pdf;BIM=https://puk.it/wp-content/uploads/puk-files-2026/revit/601802-BOULEVARD-MINI-360.rfa
Boulevard Mini,,,,,,,,,,,,,,,,,,,,Boulevard Mini 12W 360°,601802.30.AL.02.D,Anthracite Grey RAL 7016,images/boulevard-mini/boulevard-mini-360-anthracite-grey.jpg,3000K,,DALI,IP65,IK10,,360° emission · Ø110 × 600mm,12W,800lm,67lm/W,360°,Datasheet=images/boulevard-mini/datasheets/601802.30.AL.02.D.pdf;Installation=https://puk.it/wp-content/uploads/puk-files-2026/instructions/601801-601802-BOULEVARD-MINI-INSTRUCTIONS.pdf;BIM=https://puk.it/wp-content/uploads/puk-files-2026/revit/601802-BOULEVARD-MINI-360.rfa
Boulevard Mini,,,,,,,,,,,,,,,,,,,,Boulevard Mini 12W 360°,601802.40.AL.02.0,Anthracite Grey RAL 7016,images/boulevard-mini/boulevard-mini-360-anthracite-grey.jpg,4000K,,On/Off,IP65,IK10,,360° emission · Ø110 × 600mm,12W,820lm,68lm/W,360°,Datasheet=images/boulevard-mini/datasheets/601802.40.AL.02.0.pdf;Installation=https://puk.it/wp-content/uploads/puk-files-2026/instructions/601801-601802-BOULEVARD-MINI-INSTRUCTIONS.pdf;BIM=https://puk.it/wp-content/uploads/puk-files-2026/revit/601802-BOULEVARD-MINI-360.rfa
Boulevard Mini,,,,,,,,,,,,,,,,,,,,Boulevard Mini 12W 360°,601802.40.AL.02.1,Anthracite Grey RAL 7016,images/boulevard-mini/boulevard-mini-360-anthracite-grey.jpg,4000K,,1-10V,IP65,IK10,,360° emission · Ø110 × 600mm,12W,820lm,68lm/W,360°,Datasheet=images/boulevard-mini/datasheets/601802.40.AL.02.1.pdf;Installation=https://puk.it/wp-content/uploads/puk-files-2026/instructions/601801-601802-BOULEVARD-MINI-INSTRUCTIONS.pdf;BIM=https://puk.it/wp-content/uploads/puk-files-2026/revit/601802-BOULEVARD-MINI-360.rfa
Boulevard Mini,,,,,,,,,,,,,,,,,,,,Boulevard Mini 12W 360°,601802.40.AL.02.D,Anthracite Grey RAL 7016,images/boulevard-mini/boulevard-mini-360-anthracite-grey.jpg,4000K,,DALI,IP65,IK10,,360° emission · Ø110 × 600mm,12W,820lm,68lm/W,360°,Datasheet=images/boulevard-mini/datasheets/601802.40.AL.02.D.pdf;Installation=https://puk.it/wp-content/uploads/puk-files-2026/instructions/601801-601802-BOULEVARD-MINI-INSTRUCTIONS.pdf;BIM=https://puk.it/wp-content/uploads/puk-files-2026/revit/601802-BOULEVARD-MINI-360.rfa
Boulevard Mini,,,,,,,,,,,,,,,,,,,,Boulevard Mini 6.5W 180°,601801.30.HA.03.0,Black RAL 9005,images/boulevard-mini/boulevard-mini-180-black.jpg,3000K,,On/Off,IP65,IK10,,180° emission · Ø110 × 600mm,6.5W,400lm,62lm/W,180°,Datasheet=images/boulevard-mini/datasheets/601801.30.HA.03.0.pdf;Installation=https://puk.it/wp-content/uploads/puk-files-2026/instructions/601801-601802-BOULEVARD-MINI-INSTRUCTIONS.pdf;BIM=https://puk.it/wp-content/uploads/puk-files-2026/revit/601801-BOULEVARD-MINI-180.rfa
Boulevard Mini,,,,,,,,,,,,,,,,,,,,Boulevard Mini 6.5W 180°,601801.30.HA.03.1,Black RAL 9005,images/boulevard-mini/boulevard-mini-180-black.jpg,3000K,,1-10V,IP65,IK10,,180° emission · Ø110 × 600mm,6.5W,400lm,62lm/W,180°,Datasheet=images/boulevard-mini/datasheets/601801.30.HA.03.1.pdf;Installation=https://puk.it/wp-content/uploads/puk-files-2026/instructions/601801-601802-BOULEVARD-MINI-INSTRUCTIONS.pdf;BIM=https://puk.it/wp-content/uploads/puk-files-2026/revit/601801-BOULEVARD-MINI-180.rfa
Boulevard Mini,,,,,,,,,,,,,,,,,,,,Boulevard Mini 6.5W 180°,601801.30.HA.03.D,Black RAL 9005,images/boulevard-mini/boulevard-mini-180-black.jpg,3000K,,DALI,IP65,IK10,,180° emission · Ø110 × 600mm,6.5W,400lm,62lm/W,180°,Datasheet=images/boulevard-mini/datasheets/601801.30.HA.03.D.pdf;Installation=https://puk.it/wp-content/uploads/puk-files-2026/instructions/601801-601802-BOULEVARD-MINI-INSTRUCTIONS.pdf;BIM=https://puk.it/wp-content/uploads/puk-files-2026/revit/601801-BOULEVARD-MINI-180.rfa
Boulevard Mini,,,,,,,,,,,,,,,,,,,,Boulevard Mini 6.5W 180°,601801.40.HA.03.0,Black RAL 9005,images/boulevard-mini/boulevard-mini-180-black.jpg,4000K,,On/Off,IP65,IK10,,180° emission · Ø110 × 600mm,6.5W,410lm,63lm/W,180°,Datasheet=images/boulevard-mini/datasheets/601801.40.HA.03.0.pdf;Installation=https://puk.it/wp-content/uploads/puk-files-2026/instructions/601801-601802-BOULEVARD-MINI-INSTRUCTIONS.pdf;BIM=https://puk.it/wp-content/uploads/puk-files-2026/revit/601801-BOULEVARD-MINI-180.rfa
Boulevard Mini,,,,,,,,,,,,,,,,,,,,Boulevard Mini 6.5W 180°,601801.40.HA.03.1,Black RAL 9005,images/boulevard-mini/boulevard-mini-180-black.jpg,4000K,,1-10V,IP65,IK10,,180° emission · Ø110 × 600mm,6.5W,410lm,63lm/W,180°,Datasheet=images/boulevard-mini/datasheets/601801.40.HA.03.1.pdf;Installation=https://puk.it/wp-content/uploads/puk-files-2026/instructions/601801-601802-BOULEVARD-MINI-INSTRUCTIONS.pdf;BIM=https://puk.it/wp-content/uploads/puk-files-2026/revit/601801-BOULEVARD-MINI-180.rfa
Boulevard Mini,,,,,,,,,,,,,,,,,,,,Boulevard Mini 6.5W 180°,601801.40.HA.03.D,Black RAL 9005,images/boulevard-mini/boulevard-mini-180-black.jpg,4000K,,DALI,IP65,IK10,,180° emission · Ø110 × 600mm,6.5W,410lm,63lm/W,180°,Datasheet=images/boulevard-mini/datasheets/601801.40.HA.03.D.pdf;Installation=https://puk.it/wp-content/uploads/puk-files-2026/instructions/601801-601802-BOULEVARD-MINI-INSTRUCTIONS.pdf;BIM=https://puk.it/wp-content/uploads/puk-files-2026/revit/601801-BOULEVARD-MINI-180.rfa
Boulevard Mini,,,,,,,,,,,,,,,,,,,,Boulevard Mini 12W 360°,601802.30.AL.03.0,Black RAL 9005,images/boulevard-mini/boulevard-mini-360-black.jpg,3000K,,On/Off,IP65,IK10,,360° emission · Ø110 × 600mm,12W,800lm,67lm/W,360°,Datasheet=images/boulevard-mini/datasheets/601802.30.AL.03.0.pdf;Installation=https://puk.it/wp-content/uploads/puk-files-2026/instructions/601801-601802-BOULEVARD-MINI-INSTRUCTIONS.pdf;BIM=https://puk.it/wp-content/uploads/puk-files-2026/revit/601802-BOULEVARD-MINI-360.rfa
Boulevard Mini,,,,,,,,,,,,,,,,,,,,Boulevard Mini 12W 360°,601802.30.AL.03.1,Black RAL 9005,images/boulevard-mini/boulevard-mini-360-black.jpg,3000K,,1-10V,IP65,IK10,,360° emission · Ø110 × 600mm,12W,800lm,67lm/W,360°,Datasheet=images/boulevard-mini/datasheets/601802.30.AL.03.1.pdf;Installation=https://puk.it/wp-content/uploads/puk-files-2026/instructions/601801-601802-BOULEVARD-MINI-INSTRUCTIONS.pdf;BIM=https://puk.it/wp-content/uploads/puk-files-2026/revit/601802-BOULEVARD-MINI-360.rfa
Boulevard Mini,,,,,,,,,,,,,,,,,,,,Boulevard Mini 12W 360°,601802.30.AL.03.D,Black RAL 9005,images/boulevard-mini/boulevard-mini-360-black.jpg,3000K,,DALI,IP65,IK10,,360° emission · Ø110 × 600mm,12W,800lm,67lm/W,360°,Datasheet=images/boulevard-mini/datasheets/601802.30.AL.03.D.pdf;Installation=https://puk.it/wp-content/uploads/puk-files-2026/instructions/601801-601802-BOULEVARD-MINI-INSTRUCTIONS.pdf;BIM=https://puk.it/wp-content/uploads/puk-files-2026/revit/601802-BOULEVARD-MINI-360.rfa
Boulevard Mini,,,,,,,,,,,,,,,,,,,,Boulevard Mini 12W 360°,601802.40.AL.03.0,Black RAL 9005,images/boulevard-mini/boulevard-mini-360-black.jpg,4000K,,On/Off,IP65,IK10,,360° emission · Ø110 × 600mm,12W,820lm,68lm/W,360°,Datasheet=images/boulevard-mini/datasheets/601802.40.AL.03.0.pdf;Installation=https://puk.it/wp-content/uploads/puk-files-2026/instructions/601801-601802-BOULEVARD-MINI-INSTRUCTIONS.pdf;BIM=https://puk.it/wp-content/uploads/puk-files-2026/revit/601802-BOULEVARD-MINI-360.rfa
Boulevard Mini,,,,,,,,,,,,,,,,,,,,Boulevard Mini 12W 360°,601802.40.AL.03.1,Black RAL 9005,images/boulevard-mini/boulevard-mini-360-black.jpg,4000K,,1-10V,IP65,IK10,,360° emission · Ø110 × 600mm,12W,820lm,68lm/W,360°,Datasheet=images/boulevard-mini/datasheets/601802.40.AL.03.1.pdf;Installation=https://puk.it/wp-content/uploads/puk-files-2026/instructions/601801-601802-BOULEVARD-MINI-INSTRUCTIONS.pdf;BIM=https://puk.it/wp-content/uploads/puk-files-2026/revit/601802-BOULEVARD-MINI-360.rfa
Boulevard Mini,,,,,,,,,,,,,,,,,,,,Boulevard Mini 12W 360°,601802.40.AL.03.D,Black RAL 9005,images/boulevard-mini/boulevard-mini-360-black.jpg,4000K,,DALI,IP65,IK10,,360° emission · Ø110 × 600mm,12W,820lm,68lm/W,360°,Datasheet=images/boulevard-mini/datasheets/601802.40.AL.03.D.pdf;Installation=https://puk.it/wp-content/uploads/puk-files-2026/instructions/601801-601802-BOULEVARD-MINI-INSTRUCTIONS.pdf;BIM=https://puk.it/wp-content/uploads/puk-files-2026/revit/601802-BOULEVARD-MINI-360.rfa
Boulevard,PUK,Exterior,Bollard,"A round bollard in three heights, designed by Momo Design.","Boulevard is a die-cast round bollard by Momo Design, 170mm across and 220, 600 or 1000mm high. Each height comes with 180° light for edges and walls or 360° light for open paths and forecourts, under a solid cap. The driver is built in, anchor bolts are supplied, and it comes on/off, 1-10V or DALI.","Surface-mounted round bollard, Ø170mm. Heights 220 | 600 | 1000mm. 180° | 360° light emission. Die-cast copper-free aluminium body, phospho-chromatised and polyester powder coated. Polycarbonate diffuser. Moulded silicone gasket and stainless steel screws. Anchor bolts included. Built-in electronic LED driver 220–240V 50/60Hz. CREE XH-G mid-power LEDs. IP65. IK10. Class I. Designed by Momo Design.",2700K | 3000K | 4000K,,On/Off | 1-10V | DALI,IP65,IK10,White Aluminium RAL 9006 | Anthracite Grey RAL 7016 | Black RAL 9005,bollard,,images/boulevard/boulevard-thumb.jpg;images/boulevard/boulevard-dimensions-01.png;images/boulevard/boulevard-dimensions-02.png;images/boulevard/boulevard-dimensions-03.png,,,images/boulevard/boulevard-dimensions-01.png,01 Ø170 × 220mm · 02 Ø170 × 600mm · 03 Ø170 × 1000mm,Boulevard 01 9W 180°,609001.27.HA.01.0,White Aluminium RAL 9006,images/boulevard/boulevard-01-180-white-aluminium.jpg,2700K,,On/Off,IP65,IK10,,180° emission · Ø170 × 220mm,9W,760lm,84lm/W,180°,Datasheet=images/boulevard/datasheets/609001.27.HA.01.0.pdf;Installation=https://puk.it/wp-content/uploads/puk-files-2026/instructions/NEW-609001-609003-609005-BOULEVARD-01-02-03-180-INTRUCTIONS.pdf;LDT=https://puk.it/wp-content/uploads/2018/12/609001-HYDROBOULEVARD-01-180-LED.rar;BIM=https://puk.it/wp-content/uploads/puk-files-2026/revit/609001-BOULEVARD-01-180.rfa
Boulevard,,,,,,,,,,,,,,,,,,,,Boulevard 01 9W 180°,609001.27.HA.01.1,White Aluminium RAL 9006,images/boulevard/boulevard-01-180-white-aluminium.jpg,2700K,,1-10V,IP65,IK10,,180° emission · Ø170 × 220mm,9W,760lm,84lm/W,180°,Datasheet=images/boulevard/datasheets/609001.27.HA.01.1.pdf;Installation=https://puk.it/wp-content/uploads/puk-files-2026/instructions/NEW-609001-609003-609005-BOULEVARD-01-02-03-180-INTRUCTIONS.pdf;LDT=https://puk.it/wp-content/uploads/2018/12/609001-HYDROBOULEVARD-01-180-LED.rar;BIM=https://puk.it/wp-content/uploads/puk-files-2026/revit/609001-BOULEVARD-01-180.rfa
Boulevard,,,,,,,,,,,,,,,,,,,,Boulevard 01 9W 180°,609001.27.HA.01.D,White Aluminium RAL 9006,images/boulevard/boulevard-01-180-white-aluminium.jpg,2700K,,DALI,IP65,IK10,,180° emission · Ø170 × 220mm,9W,760lm,84lm/W,180°,Datasheet=images/boulevard/datasheets/609001.27.HA.01.D.pdf;Installation=https://puk.it/wp-content/uploads/puk-files-2026/instructions/NEW-609001-609003-609005-BOULEVARD-01-02-03-180-INTRUCTIONS.pdf;LDT=https://puk.it/wp-content/uploads/2018/12/609001-HYDROBOULEVARD-01-180-LED.rar;BIM=https://puk.it/wp-content/uploads/puk-files-2026/revit/609001-BOULEVARD-01-180.rfa
Boulevard,,,,,,,,,,,,,,,,,,,,Boulevard 01 9W 180°,609001.30.HA.01.0,White Aluminium RAL 9006,images/boulevard/boulevard-01-180-white-aluminium.jpg,3000K,,On/Off,IP65,IK10,,180° emission · Ø170 × 220mm,9W,800lm,89lm/W,180°,Datasheet=images/boulevard/datasheets/609001.30.HA.01.0.pdf;Installation=https://puk.it/wp-content/uploads/puk-files-2026/instructions/NEW-609001-609003-609005-BOULEVARD-01-02-03-180-INTRUCTIONS.pdf;LDT=https://puk.it/wp-content/uploads/2018/12/609001-HYDROBOULEVARD-01-180-LED.rar;BIM=https://puk.it/wp-content/uploads/puk-files-2026/revit/609001-BOULEVARD-01-180.rfa
Boulevard,,,,,,,,,,,,,,,,,,,,Boulevard 01 9W 180°,609001.30.HA.01.1,White Aluminium RAL 9006,images/boulevard/boulevard-01-180-white-aluminium.jpg,3000K,,1-10V,IP65,IK10,,180° emission · Ø170 × 220mm,9W,800lm,89lm/W,180°,Datasheet=images/boulevard/datasheets/609001.30.HA.01.1.pdf;Installation=https://puk.it/wp-content/uploads/puk-files-2026/instructions/NEW-609001-609003-609005-BOULEVARD-01-02-03-180-INTRUCTIONS.pdf;LDT=https://puk.it/wp-content/uploads/2018/12/609001-HYDROBOULEVARD-01-180-LED.rar;BIM=https://puk.it/wp-content/uploads/puk-files-2026/revit/609001-BOULEVARD-01-180.rfa
Boulevard,,,,,,,,,,,,,,,,,,,,Boulevard 01 9W 180°,609001.30.HA.01.D,White Aluminium RAL 9006,images/boulevard/boulevard-01-180-white-aluminium.jpg,3000K,,DALI,IP65,IK10,,180° emission · Ø170 × 220mm,9W,800lm,89lm/W,180°,Datasheet=images/boulevard/datasheets/609001.30.HA.01.D.pdf;Installation=https://puk.it/wp-content/uploads/puk-files-2026/instructions/NEW-609001-609003-609005-BOULEVARD-01-02-03-180-INTRUCTIONS.pdf;LDT=https://puk.it/wp-content/uploads/2018/12/609001-HYDROBOULEVARD-01-180-LED.rar;BIM=https://puk.it/wp-content/uploads/puk-files-2026/revit/609001-BOULEVARD-01-180.rfa
Boulevard,,,,,,,,,,,,,,,,,,,,Boulevard 01 9W 180°,609001.40.HA.01.0,White Aluminium RAL 9006,images/boulevard/boulevard-01-180-white-aluminium.jpg,4000K,,On/Off,IP65,IK10,,180° emission · Ø170 × 220mm,9W,820lm,91lm/W,180°,Datasheet=images/boulevard/datasheets/609001.40.HA.01.0.pdf;Installation=https://puk.it/wp-content/uploads/puk-files-2026/instructions/NEW-609001-609003-609005-BOULEVARD-01-02-03-180-INTRUCTIONS.pdf;LDT=https://puk.it/wp-content/uploads/2018/12/609001-HYDROBOULEVARD-01-180-LED.rar;BIM=https://puk.it/wp-content/uploads/puk-files-2026/revit/609001-BOULEVARD-01-180.rfa
Boulevard,,,,,,,,,,,,,,,,,,,,Boulevard 01 9W 180°,609001.40.HA.01.1,White Aluminium RAL 9006,images/boulevard/boulevard-01-180-white-aluminium.jpg,4000K,,1-10V,IP65,IK10,,180° emission · Ø170 × 220mm,9W,820lm,91lm/W,180°,Datasheet=images/boulevard/datasheets/609001.40.HA.01.1.pdf;Installation=https://puk.it/wp-content/uploads/puk-files-2026/instructions/NEW-609001-609003-609005-BOULEVARD-01-02-03-180-INTRUCTIONS.pdf;LDT=https://puk.it/wp-content/uploads/2018/12/609001-HYDROBOULEVARD-01-180-LED.rar;BIM=https://puk.it/wp-content/uploads/puk-files-2026/revit/609001-BOULEVARD-01-180.rfa
Boulevard,,,,,,,,,,,,,,,,,,,,Boulevard 01 9W 180°,609001.40.HA.01.D,White Aluminium RAL 9006,images/boulevard/boulevard-01-180-white-aluminium.jpg,4000K,,DALI,IP65,IK10,,180° emission · Ø170 × 220mm,9W,820lm,91lm/W,180°,Datasheet=images/boulevard/datasheets/609001.40.HA.01.D.pdf;Installation=https://puk.it/wp-content/uploads/puk-files-2026/instructions/NEW-609001-609003-609005-BOULEVARD-01-02-03-180-INTRUCTIONS.pdf;LDT=https://puk.it/wp-content/uploads/2018/12/609001-HYDROBOULEVARD-01-180-LED.rar;BIM=https://puk.it/wp-content/uploads/puk-files-2026/revit/609001-BOULEVARD-01-180.rfa
Boulevard,,,,,,,,,,,,,,,,,,,,Boulevard 01 18W 360°,609002.27.AL.01.0,White Aluminium RAL 9006,images/boulevard/boulevard-01-360-white-aluminium.jpg,2700K,,On/Off,IP65,IK10,,360° emission · Ø170 × 220mm,18W,1520lm,84lm/W,360°,Datasheet=images/boulevard/datasheets/609002.27.AL.01.0.pdf;Installation=https://puk.it/wp-content/uploads/puk-files-2026/instructions/NEW-609002-609004-609006-BUOLEVARD-01-02-03-360-INTRUCTIONS.pdf;LDT=https://puk.it/wp-content/uploads/2018/12/609002-HYDROBOULEVARD-01-360-LED.rar;BIM=https://puk.it/wp-content/uploads/puk-files-2026/revit/609002-BOULEVARD-01-360.rfa
Boulevard,,,,,,,,,,,,,,,,,,,,Boulevard 01 18W 360°,609002.27.AL.01.1,White Aluminium RAL 9006,images/boulevard/boulevard-01-360-white-aluminium.jpg,2700K,,1-10V,IP65,IK10,,360° emission · Ø170 × 220mm,18W,1520lm,84lm/W,360°,Datasheet=images/boulevard/datasheets/609002.27.AL.01.1.pdf;Installation=https://puk.it/wp-content/uploads/puk-files-2026/instructions/NEW-609002-609004-609006-BUOLEVARD-01-02-03-360-INTRUCTIONS.pdf;LDT=https://puk.it/wp-content/uploads/2018/12/609002-HYDROBOULEVARD-01-360-LED.rar;BIM=https://puk.it/wp-content/uploads/puk-files-2026/revit/609002-BOULEVARD-01-360.rfa
Boulevard,,,,,,,,,,,,,,,,,,,,Boulevard 01 18W 360°,609002.27.AL.01.D,White Aluminium RAL 9006,images/boulevard/boulevard-01-360-white-aluminium.jpg,2700K,,DALI,IP65,IK10,,360° emission · Ø170 × 220mm,18W,1520lm,84lm/W,360°,Datasheet=images/boulevard/datasheets/609002.27.AL.01.D.pdf;Installation=https://puk.it/wp-content/uploads/puk-files-2026/instructions/NEW-609002-609004-609006-BUOLEVARD-01-02-03-360-INTRUCTIONS.pdf;LDT=https://puk.it/wp-content/uploads/2018/12/609002-HYDROBOULEVARD-01-360-LED.rar;BIM=https://puk.it/wp-content/uploads/puk-files-2026/revit/609002-BOULEVARD-01-360.rfa
Boulevard,,,,,,,,,,,,,,,,,,,,Boulevard 01 18W 360°,609002.30.AL.01.0,White Aluminium RAL 9006,images/boulevard/boulevard-01-360-white-aluminium.jpg,3000K,,On/Off,IP65,IK10,,360° emission · Ø170 × 220mm,18W,1600lm,89lm/W,360°,Datasheet=images/boulevard/datasheets/609002.30.AL.01.0.pdf;Installation=https://puk.it/wp-content/uploads/puk-files-2026/instructions/NEW-609002-609004-609006-BUOLEVARD-01-02-03-360-INTRUCTIONS.pdf;LDT=https://puk.it/wp-content/uploads/2018/12/609002-HYDROBOULEVARD-01-360-LED.rar;BIM=https://puk.it/wp-content/uploads/puk-files-2026/revit/609002-BOULEVARD-01-360.rfa
Boulevard,,,,,,,,,,,,,,,,,,,,Boulevard 01 18W 360°,609002.30.AL.01.1,White Aluminium RAL 9006,images/boulevard/boulevard-01-360-white-aluminium.jpg,3000K,,1-10V,IP65,IK10,,360° emission · Ø170 × 220mm,18W,1600lm,89lm/W,360°,Datasheet=images/boulevard/datasheets/609002.30.AL.01.1.pdf;Installation=https://puk.it/wp-content/uploads/puk-files-2026/instructions/NEW-609002-609004-609006-BUOLEVARD-01-02-03-360-INTRUCTIONS.pdf;LDT=https://puk.it/wp-content/uploads/2018/12/609002-HYDROBOULEVARD-01-360-LED.rar;BIM=https://puk.it/wp-content/uploads/puk-files-2026/revit/609002-BOULEVARD-01-360.rfa
Boulevard,,,,,,,,,,,,,,,,,,,,Boulevard 01 18W 360°,609002.30.AL.01.D,White Aluminium RAL 9006,images/boulevard/boulevard-01-360-white-aluminium.jpg,3000K,,DALI,IP65,IK10,,360° emission · Ø170 × 220mm,18W,1600lm,89lm/W,360°,Datasheet=images/boulevard/datasheets/609002.30.AL.01.D.pdf;Installation=https://puk.it/wp-content/uploads/puk-files-2026/instructions/NEW-609002-609004-609006-BUOLEVARD-01-02-03-360-INTRUCTIONS.pdf;LDT=https://puk.it/wp-content/uploads/2018/12/609002-HYDROBOULEVARD-01-360-LED.rar;BIM=https://puk.it/wp-content/uploads/puk-files-2026/revit/609002-BOULEVARD-01-360.rfa
Boulevard,,,,,,,,,,,,,,,,,,,,Boulevard 01 18W 360°,609002.40.AL.01.0,White Aluminium RAL 9006,images/boulevard/boulevard-01-360-white-aluminium.jpg,4000K,,On/Off,IP65,IK10,,360° emission · Ø170 × 220mm,18W,1640lm,91lm/W,360°,Datasheet=images/boulevard/datasheets/609002.40.AL.01.0.pdf;Installation=https://puk.it/wp-content/uploads/puk-files-2026/instructions/NEW-609002-609004-609006-BUOLEVARD-01-02-03-360-INTRUCTIONS.pdf;LDT=https://puk.it/wp-content/uploads/2018/12/609002-HYDROBOULEVARD-01-360-LED.rar;BIM=https://puk.it/wp-content/uploads/puk-files-2026/revit/609002-BOULEVARD-01-360.rfa
Boulevard,,,,,,,,,,,,,,,,,,,,Boulevard 01 18W 360°,609002.40.AL.01.1,White Aluminium RAL 9006,images/boulevard/boulevard-01-360-white-aluminium.jpg,4000K,,1-10V,IP65,IK10,,360° emission · Ø170 × 220mm,18W,1640lm,91lm/W,360°,Datasheet=images/boulevard/datasheets/609002.40.AL.01.1.pdf;Installation=https://puk.it/wp-content/uploads/puk-files-2026/instructions/NEW-609002-609004-609006-BUOLEVARD-01-02-03-360-INTRUCTIONS.pdf;LDT=https://puk.it/wp-content/uploads/2018/12/609002-HYDROBOULEVARD-01-360-LED.rar;BIM=https://puk.it/wp-content/uploads/puk-files-2026/revit/609002-BOULEVARD-01-360.rfa
Boulevard,,,,,,,,,,,,,,,,,,,,Boulevard 01 18W 360°,609002.40.AL.01.D,White Aluminium RAL 9006,images/boulevard/boulevard-01-360-white-aluminium.jpg,4000K,,DALI,IP65,IK10,,360° emission · Ø170 × 220mm,18W,1640lm,91lm/W,360°,Datasheet=images/boulevard/datasheets/609002.40.AL.01.D.pdf;Installation=https://puk.it/wp-content/uploads/puk-files-2026/instructions/NEW-609002-609004-609006-BUOLEVARD-01-02-03-360-INTRUCTIONS.pdf;LDT=https://puk.it/wp-content/uploads/2018/12/609002-HYDROBOULEVARD-01-360-LED.rar;BIM=https://puk.it/wp-content/uploads/puk-files-2026/revit/609002-BOULEVARD-01-360.rfa
Boulevard,,,,,,,,,,,,,,,,,,,,Boulevard 01 9W 180°,609001.27.HA.02.0,Anthracite Grey RAL 7016,images/boulevard/boulevard-01-180-anthracite-grey.jpg,2700K,,On/Off,IP65,IK10,,180° emission · Ø170 × 220mm,9W,760lm,84lm/W,180°,Datasheet=images/boulevard/datasheets/609001.27.HA.02.0.pdf;Installation=https://puk.it/wp-content/uploads/puk-files-2026/instructions/NEW-609001-609003-609005-BOULEVARD-01-02-03-180-INTRUCTIONS.pdf;LDT=https://puk.it/wp-content/uploads/2018/12/609001-HYDROBOULEVARD-01-180-LED.rar;BIM=https://puk.it/wp-content/uploads/puk-files-2026/revit/609001-BOULEVARD-01-180.rfa
Boulevard,,,,,,,,,,,,,,,,,,,,Boulevard 01 9W 180°,609001.27.HA.02.1,Anthracite Grey RAL 7016,images/boulevard/boulevard-01-180-anthracite-grey.jpg,2700K,,1-10V,IP65,IK10,,180° emission · Ø170 × 220mm,9W,760lm,84lm/W,180°,Datasheet=images/boulevard/datasheets/609001.27.HA.02.1.pdf;Installation=https://puk.it/wp-content/uploads/puk-files-2026/instructions/NEW-609001-609003-609005-BOULEVARD-01-02-03-180-INTRUCTIONS.pdf;LDT=https://puk.it/wp-content/uploads/2018/12/609001-HYDROBOULEVARD-01-180-LED.rar;BIM=https://puk.it/wp-content/uploads/puk-files-2026/revit/609001-BOULEVARD-01-180.rfa
Boulevard,,,,,,,,,,,,,,,,,,,,Boulevard 01 9W 180°,609001.27.HA.02.D,Anthracite Grey RAL 7016,images/boulevard/boulevard-01-180-anthracite-grey.jpg,2700K,,DALI,IP65,IK10,,180° emission · Ø170 × 220mm,9W,760lm,84lm/W,180°,Datasheet=images/boulevard/datasheets/609001.27.HA.02.D.pdf;Installation=https://puk.it/wp-content/uploads/puk-files-2026/instructions/NEW-609001-609003-609005-BOULEVARD-01-02-03-180-INTRUCTIONS.pdf;LDT=https://puk.it/wp-content/uploads/2018/12/609001-HYDROBOULEVARD-01-180-LED.rar;BIM=https://puk.it/wp-content/uploads/puk-files-2026/revit/609001-BOULEVARD-01-180.rfa
Boulevard,,,,,,,,,,,,,,,,,,,,Boulevard 01 9W 180°,609001.30.HA.02.0,Anthracite Grey RAL 7016,images/boulevard/boulevard-01-180-anthracite-grey.jpg,3000K,,On/Off,IP65,IK10,,180° emission · Ø170 × 220mm,9W,800lm,89lm/W,180°,Datasheet=images/boulevard/datasheets/609001.30.HA.02.0.pdf;Installation=https://puk.it/wp-content/uploads/puk-files-2026/instructions/NEW-609001-609003-609005-BOULEVARD-01-02-03-180-INTRUCTIONS.pdf;LDT=https://puk.it/wp-content/uploads/2018/12/609001-HYDROBOULEVARD-01-180-LED.rar;BIM=https://puk.it/wp-content/uploads/puk-files-2026/revit/609001-BOULEVARD-01-180.rfa
Boulevard,,,,,,,,,,,,,,,,,,,,Boulevard 01 9W 180°,609001.30.HA.02.1,Anthracite Grey RAL 7016,images/boulevard/boulevard-01-180-anthracite-grey.jpg,3000K,,1-10V,IP65,IK10,,180° emission · Ø170 × 220mm,9W,800lm,89lm/W,180°,Datasheet=images/boulevard/datasheets/609001.30.HA.02.1.pdf;Installation=https://puk.it/wp-content/uploads/puk-files-2026/instructions/NEW-609001-609003-609005-BOULEVARD-01-02-03-180-INTRUCTIONS.pdf;LDT=https://puk.it/wp-content/uploads/2018/12/609001-HYDROBOULEVARD-01-180-LED.rar;BIM=https://puk.it/wp-content/uploads/puk-files-2026/revit/609001-BOULEVARD-01-180.rfa
Boulevard,,,,,,,,,,,,,,,,,,,,Boulevard 01 9W 180°,609001.30.HA.02.D,Anthracite Grey RAL 7016,images/boulevard/boulevard-01-180-anthracite-grey.jpg,3000K,,DALI,IP65,IK10,,180° emission · Ø170 × 220mm,9W,800lm,89lm/W,180°,Datasheet=images/boulevard/datasheets/609001.30.HA.02.D.pdf;Installation=https://puk.it/wp-content/uploads/puk-files-2026/instructions/NEW-609001-609003-609005-BOULEVARD-01-02-03-180-INTRUCTIONS.pdf;LDT=https://puk.it/wp-content/uploads/2018/12/609001-HYDROBOULEVARD-01-180-LED.rar;BIM=https://puk.it/wp-content/uploads/puk-files-2026/revit/609001-BOULEVARD-01-180.rfa
Boulevard,,,,,,,,,,,,,,,,,,,,Boulevard 01 9W 180°,609001.40.HA.02.0,Anthracite Grey RAL 7016,images/boulevard/boulevard-01-180-anthracite-grey.jpg,4000K,,On/Off,IP65,IK10,,180° emission · Ø170 × 220mm,9W,820lm,91lm/W,180°,Datasheet=images/boulevard/datasheets/609001.40.HA.02.0.pdf;Installation=https://puk.it/wp-content/uploads/puk-files-2026/instructions/NEW-609001-609003-609005-BOULEVARD-01-02-03-180-INTRUCTIONS.pdf;LDT=https://puk.it/wp-content/uploads/2018/12/609001-HYDROBOULEVARD-01-180-LED.rar;BIM=https://puk.it/wp-content/uploads/puk-files-2026/revit/609001-BOULEVARD-01-180.rfa
Boulevard,,,,,,,,,,,,,,,,,,,,Boulevard 01 9W 180°,609001.40.HA.02.1,Anthracite Grey RAL 7016,images/boulevard/boulevard-01-180-anthracite-grey.jpg,4000K,,1-10V,IP65,IK10,,180° emission · Ø170 × 220mm,9W,820lm,91lm/W,180°,Datasheet=images/boulevard/datasheets/609001.40.HA.02.1.pdf;Installation=https://puk.it/wp-content/uploads/puk-files-2026/instructions/NEW-609001-609003-609005-BOULEVARD-01-02-03-180-INTRUCTIONS.pdf;LDT=https://puk.it/wp-content/uploads/2018/12/609001-HYDROBOULEVARD-01-180-LED.rar;BIM=https://puk.it/wp-content/uploads/puk-files-2026/revit/609001-BOULEVARD-01-180.rfa
Boulevard,,,,,,,,,,,,,,,,,,,,Boulevard 01 9W 180°,609001.40.HA.02.D,Anthracite Grey RAL 7016,images/boulevard/boulevard-01-180-anthracite-grey.jpg,4000K,,DALI,IP65,IK10,,180° emission · Ø170 × 220mm,9W,820lm,91lm/W,180°,Datasheet=images/boulevard/datasheets/609001.40.HA.02.D.pdf;Installation=https://puk.it/wp-content/uploads/puk-files-2026/instructions/NEW-609001-609003-609005-BOULEVARD-01-02-03-180-INTRUCTIONS.pdf;LDT=https://puk.it/wp-content/uploads/2018/12/609001-HYDROBOULEVARD-01-180-LED.rar;BIM=https://puk.it/wp-content/uploads/puk-files-2026/revit/609001-BOULEVARD-01-180.rfa
Boulevard,,,,,,,,,,,,,,,,,,,,Boulevard 01 18W 360°,609002.27.AL.02.0,Anthracite Grey RAL 7016,images/boulevard/boulevard-01-360-anthracite-grey.jpg,2700K,,On/Off,IP65,IK10,,360° emission · Ø170 × 220mm,18W,1520lm,84lm/W,360°,Datasheet=images/boulevard/datasheets/609002.27.AL.02.0.pdf;Installation=https://puk.it/wp-content/uploads/puk-files-2026/instructions/NEW-609002-609004-609006-BUOLEVARD-01-02-03-360-INTRUCTIONS.pdf;LDT=https://puk.it/wp-content/uploads/2018/12/609002-HYDROBOULEVARD-01-360-LED.rar;BIM=https://puk.it/wp-content/uploads/puk-files-2026/revit/609002-BOULEVARD-01-360.rfa
Boulevard,,,,,,,,,,,,,,,,,,,,Boulevard 01 18W 360°,609002.27.AL.02.1,Anthracite Grey RAL 7016,images/boulevard/boulevard-01-360-anthracite-grey.jpg,2700K,,1-10V,IP65,IK10,,360° emission · Ø170 × 220mm,18W,1520lm,84lm/W,360°,Datasheet=images/boulevard/datasheets/609002.27.AL.02.1.pdf;Installation=https://puk.it/wp-content/uploads/puk-files-2026/instructions/NEW-609002-609004-609006-BUOLEVARD-01-02-03-360-INTRUCTIONS.pdf;LDT=https://puk.it/wp-content/uploads/2018/12/609002-HYDROBOULEVARD-01-360-LED.rar;BIM=https://puk.it/wp-content/uploads/puk-files-2026/revit/609002-BOULEVARD-01-360.rfa
Boulevard,,,,,,,,,,,,,,,,,,,,Boulevard 01 18W 360°,609002.27.AL.02.D,Anthracite Grey RAL 7016,images/boulevard/boulevard-01-360-anthracite-grey.jpg,2700K,,DALI,IP65,IK10,,360° emission · Ø170 × 220mm,18W,1520lm,84lm/W,360°,Datasheet=images/boulevard/datasheets/609002.27.AL.02.D.pdf;Installation=https://puk.it/wp-content/uploads/puk-files-2026/instructions/NEW-609002-609004-609006-BUOLEVARD-01-02-03-360-INTRUCTIONS.pdf;LDT=https://puk.it/wp-content/uploads/2018/12/609002-HYDROBOULEVARD-01-360-LED.rar;BIM=https://puk.it/wp-content/uploads/puk-files-2026/revit/609002-BOULEVARD-01-360.rfa
Boulevard,,,,,,,,,,,,,,,,,,,,Boulevard 01 18W 360°,609002.30.AL.02.0,Anthracite Grey RAL 7016,images/boulevard/boulevard-01-360-anthracite-grey.jpg,3000K,,On/Off,IP65,IK10,,360° emission · Ø170 × 220mm,18W,1600lm,89lm/W,360°,Datasheet=images/boulevard/datasheets/609002.30.AL.02.0.pdf;Installation=https://puk.it/wp-content/uploads/puk-files-2026/instructions/NEW-609002-609004-609006-BUOLEVARD-01-02-03-360-INTRUCTIONS.pdf;LDT=https://puk.it/wp-content/uploads/2018/12/609002-HYDROBOULEVARD-01-360-LED.rar;BIM=https://puk.it/wp-content/uploads/puk-files-2026/revit/609002-BOULEVARD-01-360.rfa
Boulevard,,,,,,,,,,,,,,,,,,,,Boulevard 01 18W 360°,609002.30.AL.02.1,Anthracite Grey RAL 7016,images/boulevard/boulevard-01-360-anthracite-grey.jpg,3000K,,1-10V,IP65,IK10,,360° emission · Ø170 × 220mm,18W,1600lm,89lm/W,360°,Datasheet=images/boulevard/datasheets/609002.30.AL.02.1.pdf;Installation=https://puk.it/wp-content/uploads/puk-files-2026/instructions/NEW-609002-609004-609006-BUOLEVARD-01-02-03-360-INTRUCTIONS.pdf;LDT=https://puk.it/wp-content/uploads/2018/12/609002-HYDROBOULEVARD-01-360-LED.rar;BIM=https://puk.it/wp-content/uploads/puk-files-2026/revit/609002-BOULEVARD-01-360.rfa
Boulevard,,,,,,,,,,,,,,,,,,,,Boulevard 01 18W 360°,609002.30.AL.02.D,Anthracite Grey RAL 7016,images/boulevard/boulevard-01-360-anthracite-grey.jpg,3000K,,DALI,IP65,IK10,,360° emission · Ø170 × 220mm,18W,1600lm,89lm/W,360°,Datasheet=images/boulevard/datasheets/609002.30.AL.02.D.pdf;Installation=https://puk.it/wp-content/uploads/puk-files-2026/instructions/NEW-609002-609004-609006-BUOLEVARD-01-02-03-360-INTRUCTIONS.pdf;LDT=https://puk.it/wp-content/uploads/2018/12/609002-HYDROBOULEVARD-01-360-LED.rar;BIM=https://puk.it/wp-content/uploads/puk-files-2026/revit/609002-BOULEVARD-01-360.rfa
Boulevard,,,,,,,,,,,,,,,,,,,,Boulevard 01 18W 360°,609002.40.AL.02.0,Anthracite Grey RAL 7016,images/boulevard/boulevard-01-360-anthracite-grey.jpg,4000K,,On/Off,IP65,IK10,,360° emission · Ø170 × 220mm,18W,1640lm,91lm/W,360°,Datasheet=images/boulevard/datasheets/609002.40.AL.02.0.pdf;Installation=https://puk.it/wp-content/uploads/puk-files-2026/instructions/NEW-609002-609004-609006-BUOLEVARD-01-02-03-360-INTRUCTIONS.pdf;LDT=https://puk.it/wp-content/uploads/2018/12/609002-HYDROBOULEVARD-01-360-LED.rar;BIM=https://puk.it/wp-content/uploads/puk-files-2026/revit/609002-BOULEVARD-01-360.rfa
Boulevard,,,,,,,,,,,,,,,,,,,,Boulevard 01 18W 360°,609002.40.AL.02.1,Anthracite Grey RAL 7016,images/boulevard/boulevard-01-360-anthracite-grey.jpg,4000K,,1-10V,IP65,IK10,,360° emission · Ø170 × 220mm,18W,1640lm,91lm/W,360°,Datasheet=images/boulevard/datasheets/609002.40.AL.02.1.pdf;Installation=https://puk.it/wp-content/uploads/puk-files-2026/instructions/NEW-609002-609004-609006-BUOLEVARD-01-02-03-360-INTRUCTIONS.pdf;LDT=https://puk.it/wp-content/uploads/2018/12/609002-HYDROBOULEVARD-01-360-LED.rar;BIM=https://puk.it/wp-content/uploads/puk-files-2026/revit/609002-BOULEVARD-01-360.rfa
Boulevard,,,,,,,,,,,,,,,,,,,,Boulevard 01 18W 360°,609002.40.AL.02.D,Anthracite Grey RAL 7016,images/boulevard/boulevard-01-360-anthracite-grey.jpg,4000K,,DALI,IP65,IK10,,360° emission · Ø170 × 220mm,18W,1640lm,91lm/W,360°,Datasheet=images/boulevard/datasheets/609002.40.AL.02.D.pdf;Installation=https://puk.it/wp-content/uploads/puk-files-2026/instructions/NEW-609002-609004-609006-BUOLEVARD-01-02-03-360-INTRUCTIONS.pdf;LDT=https://puk.it/wp-content/uploads/2018/12/609002-HYDROBOULEVARD-01-360-LED.rar;BIM=https://puk.it/wp-content/uploads/puk-files-2026/revit/609002-BOULEVARD-01-360.rfa
Boulevard,,,,,,,,,,,,,,,,,,,,Boulevard 01 9W 180°,609001.27.HA.03.0,Black RAL 9005,images/boulevard/boulevard-01-180-black.jpg,2700K,,On/Off,IP65,IK10,,180° emission · Ø170 × 220mm,9W,760lm,84lm/W,180°,Datasheet=images/boulevard/datasheets/609001.27.HA.03.0.pdf;Installation=https://puk.it/wp-content/uploads/puk-files-2026/instructions/NEW-609001-609003-609005-BOULEVARD-01-02-03-180-INTRUCTIONS.pdf;LDT=https://puk.it/wp-content/uploads/2018/12/609001-HYDROBOULEVARD-01-180-LED.rar;BIM=https://puk.it/wp-content/uploads/puk-files-2026/revit/609001-BOULEVARD-01-180.rfa
Boulevard,,,,,,,,,,,,,,,,,,,,Boulevard 01 9W 180°,609001.27.HA.03.1,Black RAL 9005,images/boulevard/boulevard-01-180-black.jpg,2700K,,1-10V,IP65,IK10,,180° emission · Ø170 × 220mm,9W,760lm,84lm/W,180°,Datasheet=images/boulevard/datasheets/609001.27.HA.03.1.pdf;Installation=https://puk.it/wp-content/uploads/puk-files-2026/instructions/NEW-609001-609003-609005-BOULEVARD-01-02-03-180-INTRUCTIONS.pdf;LDT=https://puk.it/wp-content/uploads/2018/12/609001-HYDROBOULEVARD-01-180-LED.rar;BIM=https://puk.it/wp-content/uploads/puk-files-2026/revit/609001-BOULEVARD-01-180.rfa
Boulevard,,,,,,,,,,,,,,,,,,,,Boulevard 01 9W 180°,609001.27.HA.03.D,Black RAL 9005,images/boulevard/boulevard-01-180-black.jpg,2700K,,DALI,IP65,IK10,,180° emission · Ø170 × 220mm,9W,760lm,84lm/W,180°,Datasheet=images/boulevard/datasheets/609001.27.HA.03.D.pdf;Installation=https://puk.it/wp-content/uploads/puk-files-2026/instructions/NEW-609001-609003-609005-BOULEVARD-01-02-03-180-INTRUCTIONS.pdf;LDT=https://puk.it/wp-content/uploads/2018/12/609001-HYDROBOULEVARD-01-180-LED.rar;BIM=https://puk.it/wp-content/uploads/puk-files-2026/revit/609001-BOULEVARD-01-180.rfa
Boulevard,,,,,,,,,,,,,,,,,,,,Boulevard 01 9W 180°,609001.30.HA.03.0,Black RAL 9005,images/boulevard/boulevard-01-180-black.jpg,3000K,,On/Off,IP65,IK10,,180° emission · Ø170 × 220mm,9W,800lm,89lm/W,180°,Datasheet=images/boulevard/datasheets/609001.30.HA.03.0.pdf;Installation=https://puk.it/wp-content/uploads/puk-files-2026/instructions/NEW-609001-609003-609005-BOULEVARD-01-02-03-180-INTRUCTIONS.pdf;LDT=https://puk.it/wp-content/uploads/2018/12/609001-HYDROBOULEVARD-01-180-LED.rar;BIM=https://puk.it/wp-content/uploads/puk-files-2026/revit/609001-BOULEVARD-01-180.rfa
Boulevard,,,,,,,,,,,,,,,,,,,,Boulevard 01 9W 180°,609001.30.HA.03.1,Black RAL 9005,images/boulevard/boulevard-01-180-black.jpg,3000K,,1-10V,IP65,IK10,,180° emission · Ø170 × 220mm,9W,800lm,89lm/W,180°,Datasheet=images/boulevard/datasheets/609001.30.HA.03.1.pdf;Installation=https://puk.it/wp-content/uploads/puk-files-2026/instructions/NEW-609001-609003-609005-BOULEVARD-01-02-03-180-INTRUCTIONS.pdf;LDT=https://puk.it/wp-content/uploads/2018/12/609001-HYDROBOULEVARD-01-180-LED.rar;BIM=https://puk.it/wp-content/uploads/puk-files-2026/revit/609001-BOULEVARD-01-180.rfa
Boulevard,,,,,,,,,,,,,,,,,,,,Boulevard 01 9W 180°,609001.30.HA.03.D,Black RAL 9005,images/boulevard/boulevard-01-180-black.jpg,3000K,,DALI,IP65,IK10,,180° emission · Ø170 × 220mm,9W,800lm,89lm/W,180°,Datasheet=images/boulevard/datasheets/609001.30.HA.03.D.pdf;Installation=https://puk.it/wp-content/uploads/puk-files-2026/instructions/NEW-609001-609003-609005-BOULEVARD-01-02-03-180-INTRUCTIONS.pdf;LDT=https://puk.it/wp-content/uploads/2018/12/609001-HYDROBOULEVARD-01-180-LED.rar;BIM=https://puk.it/wp-content/uploads/puk-files-2026/revit/609001-BOULEVARD-01-180.rfa
Boulevard,,,,,,,,,,,,,,,,,,,,Boulevard 01 9W 180°,609001.40.HA.03.0,Black RAL 9005,images/boulevard/boulevard-01-180-black.jpg,4000K,,On/Off,IP65,IK10,,180° emission · Ø170 × 220mm,9W,820lm,91lm/W,180°,Datasheet=images/boulevard/datasheets/609001.40.HA.03.0.pdf;Installation=https://puk.it/wp-content/uploads/puk-files-2026/instructions/NEW-609001-609003-609005-BOULEVARD-01-02-03-180-INTRUCTIONS.pdf;LDT=https://puk.it/wp-content/uploads/2018/12/609001-HYDROBOULEVARD-01-180-LED.rar;BIM=https://puk.it/wp-content/uploads/puk-files-2026/revit/609001-BOULEVARD-01-180.rfa
Boulevard,,,,,,,,,,,,,,,,,,,,Boulevard 01 9W 180°,609001.40.HA.03.1,Black RAL 9005,images/boulevard/boulevard-01-180-black.jpg,4000K,,1-10V,IP65,IK10,,180° emission · Ø170 × 220mm,9W,820lm,91lm/W,180°,Datasheet=images/boulevard/datasheets/609001.40.HA.03.1.pdf;Installation=https://puk.it/wp-content/uploads/puk-files-2026/instructions/NEW-609001-609003-609005-BOULEVARD-01-02-03-180-INTRUCTIONS.pdf;LDT=https://puk.it/wp-content/uploads/2018/12/609001-HYDROBOULEVARD-01-180-LED.rar;BIM=https://puk.it/wp-content/uploads/puk-files-2026/revit/609001-BOULEVARD-01-180.rfa
Boulevard,,,,,,,,,,,,,,,,,,,,Boulevard 01 9W 180°,609001.40.HA.03.D,Black RAL 9005,images/boulevard/boulevard-01-180-black.jpg,4000K,,DALI,IP65,IK10,,180° emission · Ø170 × 220mm,9W,820lm,91lm/W,180°,Datasheet=images/boulevard/datasheets/609001.40.HA.03.D.pdf;Installation=https://puk.it/wp-content/uploads/puk-files-2026/instructions/NEW-609001-609003-609005-BOULEVARD-01-02-03-180-INTRUCTIONS.pdf;LDT=https://puk.it/wp-content/uploads/2018/12/609001-HYDROBOULEVARD-01-180-LED.rar;BIM=https://puk.it/wp-content/uploads/puk-files-2026/revit/609001-BOULEVARD-01-180.rfa
Boulevard,,,,,,,,,,,,,,,,,,,,Boulevard 01 18W 360°,609002.27.AL.03.0,Black RAL 9005,images/boulevard/boulevard-01-360-black.jpg,2700K,,On/Off,IP65,IK10,,360° emission · Ø170 × 220mm,18W,1520lm,84lm/W,360°,Datasheet=images/boulevard/datasheets/609002.27.AL.03.0.pdf;Installation=https://puk.it/wp-content/uploads/puk-files-2026/instructions/NEW-609002-609004-609006-BUOLEVARD-01-02-03-360-INTRUCTIONS.pdf;LDT=https://puk.it/wp-content/uploads/2018/12/609002-HYDROBOULEVARD-01-360-LED.rar;BIM=https://puk.it/wp-content/uploads/puk-files-2026/revit/609002-BOULEVARD-01-360.rfa
Boulevard,,,,,,,,,,,,,,,,,,,,Boulevard 01 18W 360°,609002.27.AL.03.1,Black RAL 9005,images/boulevard/boulevard-01-360-black.jpg,2700K,,1-10V,IP65,IK10,,360° emission · Ø170 × 220mm,18W,1520lm,84lm/W,360°,Datasheet=images/boulevard/datasheets/609002.27.AL.03.1.pdf;Installation=https://puk.it/wp-content/uploads/puk-files-2026/instructions/NEW-609002-609004-609006-BUOLEVARD-01-02-03-360-INTRUCTIONS.pdf;LDT=https://puk.it/wp-content/uploads/2018/12/609002-HYDROBOULEVARD-01-360-LED.rar;BIM=https://puk.it/wp-content/uploads/puk-files-2026/revit/609002-BOULEVARD-01-360.rfa
Boulevard,,,,,,,,,,,,,,,,,,,,Boulevard 01 18W 360°,609002.27.AL.03.D,Black RAL 9005,images/boulevard/boulevard-01-360-black.jpg,2700K,,DALI,IP65,IK10,,360° emission · Ø170 × 220mm,18W,1520lm,84lm/W,360°,Datasheet=images/boulevard/datasheets/609002.27.AL.03.D.pdf;Installation=https://puk.it/wp-content/uploads/puk-files-2026/instructions/NEW-609002-609004-609006-BUOLEVARD-01-02-03-360-INTRUCTIONS.pdf;LDT=https://puk.it/wp-content/uploads/2018/12/609002-HYDROBOULEVARD-01-360-LED.rar;BIM=https://puk.it/wp-content/uploads/puk-files-2026/revit/609002-BOULEVARD-01-360.rfa
Boulevard,,,,,,,,,,,,,,,,,,,,Boulevard 01 18W 360°,609002.30.AL.03.0,Black RAL 9005,images/boulevard/boulevard-01-360-black.jpg,3000K,,On/Off,IP65,IK10,,360° emission · Ø170 × 220mm,18W,1600lm,89lm/W,360°,Datasheet=images/boulevard/datasheets/609002.30.AL.03.0.pdf;Installation=https://puk.it/wp-content/uploads/puk-files-2026/instructions/NEW-609002-609004-609006-BUOLEVARD-01-02-03-360-INTRUCTIONS.pdf;LDT=https://puk.it/wp-content/uploads/2018/12/609002-HYDROBOULEVARD-01-360-LED.rar;BIM=https://puk.it/wp-content/uploads/puk-files-2026/revit/609002-BOULEVARD-01-360.rfa
Boulevard,,,,,,,,,,,,,,,,,,,,Boulevard 01 18W 360°,609002.30.AL.03.1,Black RAL 9005,images/boulevard/boulevard-01-360-black.jpg,3000K,,1-10V,IP65,IK10,,360° emission · Ø170 × 220mm,18W,1600lm,89lm/W,360°,Datasheet=images/boulevard/datasheets/609002.30.AL.03.1.pdf;Installation=https://puk.it/wp-content/uploads/puk-files-2026/instructions/NEW-609002-609004-609006-BUOLEVARD-01-02-03-360-INTRUCTIONS.pdf;LDT=https://puk.it/wp-content/uploads/2018/12/609002-HYDROBOULEVARD-01-360-LED.rar;BIM=https://puk.it/wp-content/uploads/puk-files-2026/revit/609002-BOULEVARD-01-360.rfa
Boulevard,,,,,,,,,,,,,,,,,,,,Boulevard 01 18W 360°,609002.30.AL.03.D,Black RAL 9005,images/boulevard/boulevard-01-360-black.jpg,3000K,,DALI,IP65,IK10,,360° emission · Ø170 × 220mm,18W,1600lm,89lm/W,360°,Datasheet=images/boulevard/datasheets/609002.30.AL.03.D.pdf;Installation=https://puk.it/wp-content/uploads/puk-files-2026/instructions/NEW-609002-609004-609006-BUOLEVARD-01-02-03-360-INTRUCTIONS.pdf;LDT=https://puk.it/wp-content/uploads/2018/12/609002-HYDROBOULEVARD-01-360-LED.rar;BIM=https://puk.it/wp-content/uploads/puk-files-2026/revit/609002-BOULEVARD-01-360.rfa
Boulevard,,,,,,,,,,,,,,,,,,,,Boulevard 01 18W 360°,609002.40.AL.03.0,Black RAL 9005,images/boulevard/boulevard-01-360-black.jpg,4000K,,On/Off,IP65,IK10,,360° emission · Ø170 × 220mm,18W,1640lm,91lm/W,360°,Datasheet=images/boulevard/datasheets/609002.40.AL.03.0.pdf;Installation=https://puk.it/wp-content/uploads/puk-files-2026/instructions/NEW-609002-609004-609006-BUOLEVARD-01-02-03-360-INTRUCTIONS.pdf;LDT=https://puk.it/wp-content/uploads/2018/12/609002-HYDROBOULEVARD-01-360-LED.rar;BIM=https://puk.it/wp-content/uploads/puk-files-2026/revit/609002-BOULEVARD-01-360.rfa
Boulevard,,,,,,,,,,,,,,,,,,,,Boulevard 01 18W 360°,609002.40.AL.03.1,Black RAL 9005,images/boulevard/boulevard-01-360-black.jpg,4000K,,1-10V,IP65,IK10,,360° emission · Ø170 × 220mm,18W,1640lm,91lm/W,360°,Datasheet=images/boulevard/datasheets/609002.40.AL.03.1.pdf;Installation=https://puk.it/wp-content/uploads/puk-files-2026/instructions/NEW-609002-609004-609006-BUOLEVARD-01-02-03-360-INTRUCTIONS.pdf;LDT=https://puk.it/wp-content/uploads/2018/12/609002-HYDROBOULEVARD-01-360-LED.rar;BIM=https://puk.it/wp-content/uploads/puk-files-2026/revit/609002-BOULEVARD-01-360.rfa
Boulevard,,,,,,,,,,,,,,,,,,,,Boulevard 01 18W 360°,609002.40.AL.03.D,Black RAL 9005,images/boulevard/boulevard-01-360-black.jpg,4000K,,DALI,IP65,IK10,,360° emission · Ø170 × 220mm,18W,1640lm,91lm/W,360°,Datasheet=images/boulevard/datasheets/609002.40.AL.03.D.pdf;Installation=https://puk.it/wp-content/uploads/puk-files-2026/instructions/NEW-609002-609004-609006-BUOLEVARD-01-02-03-360-INTRUCTIONS.pdf;LDT=https://puk.it/wp-content/uploads/2018/12/609002-HYDROBOULEVARD-01-360-LED.rar;BIM=https://puk.it/wp-content/uploads/puk-files-2026/revit/609002-BOULEVARD-01-360.rfa
Boulevard,,,,,,,,,,,,,,,,,,,,Boulevard 02 9W 180°,609003.27.HA.01.0,White Aluminium RAL 9006,images/boulevard/boulevard-02-180-white-aluminium.jpg,2700K,,On/Off,IP65,IK10,,180° emission · Ø170 × 600mm,9W,760lm,84lm/W,180°,Datasheet=images/boulevard/datasheets/609003.27.HA.01.0.pdf;Installation=https://puk.it/wp-content/uploads/puk-files-2026/instructions/NEW-609001-609003-609005-BOULEVARD-01-02-03-180-INTRUCTIONS.pdf;LDT=https://puk.it/wp-content/uploads/2018/12/609003-HYDROBOULEVARD-02-180-LED.rar;BIM=https://puk.it/wp-content/uploads/puk-files-2026/revit/609003-BOULEVARD-02-180.rfa
Boulevard,,,,,,,,,,,,,,,,,,,,Boulevard 02 9W 180°,609003.27.HA.01.1,White Aluminium RAL 9006,images/boulevard/boulevard-02-180-white-aluminium.jpg,2700K,,1-10V,IP65,IK10,,180° emission · Ø170 × 600mm,9W,760lm,84lm/W,180°,Datasheet=images/boulevard/datasheets/609003.27.HA.01.1.pdf;Installation=https://puk.it/wp-content/uploads/puk-files-2026/instructions/NEW-609001-609003-609005-BOULEVARD-01-02-03-180-INTRUCTIONS.pdf;LDT=https://puk.it/wp-content/uploads/2018/12/609003-HYDROBOULEVARD-02-180-LED.rar;BIM=https://puk.it/wp-content/uploads/puk-files-2026/revit/609003-BOULEVARD-02-180.rfa
Boulevard,,,,,,,,,,,,,,,,,,,,Boulevard 02 9W 180°,609003.27.HA.01.D,White Aluminium RAL 9006,images/boulevard/boulevard-02-180-white-aluminium.jpg,2700K,,DALI,IP65,IK10,,180° emission · Ø170 × 600mm,9W,760lm,84lm/W,180°,Datasheet=images/boulevard/datasheets/609003.27.HA.01.D.pdf;Installation=https://puk.it/wp-content/uploads/puk-files-2026/instructions/NEW-609001-609003-609005-BOULEVARD-01-02-03-180-INTRUCTIONS.pdf;LDT=https://puk.it/wp-content/uploads/2018/12/609003-HYDROBOULEVARD-02-180-LED.rar;BIM=https://puk.it/wp-content/uploads/puk-files-2026/revit/609003-BOULEVARD-02-180.rfa
Boulevard,,,,,,,,,,,,,,,,,,,,Boulevard 02 9W 180°,609003.30.HA.01.0,White Aluminium RAL 9006,images/boulevard/boulevard-02-180-white-aluminium.jpg,3000K,,On/Off,IP65,IK10,,180° emission · Ø170 × 600mm,9W,800lm,89lm/W,180°,Datasheet=images/boulevard/datasheets/609003.30.HA.01.0.pdf;Installation=https://puk.it/wp-content/uploads/puk-files-2026/instructions/NEW-609001-609003-609005-BOULEVARD-01-02-03-180-INTRUCTIONS.pdf;LDT=https://puk.it/wp-content/uploads/2018/12/609003-HYDROBOULEVARD-02-180-LED.rar;BIM=https://puk.it/wp-content/uploads/puk-files-2026/revit/609003-BOULEVARD-02-180.rfa
Boulevard,,,,,,,,,,,,,,,,,,,,Boulevard 02 9W 180°,609003.30.HA.01.1,White Aluminium RAL 9006,images/boulevard/boulevard-02-180-white-aluminium.jpg,3000K,,1-10V,IP65,IK10,,180° emission · Ø170 × 600mm,9W,800lm,89lm/W,180°,Datasheet=images/boulevard/datasheets/609003.30.HA.01.1.pdf;Installation=https://puk.it/wp-content/uploads/puk-files-2026/instructions/NEW-609001-609003-609005-BOULEVARD-01-02-03-180-INTRUCTIONS.pdf;LDT=https://puk.it/wp-content/uploads/2018/12/609003-HYDROBOULEVARD-02-180-LED.rar;BIM=https://puk.it/wp-content/uploads/puk-files-2026/revit/609003-BOULEVARD-02-180.rfa
Boulevard,,,,,,,,,,,,,,,,,,,,Boulevard 02 9W 180°,609003.30.HA.01.D,White Aluminium RAL 9006,images/boulevard/boulevard-02-180-white-aluminium.jpg,3000K,,DALI,IP65,IK10,,180° emission · Ø170 × 600mm,9W,800lm,89lm/W,180°,Datasheet=images/boulevard/datasheets/609003.30.HA.01.D.pdf;Installation=https://puk.it/wp-content/uploads/puk-files-2026/instructions/NEW-609001-609003-609005-BOULEVARD-01-02-03-180-INTRUCTIONS.pdf;LDT=https://puk.it/wp-content/uploads/2018/12/609003-HYDROBOULEVARD-02-180-LED.rar;BIM=https://puk.it/wp-content/uploads/puk-files-2026/revit/609003-BOULEVARD-02-180.rfa
Boulevard,,,,,,,,,,,,,,,,,,,,Boulevard 02 9W 180°,609003.40.HA.01.0,White Aluminium RAL 9006,images/boulevard/boulevard-02-180-white-aluminium.jpg,4000K,,On/Off,IP65,IK10,,180° emission · Ø170 × 600mm,9W,820lm,91lm/W,180°,Datasheet=images/boulevard/datasheets/609003.40.HA.01.0.pdf;Installation=https://puk.it/wp-content/uploads/puk-files-2026/instructions/NEW-609001-609003-609005-BOULEVARD-01-02-03-180-INTRUCTIONS.pdf;LDT=https://puk.it/wp-content/uploads/2018/12/609003-HYDROBOULEVARD-02-180-LED.rar;BIM=https://puk.it/wp-content/uploads/puk-files-2026/revit/609003-BOULEVARD-02-180.rfa
Boulevard,,,,,,,,,,,,,,,,,,,,Boulevard 02 9W 180°,609003.40.HA.01.1,White Aluminium RAL 9006,images/boulevard/boulevard-02-180-white-aluminium.jpg,4000K,,1-10V,IP65,IK10,,180° emission · Ø170 × 600mm,9W,820lm,91lm/W,180°,Datasheet=images/boulevard/datasheets/609003.40.HA.01.1.pdf;Installation=https://puk.it/wp-content/uploads/puk-files-2026/instructions/NEW-609001-609003-609005-BOULEVARD-01-02-03-180-INTRUCTIONS.pdf;LDT=https://puk.it/wp-content/uploads/2018/12/609003-HYDROBOULEVARD-02-180-LED.rar;BIM=https://puk.it/wp-content/uploads/puk-files-2026/revit/609003-BOULEVARD-02-180.rfa
Boulevard,,,,,,,,,,,,,,,,,,,,Boulevard 02 9W 180°,609003.40.HA.01.D,White Aluminium RAL 9006,images/boulevard/boulevard-02-180-white-aluminium.jpg,4000K,,DALI,IP65,IK10,,180° emission · Ø170 × 600mm,9W,820lm,91lm/W,180°,Datasheet=images/boulevard/datasheets/609003.40.HA.01.D.pdf;Installation=https://puk.it/wp-content/uploads/puk-files-2026/instructions/NEW-609001-609003-609005-BOULEVARD-01-02-03-180-INTRUCTIONS.pdf;LDT=https://puk.it/wp-content/uploads/2018/12/609003-HYDROBOULEVARD-02-180-LED.rar;BIM=https://puk.it/wp-content/uploads/puk-files-2026/revit/609003-BOULEVARD-02-180.rfa
Boulevard,,,,,,,,,,,,,,,,,,,,Boulevard 02 18W 360°,609004.27.AL.01.0,White Aluminium RAL 9006,images/boulevard/boulevard-02-360-white-aluminium.jpg,2700K,,On/Off,IP65,IK10,,360° emission · Ø170 × 600mm,18W,1520lm,84lm/W,360°,Datasheet=images/boulevard/datasheets/609004.27.AL.01.0.pdf;Installation=https://puk.it/wp-content/uploads/puk-files-2026/instructions/NEW-609002-609004-609006-BUOLEVARD-01-02-03-360-INTRUCTIONS.pdf;LDT=https://puk.it/wp-content/uploads/2018/12/609004-HYDROBOULEVARD-02-360-LED.rar;BIM=https://puk.it/wp-content/uploads/puk-files-2026/revit/609004-BOULEVARD-02-360.rfa
Boulevard,,,,,,,,,,,,,,,,,,,,Boulevard 02 18W 360°,609004.27.AL.01.1,White Aluminium RAL 9006,images/boulevard/boulevard-02-360-white-aluminium.jpg,2700K,,1-10V,IP65,IK10,,360° emission · Ø170 × 600mm,18W,1520lm,84lm/W,360°,Datasheet=images/boulevard/datasheets/609004.27.AL.01.1.pdf;Installation=https://puk.it/wp-content/uploads/puk-files-2026/instructions/NEW-609002-609004-609006-BUOLEVARD-01-02-03-360-INTRUCTIONS.pdf;LDT=https://puk.it/wp-content/uploads/2018/12/609004-HYDROBOULEVARD-02-360-LED.rar;BIM=https://puk.it/wp-content/uploads/puk-files-2026/revit/609004-BOULEVARD-02-360.rfa
Boulevard,,,,,,,,,,,,,,,,,,,,Boulevard 02 18W 360°,609004.27.AL.01.D,White Aluminium RAL 9006,images/boulevard/boulevard-02-360-white-aluminium.jpg,2700K,,DALI,IP65,IK10,,360° emission · Ø170 × 600mm,18W,1520lm,84lm/W,360°,Datasheet=images/boulevard/datasheets/609004.27.AL.01.D.pdf;Installation=https://puk.it/wp-content/uploads/puk-files-2026/instructions/NEW-609002-609004-609006-BUOLEVARD-01-02-03-360-INTRUCTIONS.pdf;LDT=https://puk.it/wp-content/uploads/2018/12/609004-HYDROBOULEVARD-02-360-LED.rar;BIM=https://puk.it/wp-content/uploads/puk-files-2026/revit/609004-BOULEVARD-02-360.rfa
Boulevard,,,,,,,,,,,,,,,,,,,,Boulevard 02 18W 360°,609004.30.AL.01.0,White Aluminium RAL 9006,images/boulevard/boulevard-02-360-white-aluminium.jpg,3000K,,On/Off,IP65,IK10,,360° emission · Ø170 × 600mm,18W,1600lm,89lm/W,360°,Datasheet=images/boulevard/datasheets/609004.30.AL.01.0.pdf;Installation=https://puk.it/wp-content/uploads/puk-files-2026/instructions/NEW-609002-609004-609006-BUOLEVARD-01-02-03-360-INTRUCTIONS.pdf;LDT=https://puk.it/wp-content/uploads/2018/12/609004-HYDROBOULEVARD-02-360-LED.rar;BIM=https://puk.it/wp-content/uploads/puk-files-2026/revit/609004-BOULEVARD-02-360.rfa
Boulevard,,,,,,,,,,,,,,,,,,,,Boulevard 02 18W 360°,609004.30.AL.01.1,White Aluminium RAL 9006,images/boulevard/boulevard-02-360-white-aluminium.jpg,3000K,,1-10V,IP65,IK10,,360° emission · Ø170 × 600mm,18W,1600lm,89lm/W,360°,Datasheet=images/boulevard/datasheets/609004.30.AL.01.1.pdf;Installation=https://puk.it/wp-content/uploads/puk-files-2026/instructions/NEW-609002-609004-609006-BUOLEVARD-01-02-03-360-INTRUCTIONS.pdf;LDT=https://puk.it/wp-content/uploads/2018/12/609004-HYDROBOULEVARD-02-360-LED.rar;BIM=https://puk.it/wp-content/uploads/puk-files-2026/revit/609004-BOULEVARD-02-360.rfa
Boulevard,,,,,,,,,,,,,,,,,,,,Boulevard 02 18W 360°,609004.30.AL.01.D,White Aluminium RAL 9006,images/boulevard/boulevard-02-360-white-aluminium.jpg,3000K,,DALI,IP65,IK10,,360° emission · Ø170 × 600mm,18W,1600lm,89lm/W,360°,Datasheet=images/boulevard/datasheets/609004.30.AL.01.D.pdf;Installation=https://puk.it/wp-content/uploads/puk-files-2026/instructions/NEW-609002-609004-609006-BUOLEVARD-01-02-03-360-INTRUCTIONS.pdf;LDT=https://puk.it/wp-content/uploads/2018/12/609004-HYDROBOULEVARD-02-360-LED.rar;BIM=https://puk.it/wp-content/uploads/puk-files-2026/revit/609004-BOULEVARD-02-360.rfa
Boulevard,,,,,,,,,,,,,,,,,,,,Boulevard 02 18W 360°,609004.40.AL.01.0,White Aluminium RAL 9006,images/boulevard/boulevard-02-360-white-aluminium.jpg,4000K,,On/Off,IP65,IK10,,360° emission · Ø170 × 600mm,18W,1640lm,91lm/W,360°,Datasheet=images/boulevard/datasheets/609004.40.AL.01.0.pdf;Installation=https://puk.it/wp-content/uploads/puk-files-2026/instructions/NEW-609002-609004-609006-BUOLEVARD-01-02-03-360-INTRUCTIONS.pdf;LDT=https://puk.it/wp-content/uploads/2018/12/609004-HYDROBOULEVARD-02-360-LED.rar;BIM=https://puk.it/wp-content/uploads/puk-files-2026/revit/609004-BOULEVARD-02-360.rfa
Boulevard,,,,,,,,,,,,,,,,,,,,Boulevard 02 18W 360°,609004.40.AL.01.1,White Aluminium RAL 9006,images/boulevard/boulevard-02-360-white-aluminium.jpg,4000K,,1-10V,IP65,IK10,,360° emission · Ø170 × 600mm,18W,1640lm,91lm/W,360°,Datasheet=images/boulevard/datasheets/609004.40.AL.01.1.pdf;Installation=https://puk.it/wp-content/uploads/puk-files-2026/instructions/NEW-609002-609004-609006-BUOLEVARD-01-02-03-360-INTRUCTIONS.pdf;LDT=https://puk.it/wp-content/uploads/2018/12/609004-HYDROBOULEVARD-02-360-LED.rar;BIM=https://puk.it/wp-content/uploads/puk-files-2026/revit/609004-BOULEVARD-02-360.rfa
Boulevard,,,,,,,,,,,,,,,,,,,,Boulevard 02 18W 360°,609004.40.AL.01.D,White Aluminium RAL 9006,images/boulevard/boulevard-02-360-white-aluminium.jpg,4000K,,DALI,IP65,IK10,,360° emission · Ø170 × 600mm,18W,1640lm,91lm/W,360°,Datasheet=images/boulevard/datasheets/609004.40.AL.01.D.pdf;Installation=https://puk.it/wp-content/uploads/puk-files-2026/instructions/NEW-609002-609004-609006-BUOLEVARD-01-02-03-360-INTRUCTIONS.pdf;LDT=https://puk.it/wp-content/uploads/2018/12/609004-HYDROBOULEVARD-02-360-LED.rar;BIM=https://puk.it/wp-content/uploads/puk-files-2026/revit/609004-BOULEVARD-02-360.rfa
Boulevard,,,,,,,,,,,,,,,,,,,,Boulevard 02 9W 180°,609003.27.HA.02.0,Anthracite Grey RAL 7016,images/boulevard/boulevard-02-180-anthracite-grey.jpg,2700K,,On/Off,IP65,IK10,,180° emission · Ø170 × 600mm,9W,760lm,84lm/W,180°,Datasheet=images/boulevard/datasheets/609003.27.HA.02.0.pdf;Installation=https://puk.it/wp-content/uploads/puk-files-2026/instructions/NEW-609001-609003-609005-BOULEVARD-01-02-03-180-INTRUCTIONS.pdf;LDT=https://puk.it/wp-content/uploads/2018/12/609003-HYDROBOULEVARD-02-180-LED.rar;BIM=https://puk.it/wp-content/uploads/puk-files-2026/revit/609003-BOULEVARD-02-180.rfa
Boulevard,,,,,,,,,,,,,,,,,,,,Boulevard 02 9W 180°,609003.27.HA.02.1,Anthracite Grey RAL 7016,images/boulevard/boulevard-02-180-anthracite-grey.jpg,2700K,,1-10V,IP65,IK10,,180° emission · Ø170 × 600mm,9W,760lm,84lm/W,180°,Datasheet=images/boulevard/datasheets/609003.27.HA.02.1.pdf;Installation=https://puk.it/wp-content/uploads/puk-files-2026/instructions/NEW-609001-609003-609005-BOULEVARD-01-02-03-180-INTRUCTIONS.pdf;LDT=https://puk.it/wp-content/uploads/2018/12/609003-HYDROBOULEVARD-02-180-LED.rar;BIM=https://puk.it/wp-content/uploads/puk-files-2026/revit/609003-BOULEVARD-02-180.rfa
Boulevard,,,,,,,,,,,,,,,,,,,,Boulevard 02 9W 180°,609003.27.HA.02.D,Anthracite Grey RAL 7016,images/boulevard/boulevard-02-180-anthracite-grey.jpg,2700K,,DALI,IP65,IK10,,180° emission · Ø170 × 600mm,9W,760lm,84lm/W,180°,Datasheet=images/boulevard/datasheets/609003.27.HA.02.D.pdf;Installation=https://puk.it/wp-content/uploads/puk-files-2026/instructions/NEW-609001-609003-609005-BOULEVARD-01-02-03-180-INTRUCTIONS.pdf;LDT=https://puk.it/wp-content/uploads/2018/12/609003-HYDROBOULEVARD-02-180-LED.rar;BIM=https://puk.it/wp-content/uploads/puk-files-2026/revit/609003-BOULEVARD-02-180.rfa
Boulevard,,,,,,,,,,,,,,,,,,,,Boulevard 02 9W 180°,609003.30.HA.02.0,Anthracite Grey RAL 7016,images/boulevard/boulevard-02-180-anthracite-grey.jpg,3000K,,On/Off,IP65,IK10,,180° emission · Ø170 × 600mm,9W,800lm,89lm/W,180°,Datasheet=images/boulevard/datasheets/609003.30.HA.02.0.pdf;Installation=https://puk.it/wp-content/uploads/puk-files-2026/instructions/NEW-609001-609003-609005-BOULEVARD-01-02-03-180-INTRUCTIONS.pdf;LDT=https://puk.it/wp-content/uploads/2018/12/609003-HYDROBOULEVARD-02-180-LED.rar;BIM=https://puk.it/wp-content/uploads/puk-files-2026/revit/609003-BOULEVARD-02-180.rfa
Boulevard,,,,,,,,,,,,,,,,,,,,Boulevard 02 9W 180°,609003.30.HA.02.1,Anthracite Grey RAL 7016,images/boulevard/boulevard-02-180-anthracite-grey.jpg,3000K,,1-10V,IP65,IK10,,180° emission · Ø170 × 600mm,9W,800lm,89lm/W,180°,Datasheet=images/boulevard/datasheets/609003.30.HA.02.1.pdf;Installation=https://puk.it/wp-content/uploads/puk-files-2026/instructions/NEW-609001-609003-609005-BOULEVARD-01-02-03-180-INTRUCTIONS.pdf;LDT=https://puk.it/wp-content/uploads/2018/12/609003-HYDROBOULEVARD-02-180-LED.rar;BIM=https://puk.it/wp-content/uploads/puk-files-2026/revit/609003-BOULEVARD-02-180.rfa
Boulevard,,,,,,,,,,,,,,,,,,,,Boulevard 02 9W 180°,609003.30.HA.02.D,Anthracite Grey RAL 7016,images/boulevard/boulevard-02-180-anthracite-grey.jpg,3000K,,DALI,IP65,IK10,,180° emission · Ø170 × 600mm,9W,800lm,89lm/W,180°,Datasheet=images/boulevard/datasheets/609003.30.HA.02.D.pdf;Installation=https://puk.it/wp-content/uploads/puk-files-2026/instructions/NEW-609001-609003-609005-BOULEVARD-01-02-03-180-INTRUCTIONS.pdf;LDT=https://puk.it/wp-content/uploads/2018/12/609003-HYDROBOULEVARD-02-180-LED.rar;BIM=https://puk.it/wp-content/uploads/puk-files-2026/revit/609003-BOULEVARD-02-180.rfa
Boulevard,,,,,,,,,,,,,,,,,,,,Boulevard 02 9W 180°,609003.40.HA.02.0,Anthracite Grey RAL 7016,images/boulevard/boulevard-02-180-anthracite-grey.jpg,4000K,,On/Off,IP65,IK10,,180° emission · Ø170 × 600mm,9W,820lm,91lm/W,180°,Datasheet=images/boulevard/datasheets/609003.40.HA.02.0.pdf;Installation=https://puk.it/wp-content/uploads/puk-files-2026/instructions/NEW-609001-609003-609005-BOULEVARD-01-02-03-180-INTRUCTIONS.pdf;LDT=https://puk.it/wp-content/uploads/2018/12/609003-HYDROBOULEVARD-02-180-LED.rar;BIM=https://puk.it/wp-content/uploads/puk-files-2026/revit/609003-BOULEVARD-02-180.rfa
Boulevard,,,,,,,,,,,,,,,,,,,,Boulevard 02 9W 180°,609003.40.HA.02.1,Anthracite Grey RAL 7016,images/boulevard/boulevard-02-180-anthracite-grey.jpg,4000K,,1-10V,IP65,IK10,,180° emission · Ø170 × 600mm,9W,820lm,91lm/W,180°,Datasheet=images/boulevard/datasheets/609003.40.HA.02.1.pdf;Installation=https://puk.it/wp-content/uploads/puk-files-2026/instructions/NEW-609001-609003-609005-BOULEVARD-01-02-03-180-INTRUCTIONS.pdf;LDT=https://puk.it/wp-content/uploads/2018/12/609003-HYDROBOULEVARD-02-180-LED.rar;BIM=https://puk.it/wp-content/uploads/puk-files-2026/revit/609003-BOULEVARD-02-180.rfa
Boulevard,,,,,,,,,,,,,,,,,,,,Boulevard 02 9W 180°,609003.40.HA.02.D,Anthracite Grey RAL 7016,images/boulevard/boulevard-02-180-anthracite-grey.jpg,4000K,,DALI,IP65,IK10,,180° emission · Ø170 × 600mm,9W,820lm,91lm/W,180°,Datasheet=images/boulevard/datasheets/609003.40.HA.02.D.pdf;Installation=https://puk.it/wp-content/uploads/puk-files-2026/instructions/NEW-609001-609003-609005-BOULEVARD-01-02-03-180-INTRUCTIONS.pdf;LDT=https://puk.it/wp-content/uploads/2018/12/609003-HYDROBOULEVARD-02-180-LED.rar;BIM=https://puk.it/wp-content/uploads/puk-files-2026/revit/609003-BOULEVARD-02-180.rfa
Boulevard,,,,,,,,,,,,,,,,,,,,Boulevard 02 18W 360°,609004.27.AL.02.0,Anthracite Grey RAL 7016,images/boulevard/boulevard-02-360-anthracite-grey.jpg,2700K,,On/Off,IP65,IK10,,360° emission · Ø170 × 600mm,18W,1520lm,84lm/W,360°,Datasheet=images/boulevard/datasheets/609004.27.AL.02.0.pdf;Installation=https://puk.it/wp-content/uploads/puk-files-2026/instructions/NEW-609002-609004-609006-BUOLEVARD-01-02-03-360-INTRUCTIONS.pdf;LDT=https://puk.it/wp-content/uploads/2018/12/609004-HYDROBOULEVARD-02-360-LED.rar;BIM=https://puk.it/wp-content/uploads/puk-files-2026/revit/609004-BOULEVARD-02-360.rfa
Boulevard,,,,,,,,,,,,,,,,,,,,Boulevard 02 18W 360°,609004.27.AL.02.1,Anthracite Grey RAL 7016,images/boulevard/boulevard-02-360-anthracite-grey.jpg,2700K,,1-10V,IP65,IK10,,360° emission · Ø170 × 600mm,18W,1520lm,84lm/W,360°,Datasheet=images/boulevard/datasheets/609004.27.AL.02.1.pdf;Installation=https://puk.it/wp-content/uploads/puk-files-2026/instructions/NEW-609002-609004-609006-BUOLEVARD-01-02-03-360-INTRUCTIONS.pdf;LDT=https://puk.it/wp-content/uploads/2018/12/609004-HYDROBOULEVARD-02-360-LED.rar;BIM=https://puk.it/wp-content/uploads/puk-files-2026/revit/609004-BOULEVARD-02-360.rfa
Boulevard,,,,,,,,,,,,,,,,,,,,Boulevard 02 18W 360°,609004.27.AL.02.D,Anthracite Grey RAL 7016,images/boulevard/boulevard-02-360-anthracite-grey.jpg,2700K,,DALI,IP65,IK10,,360° emission · Ø170 × 600mm,18W,1520lm,84lm/W,360°,Datasheet=images/boulevard/datasheets/609004.27.AL.02.D.pdf;Installation=https://puk.it/wp-content/uploads/puk-files-2026/instructions/NEW-609002-609004-609006-BUOLEVARD-01-02-03-360-INTRUCTIONS.pdf;LDT=https://puk.it/wp-content/uploads/2018/12/609004-HYDROBOULEVARD-02-360-LED.rar;BIM=https://puk.it/wp-content/uploads/puk-files-2026/revit/609004-BOULEVARD-02-360.rfa
Boulevard,,,,,,,,,,,,,,,,,,,,Boulevard 02 18W 360°,609004.30.AL.02.0,Anthracite Grey RAL 7016,images/boulevard/boulevard-02-360-anthracite-grey.jpg,3000K,,On/Off,IP65,IK10,,360° emission · Ø170 × 600mm,18W,1600lm,89lm/W,360°,Datasheet=images/boulevard/datasheets/609004.30.AL.02.0.pdf;Installation=https://puk.it/wp-content/uploads/puk-files-2026/instructions/NEW-609002-609004-609006-BUOLEVARD-01-02-03-360-INTRUCTIONS.pdf;LDT=https://puk.it/wp-content/uploads/2018/12/609004-HYDROBOULEVARD-02-360-LED.rar;BIM=https://puk.it/wp-content/uploads/puk-files-2026/revit/609004-BOULEVARD-02-360.rfa
Boulevard,,,,,,,,,,,,,,,,,,,,Boulevard 02 18W 360°,609004.30.AL.02.1,Anthracite Grey RAL 7016,images/boulevard/boulevard-02-360-anthracite-grey.jpg,3000K,,1-10V,IP65,IK10,,360° emission · Ø170 × 600mm,18W,1600lm,89lm/W,360°,Datasheet=images/boulevard/datasheets/609004.30.AL.02.1.pdf;Installation=https://puk.it/wp-content/uploads/puk-files-2026/instructions/NEW-609002-609004-609006-BUOLEVARD-01-02-03-360-INTRUCTIONS.pdf;LDT=https://puk.it/wp-content/uploads/2018/12/609004-HYDROBOULEVARD-02-360-LED.rar;BIM=https://puk.it/wp-content/uploads/puk-files-2026/revit/609004-BOULEVARD-02-360.rfa
Boulevard,,,,,,,,,,,,,,,,,,,,Boulevard 02 18W 360°,609004.30.AL.02.D,Anthracite Grey RAL 7016,images/boulevard/boulevard-02-360-anthracite-grey.jpg,3000K,,DALI,IP65,IK10,,360° emission · Ø170 × 600mm,18W,1600lm,89lm/W,360°,Datasheet=images/boulevard/datasheets/609004.30.AL.02.D.pdf;Installation=https://puk.it/wp-content/uploads/puk-files-2026/instructions/NEW-609002-609004-609006-BUOLEVARD-01-02-03-360-INTRUCTIONS.pdf;LDT=https://puk.it/wp-content/uploads/2018/12/609004-HYDROBOULEVARD-02-360-LED.rar;BIM=https://puk.it/wp-content/uploads/puk-files-2026/revit/609004-BOULEVARD-02-360.rfa
Boulevard,,,,,,,,,,,,,,,,,,,,Boulevard 02 18W 360°,609004.40.AL.02.0,Anthracite Grey RAL 7016,images/boulevard/boulevard-02-360-anthracite-grey.jpg,4000K,,On/Off,IP65,IK10,,360° emission · Ø170 × 600mm,18W,1640lm,91lm/W,360°,Datasheet=images/boulevard/datasheets/609004.40.AL.02.0.pdf;Installation=https://puk.it/wp-content/uploads/puk-files-2026/instructions/NEW-609002-609004-609006-BUOLEVARD-01-02-03-360-INTRUCTIONS.pdf;LDT=https://puk.it/wp-content/uploads/2018/12/609004-HYDROBOULEVARD-02-360-LED.rar;BIM=https://puk.it/wp-content/uploads/puk-files-2026/revit/609004-BOULEVARD-02-360.rfa
Boulevard,,,,,,,,,,,,,,,,,,,,Boulevard 02 18W 360°,609004.40.AL.02.1,Anthracite Grey RAL 7016,images/boulevard/boulevard-02-360-anthracite-grey.jpg,4000K,,1-10V,IP65,IK10,,360° emission · Ø170 × 600mm,18W,1640lm,91lm/W,360°,Datasheet=images/boulevard/datasheets/609004.40.AL.02.1.pdf;Installation=https://puk.it/wp-content/uploads/puk-files-2026/instructions/NEW-609002-609004-609006-BUOLEVARD-01-02-03-360-INTRUCTIONS.pdf;LDT=https://puk.it/wp-content/uploads/2018/12/609004-HYDROBOULEVARD-02-360-LED.rar;BIM=https://puk.it/wp-content/uploads/puk-files-2026/revit/609004-BOULEVARD-02-360.rfa
Boulevard,,,,,,,,,,,,,,,,,,,,Boulevard 02 18W 360°,609004.40.AL.02.D,Anthracite Grey RAL 7016,images/boulevard/boulevard-02-360-anthracite-grey.jpg,4000K,,DALI,IP65,IK10,,360° emission · Ø170 × 600mm,18W,1640lm,91lm/W,360°,Datasheet=images/boulevard/datasheets/609004.40.AL.02.D.pdf;Installation=https://puk.it/wp-content/uploads/puk-files-2026/instructions/NEW-609002-609004-609006-BUOLEVARD-01-02-03-360-INTRUCTIONS.pdf;LDT=https://puk.it/wp-content/uploads/2018/12/609004-HYDROBOULEVARD-02-360-LED.rar;BIM=https://puk.it/wp-content/uploads/puk-files-2026/revit/609004-BOULEVARD-02-360.rfa
Boulevard,,,,,,,,,,,,,,,,,,,,Boulevard 02 9W 180°,609003.27.HA.03.0,Black RAL 9005,images/boulevard/boulevard-02-180-black.jpg,2700K,,On/Off,IP65,IK10,,180° emission · Ø170 × 600mm,9W,760lm,84lm/W,180°,Datasheet=images/boulevard/datasheets/609003.27.HA.03.0.pdf;Installation=https://puk.it/wp-content/uploads/puk-files-2026/instructions/NEW-609001-609003-609005-BOULEVARD-01-02-03-180-INTRUCTIONS.pdf;LDT=https://puk.it/wp-content/uploads/2018/12/609003-HYDROBOULEVARD-02-180-LED.rar;BIM=https://puk.it/wp-content/uploads/puk-files-2026/revit/609003-BOULEVARD-02-180.rfa
Boulevard,,,,,,,,,,,,,,,,,,,,Boulevard 02 9W 180°,609003.27.HA.03.1,Black RAL 9005,images/boulevard/boulevard-02-180-black.jpg,2700K,,1-10V,IP65,IK10,,180° emission · Ø170 × 600mm,9W,760lm,84lm/W,180°,Datasheet=images/boulevard/datasheets/609003.27.HA.03.1.pdf;Installation=https://puk.it/wp-content/uploads/puk-files-2026/instructions/NEW-609001-609003-609005-BOULEVARD-01-02-03-180-INTRUCTIONS.pdf;LDT=https://puk.it/wp-content/uploads/2018/12/609003-HYDROBOULEVARD-02-180-LED.rar;BIM=https://puk.it/wp-content/uploads/puk-files-2026/revit/609003-BOULEVARD-02-180.rfa
Boulevard,,,,,,,,,,,,,,,,,,,,Boulevard 02 9W 180°,609003.27.HA.03.D,Black RAL 9005,images/boulevard/boulevard-02-180-black.jpg,2700K,,DALI,IP65,IK10,,180° emission · Ø170 × 600mm,9W,760lm,84lm/W,180°,Datasheet=images/boulevard/datasheets/609003.27.HA.03.D.pdf;Installation=https://puk.it/wp-content/uploads/puk-files-2026/instructions/NEW-609001-609003-609005-BOULEVARD-01-02-03-180-INTRUCTIONS.pdf;LDT=https://puk.it/wp-content/uploads/2018/12/609003-HYDROBOULEVARD-02-180-LED.rar;BIM=https://puk.it/wp-content/uploads/puk-files-2026/revit/609003-BOULEVARD-02-180.rfa
Boulevard,,,,,,,,,,,,,,,,,,,,Boulevard 02 9W 180°,609003.30.HA.03.0,Black RAL 9005,images/boulevard/boulevard-02-180-black.jpg,3000K,,On/Off,IP65,IK10,,180° emission · Ø170 × 600mm,9W,800lm,89lm/W,180°,Datasheet=images/boulevard/datasheets/609003.30.HA.03.0.pdf;Installation=https://puk.it/wp-content/uploads/puk-files-2026/instructions/NEW-609001-609003-609005-BOULEVARD-01-02-03-180-INTRUCTIONS.pdf;LDT=https://puk.it/wp-content/uploads/2018/12/609003-HYDROBOULEVARD-02-180-LED.rar;BIM=https://puk.it/wp-content/uploads/puk-files-2026/revit/609003-BOULEVARD-02-180.rfa
Boulevard,,,,,,,,,,,,,,,,,,,,Boulevard 02 9W 180°,609003.30.HA.03.1,Black RAL 9005,images/boulevard/boulevard-02-180-black.jpg,3000K,,1-10V,IP65,IK10,,180° emission · Ø170 × 600mm,9W,800lm,89lm/W,180°,Datasheet=images/boulevard/datasheets/609003.30.HA.03.1.pdf;Installation=https://puk.it/wp-content/uploads/puk-files-2026/instructions/NEW-609001-609003-609005-BOULEVARD-01-02-03-180-INTRUCTIONS.pdf;LDT=https://puk.it/wp-content/uploads/2018/12/609003-HYDROBOULEVARD-02-180-LED.rar;BIM=https://puk.it/wp-content/uploads/puk-files-2026/revit/609003-BOULEVARD-02-180.rfa
Boulevard,,,,,,,,,,,,,,,,,,,,Boulevard 02 9W 180°,609003.30.HA.03.D,Black RAL 9005,images/boulevard/boulevard-02-180-black.jpg,3000K,,DALI,IP65,IK10,,180° emission · Ø170 × 600mm,9W,800lm,89lm/W,180°,Datasheet=images/boulevard/datasheets/609003.30.HA.03.D.pdf;Installation=https://puk.it/wp-content/uploads/puk-files-2026/instructions/NEW-609001-609003-609005-BOULEVARD-01-02-03-180-INTRUCTIONS.pdf;LDT=https://puk.it/wp-content/uploads/2018/12/609003-HYDROBOULEVARD-02-180-LED.rar;BIM=https://puk.it/wp-content/uploads/puk-files-2026/revit/609003-BOULEVARD-02-180.rfa
Boulevard,,,,,,,,,,,,,,,,,,,,Boulevard 02 9W 180°,609003.40.HA.03.0,Black RAL 9005,images/boulevard/boulevard-02-180-black.jpg,4000K,,On/Off,IP65,IK10,,180° emission · Ø170 × 600mm,9W,820lm,91lm/W,180°,Datasheet=images/boulevard/datasheets/609003.40.HA.03.0.pdf;Installation=https://puk.it/wp-content/uploads/puk-files-2026/instructions/NEW-609001-609003-609005-BOULEVARD-01-02-03-180-INTRUCTIONS.pdf;LDT=https://puk.it/wp-content/uploads/2018/12/609003-HYDROBOULEVARD-02-180-LED.rar;BIM=https://puk.it/wp-content/uploads/puk-files-2026/revit/609003-BOULEVARD-02-180.rfa
Boulevard,,,,,,,,,,,,,,,,,,,,Boulevard 02 9W 180°,609003.40.HA.03.1,Black RAL 9005,images/boulevard/boulevard-02-180-black.jpg,4000K,,1-10V,IP65,IK10,,180° emission · Ø170 × 600mm,9W,820lm,91lm/W,180°,Datasheet=images/boulevard/datasheets/609003.40.HA.03.1.pdf;Installation=https://puk.it/wp-content/uploads/puk-files-2026/instructions/NEW-609001-609003-609005-BOULEVARD-01-02-03-180-INTRUCTIONS.pdf;LDT=https://puk.it/wp-content/uploads/2018/12/609003-HYDROBOULEVARD-02-180-LED.rar;BIM=https://puk.it/wp-content/uploads/puk-files-2026/revit/609003-BOULEVARD-02-180.rfa
Boulevard,,,,,,,,,,,,,,,,,,,,Boulevard 02 9W 180°,609003.40.HA.03.D,Black RAL 9005,images/boulevard/boulevard-02-180-black.jpg,4000K,,DALI,IP65,IK10,,180° emission · Ø170 × 600mm,9W,820lm,91lm/W,180°,Datasheet=images/boulevard/datasheets/609003.40.HA.03.D.pdf;Installation=https://puk.it/wp-content/uploads/puk-files-2026/instructions/NEW-609001-609003-609005-BOULEVARD-01-02-03-180-INTRUCTIONS.pdf;LDT=https://puk.it/wp-content/uploads/2018/12/609003-HYDROBOULEVARD-02-180-LED.rar;BIM=https://puk.it/wp-content/uploads/puk-files-2026/revit/609003-BOULEVARD-02-180.rfa
Boulevard,,,,,,,,,,,,,,,,,,,,Boulevard 02 18W 360°,609004.27.AL.03.0,Black RAL 9005,images/boulevard/boulevard-02-360-black.jpg,2700K,,On/Off,IP65,IK10,,360° emission · Ø170 × 600mm,18W,1520lm,84lm/W,360°,Datasheet=images/boulevard/datasheets/609004.27.AL.03.0.pdf;Installation=https://puk.it/wp-content/uploads/puk-files-2026/instructions/NEW-609002-609004-609006-BUOLEVARD-01-02-03-360-INTRUCTIONS.pdf;LDT=https://puk.it/wp-content/uploads/2018/12/609004-HYDROBOULEVARD-02-360-LED.rar;BIM=https://puk.it/wp-content/uploads/puk-files-2026/revit/609004-BOULEVARD-02-360.rfa
Boulevard,,,,,,,,,,,,,,,,,,,,Boulevard 02 18W 360°,609004.27.AL.03.1,Black RAL 9005,images/boulevard/boulevard-02-360-black.jpg,2700K,,1-10V,IP65,IK10,,360° emission · Ø170 × 600mm,18W,1520lm,84lm/W,360°,Datasheet=images/boulevard/datasheets/609004.27.AL.03.1.pdf;Installation=https://puk.it/wp-content/uploads/puk-files-2026/instructions/NEW-609002-609004-609006-BUOLEVARD-01-02-03-360-INTRUCTIONS.pdf;LDT=https://puk.it/wp-content/uploads/2018/12/609004-HYDROBOULEVARD-02-360-LED.rar;BIM=https://puk.it/wp-content/uploads/puk-files-2026/revit/609004-BOULEVARD-02-360.rfa
Boulevard,,,,,,,,,,,,,,,,,,,,Boulevard 02 18W 360°,609004.27.AL.03.D,Black RAL 9005,images/boulevard/boulevard-02-360-black.jpg,2700K,,DALI,IP65,IK10,,360° emission · Ø170 × 600mm,18W,1520lm,84lm/W,360°,Datasheet=images/boulevard/datasheets/609004.27.AL.03.D.pdf;Installation=https://puk.it/wp-content/uploads/puk-files-2026/instructions/NEW-609002-609004-609006-BUOLEVARD-01-02-03-360-INTRUCTIONS.pdf;LDT=https://puk.it/wp-content/uploads/2018/12/609004-HYDROBOULEVARD-02-360-LED.rar;BIM=https://puk.it/wp-content/uploads/puk-files-2026/revit/609004-BOULEVARD-02-360.rfa
Boulevard,,,,,,,,,,,,,,,,,,,,Boulevard 02 18W 360°,609004.30.AL.03.0,Black RAL 9005,images/boulevard/boulevard-02-360-black.jpg,3000K,,On/Off,IP65,IK10,,360° emission · Ø170 × 600mm,18W,1600lm,89lm/W,360°,Datasheet=images/boulevard/datasheets/609004.30.AL.03.0.pdf;Installation=https://puk.it/wp-content/uploads/puk-files-2026/instructions/NEW-609002-609004-609006-BUOLEVARD-01-02-03-360-INTRUCTIONS.pdf;LDT=https://puk.it/wp-content/uploads/2018/12/609004-HYDROBOULEVARD-02-360-LED.rar;BIM=https://puk.it/wp-content/uploads/puk-files-2026/revit/609004-BOULEVARD-02-360.rfa
Boulevard,,,,,,,,,,,,,,,,,,,,Boulevard 02 18W 360°,609004.30.AL.03.1,Black RAL 9005,images/boulevard/boulevard-02-360-black.jpg,3000K,,1-10V,IP65,IK10,,360° emission · Ø170 × 600mm,18W,1600lm,89lm/W,360°,Datasheet=images/boulevard/datasheets/609004.30.AL.03.1.pdf;Installation=https://puk.it/wp-content/uploads/puk-files-2026/instructions/NEW-609002-609004-609006-BUOLEVARD-01-02-03-360-INTRUCTIONS.pdf;LDT=https://puk.it/wp-content/uploads/2018/12/609004-HYDROBOULEVARD-02-360-LED.rar;BIM=https://puk.it/wp-content/uploads/puk-files-2026/revit/609004-BOULEVARD-02-360.rfa
Boulevard,,,,,,,,,,,,,,,,,,,,Boulevard 02 18W 360°,609004.30.AL.03.D,Black RAL 9005,images/boulevard/boulevard-02-360-black.jpg,3000K,,DALI,IP65,IK10,,360° emission · Ø170 × 600mm,18W,1600lm,89lm/W,360°,Datasheet=images/boulevard/datasheets/609004.30.AL.03.D.pdf;Installation=https://puk.it/wp-content/uploads/puk-files-2026/instructions/NEW-609002-609004-609006-BUOLEVARD-01-02-03-360-INTRUCTIONS.pdf;LDT=https://puk.it/wp-content/uploads/2018/12/609004-HYDROBOULEVARD-02-360-LED.rar;BIM=https://puk.it/wp-content/uploads/puk-files-2026/revit/609004-BOULEVARD-02-360.rfa
Boulevard,,,,,,,,,,,,,,,,,,,,Boulevard 02 18W 360°,609004.40.AL.03.0,Black RAL 9005,images/boulevard/boulevard-02-360-black.jpg,4000K,,On/Off,IP65,IK10,,360° emission · Ø170 × 600mm,18W,1640lm,91lm/W,360°,Datasheet=images/boulevard/datasheets/609004.40.AL.03.0.pdf;Installation=https://puk.it/wp-content/uploads/puk-files-2026/instructions/NEW-609002-609004-609006-BUOLEVARD-01-02-03-360-INTRUCTIONS.pdf;LDT=https://puk.it/wp-content/uploads/2018/12/609004-HYDROBOULEVARD-02-360-LED.rar;BIM=https://puk.it/wp-content/uploads/puk-files-2026/revit/609004-BOULEVARD-02-360.rfa
Boulevard,,,,,,,,,,,,,,,,,,,,Boulevard 02 18W 360°,609004.40.AL.03.1,Black RAL 9005,images/boulevard/boulevard-02-360-black.jpg,4000K,,1-10V,IP65,IK10,,360° emission · Ø170 × 600mm,18W,1640lm,91lm/W,360°,Datasheet=images/boulevard/datasheets/609004.40.AL.03.1.pdf;Installation=https://puk.it/wp-content/uploads/puk-files-2026/instructions/NEW-609002-609004-609006-BUOLEVARD-01-02-03-360-INTRUCTIONS.pdf;LDT=https://puk.it/wp-content/uploads/2018/12/609004-HYDROBOULEVARD-02-360-LED.rar;BIM=https://puk.it/wp-content/uploads/puk-files-2026/revit/609004-BOULEVARD-02-360.rfa
Boulevard,,,,,,,,,,,,,,,,,,,,Boulevard 02 18W 360°,609004.40.AL.03.D,Black RAL 9005,images/boulevard/boulevard-02-360-black.jpg,4000K,,DALI,IP65,IK10,,360° emission · Ø170 × 600mm,18W,1640lm,91lm/W,360°,Datasheet=images/boulevard/datasheets/609004.40.AL.03.D.pdf;Installation=https://puk.it/wp-content/uploads/puk-files-2026/instructions/NEW-609002-609004-609006-BUOLEVARD-01-02-03-360-INTRUCTIONS.pdf;LDT=https://puk.it/wp-content/uploads/2018/12/609004-HYDROBOULEVARD-02-360-LED.rar;BIM=https://puk.it/wp-content/uploads/puk-files-2026/revit/609004-BOULEVARD-02-360.rfa
Boulevard,,,,,,,,,,,,,,,,,,,,Boulevard 03 9W 180°,609005.27.HA.01.0,White Aluminium RAL 9006,images/boulevard/boulevard-03-180-white-aluminium.jpg,2700K,,On/Off,IP65,IK10,,180° emission · Ø170 × 1000mm,9W,760lm,84lm/W,180°,Datasheet=images/boulevard/datasheets/609005.27.HA.01.0.pdf;Installation=https://puk.it/wp-content/uploads/puk-files-2026/instructions/NEW-609001-609003-609005-BOULEVARD-01-02-03-180-INTRUCTIONS.pdf;LDT=https://puk.it/wp-content/uploads/2018/12/609005-HYDROBOULEVARD-03-180-LED.rar;BIM=https://puk.it/wp-content/uploads/puk-files-2026/revit/609005-BOULEVARD-03-180.rfa
Boulevard,,,,,,,,,,,,,,,,,,,,Boulevard 03 9W 180°,609005.27.HA.01.1,White Aluminium RAL 9006,images/boulevard/boulevard-03-180-white-aluminium.jpg,2700K,,1-10V,IP65,IK10,,180° emission · Ø170 × 1000mm,9W,760lm,84lm/W,180°,Datasheet=images/boulevard/datasheets/609005.27.HA.01.1.pdf;Installation=https://puk.it/wp-content/uploads/puk-files-2026/instructions/NEW-609001-609003-609005-BOULEVARD-01-02-03-180-INTRUCTIONS.pdf;LDT=https://puk.it/wp-content/uploads/2018/12/609005-HYDROBOULEVARD-03-180-LED.rar;BIM=https://puk.it/wp-content/uploads/puk-files-2026/revit/609005-BOULEVARD-03-180.rfa
Boulevard,,,,,,,,,,,,,,,,,,,,Boulevard 03 9W 180°,609005.27.HA.01.D,White Aluminium RAL 9006,images/boulevard/boulevard-03-180-white-aluminium.jpg,2700K,,DALI,IP65,IK10,,180° emission · Ø170 × 1000mm,9W,760lm,84lm/W,180°,Datasheet=images/boulevard/datasheets/609005.27.HA.01.D.pdf;Installation=https://puk.it/wp-content/uploads/puk-files-2026/instructions/NEW-609001-609003-609005-BOULEVARD-01-02-03-180-INTRUCTIONS.pdf;LDT=https://puk.it/wp-content/uploads/2018/12/609005-HYDROBOULEVARD-03-180-LED.rar;BIM=https://puk.it/wp-content/uploads/puk-files-2026/revit/609005-BOULEVARD-03-180.rfa
Boulevard,,,,,,,,,,,,,,,,,,,,Boulevard 03 9W 180°,609005.30.HA.01.0,White Aluminium RAL 9006,images/boulevard/boulevard-03-180-white-aluminium.jpg,3000K,,On/Off,IP65,IK10,,180° emission · Ø170 × 1000mm,9W,800lm,89lm/W,180°,Datasheet=images/boulevard/datasheets/609005.30.HA.01.0.pdf;Installation=https://puk.it/wp-content/uploads/puk-files-2026/instructions/NEW-609001-609003-609005-BOULEVARD-01-02-03-180-INTRUCTIONS.pdf;LDT=https://puk.it/wp-content/uploads/2018/12/609005-HYDROBOULEVARD-03-180-LED.rar;BIM=https://puk.it/wp-content/uploads/puk-files-2026/revit/609005-BOULEVARD-03-180.rfa
Boulevard,,,,,,,,,,,,,,,,,,,,Boulevard 03 9W 180°,609005.30.HA.01.1,White Aluminium RAL 9006,images/boulevard/boulevard-03-180-white-aluminium.jpg,3000K,,1-10V,IP65,IK10,,180° emission · Ø170 × 1000mm,9W,800lm,89lm/W,180°,Datasheet=images/boulevard/datasheets/609005.30.HA.01.1.pdf;Installation=https://puk.it/wp-content/uploads/puk-files-2026/instructions/NEW-609001-609003-609005-BOULEVARD-01-02-03-180-INTRUCTIONS.pdf;LDT=https://puk.it/wp-content/uploads/2018/12/609005-HYDROBOULEVARD-03-180-LED.rar;BIM=https://puk.it/wp-content/uploads/puk-files-2026/revit/609005-BOULEVARD-03-180.rfa
Boulevard,,,,,,,,,,,,,,,,,,,,Boulevard 03 9W 180°,609005.30.HA.01.D,White Aluminium RAL 9006,images/boulevard/boulevard-03-180-white-aluminium.jpg,3000K,,DALI,IP65,IK10,,180° emission · Ø170 × 1000mm,9W,800lm,89lm/W,180°,Datasheet=images/boulevard/datasheets/609005.30.HA.01.D.pdf;Installation=https://puk.it/wp-content/uploads/puk-files-2026/instructions/NEW-609001-609003-609005-BOULEVARD-01-02-03-180-INTRUCTIONS.pdf;LDT=https://puk.it/wp-content/uploads/2018/12/609005-HYDROBOULEVARD-03-180-LED.rar;BIM=https://puk.it/wp-content/uploads/puk-files-2026/revit/609005-BOULEVARD-03-180.rfa
Boulevard,,,,,,,,,,,,,,,,,,,,Boulevard 03 9W 180°,609005.40.HA.01.0,White Aluminium RAL 9006,images/boulevard/boulevard-03-180-white-aluminium.jpg,4000K,,On/Off,IP65,IK10,,180° emission · Ø170 × 1000mm,9W,820lm,91lm/W,180°,Datasheet=images/boulevard/datasheets/609005.40.HA.01.0.pdf;Installation=https://puk.it/wp-content/uploads/puk-files-2026/instructions/NEW-609001-609003-609005-BOULEVARD-01-02-03-180-INTRUCTIONS.pdf;LDT=https://puk.it/wp-content/uploads/2018/12/609005-HYDROBOULEVARD-03-180-LED.rar;BIM=https://puk.it/wp-content/uploads/puk-files-2026/revit/609005-BOULEVARD-03-180.rfa
Boulevard,,,,,,,,,,,,,,,,,,,,Boulevard 03 9W 180°,609005.40.HA.01.1,White Aluminium RAL 9006,images/boulevard/boulevard-03-180-white-aluminium.jpg,4000K,,1-10V,IP65,IK10,,180° emission · Ø170 × 1000mm,9W,820lm,91lm/W,180°,Datasheet=images/boulevard/datasheets/609005.40.HA.01.1.pdf;Installation=https://puk.it/wp-content/uploads/puk-files-2026/instructions/NEW-609001-609003-609005-BOULEVARD-01-02-03-180-INTRUCTIONS.pdf;LDT=https://puk.it/wp-content/uploads/2018/12/609005-HYDROBOULEVARD-03-180-LED.rar;BIM=https://puk.it/wp-content/uploads/puk-files-2026/revit/609005-BOULEVARD-03-180.rfa
Boulevard,,,,,,,,,,,,,,,,,,,,Boulevard 03 9W 180°,609005.40.HA.01.D,White Aluminium RAL 9006,images/boulevard/boulevard-03-180-white-aluminium.jpg,4000K,,DALI,IP65,IK10,,180° emission · Ø170 × 1000mm,9W,820lm,91lm/W,180°,Datasheet=images/boulevard/datasheets/609005.40.HA.01.D.pdf;Installation=https://puk.it/wp-content/uploads/puk-files-2026/instructions/NEW-609001-609003-609005-BOULEVARD-01-02-03-180-INTRUCTIONS.pdf;LDT=https://puk.it/wp-content/uploads/2018/12/609005-HYDROBOULEVARD-03-180-LED.rar;BIM=https://puk.it/wp-content/uploads/puk-files-2026/revit/609005-BOULEVARD-03-180.rfa
Boulevard,,,,,,,,,,,,,,,,,,,,Boulevard 03 18W 360°,609006.27.AL.01.0,White Aluminium RAL 9006,images/boulevard/boulevard-03-360-white-aluminium.jpg,2700K,,On/Off,IP65,IK10,,360° emission · Ø170 × 1000mm,18W,1520lm,84lm/W,360°,Datasheet=images/boulevard/datasheets/609006.27.AL.01.0.pdf;Installation=https://puk.it/wp-content/uploads/puk-files-2026/instructions/NEW-609002-609004-609006-BUOLEVARD-01-02-03-360-INTRUCTIONS.pdf;LDT=https://puk.it/wp-content/uploads/2018/12/609006-HYDROBOULEVARD-03-360-LED.rar;BIM=https://puk.it/wp-content/uploads/puk-files-2026/revit/609006-BOULEVARD-03-360.rfa
Boulevard,,,,,,,,,,,,,,,,,,,,Boulevard 03 18W 360°,609006.27.AL.01.1,White Aluminium RAL 9006,images/boulevard/boulevard-03-360-white-aluminium.jpg,2700K,,1-10V,IP65,IK10,,360° emission · Ø170 × 1000mm,18W,1520lm,84lm/W,360°,Datasheet=images/boulevard/datasheets/609006.27.AL.01.1.pdf;Installation=https://puk.it/wp-content/uploads/puk-files-2026/instructions/NEW-609002-609004-609006-BUOLEVARD-01-02-03-360-INTRUCTIONS.pdf;LDT=https://puk.it/wp-content/uploads/2018/12/609006-HYDROBOULEVARD-03-360-LED.rar;BIM=https://puk.it/wp-content/uploads/puk-files-2026/revit/609006-BOULEVARD-03-360.rfa
Boulevard,,,,,,,,,,,,,,,,,,,,Boulevard 03 18W 360°,609006.27.AL.01.D,White Aluminium RAL 9006,images/boulevard/boulevard-03-360-white-aluminium.jpg,2700K,,DALI,IP65,IK10,,360° emission · Ø170 × 1000mm,18W,1520lm,84lm/W,360°,Datasheet=images/boulevard/datasheets/609006.27.AL.01.D.pdf;Installation=https://puk.it/wp-content/uploads/puk-files-2026/instructions/NEW-609002-609004-609006-BUOLEVARD-01-02-03-360-INTRUCTIONS.pdf;LDT=https://puk.it/wp-content/uploads/2018/12/609006-HYDROBOULEVARD-03-360-LED.rar;BIM=https://puk.it/wp-content/uploads/puk-files-2026/revit/609006-BOULEVARD-03-360.rfa
Boulevard,,,,,,,,,,,,,,,,,,,,Boulevard 03 18W 360°,609006.30.AL.01.0,White Aluminium RAL 9006,images/boulevard/boulevard-03-360-white-aluminium.jpg,3000K,,On/Off,IP65,IK10,,360° emission · Ø170 × 1000mm,18W,1600lm,89lm/W,360°,Datasheet=images/boulevard/datasheets/609006.30.AL.01.0.pdf;Installation=https://puk.it/wp-content/uploads/puk-files-2026/instructions/NEW-609002-609004-609006-BUOLEVARD-01-02-03-360-INTRUCTIONS.pdf;LDT=https://puk.it/wp-content/uploads/2018/12/609006-HYDROBOULEVARD-03-360-LED.rar;BIM=https://puk.it/wp-content/uploads/puk-files-2026/revit/609006-BOULEVARD-03-360.rfa
Boulevard,,,,,,,,,,,,,,,,,,,,Boulevard 03 18W 360°,609006.30.AL.01.1,White Aluminium RAL 9006,images/boulevard/boulevard-03-360-white-aluminium.jpg,3000K,,1-10V,IP65,IK10,,360° emission · Ø170 × 1000mm,18W,1600lm,89lm/W,360°,Datasheet=images/boulevard/datasheets/609006.30.AL.01.1.pdf;Installation=https://puk.it/wp-content/uploads/puk-files-2026/instructions/NEW-609002-609004-609006-BUOLEVARD-01-02-03-360-INTRUCTIONS.pdf;LDT=https://puk.it/wp-content/uploads/2018/12/609006-HYDROBOULEVARD-03-360-LED.rar;BIM=https://puk.it/wp-content/uploads/puk-files-2026/revit/609006-BOULEVARD-03-360.rfa
Boulevard,,,,,,,,,,,,,,,,,,,,Boulevard 03 18W 360°,609006.30.AL.01.D,White Aluminium RAL 9006,images/boulevard/boulevard-03-360-white-aluminium.jpg,3000K,,DALI,IP65,IK10,,360° emission · Ø170 × 1000mm,18W,1600lm,89lm/W,360°,Datasheet=images/boulevard/datasheets/609006.30.AL.01.D.pdf;Installation=https://puk.it/wp-content/uploads/puk-files-2026/instructions/NEW-609002-609004-609006-BUOLEVARD-01-02-03-360-INTRUCTIONS.pdf;LDT=https://puk.it/wp-content/uploads/2018/12/609006-HYDROBOULEVARD-03-360-LED.rar;BIM=https://puk.it/wp-content/uploads/puk-files-2026/revit/609006-BOULEVARD-03-360.rfa
Boulevard,,,,,,,,,,,,,,,,,,,,Boulevard 03 18W 360°,609006.40.AL.01.0,White Aluminium RAL 9006,images/boulevard/boulevard-03-360-white-aluminium.jpg,4000K,,On/Off,IP65,IK10,,360° emission · Ø170 × 1000mm,18W,1640lm,91lm/W,360°,Datasheet=images/boulevard/datasheets/609006.40.AL.01.0.pdf;Installation=https://puk.it/wp-content/uploads/puk-files-2026/instructions/NEW-609002-609004-609006-BUOLEVARD-01-02-03-360-INTRUCTIONS.pdf;LDT=https://puk.it/wp-content/uploads/2018/12/609006-HYDROBOULEVARD-03-360-LED.rar;BIM=https://puk.it/wp-content/uploads/puk-files-2026/revit/609006-BOULEVARD-03-360.rfa
Boulevard,,,,,,,,,,,,,,,,,,,,Boulevard 03 18W 360°,609006.40.AL.01.1,White Aluminium RAL 9006,images/boulevard/boulevard-03-360-white-aluminium.jpg,4000K,,1-10V,IP65,IK10,,360° emission · Ø170 × 1000mm,18W,1640lm,91lm/W,360°,Datasheet=images/boulevard/datasheets/609006.40.AL.01.1.pdf;Installation=https://puk.it/wp-content/uploads/puk-files-2026/instructions/NEW-609002-609004-609006-BUOLEVARD-01-02-03-360-INTRUCTIONS.pdf;LDT=https://puk.it/wp-content/uploads/2018/12/609006-HYDROBOULEVARD-03-360-LED.rar;BIM=https://puk.it/wp-content/uploads/puk-files-2026/revit/609006-BOULEVARD-03-360.rfa
Boulevard,,,,,,,,,,,,,,,,,,,,Boulevard 03 18W 360°,609006.40.AL.01.D,White Aluminium RAL 9006,images/boulevard/boulevard-03-360-white-aluminium.jpg,4000K,,DALI,IP65,IK10,,360° emission · Ø170 × 1000mm,18W,1640lm,91lm/W,360°,Datasheet=images/boulevard/datasheets/609006.40.AL.01.D.pdf;Installation=https://puk.it/wp-content/uploads/puk-files-2026/instructions/NEW-609002-609004-609006-BUOLEVARD-01-02-03-360-INTRUCTIONS.pdf;LDT=https://puk.it/wp-content/uploads/2018/12/609006-HYDROBOULEVARD-03-360-LED.rar;BIM=https://puk.it/wp-content/uploads/puk-files-2026/revit/609006-BOULEVARD-03-360.rfa
Boulevard,,,,,,,,,,,,,,,,,,,,Boulevard 03 9W 180°,609005.27.HA.02.0,Anthracite Grey RAL 7016,images/boulevard/boulevard-03-180-anthracite-grey.jpg,2700K,,On/Off,IP65,IK10,,180° emission · Ø170 × 1000mm,9W,760lm,84lm/W,180°,Datasheet=images/boulevard/datasheets/609005.27.HA.02.0.pdf;Installation=https://puk.it/wp-content/uploads/puk-files-2026/instructions/NEW-609001-609003-609005-BOULEVARD-01-02-03-180-INTRUCTIONS.pdf;LDT=https://puk.it/wp-content/uploads/2018/12/609005-HYDROBOULEVARD-03-180-LED.rar;BIM=https://puk.it/wp-content/uploads/puk-files-2026/revit/609005-BOULEVARD-03-180.rfa
Boulevard,,,,,,,,,,,,,,,,,,,,Boulevard 03 9W 180°,609005.27.HA.02.1,Anthracite Grey RAL 7016,images/boulevard/boulevard-03-180-anthracite-grey.jpg,2700K,,1-10V,IP65,IK10,,180° emission · Ø170 × 1000mm,9W,760lm,84lm/W,180°,Datasheet=images/boulevard/datasheets/609005.27.HA.02.1.pdf;Installation=https://puk.it/wp-content/uploads/puk-files-2026/instructions/NEW-609001-609003-609005-BOULEVARD-01-02-03-180-INTRUCTIONS.pdf;LDT=https://puk.it/wp-content/uploads/2018/12/609005-HYDROBOULEVARD-03-180-LED.rar;BIM=https://puk.it/wp-content/uploads/puk-files-2026/revit/609005-BOULEVARD-03-180.rfa
Boulevard,,,,,,,,,,,,,,,,,,,,Boulevard 03 9W 180°,609005.27.HA.02.D,Anthracite Grey RAL 7016,images/boulevard/boulevard-03-180-anthracite-grey.jpg,2700K,,DALI,IP65,IK10,,180° emission · Ø170 × 1000mm,9W,760lm,84lm/W,180°,Datasheet=images/boulevard/datasheets/609005.27.HA.02.D.pdf;Installation=https://puk.it/wp-content/uploads/puk-files-2026/instructions/NEW-609001-609003-609005-BOULEVARD-01-02-03-180-INTRUCTIONS.pdf;LDT=https://puk.it/wp-content/uploads/2018/12/609005-HYDROBOULEVARD-03-180-LED.rar;BIM=https://puk.it/wp-content/uploads/puk-files-2026/revit/609005-BOULEVARD-03-180.rfa
Boulevard,,,,,,,,,,,,,,,,,,,,Boulevard 03 9W 180°,609005.30.HA.02.0,Anthracite Grey RAL 7016,images/boulevard/boulevard-03-180-anthracite-grey.jpg,3000K,,On/Off,IP65,IK10,,180° emission · Ø170 × 1000mm,9W,800lm,89lm/W,180°,Datasheet=images/boulevard/datasheets/609005.30.HA.02.0.pdf;Installation=https://puk.it/wp-content/uploads/puk-files-2026/instructions/NEW-609001-609003-609005-BOULEVARD-01-02-03-180-INTRUCTIONS.pdf;LDT=https://puk.it/wp-content/uploads/2018/12/609005-HYDROBOULEVARD-03-180-LED.rar;BIM=https://puk.it/wp-content/uploads/puk-files-2026/revit/609005-BOULEVARD-03-180.rfa
Boulevard,,,,,,,,,,,,,,,,,,,,Boulevard 03 9W 180°,609005.30.HA.02.1,Anthracite Grey RAL 7016,images/boulevard/boulevard-03-180-anthracite-grey.jpg,3000K,,1-10V,IP65,IK10,,180° emission · Ø170 × 1000mm,9W,800lm,89lm/W,180°,Datasheet=images/boulevard/datasheets/609005.30.HA.02.1.pdf;Installation=https://puk.it/wp-content/uploads/puk-files-2026/instructions/NEW-609001-609003-609005-BOULEVARD-01-02-03-180-INTRUCTIONS.pdf;LDT=https://puk.it/wp-content/uploads/2018/12/609005-HYDROBOULEVARD-03-180-LED.rar;BIM=https://puk.it/wp-content/uploads/puk-files-2026/revit/609005-BOULEVARD-03-180.rfa
Boulevard,,,,,,,,,,,,,,,,,,,,Boulevard 03 9W 180°,609005.30.HA.02.D,Anthracite Grey RAL 7016,images/boulevard/boulevard-03-180-anthracite-grey.jpg,3000K,,DALI,IP65,IK10,,180° emission · Ø170 × 1000mm,9W,800lm,89lm/W,180°,Datasheet=images/boulevard/datasheets/609005.30.HA.02.D.pdf;Installation=https://puk.it/wp-content/uploads/puk-files-2026/instructions/NEW-609001-609003-609005-BOULEVARD-01-02-03-180-INTRUCTIONS.pdf;LDT=https://puk.it/wp-content/uploads/2018/12/609005-HYDROBOULEVARD-03-180-LED.rar;BIM=https://puk.it/wp-content/uploads/puk-files-2026/revit/609005-BOULEVARD-03-180.rfa
Boulevard,,,,,,,,,,,,,,,,,,,,Boulevard 03 9W 180°,609005.40.HA.02.0,Anthracite Grey RAL 7016,images/boulevard/boulevard-03-180-anthracite-grey.jpg,4000K,,On/Off,IP65,IK10,,180° emission · Ø170 × 1000mm,9W,820lm,91lm/W,180°,Datasheet=images/boulevard/datasheets/609005.40.HA.02.0.pdf;Installation=https://puk.it/wp-content/uploads/puk-files-2026/instructions/NEW-609001-609003-609005-BOULEVARD-01-02-03-180-INTRUCTIONS.pdf;LDT=https://puk.it/wp-content/uploads/2018/12/609005-HYDROBOULEVARD-03-180-LED.rar;BIM=https://puk.it/wp-content/uploads/puk-files-2026/revit/609005-BOULEVARD-03-180.rfa
Boulevard,,,,,,,,,,,,,,,,,,,,Boulevard 03 9W 180°,609005.40.HA.02.1,Anthracite Grey RAL 7016,images/boulevard/boulevard-03-180-anthracite-grey.jpg,4000K,,1-10V,IP65,IK10,,180° emission · Ø170 × 1000mm,9W,820lm,91lm/W,180°,Datasheet=images/boulevard/datasheets/609005.40.HA.02.1.pdf;Installation=https://puk.it/wp-content/uploads/puk-files-2026/instructions/NEW-609001-609003-609005-BOULEVARD-01-02-03-180-INTRUCTIONS.pdf;LDT=https://puk.it/wp-content/uploads/2018/12/609005-HYDROBOULEVARD-03-180-LED.rar;BIM=https://puk.it/wp-content/uploads/puk-files-2026/revit/609005-BOULEVARD-03-180.rfa
Boulevard,,,,,,,,,,,,,,,,,,,,Boulevard 03 9W 180°,609005.40.HA.02.D,Anthracite Grey RAL 7016,images/boulevard/boulevard-03-180-anthracite-grey.jpg,4000K,,DALI,IP65,IK10,,180° emission · Ø170 × 1000mm,9W,820lm,91lm/W,180°,Datasheet=images/boulevard/datasheets/609005.40.HA.02.D.pdf;Installation=https://puk.it/wp-content/uploads/puk-files-2026/instructions/NEW-609001-609003-609005-BOULEVARD-01-02-03-180-INTRUCTIONS.pdf;LDT=https://puk.it/wp-content/uploads/2018/12/609005-HYDROBOULEVARD-03-180-LED.rar;BIM=https://puk.it/wp-content/uploads/puk-files-2026/revit/609005-BOULEVARD-03-180.rfa
Boulevard,,,,,,,,,,,,,,,,,,,,Boulevard 03 18W 360°,609006.27.AL.02.0,Anthracite Grey RAL 7016,images/boulevard/boulevard-03-360-anthracite-grey.jpg,2700K,,On/Off,IP65,IK10,,360° emission · Ø170 × 1000mm,18W,1520lm,84lm/W,360°,Datasheet=images/boulevard/datasheets/609006.27.AL.02.0.pdf;Installation=https://puk.it/wp-content/uploads/puk-files-2026/instructions/NEW-609002-609004-609006-BUOLEVARD-01-02-03-360-INTRUCTIONS.pdf;LDT=https://puk.it/wp-content/uploads/2018/12/609006-HYDROBOULEVARD-03-360-LED.rar;BIM=https://puk.it/wp-content/uploads/puk-files-2026/revit/609006-BOULEVARD-03-360.rfa
Boulevard,,,,,,,,,,,,,,,,,,,,Boulevard 03 18W 360°,609006.27.AL.02.1,Anthracite Grey RAL 7016,images/boulevard/boulevard-03-360-anthracite-grey.jpg,2700K,,1-10V,IP65,IK10,,360° emission · Ø170 × 1000mm,18W,1520lm,84lm/W,360°,Datasheet=images/boulevard/datasheets/609006.27.AL.02.1.pdf;Installation=https://puk.it/wp-content/uploads/puk-files-2026/instructions/NEW-609002-609004-609006-BUOLEVARD-01-02-03-360-INTRUCTIONS.pdf;LDT=https://puk.it/wp-content/uploads/2018/12/609006-HYDROBOULEVARD-03-360-LED.rar;BIM=https://puk.it/wp-content/uploads/puk-files-2026/revit/609006-BOULEVARD-03-360.rfa
Boulevard,,,,,,,,,,,,,,,,,,,,Boulevard 03 18W 360°,609006.27.AL.02.D,Anthracite Grey RAL 7016,images/boulevard/boulevard-03-360-anthracite-grey.jpg,2700K,,DALI,IP65,IK10,,360° emission · Ø170 × 1000mm,18W,1520lm,84lm/W,360°,Datasheet=images/boulevard/datasheets/609006.27.AL.02.D.pdf;Installation=https://puk.it/wp-content/uploads/puk-files-2026/instructions/NEW-609002-609004-609006-BUOLEVARD-01-02-03-360-INTRUCTIONS.pdf;LDT=https://puk.it/wp-content/uploads/2018/12/609006-HYDROBOULEVARD-03-360-LED.rar;BIM=https://puk.it/wp-content/uploads/puk-files-2026/revit/609006-BOULEVARD-03-360.rfa
Boulevard,,,,,,,,,,,,,,,,,,,,Boulevard 03 18W 360°,609006.30.AL.02.0,Anthracite Grey RAL 7016,images/boulevard/boulevard-03-360-anthracite-grey.jpg,3000K,,On/Off,IP65,IK10,,360° emission · Ø170 × 1000mm,18W,1600lm,89lm/W,360°,Datasheet=images/boulevard/datasheets/609006.30.AL.02.0.pdf;Installation=https://puk.it/wp-content/uploads/puk-files-2026/instructions/NEW-609002-609004-609006-BUOLEVARD-01-02-03-360-INTRUCTIONS.pdf;LDT=https://puk.it/wp-content/uploads/2018/12/609006-HYDROBOULEVARD-03-360-LED.rar;BIM=https://puk.it/wp-content/uploads/puk-files-2026/revit/609006-BOULEVARD-03-360.rfa
Boulevard,,,,,,,,,,,,,,,,,,,,Boulevard 03 18W 360°,609006.30.AL.02.1,Anthracite Grey RAL 7016,images/boulevard/boulevard-03-360-anthracite-grey.jpg,3000K,,1-10V,IP65,IK10,,360° emission · Ø170 × 1000mm,18W,1600lm,89lm/W,360°,Datasheet=images/boulevard/datasheets/609006.30.AL.02.1.pdf;Installation=https://puk.it/wp-content/uploads/puk-files-2026/instructions/NEW-609002-609004-609006-BUOLEVARD-01-02-03-360-INTRUCTIONS.pdf;LDT=https://puk.it/wp-content/uploads/2018/12/609006-HYDROBOULEVARD-03-360-LED.rar;BIM=https://puk.it/wp-content/uploads/puk-files-2026/revit/609006-BOULEVARD-03-360.rfa
Boulevard,,,,,,,,,,,,,,,,,,,,Boulevard 03 18W 360°,609006.30.AL.02.D,Anthracite Grey RAL 7016,images/boulevard/boulevard-03-360-anthracite-grey.jpg,3000K,,DALI,IP65,IK10,,360° emission · Ø170 × 1000mm,18W,1600lm,89lm/W,360°,Datasheet=images/boulevard/datasheets/609006.30.AL.02.D.pdf;Installation=https://puk.it/wp-content/uploads/puk-files-2026/instructions/NEW-609002-609004-609006-BUOLEVARD-01-02-03-360-INTRUCTIONS.pdf;LDT=https://puk.it/wp-content/uploads/2018/12/609006-HYDROBOULEVARD-03-360-LED.rar;BIM=https://puk.it/wp-content/uploads/puk-files-2026/revit/609006-BOULEVARD-03-360.rfa
Boulevard,,,,,,,,,,,,,,,,,,,,Boulevard 03 18W 360°,609006.40.AL.02.0,Anthracite Grey RAL 7016,images/boulevard/boulevard-03-360-anthracite-grey.jpg,4000K,,On/Off,IP65,IK10,,360° emission · Ø170 × 1000mm,18W,1640lm,91lm/W,360°,Datasheet=images/boulevard/datasheets/609006.40.AL.02.0.pdf;Installation=https://puk.it/wp-content/uploads/puk-files-2026/instructions/NEW-609002-609004-609006-BUOLEVARD-01-02-03-360-INTRUCTIONS.pdf;LDT=https://puk.it/wp-content/uploads/2018/12/609006-HYDROBOULEVARD-03-360-LED.rar;BIM=https://puk.it/wp-content/uploads/puk-files-2026/revit/609006-BOULEVARD-03-360.rfa
Boulevard,,,,,,,,,,,,,,,,,,,,Boulevard 03 18W 360°,609006.40.AL.02.1,Anthracite Grey RAL 7016,images/boulevard/boulevard-03-360-anthracite-grey.jpg,4000K,,1-10V,IP65,IK10,,360° emission · Ø170 × 1000mm,18W,1640lm,91lm/W,360°,Datasheet=images/boulevard/datasheets/609006.40.AL.02.1.pdf;Installation=https://puk.it/wp-content/uploads/puk-files-2026/instructions/NEW-609002-609004-609006-BUOLEVARD-01-02-03-360-INTRUCTIONS.pdf;LDT=https://puk.it/wp-content/uploads/2018/12/609006-HYDROBOULEVARD-03-360-LED.rar;BIM=https://puk.it/wp-content/uploads/puk-files-2026/revit/609006-BOULEVARD-03-360.rfa
Boulevard,,,,,,,,,,,,,,,,,,,,Boulevard 03 18W 360°,609006.40.AL.02.D,Anthracite Grey RAL 7016,images/boulevard/boulevard-03-360-anthracite-grey.jpg,4000K,,DALI,IP65,IK10,,360° emission · Ø170 × 1000mm,18W,1640lm,91lm/W,360°,Datasheet=images/boulevard/datasheets/609006.40.AL.02.D.pdf;Installation=https://puk.it/wp-content/uploads/puk-files-2026/instructions/NEW-609002-609004-609006-BUOLEVARD-01-02-03-360-INTRUCTIONS.pdf;LDT=https://puk.it/wp-content/uploads/2018/12/609006-HYDROBOULEVARD-03-360-LED.rar;BIM=https://puk.it/wp-content/uploads/puk-files-2026/revit/609006-BOULEVARD-03-360.rfa
Boulevard,,,,,,,,,,,,,,,,,,,,Boulevard 03 9W 180°,609005.27.HA.03.0,Black RAL 9005,images/boulevard/boulevard-03-180-black.jpg,2700K,,On/Off,IP65,IK10,,180° emission · Ø170 × 1000mm,9W,760lm,84lm/W,180°,Datasheet=images/boulevard/datasheets/609005.27.HA.03.0.pdf;Installation=https://puk.it/wp-content/uploads/puk-files-2026/instructions/NEW-609001-609003-609005-BOULEVARD-01-02-03-180-INTRUCTIONS.pdf;LDT=https://puk.it/wp-content/uploads/2018/12/609005-HYDROBOULEVARD-03-180-LED.rar;BIM=https://puk.it/wp-content/uploads/puk-files-2026/revit/609005-BOULEVARD-03-180.rfa
Boulevard,,,,,,,,,,,,,,,,,,,,Boulevard 03 9W 180°,609005.27.HA.03.1,Black RAL 9005,images/boulevard/boulevard-03-180-black.jpg,2700K,,1-10V,IP65,IK10,,180° emission · Ø170 × 1000mm,9W,760lm,84lm/W,180°,Datasheet=images/boulevard/datasheets/609005.27.HA.03.1.pdf;Installation=https://puk.it/wp-content/uploads/puk-files-2026/instructions/NEW-609001-609003-609005-BOULEVARD-01-02-03-180-INTRUCTIONS.pdf;LDT=https://puk.it/wp-content/uploads/2018/12/609005-HYDROBOULEVARD-03-180-LED.rar;BIM=https://puk.it/wp-content/uploads/puk-files-2026/revit/609005-BOULEVARD-03-180.rfa
Boulevard,,,,,,,,,,,,,,,,,,,,Boulevard 03 9W 180°,609005.27.HA.03.D,Black RAL 9005,images/boulevard/boulevard-03-180-black.jpg,2700K,,DALI,IP65,IK10,,180° emission · Ø170 × 1000mm,9W,760lm,84lm/W,180°,Datasheet=images/boulevard/datasheets/609005.27.HA.03.D.pdf;Installation=https://puk.it/wp-content/uploads/puk-files-2026/instructions/NEW-609001-609003-609005-BOULEVARD-01-02-03-180-INTRUCTIONS.pdf;LDT=https://puk.it/wp-content/uploads/2018/12/609005-HYDROBOULEVARD-03-180-LED.rar;BIM=https://puk.it/wp-content/uploads/puk-files-2026/revit/609005-BOULEVARD-03-180.rfa
Boulevard,,,,,,,,,,,,,,,,,,,,Boulevard 03 9W 180°,609005.30.HA.03.0,Black RAL 9005,images/boulevard/boulevard-03-180-black.jpg,3000K,,On/Off,IP65,IK10,,180° emission · Ø170 × 1000mm,9W,800lm,89lm/W,180°,Datasheet=images/boulevard/datasheets/609005.30.HA.03.0.pdf;Installation=https://puk.it/wp-content/uploads/puk-files-2026/instructions/NEW-609001-609003-609005-BOULEVARD-01-02-03-180-INTRUCTIONS.pdf;LDT=https://puk.it/wp-content/uploads/2018/12/609005-HYDROBOULEVARD-03-180-LED.rar;BIM=https://puk.it/wp-content/uploads/puk-files-2026/revit/609005-BOULEVARD-03-180.rfa
Boulevard,,,,,,,,,,,,,,,,,,,,Boulevard 03 9W 180°,609005.30.HA.03.1,Black RAL 9005,images/boulevard/boulevard-03-180-black.jpg,3000K,,1-10V,IP65,IK10,,180° emission · Ø170 × 1000mm,9W,800lm,89lm/W,180°,Datasheet=images/boulevard/datasheets/609005.30.HA.03.1.pdf;Installation=https://puk.it/wp-content/uploads/puk-files-2026/instructions/NEW-609001-609003-609005-BOULEVARD-01-02-03-180-INTRUCTIONS.pdf;LDT=https://puk.it/wp-content/uploads/2018/12/609005-HYDROBOULEVARD-03-180-LED.rar;BIM=https://puk.it/wp-content/uploads/puk-files-2026/revit/609005-BOULEVARD-03-180.rfa
Boulevard,,,,,,,,,,,,,,,,,,,,Boulevard 03 9W 180°,609005.30.HA.03.D,Black RAL 9005,images/boulevard/boulevard-03-180-black.jpg,3000K,,DALI,IP65,IK10,,180° emission · Ø170 × 1000mm,9W,800lm,89lm/W,180°,Datasheet=images/boulevard/datasheets/609005.30.HA.03.D.pdf;Installation=https://puk.it/wp-content/uploads/puk-files-2026/instructions/NEW-609001-609003-609005-BOULEVARD-01-02-03-180-INTRUCTIONS.pdf;LDT=https://puk.it/wp-content/uploads/2018/12/609005-HYDROBOULEVARD-03-180-LED.rar;BIM=https://puk.it/wp-content/uploads/puk-files-2026/revit/609005-BOULEVARD-03-180.rfa
Boulevard,,,,,,,,,,,,,,,,,,,,Boulevard 03 9W 180°,609005.40.HA.03.0,Black RAL 9005,images/boulevard/boulevard-03-180-black.jpg,4000K,,On/Off,IP65,IK10,,180° emission · Ø170 × 1000mm,9W,820lm,91lm/W,180°,Datasheet=images/boulevard/datasheets/609005.40.HA.03.0.pdf;Installation=https://puk.it/wp-content/uploads/puk-files-2026/instructions/NEW-609001-609003-609005-BOULEVARD-01-02-03-180-INTRUCTIONS.pdf;LDT=https://puk.it/wp-content/uploads/2018/12/609005-HYDROBOULEVARD-03-180-LED.rar;BIM=https://puk.it/wp-content/uploads/puk-files-2026/revit/609005-BOULEVARD-03-180.rfa
Boulevard,,,,,,,,,,,,,,,,,,,,Boulevard 03 9W 180°,609005.40.HA.03.1,Black RAL 9005,images/boulevard/boulevard-03-180-black.jpg,4000K,,1-10V,IP65,IK10,,180° emission · Ø170 × 1000mm,9W,820lm,91lm/W,180°,Datasheet=images/boulevard/datasheets/609005.40.HA.03.1.pdf;Installation=https://puk.it/wp-content/uploads/puk-files-2026/instructions/NEW-609001-609003-609005-BOULEVARD-01-02-03-180-INTRUCTIONS.pdf;LDT=https://puk.it/wp-content/uploads/2018/12/609005-HYDROBOULEVARD-03-180-LED.rar;BIM=https://puk.it/wp-content/uploads/puk-files-2026/revit/609005-BOULEVARD-03-180.rfa
Boulevard,,,,,,,,,,,,,,,,,,,,Boulevard 03 9W 180°,609005.40.HA.03.D,Black RAL 9005,images/boulevard/boulevard-03-180-black.jpg,4000K,,DALI,IP65,IK10,,180° emission · Ø170 × 1000mm,9W,820lm,91lm/W,180°,Datasheet=images/boulevard/datasheets/609005.40.HA.03.D.pdf;Installation=https://puk.it/wp-content/uploads/puk-files-2026/instructions/NEW-609001-609003-609005-BOULEVARD-01-02-03-180-INTRUCTIONS.pdf;LDT=https://puk.it/wp-content/uploads/2018/12/609005-HYDROBOULEVARD-03-180-LED.rar;BIM=https://puk.it/wp-content/uploads/puk-files-2026/revit/609005-BOULEVARD-03-180.rfa
Boulevard,,,,,,,,,,,,,,,,,,,,Boulevard 03 18W 360°,609006.27.AL.03.0,Black RAL 9005,images/boulevard/boulevard-03-360-black.jpg,2700K,,On/Off,IP65,IK10,,360° emission · Ø170 × 1000mm,18W,1520lm,84lm/W,360°,Datasheet=images/boulevard/datasheets/609006.27.AL.03.0.pdf;Installation=https://puk.it/wp-content/uploads/puk-files-2026/instructions/NEW-609002-609004-609006-BUOLEVARD-01-02-03-360-INTRUCTIONS.pdf;LDT=https://puk.it/wp-content/uploads/2018/12/609006-HYDROBOULEVARD-03-360-LED.rar;BIM=https://puk.it/wp-content/uploads/puk-files-2026/revit/609006-BOULEVARD-03-360.rfa
Boulevard,,,,,,,,,,,,,,,,,,,,Boulevard 03 18W 360°,609006.27.AL.03.1,Black RAL 9005,images/boulevard/boulevard-03-360-black.jpg,2700K,,1-10V,IP65,IK10,,360° emission · Ø170 × 1000mm,18W,1520lm,84lm/W,360°,Datasheet=images/boulevard/datasheets/609006.27.AL.03.1.pdf;Installation=https://puk.it/wp-content/uploads/puk-files-2026/instructions/NEW-609002-609004-609006-BUOLEVARD-01-02-03-360-INTRUCTIONS.pdf;LDT=https://puk.it/wp-content/uploads/2018/12/609006-HYDROBOULEVARD-03-360-LED.rar;BIM=https://puk.it/wp-content/uploads/puk-files-2026/revit/609006-BOULEVARD-03-360.rfa
Boulevard,,,,,,,,,,,,,,,,,,,,Boulevard 03 18W 360°,609006.27.AL.03.D,Black RAL 9005,images/boulevard/boulevard-03-360-black.jpg,2700K,,DALI,IP65,IK10,,360° emission · Ø170 × 1000mm,18W,1520lm,84lm/W,360°,Datasheet=images/boulevard/datasheets/609006.27.AL.03.D.pdf;Installation=https://puk.it/wp-content/uploads/puk-files-2026/instructions/NEW-609002-609004-609006-BUOLEVARD-01-02-03-360-INTRUCTIONS.pdf;LDT=https://puk.it/wp-content/uploads/2018/12/609006-HYDROBOULEVARD-03-360-LED.rar;BIM=https://puk.it/wp-content/uploads/puk-files-2026/revit/609006-BOULEVARD-03-360.rfa
Boulevard,,,,,,,,,,,,,,,,,,,,Boulevard 03 18W 360°,609006.30.AL.03.0,Black RAL 9005,images/boulevard/boulevard-03-360-black.jpg,3000K,,On/Off,IP65,IK10,,360° emission · Ø170 × 1000mm,18W,1600lm,89lm/W,360°,Datasheet=images/boulevard/datasheets/609006.30.AL.03.0.pdf;Installation=https://puk.it/wp-content/uploads/puk-files-2026/instructions/NEW-609002-609004-609006-BUOLEVARD-01-02-03-360-INTRUCTIONS.pdf;LDT=https://puk.it/wp-content/uploads/2018/12/609006-HYDROBOULEVARD-03-360-LED.rar;BIM=https://puk.it/wp-content/uploads/puk-files-2026/revit/609006-BOULEVARD-03-360.rfa
Boulevard,,,,,,,,,,,,,,,,,,,,Boulevard 03 18W 360°,609006.30.AL.03.1,Black RAL 9005,images/boulevard/boulevard-03-360-black.jpg,3000K,,1-10V,IP65,IK10,,360° emission · Ø170 × 1000mm,18W,1600lm,89lm/W,360°,Datasheet=images/boulevard/datasheets/609006.30.AL.03.1.pdf;Installation=https://puk.it/wp-content/uploads/puk-files-2026/instructions/NEW-609002-609004-609006-BUOLEVARD-01-02-03-360-INTRUCTIONS.pdf;LDT=https://puk.it/wp-content/uploads/2018/12/609006-HYDROBOULEVARD-03-360-LED.rar;BIM=https://puk.it/wp-content/uploads/puk-files-2026/revit/609006-BOULEVARD-03-360.rfa
Boulevard,,,,,,,,,,,,,,,,,,,,Boulevard 03 18W 360°,609006.30.AL.03.D,Black RAL 9005,images/boulevard/boulevard-03-360-black.jpg,3000K,,DALI,IP65,IK10,,360° emission · Ø170 × 1000mm,18W,1600lm,89lm/W,360°,Datasheet=images/boulevard/datasheets/609006.30.AL.03.D.pdf;Installation=https://puk.it/wp-content/uploads/puk-files-2026/instructions/NEW-609002-609004-609006-BUOLEVARD-01-02-03-360-INTRUCTIONS.pdf;LDT=https://puk.it/wp-content/uploads/2018/12/609006-HYDROBOULEVARD-03-360-LED.rar;BIM=https://puk.it/wp-content/uploads/puk-files-2026/revit/609006-BOULEVARD-03-360.rfa
Boulevard,,,,,,,,,,,,,,,,,,,,Boulevard 03 18W 360°,609006.40.AL.03.0,Black RAL 9005,images/boulevard/boulevard-03-360-black.jpg,4000K,,On/Off,IP65,IK10,,360° emission · Ø170 × 1000mm,18W,1640lm,91lm/W,360°,Datasheet=images/boulevard/datasheets/609006.40.AL.03.0.pdf;Installation=https://puk.it/wp-content/uploads/puk-files-2026/instructions/NEW-609002-609004-609006-BUOLEVARD-01-02-03-360-INTRUCTIONS.pdf;LDT=https://puk.it/wp-content/uploads/2018/12/609006-HYDROBOULEVARD-03-360-LED.rar;BIM=https://puk.it/wp-content/uploads/puk-files-2026/revit/609006-BOULEVARD-03-360.rfa
Boulevard,,,,,,,,,,,,,,,,,,,,Boulevard 03 18W 360°,609006.40.AL.03.1,Black RAL 9005,images/boulevard/boulevard-03-360-black.jpg,4000K,,1-10V,IP65,IK10,,360° emission · Ø170 × 1000mm,18W,1640lm,91lm/W,360°,Datasheet=images/boulevard/datasheets/609006.40.AL.03.1.pdf;Installation=https://puk.it/wp-content/uploads/puk-files-2026/instructions/NEW-609002-609004-609006-BUOLEVARD-01-02-03-360-INTRUCTIONS.pdf;LDT=https://puk.it/wp-content/uploads/2018/12/609006-HYDROBOULEVARD-03-360-LED.rar;BIM=https://puk.it/wp-content/uploads/puk-files-2026/revit/609006-BOULEVARD-03-360.rfa
Boulevard,,,,,,,,,,,,,,,,,,,,Boulevard 03 18W 360°,609006.40.AL.03.D,Black RAL 9005,images/boulevard/boulevard-03-360-black.jpg,4000K,,DALI,IP65,IK10,,360° emission · Ø170 × 1000mm,18W,1640lm,91lm/W,360°,Datasheet=images/boulevard/datasheets/609006.40.AL.03.D.pdf;Installation=https://puk.it/wp-content/uploads/puk-files-2026/instructions/NEW-609002-609004-609006-BUOLEVARD-01-02-03-360-INTRUCTIONS.pdf;LDT=https://puk.it/wp-content/uploads/2018/12/609006-HYDROBOULEVARD-03-360-LED.rar;BIM=https://puk.it/wp-content/uploads/puk-files-2026/revit/609006-BOULEVARD-03-360.rfa
Sector,PUK,Exterior,Bollard,A round bollard with one to four light windows.,"Sector is a 150mm round bollard in 380, 650 and 1000mm heights. Its head has one to four light windows behind opal tempered glass, giving 90°, 180°, 270° or 360° of light, so you can light just the path side or the whole area around it. The driver is built in, a 1m cable is fitted, and a base plate is available.","Surface-mounted round bollard, Ø150mm. Heights 380 | 650 | 1000mm. 1 | 2 | 3 | 4 light windows. Extruded copper-free aluminium body, phospho-chromatised and polyester powder coated. Opal tempered glass. Moulded silicone gasket and stainless steel screws. Built-in LED driver 220–240V 50/60Hz. CREE XHP70 LED. 1m power cable included. IP66. IK10. Class II. Base plate AC053 ordered separately.",3000K | 4000K,,On/Off | 1-10V | DALI,IP66,IK10,White Aluminium RAL 9006 | Anthracite Grey RAL 7016 | Matt Black,bollard,,images/sector/sector-thumb.jpg;images/sector/sector-dimensions-380.png;images/sector/sector-dimensions-650.png;images/sector/sector-dimensions-1000.png,,,images/sector/sector-dimensions-380.png,380 Ø150 × 380mm · 650 Ø150 × 650mm · 1000 Ø150 × 1000mm,Sector 380 6W 90°,601701.30.90.01.0,White Aluminium RAL 9006,images/sector/sector-380-01-white-aluminium.jpg,3000K,,On/Off,IP66,IK10,,1 light window · Ø150 × 380mm,6W,533lm,89lm/W,90°,Datasheet=images/sector/datasheets/601701.30.90.01.0.pdf;Installation=https://puk.it/wp-content/uploads/puk-files-2026/instructions/601701-601702-601703-601704-601705-601706-601707-601708-601709-601710-601711-601712-SECTOR-380-650-1000-INSTRUCTIONS.pdf;LDT=https://puk.it/wp-content/uploads/puk-files-2026/ldt/601701-04-SECTOR-380-LED.rar;BIM=https://puk.it/wp-content/uploads/puk-files-2026/revit/601701-SECTOR-380-01.rfa
Sector,,,,,,,,,,,,,,,,,,,,Sector 380 6W 90°,601701.30.90.01.1,White Aluminium RAL 9006,images/sector/sector-380-01-white-aluminium.jpg,3000K,,1-10V,IP66,IK10,,1 light window · Ø150 × 380mm,6W,533lm,89lm/W,90°,Datasheet=images/sector/datasheets/601701.30.90.01.1.pdf;Installation=https://puk.it/wp-content/uploads/puk-files-2026/instructions/601701-601702-601703-601704-601705-601706-601707-601708-601709-601710-601711-601712-SECTOR-380-650-1000-INSTRUCTIONS.pdf;LDT=https://puk.it/wp-content/uploads/puk-files-2026/ldt/601701-04-SECTOR-380-LED.rar;BIM=https://puk.it/wp-content/uploads/puk-files-2026/revit/601701-SECTOR-380-01.rfa
Sector,,,,,,,,,,,,,,,,,,,,Sector 380 6W 90°,601701.30.90.01.D,White Aluminium RAL 9006,images/sector/sector-380-01-white-aluminium.jpg,3000K,,DALI,IP66,IK10,,1 light window · Ø150 × 380mm,6W,533lm,89lm/W,90°,Datasheet=images/sector/datasheets/601701.30.90.01.D.pdf;Installation=https://puk.it/wp-content/uploads/puk-files-2026/instructions/601701-601702-601703-601704-601705-601706-601707-601708-601709-601710-601711-601712-SECTOR-380-650-1000-INSTRUCTIONS.pdf;LDT=https://puk.it/wp-content/uploads/puk-files-2026/ldt/601701-04-SECTOR-380-LED.rar;BIM=https://puk.it/wp-content/uploads/puk-files-2026/revit/601701-SECTOR-380-01.rfa
Sector,,,,,,,,,,,,,,,,,,,,Sector 380 6W 90°,601701.40.90.01.0,White Aluminium RAL 9006,images/sector/sector-380-01-white-aluminium.jpg,4000K,,On/Off,IP66,IK10,,1 light window · Ø150 × 380mm,6W,550lm,92lm/W,90°,Datasheet=images/sector/datasheets/601701.40.90.01.0.pdf;Installation=https://puk.it/wp-content/uploads/puk-files-2026/instructions/601701-601702-601703-601704-601705-601706-601707-601708-601709-601710-601711-601712-SECTOR-380-650-1000-INSTRUCTIONS.pdf;LDT=https://puk.it/wp-content/uploads/puk-files-2026/ldt/601701-04-SECTOR-380-LED.rar;BIM=https://puk.it/wp-content/uploads/puk-files-2026/revit/601701-SECTOR-380-01.rfa
Sector,,,,,,,,,,,,,,,,,,,,Sector 380 6W 90°,601701.40.90.01.1,White Aluminium RAL 9006,images/sector/sector-380-01-white-aluminium.jpg,4000K,,1-10V,IP66,IK10,,1 light window · Ø150 × 380mm,6W,550lm,92lm/W,90°,Datasheet=images/sector/datasheets/601701.40.90.01.1.pdf;Installation=https://puk.it/wp-content/uploads/puk-files-2026/instructions/601701-601702-601703-601704-601705-601706-601707-601708-601709-601710-601711-601712-SECTOR-380-650-1000-INSTRUCTIONS.pdf;LDT=https://puk.it/wp-content/uploads/puk-files-2026/ldt/601701-04-SECTOR-380-LED.rar;BIM=https://puk.it/wp-content/uploads/puk-files-2026/revit/601701-SECTOR-380-01.rfa
Sector,,,,,,,,,,,,,,,,,,,,Sector 380 6W 90°,601701.40.90.01.D,White Aluminium RAL 9006,images/sector/sector-380-01-white-aluminium.jpg,4000K,,DALI,IP66,IK10,,1 light window · Ø150 × 380mm,6W,550lm,92lm/W,90°,Datasheet=images/sector/datasheets/601701.40.90.01.D.pdf;Installation=https://puk.it/wp-content/uploads/puk-files-2026/instructions/601701-601702-601703-601704-601705-601706-601707-601708-601709-601710-601711-601712-SECTOR-380-650-1000-INSTRUCTIONS.pdf;LDT=https://puk.it/wp-content/uploads/puk-files-2026/ldt/601701-04-SECTOR-380-LED.rar;BIM=https://puk.it/wp-content/uploads/puk-files-2026/revit/601701-SECTOR-380-01.rfa
Sector,,,,,,,,,,,,,,,,,,,,Sector 380 12W 90°+90°,601702.30.HB.01.0,White Aluminium RAL 9006,images/sector/sector-380-02-white-aluminium.jpg,3000K,,On/Off,IP66,IK10,,2 light windows · Ø150 × 380mm,12W,1067lm,89lm/W,90°+90°,Datasheet=images/sector/datasheets/601702.30.HB.01.0.pdf;Installation=https://puk.it/wp-content/uploads/puk-files-2026/instructions/601701-601702-601703-601704-601705-601706-601707-601708-601709-601710-601711-601712-SECTOR-380-650-1000-INSTRUCTIONS.pdf;LDT=https://puk.it/wp-content/uploads/puk-files-2026/ldt/601701-04-SECTOR-380-LED.rar;BIM=https://puk.it/wp-content/uploads/puk-files-2026/revit/601702-SECTOR-380-02.rfa
Sector,,,,,,,,,,,,,,,,,,,,Sector 380 12W 90°+90°,601702.30.HB.01.1,White Aluminium RAL 9006,images/sector/sector-380-02-white-aluminium.jpg,3000K,,1-10V,IP66,IK10,,2 light windows · Ø150 × 380mm,12W,1067lm,89lm/W,90°+90°,Datasheet=images/sector/datasheets/601702.30.HB.01.1.pdf;Installation=https://puk.it/wp-content/uploads/puk-files-2026/instructions/601701-601702-601703-601704-601705-601706-601707-601708-601709-601710-601711-601712-SECTOR-380-650-1000-INSTRUCTIONS.pdf;LDT=https://puk.it/wp-content/uploads/puk-files-2026/ldt/601701-04-SECTOR-380-LED.rar;BIM=https://puk.it/wp-content/uploads/puk-files-2026/revit/601702-SECTOR-380-02.rfa
Sector,,,,,,,,,,,,,,,,,,,,Sector 380 12W 90°+90°,601702.30.HB.01.D,White Aluminium RAL 9006,images/sector/sector-380-02-white-aluminium.jpg,3000K,,DALI,IP66,IK10,,2 light windows · Ø150 × 380mm,12W,1067lm,89lm/W,90°+90°,Datasheet=images/sector/datasheets/601702.30.HB.01.D.pdf;Installation=https://puk.it/wp-content/uploads/puk-files-2026/instructions/601701-601702-601703-601704-601705-601706-601707-601708-601709-601710-601711-601712-SECTOR-380-650-1000-INSTRUCTIONS.pdf;LDT=https://puk.it/wp-content/uploads/puk-files-2026/ldt/601701-04-SECTOR-380-LED.rar;BIM=https://puk.it/wp-content/uploads/puk-files-2026/revit/601702-SECTOR-380-02.rfa
Sector,,,,,,,,,,,,,,,,,,,,Sector 380 12W 90°+90°,601702.40.HB.01.0,White Aluminium RAL 9006,images/sector/sector-380-02-white-aluminium.jpg,4000K,,On/Off,IP66,IK10,,2 light windows · Ø150 × 380mm,12W,1100lm,92lm/W,90°+90°,Datasheet=images/sector/datasheets/601702.40.HB.01.0.pdf;Installation=https://puk.it/wp-content/uploads/puk-files-2026/instructions/601701-601702-601703-601704-601705-601706-601707-601708-601709-601710-601711-601712-SECTOR-380-650-1000-INSTRUCTIONS.pdf;LDT=https://puk.it/wp-content/uploads/puk-files-2026/ldt/601701-04-SECTOR-380-LED.rar;BIM=https://puk.it/wp-content/uploads/puk-files-2026/revit/601702-SECTOR-380-02.rfa
Sector,,,,,,,,,,,,,,,,,,,,Sector 380 12W 90°+90°,601702.40.HB.01.1,White Aluminium RAL 9006,images/sector/sector-380-02-white-aluminium.jpg,4000K,,1-10V,IP66,IK10,,2 light windows · Ø150 × 380mm,12W,1100lm,92lm/W,90°+90°,Datasheet=images/sector/datasheets/601702.40.HB.01.1.pdf;Installation=https://puk.it/wp-content/uploads/puk-files-2026/instructions/601701-601702-601703-601704-601705-601706-601707-601708-601709-601710-601711-601712-SECTOR-380-650-1000-INSTRUCTIONS.pdf;LDT=https://puk.it/wp-content/uploads/puk-files-2026/ldt/601701-04-SECTOR-380-LED.rar;BIM=https://puk.it/wp-content/uploads/puk-files-2026/revit/601702-SECTOR-380-02.rfa
Sector,,,,,,,,,,,,,,,,,,,,Sector 380 12W 90°+90°,601702.40.HB.01.D,White Aluminium RAL 9006,images/sector/sector-380-02-white-aluminium.jpg,4000K,,DALI,IP66,IK10,,2 light windows · Ø150 × 380mm,12W,1100lm,92lm/W,90°+90°,Datasheet=images/sector/datasheets/601702.40.HB.01.D.pdf;Installation=https://puk.it/wp-content/uploads/puk-files-2026/instructions/601701-601702-601703-601704-601705-601706-601707-601708-601709-601710-601711-601712-SECTOR-380-650-1000-INSTRUCTIONS.pdf;LDT=https://puk.it/wp-content/uploads/puk-files-2026/ldt/601701-04-SECTOR-380-LED.rar;BIM=https://puk.it/wp-content/uploads/puk-files-2026/revit/601702-SECTOR-380-02.rfa
Sector,,,,,,,,,,,,,,,,,,,,Sector 380 12W 180°,601702.30.HA.01.0,White Aluminium RAL 9006,images/sector/sector-380-02-white-aluminium.jpg,3000K,,On/Off,IP66,IK10,,2 light windows · Ø150 × 380mm,12W,1067lm,89lm/W,180°,Datasheet=images/sector/datasheets/601702.30.HA.01.0.pdf;Installation=https://puk.it/wp-content/uploads/puk-files-2026/instructions/601701-601702-601703-601704-601705-601706-601707-601708-601709-601710-601711-601712-SECTOR-380-650-1000-INSTRUCTIONS.pdf;LDT=https://puk.it/wp-content/uploads/puk-files-2026/ldt/601701-04-SECTOR-380-LED.rar;BIM=https://puk.it/wp-content/uploads/puk-files-2026/revit/601702-SECTOR-380-02.rfa
Sector,,,,,,,,,,,,,,,,,,,,Sector 380 12W 180°,601702.30.HA.01.1,White Aluminium RAL 9006,images/sector/sector-380-02-white-aluminium.jpg,3000K,,1-10V,IP66,IK10,,2 light windows · Ø150 × 380mm,12W,1067lm,89lm/W,180°,Datasheet=images/sector/datasheets/601702.30.HA.01.1.pdf;Installation=https://puk.it/wp-content/uploads/puk-files-2026/instructions/601701-601702-601703-601704-601705-601706-601707-601708-601709-601710-601711-601712-SECTOR-380-650-1000-INSTRUCTIONS.pdf;LDT=https://puk.it/wp-content/uploads/puk-files-2026/ldt/601701-04-SECTOR-380-LED.rar;BIM=https://puk.it/wp-content/uploads/puk-files-2026/revit/601702-SECTOR-380-02.rfa
Sector,,,,,,,,,,,,,,,,,,,,Sector 380 12W 180°,601702.30.HA.01.D,White Aluminium RAL 9006,images/sector/sector-380-02-white-aluminium.jpg,3000K,,DALI,IP66,IK10,,2 light windows · Ø150 × 380mm,12W,1067lm,89lm/W,180°,Datasheet=images/sector/datasheets/601702.30.HA.01.D.pdf;Installation=https://puk.it/wp-content/uploads/puk-files-2026/instructions/601701-601702-601703-601704-601705-601706-601707-601708-601709-601710-601711-601712-SECTOR-380-650-1000-INSTRUCTIONS.pdf;LDT=https://puk.it/wp-content/uploads/puk-files-2026/ldt/601701-04-SECTOR-380-LED.rar;BIM=https://puk.it/wp-content/uploads/puk-files-2026/revit/601702-SECTOR-380-02.rfa
Sector,,,,,,,,,,,,,,,,,,,,Sector 380 12W 180°,601702.40.HA.01.0,White Aluminium RAL 9006,images/sector/sector-380-02-white-aluminium.jpg,4000K,,On/Off,IP66,IK10,,2 light windows · Ø150 × 380mm,12W,1100lm,92lm/W,180°,Datasheet=images/sector/datasheets/601702.40.HA.01.0.pdf;Installation=https://puk.it/wp-content/uploads/puk-files-2026/instructions/601701-601702-601703-601704-601705-601706-601707-601708-601709-601710-601711-601712-SECTOR-380-650-1000-INSTRUCTIONS.pdf;LDT=https://puk.it/wp-content/uploads/puk-files-2026/ldt/601701-04-SECTOR-380-LED.rar;BIM=https://puk.it/wp-content/uploads/puk-files-2026/revit/601702-SECTOR-380-02.rfa
Sector,,,,,,,,,,,,,,,,,,,,Sector 380 12W 180°,601702.40.HA.01.1,White Aluminium RAL 9006,images/sector/sector-380-02-white-aluminium.jpg,4000K,,1-10V,IP66,IK10,,2 light windows · Ø150 × 380mm,12W,1100lm,92lm/W,180°,Datasheet=images/sector/datasheets/601702.40.HA.01.1.pdf;Installation=https://puk.it/wp-content/uploads/puk-files-2026/instructions/601701-601702-601703-601704-601705-601706-601707-601708-601709-601710-601711-601712-SECTOR-380-650-1000-INSTRUCTIONS.pdf;LDT=https://puk.it/wp-content/uploads/puk-files-2026/ldt/601701-04-SECTOR-380-LED.rar;BIM=https://puk.it/wp-content/uploads/puk-files-2026/revit/601702-SECTOR-380-02.rfa
Sector,,,,,,,,,,,,,,,,,,,,Sector 380 12W 180°,601702.40.HA.01.D,White Aluminium RAL 9006,images/sector/sector-380-02-white-aluminium.jpg,4000K,,DALI,IP66,IK10,,2 light windows · Ø150 × 380mm,12W,1100lm,92lm/W,180°,Datasheet=images/sector/datasheets/601702.40.HA.01.D.pdf;Installation=https://puk.it/wp-content/uploads/puk-files-2026/instructions/601701-601702-601703-601704-601705-601706-601707-601708-601709-601710-601711-601712-SECTOR-380-650-1000-INSTRUCTIONS.pdf;LDT=https://puk.it/wp-content/uploads/puk-files-2026/ldt/601701-04-SECTOR-380-LED.rar;BIM=https://puk.it/wp-content/uploads/puk-files-2026/revit/601702-SECTOR-380-02.rfa
Sector,,,,,,,,,,,,,,,,,,,,Sector 380 18W 270°,601703.30.HE.01.0,White Aluminium RAL 9006,images/sector/sector-380-03-white-aluminium.jpg,3000K,,On/Off,IP66,IK10,,3 light windows · Ø150 × 380mm,18W,1600lm,89lm/W,270°,Datasheet=images/sector/datasheets/601703.30.HE.01.0.pdf;Installation=https://puk.it/wp-content/uploads/puk-files-2026/instructions/601701-601702-601703-601704-601705-601706-601707-601708-601709-601710-601711-601712-SECTOR-380-650-1000-INSTRUCTIONS.pdf;LDT=https://puk.it/wp-content/uploads/puk-files-2026/ldt/601701-04-SECTOR-380-LED.rar;BIM=https://puk.it/wp-content/uploads/puk-files-2026/revit/601703-SECTOR-380-03.rfa
Sector,,,,,,,,,,,,,,,,,,,,Sector 380 18W 270°,601703.30.HE.01.1,White Aluminium RAL 9006,images/sector/sector-380-03-white-aluminium.jpg,3000K,,1-10V,IP66,IK10,,3 light windows · Ø150 × 380mm,18W,1600lm,89lm/W,270°,Datasheet=images/sector/datasheets/601703.30.HE.01.1.pdf;Installation=https://puk.it/wp-content/uploads/puk-files-2026/instructions/601701-601702-601703-601704-601705-601706-601707-601708-601709-601710-601711-601712-SECTOR-380-650-1000-INSTRUCTIONS.pdf;LDT=https://puk.it/wp-content/uploads/puk-files-2026/ldt/601701-04-SECTOR-380-LED.rar;BIM=https://puk.it/wp-content/uploads/puk-files-2026/revit/601703-SECTOR-380-03.rfa
Sector,,,,,,,,,,,,,,,,,,,,Sector 380 18W 270°,601703.30.HE.01.D,White Aluminium RAL 9006,images/sector/sector-380-03-white-aluminium.jpg,3000K,,DALI,IP66,IK10,,3 light windows · Ø150 × 380mm,18W,1600lm,89lm/W,270°,Datasheet=images/sector/datasheets/601703.30.HE.01.D.pdf;Installation=https://puk.it/wp-content/uploads/puk-files-2026/instructions/601701-601702-601703-601704-601705-601706-601707-601708-601709-601710-601711-601712-SECTOR-380-650-1000-INSTRUCTIONS.pdf;LDT=https://puk.it/wp-content/uploads/puk-files-2026/ldt/601701-04-SECTOR-380-LED.rar;BIM=https://puk.it/wp-content/uploads/puk-files-2026/revit/601703-SECTOR-380-03.rfa
Sector,,,,,,,,,,,,,,,,,,,,Sector 380 18W 270°,601703.40.HE.01.0,White Aluminium RAL 9006,images/sector/sector-380-03-white-aluminium.jpg,4000K,,On/Off,IP66,IK10,,3 light windows · Ø150 × 380mm,18W,1650lm,92lm/W,270°,Datasheet=images/sector/datasheets/601703.40.HE.01.0.pdf;Installation=https://puk.it/wp-content/uploads/puk-files-2026/instructions/601701-601702-601703-601704-601705-601706-601707-601708-601709-601710-601711-601712-SECTOR-380-650-1000-INSTRUCTIONS.pdf;LDT=https://puk.it/wp-content/uploads/puk-files-2026/ldt/601701-04-SECTOR-380-LED.rar;BIM=https://puk.it/wp-content/uploads/puk-files-2026/revit/601703-SECTOR-380-03.rfa
Sector,,,,,,,,,,,,,,,,,,,,Sector 380 18W 270°,601703.40.HE.01.1,White Aluminium RAL 9006,images/sector/sector-380-03-white-aluminium.jpg,4000K,,1-10V,IP66,IK10,,3 light windows · Ø150 × 380mm,18W,1650lm,92lm/W,270°,Datasheet=images/sector/datasheets/601703.40.HE.01.1.pdf;Installation=https://puk.it/wp-content/uploads/puk-files-2026/instructions/601701-601702-601703-601704-601705-601706-601707-601708-601709-601710-601711-601712-SECTOR-380-650-1000-INSTRUCTIONS.pdf;LDT=https://puk.it/wp-content/uploads/puk-files-2026/ldt/601701-04-SECTOR-380-LED.rar;BIM=https://puk.it/wp-content/uploads/puk-files-2026/revit/601703-SECTOR-380-03.rfa
Sector,,,,,,,,,,,,,,,,,,,,Sector 380 18W 270°,601703.40.HE.01.D,White Aluminium RAL 9006,images/sector/sector-380-03-white-aluminium.jpg,4000K,,DALI,IP66,IK10,,3 light windows · Ø150 × 380mm,18W,1650lm,92lm/W,270°,Datasheet=images/sector/datasheets/601703.40.HE.01.D.pdf;Installation=https://puk.it/wp-content/uploads/puk-files-2026/instructions/601701-601702-601703-601704-601705-601706-601707-601708-601709-601710-601711-601712-SECTOR-380-650-1000-INSTRUCTIONS.pdf;LDT=https://puk.it/wp-content/uploads/puk-files-2026/ldt/601701-04-SECTOR-380-LED.rar;BIM=https://puk.it/wp-content/uploads/puk-files-2026/revit/601703-SECTOR-380-03.rfa
Sector,,,,,,,,,,,,,,,,,,,,Sector 380 24W 360°,601704.30.AL.01.0,White Aluminium RAL 9006,images/sector/sector-380-04-white-aluminium.jpg,3000K,,On/Off,IP66,IK10,,4 light windows · Ø150 × 380mm,24W,2134lm,89lm/W,360°,Datasheet=images/sector/datasheets/601704.30.AL.01.0.pdf;Installation=https://puk.it/wp-content/uploads/puk-files-2026/instructions/601701-601702-601703-601704-601705-601706-601707-601708-601709-601710-601711-601712-SECTOR-380-650-1000-INSTRUCTIONS.pdf;LDT=https://puk.it/wp-content/uploads/puk-files-2026/ldt/601701-04-SECTOR-380-LED.rar;BIM=https://puk.it/wp-content/uploads/puk-files-2026/revit/601704-SECTOR-380-04.rfa
Sector,,,,,,,,,,,,,,,,,,,,Sector 380 24W 360°,601704.30.AL.01.1,White Aluminium RAL 9006,images/sector/sector-380-04-white-aluminium.jpg,3000K,,1-10V,IP66,IK10,,4 light windows · Ø150 × 380mm,24W,2134lm,89lm/W,360°,Datasheet=images/sector/datasheets/601704.30.AL.01.1.pdf;Installation=https://puk.it/wp-content/uploads/puk-files-2026/instructions/601701-601702-601703-601704-601705-601706-601707-601708-601709-601710-601711-601712-SECTOR-380-650-1000-INSTRUCTIONS.pdf;LDT=https://puk.it/wp-content/uploads/puk-files-2026/ldt/601701-04-SECTOR-380-LED.rar;BIM=https://puk.it/wp-content/uploads/puk-files-2026/revit/601704-SECTOR-380-04.rfa
Sector,,,,,,,,,,,,,,,,,,,,Sector 380 24W 360°,601704.30.AL.01.D,White Aluminium RAL 9006,images/sector/sector-380-04-white-aluminium.jpg,3000K,,DALI,IP66,IK10,,4 light windows · Ø150 × 380mm,24W,2134lm,89lm/W,360°,Datasheet=images/sector/datasheets/601704.30.AL.01.D.pdf;Installation=https://puk.it/wp-content/uploads/puk-files-2026/instructions/601701-601702-601703-601704-601705-601706-601707-601708-601709-601710-601711-601712-SECTOR-380-650-1000-INSTRUCTIONS.pdf;LDT=https://puk.it/wp-content/uploads/puk-files-2026/ldt/601701-04-SECTOR-380-LED.rar;BIM=https://puk.it/wp-content/uploads/puk-files-2026/revit/601704-SECTOR-380-04.rfa
Sector,,,,,,,,,,,,,,,,,,,,Sector 380 24W 360°,601704.40.AL.01.0,White Aluminium RAL 9006,images/sector/sector-380-04-white-aluminium.jpg,4000K,,On/Off,IP66,IK10,,4 light windows · Ø150 × 380mm,24W,2200lm,92lm/W,360°,Datasheet=images/sector/datasheets/601704.40.AL.01.0.pdf;Installation=https://puk.it/wp-content/uploads/puk-files-2026/instructions/601701-601702-601703-601704-601705-601706-601707-601708-601709-601710-601711-601712-SECTOR-380-650-1000-INSTRUCTIONS.pdf;LDT=https://puk.it/wp-content/uploads/puk-files-2026/ldt/601701-04-SECTOR-380-LED.rar;BIM=https://puk.it/wp-content/uploads/puk-files-2026/revit/601704-SECTOR-380-04.rfa
Sector,,,,,,,,,,,,,,,,,,,,Sector 380 24W 360°,601704.40.AL.01.1,White Aluminium RAL 9006,images/sector/sector-380-04-white-aluminium.jpg,4000K,,1-10V,IP66,IK10,,4 light windows · Ø150 × 380mm,24W,2200lm,92lm/W,360°,Datasheet=images/sector/datasheets/601704.40.AL.01.1.pdf;Installation=https://puk.it/wp-content/uploads/puk-files-2026/instructions/601701-601702-601703-601704-601705-601706-601707-601708-601709-601710-601711-601712-SECTOR-380-650-1000-INSTRUCTIONS.pdf;LDT=https://puk.it/wp-content/uploads/puk-files-2026/ldt/601701-04-SECTOR-380-LED.rar;BIM=https://puk.it/wp-content/uploads/puk-files-2026/revit/601704-SECTOR-380-04.rfa
Sector,,,,,,,,,,,,,,,,,,,,Sector 380 24W 360°,601704.40.AL.01.D,White Aluminium RAL 9006,images/sector/sector-380-04-white-aluminium.jpg,4000K,,DALI,IP66,IK10,,4 light windows · Ø150 × 380mm,24W,2200lm,92lm/W,360°,Datasheet=images/sector/datasheets/601704.40.AL.01.D.pdf;Installation=https://puk.it/wp-content/uploads/puk-files-2026/instructions/601701-601702-601703-601704-601705-601706-601707-601708-601709-601710-601711-601712-SECTOR-380-650-1000-INSTRUCTIONS.pdf;LDT=https://puk.it/wp-content/uploads/puk-files-2026/ldt/601701-04-SECTOR-380-LED.rar;BIM=https://puk.it/wp-content/uploads/puk-files-2026/revit/601704-SECTOR-380-04.rfa
Sector,,,,,,,,,,,,,,,,,,,,Sector 380 6W 90°,601701.30.90.02.0,Anthracite Grey RAL 7016,images/sector/sector-380-01-anthracite-grey.jpg,3000K,,On/Off,IP66,IK10,,1 light window · Ø150 × 380mm,6W,533lm,89lm/W,90°,Datasheet=images/sector/datasheets/601701.30.90.02.0.pdf;Installation=https://puk.it/wp-content/uploads/puk-files-2026/instructions/601701-601702-601703-601704-601705-601706-601707-601708-601709-601710-601711-601712-SECTOR-380-650-1000-INSTRUCTIONS.pdf;LDT=https://puk.it/wp-content/uploads/puk-files-2026/ldt/601701-04-SECTOR-380-LED.rar;BIM=https://puk.it/wp-content/uploads/puk-files-2026/revit/601701-SECTOR-380-01.rfa
Sector,,,,,,,,,,,,,,,,,,,,Sector 380 6W 90°,601701.30.90.02.1,Anthracite Grey RAL 7016,images/sector/sector-380-01-anthracite-grey.jpg,3000K,,1-10V,IP66,IK10,,1 light window · Ø150 × 380mm,6W,533lm,89lm/W,90°,Datasheet=images/sector/datasheets/601701.30.90.02.1.pdf;Installation=https://puk.it/wp-content/uploads/puk-files-2026/instructions/601701-601702-601703-601704-601705-601706-601707-601708-601709-601710-601711-601712-SECTOR-380-650-1000-INSTRUCTIONS.pdf;LDT=https://puk.it/wp-content/uploads/puk-files-2026/ldt/601701-04-SECTOR-380-LED.rar;BIM=https://puk.it/wp-content/uploads/puk-files-2026/revit/601701-SECTOR-380-01.rfa
Sector,,,,,,,,,,,,,,,,,,,,Sector 380 6W 90°,601701.30.90.02.D,Anthracite Grey RAL 7016,images/sector/sector-380-01-anthracite-grey.jpg,3000K,,DALI,IP66,IK10,,1 light window · Ø150 × 380mm,6W,533lm,89lm/W,90°,Datasheet=images/sector/datasheets/601701.30.90.02.D.pdf;Installation=https://puk.it/wp-content/uploads/puk-files-2026/instructions/601701-601702-601703-601704-601705-601706-601707-601708-601709-601710-601711-601712-SECTOR-380-650-1000-INSTRUCTIONS.pdf;LDT=https://puk.it/wp-content/uploads/puk-files-2026/ldt/601701-04-SECTOR-380-LED.rar;BIM=https://puk.it/wp-content/uploads/puk-files-2026/revit/601701-SECTOR-380-01.rfa
Sector,,,,,,,,,,,,,,,,,,,,Sector 380 6W 90°,601701.40.90.02.0,Anthracite Grey RAL 7016,images/sector/sector-380-01-anthracite-grey.jpg,4000K,,On/Off,IP66,IK10,,1 light window · Ø150 × 380mm,6W,550lm,92lm/W,90°,Datasheet=images/sector/datasheets/601701.40.90.02.0.pdf;Installation=https://puk.it/wp-content/uploads/puk-files-2026/instructions/601701-601702-601703-601704-601705-601706-601707-601708-601709-601710-601711-601712-SECTOR-380-650-1000-INSTRUCTIONS.pdf;LDT=https://puk.it/wp-content/uploads/puk-files-2026/ldt/601701-04-SECTOR-380-LED.rar;BIM=https://puk.it/wp-content/uploads/puk-files-2026/revit/601701-SECTOR-380-01.rfa
Sector,,,,,,,,,,,,,,,,,,,,Sector 380 6W 90°,601701.40.90.02.1,Anthracite Grey RAL 7016,images/sector/sector-380-01-anthracite-grey.jpg,4000K,,1-10V,IP66,IK10,,1 light window · Ø150 × 380mm,6W,550lm,92lm/W,90°,Datasheet=images/sector/datasheets/601701.40.90.02.1.pdf;Installation=https://puk.it/wp-content/uploads/puk-files-2026/instructions/601701-601702-601703-601704-601705-601706-601707-601708-601709-601710-601711-601712-SECTOR-380-650-1000-INSTRUCTIONS.pdf;LDT=https://puk.it/wp-content/uploads/puk-files-2026/ldt/601701-04-SECTOR-380-LED.rar;BIM=https://puk.it/wp-content/uploads/puk-files-2026/revit/601701-SECTOR-380-01.rfa
Sector,,,,,,,,,,,,,,,,,,,,Sector 380 6W 90°,601701.40.90.02.D,Anthracite Grey RAL 7016,images/sector/sector-380-01-anthracite-grey.jpg,4000K,,DALI,IP66,IK10,,1 light window · Ø150 × 380mm,6W,550lm,92lm/W,90°,Datasheet=images/sector/datasheets/601701.40.90.02.D.pdf;Installation=https://puk.it/wp-content/uploads/puk-files-2026/instructions/601701-601702-601703-601704-601705-601706-601707-601708-601709-601710-601711-601712-SECTOR-380-650-1000-INSTRUCTIONS.pdf;LDT=https://puk.it/wp-content/uploads/puk-files-2026/ldt/601701-04-SECTOR-380-LED.rar;BIM=https://puk.it/wp-content/uploads/puk-files-2026/revit/601701-SECTOR-380-01.rfa
Sector,,,,,,,,,,,,,,,,,,,,Sector 380 12W 90°+90°,601702.30.HB.02.0,Anthracite Grey RAL 7016,images/sector/sector-380-02-anthracite-grey.jpg,3000K,,On/Off,IP66,IK10,,2 light windows · Ø150 × 380mm,12W,1067lm,89lm/W,90°+90°,Datasheet=images/sector/datasheets/601702.30.HB.02.0.pdf;Installation=https://puk.it/wp-content/uploads/puk-files-2026/instructions/601701-601702-601703-601704-601705-601706-601707-601708-601709-601710-601711-601712-SECTOR-380-650-1000-INSTRUCTIONS.pdf;LDT=https://puk.it/wp-content/uploads/puk-files-2026/ldt/601701-04-SECTOR-380-LED.rar;BIM=https://puk.it/wp-content/uploads/puk-files-2026/revit/601702-SECTOR-380-02.rfa
Sector,,,,,,,,,,,,,,,,,,,,Sector 380 12W 90°+90°,601702.30.HB.02.1,Anthracite Grey RAL 7016,images/sector/sector-380-02-anthracite-grey.jpg,3000K,,1-10V,IP66,IK10,,2 light windows · Ø150 × 380mm,12W,1067lm,89lm/W,90°+90°,Datasheet=images/sector/datasheets/601702.30.HB.02.1.pdf;Installation=https://puk.it/wp-content/uploads/puk-files-2026/instructions/601701-601702-601703-601704-601705-601706-601707-601708-601709-601710-601711-601712-SECTOR-380-650-1000-INSTRUCTIONS.pdf;LDT=https://puk.it/wp-content/uploads/puk-files-2026/ldt/601701-04-SECTOR-380-LED.rar;BIM=https://puk.it/wp-content/uploads/puk-files-2026/revit/601702-SECTOR-380-02.rfa
Sector,,,,,,,,,,,,,,,,,,,,Sector 380 12W 90°+90°,601702.30.HB.02.D,Anthracite Grey RAL 7016,images/sector/sector-380-02-anthracite-grey.jpg,3000K,,DALI,IP66,IK10,,2 light windows · Ø150 × 380mm,12W,1067lm,89lm/W,90°+90°,Datasheet=images/sector/datasheets/601702.30.HB.02.D.pdf;Installation=https://puk.it/wp-content/uploads/puk-files-2026/instructions/601701-601702-601703-601704-601705-601706-601707-601708-601709-601710-601711-601712-SECTOR-380-650-1000-INSTRUCTIONS.pdf;LDT=https://puk.it/wp-content/uploads/puk-files-2026/ldt/601701-04-SECTOR-380-LED.rar;BIM=https://puk.it/wp-content/uploads/puk-files-2026/revit/601702-SECTOR-380-02.rfa
Sector,,,,,,,,,,,,,,,,,,,,Sector 380 12W 90°+90°,601702.40.HB.02.0,Anthracite Grey RAL 7016,images/sector/sector-380-02-anthracite-grey.jpg,4000K,,On/Off,IP66,IK10,,2 light windows · Ø150 × 380mm,12W,1100lm,92lm/W,90°+90°,Datasheet=images/sector/datasheets/601702.40.HB.02.0.pdf;Installation=https://puk.it/wp-content/uploads/puk-files-2026/instructions/601701-601702-601703-601704-601705-601706-601707-601708-601709-601710-601711-601712-SECTOR-380-650-1000-INSTRUCTIONS.pdf;LDT=https://puk.it/wp-content/uploads/puk-files-2026/ldt/601701-04-SECTOR-380-LED.rar;BIM=https://puk.it/wp-content/uploads/puk-files-2026/revit/601702-SECTOR-380-02.rfa
Sector,,,,,,,,,,,,,,,,,,,,Sector 380 12W 90°+90°,601702.40.HB.02.1,Anthracite Grey RAL 7016,images/sector/sector-380-02-anthracite-grey.jpg,4000K,,1-10V,IP66,IK10,,2 light windows · Ø150 × 380mm,12W,1100lm,92lm/W,90°+90°,Datasheet=images/sector/datasheets/601702.40.HB.02.1.pdf;Installation=https://puk.it/wp-content/uploads/puk-files-2026/instructions/601701-601702-601703-601704-601705-601706-601707-601708-601709-601710-601711-601712-SECTOR-380-650-1000-INSTRUCTIONS.pdf;LDT=https://puk.it/wp-content/uploads/puk-files-2026/ldt/601701-04-SECTOR-380-LED.rar;BIM=https://puk.it/wp-content/uploads/puk-files-2026/revit/601702-SECTOR-380-02.rfa
Sector,,,,,,,,,,,,,,,,,,,,Sector 380 12W 90°+90°,601702.40.HB.02.D,Anthracite Grey RAL 7016,images/sector/sector-380-02-anthracite-grey.jpg,4000K,,DALI,IP66,IK10,,2 light windows · Ø150 × 380mm,12W,1100lm,92lm/W,90°+90°,Datasheet=images/sector/datasheets/601702.40.HB.02.D.pdf;Installation=https://puk.it/wp-content/uploads/puk-files-2026/instructions/601701-601702-601703-601704-601705-601706-601707-601708-601709-601710-601711-601712-SECTOR-380-650-1000-INSTRUCTIONS.pdf;LDT=https://puk.it/wp-content/uploads/puk-files-2026/ldt/601701-04-SECTOR-380-LED.rar;BIM=https://puk.it/wp-content/uploads/puk-files-2026/revit/601702-SECTOR-380-02.rfa
Sector,,,,,,,,,,,,,,,,,,,,Sector 380 12W 180°,601702.30.HA.02.0,Anthracite Grey RAL 7016,images/sector/sector-380-02-anthracite-grey.jpg,3000K,,On/Off,IP66,IK10,,2 light windows · Ø150 × 380mm,12W,1067lm,89lm/W,180°,Datasheet=images/sector/datasheets/601702.30.HA.02.0.pdf;Installation=https://puk.it/wp-content/uploads/puk-files-2026/instructions/601701-601702-601703-601704-601705-601706-601707-601708-601709-601710-601711-601712-SECTOR-380-650-1000-INSTRUCTIONS.pdf;LDT=https://puk.it/wp-content/uploads/puk-files-2026/ldt/601701-04-SECTOR-380-LED.rar;BIM=https://puk.it/wp-content/uploads/puk-files-2026/revit/601702-SECTOR-380-02.rfa
Sector,,,,,,,,,,,,,,,,,,,,Sector 380 12W 180°,601702.30.HA.02.1,Anthracite Grey RAL 7016,images/sector/sector-380-02-anthracite-grey.jpg,3000K,,1-10V,IP66,IK10,,2 light windows · Ø150 × 380mm,12W,1067lm,89lm/W,180°,Datasheet=images/sector/datasheets/601702.30.HA.02.1.pdf;Installation=https://puk.it/wp-content/uploads/puk-files-2026/instructions/601701-601702-601703-601704-601705-601706-601707-601708-601709-601710-601711-601712-SECTOR-380-650-1000-INSTRUCTIONS.pdf;LDT=https://puk.it/wp-content/uploads/puk-files-2026/ldt/601701-04-SECTOR-380-LED.rar;BIM=https://puk.it/wp-content/uploads/puk-files-2026/revit/601702-SECTOR-380-02.rfa
Sector,,,,,,,,,,,,,,,,,,,,Sector 380 12W 180°,601702.30.HA.02.D,Anthracite Grey RAL 7016,images/sector/sector-380-02-anthracite-grey.jpg,3000K,,DALI,IP66,IK10,,2 light windows · Ø150 × 380mm,12W,1067lm,89lm/W,180°,Datasheet=images/sector/datasheets/601702.30.HA.02.D.pdf;Installation=https://puk.it/wp-content/uploads/puk-files-2026/instructions/601701-601702-601703-601704-601705-601706-601707-601708-601709-601710-601711-601712-SECTOR-380-650-1000-INSTRUCTIONS.pdf;LDT=https://puk.it/wp-content/uploads/puk-files-2026/ldt/601701-04-SECTOR-380-LED.rar;BIM=https://puk.it/wp-content/uploads/puk-files-2026/revit/601702-SECTOR-380-02.rfa
Sector,,,,,,,,,,,,,,,,,,,,Sector 380 12W 180°,601702.40.HA.02.0,Anthracite Grey RAL 7016,images/sector/sector-380-02-anthracite-grey.jpg,4000K,,On/Off,IP66,IK10,,2 light windows · Ø150 × 380mm,12W,1100lm,92lm/W,180°,Datasheet=images/sector/datasheets/601702.40.HA.02.0.pdf;Installation=https://puk.it/wp-content/uploads/puk-files-2026/instructions/601701-601702-601703-601704-601705-601706-601707-601708-601709-601710-601711-601712-SECTOR-380-650-1000-INSTRUCTIONS.pdf;LDT=https://puk.it/wp-content/uploads/puk-files-2026/ldt/601701-04-SECTOR-380-LED.rar;BIM=https://puk.it/wp-content/uploads/puk-files-2026/revit/601702-SECTOR-380-02.rfa
Sector,,,,,,,,,,,,,,,,,,,,Sector 380 12W 180°,601702.40.HA.02.1,Anthracite Grey RAL 7016,images/sector/sector-380-02-anthracite-grey.jpg,4000K,,1-10V,IP66,IK10,,2 light windows · Ø150 × 380mm,12W,1100lm,92lm/W,180°,Datasheet=images/sector/datasheets/601702.40.HA.02.1.pdf;Installation=https://puk.it/wp-content/uploads/puk-files-2026/instructions/601701-601702-601703-601704-601705-601706-601707-601708-601709-601710-601711-601712-SECTOR-380-650-1000-INSTRUCTIONS.pdf;LDT=https://puk.it/wp-content/uploads/puk-files-2026/ldt/601701-04-SECTOR-380-LED.rar;BIM=https://puk.it/wp-content/uploads/puk-files-2026/revit/601702-SECTOR-380-02.rfa
Sector,,,,,,,,,,,,,,,,,,,,Sector 380 12W 180°,601702.40.HA.02.D,Anthracite Grey RAL 7016,images/sector/sector-380-02-anthracite-grey.jpg,4000K,,DALI,IP66,IK10,,2 light windows · Ø150 × 380mm,12W,1100lm,92lm/W,180°,Datasheet=images/sector/datasheets/601702.40.HA.02.D.pdf;Installation=https://puk.it/wp-content/uploads/puk-files-2026/instructions/601701-601702-601703-601704-601705-601706-601707-601708-601709-601710-601711-601712-SECTOR-380-650-1000-INSTRUCTIONS.pdf;LDT=https://puk.it/wp-content/uploads/puk-files-2026/ldt/601701-04-SECTOR-380-LED.rar;BIM=https://puk.it/wp-content/uploads/puk-files-2026/revit/601702-SECTOR-380-02.rfa
Sector,,,,,,,,,,,,,,,,,,,,Sector 380 18W 270°,601703.30.HE.02.0,Anthracite Grey RAL 7016,images/sector/sector-380-03-anthracite-grey.jpg,3000K,,On/Off,IP66,IK10,,3 light windows · Ø150 × 380mm,18W,1600lm,89lm/W,270°,Datasheet=images/sector/datasheets/601703.30.HE.02.0.pdf;Installation=https://puk.it/wp-content/uploads/puk-files-2026/instructions/601701-601702-601703-601704-601705-601706-601707-601708-601709-601710-601711-601712-SECTOR-380-650-1000-INSTRUCTIONS.pdf;LDT=https://puk.it/wp-content/uploads/puk-files-2026/ldt/601701-04-SECTOR-380-LED.rar;BIM=https://puk.it/wp-content/uploads/puk-files-2026/revit/601703-SECTOR-380-03.rfa
Sector,,,,,,,,,,,,,,,,,,,,Sector 380 18W 270°,601703.30.HE.02.1,Anthracite Grey RAL 7016,images/sector/sector-380-03-anthracite-grey.jpg,3000K,,1-10V,IP66,IK10,,3 light windows · Ø150 × 380mm,18W,1600lm,89lm/W,270°,Datasheet=images/sector/datasheets/601703.30.HE.02.1.pdf;Installation=https://puk.it/wp-content/uploads/puk-files-2026/instructions/601701-601702-601703-601704-601705-601706-601707-601708-601709-601710-601711-601712-SECTOR-380-650-1000-INSTRUCTIONS.pdf;LDT=https://puk.it/wp-content/uploads/puk-files-2026/ldt/601701-04-SECTOR-380-LED.rar;BIM=https://puk.it/wp-content/uploads/puk-files-2026/revit/601703-SECTOR-380-03.rfa
Sector,,,,,,,,,,,,,,,,,,,,Sector 380 18W 270°,601703.30.HE.02.D,Anthracite Grey RAL 7016,images/sector/sector-380-03-anthracite-grey.jpg,3000K,,DALI,IP66,IK10,,3 light windows · Ø150 × 380mm,18W,1600lm,89lm/W,270°,Datasheet=images/sector/datasheets/601703.30.HE.02.D.pdf;Installation=https://puk.it/wp-content/uploads/puk-files-2026/instructions/601701-601702-601703-601704-601705-601706-601707-601708-601709-601710-601711-601712-SECTOR-380-650-1000-INSTRUCTIONS.pdf;LDT=https://puk.it/wp-content/uploads/puk-files-2026/ldt/601701-04-SECTOR-380-LED.rar;BIM=https://puk.it/wp-content/uploads/puk-files-2026/revit/601703-SECTOR-380-03.rfa
Sector,,,,,,,,,,,,,,,,,,,,Sector 380 18W 270°,601703.40.HE.02.0,Anthracite Grey RAL 7016,images/sector/sector-380-03-anthracite-grey.jpg,4000K,,On/Off,IP66,IK10,,3 light windows · Ø150 × 380mm,18W,1650lm,92lm/W,270°,Datasheet=images/sector/datasheets/601703.40.HE.02.0.pdf;Installation=https://puk.it/wp-content/uploads/puk-files-2026/instructions/601701-601702-601703-601704-601705-601706-601707-601708-601709-601710-601711-601712-SECTOR-380-650-1000-INSTRUCTIONS.pdf;LDT=https://puk.it/wp-content/uploads/puk-files-2026/ldt/601701-04-SECTOR-380-LED.rar;BIM=https://puk.it/wp-content/uploads/puk-files-2026/revit/601703-SECTOR-380-03.rfa
Sector,,,,,,,,,,,,,,,,,,,,Sector 380 18W 270°,601703.40.HE.02.1,Anthracite Grey RAL 7016,images/sector/sector-380-03-anthracite-grey.jpg,4000K,,1-10V,IP66,IK10,,3 light windows · Ø150 × 380mm,18W,1650lm,92lm/W,270°,Datasheet=images/sector/datasheets/601703.40.HE.02.1.pdf;Installation=https://puk.it/wp-content/uploads/puk-files-2026/instructions/601701-601702-601703-601704-601705-601706-601707-601708-601709-601710-601711-601712-SECTOR-380-650-1000-INSTRUCTIONS.pdf;LDT=https://puk.it/wp-content/uploads/puk-files-2026/ldt/601701-04-SECTOR-380-LED.rar;BIM=https://puk.it/wp-content/uploads/puk-files-2026/revit/601703-SECTOR-380-03.rfa
Sector,,,,,,,,,,,,,,,,,,,,Sector 380 18W 270°,601703.40.HE.02.D,Anthracite Grey RAL 7016,images/sector/sector-380-03-anthracite-grey.jpg,4000K,,DALI,IP66,IK10,,3 light windows · Ø150 × 380mm,18W,1650lm,92lm/W,270°,Datasheet=images/sector/datasheets/601703.40.HE.02.D.pdf;Installation=https://puk.it/wp-content/uploads/puk-files-2026/instructions/601701-601702-601703-601704-601705-601706-601707-601708-601709-601710-601711-601712-SECTOR-380-650-1000-INSTRUCTIONS.pdf;LDT=https://puk.it/wp-content/uploads/puk-files-2026/ldt/601701-04-SECTOR-380-LED.rar;BIM=https://puk.it/wp-content/uploads/puk-files-2026/revit/601703-SECTOR-380-03.rfa
Sector,,,,,,,,,,,,,,,,,,,,Sector 380 24W 360°,601704.30.AL.02.0,Anthracite Grey RAL 7016,images/sector/sector-380-04-anthracite-grey.jpg,3000K,,On/Off,IP66,IK10,,4 light windows · Ø150 × 380mm,24W,2134lm,89lm/W,360°,Datasheet=images/sector/datasheets/601704.30.AL.02.0.pdf;Installation=https://puk.it/wp-content/uploads/puk-files-2026/instructions/601701-601702-601703-601704-601705-601706-601707-601708-601709-601710-601711-601712-SECTOR-380-650-1000-INSTRUCTIONS.pdf;LDT=https://puk.it/wp-content/uploads/puk-files-2026/ldt/601701-04-SECTOR-380-LED.rar;BIM=https://puk.it/wp-content/uploads/puk-files-2026/revit/601704-SECTOR-380-04.rfa
Sector,,,,,,,,,,,,,,,,,,,,Sector 380 24W 360°,601704.30.AL.02.1,Anthracite Grey RAL 7016,images/sector/sector-380-04-anthracite-grey.jpg,3000K,,1-10V,IP66,IK10,,4 light windows · Ø150 × 380mm,24W,2134lm,89lm/W,360°,Datasheet=images/sector/datasheets/601704.30.AL.02.1.pdf;Installation=https://puk.it/wp-content/uploads/puk-files-2026/instructions/601701-601702-601703-601704-601705-601706-601707-601708-601709-601710-601711-601712-SECTOR-380-650-1000-INSTRUCTIONS.pdf;LDT=https://puk.it/wp-content/uploads/puk-files-2026/ldt/601701-04-SECTOR-380-LED.rar;BIM=https://puk.it/wp-content/uploads/puk-files-2026/revit/601704-SECTOR-380-04.rfa
Sector,,,,,,,,,,,,,,,,,,,,Sector 380 24W 360°,601704.30.AL.02.D,Anthracite Grey RAL 7016,images/sector/sector-380-04-anthracite-grey.jpg,3000K,,DALI,IP66,IK10,,4 light windows · Ø150 × 380mm,24W,2134lm,89lm/W,360°,Datasheet=images/sector/datasheets/601704.30.AL.02.D.pdf;Installation=https://puk.it/wp-content/uploads/puk-files-2026/instructions/601701-601702-601703-601704-601705-601706-601707-601708-601709-601710-601711-601712-SECTOR-380-650-1000-INSTRUCTIONS.pdf;LDT=https://puk.it/wp-content/uploads/puk-files-2026/ldt/601701-04-SECTOR-380-LED.rar;BIM=https://puk.it/wp-content/uploads/puk-files-2026/revit/601704-SECTOR-380-04.rfa
Sector,,,,,,,,,,,,,,,,,,,,Sector 380 24W 360°,601704.40.AL.02.0,Anthracite Grey RAL 7016,images/sector/sector-380-04-anthracite-grey.jpg,4000K,,On/Off,IP66,IK10,,4 light windows · Ø150 × 380mm,24W,2200lm,92lm/W,360°,Datasheet=images/sector/datasheets/601704.40.AL.02.0.pdf;Installation=https://puk.it/wp-content/uploads/puk-files-2026/instructions/601701-601702-601703-601704-601705-601706-601707-601708-601709-601710-601711-601712-SECTOR-380-650-1000-INSTRUCTIONS.pdf;LDT=https://puk.it/wp-content/uploads/puk-files-2026/ldt/601701-04-SECTOR-380-LED.rar;BIM=https://puk.it/wp-content/uploads/puk-files-2026/revit/601704-SECTOR-380-04.rfa
Sector,,,,,,,,,,,,,,,,,,,,Sector 380 24W 360°,601704.40.AL.02.1,Anthracite Grey RAL 7016,images/sector/sector-380-04-anthracite-grey.jpg,4000K,,1-10V,IP66,IK10,,4 light windows · Ø150 × 380mm,24W,2200lm,92lm/W,360°,Datasheet=images/sector/datasheets/601704.40.AL.02.1.pdf;Installation=https://puk.it/wp-content/uploads/puk-files-2026/instructions/601701-601702-601703-601704-601705-601706-601707-601708-601709-601710-601711-601712-SECTOR-380-650-1000-INSTRUCTIONS.pdf;LDT=https://puk.it/wp-content/uploads/puk-files-2026/ldt/601701-04-SECTOR-380-LED.rar;BIM=https://puk.it/wp-content/uploads/puk-files-2026/revit/601704-SECTOR-380-04.rfa
Sector,,,,,,,,,,,,,,,,,,,,Sector 380 24W 360°,601704.40.AL.02.D,Anthracite Grey RAL 7016,images/sector/sector-380-04-anthracite-grey.jpg,4000K,,DALI,IP66,IK10,,4 light windows · Ø150 × 380mm,24W,2200lm,92lm/W,360°,Datasheet=images/sector/datasheets/601704.40.AL.02.D.pdf;Installation=https://puk.it/wp-content/uploads/puk-files-2026/instructions/601701-601702-601703-601704-601705-601706-601707-601708-601709-601710-601711-601712-SECTOR-380-650-1000-INSTRUCTIONS.pdf;LDT=https://puk.it/wp-content/uploads/puk-files-2026/ldt/601701-04-SECTOR-380-LED.rar;BIM=https://puk.it/wp-content/uploads/puk-files-2026/revit/601704-SECTOR-380-04.rfa
Sector,,,,,,,,,,,,,,,,,,,,Sector 380 6W 90°,601701.30.90.03.0,Matt Black,images/sector/sector-380-01-matt-black.jpg,3000K,,On/Off,IP66,IK10,,1 light window · Ø150 × 380mm,6W,533lm,89lm/W,90°,Datasheet=images/sector/datasheets/601701.30.90.03.0.pdf;Installation=https://puk.it/wp-content/uploads/puk-files-2026/instructions/601701-601702-601703-601704-601705-601706-601707-601708-601709-601710-601711-601712-SECTOR-380-650-1000-INSTRUCTIONS.pdf;LDT=https://puk.it/wp-content/uploads/puk-files-2026/ldt/601701-04-SECTOR-380-LED.rar;BIM=https://puk.it/wp-content/uploads/puk-files-2026/revit/601701-SECTOR-380-01.rfa
Sector,,,,,,,,,,,,,,,,,,,,Sector 380 6W 90°,601701.30.90.03.1,Matt Black,images/sector/sector-380-01-matt-black.jpg,3000K,,1-10V,IP66,IK10,,1 light window · Ø150 × 380mm,6W,533lm,89lm/W,90°,Datasheet=images/sector/datasheets/601701.30.90.03.1.pdf;Installation=https://puk.it/wp-content/uploads/puk-files-2026/instructions/601701-601702-601703-601704-601705-601706-601707-601708-601709-601710-601711-601712-SECTOR-380-650-1000-INSTRUCTIONS.pdf;LDT=https://puk.it/wp-content/uploads/puk-files-2026/ldt/601701-04-SECTOR-380-LED.rar;BIM=https://puk.it/wp-content/uploads/puk-files-2026/revit/601701-SECTOR-380-01.rfa
Sector,,,,,,,,,,,,,,,,,,,,Sector 380 6W 90°,601701.30.90.03.D,Matt Black,images/sector/sector-380-01-matt-black.jpg,3000K,,DALI,IP66,IK10,,1 light window · Ø150 × 380mm,6W,533lm,89lm/W,90°,Datasheet=images/sector/datasheets/601701.30.90.03.D.pdf;Installation=https://puk.it/wp-content/uploads/puk-files-2026/instructions/601701-601702-601703-601704-601705-601706-601707-601708-601709-601710-601711-601712-SECTOR-380-650-1000-INSTRUCTIONS.pdf;LDT=https://puk.it/wp-content/uploads/puk-files-2026/ldt/601701-04-SECTOR-380-LED.rar;BIM=https://puk.it/wp-content/uploads/puk-files-2026/revit/601701-SECTOR-380-01.rfa
Sector,,,,,,,,,,,,,,,,,,,,Sector 380 6W 90°,601701.40.90.03.0,Matt Black,images/sector/sector-380-01-matt-black.jpg,4000K,,On/Off,IP66,IK10,,1 light window · Ø150 × 380mm,6W,550lm,92lm/W,90°,Datasheet=images/sector/datasheets/601701.40.90.03.0.pdf;Installation=https://puk.it/wp-content/uploads/puk-files-2026/instructions/601701-601702-601703-601704-601705-601706-601707-601708-601709-601710-601711-601712-SECTOR-380-650-1000-INSTRUCTIONS.pdf;LDT=https://puk.it/wp-content/uploads/puk-files-2026/ldt/601701-04-SECTOR-380-LED.rar;BIM=https://puk.it/wp-content/uploads/puk-files-2026/revit/601701-SECTOR-380-01.rfa
Sector,,,,,,,,,,,,,,,,,,,,Sector 380 6W 90°,601701.40.90.03.1,Matt Black,images/sector/sector-380-01-matt-black.jpg,4000K,,1-10V,IP66,IK10,,1 light window · Ø150 × 380mm,6W,550lm,92lm/W,90°,Datasheet=images/sector/datasheets/601701.40.90.03.1.pdf;Installation=https://puk.it/wp-content/uploads/puk-files-2026/instructions/601701-601702-601703-601704-601705-601706-601707-601708-601709-601710-601711-601712-SECTOR-380-650-1000-INSTRUCTIONS.pdf;LDT=https://puk.it/wp-content/uploads/puk-files-2026/ldt/601701-04-SECTOR-380-LED.rar;BIM=https://puk.it/wp-content/uploads/puk-files-2026/revit/601701-SECTOR-380-01.rfa
Sector,,,,,,,,,,,,,,,,,,,,Sector 380 6W 90°,601701.40.90.03.D,Matt Black,images/sector/sector-380-01-matt-black.jpg,4000K,,DALI,IP66,IK10,,1 light window · Ø150 × 380mm,6W,550lm,92lm/W,90°,Datasheet=images/sector/datasheets/601701.40.90.03.D.pdf;Installation=https://puk.it/wp-content/uploads/puk-files-2026/instructions/601701-601702-601703-601704-601705-601706-601707-601708-601709-601710-601711-601712-SECTOR-380-650-1000-INSTRUCTIONS.pdf;LDT=https://puk.it/wp-content/uploads/puk-files-2026/ldt/601701-04-SECTOR-380-LED.rar;BIM=https://puk.it/wp-content/uploads/puk-files-2026/revit/601701-SECTOR-380-01.rfa
Sector,,,,,,,,,,,,,,,,,,,,Sector 380 12W 90°+90°,601702.30.HB.03.0,Matt Black,images/sector/sector-380-02-matt-black.jpg,3000K,,On/Off,IP66,IK10,,2 light windows · Ø150 × 380mm,12W,1067lm,89lm/W,90°+90°,Datasheet=images/sector/datasheets/601702.30.HB.03.0.pdf;Installation=https://puk.it/wp-content/uploads/puk-files-2026/instructions/601701-601702-601703-601704-601705-601706-601707-601708-601709-601710-601711-601712-SECTOR-380-650-1000-INSTRUCTIONS.pdf;LDT=https://puk.it/wp-content/uploads/puk-files-2026/ldt/601701-04-SECTOR-380-LED.rar;BIM=https://puk.it/wp-content/uploads/puk-files-2026/revit/601702-SECTOR-380-02.rfa
Sector,,,,,,,,,,,,,,,,,,,,Sector 380 12W 90°+90°,601702.30.HB.03.1,Matt Black,images/sector/sector-380-02-matt-black.jpg,3000K,,1-10V,IP66,IK10,,2 light windows · Ø150 × 380mm,12W,1067lm,89lm/W,90°+90°,Datasheet=images/sector/datasheets/601702.30.HB.03.1.pdf;Installation=https://puk.it/wp-content/uploads/puk-files-2026/instructions/601701-601702-601703-601704-601705-601706-601707-601708-601709-601710-601711-601712-SECTOR-380-650-1000-INSTRUCTIONS.pdf;LDT=https://puk.it/wp-content/uploads/puk-files-2026/ldt/601701-04-SECTOR-380-LED.rar;BIM=https://puk.it/wp-content/uploads/puk-files-2026/revit/601702-SECTOR-380-02.rfa
Sector,,,,,,,,,,,,,,,,,,,,Sector 380 12W 90°+90°,601702.30.HB.03.D,Matt Black,images/sector/sector-380-02-matt-black.jpg,3000K,,DALI,IP66,IK10,,2 light windows · Ø150 × 380mm,12W,1067lm,89lm/W,90°+90°,Datasheet=images/sector/datasheets/601702.30.HB.03.D.pdf;Installation=https://puk.it/wp-content/uploads/puk-files-2026/instructions/601701-601702-601703-601704-601705-601706-601707-601708-601709-601710-601711-601712-SECTOR-380-650-1000-INSTRUCTIONS.pdf;LDT=https://puk.it/wp-content/uploads/puk-files-2026/ldt/601701-04-SECTOR-380-LED.rar;BIM=https://puk.it/wp-content/uploads/puk-files-2026/revit/601702-SECTOR-380-02.rfa
Sector,,,,,,,,,,,,,,,,,,,,Sector 380 12W 90°+90°,601702.40.HB.03.0,Matt Black,images/sector/sector-380-02-matt-black.jpg,4000K,,On/Off,IP66,IK10,,2 light windows · Ø150 × 380mm,12W,1100lm,92lm/W,90°+90°,Datasheet=images/sector/datasheets/601702.40.HB.03.0.pdf;Installation=https://puk.it/wp-content/uploads/puk-files-2026/instructions/601701-601702-601703-601704-601705-601706-601707-601708-601709-601710-601711-601712-SECTOR-380-650-1000-INSTRUCTIONS.pdf;LDT=https://puk.it/wp-content/uploads/puk-files-2026/ldt/601701-04-SECTOR-380-LED.rar;BIM=https://puk.it/wp-content/uploads/puk-files-2026/revit/601702-SECTOR-380-02.rfa
Sector,,,,,,,,,,,,,,,,,,,,Sector 380 12W 90°+90°,601702.40.HB.03.1,Matt Black,images/sector/sector-380-02-matt-black.jpg,4000K,,1-10V,IP66,IK10,,2 light windows · Ø150 × 380mm,12W,1100lm,92lm/W,90°+90°,Datasheet=images/sector/datasheets/601702.40.HB.03.1.pdf;Installation=https://puk.it/wp-content/uploads/puk-files-2026/instructions/601701-601702-601703-601704-601705-601706-601707-601708-601709-601710-601711-601712-SECTOR-380-650-1000-INSTRUCTIONS.pdf;LDT=https://puk.it/wp-content/uploads/puk-files-2026/ldt/601701-04-SECTOR-380-LED.rar;BIM=https://puk.it/wp-content/uploads/puk-files-2026/revit/601702-SECTOR-380-02.rfa
Sector,,,,,,,,,,,,,,,,,,,,Sector 380 12W 90°+90°,601702.40.HB.03.D,Matt Black,images/sector/sector-380-02-matt-black.jpg,4000K,,DALI,IP66,IK10,,2 light windows · Ø150 × 380mm,12W,1100lm,92lm/W,90°+90°,Datasheet=images/sector/datasheets/601702.40.HB.03.D.pdf;Installation=https://puk.it/wp-content/uploads/puk-files-2026/instructions/601701-601702-601703-601704-601705-601706-601707-601708-601709-601710-601711-601712-SECTOR-380-650-1000-INSTRUCTIONS.pdf;LDT=https://puk.it/wp-content/uploads/puk-files-2026/ldt/601701-04-SECTOR-380-LED.rar;BIM=https://puk.it/wp-content/uploads/puk-files-2026/revit/601702-SECTOR-380-02.rfa
Sector,,,,,,,,,,,,,,,,,,,,Sector 380 12W 180°,601702.30.HA.03.0,Matt Black,images/sector/sector-380-02-matt-black.jpg,3000K,,On/Off,IP66,IK10,,2 light windows · Ø150 × 380mm,12W,1067lm,89lm/W,180°,Datasheet=images/sector/datasheets/601702.30.HA.03.0.pdf;Installation=https://puk.it/wp-content/uploads/puk-files-2026/instructions/601701-601702-601703-601704-601705-601706-601707-601708-601709-601710-601711-601712-SECTOR-380-650-1000-INSTRUCTIONS.pdf;LDT=https://puk.it/wp-content/uploads/puk-files-2026/ldt/601701-04-SECTOR-380-LED.rar;BIM=https://puk.it/wp-content/uploads/puk-files-2026/revit/601702-SECTOR-380-02.rfa
Sector,,,,,,,,,,,,,,,,,,,,Sector 380 12W 180°,601702.30.HA.03.1,Matt Black,images/sector/sector-380-02-matt-black.jpg,3000K,,1-10V,IP66,IK10,,2 light windows · Ø150 × 380mm,12W,1067lm,89lm/W,180°,Datasheet=images/sector/datasheets/601702.30.HA.03.1.pdf;Installation=https://puk.it/wp-content/uploads/puk-files-2026/instructions/601701-601702-601703-601704-601705-601706-601707-601708-601709-601710-601711-601712-SECTOR-380-650-1000-INSTRUCTIONS.pdf;LDT=https://puk.it/wp-content/uploads/puk-files-2026/ldt/601701-04-SECTOR-380-LED.rar;BIM=https://puk.it/wp-content/uploads/puk-files-2026/revit/601702-SECTOR-380-02.rfa
Sector,,,,,,,,,,,,,,,,,,,,Sector 380 12W 180°,601702.30.HA.03.D,Matt Black,images/sector/sector-380-02-matt-black.jpg,3000K,,DALI,IP66,IK10,,2 light windows · Ø150 × 380mm,12W,1067lm,89lm/W,180°,Datasheet=images/sector/datasheets/601702.30.HA.03.D.pdf;Installation=https://puk.it/wp-content/uploads/puk-files-2026/instructions/601701-601702-601703-601704-601705-601706-601707-601708-601709-601710-601711-601712-SECTOR-380-650-1000-INSTRUCTIONS.pdf;LDT=https://puk.it/wp-content/uploads/puk-files-2026/ldt/601701-04-SECTOR-380-LED.rar;BIM=https://puk.it/wp-content/uploads/puk-files-2026/revit/601702-SECTOR-380-02.rfa
Sector,,,,,,,,,,,,,,,,,,,,Sector 380 12W 180°,601702.40.HA.03.0,Matt Black,images/sector/sector-380-02-matt-black.jpg,4000K,,On/Off,IP66,IK10,,2 light windows · Ø150 × 380mm,12W,1100lm,92lm/W,180°,Datasheet=images/sector/datasheets/601702.40.HA.03.0.pdf;Installation=https://puk.it/wp-content/uploads/puk-files-2026/instructions/601701-601702-601703-601704-601705-601706-601707-601708-601709-601710-601711-601712-SECTOR-380-650-1000-INSTRUCTIONS.pdf;LDT=https://puk.it/wp-content/uploads/puk-files-2026/ldt/601701-04-SECTOR-380-LED.rar;BIM=https://puk.it/wp-content/uploads/puk-files-2026/revit/601702-SECTOR-380-02.rfa
Sector,,,,,,,,,,,,,,,,,,,,Sector 380 12W 180°,601702.40.HA.03.1,Matt Black,images/sector/sector-380-02-matt-black.jpg,4000K,,1-10V,IP66,IK10,,2 light windows · Ø150 × 380mm,12W,1100lm,92lm/W,180°,Datasheet=images/sector/datasheets/601702.40.HA.03.1.pdf;Installation=https://puk.it/wp-content/uploads/puk-files-2026/instructions/601701-601702-601703-601704-601705-601706-601707-601708-601709-601710-601711-601712-SECTOR-380-650-1000-INSTRUCTIONS.pdf;LDT=https://puk.it/wp-content/uploads/puk-files-2026/ldt/601701-04-SECTOR-380-LED.rar;BIM=https://puk.it/wp-content/uploads/puk-files-2026/revit/601702-SECTOR-380-02.rfa
Sector,,,,,,,,,,,,,,,,,,,,Sector 380 12W 180°,601702.40.HA.03.D,Matt Black,images/sector/sector-380-02-matt-black.jpg,4000K,,DALI,IP66,IK10,,2 light windows · Ø150 × 380mm,12W,1100lm,92lm/W,180°,Datasheet=images/sector/datasheets/601702.40.HA.03.D.pdf;Installation=https://puk.it/wp-content/uploads/puk-files-2026/instructions/601701-601702-601703-601704-601705-601706-601707-601708-601709-601710-601711-601712-SECTOR-380-650-1000-INSTRUCTIONS.pdf;LDT=https://puk.it/wp-content/uploads/puk-files-2026/ldt/601701-04-SECTOR-380-LED.rar;BIM=https://puk.it/wp-content/uploads/puk-files-2026/revit/601702-SECTOR-380-02.rfa
Sector,,,,,,,,,,,,,,,,,,,,Sector 380 18W 270°,601703.30.HE.03.0,Matt Black,images/sector/sector-380-03-matt-black.jpg,3000K,,On/Off,IP66,IK10,,3 light windows · Ø150 × 380mm,18W,1600lm,89lm/W,270°,Datasheet=images/sector/datasheets/601703.30.HE.03.0.pdf;Installation=https://puk.it/wp-content/uploads/puk-files-2026/instructions/601701-601702-601703-601704-601705-601706-601707-601708-601709-601710-601711-601712-SECTOR-380-650-1000-INSTRUCTIONS.pdf;LDT=https://puk.it/wp-content/uploads/puk-files-2026/ldt/601701-04-SECTOR-380-LED.rar;BIM=https://puk.it/wp-content/uploads/puk-files-2026/revit/601703-SECTOR-380-03.rfa
Sector,,,,,,,,,,,,,,,,,,,,Sector 380 18W 270°,601703.30.HE.03.1,Matt Black,images/sector/sector-380-03-matt-black.jpg,3000K,,1-10V,IP66,IK10,,3 light windows · Ø150 × 380mm,18W,1600lm,89lm/W,270°,Datasheet=images/sector/datasheets/601703.30.HE.03.1.pdf;Installation=https://puk.it/wp-content/uploads/puk-files-2026/instructions/601701-601702-601703-601704-601705-601706-601707-601708-601709-601710-601711-601712-SECTOR-380-650-1000-INSTRUCTIONS.pdf;LDT=https://puk.it/wp-content/uploads/puk-files-2026/ldt/601701-04-SECTOR-380-LED.rar;BIM=https://puk.it/wp-content/uploads/puk-files-2026/revit/601703-SECTOR-380-03.rfa
Sector,,,,,,,,,,,,,,,,,,,,Sector 380 18W 270°,601703.30.HE.03.D,Matt Black,images/sector/sector-380-03-matt-black.jpg,3000K,,DALI,IP66,IK10,,3 light windows · Ø150 × 380mm,18W,1600lm,89lm/W,270°,Datasheet=images/sector/datasheets/601703.30.HE.03.D.pdf;Installation=https://puk.it/wp-content/uploads/puk-files-2026/instructions/601701-601702-601703-601704-601705-601706-601707-601708-601709-601710-601711-601712-SECTOR-380-650-1000-INSTRUCTIONS.pdf;LDT=https://puk.it/wp-content/uploads/puk-files-2026/ldt/601701-04-SECTOR-380-LED.rar;BIM=https://puk.it/wp-content/uploads/puk-files-2026/revit/601703-SECTOR-380-03.rfa
Sector,,,,,,,,,,,,,,,,,,,,Sector 380 18W 270°,601703.40.HE.03.0,Matt Black,images/sector/sector-380-03-matt-black.jpg,4000K,,On/Off,IP66,IK10,,3 light windows · Ø150 × 380mm,18W,1650lm,92lm/W,270°,Datasheet=images/sector/datasheets/601703.40.HE.03.0.pdf;Installation=https://puk.it/wp-content/uploads/puk-files-2026/instructions/601701-601702-601703-601704-601705-601706-601707-601708-601709-601710-601711-601712-SECTOR-380-650-1000-INSTRUCTIONS.pdf;LDT=https://puk.it/wp-content/uploads/puk-files-2026/ldt/601701-04-SECTOR-380-LED.rar;BIM=https://puk.it/wp-content/uploads/puk-files-2026/revit/601703-SECTOR-380-03.rfa
Sector,,,,,,,,,,,,,,,,,,,,Sector 380 18W 270°,601703.40.HE.03.1,Matt Black,images/sector/sector-380-03-matt-black.jpg,4000K,,1-10V,IP66,IK10,,3 light windows · Ø150 × 380mm,18W,1650lm,92lm/W,270°,Datasheet=images/sector/datasheets/601703.40.HE.03.1.pdf;Installation=https://puk.it/wp-content/uploads/puk-files-2026/instructions/601701-601702-601703-601704-601705-601706-601707-601708-601709-601710-601711-601712-SECTOR-380-650-1000-INSTRUCTIONS.pdf;LDT=https://puk.it/wp-content/uploads/puk-files-2026/ldt/601701-04-SECTOR-380-LED.rar;BIM=https://puk.it/wp-content/uploads/puk-files-2026/revit/601703-SECTOR-380-03.rfa
Sector,,,,,,,,,,,,,,,,,,,,Sector 380 18W 270°,601703.40.HE.03.D,Matt Black,images/sector/sector-380-03-matt-black.jpg,4000K,,DALI,IP66,IK10,,3 light windows · Ø150 × 380mm,18W,1650lm,92lm/W,270°,Datasheet=images/sector/datasheets/601703.40.HE.03.D.pdf;Installation=https://puk.it/wp-content/uploads/puk-files-2026/instructions/601701-601702-601703-601704-601705-601706-601707-601708-601709-601710-601711-601712-SECTOR-380-650-1000-INSTRUCTIONS.pdf;LDT=https://puk.it/wp-content/uploads/puk-files-2026/ldt/601701-04-SECTOR-380-LED.rar;BIM=https://puk.it/wp-content/uploads/puk-files-2026/revit/601703-SECTOR-380-03.rfa
Sector,,,,,,,,,,,,,,,,,,,,Sector 380 24W 360°,601704.30.AL.03.0,Matt Black,images/sector/sector-380-04-matt-black.jpg,3000K,,On/Off,IP66,IK10,,4 light windows · Ø150 × 380mm,24W,2134lm,89lm/W,360°,Datasheet=images/sector/datasheets/601704.30.AL.03.0.pdf;Installation=https://puk.it/wp-content/uploads/puk-files-2026/instructions/601701-601702-601703-601704-601705-601706-601707-601708-601709-601710-601711-601712-SECTOR-380-650-1000-INSTRUCTIONS.pdf;LDT=https://puk.it/wp-content/uploads/puk-files-2026/ldt/601701-04-SECTOR-380-LED.rar;BIM=https://puk.it/wp-content/uploads/puk-files-2026/revit/601704-SECTOR-380-04.rfa
Sector,,,,,,,,,,,,,,,,,,,,Sector 380 24W 360°,601704.30.AL.03.1,Matt Black,images/sector/sector-380-04-matt-black.jpg,3000K,,1-10V,IP66,IK10,,4 light windows · Ø150 × 380mm,24W,2134lm,89lm/W,360°,Datasheet=images/sector/datasheets/601704.30.AL.03.1.pdf;Installation=https://puk.it/wp-content/uploads/puk-files-2026/instructions/601701-601702-601703-601704-601705-601706-601707-601708-601709-601710-601711-601712-SECTOR-380-650-1000-INSTRUCTIONS.pdf;LDT=https://puk.it/wp-content/uploads/puk-files-2026/ldt/601701-04-SECTOR-380-LED.rar;BIM=https://puk.it/wp-content/uploads/puk-files-2026/revit/601704-SECTOR-380-04.rfa
Sector,,,,,,,,,,,,,,,,,,,,Sector 380 24W 360°,601704.30.AL.03.D,Matt Black,images/sector/sector-380-04-matt-black.jpg,3000K,,DALI,IP66,IK10,,4 light windows · Ø150 × 380mm,24W,2134lm,89lm/W,360°,Datasheet=images/sector/datasheets/601704.30.AL.03.D.pdf;Installation=https://puk.it/wp-content/uploads/puk-files-2026/instructions/601701-601702-601703-601704-601705-601706-601707-601708-601709-601710-601711-601712-SECTOR-380-650-1000-INSTRUCTIONS.pdf;LDT=https://puk.it/wp-content/uploads/puk-files-2026/ldt/601701-04-SECTOR-380-LED.rar;BIM=https://puk.it/wp-content/uploads/puk-files-2026/revit/601704-SECTOR-380-04.rfa
Sector,,,,,,,,,,,,,,,,,,,,Sector 380 24W 360°,601704.40.AL.03.0,Matt Black,images/sector/sector-380-04-matt-black.jpg,4000K,,On/Off,IP66,IK10,,4 light windows · Ø150 × 380mm,24W,2200lm,92lm/W,360°,Datasheet=images/sector/datasheets/601704.40.AL.03.0.pdf;Installation=https://puk.it/wp-content/uploads/puk-files-2026/instructions/601701-601702-601703-601704-601705-601706-601707-601708-601709-601710-601711-601712-SECTOR-380-650-1000-INSTRUCTIONS.pdf;LDT=https://puk.it/wp-content/uploads/puk-files-2026/ldt/601701-04-SECTOR-380-LED.rar;BIM=https://puk.it/wp-content/uploads/puk-files-2026/revit/601704-SECTOR-380-04.rfa
Sector,,,,,,,,,,,,,,,,,,,,Sector 380 24W 360°,601704.40.AL.03.1,Matt Black,images/sector/sector-380-04-matt-black.jpg,4000K,,1-10V,IP66,IK10,,4 light windows · Ø150 × 380mm,24W,2200lm,92lm/W,360°,Datasheet=images/sector/datasheets/601704.40.AL.03.1.pdf;Installation=https://puk.it/wp-content/uploads/puk-files-2026/instructions/601701-601702-601703-601704-601705-601706-601707-601708-601709-601710-601711-601712-SECTOR-380-650-1000-INSTRUCTIONS.pdf;LDT=https://puk.it/wp-content/uploads/puk-files-2026/ldt/601701-04-SECTOR-380-LED.rar;BIM=https://puk.it/wp-content/uploads/puk-files-2026/revit/601704-SECTOR-380-04.rfa
Sector,,,,,,,,,,,,,,,,,,,,Sector 380 24W 360°,601704.40.AL.03.D,Matt Black,images/sector/sector-380-04-matt-black.jpg,4000K,,DALI,IP66,IK10,,4 light windows · Ø150 × 380mm,24W,2200lm,92lm/W,360°,Datasheet=images/sector/datasheets/601704.40.AL.03.D.pdf;Installation=https://puk.it/wp-content/uploads/puk-files-2026/instructions/601701-601702-601703-601704-601705-601706-601707-601708-601709-601710-601711-601712-SECTOR-380-650-1000-INSTRUCTIONS.pdf;LDT=https://puk.it/wp-content/uploads/puk-files-2026/ldt/601701-04-SECTOR-380-LED.rar;BIM=https://puk.it/wp-content/uploads/puk-files-2026/revit/601704-SECTOR-380-04.rfa
Sector,,,,,,,,,,,,,,,,,,,,Sector 650 6W 90°,601705.30.90.01.0,White Aluminium RAL 9006,images/sector/sector-650-01-white-aluminium.jpg,3000K,,On/Off,IP66,IK10,,1 light window · Ø150 × 650mm,6W,533lm,89lm/W,90°,Datasheet=images/sector/datasheets/601705.30.90.01.0.pdf;Installation=https://puk.it/wp-content/uploads/puk-files-2026/instructions/601701-601702-601703-601704-601705-601706-601707-601708-601709-601710-601711-601712-SECTOR-380-650-1000-INSTRUCTIONS.pdf;LDT=https://puk.it/wp-content/uploads/puk-files-2026/ldt/601705-08-SECTOR-650-LED.rar;BIM=https://puk.it/wp-content/uploads/puk-files-2026/revit/601705-SECTOR-650-01.rfa
Sector,,,,,,,,,,,,,,,,,,,,Sector 650 6W 90°,601705.30.90.01.1,White Aluminium RAL 9006,images/sector/sector-650-01-white-aluminium.jpg,3000K,,1-10V,IP66,IK10,,1 light window · Ø150 × 650mm,6W,533lm,89lm/W,90°,Datasheet=images/sector/datasheets/601705.30.90.01.1.pdf;Installation=https://puk.it/wp-content/uploads/puk-files-2026/instructions/601701-601702-601703-601704-601705-601706-601707-601708-601709-601710-601711-601712-SECTOR-380-650-1000-INSTRUCTIONS.pdf;LDT=https://puk.it/wp-content/uploads/puk-files-2026/ldt/601705-08-SECTOR-650-LED.rar;BIM=https://puk.it/wp-content/uploads/puk-files-2026/revit/601705-SECTOR-650-01.rfa
Sector,,,,,,,,,,,,,,,,,,,,Sector 650 6W 90°,601705.30.90.01.D,White Aluminium RAL 9006,images/sector/sector-650-01-white-aluminium.jpg,3000K,,DALI,IP66,IK10,,1 light window · Ø150 × 650mm,6W,533lm,89lm/W,90°,Datasheet=images/sector/datasheets/601705.30.90.01.D.pdf;Installation=https://puk.it/wp-content/uploads/puk-files-2026/instructions/601701-601702-601703-601704-601705-601706-601707-601708-601709-601710-601711-601712-SECTOR-380-650-1000-INSTRUCTIONS.pdf;LDT=https://puk.it/wp-content/uploads/puk-files-2026/ldt/601705-08-SECTOR-650-LED.rar;BIM=https://puk.it/wp-content/uploads/puk-files-2026/revit/601705-SECTOR-650-01.rfa
Sector,,,,,,,,,,,,,,,,,,,,Sector 650 6W 90°,601705.40.90.01.0,White Aluminium RAL 9006,images/sector/sector-650-01-white-aluminium.jpg,4000K,,On/Off,IP66,IK10,,1 light window · Ø150 × 650mm,6W,550lm,92lm/W,90°,Datasheet=images/sector/datasheets/601705.40.90.01.0.pdf;Installation=https://puk.it/wp-content/uploads/puk-files-2026/instructions/601701-601702-601703-601704-601705-601706-601707-601708-601709-601710-601711-601712-SECTOR-380-650-1000-INSTRUCTIONS.pdf;LDT=https://puk.it/wp-content/uploads/puk-files-2026/ldt/601705-08-SECTOR-650-LED.rar;BIM=https://puk.it/wp-content/uploads/puk-files-2026/revit/601705-SECTOR-650-01.rfa
Sector,,,,,,,,,,,,,,,,,,,,Sector 650 6W 90°,601705.40.90.01.1,White Aluminium RAL 9006,images/sector/sector-650-01-white-aluminium.jpg,4000K,,1-10V,IP66,IK10,,1 light window · Ø150 × 650mm,6W,550lm,92lm/W,90°,Datasheet=images/sector/datasheets/601705.40.90.01.1.pdf;Installation=https://puk.it/wp-content/uploads/puk-files-2026/instructions/601701-601702-601703-601704-601705-601706-601707-601708-601709-601710-601711-601712-SECTOR-380-650-1000-INSTRUCTIONS.pdf;LDT=https://puk.it/wp-content/uploads/puk-files-2026/ldt/601705-08-SECTOR-650-LED.rar;BIM=https://puk.it/wp-content/uploads/puk-files-2026/revit/601705-SECTOR-650-01.rfa
Sector,,,,,,,,,,,,,,,,,,,,Sector 650 6W 90°,601705.40.90.01.D,White Aluminium RAL 9006,images/sector/sector-650-01-white-aluminium.jpg,4000K,,DALI,IP66,IK10,,1 light window · Ø150 × 650mm,6W,550lm,92lm/W,90°,Datasheet=images/sector/datasheets/601705.40.90.01.D.pdf;Installation=https://puk.it/wp-content/uploads/puk-files-2026/instructions/601701-601702-601703-601704-601705-601706-601707-601708-601709-601710-601711-601712-SECTOR-380-650-1000-INSTRUCTIONS.pdf;LDT=https://puk.it/wp-content/uploads/puk-files-2026/ldt/601705-08-SECTOR-650-LED.rar;BIM=https://puk.it/wp-content/uploads/puk-files-2026/revit/601705-SECTOR-650-01.rfa
Sector,,,,,,,,,,,,,,,,,,,,Sector 650 12W 90°+90°,601706.30.HB.01.0,White Aluminium RAL 9006,images/sector/sector-650-02-white-aluminium.jpg,3000K,,On/Off,IP66,IK10,,2 light windows · Ø150 × 650mm,12W,1067lm,89lm/W,90°+90°,Datasheet=images/sector/datasheets/601706.30.HB.01.0.pdf;Installation=https://puk.it/wp-content/uploads/puk-files-2026/instructions/601701-601702-601703-601704-601705-601706-601707-601708-601709-601710-601711-601712-SECTOR-380-650-1000-INSTRUCTIONS.pdf;LDT=https://puk.it/wp-content/uploads/puk-files-2026/ldt/601705-08-SECTOR-650-LED.rar;BIM=https://puk.it/wp-content/uploads/puk-files-2026/revit/601706-SECTOR-650-02.rfa
Sector,,,,,,,,,,,,,,,,,,,,Sector 650 12W 90°+90°,601706.30.HB.01.1,White Aluminium RAL 9006,images/sector/sector-650-02-white-aluminium.jpg,3000K,,1-10V,IP66,IK10,,2 light windows · Ø150 × 650mm,12W,1067lm,89lm/W,90°+90°,Datasheet=images/sector/datasheets/601706.30.HB.01.1.pdf;Installation=https://puk.it/wp-content/uploads/puk-files-2026/instructions/601701-601702-601703-601704-601705-601706-601707-601708-601709-601710-601711-601712-SECTOR-380-650-1000-INSTRUCTIONS.pdf;LDT=https://puk.it/wp-content/uploads/puk-files-2026/ldt/601705-08-SECTOR-650-LED.rar;BIM=https://puk.it/wp-content/uploads/puk-files-2026/revit/601706-SECTOR-650-02.rfa
Sector,,,,,,,,,,,,,,,,,,,,Sector 650 12W 90°+90°,601706.30.HB.01.D,White Aluminium RAL 9006,images/sector/sector-650-02-white-aluminium.jpg,3000K,,DALI,IP66,IK10,,2 light windows · Ø150 × 650mm,12W,1067lm,89lm/W,90°+90°,Datasheet=images/sector/datasheets/601706.30.HB.01.D.pdf;Installation=https://puk.it/wp-content/uploads/puk-files-2026/instructions/601701-601702-601703-601704-601705-601706-601707-601708-601709-601710-601711-601712-SECTOR-380-650-1000-INSTRUCTIONS.pdf;LDT=https://puk.it/wp-content/uploads/puk-files-2026/ldt/601705-08-SECTOR-650-LED.rar;BIM=https://puk.it/wp-content/uploads/puk-files-2026/revit/601706-SECTOR-650-02.rfa
Sector,,,,,,,,,,,,,,,,,,,,Sector 650 12W 90°+90°,601706.40.HB.01.0,White Aluminium RAL 9006,images/sector/sector-650-02-white-aluminium.jpg,4000K,,On/Off,IP66,IK10,,2 light windows · Ø150 × 650mm,12W,1100lm,92lm/W,90°+90°,Datasheet=images/sector/datasheets/601706.40.HB.01.0.pdf;Installation=https://puk.it/wp-content/uploads/puk-files-2026/instructions/601701-601702-601703-601704-601705-601706-601707-601708-601709-601710-601711-601712-SECTOR-380-650-1000-INSTRUCTIONS.pdf;LDT=https://puk.it/wp-content/uploads/puk-files-2026/ldt/601705-08-SECTOR-650-LED.rar;BIM=https://puk.it/wp-content/uploads/puk-files-2026/revit/601706-SECTOR-650-02.rfa
Sector,,,,,,,,,,,,,,,,,,,,Sector 650 12W 90°+90°,601706.40.HB.01.1,White Aluminium RAL 9006,images/sector/sector-650-02-white-aluminium.jpg,4000K,,1-10V,IP66,IK10,,2 light windows · Ø150 × 650mm,12W,1100lm,92lm/W,90°+90°,Datasheet=images/sector/datasheets/601706.40.HB.01.1.pdf;Installation=https://puk.it/wp-content/uploads/puk-files-2026/instructions/601701-601702-601703-601704-601705-601706-601707-601708-601709-601710-601711-601712-SECTOR-380-650-1000-INSTRUCTIONS.pdf;LDT=https://puk.it/wp-content/uploads/puk-files-2026/ldt/601705-08-SECTOR-650-LED.rar;BIM=https://puk.it/wp-content/uploads/puk-files-2026/revit/601706-SECTOR-650-02.rfa
Sector,,,,,,,,,,,,,,,,,,,,Sector 650 12W 90°+90°,601706.40.HB.01.D,White Aluminium RAL 9006,images/sector/sector-650-02-white-aluminium.jpg,4000K,,DALI,IP66,IK10,,2 light windows · Ø150 × 650mm,12W,1100lm,92lm/W,90°+90°,Datasheet=images/sector/datasheets/601706.40.HB.01.D.pdf;Installation=https://puk.it/wp-content/uploads/puk-files-2026/instructions/601701-601702-601703-601704-601705-601706-601707-601708-601709-601710-601711-601712-SECTOR-380-650-1000-INSTRUCTIONS.pdf;LDT=https://puk.it/wp-content/uploads/puk-files-2026/ldt/601705-08-SECTOR-650-LED.rar;BIM=https://puk.it/wp-content/uploads/puk-files-2026/revit/601706-SECTOR-650-02.rfa
Sector,,,,,,,,,,,,,,,,,,,,Sector 650 12W 180°,601706.30.HA.01.0,White Aluminium RAL 9006,images/sector/sector-650-02-white-aluminium.jpg,3000K,,On/Off,IP66,IK10,,2 light windows · Ø150 × 650mm,12W,1067lm,89lm/W,180°,Datasheet=images/sector/datasheets/601706.30.HA.01.0.pdf;Installation=https://puk.it/wp-content/uploads/puk-files-2026/instructions/601701-601702-601703-601704-601705-601706-601707-601708-601709-601710-601711-601712-SECTOR-380-650-1000-INSTRUCTIONS.pdf;LDT=https://puk.it/wp-content/uploads/puk-files-2026/ldt/601705-08-SECTOR-650-LED.rar;BIM=https://puk.it/wp-content/uploads/puk-files-2026/revit/601706-SECTOR-650-02.rfa
Sector,,,,,,,,,,,,,,,,,,,,Sector 650 12W 180°,601706.30.HA.01.1,White Aluminium RAL 9006,images/sector/sector-650-02-white-aluminium.jpg,3000K,,1-10V,IP66,IK10,,2 light windows · Ø150 × 650mm,12W,1067lm,89lm/W,180°,Datasheet=images/sector/datasheets/601706.30.HA.01.1.pdf;Installation=https://puk.it/wp-content/uploads/puk-files-2026/instructions/601701-601702-601703-601704-601705-601706-601707-601708-601709-601710-601711-601712-SECTOR-380-650-1000-INSTRUCTIONS.pdf;LDT=https://puk.it/wp-content/uploads/puk-files-2026/ldt/601705-08-SECTOR-650-LED.rar;BIM=https://puk.it/wp-content/uploads/puk-files-2026/revit/601706-SECTOR-650-02.rfa
Sector,,,,,,,,,,,,,,,,,,,,Sector 650 12W 180°,601706.30.HA.01.D,White Aluminium RAL 9006,images/sector/sector-650-02-white-aluminium.jpg,3000K,,DALI,IP66,IK10,,2 light windows · Ø150 × 650mm,12W,1067lm,89lm/W,180°,Datasheet=images/sector/datasheets/601706.30.HA.01.D.pdf;Installation=https://puk.it/wp-content/uploads/puk-files-2026/instructions/601701-601702-601703-601704-601705-601706-601707-601708-601709-601710-601711-601712-SECTOR-380-650-1000-INSTRUCTIONS.pdf;LDT=https://puk.it/wp-content/uploads/puk-files-2026/ldt/601705-08-SECTOR-650-LED.rar;BIM=https://puk.it/wp-content/uploads/puk-files-2026/revit/601706-SECTOR-650-02.rfa
Sector,,,,,,,,,,,,,,,,,,,,Sector 650 12W 180°,601706.40.HA.01.0,White Aluminium RAL 9006,images/sector/sector-650-02-white-aluminium.jpg,4000K,,On/Off,IP66,IK10,,2 light windows · Ø150 × 650mm,12W,1100lm,92lm/W,180°,Datasheet=images/sector/datasheets/601706.40.HA.01.0.pdf;Installation=https://puk.it/wp-content/uploads/puk-files-2026/instructions/601701-601702-601703-601704-601705-601706-601707-601708-601709-601710-601711-601712-SECTOR-380-650-1000-INSTRUCTIONS.pdf;LDT=https://puk.it/wp-content/uploads/puk-files-2026/ldt/601705-08-SECTOR-650-LED.rar;BIM=https://puk.it/wp-content/uploads/puk-files-2026/revit/601706-SECTOR-650-02.rfa
Sector,,,,,,,,,,,,,,,,,,,,Sector 650 12W 180°,601706.40.HA.01.1,White Aluminium RAL 9006,images/sector/sector-650-02-white-aluminium.jpg,4000K,,1-10V,IP66,IK10,,2 light windows · Ø150 × 650mm,12W,1100lm,92lm/W,180°,Datasheet=images/sector/datasheets/601706.40.HA.01.1.pdf;Installation=https://puk.it/wp-content/uploads/puk-files-2026/instructions/601701-601702-601703-601704-601705-601706-601707-601708-601709-601710-601711-601712-SECTOR-380-650-1000-INSTRUCTIONS.pdf;LDT=https://puk.it/wp-content/uploads/puk-files-2026/ldt/601705-08-SECTOR-650-LED.rar;BIM=https://puk.it/wp-content/uploads/puk-files-2026/revit/601706-SECTOR-650-02.rfa
Sector,,,,,,,,,,,,,,,,,,,,Sector 650 12W 180°,601706.40.HA.01.D,White Aluminium RAL 9006,images/sector/sector-650-02-white-aluminium.jpg,4000K,,DALI,IP66,IK10,,2 light windows · Ø150 × 650mm,12W,1100lm,92lm/W,180°,Datasheet=images/sector/datasheets/601706.40.HA.01.D.pdf;Installation=https://puk.it/wp-content/uploads/puk-files-2026/instructions/601701-601702-601703-601704-601705-601706-601707-601708-601709-601710-601711-601712-SECTOR-380-650-1000-INSTRUCTIONS.pdf;LDT=https://puk.it/wp-content/uploads/puk-files-2026/ldt/601705-08-SECTOR-650-LED.rar;BIM=https://puk.it/wp-content/uploads/puk-files-2026/revit/601706-SECTOR-650-02.rfa
Sector,,,,,,,,,,,,,,,,,,,,Sector 650 18W 270°,601707.30.HE.01.0,White Aluminium RAL 9006,images/sector/sector-650-03-white-aluminium.jpg,3000K,,On/Off,IP66,IK10,,3 light windows · Ø150 × 650mm,18W,1600lm,89lm/W,270°,Datasheet=images/sector/datasheets/601707.30.HE.01.0.pdf;Installation=https://puk.it/wp-content/uploads/puk-files-2026/instructions/601701-601702-601703-601704-601705-601706-601707-601708-601709-601710-601711-601712-SECTOR-380-650-1000-INSTRUCTIONS.pdf;LDT=https://puk.it/wp-content/uploads/puk-files-2026/ldt/601705-08-SECTOR-650-LED.rar;BIM=https://puk.it/wp-content/uploads/puk-files-2026/revit/601707-SECTOR-650-03.rfa
Sector,,,,,,,,,,,,,,,,,,,,Sector 650 18W 270°,601707.30.HE.01.1,White Aluminium RAL 9006,images/sector/sector-650-03-white-aluminium.jpg,3000K,,1-10V,IP66,IK10,,3 light windows · Ø150 × 650mm,18W,1600lm,89lm/W,270°,Datasheet=images/sector/datasheets/601707.30.HE.01.1.pdf;Installation=https://puk.it/wp-content/uploads/puk-files-2026/instructions/601701-601702-601703-601704-601705-601706-601707-601708-601709-601710-601711-601712-SECTOR-380-650-1000-INSTRUCTIONS.pdf;LDT=https://puk.it/wp-content/uploads/puk-files-2026/ldt/601705-08-SECTOR-650-LED.rar;BIM=https://puk.it/wp-content/uploads/puk-files-2026/revit/601707-SECTOR-650-03.rfa
Sector,,,,,,,,,,,,,,,,,,,,Sector 650 18W 270°,601707.30.HE.01.D,White Aluminium RAL 9006,images/sector/sector-650-03-white-aluminium.jpg,3000K,,DALI,IP66,IK10,,3 light windows · Ø150 × 650mm,18W,1600lm,89lm/W,270°,Datasheet=images/sector/datasheets/601707.30.HE.01.D.pdf;Installation=https://puk.it/wp-content/uploads/puk-files-2026/instructions/601701-601702-601703-601704-601705-601706-601707-601708-601709-601710-601711-601712-SECTOR-380-650-1000-INSTRUCTIONS.pdf;LDT=https://puk.it/wp-content/uploads/puk-files-2026/ldt/601705-08-SECTOR-650-LED.rar;BIM=https://puk.it/wp-content/uploads/puk-files-2026/revit/601707-SECTOR-650-03.rfa
Sector,,,,,,,,,,,,,,,,,,,,Sector 650 18W 270°,601707.40.HE.01.0,White Aluminium RAL 9006,images/sector/sector-650-03-white-aluminium.jpg,4000K,,On/Off,IP66,IK10,,3 light windows · Ø150 × 650mm,18W,1650lm,92lm/W,270°,Datasheet=images/sector/datasheets/601707.40.HE.01.0.pdf;Installation=https://puk.it/wp-content/uploads/puk-files-2026/instructions/601701-601702-601703-601704-601705-601706-601707-601708-601709-601710-601711-601712-SECTOR-380-650-1000-INSTRUCTIONS.pdf;LDT=https://puk.it/wp-content/uploads/puk-files-2026/ldt/601705-08-SECTOR-650-LED.rar;BIM=https://puk.it/wp-content/uploads/puk-files-2026/revit/601707-SECTOR-650-03.rfa
Sector,,,,,,,,,,,,,,,,,,,,Sector 650 18W 270°,601707.40.HE.01.1,White Aluminium RAL 9006,images/sector/sector-650-03-white-aluminium.jpg,4000K,,1-10V,IP66,IK10,,3 light windows · Ø150 × 650mm,18W,1650lm,92lm/W,270°,Datasheet=images/sector/datasheets/601707.40.HE.01.1.pdf;Installation=https://puk.it/wp-content/uploads/puk-files-2026/instructions/601701-601702-601703-601704-601705-601706-601707-601708-601709-601710-601711-601712-SECTOR-380-650-1000-INSTRUCTIONS.pdf;LDT=https://puk.it/wp-content/uploads/puk-files-2026/ldt/601705-08-SECTOR-650-LED.rar;BIM=https://puk.it/wp-content/uploads/puk-files-2026/revit/601707-SECTOR-650-03.rfa
Sector,,,,,,,,,,,,,,,,,,,,Sector 650 18W 270°,601707.40.HE.01.D,White Aluminium RAL 9006,images/sector/sector-650-03-white-aluminium.jpg,4000K,,DALI,IP66,IK10,,3 light windows · Ø150 × 650mm,18W,1650lm,92lm/W,270°,Datasheet=images/sector/datasheets/601707.40.HE.01.D.pdf;Installation=https://puk.it/wp-content/uploads/puk-files-2026/instructions/601701-601702-601703-601704-601705-601706-601707-601708-601709-601710-601711-601712-SECTOR-380-650-1000-INSTRUCTIONS.pdf;LDT=https://puk.it/wp-content/uploads/puk-files-2026/ldt/601705-08-SECTOR-650-LED.rar;BIM=https://puk.it/wp-content/uploads/puk-files-2026/revit/601707-SECTOR-650-03.rfa
Sector,,,,,,,,,,,,,,,,,,,,Sector 650 24W 360°,601708.30.AL.01.0,White Aluminium RAL 9006,images/sector/sector-650-04-white-aluminium.jpg,3000K,,On/Off,IP66,IK10,,4 light windows · Ø150 × 650mm,24W,2134lm,89lm/W,360°,Datasheet=images/sector/datasheets/601708.30.AL.01.0.pdf;Installation=https://puk.it/wp-content/uploads/puk-files-2026/instructions/601701-601702-601703-601704-601705-601706-601707-601708-601709-601710-601711-601712-SECTOR-380-650-1000-INSTRUCTIONS.pdf;LDT=https://puk.it/wp-content/uploads/puk-files-2026/ldt/601705-08-SECTOR-650-LED.rar;BIM=https://puk.it/wp-content/uploads/puk-files-2026/revit/601708-SECTOR-650-04.rfa
Sector,,,,,,,,,,,,,,,,,,,,Sector 650 24W 360°,601708.30.AL.01.1,White Aluminium RAL 9006,images/sector/sector-650-04-white-aluminium.jpg,3000K,,1-10V,IP66,IK10,,4 light windows · Ø150 × 650mm,24W,2134lm,89lm/W,360°,Datasheet=images/sector/datasheets/601708.30.AL.01.1.pdf;Installation=https://puk.it/wp-content/uploads/puk-files-2026/instructions/601701-601702-601703-601704-601705-601706-601707-601708-601709-601710-601711-601712-SECTOR-380-650-1000-INSTRUCTIONS.pdf;LDT=https://puk.it/wp-content/uploads/puk-files-2026/ldt/601705-08-SECTOR-650-LED.rar;BIM=https://puk.it/wp-content/uploads/puk-files-2026/revit/601708-SECTOR-650-04.rfa
Sector,,,,,,,,,,,,,,,,,,,,Sector 650 24W 360°,601708.30.AL.01.D,White Aluminium RAL 9006,images/sector/sector-650-04-white-aluminium.jpg,3000K,,DALI,IP66,IK10,,4 light windows · Ø150 × 650mm,24W,2134lm,89lm/W,360°,Datasheet=images/sector/datasheets/601708.30.AL.01.D.pdf;Installation=https://puk.it/wp-content/uploads/puk-files-2026/instructions/601701-601702-601703-601704-601705-601706-601707-601708-601709-601710-601711-601712-SECTOR-380-650-1000-INSTRUCTIONS.pdf;LDT=https://puk.it/wp-content/uploads/puk-files-2026/ldt/601705-08-SECTOR-650-LED.rar;BIM=https://puk.it/wp-content/uploads/puk-files-2026/revit/601708-SECTOR-650-04.rfa
Sector,,,,,,,,,,,,,,,,,,,,Sector 650 24W 360°,601708.40.AL.01.0,White Aluminium RAL 9006,images/sector/sector-650-04-white-aluminium.jpg,4000K,,On/Off,IP66,IK10,,4 light windows · Ø150 × 650mm,24W,2200lm,92lm/W,360°,Datasheet=images/sector/datasheets/601708.40.AL.01.0.pdf;Installation=https://puk.it/wp-content/uploads/puk-files-2026/instructions/601701-601702-601703-601704-601705-601706-601707-601708-601709-601710-601711-601712-SECTOR-380-650-1000-INSTRUCTIONS.pdf;LDT=https://puk.it/wp-content/uploads/puk-files-2026/ldt/601705-08-SECTOR-650-LED.rar;BIM=https://puk.it/wp-content/uploads/puk-files-2026/revit/601708-SECTOR-650-04.rfa
Sector,,,,,,,,,,,,,,,,,,,,Sector 650 24W 360°,601708.40.AL.01.1,White Aluminium RAL 9006,images/sector/sector-650-04-white-aluminium.jpg,4000K,,1-10V,IP66,IK10,,4 light windows · Ø150 × 650mm,24W,2200lm,92lm/W,360°,Datasheet=images/sector/datasheets/601708.40.AL.01.1.pdf;Installation=https://puk.it/wp-content/uploads/puk-files-2026/instructions/601701-601702-601703-601704-601705-601706-601707-601708-601709-601710-601711-601712-SECTOR-380-650-1000-INSTRUCTIONS.pdf;LDT=https://puk.it/wp-content/uploads/puk-files-2026/ldt/601705-08-SECTOR-650-LED.rar;BIM=https://puk.it/wp-content/uploads/puk-files-2026/revit/601708-SECTOR-650-04.rfa
Sector,,,,,,,,,,,,,,,,,,,,Sector 650 24W 360°,601708.40.AL.01.D,White Aluminium RAL 9006,images/sector/sector-650-04-white-aluminium.jpg,4000K,,DALI,IP66,IK10,,4 light windows · Ø150 × 650mm,24W,2200lm,92lm/W,360°,Datasheet=images/sector/datasheets/601708.40.AL.01.D.pdf;Installation=https://puk.it/wp-content/uploads/puk-files-2026/instructions/601701-601702-601703-601704-601705-601706-601707-601708-601709-601710-601711-601712-SECTOR-380-650-1000-INSTRUCTIONS.pdf;LDT=https://puk.it/wp-content/uploads/puk-files-2026/ldt/601705-08-SECTOR-650-LED.rar;BIM=https://puk.it/wp-content/uploads/puk-files-2026/revit/601708-SECTOR-650-04.rfa
Sector,,,,,,,,,,,,,,,,,,,,Sector 650 6W 90°,601705.30.90.02.0,Anthracite Grey RAL 7016,images/sector/sector-650-01-anthracite-grey.jpg,3000K,,On/Off,IP66,IK10,,1 light window · Ø150 × 650mm,6W,533lm,89lm/W,90°,Datasheet=images/sector/datasheets/601705.30.90.02.0.pdf;Installation=https://puk.it/wp-content/uploads/puk-files-2026/instructions/601701-601702-601703-601704-601705-601706-601707-601708-601709-601710-601711-601712-SECTOR-380-650-1000-INSTRUCTIONS.pdf;LDT=https://puk.it/wp-content/uploads/puk-files-2026/ldt/601705-08-SECTOR-650-LED.rar;BIM=https://puk.it/wp-content/uploads/puk-files-2026/revit/601705-SECTOR-650-01.rfa
Sector,,,,,,,,,,,,,,,,,,,,Sector 650 6W 90°,601705.30.90.02.1,Anthracite Grey RAL 7016,images/sector/sector-650-01-anthracite-grey.jpg,3000K,,1-10V,IP66,IK10,,1 light window · Ø150 × 650mm,6W,533lm,89lm/W,90°,Datasheet=images/sector/datasheets/601705.30.90.02.1.pdf;Installation=https://puk.it/wp-content/uploads/puk-files-2026/instructions/601701-601702-601703-601704-601705-601706-601707-601708-601709-601710-601711-601712-SECTOR-380-650-1000-INSTRUCTIONS.pdf;LDT=https://puk.it/wp-content/uploads/puk-files-2026/ldt/601705-08-SECTOR-650-LED.rar;BIM=https://puk.it/wp-content/uploads/puk-files-2026/revit/601705-SECTOR-650-01.rfa
Sector,,,,,,,,,,,,,,,,,,,,Sector 650 6W 90°,601705.30.90.02.D,Anthracite Grey RAL 7016,images/sector/sector-650-01-anthracite-grey.jpg,3000K,,DALI,IP66,IK10,,1 light window · Ø150 × 650mm,6W,533lm,89lm/W,90°,Datasheet=images/sector/datasheets/601705.30.90.02.D.pdf;Installation=https://puk.it/wp-content/uploads/puk-files-2026/instructions/601701-601702-601703-601704-601705-601706-601707-601708-601709-601710-601711-601712-SECTOR-380-650-1000-INSTRUCTIONS.pdf;LDT=https://puk.it/wp-content/uploads/puk-files-2026/ldt/601705-08-SECTOR-650-LED.rar;BIM=https://puk.it/wp-content/uploads/puk-files-2026/revit/601705-SECTOR-650-01.rfa
Sector,,,,,,,,,,,,,,,,,,,,Sector 650 6W 90°,601705.40.90.02.0,Anthracite Grey RAL 7016,images/sector/sector-650-01-anthracite-grey.jpg,4000K,,On/Off,IP66,IK10,,1 light window · Ø150 × 650mm,6W,550lm,92lm/W,90°,Datasheet=images/sector/datasheets/601705.40.90.02.0.pdf;Installation=https://puk.it/wp-content/uploads/puk-files-2026/instructions/601701-601702-601703-601704-601705-601706-601707-601708-601709-601710-601711-601712-SECTOR-380-650-1000-INSTRUCTIONS.pdf;LDT=https://puk.it/wp-content/uploads/puk-files-2026/ldt/601705-08-SECTOR-650-LED.rar;BIM=https://puk.it/wp-content/uploads/puk-files-2026/revit/601705-SECTOR-650-01.rfa
Sector,,,,,,,,,,,,,,,,,,,,Sector 650 6W 90°,601705.40.90.02.1,Anthracite Grey RAL 7016,images/sector/sector-650-01-anthracite-grey.jpg,4000K,,1-10V,IP66,IK10,,1 light window · Ø150 × 650mm,6W,550lm,92lm/W,90°,Datasheet=images/sector/datasheets/601705.40.90.02.1.pdf;Installation=https://puk.it/wp-content/uploads/puk-files-2026/instructions/601701-601702-601703-601704-601705-601706-601707-601708-601709-601710-601711-601712-SECTOR-380-650-1000-INSTRUCTIONS.pdf;LDT=https://puk.it/wp-content/uploads/puk-files-2026/ldt/601705-08-SECTOR-650-LED.rar;BIM=https://puk.it/wp-content/uploads/puk-files-2026/revit/601705-SECTOR-650-01.rfa
Sector,,,,,,,,,,,,,,,,,,,,Sector 650 6W 90°,601705.40.90.02.D,Anthracite Grey RAL 7016,images/sector/sector-650-01-anthracite-grey.jpg,4000K,,DALI,IP66,IK10,,1 light window · Ø150 × 650mm,6W,550lm,92lm/W,90°,Datasheet=images/sector/datasheets/601705.40.90.02.D.pdf;Installation=https://puk.it/wp-content/uploads/puk-files-2026/instructions/601701-601702-601703-601704-601705-601706-601707-601708-601709-601710-601711-601712-SECTOR-380-650-1000-INSTRUCTIONS.pdf;LDT=https://puk.it/wp-content/uploads/puk-files-2026/ldt/601705-08-SECTOR-650-LED.rar;BIM=https://puk.it/wp-content/uploads/puk-files-2026/revit/601705-SECTOR-650-01.rfa
Sector,,,,,,,,,,,,,,,,,,,,Sector 650 12W 90°+90°,601706.30.HB.02.0,Anthracite Grey RAL 7016,images/sector/sector-650-02-anthracite-grey.jpg,3000K,,On/Off,IP66,IK10,,2 light windows · Ø150 × 650mm,12W,1067lm,89lm/W,90°+90°,Datasheet=images/sector/datasheets/601706.30.HB.02.0.pdf;Installation=https://puk.it/wp-content/uploads/puk-files-2026/instructions/601701-601702-601703-601704-601705-601706-601707-601708-601709-601710-601711-601712-SECTOR-380-650-1000-INSTRUCTIONS.pdf;LDT=https://puk.it/wp-content/uploads/puk-files-2026/ldt/601705-08-SECTOR-650-LED.rar;BIM=https://puk.it/wp-content/uploads/puk-files-2026/revit/601706-SECTOR-650-02.rfa
Sector,,,,,,,,,,,,,,,,,,,,Sector 650 12W 90°+90°,601706.30.HB.02.1,Anthracite Grey RAL 7016,images/sector/sector-650-02-anthracite-grey.jpg,3000K,,1-10V,IP66,IK10,,2 light windows · Ø150 × 650mm,12W,1067lm,89lm/W,90°+90°,Datasheet=images/sector/datasheets/601706.30.HB.02.1.pdf;Installation=https://puk.it/wp-content/uploads/puk-files-2026/instructions/601701-601702-601703-601704-601705-601706-601707-601708-601709-601710-601711-601712-SECTOR-380-650-1000-INSTRUCTIONS.pdf;LDT=https://puk.it/wp-content/uploads/puk-files-2026/ldt/601705-08-SECTOR-650-LED.rar;BIM=https://puk.it/wp-content/uploads/puk-files-2026/revit/601706-SECTOR-650-02.rfa
Sector,,,,,,,,,,,,,,,,,,,,Sector 650 12W 90°+90°,601706.30.HB.02.D,Anthracite Grey RAL 7016,images/sector/sector-650-02-anthracite-grey.jpg,3000K,,DALI,IP66,IK10,,2 light windows · Ø150 × 650mm,12W,1067lm,89lm/W,90°+90°,Datasheet=images/sector/datasheets/601706.30.HB.02.D.pdf;Installation=https://puk.it/wp-content/uploads/puk-files-2026/instructions/601701-601702-601703-601704-601705-601706-601707-601708-601709-601710-601711-601712-SECTOR-380-650-1000-INSTRUCTIONS.pdf;LDT=https://puk.it/wp-content/uploads/puk-files-2026/ldt/601705-08-SECTOR-650-LED.rar;BIM=https://puk.it/wp-content/uploads/puk-files-2026/revit/601706-SECTOR-650-02.rfa
Sector,,,,,,,,,,,,,,,,,,,,Sector 650 12W 90°+90°,601706.40.HB.02.0,Anthracite Grey RAL 7016,images/sector/sector-650-02-anthracite-grey.jpg,4000K,,On/Off,IP66,IK10,,2 light windows · Ø150 × 650mm,12W,1100lm,92lm/W,90°+90°,Datasheet=images/sector/datasheets/601706.40.HB.02.0.pdf;Installation=https://puk.it/wp-content/uploads/puk-files-2026/instructions/601701-601702-601703-601704-601705-601706-601707-601708-601709-601710-601711-601712-SECTOR-380-650-1000-INSTRUCTIONS.pdf;LDT=https://puk.it/wp-content/uploads/puk-files-2026/ldt/601705-08-SECTOR-650-LED.rar;BIM=https://puk.it/wp-content/uploads/puk-files-2026/revit/601706-SECTOR-650-02.rfa
Sector,,,,,,,,,,,,,,,,,,,,Sector 650 12W 90°+90°,601706.40.HB.02.1,Anthracite Grey RAL 7016,images/sector/sector-650-02-anthracite-grey.jpg,4000K,,1-10V,IP66,IK10,,2 light windows · Ø150 × 650mm,12W,1100lm,92lm/W,90°+90°,Datasheet=images/sector/datasheets/601706.40.HB.02.1.pdf;Installation=https://puk.it/wp-content/uploads/puk-files-2026/instructions/601701-601702-601703-601704-601705-601706-601707-601708-601709-601710-601711-601712-SECTOR-380-650-1000-INSTRUCTIONS.pdf;LDT=https://puk.it/wp-content/uploads/puk-files-2026/ldt/601705-08-SECTOR-650-LED.rar;BIM=https://puk.it/wp-content/uploads/puk-files-2026/revit/601706-SECTOR-650-02.rfa
Sector,,,,,,,,,,,,,,,,,,,,Sector 650 12W 90°+90°,601706.40.HB.02.D,Anthracite Grey RAL 7016,images/sector/sector-650-02-anthracite-grey.jpg,4000K,,DALI,IP66,IK10,,2 light windows · Ø150 × 650mm,12W,1100lm,92lm/W,90°+90°,Datasheet=images/sector/datasheets/601706.40.HB.02.D.pdf;Installation=https://puk.it/wp-content/uploads/puk-files-2026/instructions/601701-601702-601703-601704-601705-601706-601707-601708-601709-601710-601711-601712-SECTOR-380-650-1000-INSTRUCTIONS.pdf;LDT=https://puk.it/wp-content/uploads/puk-files-2026/ldt/601705-08-SECTOR-650-LED.rar;BIM=https://puk.it/wp-content/uploads/puk-files-2026/revit/601706-SECTOR-650-02.rfa
Sector,,,,,,,,,,,,,,,,,,,,Sector 650 12W 180°,601706.30.HA.02.0,Anthracite Grey RAL 7016,images/sector/sector-650-02-anthracite-grey.jpg,3000K,,On/Off,IP66,IK10,,2 light windows · Ø150 × 650mm,12W,1067lm,89lm/W,180°,Datasheet=images/sector/datasheets/601706.30.HA.02.0.pdf;Installation=https://puk.it/wp-content/uploads/puk-files-2026/instructions/601701-601702-601703-601704-601705-601706-601707-601708-601709-601710-601711-601712-SECTOR-380-650-1000-INSTRUCTIONS.pdf;LDT=https://puk.it/wp-content/uploads/puk-files-2026/ldt/601705-08-SECTOR-650-LED.rar;BIM=https://puk.it/wp-content/uploads/puk-files-2026/revit/601706-SECTOR-650-02.rfa
Sector,,,,,,,,,,,,,,,,,,,,Sector 650 12W 180°,601706.30.HA.02.1,Anthracite Grey RAL 7016,images/sector/sector-650-02-anthracite-grey.jpg,3000K,,1-10V,IP66,IK10,,2 light windows · Ø150 × 650mm,12W,1067lm,89lm/W,180°,Datasheet=images/sector/datasheets/601706.30.HA.02.1.pdf;Installation=https://puk.it/wp-content/uploads/puk-files-2026/instructions/601701-601702-601703-601704-601705-601706-601707-601708-601709-601710-601711-601712-SECTOR-380-650-1000-INSTRUCTIONS.pdf;LDT=https://puk.it/wp-content/uploads/puk-files-2026/ldt/601705-08-SECTOR-650-LED.rar;BIM=https://puk.it/wp-content/uploads/puk-files-2026/revit/601706-SECTOR-650-02.rfa
Sector,,,,,,,,,,,,,,,,,,,,Sector 650 12W 180°,601706.30.HA.02.D,Anthracite Grey RAL 7016,images/sector/sector-650-02-anthracite-grey.jpg,3000K,,DALI,IP66,IK10,,2 light windows · Ø150 × 650mm,12W,1067lm,89lm/W,180°,Datasheet=images/sector/datasheets/601706.30.HA.02.D.pdf;Installation=https://puk.it/wp-content/uploads/puk-files-2026/instructions/601701-601702-601703-601704-601705-601706-601707-601708-601709-601710-601711-601712-SECTOR-380-650-1000-INSTRUCTIONS.pdf;LDT=https://puk.it/wp-content/uploads/puk-files-2026/ldt/601705-08-SECTOR-650-LED.rar;BIM=https://puk.it/wp-content/uploads/puk-files-2026/revit/601706-SECTOR-650-02.rfa
Sector,,,,,,,,,,,,,,,,,,,,Sector 650 12W 180°,601706.40.HA.02.0,Anthracite Grey RAL 7016,images/sector/sector-650-02-anthracite-grey.jpg,4000K,,On/Off,IP66,IK10,,2 light windows · Ø150 × 650mm,12W,1100lm,92lm/W,180°,Datasheet=images/sector/datasheets/601706.40.HA.02.0.pdf;Installation=https://puk.it/wp-content/uploads/puk-files-2026/instructions/601701-601702-601703-601704-601705-601706-601707-601708-601709-601710-601711-601712-SECTOR-380-650-1000-INSTRUCTIONS.pdf;LDT=https://puk.it/wp-content/uploads/puk-files-2026/ldt/601705-08-SECTOR-650-LED.rar;BIM=https://puk.it/wp-content/uploads/puk-files-2026/revit/601706-SECTOR-650-02.rfa
Sector,,,,,,,,,,,,,,,,,,,,Sector 650 12W 180°,601706.40.HA.02.1,Anthracite Grey RAL 7016,images/sector/sector-650-02-anthracite-grey.jpg,4000K,,1-10V,IP66,IK10,,2 light windows · Ø150 × 650mm,12W,1100lm,92lm/W,180°,Datasheet=images/sector/datasheets/601706.40.HA.02.1.pdf;Installation=https://puk.it/wp-content/uploads/puk-files-2026/instructions/601701-601702-601703-601704-601705-601706-601707-601708-601709-601710-601711-601712-SECTOR-380-650-1000-INSTRUCTIONS.pdf;LDT=https://puk.it/wp-content/uploads/puk-files-2026/ldt/601705-08-SECTOR-650-LED.rar;BIM=https://puk.it/wp-content/uploads/puk-files-2026/revit/601706-SECTOR-650-02.rfa
Sector,,,,,,,,,,,,,,,,,,,,Sector 650 12W 180°,601706.40.HA.02.D,Anthracite Grey RAL 7016,images/sector/sector-650-02-anthracite-grey.jpg,4000K,,DALI,IP66,IK10,,2 light windows · Ø150 × 650mm,12W,1100lm,92lm/W,180°,Datasheet=images/sector/datasheets/601706.40.HA.02.D.pdf;Installation=https://puk.it/wp-content/uploads/puk-files-2026/instructions/601701-601702-601703-601704-601705-601706-601707-601708-601709-601710-601711-601712-SECTOR-380-650-1000-INSTRUCTIONS.pdf;LDT=https://puk.it/wp-content/uploads/puk-files-2026/ldt/601705-08-SECTOR-650-LED.rar;BIM=https://puk.it/wp-content/uploads/puk-files-2026/revit/601706-SECTOR-650-02.rfa
Sector,,,,,,,,,,,,,,,,,,,,Sector 650 18W 270°,601707.30.HE.02.0,Anthracite Grey RAL 7016,images/sector/sector-650-03-anthracite-grey.jpg,3000K,,On/Off,IP66,IK10,,3 light windows · Ø150 × 650mm,18W,1600lm,89lm/W,270°,Datasheet=images/sector/datasheets/601707.30.HE.02.0.pdf;Installation=https://puk.it/wp-content/uploads/puk-files-2026/instructions/601701-601702-601703-601704-601705-601706-601707-601708-601709-601710-601711-601712-SECTOR-380-650-1000-INSTRUCTIONS.pdf;LDT=https://puk.it/wp-content/uploads/puk-files-2026/ldt/601705-08-SECTOR-650-LED.rar;BIM=https://puk.it/wp-content/uploads/puk-files-2026/revit/601707-SECTOR-650-03.rfa
Sector,,,,,,,,,,,,,,,,,,,,Sector 650 18W 270°,601707.30.HE.02.1,Anthracite Grey RAL 7016,images/sector/sector-650-03-anthracite-grey.jpg,3000K,,1-10V,IP66,IK10,,3 light windows · Ø150 × 650mm,18W,1600lm,89lm/W,270°,Datasheet=images/sector/datasheets/601707.30.HE.02.1.pdf;Installation=https://puk.it/wp-content/uploads/puk-files-2026/instructions/601701-601702-601703-601704-601705-601706-601707-601708-601709-601710-601711-601712-SECTOR-380-650-1000-INSTRUCTIONS.pdf;LDT=https://puk.it/wp-content/uploads/puk-files-2026/ldt/601705-08-SECTOR-650-LED.rar;BIM=https://puk.it/wp-content/uploads/puk-files-2026/revit/601707-SECTOR-650-03.rfa
Sector,,,,,,,,,,,,,,,,,,,,Sector 650 18W 270°,601707.30.HE.02.D,Anthracite Grey RAL 7016,images/sector/sector-650-03-anthracite-grey.jpg,3000K,,DALI,IP66,IK10,,3 light windows · Ø150 × 650mm,18W,1600lm,89lm/W,270°,Datasheet=images/sector/datasheets/601707.30.HE.02.D.pdf;Installation=https://puk.it/wp-content/uploads/puk-files-2026/instructions/601701-601702-601703-601704-601705-601706-601707-601708-601709-601710-601711-601712-SECTOR-380-650-1000-INSTRUCTIONS.pdf;LDT=https://puk.it/wp-content/uploads/puk-files-2026/ldt/601705-08-SECTOR-650-LED.rar;BIM=https://puk.it/wp-content/uploads/puk-files-2026/revit/601707-SECTOR-650-03.rfa
Sector,,,,,,,,,,,,,,,,,,,,Sector 650 18W 270°,601707.40.HE.02.0,Anthracite Grey RAL 7016,images/sector/sector-650-03-anthracite-grey.jpg,4000K,,On/Off,IP66,IK10,,3 light windows · Ø150 × 650mm,18W,1650lm,92lm/W,270°,Datasheet=images/sector/datasheets/601707.40.HE.02.0.pdf;Installation=https://puk.it/wp-content/uploads/puk-files-2026/instructions/601701-601702-601703-601704-601705-601706-601707-601708-601709-601710-601711-601712-SECTOR-380-650-1000-INSTRUCTIONS.pdf;LDT=https://puk.it/wp-content/uploads/puk-files-2026/ldt/601705-08-SECTOR-650-LED.rar;BIM=https://puk.it/wp-content/uploads/puk-files-2026/revit/601707-SECTOR-650-03.rfa
Sector,,,,,,,,,,,,,,,,,,,,Sector 650 18W 270°,601707.40.HE.02.1,Anthracite Grey RAL 7016,images/sector/sector-650-03-anthracite-grey.jpg,4000K,,1-10V,IP66,IK10,,3 light windows · Ø150 × 650mm,18W,1650lm,92lm/W,270°,Datasheet=images/sector/datasheets/601707.40.HE.02.1.pdf;Installation=https://puk.it/wp-content/uploads/puk-files-2026/instructions/601701-601702-601703-601704-601705-601706-601707-601708-601709-601710-601711-601712-SECTOR-380-650-1000-INSTRUCTIONS.pdf;LDT=https://puk.it/wp-content/uploads/puk-files-2026/ldt/601705-08-SECTOR-650-LED.rar;BIM=https://puk.it/wp-content/uploads/puk-files-2026/revit/601707-SECTOR-650-03.rfa
Sector,,,,,,,,,,,,,,,,,,,,Sector 650 18W 270°,601707.40.HE.02.D,Anthracite Grey RAL 7016,images/sector/sector-650-03-anthracite-grey.jpg,4000K,,DALI,IP66,IK10,,3 light windows · Ø150 × 650mm,18W,1650lm,92lm/W,270°,Datasheet=images/sector/datasheets/601707.40.HE.02.D.pdf;Installation=https://puk.it/wp-content/uploads/puk-files-2026/instructions/601701-601702-601703-601704-601705-601706-601707-601708-601709-601710-601711-601712-SECTOR-380-650-1000-INSTRUCTIONS.pdf;LDT=https://puk.it/wp-content/uploads/puk-files-2026/ldt/601705-08-SECTOR-650-LED.rar;BIM=https://puk.it/wp-content/uploads/puk-files-2026/revit/601707-SECTOR-650-03.rfa
Sector,,,,,,,,,,,,,,,,,,,,Sector 650 24W 360°,601708.30.AL.02.0,Anthracite Grey RAL 7016,images/sector/sector-650-04-anthracite-grey.jpg,3000K,,On/Off,IP66,IK10,,4 light windows · Ø150 × 650mm,24W,2134lm,89lm/W,360°,Datasheet=images/sector/datasheets/601708.30.AL.02.0.pdf;Installation=https://puk.it/wp-content/uploads/puk-files-2026/instructions/601701-601702-601703-601704-601705-601706-601707-601708-601709-601710-601711-601712-SECTOR-380-650-1000-INSTRUCTIONS.pdf;LDT=https://puk.it/wp-content/uploads/puk-files-2026/ldt/601705-08-SECTOR-650-LED.rar;BIM=https://puk.it/wp-content/uploads/puk-files-2026/revit/601708-SECTOR-650-04.rfa
Sector,,,,,,,,,,,,,,,,,,,,Sector 650 24W 360°,601708.30.AL.02.1,Anthracite Grey RAL 7016,images/sector/sector-650-04-anthracite-grey.jpg,3000K,,1-10V,IP66,IK10,,4 light windows · Ø150 × 650mm,24W,2134lm,89lm/W,360°,Datasheet=images/sector/datasheets/601708.30.AL.02.1.pdf;Installation=https://puk.it/wp-content/uploads/puk-files-2026/instructions/601701-601702-601703-601704-601705-601706-601707-601708-601709-601710-601711-601712-SECTOR-380-650-1000-INSTRUCTIONS.pdf;LDT=https://puk.it/wp-content/uploads/puk-files-2026/ldt/601705-08-SECTOR-650-LED.rar;BIM=https://puk.it/wp-content/uploads/puk-files-2026/revit/601708-SECTOR-650-04.rfa
Sector,,,,,,,,,,,,,,,,,,,,Sector 650 24W 360°,601708.30.AL.02.D,Anthracite Grey RAL 7016,images/sector/sector-650-04-anthracite-grey.jpg,3000K,,DALI,IP66,IK10,,4 light windows · Ø150 × 650mm,24W,2134lm,89lm/W,360°,Datasheet=images/sector/datasheets/601708.30.AL.02.D.pdf;Installation=https://puk.it/wp-content/uploads/puk-files-2026/instructions/601701-601702-601703-601704-601705-601706-601707-601708-601709-601710-601711-601712-SECTOR-380-650-1000-INSTRUCTIONS.pdf;LDT=https://puk.it/wp-content/uploads/puk-files-2026/ldt/601705-08-SECTOR-650-LED.rar;BIM=https://puk.it/wp-content/uploads/puk-files-2026/revit/601708-SECTOR-650-04.rfa
Sector,,,,,,,,,,,,,,,,,,,,Sector 650 24W 360°,601708.40.AL.02.0,Anthracite Grey RAL 7016,images/sector/sector-650-04-anthracite-grey.jpg,4000K,,On/Off,IP66,IK10,,4 light windows · Ø150 × 650mm,24W,2200lm,92lm/W,360°,Datasheet=images/sector/datasheets/601708.40.AL.02.0.pdf;Installation=https://puk.it/wp-content/uploads/puk-files-2026/instructions/601701-601702-601703-601704-601705-601706-601707-601708-601709-601710-601711-601712-SECTOR-380-650-1000-INSTRUCTIONS.pdf;LDT=https://puk.it/wp-content/uploads/puk-files-2026/ldt/601705-08-SECTOR-650-LED.rar;BIM=https://puk.it/wp-content/uploads/puk-files-2026/revit/601708-SECTOR-650-04.rfa
Sector,,,,,,,,,,,,,,,,,,,,Sector 650 24W 360°,601708.40.AL.02.1,Anthracite Grey RAL 7016,images/sector/sector-650-04-anthracite-grey.jpg,4000K,,1-10V,IP66,IK10,,4 light windows · Ø150 × 650mm,24W,2200lm,92lm/W,360°,Datasheet=images/sector/datasheets/601708.40.AL.02.1.pdf;Installation=https://puk.it/wp-content/uploads/puk-files-2026/instructions/601701-601702-601703-601704-601705-601706-601707-601708-601709-601710-601711-601712-SECTOR-380-650-1000-INSTRUCTIONS.pdf;LDT=https://puk.it/wp-content/uploads/puk-files-2026/ldt/601705-08-SECTOR-650-LED.rar;BIM=https://puk.it/wp-content/uploads/puk-files-2026/revit/601708-SECTOR-650-04.rfa
Sector,,,,,,,,,,,,,,,,,,,,Sector 650 24W 360°,601708.40.AL.02.D,Anthracite Grey RAL 7016,images/sector/sector-650-04-anthracite-grey.jpg,4000K,,DALI,IP66,IK10,,4 light windows · Ø150 × 650mm,24W,2200lm,92lm/W,360°,Datasheet=images/sector/datasheets/601708.40.AL.02.D.pdf;Installation=https://puk.it/wp-content/uploads/puk-files-2026/instructions/601701-601702-601703-601704-601705-601706-601707-601708-601709-601710-601711-601712-SECTOR-380-650-1000-INSTRUCTIONS.pdf;LDT=https://puk.it/wp-content/uploads/puk-files-2026/ldt/601705-08-SECTOR-650-LED.rar;BIM=https://puk.it/wp-content/uploads/puk-files-2026/revit/601708-SECTOR-650-04.rfa
Sector,,,,,,,,,,,,,,,,,,,,Sector 650 6W 90°,601705.30.90.03.0,Matt Black,images/sector/sector-650-01-matt-black.jpg,3000K,,On/Off,IP66,IK10,,1 light window · Ø150 × 650mm,6W,533lm,89lm/W,90°,Datasheet=images/sector/datasheets/601705.30.90.03.0.pdf;Installation=https://puk.it/wp-content/uploads/puk-files-2026/instructions/601701-601702-601703-601704-601705-601706-601707-601708-601709-601710-601711-601712-SECTOR-380-650-1000-INSTRUCTIONS.pdf;LDT=https://puk.it/wp-content/uploads/puk-files-2026/ldt/601705-08-SECTOR-650-LED.rar;BIM=https://puk.it/wp-content/uploads/puk-files-2026/revit/601705-SECTOR-650-01.rfa
Sector,,,,,,,,,,,,,,,,,,,,Sector 650 6W 90°,601705.30.90.03.1,Matt Black,images/sector/sector-650-01-matt-black.jpg,3000K,,1-10V,IP66,IK10,,1 light window · Ø150 × 650mm,6W,533lm,89lm/W,90°,Datasheet=images/sector/datasheets/601705.30.90.03.1.pdf;Installation=https://puk.it/wp-content/uploads/puk-files-2026/instructions/601701-601702-601703-601704-601705-601706-601707-601708-601709-601710-601711-601712-SECTOR-380-650-1000-INSTRUCTIONS.pdf;LDT=https://puk.it/wp-content/uploads/puk-files-2026/ldt/601705-08-SECTOR-650-LED.rar;BIM=https://puk.it/wp-content/uploads/puk-files-2026/revit/601705-SECTOR-650-01.rfa
Sector,,,,,,,,,,,,,,,,,,,,Sector 650 6W 90°,601705.30.90.03.D,Matt Black,images/sector/sector-650-01-matt-black.jpg,3000K,,DALI,IP66,IK10,,1 light window · Ø150 × 650mm,6W,533lm,89lm/W,90°,Datasheet=images/sector/datasheets/601705.30.90.03.D.pdf;Installation=https://puk.it/wp-content/uploads/puk-files-2026/instructions/601701-601702-601703-601704-601705-601706-601707-601708-601709-601710-601711-601712-SECTOR-380-650-1000-INSTRUCTIONS.pdf;LDT=https://puk.it/wp-content/uploads/puk-files-2026/ldt/601705-08-SECTOR-650-LED.rar;BIM=https://puk.it/wp-content/uploads/puk-files-2026/revit/601705-SECTOR-650-01.rfa
Sector,,,,,,,,,,,,,,,,,,,,Sector 650 6W 90°,601705.40.90.03.0,Matt Black,images/sector/sector-650-01-matt-black.jpg,4000K,,On/Off,IP66,IK10,,1 light window · Ø150 × 650mm,6W,550lm,92lm/W,90°,Datasheet=images/sector/datasheets/601705.40.90.03.0.pdf;Installation=https://puk.it/wp-content/uploads/puk-files-2026/instructions/601701-601702-601703-601704-601705-601706-601707-601708-601709-601710-601711-601712-SECTOR-380-650-1000-INSTRUCTIONS.pdf;LDT=https://puk.it/wp-content/uploads/puk-files-2026/ldt/601705-08-SECTOR-650-LED.rar;BIM=https://puk.it/wp-content/uploads/puk-files-2026/revit/601705-SECTOR-650-01.rfa
Sector,,,,,,,,,,,,,,,,,,,,Sector 650 6W 90°,601705.40.90.03.1,Matt Black,images/sector/sector-650-01-matt-black.jpg,4000K,,1-10V,IP66,IK10,,1 light window · Ø150 × 650mm,6W,550lm,92lm/W,90°,Datasheet=images/sector/datasheets/601705.40.90.03.1.pdf;Installation=https://puk.it/wp-content/uploads/puk-files-2026/instructions/601701-601702-601703-601704-601705-601706-601707-601708-601709-601710-601711-601712-SECTOR-380-650-1000-INSTRUCTIONS.pdf;LDT=https://puk.it/wp-content/uploads/puk-files-2026/ldt/601705-08-SECTOR-650-LED.rar;BIM=https://puk.it/wp-content/uploads/puk-files-2026/revit/601705-SECTOR-650-01.rfa
Sector,,,,,,,,,,,,,,,,,,,,Sector 650 6W 90°,601705.40.90.03.D,Matt Black,images/sector/sector-650-01-matt-black.jpg,4000K,,DALI,IP66,IK10,,1 light window · Ø150 × 650mm,6W,550lm,92lm/W,90°,Datasheet=images/sector/datasheets/601705.40.90.03.D.pdf;Installation=https://puk.it/wp-content/uploads/puk-files-2026/instructions/601701-601702-601703-601704-601705-601706-601707-601708-601709-601710-601711-601712-SECTOR-380-650-1000-INSTRUCTIONS.pdf;LDT=https://puk.it/wp-content/uploads/puk-files-2026/ldt/601705-08-SECTOR-650-LED.rar;BIM=https://puk.it/wp-content/uploads/puk-files-2026/revit/601705-SECTOR-650-01.rfa
Sector,,,,,,,,,,,,,,,,,,,,Sector 650 12W 90°+90°,601706.30.HB.03.0,Matt Black,images/sector/sector-650-02-matt-black.jpg,3000K,,On/Off,IP66,IK10,,2 light windows · Ø150 × 650mm,12W,1067lm,89lm/W,90°+90°,Datasheet=images/sector/datasheets/601706.30.HB.03.0.pdf;Installation=https://puk.it/wp-content/uploads/puk-files-2026/instructions/601701-601702-601703-601704-601705-601706-601707-601708-601709-601710-601711-601712-SECTOR-380-650-1000-INSTRUCTIONS.pdf;LDT=https://puk.it/wp-content/uploads/puk-files-2026/ldt/601705-08-SECTOR-650-LED.rar;BIM=https://puk.it/wp-content/uploads/puk-files-2026/revit/601706-SECTOR-650-02.rfa
Sector,,,,,,,,,,,,,,,,,,,,Sector 650 12W 90°+90°,601706.30.HB.03.1,Matt Black,images/sector/sector-650-02-matt-black.jpg,3000K,,1-10V,IP66,IK10,,2 light windows · Ø150 × 650mm,12W,1067lm,89lm/W,90°+90°,Datasheet=images/sector/datasheets/601706.30.HB.03.1.pdf;Installation=https://puk.it/wp-content/uploads/puk-files-2026/instructions/601701-601702-601703-601704-601705-601706-601707-601708-601709-601710-601711-601712-SECTOR-380-650-1000-INSTRUCTIONS.pdf;LDT=https://puk.it/wp-content/uploads/puk-files-2026/ldt/601705-08-SECTOR-650-LED.rar;BIM=https://puk.it/wp-content/uploads/puk-files-2026/revit/601706-SECTOR-650-02.rfa
Sector,,,,,,,,,,,,,,,,,,,,Sector 650 12W 90°+90°,601706.30.HB.03.D,Matt Black,images/sector/sector-650-02-matt-black.jpg,3000K,,DALI,IP66,IK10,,2 light windows · Ø150 × 650mm,12W,1067lm,89lm/W,90°+90°,Datasheet=images/sector/datasheets/601706.30.HB.03.D.pdf;Installation=https://puk.it/wp-content/uploads/puk-files-2026/instructions/601701-601702-601703-601704-601705-601706-601707-601708-601709-601710-601711-601712-SECTOR-380-650-1000-INSTRUCTIONS.pdf;LDT=https://puk.it/wp-content/uploads/puk-files-2026/ldt/601705-08-SECTOR-650-LED.rar;BIM=https://puk.it/wp-content/uploads/puk-files-2026/revit/601706-SECTOR-650-02.rfa
Sector,,,,,,,,,,,,,,,,,,,,Sector 650 12W 90°+90°,601706.40.HB.03.0,Matt Black,images/sector/sector-650-02-matt-black.jpg,4000K,,On/Off,IP66,IK10,,2 light windows · Ø150 × 650mm,12W,1100lm,92lm/W,90°+90°,Datasheet=images/sector/datasheets/601706.40.HB.03.0.pdf;Installation=https://puk.it/wp-content/uploads/puk-files-2026/instructions/601701-601702-601703-601704-601705-601706-601707-601708-601709-601710-601711-601712-SECTOR-380-650-1000-INSTRUCTIONS.pdf;LDT=https://puk.it/wp-content/uploads/puk-files-2026/ldt/601705-08-SECTOR-650-LED.rar;BIM=https://puk.it/wp-content/uploads/puk-files-2026/revit/601706-SECTOR-650-02.rfa
Sector,,,,,,,,,,,,,,,,,,,,Sector 650 12W 90°+90°,601706.40.HB.03.1,Matt Black,images/sector/sector-650-02-matt-black.jpg,4000K,,1-10V,IP66,IK10,,2 light windows · Ø150 × 650mm,12W,1100lm,92lm/W,90°+90°,Datasheet=images/sector/datasheets/601706.40.HB.03.1.pdf;Installation=https://puk.it/wp-content/uploads/puk-files-2026/instructions/601701-601702-601703-601704-601705-601706-601707-601708-601709-601710-601711-601712-SECTOR-380-650-1000-INSTRUCTIONS.pdf;LDT=https://puk.it/wp-content/uploads/puk-files-2026/ldt/601705-08-SECTOR-650-LED.rar;BIM=https://puk.it/wp-content/uploads/puk-files-2026/revit/601706-SECTOR-650-02.rfa
Sector,,,,,,,,,,,,,,,,,,,,Sector 650 12W 90°+90°,601706.40.HB.03.D,Matt Black,images/sector/sector-650-02-matt-black.jpg,4000K,,DALI,IP66,IK10,,2 light windows · Ø150 × 650mm,12W,1100lm,92lm/W,90°+90°,Datasheet=images/sector/datasheets/601706.40.HB.03.D.pdf;Installation=https://puk.it/wp-content/uploads/puk-files-2026/instructions/601701-601702-601703-601704-601705-601706-601707-601708-601709-601710-601711-601712-SECTOR-380-650-1000-INSTRUCTIONS.pdf;LDT=https://puk.it/wp-content/uploads/puk-files-2026/ldt/601705-08-SECTOR-650-LED.rar;BIM=https://puk.it/wp-content/uploads/puk-files-2026/revit/601706-SECTOR-650-02.rfa
Sector,,,,,,,,,,,,,,,,,,,,Sector 650 12W 180°,601706.30.HA.03.0,Matt Black,images/sector/sector-650-02-matt-black.jpg,3000K,,On/Off,IP66,IK10,,2 light windows · Ø150 × 650mm,12W,1067lm,89lm/W,180°,Datasheet=images/sector/datasheets/601706.30.HA.03.0.pdf;Installation=https://puk.it/wp-content/uploads/puk-files-2026/instructions/601701-601702-601703-601704-601705-601706-601707-601708-601709-601710-601711-601712-SECTOR-380-650-1000-INSTRUCTIONS.pdf;LDT=https://puk.it/wp-content/uploads/puk-files-2026/ldt/601705-08-SECTOR-650-LED.rar;BIM=https://puk.it/wp-content/uploads/puk-files-2026/revit/601706-SECTOR-650-02.rfa
Sector,,,,,,,,,,,,,,,,,,,,Sector 650 12W 180°,601706.30.HA.03.1,Matt Black,images/sector/sector-650-02-matt-black.jpg,3000K,,1-10V,IP66,IK10,,2 light windows · Ø150 × 650mm,12W,1067lm,89lm/W,180°,Datasheet=images/sector/datasheets/601706.30.HA.03.1.pdf;Installation=https://puk.it/wp-content/uploads/puk-files-2026/instructions/601701-601702-601703-601704-601705-601706-601707-601708-601709-601710-601711-601712-SECTOR-380-650-1000-INSTRUCTIONS.pdf;LDT=https://puk.it/wp-content/uploads/puk-files-2026/ldt/601705-08-SECTOR-650-LED.rar;BIM=https://puk.it/wp-content/uploads/puk-files-2026/revit/601706-SECTOR-650-02.rfa
Sector,,,,,,,,,,,,,,,,,,,,Sector 650 12W 180°,601706.30.HA.03.D,Matt Black,images/sector/sector-650-02-matt-black.jpg,3000K,,DALI,IP66,IK10,,2 light windows · Ø150 × 650mm,12W,1067lm,89lm/W,180°,Datasheet=images/sector/datasheets/601706.30.HA.03.D.pdf;Installation=https://puk.it/wp-content/uploads/puk-files-2026/instructions/601701-601702-601703-601704-601705-601706-601707-601708-601709-601710-601711-601712-SECTOR-380-650-1000-INSTRUCTIONS.pdf;LDT=https://puk.it/wp-content/uploads/puk-files-2026/ldt/601705-08-SECTOR-650-LED.rar;BIM=https://puk.it/wp-content/uploads/puk-files-2026/revit/601706-SECTOR-650-02.rfa
Sector,,,,,,,,,,,,,,,,,,,,Sector 650 12W 180°,601706.40.HA.03.0,Matt Black,images/sector/sector-650-02-matt-black.jpg,4000K,,On/Off,IP66,IK10,,2 light windows · Ø150 × 650mm,12W,1100lm,92lm/W,180°,Datasheet=images/sector/datasheets/601706.40.HA.03.0.pdf;Installation=https://puk.it/wp-content/uploads/puk-files-2026/instructions/601701-601702-601703-601704-601705-601706-601707-601708-601709-601710-601711-601712-SECTOR-380-650-1000-INSTRUCTIONS.pdf;LDT=https://puk.it/wp-content/uploads/puk-files-2026/ldt/601705-08-SECTOR-650-LED.rar;BIM=https://puk.it/wp-content/uploads/puk-files-2026/revit/601706-SECTOR-650-02.rfa
Sector,,,,,,,,,,,,,,,,,,,,Sector 650 12W 180°,601706.40.HA.03.1,Matt Black,images/sector/sector-650-02-matt-black.jpg,4000K,,1-10V,IP66,IK10,,2 light windows · Ø150 × 650mm,12W,1100lm,92lm/W,180°,Datasheet=images/sector/datasheets/601706.40.HA.03.1.pdf;Installation=https://puk.it/wp-content/uploads/puk-files-2026/instructions/601701-601702-601703-601704-601705-601706-601707-601708-601709-601710-601711-601712-SECTOR-380-650-1000-INSTRUCTIONS.pdf;LDT=https://puk.it/wp-content/uploads/puk-files-2026/ldt/601705-08-SECTOR-650-LED.rar;BIM=https://puk.it/wp-content/uploads/puk-files-2026/revit/601706-SECTOR-650-02.rfa
Sector,,,,,,,,,,,,,,,,,,,,Sector 650 12W 180°,601706.40.HA.03.D,Matt Black,images/sector/sector-650-02-matt-black.jpg,4000K,,DALI,IP66,IK10,,2 light windows · Ø150 × 650mm,12W,1100lm,92lm/W,180°,Datasheet=images/sector/datasheets/601706.40.HA.03.D.pdf;Installation=https://puk.it/wp-content/uploads/puk-files-2026/instructions/601701-601702-601703-601704-601705-601706-601707-601708-601709-601710-601711-601712-SECTOR-380-650-1000-INSTRUCTIONS.pdf;LDT=https://puk.it/wp-content/uploads/puk-files-2026/ldt/601705-08-SECTOR-650-LED.rar;BIM=https://puk.it/wp-content/uploads/puk-files-2026/revit/601706-SECTOR-650-02.rfa
Sector,,,,,,,,,,,,,,,,,,,,Sector 650 18W 270°,601707.30.HE.03.0,Matt Black,images/sector/sector-650-03-matt-black.jpg,3000K,,On/Off,IP66,IK10,,3 light windows · Ø150 × 650mm,18W,1600lm,89lm/W,270°,Datasheet=images/sector/datasheets/601707.30.HE.03.0.pdf;Installation=https://puk.it/wp-content/uploads/puk-files-2026/instructions/601701-601702-601703-601704-601705-601706-601707-601708-601709-601710-601711-601712-SECTOR-380-650-1000-INSTRUCTIONS.pdf;LDT=https://puk.it/wp-content/uploads/puk-files-2026/ldt/601705-08-SECTOR-650-LED.rar;BIM=https://puk.it/wp-content/uploads/puk-files-2026/revit/601707-SECTOR-650-03.rfa
Sector,,,,,,,,,,,,,,,,,,,,Sector 650 18W 270°,601707.30.HE.03.1,Matt Black,images/sector/sector-650-03-matt-black.jpg,3000K,,1-10V,IP66,IK10,,3 light windows · Ø150 × 650mm,18W,1600lm,89lm/W,270°,Datasheet=images/sector/datasheets/601707.30.HE.03.1.pdf;Installation=https://puk.it/wp-content/uploads/puk-files-2026/instructions/601701-601702-601703-601704-601705-601706-601707-601708-601709-601710-601711-601712-SECTOR-380-650-1000-INSTRUCTIONS.pdf;LDT=https://puk.it/wp-content/uploads/puk-files-2026/ldt/601705-08-SECTOR-650-LED.rar;BIM=https://puk.it/wp-content/uploads/puk-files-2026/revit/601707-SECTOR-650-03.rfa
Sector,,,,,,,,,,,,,,,,,,,,Sector 650 18W 270°,601707.30.HE.03.D,Matt Black,images/sector/sector-650-03-matt-black.jpg,3000K,,DALI,IP66,IK10,,3 light windows · Ø150 × 650mm,18W,1600lm,89lm/W,270°,Datasheet=images/sector/datasheets/601707.30.HE.03.D.pdf;Installation=https://puk.it/wp-content/uploads/puk-files-2026/instructions/601701-601702-601703-601704-601705-601706-601707-601708-601709-601710-601711-601712-SECTOR-380-650-1000-INSTRUCTIONS.pdf;LDT=https://puk.it/wp-content/uploads/puk-files-2026/ldt/601705-08-SECTOR-650-LED.rar;BIM=https://puk.it/wp-content/uploads/puk-files-2026/revit/601707-SECTOR-650-03.rfa
Sector,,,,,,,,,,,,,,,,,,,,Sector 650 18W 270°,601707.40.HE.03.0,Matt Black,images/sector/sector-650-03-matt-black.jpg,4000K,,On/Off,IP66,IK10,,3 light windows · Ø150 × 650mm,18W,1650lm,92lm/W,270°,Datasheet=images/sector/datasheets/601707.40.HE.03.0.pdf;Installation=https://puk.it/wp-content/uploads/puk-files-2026/instructions/601701-601702-601703-601704-601705-601706-601707-601708-601709-601710-601711-601712-SECTOR-380-650-1000-INSTRUCTIONS.pdf;LDT=https://puk.it/wp-content/uploads/puk-files-2026/ldt/601705-08-SECTOR-650-LED.rar;BIM=https://puk.it/wp-content/uploads/puk-files-2026/revit/601707-SECTOR-650-03.rfa
Sector,,,,,,,,,,,,,,,,,,,,Sector 650 18W 270°,601707.40.HE.03.1,Matt Black,images/sector/sector-650-03-matt-black.jpg,4000K,,1-10V,IP66,IK10,,3 light windows · Ø150 × 650mm,18W,1650lm,92lm/W,270°,Datasheet=images/sector/datasheets/601707.40.HE.03.1.pdf;Installation=https://puk.it/wp-content/uploads/puk-files-2026/instructions/601701-601702-601703-601704-601705-601706-601707-601708-601709-601710-601711-601712-SECTOR-380-650-1000-INSTRUCTIONS.pdf;LDT=https://puk.it/wp-content/uploads/puk-files-2026/ldt/601705-08-SECTOR-650-LED.rar;BIM=https://puk.it/wp-content/uploads/puk-files-2026/revit/601707-SECTOR-650-03.rfa
Sector,,,,,,,,,,,,,,,,,,,,Sector 650 18W 270°,601707.40.HE.03.D,Matt Black,images/sector/sector-650-03-matt-black.jpg,4000K,,DALI,IP66,IK10,,3 light windows · Ø150 × 650mm,18W,1650lm,92lm/W,270°,Datasheet=images/sector/datasheets/601707.40.HE.03.D.pdf;Installation=https://puk.it/wp-content/uploads/puk-files-2026/instructions/601701-601702-601703-601704-601705-601706-601707-601708-601709-601710-601711-601712-SECTOR-380-650-1000-INSTRUCTIONS.pdf;LDT=https://puk.it/wp-content/uploads/puk-files-2026/ldt/601705-08-SECTOR-650-LED.rar;BIM=https://puk.it/wp-content/uploads/puk-files-2026/revit/601707-SECTOR-650-03.rfa
Sector,,,,,,,,,,,,,,,,,,,,Sector 650 24W 360°,601708.30.AL.03.0,Matt Black,images/sector/sector-650-04-matt-black.jpg,3000K,,On/Off,IP66,IK10,,4 light windows · Ø150 × 650mm,24W,2134lm,89lm/W,360°,Datasheet=images/sector/datasheets/601708.30.AL.03.0.pdf;Installation=https://puk.it/wp-content/uploads/puk-files-2026/instructions/601701-601702-601703-601704-601705-601706-601707-601708-601709-601710-601711-601712-SECTOR-380-650-1000-INSTRUCTIONS.pdf;LDT=https://puk.it/wp-content/uploads/puk-files-2026/ldt/601705-08-SECTOR-650-LED.rar;BIM=https://puk.it/wp-content/uploads/puk-files-2026/revit/601708-SECTOR-650-04.rfa
Sector,,,,,,,,,,,,,,,,,,,,Sector 650 24W 360°,601708.30.AL.03.1,Matt Black,images/sector/sector-650-04-matt-black.jpg,3000K,,1-10V,IP66,IK10,,4 light windows · Ø150 × 650mm,24W,2134lm,89lm/W,360°,Datasheet=images/sector/datasheets/601708.30.AL.03.1.pdf;Installation=https://puk.it/wp-content/uploads/puk-files-2026/instructions/601701-601702-601703-601704-601705-601706-601707-601708-601709-601710-601711-601712-SECTOR-380-650-1000-INSTRUCTIONS.pdf;LDT=https://puk.it/wp-content/uploads/puk-files-2026/ldt/601705-08-SECTOR-650-LED.rar;BIM=https://puk.it/wp-content/uploads/puk-files-2026/revit/601708-SECTOR-650-04.rfa
Sector,,,,,,,,,,,,,,,,,,,,Sector 650 24W 360°,601708.30.AL.03.D,Matt Black,images/sector/sector-650-04-matt-black.jpg,3000K,,DALI,IP66,IK10,,4 light windows · Ø150 × 650mm,24W,2134lm,89lm/W,360°,Datasheet=images/sector/datasheets/601708.30.AL.03.D.pdf;Installation=https://puk.it/wp-content/uploads/puk-files-2026/instructions/601701-601702-601703-601704-601705-601706-601707-601708-601709-601710-601711-601712-SECTOR-380-650-1000-INSTRUCTIONS.pdf;LDT=https://puk.it/wp-content/uploads/puk-files-2026/ldt/601705-08-SECTOR-650-LED.rar;BIM=https://puk.it/wp-content/uploads/puk-files-2026/revit/601708-SECTOR-650-04.rfa
Sector,,,,,,,,,,,,,,,,,,,,Sector 650 24W 360°,601708.40.AL.03.0,Matt Black,images/sector/sector-650-04-matt-black.jpg,4000K,,On/Off,IP66,IK10,,4 light windows · Ø150 × 650mm,24W,2200lm,92lm/W,360°,Datasheet=images/sector/datasheets/601708.40.AL.03.0.pdf;Installation=https://puk.it/wp-content/uploads/puk-files-2026/instructions/601701-601702-601703-601704-601705-601706-601707-601708-601709-601710-601711-601712-SECTOR-380-650-1000-INSTRUCTIONS.pdf;LDT=https://puk.it/wp-content/uploads/puk-files-2026/ldt/601705-08-SECTOR-650-LED.rar;BIM=https://puk.it/wp-content/uploads/puk-files-2026/revit/601708-SECTOR-650-04.rfa
Sector,,,,,,,,,,,,,,,,,,,,Sector 650 24W 360°,601708.40.AL.03.1,Matt Black,images/sector/sector-650-04-matt-black.jpg,4000K,,1-10V,IP66,IK10,,4 light windows · Ø150 × 650mm,24W,2200lm,92lm/W,360°,Datasheet=images/sector/datasheets/601708.40.AL.03.1.pdf;Installation=https://puk.it/wp-content/uploads/puk-files-2026/instructions/601701-601702-601703-601704-601705-601706-601707-601708-601709-601710-601711-601712-SECTOR-380-650-1000-INSTRUCTIONS.pdf;LDT=https://puk.it/wp-content/uploads/puk-files-2026/ldt/601705-08-SECTOR-650-LED.rar;BIM=https://puk.it/wp-content/uploads/puk-files-2026/revit/601708-SECTOR-650-04.rfa
Sector,,,,,,,,,,,,,,,,,,,,Sector 650 24W 360°,601708.40.AL.03.D,Matt Black,images/sector/sector-650-04-matt-black.jpg,4000K,,DALI,IP66,IK10,,4 light windows · Ø150 × 650mm,24W,2200lm,92lm/W,360°,Datasheet=images/sector/datasheets/601708.40.AL.03.D.pdf;Installation=https://puk.it/wp-content/uploads/puk-files-2026/instructions/601701-601702-601703-601704-601705-601706-601707-601708-601709-601710-601711-601712-SECTOR-380-650-1000-INSTRUCTIONS.pdf;LDT=https://puk.it/wp-content/uploads/puk-files-2026/ldt/601705-08-SECTOR-650-LED.rar;BIM=https://puk.it/wp-content/uploads/puk-files-2026/revit/601708-SECTOR-650-04.rfa
Sector,,,,,,,,,,,,,,,,,,,,Sector 1000 6W 90°,601709.30.90.01.0,White Aluminium RAL 9006,images/sector/sector-1000-01-white-aluminium.jpg,3000K,,On/Off,IP66,IK10,,1 light window · Ø150 × 1000mm,6W,533lm,89lm/W,90°,Datasheet=images/sector/datasheets/601709.30.90.01.0.pdf;Installation=https://puk.it/wp-content/uploads/puk-files-2026/instructions/601701-601702-601703-601704-601705-601706-601707-601708-601709-601710-601711-601712-SECTOR-380-650-1000-INSTRUCTIONS.pdf;LDT=https://puk.it/wp-content/uploads/puk-files-2026/ldt/601709-12-SECTOR-1000-LED.rar;BIM=https://puk.it/wp-content/uploads/puk-files-2026/revit/601709-SECTOR-1000-01.rfa
Sector,,,,,,,,,,,,,,,,,,,,Sector 1000 6W 90°,601709.30.90.01.1,White Aluminium RAL 9006,images/sector/sector-1000-01-white-aluminium.jpg,3000K,,1-10V,IP66,IK10,,1 light window · Ø150 × 1000mm,6W,533lm,89lm/W,90°,Datasheet=images/sector/datasheets/601709.30.90.01.1.pdf;Installation=https://puk.it/wp-content/uploads/puk-files-2026/instructions/601701-601702-601703-601704-601705-601706-601707-601708-601709-601710-601711-601712-SECTOR-380-650-1000-INSTRUCTIONS.pdf;LDT=https://puk.it/wp-content/uploads/puk-files-2026/ldt/601709-12-SECTOR-1000-LED.rar;BIM=https://puk.it/wp-content/uploads/puk-files-2026/revit/601709-SECTOR-1000-01.rfa
Sector,,,,,,,,,,,,,,,,,,,,Sector 1000 6W 90°,601709.30.90.01.D,White Aluminium RAL 9006,images/sector/sector-1000-01-white-aluminium.jpg,3000K,,DALI,IP66,IK10,,1 light window · Ø150 × 1000mm,6W,533lm,89lm/W,90°,Datasheet=images/sector/datasheets/601709.30.90.01.D.pdf;Installation=https://puk.it/wp-content/uploads/puk-files-2026/instructions/601701-601702-601703-601704-601705-601706-601707-601708-601709-601710-601711-601712-SECTOR-380-650-1000-INSTRUCTIONS.pdf;LDT=https://puk.it/wp-content/uploads/puk-files-2026/ldt/601709-12-SECTOR-1000-LED.rar;BIM=https://puk.it/wp-content/uploads/puk-files-2026/revit/601709-SECTOR-1000-01.rfa
Sector,,,,,,,,,,,,,,,,,,,,Sector 1000 6W 90°,601709.40.90.01.0,White Aluminium RAL 9006,images/sector/sector-1000-01-white-aluminium.jpg,4000K,,On/Off,IP66,IK10,,1 light window · Ø150 × 1000mm,6W,550lm,92lm/W,90°,Datasheet=images/sector/datasheets/601709.40.90.01.0.pdf;Installation=https://puk.it/wp-content/uploads/puk-files-2026/instructions/601701-601702-601703-601704-601705-601706-601707-601708-601709-601710-601711-601712-SECTOR-380-650-1000-INSTRUCTIONS.pdf;LDT=https://puk.it/wp-content/uploads/puk-files-2026/ldt/601709-12-SECTOR-1000-LED.rar;BIM=https://puk.it/wp-content/uploads/puk-files-2026/revit/601709-SECTOR-1000-01.rfa
Sector,,,,,,,,,,,,,,,,,,,,Sector 1000 6W 90°,601709.40.90.01.1,White Aluminium RAL 9006,images/sector/sector-1000-01-white-aluminium.jpg,4000K,,1-10V,IP66,IK10,,1 light window · Ø150 × 1000mm,6W,550lm,92lm/W,90°,Datasheet=images/sector/datasheets/601709.40.90.01.1.pdf;Installation=https://puk.it/wp-content/uploads/puk-files-2026/instructions/601701-601702-601703-601704-601705-601706-601707-601708-601709-601710-601711-601712-SECTOR-380-650-1000-INSTRUCTIONS.pdf;LDT=https://puk.it/wp-content/uploads/puk-files-2026/ldt/601709-12-SECTOR-1000-LED.rar;BIM=https://puk.it/wp-content/uploads/puk-files-2026/revit/601709-SECTOR-1000-01.rfa
Sector,,,,,,,,,,,,,,,,,,,,Sector 1000 6W 90°,601709.40.90.01.D,White Aluminium RAL 9006,images/sector/sector-1000-01-white-aluminium.jpg,4000K,,DALI,IP66,IK10,,1 light window · Ø150 × 1000mm,6W,550lm,92lm/W,90°,Datasheet=images/sector/datasheets/601709.40.90.01.D.pdf;Installation=https://puk.it/wp-content/uploads/puk-files-2026/instructions/601701-601702-601703-601704-601705-601706-601707-601708-601709-601710-601711-601712-SECTOR-380-650-1000-INSTRUCTIONS.pdf;LDT=https://puk.it/wp-content/uploads/puk-files-2026/ldt/601709-12-SECTOR-1000-LED.rar;BIM=https://puk.it/wp-content/uploads/puk-files-2026/revit/601709-SECTOR-1000-01.rfa
Sector,,,,,,,,,,,,,,,,,,,,Sector 1000 12W 90°+90°,601710.30.HB.01.0,White Aluminium RAL 9006,images/sector/sector-1000-02-white-aluminium.jpg,3000K,,On/Off,IP66,IK10,,2 light windows · Ø150 × 1000mm,12W,1067lm,89lm/W,90°+90°,Datasheet=images/sector/datasheets/601710.30.HB.01.0.pdf;Installation=https://puk.it/wp-content/uploads/puk-files-2026/instructions/601701-601702-601703-601704-601705-601706-601707-601708-601709-601710-601711-601712-SECTOR-380-650-1000-INSTRUCTIONS.pdf;LDT=https://puk.it/wp-content/uploads/puk-files-2026/ldt/601709-12-SECTOR-1000-LED.rar;BIM=https://puk.it/wp-content/uploads/puk-files-2026/revit/601710-SECTOR-1000-02.rfa
Sector,,,,,,,,,,,,,,,,,,,,Sector 1000 12W 90°+90°,601710.30.HB.01.1,White Aluminium RAL 9006,images/sector/sector-1000-02-white-aluminium.jpg,3000K,,1-10V,IP66,IK10,,2 light windows · Ø150 × 1000mm,12W,1067lm,89lm/W,90°+90°,Datasheet=images/sector/datasheets/601710.30.HB.01.1.pdf;Installation=https://puk.it/wp-content/uploads/puk-files-2026/instructions/601701-601702-601703-601704-601705-601706-601707-601708-601709-601710-601711-601712-SECTOR-380-650-1000-INSTRUCTIONS.pdf;LDT=https://puk.it/wp-content/uploads/puk-files-2026/ldt/601709-12-SECTOR-1000-LED.rar;BIM=https://puk.it/wp-content/uploads/puk-files-2026/revit/601710-SECTOR-1000-02.rfa
Sector,,,,,,,,,,,,,,,,,,,,Sector 1000 12W 90°+90°,601710.30.HB.01.D,White Aluminium RAL 9006,images/sector/sector-1000-02-white-aluminium.jpg,3000K,,DALI,IP66,IK10,,2 light windows · Ø150 × 1000mm,12W,1067lm,89lm/W,90°+90°,Datasheet=images/sector/datasheets/601710.30.HB.01.D.pdf;Installation=https://puk.it/wp-content/uploads/puk-files-2026/instructions/601701-601702-601703-601704-601705-601706-601707-601708-601709-601710-601711-601712-SECTOR-380-650-1000-INSTRUCTIONS.pdf;LDT=https://puk.it/wp-content/uploads/puk-files-2026/ldt/601709-12-SECTOR-1000-LED.rar;BIM=https://puk.it/wp-content/uploads/puk-files-2026/revit/601710-SECTOR-1000-02.rfa
Sector,,,,,,,,,,,,,,,,,,,,Sector 1000 12W 90°+90°,601710.40.HB.01.0,White Aluminium RAL 9006,images/sector/sector-1000-02-white-aluminium.jpg,4000K,,On/Off,IP66,IK10,,2 light windows · Ø150 × 1000mm,12W,1100lm,92lm/W,90°+90°,Datasheet=images/sector/datasheets/601710.40.HB.01.0.pdf;Installation=https://puk.it/wp-content/uploads/puk-files-2026/instructions/601701-601702-601703-601704-601705-601706-601707-601708-601709-601710-601711-601712-SECTOR-380-650-1000-INSTRUCTIONS.pdf;LDT=https://puk.it/wp-content/uploads/puk-files-2026/ldt/601709-12-SECTOR-1000-LED.rar;BIM=https://puk.it/wp-content/uploads/puk-files-2026/revit/601710-SECTOR-1000-02.rfa
Sector,,,,,,,,,,,,,,,,,,,,Sector 1000 12W 90°+90°,601710.40.HB.01.1,White Aluminium RAL 9006,images/sector/sector-1000-02-white-aluminium.jpg,4000K,,1-10V,IP66,IK10,,2 light windows · Ø150 × 1000mm,12W,1100lm,92lm/W,90°+90°,Datasheet=images/sector/datasheets/601710.40.HB.01.1.pdf;Installation=https://puk.it/wp-content/uploads/puk-files-2026/instructions/601701-601702-601703-601704-601705-601706-601707-601708-601709-601710-601711-601712-SECTOR-380-650-1000-INSTRUCTIONS.pdf;LDT=https://puk.it/wp-content/uploads/puk-files-2026/ldt/601709-12-SECTOR-1000-LED.rar;BIM=https://puk.it/wp-content/uploads/puk-files-2026/revit/601710-SECTOR-1000-02.rfa
Sector,,,,,,,,,,,,,,,,,,,,Sector 1000 12W 90°+90°,601710.40.HB.01.D,White Aluminium RAL 9006,images/sector/sector-1000-02-white-aluminium.jpg,4000K,,DALI,IP66,IK10,,2 light windows · Ø150 × 1000mm,12W,1100lm,92lm/W,90°+90°,Datasheet=images/sector/datasheets/601710.40.HB.01.D.pdf;Installation=https://puk.it/wp-content/uploads/puk-files-2026/instructions/601701-601702-601703-601704-601705-601706-601707-601708-601709-601710-601711-601712-SECTOR-380-650-1000-INSTRUCTIONS.pdf;LDT=https://puk.it/wp-content/uploads/puk-files-2026/ldt/601709-12-SECTOR-1000-LED.rar;BIM=https://puk.it/wp-content/uploads/puk-files-2026/revit/601710-SECTOR-1000-02.rfa
Sector,,,,,,,,,,,,,,,,,,,,Sector 1000 12W 180°,601710.30.HA.01.0,White Aluminium RAL 9006,images/sector/sector-1000-02-white-aluminium.jpg,3000K,,On/Off,IP66,IK10,,2 light windows · Ø150 × 1000mm,12W,1067lm,89lm/W,180°,Datasheet=images/sector/datasheets/601710.30.HA.01.0.pdf;Installation=https://puk.it/wp-content/uploads/puk-files-2026/instructions/601701-601702-601703-601704-601705-601706-601707-601708-601709-601710-601711-601712-SECTOR-380-650-1000-INSTRUCTIONS.pdf;LDT=https://puk.it/wp-content/uploads/puk-files-2026/ldt/601709-12-SECTOR-1000-LED.rar;BIM=https://puk.it/wp-content/uploads/puk-files-2026/revit/601710-SECTOR-1000-02.rfa
Sector,,,,,,,,,,,,,,,,,,,,Sector 1000 12W 180°,601710.30.HA.01.1,White Aluminium RAL 9006,images/sector/sector-1000-02-white-aluminium.jpg,3000K,,1-10V,IP66,IK10,,2 light windows · Ø150 × 1000mm,12W,1067lm,89lm/W,180°,Datasheet=images/sector/datasheets/601710.30.HA.01.1.pdf;Installation=https://puk.it/wp-content/uploads/puk-files-2026/instructions/601701-601702-601703-601704-601705-601706-601707-601708-601709-601710-601711-601712-SECTOR-380-650-1000-INSTRUCTIONS.pdf;LDT=https://puk.it/wp-content/uploads/puk-files-2026/ldt/601709-12-SECTOR-1000-LED.rar;BIM=https://puk.it/wp-content/uploads/puk-files-2026/revit/601710-SECTOR-1000-02.rfa
Sector,,,,,,,,,,,,,,,,,,,,Sector 1000 12W 180°,601710.30.HA.01.D,White Aluminium RAL 9006,images/sector/sector-1000-02-white-aluminium.jpg,3000K,,DALI,IP66,IK10,,2 light windows · Ø150 × 1000mm,12W,1067lm,89lm/W,180°,Datasheet=images/sector/datasheets/601710.30.HA.01.D.pdf;Installation=https://puk.it/wp-content/uploads/puk-files-2026/instructions/601701-601702-601703-601704-601705-601706-601707-601708-601709-601710-601711-601712-SECTOR-380-650-1000-INSTRUCTIONS.pdf;LDT=https://puk.it/wp-content/uploads/puk-files-2026/ldt/601709-12-SECTOR-1000-LED.rar;BIM=https://puk.it/wp-content/uploads/puk-files-2026/revit/601710-SECTOR-1000-02.rfa
Sector,,,,,,,,,,,,,,,,,,,,Sector 1000 12W 180°,601710.40.HA.01.0,White Aluminium RAL 9006,images/sector/sector-1000-02-white-aluminium.jpg,4000K,,On/Off,IP66,IK10,,2 light windows · Ø150 × 1000mm,12W,1100lm,92lm/W,180°,Datasheet=images/sector/datasheets/601710.40.HA.01.0.pdf;Installation=https://puk.it/wp-content/uploads/puk-files-2026/instructions/601701-601702-601703-601704-601705-601706-601707-601708-601709-601710-601711-601712-SECTOR-380-650-1000-INSTRUCTIONS.pdf;LDT=https://puk.it/wp-content/uploads/puk-files-2026/ldt/601709-12-SECTOR-1000-LED.rar;BIM=https://puk.it/wp-content/uploads/puk-files-2026/revit/601710-SECTOR-1000-02.rfa
Sector,,,,,,,,,,,,,,,,,,,,Sector 1000 12W 180°,601710.40.HA.01.1,White Aluminium RAL 9006,images/sector/sector-1000-02-white-aluminium.jpg,4000K,,1-10V,IP66,IK10,,2 light windows · Ø150 × 1000mm,12W,1100lm,92lm/W,180°,Datasheet=images/sector/datasheets/601710.40.HA.01.1.pdf;Installation=https://puk.it/wp-content/uploads/puk-files-2026/instructions/601701-601702-601703-601704-601705-601706-601707-601708-601709-601710-601711-601712-SECTOR-380-650-1000-INSTRUCTIONS.pdf;LDT=https://puk.it/wp-content/uploads/puk-files-2026/ldt/601709-12-SECTOR-1000-LED.rar;BIM=https://puk.it/wp-content/uploads/puk-files-2026/revit/601710-SECTOR-1000-02.rfa
Sector,,,,,,,,,,,,,,,,,,,,Sector 1000 12W 180°,601710.40.HA.01.D,White Aluminium RAL 9006,images/sector/sector-1000-02-white-aluminium.jpg,4000K,,DALI,IP66,IK10,,2 light windows · Ø150 × 1000mm,12W,1100lm,92lm/W,180°,Datasheet=images/sector/datasheets/601710.40.HA.01.D.pdf;Installation=https://puk.it/wp-content/uploads/puk-files-2026/instructions/601701-601702-601703-601704-601705-601706-601707-601708-601709-601710-601711-601712-SECTOR-380-650-1000-INSTRUCTIONS.pdf;LDT=https://puk.it/wp-content/uploads/puk-files-2026/ldt/601709-12-SECTOR-1000-LED.rar;BIM=https://puk.it/wp-content/uploads/puk-files-2026/revit/601710-SECTOR-1000-02.rfa
Sector,,,,,,,,,,,,,,,,,,,,Sector 1000 18W 270°,601711.30.HE.01.0,White Aluminium RAL 9006,images/sector/sector-1000-03-white-aluminium.jpg,3000K,,On/Off,IP66,IK10,,3 light windows · Ø150 × 1000mm,18W,1600lm,89lm/W,270°,Datasheet=images/sector/datasheets/601711.30.HE.01.0.pdf;Installation=https://puk.it/wp-content/uploads/puk-files-2026/instructions/601701-601702-601703-601704-601705-601706-601707-601708-601709-601710-601711-601712-SECTOR-380-650-1000-INSTRUCTIONS.pdf;LDT=https://puk.it/wp-content/uploads/puk-files-2026/ldt/601709-12-SECTOR-1000-LED.rar;BIM=https://puk.it/wp-content/uploads/puk-files-2026/revit/601711-SECTOR-1000-03.rfa
Sector,,,,,,,,,,,,,,,,,,,,Sector 1000 18W 270°,601711.30.HE.01.1,White Aluminium RAL 9006,images/sector/sector-1000-03-white-aluminium.jpg,3000K,,1-10V,IP66,IK10,,3 light windows · Ø150 × 1000mm,18W,1600lm,89lm/W,270°,Datasheet=images/sector/datasheets/601711.30.HE.01.1.pdf;Installation=https://puk.it/wp-content/uploads/puk-files-2026/instructions/601701-601702-601703-601704-601705-601706-601707-601708-601709-601710-601711-601712-SECTOR-380-650-1000-INSTRUCTIONS.pdf;LDT=https://puk.it/wp-content/uploads/puk-files-2026/ldt/601709-12-SECTOR-1000-LED.rar;BIM=https://puk.it/wp-content/uploads/puk-files-2026/revit/601711-SECTOR-1000-03.rfa
Sector,,,,,,,,,,,,,,,,,,,,Sector 1000 18W 270°,601711.30.HE.01.D,White Aluminium RAL 9006,images/sector/sector-1000-03-white-aluminium.jpg,3000K,,DALI,IP66,IK10,,3 light windows · Ø150 × 1000mm,18W,1600lm,89lm/W,270°,Datasheet=images/sector/datasheets/601711.30.HE.01.D.pdf;Installation=https://puk.it/wp-content/uploads/puk-files-2026/instructions/601701-601702-601703-601704-601705-601706-601707-601708-601709-601710-601711-601712-SECTOR-380-650-1000-INSTRUCTIONS.pdf;LDT=https://puk.it/wp-content/uploads/puk-files-2026/ldt/601709-12-SECTOR-1000-LED.rar;BIM=https://puk.it/wp-content/uploads/puk-files-2026/revit/601711-SECTOR-1000-03.rfa
Sector,,,,,,,,,,,,,,,,,,,,Sector 1000 18W 270°,601711.40.HE.01.0,White Aluminium RAL 9006,images/sector/sector-1000-03-white-aluminium.jpg,4000K,,On/Off,IP66,IK10,,3 light windows · Ø150 × 1000mm,18W,1650lm,92lm/W,270°,Datasheet=images/sector/datasheets/601711.40.HE.01.0.pdf;Installation=https://puk.it/wp-content/uploads/puk-files-2026/instructions/601701-601702-601703-601704-601705-601706-601707-601708-601709-601710-601711-601712-SECTOR-380-650-1000-INSTRUCTIONS.pdf;LDT=https://puk.it/wp-content/uploads/puk-files-2026/ldt/601709-12-SECTOR-1000-LED.rar;BIM=https://puk.it/wp-content/uploads/puk-files-2026/revit/601711-SECTOR-1000-03.rfa
Sector,,,,,,,,,,,,,,,,,,,,Sector 1000 18W 270°,601711.40.HE.01.1,White Aluminium RAL 9006,images/sector/sector-1000-03-white-aluminium.jpg,4000K,,1-10V,IP66,IK10,,3 light windows · Ø150 × 1000mm,18W,1650lm,92lm/W,270°,Datasheet=images/sector/datasheets/601711.40.HE.01.1.pdf;Installation=https://puk.it/wp-content/uploads/puk-files-2026/instructions/601701-601702-601703-601704-601705-601706-601707-601708-601709-601710-601711-601712-SECTOR-380-650-1000-INSTRUCTIONS.pdf;LDT=https://puk.it/wp-content/uploads/puk-files-2026/ldt/601709-12-SECTOR-1000-LED.rar;BIM=https://puk.it/wp-content/uploads/puk-files-2026/revit/601711-SECTOR-1000-03.rfa
Sector,,,,,,,,,,,,,,,,,,,,Sector 1000 18W 270°,601711.40.HE.01.D,White Aluminium RAL 9006,images/sector/sector-1000-03-white-aluminium.jpg,4000K,,DALI,IP66,IK10,,3 light windows · Ø150 × 1000mm,18W,1650lm,92lm/W,270°,Datasheet=images/sector/datasheets/601711.40.HE.01.D.pdf;Installation=https://puk.it/wp-content/uploads/puk-files-2026/instructions/601701-601702-601703-601704-601705-601706-601707-601708-601709-601710-601711-601712-SECTOR-380-650-1000-INSTRUCTIONS.pdf;LDT=https://puk.it/wp-content/uploads/puk-files-2026/ldt/601709-12-SECTOR-1000-LED.rar;BIM=https://puk.it/wp-content/uploads/puk-files-2026/revit/601711-SECTOR-1000-03.rfa
Sector,,,,,,,,,,,,,,,,,,,,Sector 1000 24W 360°,601712.30.AL.01.0,White Aluminium RAL 9006,images/sector/sector-1000-04-white-aluminium.jpg,3000K,,On/Off,IP66,IK10,,4 light windows · Ø150 × 1000mm,24W,2134lm,89lm/W,360°,Datasheet=images/sector/datasheets/601712.30.AL.01.0.pdf;Installation=https://puk.it/wp-content/uploads/puk-files-2026/instructions/601701-601702-601703-601704-601705-601706-601707-601708-601709-601710-601711-601712-SECTOR-380-650-1000-INSTRUCTIONS.pdf;LDT=https://puk.it/wp-content/uploads/puk-files-2026/ldt/601709-12-SECTOR-1000-LED.rar;BIM=https://puk.it/wp-content/uploads/puk-files-2026/revit/601712-SECTOR-1000-04.rfa
Sector,,,,,,,,,,,,,,,,,,,,Sector 1000 24W 360°,601712.30.AL.01.1,White Aluminium RAL 9006,images/sector/sector-1000-04-white-aluminium.jpg,3000K,,1-10V,IP66,IK10,,4 light windows · Ø150 × 1000mm,24W,2134lm,89lm/W,360°,Datasheet=images/sector/datasheets/601712.30.AL.01.1.pdf;Installation=https://puk.it/wp-content/uploads/puk-files-2026/instructions/601701-601702-601703-601704-601705-601706-601707-601708-601709-601710-601711-601712-SECTOR-380-650-1000-INSTRUCTIONS.pdf;LDT=https://puk.it/wp-content/uploads/puk-files-2026/ldt/601709-12-SECTOR-1000-LED.rar;BIM=https://puk.it/wp-content/uploads/puk-files-2026/revit/601712-SECTOR-1000-04.rfa
Sector,,,,,,,,,,,,,,,,,,,,Sector 1000 24W 360°,601712.30.AL.01.D,White Aluminium RAL 9006,images/sector/sector-1000-04-white-aluminium.jpg,3000K,,DALI,IP66,IK10,,4 light windows · Ø150 × 1000mm,24W,2134lm,89lm/W,360°,Datasheet=images/sector/datasheets/601712.30.AL.01.D.pdf;Installation=https://puk.it/wp-content/uploads/puk-files-2026/instructions/601701-601702-601703-601704-601705-601706-601707-601708-601709-601710-601711-601712-SECTOR-380-650-1000-INSTRUCTIONS.pdf;LDT=https://puk.it/wp-content/uploads/puk-files-2026/ldt/601709-12-SECTOR-1000-LED.rar;BIM=https://puk.it/wp-content/uploads/puk-files-2026/revit/601712-SECTOR-1000-04.rfa
Sector,,,,,,,,,,,,,,,,,,,,Sector 1000 24W 360°,601712.40.AL.01.0,White Aluminium RAL 9006,images/sector/sector-1000-04-white-aluminium.jpg,4000K,,On/Off,IP66,IK10,,4 light windows · Ø150 × 1000mm,24W,2200lm,92lm/W,360°,Datasheet=images/sector/datasheets/601712.40.AL.01.0.pdf;Installation=https://puk.it/wp-content/uploads/puk-files-2026/instructions/601701-601702-601703-601704-601705-601706-601707-601708-601709-601710-601711-601712-SECTOR-380-650-1000-INSTRUCTIONS.pdf;LDT=https://puk.it/wp-content/uploads/puk-files-2026/ldt/601709-12-SECTOR-1000-LED.rar;BIM=https://puk.it/wp-content/uploads/puk-files-2026/revit/601712-SECTOR-1000-04.rfa
Sector,,,,,,,,,,,,,,,,,,,,Sector 1000 24W 360°,601712.40.AL.01.1,White Aluminium RAL 9006,images/sector/sector-1000-04-white-aluminium.jpg,4000K,,1-10V,IP66,IK10,,4 light windows · Ø150 × 1000mm,24W,2200lm,92lm/W,360°,Datasheet=images/sector/datasheets/601712.40.AL.01.1.pdf;Installation=https://puk.it/wp-content/uploads/puk-files-2026/instructions/601701-601702-601703-601704-601705-601706-601707-601708-601709-601710-601711-601712-SECTOR-380-650-1000-INSTRUCTIONS.pdf;LDT=https://puk.it/wp-content/uploads/puk-files-2026/ldt/601709-12-SECTOR-1000-LED.rar;BIM=https://puk.it/wp-content/uploads/puk-files-2026/revit/601712-SECTOR-1000-04.rfa
Sector,,,,,,,,,,,,,,,,,,,,Sector 1000 24W 360°,601712.40.AL.01.D,White Aluminium RAL 9006,images/sector/sector-1000-04-white-aluminium.jpg,4000K,,DALI,IP66,IK10,,4 light windows · Ø150 × 1000mm,24W,2200lm,92lm/W,360°,Datasheet=images/sector/datasheets/601712.40.AL.01.D.pdf;Installation=https://puk.it/wp-content/uploads/puk-files-2026/instructions/601701-601702-601703-601704-601705-601706-601707-601708-601709-601710-601711-601712-SECTOR-380-650-1000-INSTRUCTIONS.pdf;LDT=https://puk.it/wp-content/uploads/puk-files-2026/ldt/601709-12-SECTOR-1000-LED.rar;BIM=https://puk.it/wp-content/uploads/puk-files-2026/revit/601712-SECTOR-1000-04.rfa
Sector,,,,,,,,,,,,,,,,,,,,Sector 1000 6W 90°,601709.30.90.02.0,Anthracite Grey RAL 7016,images/sector/sector-1000-01-anthracite-grey.jpg,3000K,,On/Off,IP66,IK10,,1 light window · Ø150 × 1000mm,6W,533lm,89lm/W,90°,Datasheet=images/sector/datasheets/601709.30.90.02.0.pdf;Installation=https://puk.it/wp-content/uploads/puk-files-2026/instructions/601701-601702-601703-601704-601705-601706-601707-601708-601709-601710-601711-601712-SECTOR-380-650-1000-INSTRUCTIONS.pdf;LDT=https://puk.it/wp-content/uploads/puk-files-2026/ldt/601709-12-SECTOR-1000-LED.rar;BIM=https://puk.it/wp-content/uploads/puk-files-2026/revit/601709-SECTOR-1000-01.rfa
Sector,,,,,,,,,,,,,,,,,,,,Sector 1000 6W 90°,601709.30.90.02.1,Anthracite Grey RAL 7016,images/sector/sector-1000-01-anthracite-grey.jpg,3000K,,1-10V,IP66,IK10,,1 light window · Ø150 × 1000mm,6W,533lm,89lm/W,90°,Datasheet=images/sector/datasheets/601709.30.90.02.1.pdf;Installation=https://puk.it/wp-content/uploads/puk-files-2026/instructions/601701-601702-601703-601704-601705-601706-601707-601708-601709-601710-601711-601712-SECTOR-380-650-1000-INSTRUCTIONS.pdf;LDT=https://puk.it/wp-content/uploads/puk-files-2026/ldt/601709-12-SECTOR-1000-LED.rar;BIM=https://puk.it/wp-content/uploads/puk-files-2026/revit/601709-SECTOR-1000-01.rfa
Sector,,,,,,,,,,,,,,,,,,,,Sector 1000 6W 90°,601709.30.90.02.D,Anthracite Grey RAL 7016,images/sector/sector-1000-01-anthracite-grey.jpg,3000K,,DALI,IP66,IK10,,1 light window · Ø150 × 1000mm,6W,533lm,89lm/W,90°,Datasheet=images/sector/datasheets/601709.30.90.02.D.pdf;Installation=https://puk.it/wp-content/uploads/puk-files-2026/instructions/601701-601702-601703-601704-601705-601706-601707-601708-601709-601710-601711-601712-SECTOR-380-650-1000-INSTRUCTIONS.pdf;LDT=https://puk.it/wp-content/uploads/puk-files-2026/ldt/601709-12-SECTOR-1000-LED.rar;BIM=https://puk.it/wp-content/uploads/puk-files-2026/revit/601709-SECTOR-1000-01.rfa
Sector,,,,,,,,,,,,,,,,,,,,Sector 1000 6W 90°,601709.40.90.02.0,Anthracite Grey RAL 7016,images/sector/sector-1000-01-anthracite-grey.jpg,4000K,,On/Off,IP66,IK10,,1 light window · Ø150 × 1000mm,6W,550lm,92lm/W,90°,Datasheet=images/sector/datasheets/601709.40.90.02.0.pdf;Installation=https://puk.it/wp-content/uploads/puk-files-2026/instructions/601701-601702-601703-601704-601705-601706-601707-601708-601709-601710-601711-601712-SECTOR-380-650-1000-INSTRUCTIONS.pdf;LDT=https://puk.it/wp-content/uploads/puk-files-2026/ldt/601709-12-SECTOR-1000-LED.rar;BIM=https://puk.it/wp-content/uploads/puk-files-2026/revit/601709-SECTOR-1000-01.rfa
Sector,,,,,,,,,,,,,,,,,,,,Sector 1000 6W 90°,601709.40.90.02.1,Anthracite Grey RAL 7016,images/sector/sector-1000-01-anthracite-grey.jpg,4000K,,1-10V,IP66,IK10,,1 light window · Ø150 × 1000mm,6W,550lm,92lm/W,90°,Datasheet=images/sector/datasheets/601709.40.90.02.1.pdf;Installation=https://puk.it/wp-content/uploads/puk-files-2026/instructions/601701-601702-601703-601704-601705-601706-601707-601708-601709-601710-601711-601712-SECTOR-380-650-1000-INSTRUCTIONS.pdf;LDT=https://puk.it/wp-content/uploads/puk-files-2026/ldt/601709-12-SECTOR-1000-LED.rar;BIM=https://puk.it/wp-content/uploads/puk-files-2026/revit/601709-SECTOR-1000-01.rfa
Sector,,,,,,,,,,,,,,,,,,,,Sector 1000 6W 90°,601709.40.90.02.D,Anthracite Grey RAL 7016,images/sector/sector-1000-01-anthracite-grey.jpg,4000K,,DALI,IP66,IK10,,1 light window · Ø150 × 1000mm,6W,550lm,92lm/W,90°,Datasheet=images/sector/datasheets/601709.40.90.02.D.pdf;Installation=https://puk.it/wp-content/uploads/puk-files-2026/instructions/601701-601702-601703-601704-601705-601706-601707-601708-601709-601710-601711-601712-SECTOR-380-650-1000-INSTRUCTIONS.pdf;LDT=https://puk.it/wp-content/uploads/puk-files-2026/ldt/601709-12-SECTOR-1000-LED.rar;BIM=https://puk.it/wp-content/uploads/puk-files-2026/revit/601709-SECTOR-1000-01.rfa
Sector,,,,,,,,,,,,,,,,,,,,Sector 1000 12W 90°+90°,601710.30.HB.02.0,Anthracite Grey RAL 7016,images/sector/sector-1000-02-anthracite-grey.jpg,3000K,,On/Off,IP66,IK10,,2 light windows · Ø150 × 1000mm,12W,1067lm,89lm/W,90°+90°,Datasheet=images/sector/datasheets/601710.30.HB.02.0.pdf;Installation=https://puk.it/wp-content/uploads/puk-files-2026/instructions/601701-601702-601703-601704-601705-601706-601707-601708-601709-601710-601711-601712-SECTOR-380-650-1000-INSTRUCTIONS.pdf;LDT=https://puk.it/wp-content/uploads/puk-files-2026/ldt/601709-12-SECTOR-1000-LED.rar;BIM=https://puk.it/wp-content/uploads/puk-files-2026/revit/601710-SECTOR-1000-02.rfa
Sector,,,,,,,,,,,,,,,,,,,,Sector 1000 12W 90°+90°,601710.30.HB.02.1,Anthracite Grey RAL 7016,images/sector/sector-1000-02-anthracite-grey.jpg,3000K,,1-10V,IP66,IK10,,2 light windows · Ø150 × 1000mm,12W,1067lm,89lm/W,90°+90°,Datasheet=images/sector/datasheets/601710.30.HB.02.1.pdf;Installation=https://puk.it/wp-content/uploads/puk-files-2026/instructions/601701-601702-601703-601704-601705-601706-601707-601708-601709-601710-601711-601712-SECTOR-380-650-1000-INSTRUCTIONS.pdf;LDT=https://puk.it/wp-content/uploads/puk-files-2026/ldt/601709-12-SECTOR-1000-LED.rar;BIM=https://puk.it/wp-content/uploads/puk-files-2026/revit/601710-SECTOR-1000-02.rfa
Sector,,,,,,,,,,,,,,,,,,,,Sector 1000 12W 90°+90°,601710.30.HB.02.D,Anthracite Grey RAL 7016,images/sector/sector-1000-02-anthracite-grey.jpg,3000K,,DALI,IP66,IK10,,2 light windows · Ø150 × 1000mm,12W,1067lm,89lm/W,90°+90°,Datasheet=images/sector/datasheets/601710.30.HB.02.D.pdf;Installation=https://puk.it/wp-content/uploads/puk-files-2026/instructions/601701-601702-601703-601704-601705-601706-601707-601708-601709-601710-601711-601712-SECTOR-380-650-1000-INSTRUCTIONS.pdf;LDT=https://puk.it/wp-content/uploads/puk-files-2026/ldt/601709-12-SECTOR-1000-LED.rar;BIM=https://puk.it/wp-content/uploads/puk-files-2026/revit/601710-SECTOR-1000-02.rfa
Sector,,,,,,,,,,,,,,,,,,,,Sector 1000 12W 90°+90°,601710.40.HB.02.0,Anthracite Grey RAL 7016,images/sector/sector-1000-02-anthracite-grey.jpg,4000K,,On/Off,IP66,IK10,,2 light windows · Ø150 × 1000mm,12W,1100lm,92lm/W,90°+90°,Datasheet=images/sector/datasheets/601710.40.HB.02.0.pdf;Installation=https://puk.it/wp-content/uploads/puk-files-2026/instructions/601701-601702-601703-601704-601705-601706-601707-601708-601709-601710-601711-601712-SECTOR-380-650-1000-INSTRUCTIONS.pdf;LDT=https://puk.it/wp-content/uploads/puk-files-2026/ldt/601709-12-SECTOR-1000-LED.rar;BIM=https://puk.it/wp-content/uploads/puk-files-2026/revit/601710-SECTOR-1000-02.rfa
Sector,,,,,,,,,,,,,,,,,,,,Sector 1000 12W 90°+90°,601710.40.HB.02.1,Anthracite Grey RAL 7016,images/sector/sector-1000-02-anthracite-grey.jpg,4000K,,1-10V,IP66,IK10,,2 light windows · Ø150 × 1000mm,12W,1100lm,92lm/W,90°+90°,Datasheet=images/sector/datasheets/601710.40.HB.02.1.pdf;Installation=https://puk.it/wp-content/uploads/puk-files-2026/instructions/601701-601702-601703-601704-601705-601706-601707-601708-601709-601710-601711-601712-SECTOR-380-650-1000-INSTRUCTIONS.pdf;LDT=https://puk.it/wp-content/uploads/puk-files-2026/ldt/601709-12-SECTOR-1000-LED.rar;BIM=https://puk.it/wp-content/uploads/puk-files-2026/revit/601710-SECTOR-1000-02.rfa
Sector,,,,,,,,,,,,,,,,,,,,Sector 1000 12W 90°+90°,601710.40.HB.02.D,Anthracite Grey RAL 7016,images/sector/sector-1000-02-anthracite-grey.jpg,4000K,,DALI,IP66,IK10,,2 light windows · Ø150 × 1000mm,12W,1100lm,92lm/W,90°+90°,Datasheet=images/sector/datasheets/601710.40.HB.02.D.pdf;Installation=https://puk.it/wp-content/uploads/puk-files-2026/instructions/601701-601702-601703-601704-601705-601706-601707-601708-601709-601710-601711-601712-SECTOR-380-650-1000-INSTRUCTIONS.pdf;LDT=https://puk.it/wp-content/uploads/puk-files-2026/ldt/601709-12-SECTOR-1000-LED.rar;BIM=https://puk.it/wp-content/uploads/puk-files-2026/revit/601710-SECTOR-1000-02.rfa
Sector,,,,,,,,,,,,,,,,,,,,Sector 1000 12W 180°,601710.30.HA.02.0,Anthracite Grey RAL 7016,images/sector/sector-1000-02-anthracite-grey.jpg,3000K,,On/Off,IP66,IK10,,2 light windows · Ø150 × 1000mm,12W,1067lm,89lm/W,180°,Datasheet=images/sector/datasheets/601710.30.HA.02.0.pdf;Installation=https://puk.it/wp-content/uploads/puk-files-2026/instructions/601701-601702-601703-601704-601705-601706-601707-601708-601709-601710-601711-601712-SECTOR-380-650-1000-INSTRUCTIONS.pdf;LDT=https://puk.it/wp-content/uploads/puk-files-2026/ldt/601709-12-SECTOR-1000-LED.rar;BIM=https://puk.it/wp-content/uploads/puk-files-2026/revit/601710-SECTOR-1000-02.rfa
Sector,,,,,,,,,,,,,,,,,,,,Sector 1000 12W 180°,601710.30.HA.02.1,Anthracite Grey RAL 7016,images/sector/sector-1000-02-anthracite-grey.jpg,3000K,,1-10V,IP66,IK10,,2 light windows · Ø150 × 1000mm,12W,1067lm,89lm/W,180°,Datasheet=images/sector/datasheets/601710.30.HA.02.1.pdf;Installation=https://puk.it/wp-content/uploads/puk-files-2026/instructions/601701-601702-601703-601704-601705-601706-601707-601708-601709-601710-601711-601712-SECTOR-380-650-1000-INSTRUCTIONS.pdf;LDT=https://puk.it/wp-content/uploads/puk-files-2026/ldt/601709-12-SECTOR-1000-LED.rar;BIM=https://puk.it/wp-content/uploads/puk-files-2026/revit/601710-SECTOR-1000-02.rfa
Sector,,,,,,,,,,,,,,,,,,,,Sector 1000 12W 180°,601710.30.HA.02.D,Anthracite Grey RAL 7016,images/sector/sector-1000-02-anthracite-grey.jpg,3000K,,DALI,IP66,IK10,,2 light windows · Ø150 × 1000mm,12W,1067lm,89lm/W,180°,Datasheet=images/sector/datasheets/601710.30.HA.02.D.pdf;Installation=https://puk.it/wp-content/uploads/puk-files-2026/instructions/601701-601702-601703-601704-601705-601706-601707-601708-601709-601710-601711-601712-SECTOR-380-650-1000-INSTRUCTIONS.pdf;LDT=https://puk.it/wp-content/uploads/puk-files-2026/ldt/601709-12-SECTOR-1000-LED.rar;BIM=https://puk.it/wp-content/uploads/puk-files-2026/revit/601710-SECTOR-1000-02.rfa
Sector,,,,,,,,,,,,,,,,,,,,Sector 1000 12W 180°,601710.40.HA.02.0,Anthracite Grey RAL 7016,images/sector/sector-1000-02-anthracite-grey.jpg,4000K,,On/Off,IP66,IK10,,2 light windows · Ø150 × 1000mm,12W,1100lm,92lm/W,180°,Datasheet=images/sector/datasheets/601710.40.HA.02.0.pdf;Installation=https://puk.it/wp-content/uploads/puk-files-2026/instructions/601701-601702-601703-601704-601705-601706-601707-601708-601709-601710-601711-601712-SECTOR-380-650-1000-INSTRUCTIONS.pdf;LDT=https://puk.it/wp-content/uploads/puk-files-2026/ldt/601709-12-SECTOR-1000-LED.rar;BIM=https://puk.it/wp-content/uploads/puk-files-2026/revit/601710-SECTOR-1000-02.rfa
Sector,,,,,,,,,,,,,,,,,,,,Sector 1000 12W 180°,601710.40.HA.02.1,Anthracite Grey RAL 7016,images/sector/sector-1000-02-anthracite-grey.jpg,4000K,,1-10V,IP66,IK10,,2 light windows · Ø150 × 1000mm,12W,1100lm,92lm/W,180°,Datasheet=images/sector/datasheets/601710.40.HA.02.1.pdf;Installation=https://puk.it/wp-content/uploads/puk-files-2026/instructions/601701-601702-601703-601704-601705-601706-601707-601708-601709-601710-601711-601712-SECTOR-380-650-1000-INSTRUCTIONS.pdf;LDT=https://puk.it/wp-content/uploads/puk-files-2026/ldt/601709-12-SECTOR-1000-LED.rar;BIM=https://puk.it/wp-content/uploads/puk-files-2026/revit/601710-SECTOR-1000-02.rfa
Sector,,,,,,,,,,,,,,,,,,,,Sector 1000 12W 180°,601710.40.HA.02.D,Anthracite Grey RAL 7016,images/sector/sector-1000-02-anthracite-grey.jpg,4000K,,DALI,IP66,IK10,,2 light windows · Ø150 × 1000mm,12W,1100lm,92lm/W,180°,Datasheet=images/sector/datasheets/601710.40.HA.02.D.pdf;Installation=https://puk.it/wp-content/uploads/puk-files-2026/instructions/601701-601702-601703-601704-601705-601706-601707-601708-601709-601710-601711-601712-SECTOR-380-650-1000-INSTRUCTIONS.pdf;LDT=https://puk.it/wp-content/uploads/puk-files-2026/ldt/601709-12-SECTOR-1000-LED.rar;BIM=https://puk.it/wp-content/uploads/puk-files-2026/revit/601710-SECTOR-1000-02.rfa
Sector,,,,,,,,,,,,,,,,,,,,Sector 1000 18W 270°,601711.30.HE.02.0,Anthracite Grey RAL 7016,images/sector/sector-1000-03-anthracite-grey.jpg,3000K,,On/Off,IP66,IK10,,3 light windows · Ø150 × 1000mm,18W,1600lm,89lm/W,270°,Datasheet=images/sector/datasheets/601711.30.HE.02.0.pdf;Installation=https://puk.it/wp-content/uploads/puk-files-2026/instructions/601701-601702-601703-601704-601705-601706-601707-601708-601709-601710-601711-601712-SECTOR-380-650-1000-INSTRUCTIONS.pdf;LDT=https://puk.it/wp-content/uploads/puk-files-2026/ldt/601709-12-SECTOR-1000-LED.rar;BIM=https://puk.it/wp-content/uploads/puk-files-2026/revit/601711-SECTOR-1000-03.rfa
Sector,,,,,,,,,,,,,,,,,,,,Sector 1000 18W 270°,601711.30.HE.02.1,Anthracite Grey RAL 7016,images/sector/sector-1000-03-anthracite-grey.jpg,3000K,,1-10V,IP66,IK10,,3 light windows · Ø150 × 1000mm,18W,1600lm,89lm/W,270°,Datasheet=images/sector/datasheets/601711.30.HE.02.1.pdf;Installation=https://puk.it/wp-content/uploads/puk-files-2026/instructions/601701-601702-601703-601704-601705-601706-601707-601708-601709-601710-601711-601712-SECTOR-380-650-1000-INSTRUCTIONS.pdf;LDT=https://puk.it/wp-content/uploads/puk-files-2026/ldt/601709-12-SECTOR-1000-LED.rar;BIM=https://puk.it/wp-content/uploads/puk-files-2026/revit/601711-SECTOR-1000-03.rfa
Sector,,,,,,,,,,,,,,,,,,,,Sector 1000 18W 270°,601711.30.HE.02.D,Anthracite Grey RAL 7016,images/sector/sector-1000-03-anthracite-grey.jpg,3000K,,DALI,IP66,IK10,,3 light windows · Ø150 × 1000mm,18W,1600lm,89lm/W,270°,Datasheet=images/sector/datasheets/601711.30.HE.02.D.pdf;Installation=https://puk.it/wp-content/uploads/puk-files-2026/instructions/601701-601702-601703-601704-601705-601706-601707-601708-601709-601710-601711-601712-SECTOR-380-650-1000-INSTRUCTIONS.pdf;LDT=https://puk.it/wp-content/uploads/puk-files-2026/ldt/601709-12-SECTOR-1000-LED.rar;BIM=https://puk.it/wp-content/uploads/puk-files-2026/revit/601711-SECTOR-1000-03.rfa
Sector,,,,,,,,,,,,,,,,,,,,Sector 1000 18W 270°,601711.40.HE.02.0,Anthracite Grey RAL 7016,images/sector/sector-1000-03-anthracite-grey.jpg,4000K,,On/Off,IP66,IK10,,3 light windows · Ø150 × 1000mm,18W,1650lm,92lm/W,270°,Datasheet=images/sector/datasheets/601711.40.HE.02.0.pdf;Installation=https://puk.it/wp-content/uploads/puk-files-2026/instructions/601701-601702-601703-601704-601705-601706-601707-601708-601709-601710-601711-601712-SECTOR-380-650-1000-INSTRUCTIONS.pdf;LDT=https://puk.it/wp-content/uploads/puk-files-2026/ldt/601709-12-SECTOR-1000-LED.rar;BIM=https://puk.it/wp-content/uploads/puk-files-2026/revit/601711-SECTOR-1000-03.rfa
Sector,,,,,,,,,,,,,,,,,,,,Sector 1000 18W 270°,601711.40.HE.02.1,Anthracite Grey RAL 7016,images/sector/sector-1000-03-anthracite-grey.jpg,4000K,,1-10V,IP66,IK10,,3 light windows · Ø150 × 1000mm,18W,1650lm,92lm/W,270°,Datasheet=images/sector/datasheets/601711.40.HE.02.1.pdf;Installation=https://puk.it/wp-content/uploads/puk-files-2026/instructions/601701-601702-601703-601704-601705-601706-601707-601708-601709-601710-601711-601712-SECTOR-380-650-1000-INSTRUCTIONS.pdf;LDT=https://puk.it/wp-content/uploads/puk-files-2026/ldt/601709-12-SECTOR-1000-LED.rar;BIM=https://puk.it/wp-content/uploads/puk-files-2026/revit/601711-SECTOR-1000-03.rfa
Sector,,,,,,,,,,,,,,,,,,,,Sector 1000 18W 270°,601711.40.HE.02.D,Anthracite Grey RAL 7016,images/sector/sector-1000-03-anthracite-grey.jpg,4000K,,DALI,IP66,IK10,,3 light windows · Ø150 × 1000mm,18W,1650lm,92lm/W,270°,Datasheet=images/sector/datasheets/601711.40.HE.02.D.pdf;Installation=https://puk.it/wp-content/uploads/puk-files-2026/instructions/601701-601702-601703-601704-601705-601706-601707-601708-601709-601710-601711-601712-SECTOR-380-650-1000-INSTRUCTIONS.pdf;LDT=https://puk.it/wp-content/uploads/puk-files-2026/ldt/601709-12-SECTOR-1000-LED.rar;BIM=https://puk.it/wp-content/uploads/puk-files-2026/revit/601711-SECTOR-1000-03.rfa
Sector,,,,,,,,,,,,,,,,,,,,Sector 1000 24W 360°,601712.30.AL.02.0,Anthracite Grey RAL 7016,images/sector/sector-1000-04-anthracite-grey.jpg,3000K,,On/Off,IP66,IK10,,4 light windows · Ø150 × 1000mm,24W,2134lm,89lm/W,360°,Datasheet=images/sector/datasheets/601712.30.AL.02.0.pdf;Installation=https://puk.it/wp-content/uploads/puk-files-2026/instructions/601701-601702-601703-601704-601705-601706-601707-601708-601709-601710-601711-601712-SECTOR-380-650-1000-INSTRUCTIONS.pdf;LDT=https://puk.it/wp-content/uploads/puk-files-2026/ldt/601709-12-SECTOR-1000-LED.rar;BIM=https://puk.it/wp-content/uploads/puk-files-2026/revit/601712-SECTOR-1000-04.rfa
Sector,,,,,,,,,,,,,,,,,,,,Sector 1000 24W 360°,601712.30.AL.02.1,Anthracite Grey RAL 7016,images/sector/sector-1000-04-anthracite-grey.jpg,3000K,,1-10V,IP66,IK10,,4 light windows · Ø150 × 1000mm,24W,2134lm,89lm/W,360°,Datasheet=images/sector/datasheets/601712.30.AL.02.1.pdf;Installation=https://puk.it/wp-content/uploads/puk-files-2026/instructions/601701-601702-601703-601704-601705-601706-601707-601708-601709-601710-601711-601712-SECTOR-380-650-1000-INSTRUCTIONS.pdf;LDT=https://puk.it/wp-content/uploads/puk-files-2026/ldt/601709-12-SECTOR-1000-LED.rar;BIM=https://puk.it/wp-content/uploads/puk-files-2026/revit/601712-SECTOR-1000-04.rfa
Sector,,,,,,,,,,,,,,,,,,,,Sector 1000 24W 360°,601712.30.AL.02.D,Anthracite Grey RAL 7016,images/sector/sector-1000-04-anthracite-grey.jpg,3000K,,DALI,IP66,IK10,,4 light windows · Ø150 × 1000mm,24W,2134lm,89lm/W,360°,Datasheet=images/sector/datasheets/601712.30.AL.02.D.pdf;Installation=https://puk.it/wp-content/uploads/puk-files-2026/instructions/601701-601702-601703-601704-601705-601706-601707-601708-601709-601710-601711-601712-SECTOR-380-650-1000-INSTRUCTIONS.pdf;LDT=https://puk.it/wp-content/uploads/puk-files-2026/ldt/601709-12-SECTOR-1000-LED.rar;BIM=https://puk.it/wp-content/uploads/puk-files-2026/revit/601712-SECTOR-1000-04.rfa
Sector,,,,,,,,,,,,,,,,,,,,Sector 1000 24W 360°,601712.40.AL.02.0,Anthracite Grey RAL 7016,images/sector/sector-1000-04-anthracite-grey.jpg,4000K,,On/Off,IP66,IK10,,4 light windows · Ø150 × 1000mm,24W,2200lm,92lm/W,360°,Datasheet=images/sector/datasheets/601712.40.AL.02.0.pdf;Installation=https://puk.it/wp-content/uploads/puk-files-2026/instructions/601701-601702-601703-601704-601705-601706-601707-601708-601709-601710-601711-601712-SECTOR-380-650-1000-INSTRUCTIONS.pdf;LDT=https://puk.it/wp-content/uploads/puk-files-2026/ldt/601709-12-SECTOR-1000-LED.rar;BIM=https://puk.it/wp-content/uploads/puk-files-2026/revit/601712-SECTOR-1000-04.rfa
Sector,,,,,,,,,,,,,,,,,,,,Sector 1000 24W 360°,601712.40.AL.02.1,Anthracite Grey RAL 7016,images/sector/sector-1000-04-anthracite-grey.jpg,4000K,,1-10V,IP66,IK10,,4 light windows · Ø150 × 1000mm,24W,2200lm,92lm/W,360°,Datasheet=images/sector/datasheets/601712.40.AL.02.1.pdf;Installation=https://puk.it/wp-content/uploads/puk-files-2026/instructions/601701-601702-601703-601704-601705-601706-601707-601708-601709-601710-601711-601712-SECTOR-380-650-1000-INSTRUCTIONS.pdf;LDT=https://puk.it/wp-content/uploads/puk-files-2026/ldt/601709-12-SECTOR-1000-LED.rar;BIM=https://puk.it/wp-content/uploads/puk-files-2026/revit/601712-SECTOR-1000-04.rfa
Sector,,,,,,,,,,,,,,,,,,,,Sector 1000 24W 360°,601712.40.AL.02.D,Anthracite Grey RAL 7016,images/sector/sector-1000-04-anthracite-grey.jpg,4000K,,DALI,IP66,IK10,,4 light windows · Ø150 × 1000mm,24W,2200lm,92lm/W,360°,Datasheet=images/sector/datasheets/601712.40.AL.02.D.pdf;Installation=https://puk.it/wp-content/uploads/puk-files-2026/instructions/601701-601702-601703-601704-601705-601706-601707-601708-601709-601710-601711-601712-SECTOR-380-650-1000-INSTRUCTIONS.pdf;LDT=https://puk.it/wp-content/uploads/puk-files-2026/ldt/601709-12-SECTOR-1000-LED.rar;BIM=https://puk.it/wp-content/uploads/puk-files-2026/revit/601712-SECTOR-1000-04.rfa
Sector,,,,,,,,,,,,,,,,,,,,Sector 1000 6W 90°,601709.30.90.03.0,Matt Black,images/sector/sector-1000-01-matt-black.jpg,3000K,,On/Off,IP66,IK10,,1 light window · Ø150 × 1000mm,6W,533lm,89lm/W,90°,Datasheet=images/sector/datasheets/601709.30.90.03.0.pdf;Installation=https://puk.it/wp-content/uploads/puk-files-2026/instructions/601701-601702-601703-601704-601705-601706-601707-601708-601709-601710-601711-601712-SECTOR-380-650-1000-INSTRUCTIONS.pdf;LDT=https://puk.it/wp-content/uploads/puk-files-2026/ldt/601709-12-SECTOR-1000-LED.rar;BIM=https://puk.it/wp-content/uploads/puk-files-2026/revit/601709-SECTOR-1000-01.rfa
Sector,,,,,,,,,,,,,,,,,,,,Sector 1000 6W 90°,601709.30.90.03.1,Matt Black,images/sector/sector-1000-01-matt-black.jpg,3000K,,1-10V,IP66,IK10,,1 light window · Ø150 × 1000mm,6W,533lm,89lm/W,90°,Datasheet=images/sector/datasheets/601709.30.90.03.1.pdf;Installation=https://puk.it/wp-content/uploads/puk-files-2026/instructions/601701-601702-601703-601704-601705-601706-601707-601708-601709-601710-601711-601712-SECTOR-380-650-1000-INSTRUCTIONS.pdf;LDT=https://puk.it/wp-content/uploads/puk-files-2026/ldt/601709-12-SECTOR-1000-LED.rar;BIM=https://puk.it/wp-content/uploads/puk-files-2026/revit/601709-SECTOR-1000-01.rfa
Sector,,,,,,,,,,,,,,,,,,,,Sector 1000 6W 90°,601709.30.90.03.D,Matt Black,images/sector/sector-1000-01-matt-black.jpg,3000K,,DALI,IP66,IK10,,1 light window · Ø150 × 1000mm,6W,533lm,89lm/W,90°,Datasheet=images/sector/datasheets/601709.30.90.03.D.pdf;Installation=https://puk.it/wp-content/uploads/puk-files-2026/instructions/601701-601702-601703-601704-601705-601706-601707-601708-601709-601710-601711-601712-SECTOR-380-650-1000-INSTRUCTIONS.pdf;LDT=https://puk.it/wp-content/uploads/puk-files-2026/ldt/601709-12-SECTOR-1000-LED.rar;BIM=https://puk.it/wp-content/uploads/puk-files-2026/revit/601709-SECTOR-1000-01.rfa
Sector,,,,,,,,,,,,,,,,,,,,Sector 1000 6W 90°,601709.40.90.03.0,Matt Black,images/sector/sector-1000-01-matt-black.jpg,4000K,,On/Off,IP66,IK10,,1 light window · Ø150 × 1000mm,6W,550lm,92lm/W,90°,Datasheet=images/sector/datasheets/601709.40.90.03.0.pdf;Installation=https://puk.it/wp-content/uploads/puk-files-2026/instructions/601701-601702-601703-601704-601705-601706-601707-601708-601709-601710-601711-601712-SECTOR-380-650-1000-INSTRUCTIONS.pdf;LDT=https://puk.it/wp-content/uploads/puk-files-2026/ldt/601709-12-SECTOR-1000-LED.rar;BIM=https://puk.it/wp-content/uploads/puk-files-2026/revit/601709-SECTOR-1000-01.rfa
Sector,,,,,,,,,,,,,,,,,,,,Sector 1000 6W 90°,601709.40.90.03.1,Matt Black,images/sector/sector-1000-01-matt-black.jpg,4000K,,1-10V,IP66,IK10,,1 light window · Ø150 × 1000mm,6W,550lm,92lm/W,90°,Datasheet=images/sector/datasheets/601709.40.90.03.1.pdf;Installation=https://puk.it/wp-content/uploads/puk-files-2026/instructions/601701-601702-601703-601704-601705-601706-601707-601708-601709-601710-601711-601712-SECTOR-380-650-1000-INSTRUCTIONS.pdf;LDT=https://puk.it/wp-content/uploads/puk-files-2026/ldt/601709-12-SECTOR-1000-LED.rar;BIM=https://puk.it/wp-content/uploads/puk-files-2026/revit/601709-SECTOR-1000-01.rfa
Sector,,,,,,,,,,,,,,,,,,,,Sector 1000 6W 90°,601709.40.90.03.D,Matt Black,images/sector/sector-1000-01-matt-black.jpg,4000K,,DALI,IP66,IK10,,1 light window · Ø150 × 1000mm,6W,550lm,92lm/W,90°,Datasheet=images/sector/datasheets/601709.40.90.03.D.pdf;Installation=https://puk.it/wp-content/uploads/puk-files-2026/instructions/601701-601702-601703-601704-601705-601706-601707-601708-601709-601710-601711-601712-SECTOR-380-650-1000-INSTRUCTIONS.pdf;LDT=https://puk.it/wp-content/uploads/puk-files-2026/ldt/601709-12-SECTOR-1000-LED.rar;BIM=https://puk.it/wp-content/uploads/puk-files-2026/revit/601709-SECTOR-1000-01.rfa
Sector,,,,,,,,,,,,,,,,,,,,Sector 1000 12W 90°+90°,601710.30.HB.03.0,Matt Black,images/sector/sector-1000-02-matt-black.jpg,3000K,,On/Off,IP66,IK10,,2 light windows · Ø150 × 1000mm,12W,1067lm,89lm/W,90°+90°,Datasheet=images/sector/datasheets/601710.30.HB.03.0.pdf;Installation=https://puk.it/wp-content/uploads/puk-files-2026/instructions/601701-601702-601703-601704-601705-601706-601707-601708-601709-601710-601711-601712-SECTOR-380-650-1000-INSTRUCTIONS.pdf;LDT=https://puk.it/wp-content/uploads/puk-files-2026/ldt/601709-12-SECTOR-1000-LED.rar;BIM=https://puk.it/wp-content/uploads/puk-files-2026/revit/601710-SECTOR-1000-02.rfa
Sector,,,,,,,,,,,,,,,,,,,,Sector 1000 12W 90°+90°,601710.30.HB.03.1,Matt Black,images/sector/sector-1000-02-matt-black.jpg,3000K,,1-10V,IP66,IK10,,2 light windows · Ø150 × 1000mm,12W,1067lm,89lm/W,90°+90°,Datasheet=images/sector/datasheets/601710.30.HB.03.1.pdf;Installation=https://puk.it/wp-content/uploads/puk-files-2026/instructions/601701-601702-601703-601704-601705-601706-601707-601708-601709-601710-601711-601712-SECTOR-380-650-1000-INSTRUCTIONS.pdf;LDT=https://puk.it/wp-content/uploads/puk-files-2026/ldt/601709-12-SECTOR-1000-LED.rar;BIM=https://puk.it/wp-content/uploads/puk-files-2026/revit/601710-SECTOR-1000-02.rfa
Sector,,,,,,,,,,,,,,,,,,,,Sector 1000 12W 90°+90°,601710.30.HB.03.D,Matt Black,images/sector/sector-1000-02-matt-black.jpg,3000K,,DALI,IP66,IK10,,2 light windows · Ø150 × 1000mm,12W,1067lm,89lm/W,90°+90°,Datasheet=images/sector/datasheets/601710.30.HB.03.D.pdf;Installation=https://puk.it/wp-content/uploads/puk-files-2026/instructions/601701-601702-601703-601704-601705-601706-601707-601708-601709-601710-601711-601712-SECTOR-380-650-1000-INSTRUCTIONS.pdf;LDT=https://puk.it/wp-content/uploads/puk-files-2026/ldt/601709-12-SECTOR-1000-LED.rar;BIM=https://puk.it/wp-content/uploads/puk-files-2026/revit/601710-SECTOR-1000-02.rfa
Sector,,,,,,,,,,,,,,,,,,,,Sector 1000 12W 90°+90°,601710.40.HB.03.0,Matt Black,images/sector/sector-1000-02-matt-black.jpg,4000K,,On/Off,IP66,IK10,,2 light windows · Ø150 × 1000mm,12W,1100lm,92lm/W,90°+90°,Datasheet=images/sector/datasheets/601710.40.HB.03.0.pdf;Installation=https://puk.it/wp-content/uploads/puk-files-2026/instructions/601701-601702-601703-601704-601705-601706-601707-601708-601709-601710-601711-601712-SECTOR-380-650-1000-INSTRUCTIONS.pdf;LDT=https://puk.it/wp-content/uploads/puk-files-2026/ldt/601709-12-SECTOR-1000-LED.rar;BIM=https://puk.it/wp-content/uploads/puk-files-2026/revit/601710-SECTOR-1000-02.rfa
Sector,,,,,,,,,,,,,,,,,,,,Sector 1000 12W 90°+90°,601710.40.HB.03.1,Matt Black,images/sector/sector-1000-02-matt-black.jpg,4000K,,1-10V,IP66,IK10,,2 light windows · Ø150 × 1000mm,12W,1100lm,92lm/W,90°+90°,Datasheet=images/sector/datasheets/601710.40.HB.03.1.pdf;Installation=https://puk.it/wp-content/uploads/puk-files-2026/instructions/601701-601702-601703-601704-601705-601706-601707-601708-601709-601710-601711-601712-SECTOR-380-650-1000-INSTRUCTIONS.pdf;LDT=https://puk.it/wp-content/uploads/puk-files-2026/ldt/601709-12-SECTOR-1000-LED.rar;BIM=https://puk.it/wp-content/uploads/puk-files-2026/revit/601710-SECTOR-1000-02.rfa
Sector,,,,,,,,,,,,,,,,,,,,Sector 1000 12W 90°+90°,601710.40.HB.03.D,Matt Black,images/sector/sector-1000-02-matt-black.jpg,4000K,,DALI,IP66,IK10,,2 light windows · Ø150 × 1000mm,12W,1100lm,92lm/W,90°+90°,Datasheet=images/sector/datasheets/601710.40.HB.03.D.pdf;Installation=https://puk.it/wp-content/uploads/puk-files-2026/instructions/601701-601702-601703-601704-601705-601706-601707-601708-601709-601710-601711-601712-SECTOR-380-650-1000-INSTRUCTIONS.pdf;LDT=https://puk.it/wp-content/uploads/puk-files-2026/ldt/601709-12-SECTOR-1000-LED.rar;BIM=https://puk.it/wp-content/uploads/puk-files-2026/revit/601710-SECTOR-1000-02.rfa
Sector,,,,,,,,,,,,,,,,,,,,Sector 1000 12W 180°,601710.30.HA.03.0,Matt Black,images/sector/sector-1000-02-matt-black.jpg,3000K,,On/Off,IP66,IK10,,2 light windows · Ø150 × 1000mm,12W,1067lm,89lm/W,180°,Datasheet=images/sector/datasheets/601710.30.HA.03.0.pdf;Installation=https://puk.it/wp-content/uploads/puk-files-2026/instructions/601701-601702-601703-601704-601705-601706-601707-601708-601709-601710-601711-601712-SECTOR-380-650-1000-INSTRUCTIONS.pdf;LDT=https://puk.it/wp-content/uploads/puk-files-2026/ldt/601709-12-SECTOR-1000-LED.rar;BIM=https://puk.it/wp-content/uploads/puk-files-2026/revit/601710-SECTOR-1000-02.rfa
Sector,,,,,,,,,,,,,,,,,,,,Sector 1000 12W 180°,601710.30.HA.03.1,Matt Black,images/sector/sector-1000-02-matt-black.jpg,3000K,,1-10V,IP66,IK10,,2 light windows · Ø150 × 1000mm,12W,1067lm,89lm/W,180°,Datasheet=images/sector/datasheets/601710.30.HA.03.1.pdf;Installation=https://puk.it/wp-content/uploads/puk-files-2026/instructions/601701-601702-601703-601704-601705-601706-601707-601708-601709-601710-601711-601712-SECTOR-380-650-1000-INSTRUCTIONS.pdf;LDT=https://puk.it/wp-content/uploads/puk-files-2026/ldt/601709-12-SECTOR-1000-LED.rar;BIM=https://puk.it/wp-content/uploads/puk-files-2026/revit/601710-SECTOR-1000-02.rfa
Sector,,,,,,,,,,,,,,,,,,,,Sector 1000 12W 180°,601710.30.HA.03.D,Matt Black,images/sector/sector-1000-02-matt-black.jpg,3000K,,DALI,IP66,IK10,,2 light windows · Ø150 × 1000mm,12W,1067lm,89lm/W,180°,Datasheet=images/sector/datasheets/601710.30.HA.03.D.pdf;Installation=https://puk.it/wp-content/uploads/puk-files-2026/instructions/601701-601702-601703-601704-601705-601706-601707-601708-601709-601710-601711-601712-SECTOR-380-650-1000-INSTRUCTIONS.pdf;LDT=https://puk.it/wp-content/uploads/puk-files-2026/ldt/601709-12-SECTOR-1000-LED.rar;BIM=https://puk.it/wp-content/uploads/puk-files-2026/revit/601710-SECTOR-1000-02.rfa
Sector,,,,,,,,,,,,,,,,,,,,Sector 1000 12W 180°,601710.40.HA.03.0,Matt Black,images/sector/sector-1000-02-matt-black.jpg,4000K,,On/Off,IP66,IK10,,2 light windows · Ø150 × 1000mm,12W,1100lm,92lm/W,180°,Datasheet=images/sector/datasheets/601710.40.HA.03.0.pdf;Installation=https://puk.it/wp-content/uploads/puk-files-2026/instructions/601701-601702-601703-601704-601705-601706-601707-601708-601709-601710-601711-601712-SECTOR-380-650-1000-INSTRUCTIONS.pdf;LDT=https://puk.it/wp-content/uploads/puk-files-2026/ldt/601709-12-SECTOR-1000-LED.rar;BIM=https://puk.it/wp-content/uploads/puk-files-2026/revit/601710-SECTOR-1000-02.rfa
Sector,,,,,,,,,,,,,,,,,,,,Sector 1000 12W 180°,601710.40.HA.03.1,Matt Black,images/sector/sector-1000-02-matt-black.jpg,4000K,,1-10V,IP66,IK10,,2 light windows · Ø150 × 1000mm,12W,1100lm,92lm/W,180°,Datasheet=images/sector/datasheets/601710.40.HA.03.1.pdf;Installation=https://puk.it/wp-content/uploads/puk-files-2026/instructions/601701-601702-601703-601704-601705-601706-601707-601708-601709-601710-601711-601712-SECTOR-380-650-1000-INSTRUCTIONS.pdf;LDT=https://puk.it/wp-content/uploads/puk-files-2026/ldt/601709-12-SECTOR-1000-LED.rar;BIM=https://puk.it/wp-content/uploads/puk-files-2026/revit/601710-SECTOR-1000-02.rfa
Sector,,,,,,,,,,,,,,,,,,,,Sector 1000 12W 180°,601710.40.HA.03.D,Matt Black,images/sector/sector-1000-02-matt-black.jpg,4000K,,DALI,IP66,IK10,,2 light windows · Ø150 × 1000mm,12W,1100lm,92lm/W,180°,Datasheet=images/sector/datasheets/601710.40.HA.03.D.pdf;Installation=https://puk.it/wp-content/uploads/puk-files-2026/instructions/601701-601702-601703-601704-601705-601706-601707-601708-601709-601710-601711-601712-SECTOR-380-650-1000-INSTRUCTIONS.pdf;LDT=https://puk.it/wp-content/uploads/puk-files-2026/ldt/601709-12-SECTOR-1000-LED.rar;BIM=https://puk.it/wp-content/uploads/puk-files-2026/revit/601710-SECTOR-1000-02.rfa
Sector,,,,,,,,,,,,,,,,,,,,Sector 1000 18W 270°,601711.30.HE.03.0,Matt Black,images/sector/sector-1000-03-matt-black.jpg,3000K,,On/Off,IP66,IK10,,3 light windows · Ø150 × 1000mm,18W,1600lm,89lm/W,270°,Datasheet=images/sector/datasheets/601711.30.HE.03.0.pdf;Installation=https://puk.it/wp-content/uploads/puk-files-2026/instructions/601701-601702-601703-601704-601705-601706-601707-601708-601709-601710-601711-601712-SECTOR-380-650-1000-INSTRUCTIONS.pdf;LDT=https://puk.it/wp-content/uploads/puk-files-2026/ldt/601709-12-SECTOR-1000-LED.rar;BIM=https://puk.it/wp-content/uploads/puk-files-2026/revit/601711-SECTOR-1000-03.rfa
Sector,,,,,,,,,,,,,,,,,,,,Sector 1000 18W 270°,601711.30.HE.03.1,Matt Black,images/sector/sector-1000-03-matt-black.jpg,3000K,,1-10V,IP66,IK10,,3 light windows · Ø150 × 1000mm,18W,1600lm,89lm/W,270°,Datasheet=images/sector/datasheets/601711.30.HE.03.1.pdf;Installation=https://puk.it/wp-content/uploads/puk-files-2026/instructions/601701-601702-601703-601704-601705-601706-601707-601708-601709-601710-601711-601712-SECTOR-380-650-1000-INSTRUCTIONS.pdf;LDT=https://puk.it/wp-content/uploads/puk-files-2026/ldt/601709-12-SECTOR-1000-LED.rar;BIM=https://puk.it/wp-content/uploads/puk-files-2026/revit/601711-SECTOR-1000-03.rfa
Sector,,,,,,,,,,,,,,,,,,,,Sector 1000 18W 270°,601711.30.HE.03.D,Matt Black,images/sector/sector-1000-03-matt-black.jpg,3000K,,DALI,IP66,IK10,,3 light windows · Ø150 × 1000mm,18W,1600lm,89lm/W,270°,Datasheet=images/sector/datasheets/601711.30.HE.03.D.pdf;Installation=https://puk.it/wp-content/uploads/puk-files-2026/instructions/601701-601702-601703-601704-601705-601706-601707-601708-601709-601710-601711-601712-SECTOR-380-650-1000-INSTRUCTIONS.pdf;LDT=https://puk.it/wp-content/uploads/puk-files-2026/ldt/601709-12-SECTOR-1000-LED.rar;BIM=https://puk.it/wp-content/uploads/puk-files-2026/revit/601711-SECTOR-1000-03.rfa
Sector,,,,,,,,,,,,,,,,,,,,Sector 1000 18W 270°,601711.40.HE.03.0,Matt Black,images/sector/sector-1000-03-matt-black.jpg,4000K,,On/Off,IP66,IK10,,3 light windows · Ø150 × 1000mm,18W,1650lm,92lm/W,270°,Datasheet=images/sector/datasheets/601711.40.HE.03.0.pdf;Installation=https://puk.it/wp-content/uploads/puk-files-2026/instructions/601701-601702-601703-601704-601705-601706-601707-601708-601709-601710-601711-601712-SECTOR-380-650-1000-INSTRUCTIONS.pdf;LDT=https://puk.it/wp-content/uploads/puk-files-2026/ldt/601709-12-SECTOR-1000-LED.rar;BIM=https://puk.it/wp-content/uploads/puk-files-2026/revit/601711-SECTOR-1000-03.rfa
Sector,,,,,,,,,,,,,,,,,,,,Sector 1000 18W 270°,601711.40.HE.03.1,Matt Black,images/sector/sector-1000-03-matt-black.jpg,4000K,,1-10V,IP66,IK10,,3 light windows · Ø150 × 1000mm,18W,1650lm,92lm/W,270°,Datasheet=images/sector/datasheets/601711.40.HE.03.1.pdf;Installation=https://puk.it/wp-content/uploads/puk-files-2026/instructions/601701-601702-601703-601704-601705-601706-601707-601708-601709-601710-601711-601712-SECTOR-380-650-1000-INSTRUCTIONS.pdf;LDT=https://puk.it/wp-content/uploads/puk-files-2026/ldt/601709-12-SECTOR-1000-LED.rar;BIM=https://puk.it/wp-content/uploads/puk-files-2026/revit/601711-SECTOR-1000-03.rfa
Sector,,,,,,,,,,,,,,,,,,,,Sector 1000 18W 270°,601711.40.HE.03.D,Matt Black,images/sector/sector-1000-03-matt-black.jpg,4000K,,DALI,IP66,IK10,,3 light windows · Ø150 × 1000mm,18W,1650lm,92lm/W,270°,Datasheet=images/sector/datasheets/601711.40.HE.03.D.pdf;Installation=https://puk.it/wp-content/uploads/puk-files-2026/instructions/601701-601702-601703-601704-601705-601706-601707-601708-601709-601710-601711-601712-SECTOR-380-650-1000-INSTRUCTIONS.pdf;LDT=https://puk.it/wp-content/uploads/puk-files-2026/ldt/601709-12-SECTOR-1000-LED.rar;BIM=https://puk.it/wp-content/uploads/puk-files-2026/revit/601711-SECTOR-1000-03.rfa
Sector,,,,,,,,,,,,,,,,,,,,Sector 1000 24W 360°,601712.30.AL.03.0,Matt Black,images/sector/sector-1000-04-matt-black.jpg,3000K,,On/Off,IP66,IK10,,4 light windows · Ø150 × 1000mm,24W,2134lm,89lm/W,360°,Datasheet=images/sector/datasheets/601712.30.AL.03.0.pdf;Installation=https://puk.it/wp-content/uploads/puk-files-2026/instructions/601701-601702-601703-601704-601705-601706-601707-601708-601709-601710-601711-601712-SECTOR-380-650-1000-INSTRUCTIONS.pdf;LDT=https://puk.it/wp-content/uploads/puk-files-2026/ldt/601709-12-SECTOR-1000-LED.rar;BIM=https://puk.it/wp-content/uploads/puk-files-2026/revit/601712-SECTOR-1000-04.rfa
Sector,,,,,,,,,,,,,,,,,,,,Sector 1000 24W 360°,601712.30.AL.03.1,Matt Black,images/sector/sector-1000-04-matt-black.jpg,3000K,,1-10V,IP66,IK10,,4 light windows · Ø150 × 1000mm,24W,2134lm,89lm/W,360°,Datasheet=images/sector/datasheets/601712.30.AL.03.1.pdf;Installation=https://puk.it/wp-content/uploads/puk-files-2026/instructions/601701-601702-601703-601704-601705-601706-601707-601708-601709-601710-601711-601712-SECTOR-380-650-1000-INSTRUCTIONS.pdf;LDT=https://puk.it/wp-content/uploads/puk-files-2026/ldt/601709-12-SECTOR-1000-LED.rar;BIM=https://puk.it/wp-content/uploads/puk-files-2026/revit/601712-SECTOR-1000-04.rfa
Sector,,,,,,,,,,,,,,,,,,,,Sector 1000 24W 360°,601712.30.AL.03.D,Matt Black,images/sector/sector-1000-04-matt-black.jpg,3000K,,DALI,IP66,IK10,,4 light windows · Ø150 × 1000mm,24W,2134lm,89lm/W,360°,Datasheet=images/sector/datasheets/601712.30.AL.03.D.pdf;Installation=https://puk.it/wp-content/uploads/puk-files-2026/instructions/601701-601702-601703-601704-601705-601706-601707-601708-601709-601710-601711-601712-SECTOR-380-650-1000-INSTRUCTIONS.pdf;LDT=https://puk.it/wp-content/uploads/puk-files-2026/ldt/601709-12-SECTOR-1000-LED.rar;BIM=https://puk.it/wp-content/uploads/puk-files-2026/revit/601712-SECTOR-1000-04.rfa
Sector,,,,,,,,,,,,,,,,,,,,Sector 1000 24W 360°,601712.40.AL.03.0,Matt Black,images/sector/sector-1000-04-matt-black.jpg,4000K,,On/Off,IP66,IK10,,4 light windows · Ø150 × 1000mm,24W,2200lm,92lm/W,360°,Datasheet=images/sector/datasheets/601712.40.AL.03.0.pdf;Installation=https://puk.it/wp-content/uploads/puk-files-2026/instructions/601701-601702-601703-601704-601705-601706-601707-601708-601709-601710-601711-601712-SECTOR-380-650-1000-INSTRUCTIONS.pdf;LDT=https://puk.it/wp-content/uploads/puk-files-2026/ldt/601709-12-SECTOR-1000-LED.rar;BIM=https://puk.it/wp-content/uploads/puk-files-2026/revit/601712-SECTOR-1000-04.rfa
Sector,,,,,,,,,,,,,,,,,,,,Sector 1000 24W 360°,601712.40.AL.03.1,Matt Black,images/sector/sector-1000-04-matt-black.jpg,4000K,,1-10V,IP66,IK10,,4 light windows · Ø150 × 1000mm,24W,2200lm,92lm/W,360°,Datasheet=images/sector/datasheets/601712.40.AL.03.1.pdf;Installation=https://puk.it/wp-content/uploads/puk-files-2026/instructions/601701-601702-601703-601704-601705-601706-601707-601708-601709-601710-601711-601712-SECTOR-380-650-1000-INSTRUCTIONS.pdf;LDT=https://puk.it/wp-content/uploads/puk-files-2026/ldt/601709-12-SECTOR-1000-LED.rar;BIM=https://puk.it/wp-content/uploads/puk-files-2026/revit/601712-SECTOR-1000-04.rfa
Sector,,,,,,,,,,,,,,,,,,,,Sector 1000 24W 360°,601712.40.AL.03.D,Matt Black,images/sector/sector-1000-04-matt-black.jpg,4000K,,DALI,IP66,IK10,,4 light windows · Ø150 × 1000mm,24W,2200lm,92lm/W,360°,Datasheet=images/sector/datasheets/601712.40.AL.03.D.pdf;Installation=https://puk.it/wp-content/uploads/puk-files-2026/instructions/601701-601702-601703-601704-601705-601706-601707-601708-601709-601710-601711-601712-SECTOR-380-650-1000-INSTRUCTIONS.pdf;LDT=https://puk.it/wp-content/uploads/puk-files-2026/ldt/601709-12-SECTOR-1000-LED.rar;BIM=https://puk.it/wp-content/uploads/puk-files-2026/revit/601712-SECTOR-1000-04.rfa
Promenade,PUK,Exterior,Bollard,A slender round or square bollard with 360° downward light.,"Promenade is a tall, slim bollard in a round (Ø150mm) or square (140mm) section, 705 or 1005mm high. A COB LED behind a Fresnel diffuser sends light down and all around the base, up to 3100 lumens, which suits promenades, plazas and wide paths. It comes with an anchor flange and threaded bolts, on/off, 1-10V or DALI.","Surface-mounted bollard, round Ø150mm | square 140 × 140mm. Heights 705 | 1005mm. 360° downward light. Extruded aluminium body and die-cast aluminium cover, phospho-chromatised and polyester powder coated. Polycarbonate Fresnel diffuser. Moulded silicone gasket and stainless steel screws. Anchor flange with threaded bolts included. Built-in electronic LED driver 220–240V 50/60Hz. CREE CXB 1520 COB LED. Power cable not included. M16 cable gland. IP66. IK10. Class II. Base plate AC053 ordered separately.",2700K | 3000K | 4000K,,On/Off | 1-10V | DALI,IP66,IK10,White Aluminium RAL 9006 | Anthracite Grey RAL 7016 | Black RAL 9005,bollard,,images/promenade/promenade-thumb.jpg;images/promenade/promenade-dimensions-round-01.png;images/promenade/promenade-dimensions-round-02.png;images/promenade/promenade-dimensions-square-01.png,,,images/promenade/promenade-dimensions-round-01.png,Round 01 Ø150 × 705mm · Round 02 Ø150 × 1005mm · Square 01 140 × 140 × 705mm · Square 02 140 × 140 × 1005mm,Promenade Round 01 26W 360°,601501.27.AL.01.0,White Aluminium RAL 9006,images/promenade/promenade-round-01-white-aluminium.jpg,2700K,,On/Off,IP66,IK10,,360° downward light · Ø150 × 705mm,26W,2755lm,106lm/W,360°,Datasheet=images/promenade/datasheets/601501.27.AL.01.0.pdf;Installation=https://puk.it/wp-content/uploads/puk-files-2026/instructions/601501-601502-601503-601504-PROMENADE-INSTRUCTIONS.pdf;LDT=https://puk.it/wp-content/uploads/2018/12/601501-PROMENADE-ROUND-01.rar;BIM=https://puk.it/wp-content/uploads/puk-files-2026/revit/601501-PROMENADE-ROUND-01.rfa
Promenade,,,,,,,,,,,,,,,,,,,,Promenade Round 01 26W 360°,601501.27.AL.01.1,White Aluminium RAL 9006,images/promenade/promenade-round-01-white-aluminium.jpg,2700K,,1-10V,IP66,IK10,,360° downward light · Ø150 × 705mm,26W,2755lm,106lm/W,360°,Datasheet=images/promenade/datasheets/601501.27.AL.01.1.pdf;Installation=https://puk.it/wp-content/uploads/puk-files-2026/instructions/601501-601502-601503-601504-PROMENADE-INSTRUCTIONS.pdf;LDT=https://puk.it/wp-content/uploads/2018/12/601501-PROMENADE-ROUND-01.rar;BIM=https://puk.it/wp-content/uploads/puk-files-2026/revit/601501-PROMENADE-ROUND-01.rfa
Promenade,,,,,,,,,,,,,,,,,,,,Promenade Round 01 26W 360°,601501.27.AL.01.D,White Aluminium RAL 9006,images/promenade/promenade-round-01-white-aluminium.jpg,2700K,,DALI,IP66,IK10,,360° downward light · Ø150 × 705mm,26W,2755lm,106lm/W,360°,Datasheet=images/promenade/datasheets/601501.27.AL.01.D.pdf;Installation=https://puk.it/wp-content/uploads/puk-files-2026/instructions/601501-601502-601503-601504-PROMENADE-INSTRUCTIONS.pdf;LDT=https://puk.it/wp-content/uploads/2018/12/601501-PROMENADE-ROUND-01.rar;BIM=https://puk.it/wp-content/uploads/puk-files-2026/revit/601501-PROMENADE-ROUND-01.rfa
Promenade,,,,,,,,,,,,,,,,,,,,Promenade Round 01 26W 360°,601501.30.AL.01.0,White Aluminium RAL 9006,images/promenade/promenade-round-01-white-aluminium.jpg,3000K,,On/Off,IP66,IK10,,360° downward light · Ø150 × 705mm,26W,2900lm,112lm/W,360°,Datasheet=images/promenade/datasheets/601501.30.AL.01.0.pdf;Installation=https://puk.it/wp-content/uploads/puk-files-2026/instructions/601501-601502-601503-601504-PROMENADE-INSTRUCTIONS.pdf;LDT=https://puk.it/wp-content/uploads/2018/12/601501-PROMENADE-ROUND-01.rar;BIM=https://puk.it/wp-content/uploads/puk-files-2026/revit/601501-PROMENADE-ROUND-01.rfa
Promenade,,,,,,,,,,,,,,,,,,,,Promenade Round 01 26W 360°,601501.30.AL.01.1,White Aluminium RAL 9006,images/promenade/promenade-round-01-white-aluminium.jpg,3000K,,1-10V,IP66,IK10,,360° downward light · Ø150 × 705mm,26W,2900lm,112lm/W,360°,Datasheet=images/promenade/datasheets/601501.30.AL.01.1.pdf;Installation=https://puk.it/wp-content/uploads/puk-files-2026/instructions/601501-601502-601503-601504-PROMENADE-INSTRUCTIONS.pdf;LDT=https://puk.it/wp-content/uploads/2018/12/601501-PROMENADE-ROUND-01.rar;BIM=https://puk.it/wp-content/uploads/puk-files-2026/revit/601501-PROMENADE-ROUND-01.rfa
Promenade,,,,,,,,,,,,,,,,,,,,Promenade Round 01 26W 360°,601501.30.AL.01.D,White Aluminium RAL 9006,images/promenade/promenade-round-01-white-aluminium.jpg,3000K,,DALI,IP66,IK10,,360° downward light · Ø150 × 705mm,26W,2900lm,112lm/W,360°,Datasheet=images/promenade/datasheets/601501.30.AL.01.D.pdf;Installation=https://puk.it/wp-content/uploads/puk-files-2026/instructions/601501-601502-601503-601504-PROMENADE-INSTRUCTIONS.pdf;LDT=https://puk.it/wp-content/uploads/2018/12/601501-PROMENADE-ROUND-01.rar;BIM=https://puk.it/wp-content/uploads/puk-files-2026/revit/601501-PROMENADE-ROUND-01.rfa
Promenade,,,,,,,,,,,,,,,,,,,,Promenade Round 01 26W 360°,601501.40.AL.01.0,White Aluminium RAL 9006,images/promenade/promenade-round-01-white-aluminium.jpg,4000K,,On/Off,IP66,IK10,,360° downward light · Ø150 × 705mm,26W,3100lm,119lm/W,360°,Datasheet=images/promenade/datasheets/601501.40.AL.01.0.pdf;Installation=https://puk.it/wp-content/uploads/puk-files-2026/instructions/601501-601502-601503-601504-PROMENADE-INSTRUCTIONS.pdf;LDT=https://puk.it/wp-content/uploads/2018/12/601501-PROMENADE-ROUND-01.rar;BIM=https://puk.it/wp-content/uploads/puk-files-2026/revit/601501-PROMENADE-ROUND-01.rfa
Promenade,,,,,,,,,,,,,,,,,,,,Promenade Round 01 26W 360°,601501.40.AL.01.1,White Aluminium RAL 9006,images/promenade/promenade-round-01-white-aluminium.jpg,4000K,,1-10V,IP66,IK10,,360° downward light · Ø150 × 705mm,26W,3100lm,119lm/W,360°,Datasheet=images/promenade/datasheets/601501.40.AL.01.1.pdf;Installation=https://puk.it/wp-content/uploads/puk-files-2026/instructions/601501-601502-601503-601504-PROMENADE-INSTRUCTIONS.pdf;LDT=https://puk.it/wp-content/uploads/2018/12/601501-PROMENADE-ROUND-01.rar;BIM=https://puk.it/wp-content/uploads/puk-files-2026/revit/601501-PROMENADE-ROUND-01.rfa
Promenade,,,,,,,,,,,,,,,,,,,,Promenade Round 01 26W 360°,601501.40.AL.01.D,White Aluminium RAL 9006,images/promenade/promenade-round-01-white-aluminium.jpg,4000K,,DALI,IP66,IK10,,360° downward light · Ø150 × 705mm,26W,3100lm,119lm/W,360°,Datasheet=images/promenade/datasheets/601501.40.AL.01.D.pdf;Installation=https://puk.it/wp-content/uploads/puk-files-2026/instructions/601501-601502-601503-601504-PROMENADE-INSTRUCTIONS.pdf;LDT=https://puk.it/wp-content/uploads/2018/12/601501-PROMENADE-ROUND-01.rar;BIM=https://puk.it/wp-content/uploads/puk-files-2026/revit/601501-PROMENADE-ROUND-01.rfa
Promenade,,,,,,,,,,,,,,,,,,,,Promenade Round 01 26W 360°,601501.27.AL.02.0,Anthracite Grey RAL 7016,images/promenade/promenade-round-01-anthracite-grey.jpg,2700K,,On/Off,IP66,IK10,,360° downward light · Ø150 × 705mm,26W,2755lm,106lm/W,360°,Datasheet=images/promenade/datasheets/601501.27.AL.02.0.pdf;Installation=https://puk.it/wp-content/uploads/puk-files-2026/instructions/601501-601502-601503-601504-PROMENADE-INSTRUCTIONS.pdf;LDT=https://puk.it/wp-content/uploads/2018/12/601501-PROMENADE-ROUND-01.rar;BIM=https://puk.it/wp-content/uploads/puk-files-2026/revit/601501-PROMENADE-ROUND-01.rfa
Promenade,,,,,,,,,,,,,,,,,,,,Promenade Round 01 26W 360°,601501.27.AL.02.1,Anthracite Grey RAL 7016,images/promenade/promenade-round-01-anthracite-grey.jpg,2700K,,1-10V,IP66,IK10,,360° downward light · Ø150 × 705mm,26W,2755lm,106lm/W,360°,Datasheet=images/promenade/datasheets/601501.27.AL.02.1.pdf;Installation=https://puk.it/wp-content/uploads/puk-files-2026/instructions/601501-601502-601503-601504-PROMENADE-INSTRUCTIONS.pdf;LDT=https://puk.it/wp-content/uploads/2018/12/601501-PROMENADE-ROUND-01.rar;BIM=https://puk.it/wp-content/uploads/puk-files-2026/revit/601501-PROMENADE-ROUND-01.rfa
Promenade,,,,,,,,,,,,,,,,,,,,Promenade Round 01 26W 360°,601501.27.AL.02.D,Anthracite Grey RAL 7016,images/promenade/promenade-round-01-anthracite-grey.jpg,2700K,,DALI,IP66,IK10,,360° downward light · Ø150 × 705mm,26W,2755lm,106lm/W,360°,Datasheet=images/promenade/datasheets/601501.27.AL.02.D.pdf;Installation=https://puk.it/wp-content/uploads/puk-files-2026/instructions/601501-601502-601503-601504-PROMENADE-INSTRUCTIONS.pdf;LDT=https://puk.it/wp-content/uploads/2018/12/601501-PROMENADE-ROUND-01.rar;BIM=https://puk.it/wp-content/uploads/puk-files-2026/revit/601501-PROMENADE-ROUND-01.rfa
Promenade,,,,,,,,,,,,,,,,,,,,Promenade Round 01 26W 360°,601501.30.AL.02.0,Anthracite Grey RAL 7016,images/promenade/promenade-round-01-anthracite-grey.jpg,3000K,,On/Off,IP66,IK10,,360° downward light · Ø150 × 705mm,26W,2900lm,112lm/W,360°,Datasheet=images/promenade/datasheets/601501.30.AL.02.0.pdf;Installation=https://puk.it/wp-content/uploads/puk-files-2026/instructions/601501-601502-601503-601504-PROMENADE-INSTRUCTIONS.pdf;LDT=https://puk.it/wp-content/uploads/2018/12/601501-PROMENADE-ROUND-01.rar;BIM=https://puk.it/wp-content/uploads/puk-files-2026/revit/601501-PROMENADE-ROUND-01.rfa
Promenade,,,,,,,,,,,,,,,,,,,,Promenade Round 01 26W 360°,601501.30.AL.02.1,Anthracite Grey RAL 7016,images/promenade/promenade-round-01-anthracite-grey.jpg,3000K,,1-10V,IP66,IK10,,360° downward light · Ø150 × 705mm,26W,2900lm,112lm/W,360°,Datasheet=images/promenade/datasheets/601501.30.AL.02.1.pdf;Installation=https://puk.it/wp-content/uploads/puk-files-2026/instructions/601501-601502-601503-601504-PROMENADE-INSTRUCTIONS.pdf;LDT=https://puk.it/wp-content/uploads/2018/12/601501-PROMENADE-ROUND-01.rar;BIM=https://puk.it/wp-content/uploads/puk-files-2026/revit/601501-PROMENADE-ROUND-01.rfa
Promenade,,,,,,,,,,,,,,,,,,,,Promenade Round 01 26W 360°,601501.30.AL.02.D,Anthracite Grey RAL 7016,images/promenade/promenade-round-01-anthracite-grey.jpg,3000K,,DALI,IP66,IK10,,360° downward light · Ø150 × 705mm,26W,2900lm,112lm/W,360°,Datasheet=images/promenade/datasheets/601501.30.AL.02.D.pdf;Installation=https://puk.it/wp-content/uploads/puk-files-2026/instructions/601501-601502-601503-601504-PROMENADE-INSTRUCTIONS.pdf;LDT=https://puk.it/wp-content/uploads/2018/12/601501-PROMENADE-ROUND-01.rar;BIM=https://puk.it/wp-content/uploads/puk-files-2026/revit/601501-PROMENADE-ROUND-01.rfa
Promenade,,,,,,,,,,,,,,,,,,,,Promenade Round 01 26W 360°,601501.40.AL.02.0,Anthracite Grey RAL 7016,images/promenade/promenade-round-01-anthracite-grey.jpg,4000K,,On/Off,IP66,IK10,,360° downward light · Ø150 × 705mm,26W,3100lm,119lm/W,360°,Datasheet=images/promenade/datasheets/601501.40.AL.02.0.pdf;Installation=https://puk.it/wp-content/uploads/puk-files-2026/instructions/601501-601502-601503-601504-PROMENADE-INSTRUCTIONS.pdf;LDT=https://puk.it/wp-content/uploads/2018/12/601501-PROMENADE-ROUND-01.rar;BIM=https://puk.it/wp-content/uploads/puk-files-2026/revit/601501-PROMENADE-ROUND-01.rfa
Promenade,,,,,,,,,,,,,,,,,,,,Promenade Round 01 26W 360°,601501.40.AL.02.1,Anthracite Grey RAL 7016,images/promenade/promenade-round-01-anthracite-grey.jpg,4000K,,1-10V,IP66,IK10,,360° downward light · Ø150 × 705mm,26W,3100lm,119lm/W,360°,Datasheet=images/promenade/datasheets/601501.40.AL.02.1.pdf;Installation=https://puk.it/wp-content/uploads/puk-files-2026/instructions/601501-601502-601503-601504-PROMENADE-INSTRUCTIONS.pdf;LDT=https://puk.it/wp-content/uploads/2018/12/601501-PROMENADE-ROUND-01.rar;BIM=https://puk.it/wp-content/uploads/puk-files-2026/revit/601501-PROMENADE-ROUND-01.rfa
Promenade,,,,,,,,,,,,,,,,,,,,Promenade Round 01 26W 360°,601501.40.AL.02.D,Anthracite Grey RAL 7016,images/promenade/promenade-round-01-anthracite-grey.jpg,4000K,,DALI,IP66,IK10,,360° downward light · Ø150 × 705mm,26W,3100lm,119lm/W,360°,Datasheet=images/promenade/datasheets/601501.40.AL.02.D.pdf;Installation=https://puk.it/wp-content/uploads/puk-files-2026/instructions/601501-601502-601503-601504-PROMENADE-INSTRUCTIONS.pdf;LDT=https://puk.it/wp-content/uploads/2018/12/601501-PROMENADE-ROUND-01.rar;BIM=https://puk.it/wp-content/uploads/puk-files-2026/revit/601501-PROMENADE-ROUND-01.rfa
Promenade,,,,,,,,,,,,,,,,,,,,Promenade Round 01 26W 360°,601501.27.AL.03.0,Black RAL 9005,images/promenade/promenade-round-01-black.jpg,2700K,,On/Off,IP66,IK10,,360° downward light · Ø150 × 705mm,26W,2755lm,106lm/W,360°,Datasheet=images/promenade/datasheets/601501.27.AL.03.0.pdf;Installation=https://puk.it/wp-content/uploads/puk-files-2026/instructions/601501-601502-601503-601504-PROMENADE-INSTRUCTIONS.pdf;LDT=https://puk.it/wp-content/uploads/2018/12/601501-PROMENADE-ROUND-01.rar;BIM=https://puk.it/wp-content/uploads/puk-files-2026/revit/601501-PROMENADE-ROUND-01.rfa
Promenade,,,,,,,,,,,,,,,,,,,,Promenade Round 01 26W 360°,601501.27.AL.03.1,Black RAL 9005,images/promenade/promenade-round-01-black.jpg,2700K,,1-10V,IP66,IK10,,360° downward light · Ø150 × 705mm,26W,2755lm,106lm/W,360°,Datasheet=images/promenade/datasheets/601501.27.AL.03.1.pdf;Installation=https://puk.it/wp-content/uploads/puk-files-2026/instructions/601501-601502-601503-601504-PROMENADE-INSTRUCTIONS.pdf;LDT=https://puk.it/wp-content/uploads/2018/12/601501-PROMENADE-ROUND-01.rar;BIM=https://puk.it/wp-content/uploads/puk-files-2026/revit/601501-PROMENADE-ROUND-01.rfa
Promenade,,,,,,,,,,,,,,,,,,,,Promenade Round 01 26W 360°,601501.27.AL.03.D,Black RAL 9005,images/promenade/promenade-round-01-black.jpg,2700K,,DALI,IP66,IK10,,360° downward light · Ø150 × 705mm,26W,2755lm,106lm/W,360°,Datasheet=images/promenade/datasheets/601501.27.AL.03.D.pdf;Installation=https://puk.it/wp-content/uploads/puk-files-2026/instructions/601501-601502-601503-601504-PROMENADE-INSTRUCTIONS.pdf;LDT=https://puk.it/wp-content/uploads/2018/12/601501-PROMENADE-ROUND-01.rar;BIM=https://puk.it/wp-content/uploads/puk-files-2026/revit/601501-PROMENADE-ROUND-01.rfa
Promenade,,,,,,,,,,,,,,,,,,,,Promenade Round 01 26W 360°,601501.30.AL.03.0,Black RAL 9005,images/promenade/promenade-round-01-black.jpg,3000K,,On/Off,IP66,IK10,,360° downward light · Ø150 × 705mm,26W,2900lm,112lm/W,360°,Datasheet=images/promenade/datasheets/601501.30.AL.03.0.pdf;Installation=https://puk.it/wp-content/uploads/puk-files-2026/instructions/601501-601502-601503-601504-PROMENADE-INSTRUCTIONS.pdf;LDT=https://puk.it/wp-content/uploads/2018/12/601501-PROMENADE-ROUND-01.rar;BIM=https://puk.it/wp-content/uploads/puk-files-2026/revit/601501-PROMENADE-ROUND-01.rfa
Promenade,,,,,,,,,,,,,,,,,,,,Promenade Round 01 26W 360°,601501.30.AL.03.1,Black RAL 9005,images/promenade/promenade-round-01-black.jpg,3000K,,1-10V,IP66,IK10,,360° downward light · Ø150 × 705mm,26W,2900lm,112lm/W,360°,Datasheet=images/promenade/datasheets/601501.30.AL.03.1.pdf;Installation=https://puk.it/wp-content/uploads/puk-files-2026/instructions/601501-601502-601503-601504-PROMENADE-INSTRUCTIONS.pdf;LDT=https://puk.it/wp-content/uploads/2018/12/601501-PROMENADE-ROUND-01.rar;BIM=https://puk.it/wp-content/uploads/puk-files-2026/revit/601501-PROMENADE-ROUND-01.rfa
Promenade,,,,,,,,,,,,,,,,,,,,Promenade Round 01 26W 360°,601501.30.AL.03.D,Black RAL 9005,images/promenade/promenade-round-01-black.jpg,3000K,,DALI,IP66,IK10,,360° downward light · Ø150 × 705mm,26W,2900lm,112lm/W,360°,Datasheet=images/promenade/datasheets/601501.30.AL.03.D.pdf;Installation=https://puk.it/wp-content/uploads/puk-files-2026/instructions/601501-601502-601503-601504-PROMENADE-INSTRUCTIONS.pdf;LDT=https://puk.it/wp-content/uploads/2018/12/601501-PROMENADE-ROUND-01.rar;BIM=https://puk.it/wp-content/uploads/puk-files-2026/revit/601501-PROMENADE-ROUND-01.rfa
Promenade,,,,,,,,,,,,,,,,,,,,Promenade Round 01 26W 360°,601501.40.AL.03.0,Black RAL 9005,images/promenade/promenade-round-01-black.jpg,4000K,,On/Off,IP66,IK10,,360° downward light · Ø150 × 705mm,26W,3100lm,119lm/W,360°,Datasheet=images/promenade/datasheets/601501.40.AL.03.0.pdf;Installation=https://puk.it/wp-content/uploads/puk-files-2026/instructions/601501-601502-601503-601504-PROMENADE-INSTRUCTIONS.pdf;LDT=https://puk.it/wp-content/uploads/2018/12/601501-PROMENADE-ROUND-01.rar;BIM=https://puk.it/wp-content/uploads/puk-files-2026/revit/601501-PROMENADE-ROUND-01.rfa
Promenade,,,,,,,,,,,,,,,,,,,,Promenade Round 01 26W 360°,601501.40.AL.03.1,Black RAL 9005,images/promenade/promenade-round-01-black.jpg,4000K,,1-10V,IP66,IK10,,360° downward light · Ø150 × 705mm,26W,3100lm,119lm/W,360°,Datasheet=images/promenade/datasheets/601501.40.AL.03.1.pdf;Installation=https://puk.it/wp-content/uploads/puk-files-2026/instructions/601501-601502-601503-601504-PROMENADE-INSTRUCTIONS.pdf;LDT=https://puk.it/wp-content/uploads/2018/12/601501-PROMENADE-ROUND-01.rar;BIM=https://puk.it/wp-content/uploads/puk-files-2026/revit/601501-PROMENADE-ROUND-01.rfa
Promenade,,,,,,,,,,,,,,,,,,,,Promenade Round 01 26W 360°,601501.40.AL.03.D,Black RAL 9005,images/promenade/promenade-round-01-black.jpg,4000K,,DALI,IP66,IK10,,360° downward light · Ø150 × 705mm,26W,3100lm,119lm/W,360°,Datasheet=images/promenade/datasheets/601501.40.AL.03.D.pdf;Installation=https://puk.it/wp-content/uploads/puk-files-2026/instructions/601501-601502-601503-601504-PROMENADE-INSTRUCTIONS.pdf;LDT=https://puk.it/wp-content/uploads/2018/12/601501-PROMENADE-ROUND-01.rar;BIM=https://puk.it/wp-content/uploads/puk-files-2026/revit/601501-PROMENADE-ROUND-01.rfa
Promenade,,,,,,,,,,,,,,,,,,,,Promenade Round 02 26W 360°,601502.27.AL.01.0,White Aluminium RAL 9006,images/promenade/promenade-round-02-white-aluminium.jpg,2700K,,On/Off,IP66,IK10,,360° downward light · Ø150 × 1005mm,26W,2755lm,106lm/W,360°,Datasheet=images/promenade/datasheets/601502.27.AL.01.0.pdf;Installation=https://puk.it/wp-content/uploads/puk-files-2026/instructions/601501-601502-601503-601504-PROMENADE-INSTRUCTIONS.pdf;LDT=https://puk.it/wp-content/uploads/2019/04/601502-PROMENADE-ROUND-02.rar;BIM=https://puk.it/wp-content/uploads/puk-files-2026/revit/601502-PROMENADE-ROUND-02.rfa
Promenade,,,,,,,,,,,,,,,,,,,,Promenade Round 02 26W 360°,601502.27.AL.01.1,White Aluminium RAL 9006,images/promenade/promenade-round-02-white-aluminium.jpg,2700K,,1-10V,IP66,IK10,,360° downward light · Ø150 × 1005mm,26W,2755lm,106lm/W,360°,Datasheet=images/promenade/datasheets/601502.27.AL.01.1.pdf;Installation=https://puk.it/wp-content/uploads/puk-files-2026/instructions/601501-601502-601503-601504-PROMENADE-INSTRUCTIONS.pdf;LDT=https://puk.it/wp-content/uploads/2019/04/601502-PROMENADE-ROUND-02.rar;BIM=https://puk.it/wp-content/uploads/puk-files-2026/revit/601502-PROMENADE-ROUND-02.rfa
Promenade,,,,,,,,,,,,,,,,,,,,Promenade Round 02 26W 360°,601502.27.AL.01.D,White Aluminium RAL 9006,images/promenade/promenade-round-02-white-aluminium.jpg,2700K,,DALI,IP66,IK10,,360° downward light · Ø150 × 1005mm,26W,2755lm,106lm/W,360°,Datasheet=images/promenade/datasheets/601502.27.AL.01.D.pdf;Installation=https://puk.it/wp-content/uploads/puk-files-2026/instructions/601501-601502-601503-601504-PROMENADE-INSTRUCTIONS.pdf;LDT=https://puk.it/wp-content/uploads/2019/04/601502-PROMENADE-ROUND-02.rar;BIM=https://puk.it/wp-content/uploads/puk-files-2026/revit/601502-PROMENADE-ROUND-02.rfa
Promenade,,,,,,,,,,,,,,,,,,,,Promenade Round 02 26W 360°,601502.30.AL.01.0,White Aluminium RAL 9006,images/promenade/promenade-round-02-white-aluminium.jpg,3000K,,On/Off,IP66,IK10,,360° downward light · Ø150 × 1005mm,26W,2900lm,112lm/W,360°,Datasheet=images/promenade/datasheets/601502.30.AL.01.0.pdf;Installation=https://puk.it/wp-content/uploads/puk-files-2026/instructions/601501-601502-601503-601504-PROMENADE-INSTRUCTIONS.pdf;LDT=https://puk.it/wp-content/uploads/2019/04/601502-PROMENADE-ROUND-02.rar;BIM=https://puk.it/wp-content/uploads/puk-files-2026/revit/601502-PROMENADE-ROUND-02.rfa
Promenade,,,,,,,,,,,,,,,,,,,,Promenade Round 02 26W 360°,601502.30.AL.01.1,White Aluminium RAL 9006,images/promenade/promenade-round-02-white-aluminium.jpg,3000K,,1-10V,IP66,IK10,,360° downward light · Ø150 × 1005mm,26W,2900lm,112lm/W,360°,Datasheet=images/promenade/datasheets/601502.30.AL.01.1.pdf;Installation=https://puk.it/wp-content/uploads/puk-files-2026/instructions/601501-601502-601503-601504-PROMENADE-INSTRUCTIONS.pdf;LDT=https://puk.it/wp-content/uploads/2019/04/601502-PROMENADE-ROUND-02.rar;BIM=https://puk.it/wp-content/uploads/puk-files-2026/revit/601502-PROMENADE-ROUND-02.rfa
Promenade,,,,,,,,,,,,,,,,,,,,Promenade Round 02 26W 360°,601502.30.AL.01.D,White Aluminium RAL 9006,images/promenade/promenade-round-02-white-aluminium.jpg,3000K,,DALI,IP66,IK10,,360° downward light · Ø150 × 1005mm,26W,2900lm,112lm/W,360°,Datasheet=images/promenade/datasheets/601502.30.AL.01.D.pdf;Installation=https://puk.it/wp-content/uploads/puk-files-2026/instructions/601501-601502-601503-601504-PROMENADE-INSTRUCTIONS.pdf;LDT=https://puk.it/wp-content/uploads/2019/04/601502-PROMENADE-ROUND-02.rar;BIM=https://puk.it/wp-content/uploads/puk-files-2026/revit/601502-PROMENADE-ROUND-02.rfa
Promenade,,,,,,,,,,,,,,,,,,,,Promenade Round 02 26W 360°,601502.40.AL.01.0,White Aluminium RAL 9006,images/promenade/promenade-round-02-white-aluminium.jpg,4000K,,On/Off,IP66,IK10,,360° downward light · Ø150 × 1005mm,26W,3100lm,119lm/W,360°,Datasheet=images/promenade/datasheets/601502.40.AL.01.0.pdf;Installation=https://puk.it/wp-content/uploads/puk-files-2026/instructions/601501-601502-601503-601504-PROMENADE-INSTRUCTIONS.pdf;LDT=https://puk.it/wp-content/uploads/2019/04/601502-PROMENADE-ROUND-02.rar;BIM=https://puk.it/wp-content/uploads/puk-files-2026/revit/601502-PROMENADE-ROUND-02.rfa
Promenade,,,,,,,,,,,,,,,,,,,,Promenade Round 02 26W 360°,601502.40.AL.01.1,White Aluminium RAL 9006,images/promenade/promenade-round-02-white-aluminium.jpg,4000K,,1-10V,IP66,IK10,,360° downward light · Ø150 × 1005mm,26W,3100lm,119lm/W,360°,Datasheet=images/promenade/datasheets/601502.40.AL.01.1.pdf;Installation=https://puk.it/wp-content/uploads/puk-files-2026/instructions/601501-601502-601503-601504-PROMENADE-INSTRUCTIONS.pdf;LDT=https://puk.it/wp-content/uploads/2019/04/601502-PROMENADE-ROUND-02.rar;BIM=https://puk.it/wp-content/uploads/puk-files-2026/revit/601502-PROMENADE-ROUND-02.rfa
Promenade,,,,,,,,,,,,,,,,,,,,Promenade Round 02 26W 360°,601502.40.AL.01.D,White Aluminium RAL 9006,images/promenade/promenade-round-02-white-aluminium.jpg,4000K,,DALI,IP66,IK10,,360° downward light · Ø150 × 1005mm,26W,3100lm,119lm/W,360°,Datasheet=images/promenade/datasheets/601502.40.AL.01.D.pdf;Installation=https://puk.it/wp-content/uploads/puk-files-2026/instructions/601501-601502-601503-601504-PROMENADE-INSTRUCTIONS.pdf;LDT=https://puk.it/wp-content/uploads/2019/04/601502-PROMENADE-ROUND-02.rar;BIM=https://puk.it/wp-content/uploads/puk-files-2026/revit/601502-PROMENADE-ROUND-02.rfa
Promenade,,,,,,,,,,,,,,,,,,,,Promenade Round 02 26W 360°,601502.27.AL.02.0,Anthracite Grey RAL 7016,images/promenade/promenade-round-02-anthracite-grey.jpg,2700K,,On/Off,IP66,IK10,,360° downward light · Ø150 × 1005mm,26W,2755lm,106lm/W,360°,Datasheet=images/promenade/datasheets/601502.27.AL.02.0.pdf;Installation=https://puk.it/wp-content/uploads/puk-files-2026/instructions/601501-601502-601503-601504-PROMENADE-INSTRUCTIONS.pdf;LDT=https://puk.it/wp-content/uploads/2019/04/601502-PROMENADE-ROUND-02.rar;BIM=https://puk.it/wp-content/uploads/puk-files-2026/revit/601502-PROMENADE-ROUND-02.rfa
Promenade,,,,,,,,,,,,,,,,,,,,Promenade Round 02 26W 360°,601502.27.AL.02.1,Anthracite Grey RAL 7016,images/promenade/promenade-round-02-anthracite-grey.jpg,2700K,,1-10V,IP66,IK10,,360° downward light · Ø150 × 1005mm,26W,2755lm,106lm/W,360°,Datasheet=images/promenade/datasheets/601502.27.AL.02.1.pdf;Installation=https://puk.it/wp-content/uploads/puk-files-2026/instructions/601501-601502-601503-601504-PROMENADE-INSTRUCTIONS.pdf;LDT=https://puk.it/wp-content/uploads/2019/04/601502-PROMENADE-ROUND-02.rar;BIM=https://puk.it/wp-content/uploads/puk-files-2026/revit/601502-PROMENADE-ROUND-02.rfa
Promenade,,,,,,,,,,,,,,,,,,,,Promenade Round 02 26W 360°,601502.27.AL.02.D,Anthracite Grey RAL 7016,images/promenade/promenade-round-02-anthracite-grey.jpg,2700K,,DALI,IP66,IK10,,360° downward light · Ø150 × 1005mm,26W,2755lm,106lm/W,360°,Datasheet=images/promenade/datasheets/601502.27.AL.02.D.pdf;Installation=https://puk.it/wp-content/uploads/puk-files-2026/instructions/601501-601502-601503-601504-PROMENADE-INSTRUCTIONS.pdf;LDT=https://puk.it/wp-content/uploads/2019/04/601502-PROMENADE-ROUND-02.rar;BIM=https://puk.it/wp-content/uploads/puk-files-2026/revit/601502-PROMENADE-ROUND-02.rfa
Promenade,,,,,,,,,,,,,,,,,,,,Promenade Round 02 26W 360°,601502.30.AL.02.0,Anthracite Grey RAL 7016,images/promenade/promenade-round-02-anthracite-grey.jpg,3000K,,On/Off,IP66,IK10,,360° downward light · Ø150 × 1005mm,26W,2900lm,112lm/W,360°,Datasheet=images/promenade/datasheets/601502.30.AL.02.0.pdf;Installation=https://puk.it/wp-content/uploads/puk-files-2026/instructions/601501-601502-601503-601504-PROMENADE-INSTRUCTIONS.pdf;LDT=https://puk.it/wp-content/uploads/2019/04/601502-PROMENADE-ROUND-02.rar;BIM=https://puk.it/wp-content/uploads/puk-files-2026/revit/601502-PROMENADE-ROUND-02.rfa
Promenade,,,,,,,,,,,,,,,,,,,,Promenade Round 02 26W 360°,601502.30.AL.02.1,Anthracite Grey RAL 7016,images/promenade/promenade-round-02-anthracite-grey.jpg,3000K,,1-10V,IP66,IK10,,360° downward light · Ø150 × 1005mm,26W,2900lm,112lm/W,360°,Datasheet=images/promenade/datasheets/601502.30.AL.02.1.pdf;Installation=https://puk.it/wp-content/uploads/puk-files-2026/instructions/601501-601502-601503-601504-PROMENADE-INSTRUCTIONS.pdf;LDT=https://puk.it/wp-content/uploads/2019/04/601502-PROMENADE-ROUND-02.rar;BIM=https://puk.it/wp-content/uploads/puk-files-2026/revit/601502-PROMENADE-ROUND-02.rfa
Promenade,,,,,,,,,,,,,,,,,,,,Promenade Round 02 26W 360°,601502.30.AL.02.D,Anthracite Grey RAL 7016,images/promenade/promenade-round-02-anthracite-grey.jpg,3000K,,DALI,IP66,IK10,,360° downward light · Ø150 × 1005mm,26W,2900lm,112lm/W,360°,Datasheet=images/promenade/datasheets/601502.30.AL.02.D.pdf;Installation=https://puk.it/wp-content/uploads/puk-files-2026/instructions/601501-601502-601503-601504-PROMENADE-INSTRUCTIONS.pdf;LDT=https://puk.it/wp-content/uploads/2019/04/601502-PROMENADE-ROUND-02.rar;BIM=https://puk.it/wp-content/uploads/puk-files-2026/revit/601502-PROMENADE-ROUND-02.rfa
Promenade,,,,,,,,,,,,,,,,,,,,Promenade Round 02 26W 360°,601502.40.AL.02.0,Anthracite Grey RAL 7016,images/promenade/promenade-round-02-anthracite-grey.jpg,4000K,,On/Off,IP66,IK10,,360° downward light · Ø150 × 1005mm,26W,3100lm,119lm/W,360°,Datasheet=images/promenade/datasheets/601502.40.AL.02.0.pdf;Installation=https://puk.it/wp-content/uploads/puk-files-2026/instructions/601501-601502-601503-601504-PROMENADE-INSTRUCTIONS.pdf;LDT=https://puk.it/wp-content/uploads/2019/04/601502-PROMENADE-ROUND-02.rar;BIM=https://puk.it/wp-content/uploads/puk-files-2026/revit/601502-PROMENADE-ROUND-02.rfa
Promenade,,,,,,,,,,,,,,,,,,,,Promenade Round 02 26W 360°,601502.40.AL.02.1,Anthracite Grey RAL 7016,images/promenade/promenade-round-02-anthracite-grey.jpg,4000K,,1-10V,IP66,IK10,,360° downward light · Ø150 × 1005mm,26W,3100lm,119lm/W,360°,Datasheet=images/promenade/datasheets/601502.40.AL.02.1.pdf;Installation=https://puk.it/wp-content/uploads/puk-files-2026/instructions/601501-601502-601503-601504-PROMENADE-INSTRUCTIONS.pdf;LDT=https://puk.it/wp-content/uploads/2019/04/601502-PROMENADE-ROUND-02.rar;BIM=https://puk.it/wp-content/uploads/puk-files-2026/revit/601502-PROMENADE-ROUND-02.rfa
Promenade,,,,,,,,,,,,,,,,,,,,Promenade Round 02 26W 360°,601502.40.AL.02.D,Anthracite Grey RAL 7016,images/promenade/promenade-round-02-anthracite-grey.jpg,4000K,,DALI,IP66,IK10,,360° downward light · Ø150 × 1005mm,26W,3100lm,119lm/W,360°,Datasheet=images/promenade/datasheets/601502.40.AL.02.D.pdf;Installation=https://puk.it/wp-content/uploads/puk-files-2026/instructions/601501-601502-601503-601504-PROMENADE-INSTRUCTIONS.pdf;LDT=https://puk.it/wp-content/uploads/2019/04/601502-PROMENADE-ROUND-02.rar;BIM=https://puk.it/wp-content/uploads/puk-files-2026/revit/601502-PROMENADE-ROUND-02.rfa
Promenade,,,,,,,,,,,,,,,,,,,,Promenade Round 02 26W 360°,601502.27.AL.03.0,Black RAL 9005,images/promenade/promenade-round-02-black.jpg,2700K,,On/Off,IP66,IK10,,360° downward light · Ø150 × 1005mm,26W,2755lm,106lm/W,360°,Datasheet=images/promenade/datasheets/601502.27.AL.03.0.pdf;Installation=https://puk.it/wp-content/uploads/puk-files-2026/instructions/601501-601502-601503-601504-PROMENADE-INSTRUCTIONS.pdf;LDT=https://puk.it/wp-content/uploads/2019/04/601502-PROMENADE-ROUND-02.rar;BIM=https://puk.it/wp-content/uploads/puk-files-2026/revit/601502-PROMENADE-ROUND-02.rfa
Promenade,,,,,,,,,,,,,,,,,,,,Promenade Round 02 26W 360°,601502.27.AL.03.1,Black RAL 9005,images/promenade/promenade-round-02-black.jpg,2700K,,1-10V,IP66,IK10,,360° downward light · Ø150 × 1005mm,26W,2755lm,106lm/W,360°,Datasheet=images/promenade/datasheets/601502.27.AL.03.1.pdf;Installation=https://puk.it/wp-content/uploads/puk-files-2026/instructions/601501-601502-601503-601504-PROMENADE-INSTRUCTIONS.pdf;LDT=https://puk.it/wp-content/uploads/2019/04/601502-PROMENADE-ROUND-02.rar;BIM=https://puk.it/wp-content/uploads/puk-files-2026/revit/601502-PROMENADE-ROUND-02.rfa
Promenade,,,,,,,,,,,,,,,,,,,,Promenade Round 02 26W 360°,601502.27.AL.03.D,Black RAL 9005,images/promenade/promenade-round-02-black.jpg,2700K,,DALI,IP66,IK10,,360° downward light · Ø150 × 1005mm,26W,2755lm,106lm/W,360°,Datasheet=images/promenade/datasheets/601502.27.AL.03.D.pdf;Installation=https://puk.it/wp-content/uploads/puk-files-2026/instructions/601501-601502-601503-601504-PROMENADE-INSTRUCTIONS.pdf;LDT=https://puk.it/wp-content/uploads/2019/04/601502-PROMENADE-ROUND-02.rar;BIM=https://puk.it/wp-content/uploads/puk-files-2026/revit/601502-PROMENADE-ROUND-02.rfa
Promenade,,,,,,,,,,,,,,,,,,,,Promenade Round 02 26W 360°,601502.30.AL.03.0,Black RAL 9005,images/promenade/promenade-round-02-black.jpg,3000K,,On/Off,IP66,IK10,,360° downward light · Ø150 × 1005mm,26W,2900lm,112lm/W,360°,Datasheet=images/promenade/datasheets/601502.30.AL.03.0.pdf;Installation=https://puk.it/wp-content/uploads/puk-files-2026/instructions/601501-601502-601503-601504-PROMENADE-INSTRUCTIONS.pdf;LDT=https://puk.it/wp-content/uploads/2019/04/601502-PROMENADE-ROUND-02.rar;BIM=https://puk.it/wp-content/uploads/puk-files-2026/revit/601502-PROMENADE-ROUND-02.rfa
Promenade,,,,,,,,,,,,,,,,,,,,Promenade Round 02 26W 360°,601502.30.AL.03.1,Black RAL 9005,images/promenade/promenade-round-02-black.jpg,3000K,,1-10V,IP66,IK10,,360° downward light · Ø150 × 1005mm,26W,2900lm,112lm/W,360°,Datasheet=images/promenade/datasheets/601502.30.AL.03.1.pdf;Installation=https://puk.it/wp-content/uploads/puk-files-2026/instructions/601501-601502-601503-601504-PROMENADE-INSTRUCTIONS.pdf;LDT=https://puk.it/wp-content/uploads/2019/04/601502-PROMENADE-ROUND-02.rar;BIM=https://puk.it/wp-content/uploads/puk-files-2026/revit/601502-PROMENADE-ROUND-02.rfa
Promenade,,,,,,,,,,,,,,,,,,,,Promenade Round 02 26W 360°,601502.30.AL.03.D,Black RAL 9005,images/promenade/promenade-round-02-black.jpg,3000K,,DALI,IP66,IK10,,360° downward light · Ø150 × 1005mm,26W,2900lm,112lm/W,360°,Datasheet=images/promenade/datasheets/601502.30.AL.03.D.pdf;Installation=https://puk.it/wp-content/uploads/puk-files-2026/instructions/601501-601502-601503-601504-PROMENADE-INSTRUCTIONS.pdf;LDT=https://puk.it/wp-content/uploads/2019/04/601502-PROMENADE-ROUND-02.rar;BIM=https://puk.it/wp-content/uploads/puk-files-2026/revit/601502-PROMENADE-ROUND-02.rfa
Promenade,,,,,,,,,,,,,,,,,,,,Promenade Round 02 26W 360°,601502.40.AL.03.0,Black RAL 9005,images/promenade/promenade-round-02-black.jpg,4000K,,On/Off,IP66,IK10,,360° downward light · Ø150 × 1005mm,26W,3100lm,119lm/W,360°,Datasheet=images/promenade/datasheets/601502.40.AL.03.0.pdf;Installation=https://puk.it/wp-content/uploads/puk-files-2026/instructions/601501-601502-601503-601504-PROMENADE-INSTRUCTIONS.pdf;LDT=https://puk.it/wp-content/uploads/2019/04/601502-PROMENADE-ROUND-02.rar;BIM=https://puk.it/wp-content/uploads/puk-files-2026/revit/601502-PROMENADE-ROUND-02.rfa
Promenade,,,,,,,,,,,,,,,,,,,,Promenade Round 02 26W 360°,601502.40.AL.03.1,Black RAL 9005,images/promenade/promenade-round-02-black.jpg,4000K,,1-10V,IP66,IK10,,360° downward light · Ø150 × 1005mm,26W,3100lm,119lm/W,360°,Datasheet=images/promenade/datasheets/601502.40.AL.03.1.pdf;Installation=https://puk.it/wp-content/uploads/puk-files-2026/instructions/601501-601502-601503-601504-PROMENADE-INSTRUCTIONS.pdf;LDT=https://puk.it/wp-content/uploads/2019/04/601502-PROMENADE-ROUND-02.rar;BIM=https://puk.it/wp-content/uploads/puk-files-2026/revit/601502-PROMENADE-ROUND-02.rfa
Promenade,,,,,,,,,,,,,,,,,,,,Promenade Round 02 26W 360°,601502.40.AL.03.D,Black RAL 9005,images/promenade/promenade-round-02-black.jpg,4000K,,DALI,IP66,IK10,,360° downward light · Ø150 × 1005mm,26W,3100lm,119lm/W,360°,Datasheet=images/promenade/datasheets/601502.40.AL.03.D.pdf;Installation=https://puk.it/wp-content/uploads/puk-files-2026/instructions/601501-601502-601503-601504-PROMENADE-INSTRUCTIONS.pdf;LDT=https://puk.it/wp-content/uploads/2019/04/601502-PROMENADE-ROUND-02.rar;BIM=https://puk.it/wp-content/uploads/puk-files-2026/revit/601502-PROMENADE-ROUND-02.rfa
Promenade,,,,,,,,,,,,,,,,,,,,Promenade Square 01 26W 360°,601503.27.AL.01.0,White Aluminium RAL 9006,images/promenade/promenade-square-01-white-aluminium.jpg,2700K,,On/Off,IP66,IK10,,360° downward light · 140 × 140 × 705mm,26W,2755lm,106lm/W,360°,Datasheet=images/promenade/datasheets/601503.27.AL.01.0.pdf;Installation=https://puk.it/wp-content/uploads/puk-files-2026/instructions/601501-601502-601503-601504-PROMENADE-INSTRUCTIONS.pdf;LDT=https://puk.it/wp-content/uploads/2018/12/601503-PROMENADE-SQUARE-01.rar;BIM=https://puk.it/wp-content/uploads/puk-files-2026/revit/601503-PROMENADE-SQUARE-01.rfa
Promenade,,,,,,,,,,,,,,,,,,,,Promenade Square 01 26W 360°,601503.27.AL.01.1,White Aluminium RAL 9006,images/promenade/promenade-square-01-white-aluminium.jpg,2700K,,1-10V,IP66,IK10,,360° downward light · 140 × 140 × 705mm,26W,2755lm,106lm/W,360°,Datasheet=images/promenade/datasheets/601503.27.AL.01.1.pdf;Installation=https://puk.it/wp-content/uploads/puk-files-2026/instructions/601501-601502-601503-601504-PROMENADE-INSTRUCTIONS.pdf;LDT=https://puk.it/wp-content/uploads/2018/12/601503-PROMENADE-SQUARE-01.rar;BIM=https://puk.it/wp-content/uploads/puk-files-2026/revit/601503-PROMENADE-SQUARE-01.rfa
Promenade,,,,,,,,,,,,,,,,,,,,Promenade Square 01 26W 360°,601503.27.AL.01.D,White Aluminium RAL 9006,images/promenade/promenade-square-01-white-aluminium.jpg,2700K,,DALI,IP66,IK10,,360° downward light · 140 × 140 × 705mm,26W,2755lm,106lm/W,360°,Datasheet=images/promenade/datasheets/601503.27.AL.01.D.pdf;Installation=https://puk.it/wp-content/uploads/puk-files-2026/instructions/601501-601502-601503-601504-PROMENADE-INSTRUCTIONS.pdf;LDT=https://puk.it/wp-content/uploads/2018/12/601503-PROMENADE-SQUARE-01.rar;BIM=https://puk.it/wp-content/uploads/puk-files-2026/revit/601503-PROMENADE-SQUARE-01.rfa
Promenade,,,,,,,,,,,,,,,,,,,,Promenade Square 01 26W 360°,601503.30.AL.01.0,White Aluminium RAL 9006,images/promenade/promenade-square-01-white-aluminium.jpg,3000K,,On/Off,IP66,IK10,,360° downward light · 140 × 140 × 705mm,26W,2900lm,112lm/W,360°,Datasheet=images/promenade/datasheets/601503.30.AL.01.0.pdf;Installation=https://puk.it/wp-content/uploads/puk-files-2026/instructions/601501-601502-601503-601504-PROMENADE-INSTRUCTIONS.pdf;LDT=https://puk.it/wp-content/uploads/2018/12/601503-PROMENADE-SQUARE-01.rar;BIM=https://puk.it/wp-content/uploads/puk-files-2026/revit/601503-PROMENADE-SQUARE-01.rfa
Promenade,,,,,,,,,,,,,,,,,,,,Promenade Square 01 26W 360°,601503.30.AL.01.1,White Aluminium RAL 9006,images/promenade/promenade-square-01-white-aluminium.jpg,3000K,,1-10V,IP66,IK10,,360° downward light · 140 × 140 × 705mm,26W,2900lm,112lm/W,360°,Datasheet=images/promenade/datasheets/601503.30.AL.01.1.pdf;Installation=https://puk.it/wp-content/uploads/puk-files-2026/instructions/601501-601502-601503-601504-PROMENADE-INSTRUCTIONS.pdf;LDT=https://puk.it/wp-content/uploads/2018/12/601503-PROMENADE-SQUARE-01.rar;BIM=https://puk.it/wp-content/uploads/puk-files-2026/revit/601503-PROMENADE-SQUARE-01.rfa
Promenade,,,,,,,,,,,,,,,,,,,,Promenade Square 01 26W 360°,601503.30.AL.01.D,White Aluminium RAL 9006,images/promenade/promenade-square-01-white-aluminium.jpg,3000K,,DALI,IP66,IK10,,360° downward light · 140 × 140 × 705mm,26W,2900lm,112lm/W,360°,Datasheet=images/promenade/datasheets/601503.30.AL.01.D.pdf;Installation=https://puk.it/wp-content/uploads/puk-files-2026/instructions/601501-601502-601503-601504-PROMENADE-INSTRUCTIONS.pdf;LDT=https://puk.it/wp-content/uploads/2018/12/601503-PROMENADE-SQUARE-01.rar;BIM=https://puk.it/wp-content/uploads/puk-files-2026/revit/601503-PROMENADE-SQUARE-01.rfa
Promenade,,,,,,,,,,,,,,,,,,,,Promenade Square 01 26W 360°,601503.40.AL.01.0,White Aluminium RAL 9006,images/promenade/promenade-square-01-white-aluminium.jpg,4000K,,On/Off,IP66,IK10,,360° downward light · 140 × 140 × 705mm,26W,3100lm,119lm/W,360°,Datasheet=images/promenade/datasheets/601503.40.AL.01.0.pdf;Installation=https://puk.it/wp-content/uploads/puk-files-2026/instructions/601501-601502-601503-601504-PROMENADE-INSTRUCTIONS.pdf;LDT=https://puk.it/wp-content/uploads/2018/12/601503-PROMENADE-SQUARE-01.rar;BIM=https://puk.it/wp-content/uploads/puk-files-2026/revit/601503-PROMENADE-SQUARE-01.rfa
Promenade,,,,,,,,,,,,,,,,,,,,Promenade Square 01 26W 360°,601503.40.AL.01.1,White Aluminium RAL 9006,images/promenade/promenade-square-01-white-aluminium.jpg,4000K,,1-10V,IP66,IK10,,360° downward light · 140 × 140 × 705mm,26W,3100lm,119lm/W,360°,Datasheet=images/promenade/datasheets/601503.40.AL.01.1.pdf;Installation=https://puk.it/wp-content/uploads/puk-files-2026/instructions/601501-601502-601503-601504-PROMENADE-INSTRUCTIONS.pdf;LDT=https://puk.it/wp-content/uploads/2018/12/601503-PROMENADE-SQUARE-01.rar;BIM=https://puk.it/wp-content/uploads/puk-files-2026/revit/601503-PROMENADE-SQUARE-01.rfa
Promenade,,,,,,,,,,,,,,,,,,,,Promenade Square 01 26W 360°,601503.40.AL.01.D,White Aluminium RAL 9006,images/promenade/promenade-square-01-white-aluminium.jpg,4000K,,DALI,IP66,IK10,,360° downward light · 140 × 140 × 705mm,26W,3100lm,119lm/W,360°,Datasheet=images/promenade/datasheets/601503.40.AL.01.D.pdf;Installation=https://puk.it/wp-content/uploads/puk-files-2026/instructions/601501-601502-601503-601504-PROMENADE-INSTRUCTIONS.pdf;LDT=https://puk.it/wp-content/uploads/2018/12/601503-PROMENADE-SQUARE-01.rar;BIM=https://puk.it/wp-content/uploads/puk-files-2026/revit/601503-PROMENADE-SQUARE-01.rfa
Promenade,,,,,,,,,,,,,,,,,,,,Promenade Square 01 26W 360°,601503.27.AL.02.0,Anthracite Grey RAL 7016,images/promenade/promenade-square-01-anthracite-grey.jpg,2700K,,On/Off,IP66,IK10,,360° downward light · 140 × 140 × 705mm,26W,2755lm,106lm/W,360°,Datasheet=images/promenade/datasheets/601503.27.AL.02.0.pdf;Installation=https://puk.it/wp-content/uploads/puk-files-2026/instructions/601501-601502-601503-601504-PROMENADE-INSTRUCTIONS.pdf;LDT=https://puk.it/wp-content/uploads/2018/12/601503-PROMENADE-SQUARE-01.rar;BIM=https://puk.it/wp-content/uploads/puk-files-2026/revit/601503-PROMENADE-SQUARE-01.rfa
Promenade,,,,,,,,,,,,,,,,,,,,Promenade Square 01 26W 360°,601503.27.AL.02.1,Anthracite Grey RAL 7016,images/promenade/promenade-square-01-anthracite-grey.jpg,2700K,,1-10V,IP66,IK10,,360° downward light · 140 × 140 × 705mm,26W,2755lm,106lm/W,360°,Datasheet=images/promenade/datasheets/601503.27.AL.02.1.pdf;Installation=https://puk.it/wp-content/uploads/puk-files-2026/instructions/601501-601502-601503-601504-PROMENADE-INSTRUCTIONS.pdf;LDT=https://puk.it/wp-content/uploads/2018/12/601503-PROMENADE-SQUARE-01.rar;BIM=https://puk.it/wp-content/uploads/puk-files-2026/revit/601503-PROMENADE-SQUARE-01.rfa
Promenade,,,,,,,,,,,,,,,,,,,,Promenade Square 01 26W 360°,601503.27.AL.02.D,Anthracite Grey RAL 7016,images/promenade/promenade-square-01-anthracite-grey.jpg,2700K,,DALI,IP66,IK10,,360° downward light · 140 × 140 × 705mm,26W,2755lm,106lm/W,360°,Datasheet=images/promenade/datasheets/601503.27.AL.02.D.pdf;Installation=https://puk.it/wp-content/uploads/puk-files-2026/instructions/601501-601502-601503-601504-PROMENADE-INSTRUCTIONS.pdf;LDT=https://puk.it/wp-content/uploads/2018/12/601503-PROMENADE-SQUARE-01.rar;BIM=https://puk.it/wp-content/uploads/puk-files-2026/revit/601503-PROMENADE-SQUARE-01.rfa
Promenade,,,,,,,,,,,,,,,,,,,,Promenade Square 01 26W 360°,601503.30.AL.02.0,Anthracite Grey RAL 7016,images/promenade/promenade-square-01-anthracite-grey.jpg,3000K,,On/Off,IP66,IK10,,360° downward light · 140 × 140 × 705mm,26W,2900lm,112lm/W,360°,Datasheet=images/promenade/datasheets/601503.30.AL.02.0.pdf;Installation=https://puk.it/wp-content/uploads/puk-files-2026/instructions/601501-601502-601503-601504-PROMENADE-INSTRUCTIONS.pdf;LDT=https://puk.it/wp-content/uploads/2018/12/601503-PROMENADE-SQUARE-01.rar;BIM=https://puk.it/wp-content/uploads/puk-files-2026/revit/601503-PROMENADE-SQUARE-01.rfa
Promenade,,,,,,,,,,,,,,,,,,,,Promenade Square 01 26W 360°,601503.30.AL.02.1,Anthracite Grey RAL 7016,images/promenade/promenade-square-01-anthracite-grey.jpg,3000K,,1-10V,IP66,IK10,,360° downward light · 140 × 140 × 705mm,26W,2900lm,112lm/W,360°,Datasheet=images/promenade/datasheets/601503.30.AL.02.1.pdf;Installation=https://puk.it/wp-content/uploads/puk-files-2026/instructions/601501-601502-601503-601504-PROMENADE-INSTRUCTIONS.pdf;LDT=https://puk.it/wp-content/uploads/2018/12/601503-PROMENADE-SQUARE-01.rar;BIM=https://puk.it/wp-content/uploads/puk-files-2026/revit/601503-PROMENADE-SQUARE-01.rfa
Promenade,,,,,,,,,,,,,,,,,,,,Promenade Square 01 26W 360°,601503.30.AL.02.D,Anthracite Grey RAL 7016,images/promenade/promenade-square-01-anthracite-grey.jpg,3000K,,DALI,IP66,IK10,,360° downward light · 140 × 140 × 705mm,26W,2900lm,112lm/W,360°,Datasheet=images/promenade/datasheets/601503.30.AL.02.D.pdf;Installation=https://puk.it/wp-content/uploads/puk-files-2026/instructions/601501-601502-601503-601504-PROMENADE-INSTRUCTIONS.pdf;LDT=https://puk.it/wp-content/uploads/2018/12/601503-PROMENADE-SQUARE-01.rar;BIM=https://puk.it/wp-content/uploads/puk-files-2026/revit/601503-PROMENADE-SQUARE-01.rfa
Promenade,,,,,,,,,,,,,,,,,,,,Promenade Square 01 26W 360°,601503.40.AL.02.0,Anthracite Grey RAL 7016,images/promenade/promenade-square-01-anthracite-grey.jpg,4000K,,On/Off,IP66,IK10,,360° downward light · 140 × 140 × 705mm,26W,3100lm,119lm/W,360°,Datasheet=images/promenade/datasheets/601503.40.AL.02.0.pdf;Installation=https://puk.it/wp-content/uploads/puk-files-2026/instructions/601501-601502-601503-601504-PROMENADE-INSTRUCTIONS.pdf;LDT=https://puk.it/wp-content/uploads/2018/12/601503-PROMENADE-SQUARE-01.rar;BIM=https://puk.it/wp-content/uploads/puk-files-2026/revit/601503-PROMENADE-SQUARE-01.rfa
Promenade,,,,,,,,,,,,,,,,,,,,Promenade Square 01 26W 360°,601503.40.AL.02.1,Anthracite Grey RAL 7016,images/promenade/promenade-square-01-anthracite-grey.jpg,4000K,,1-10V,IP66,IK10,,360° downward light · 140 × 140 × 705mm,26W,3100lm,119lm/W,360°,Datasheet=images/promenade/datasheets/601503.40.AL.02.1.pdf;Installation=https://puk.it/wp-content/uploads/puk-files-2026/instructions/601501-601502-601503-601504-PROMENADE-INSTRUCTIONS.pdf;LDT=https://puk.it/wp-content/uploads/2018/12/601503-PROMENADE-SQUARE-01.rar;BIM=https://puk.it/wp-content/uploads/puk-files-2026/revit/601503-PROMENADE-SQUARE-01.rfa
Promenade,,,,,,,,,,,,,,,,,,,,Promenade Square 01 26W 360°,601503.40.AL.02.D,Anthracite Grey RAL 7016,images/promenade/promenade-square-01-anthracite-grey.jpg,4000K,,DALI,IP66,IK10,,360° downward light · 140 × 140 × 705mm,26W,3100lm,119lm/W,360°,Datasheet=images/promenade/datasheets/601503.40.AL.02.D.pdf;Installation=https://puk.it/wp-content/uploads/puk-files-2026/instructions/601501-601502-601503-601504-PROMENADE-INSTRUCTIONS.pdf;LDT=https://puk.it/wp-content/uploads/2018/12/601503-PROMENADE-SQUARE-01.rar;BIM=https://puk.it/wp-content/uploads/puk-files-2026/revit/601503-PROMENADE-SQUARE-01.rfa
Promenade,,,,,,,,,,,,,,,,,,,,Promenade Square 01 26W 360°,601503.27.AL.03.0,Black RAL 9005,images/promenade/promenade-square-01-black.jpg,2700K,,On/Off,IP66,IK10,,360° downward light · 140 × 140 × 705mm,26W,2755lm,106lm/W,360°,Datasheet=images/promenade/datasheets/601503.27.AL.03.0.pdf;Installation=https://puk.it/wp-content/uploads/puk-files-2026/instructions/601501-601502-601503-601504-PROMENADE-INSTRUCTIONS.pdf;LDT=https://puk.it/wp-content/uploads/2018/12/601503-PROMENADE-SQUARE-01.rar;BIM=https://puk.it/wp-content/uploads/puk-files-2026/revit/601503-PROMENADE-SQUARE-01.rfa
Promenade,,,,,,,,,,,,,,,,,,,,Promenade Square 01 26W 360°,601503.27.AL.03.1,Black RAL 9005,images/promenade/promenade-square-01-black.jpg,2700K,,1-10V,IP66,IK10,,360° downward light · 140 × 140 × 705mm,26W,2755lm,106lm/W,360°,Datasheet=images/promenade/datasheets/601503.27.AL.03.1.pdf;Installation=https://puk.it/wp-content/uploads/puk-files-2026/instructions/601501-601502-601503-601504-PROMENADE-INSTRUCTIONS.pdf;LDT=https://puk.it/wp-content/uploads/2018/12/601503-PROMENADE-SQUARE-01.rar;BIM=https://puk.it/wp-content/uploads/puk-files-2026/revit/601503-PROMENADE-SQUARE-01.rfa
Promenade,,,,,,,,,,,,,,,,,,,,Promenade Square 01 26W 360°,601503.27.AL.03.D,Black RAL 9005,images/promenade/promenade-square-01-black.jpg,2700K,,DALI,IP66,IK10,,360° downward light · 140 × 140 × 705mm,26W,2755lm,106lm/W,360°,Datasheet=images/promenade/datasheets/601503.27.AL.03.D.pdf;Installation=https://puk.it/wp-content/uploads/puk-files-2026/instructions/601501-601502-601503-601504-PROMENADE-INSTRUCTIONS.pdf;LDT=https://puk.it/wp-content/uploads/2018/12/601503-PROMENADE-SQUARE-01.rar;BIM=https://puk.it/wp-content/uploads/puk-files-2026/revit/601503-PROMENADE-SQUARE-01.rfa
Promenade,,,,,,,,,,,,,,,,,,,,Promenade Square 01 26W 360°,601503.30.AL.03.0,Black RAL 9005,images/promenade/promenade-square-01-black.jpg,3000K,,On/Off,IP66,IK10,,360° downward light · 140 × 140 × 705mm,26W,2900lm,112lm/W,360°,Datasheet=images/promenade/datasheets/601503.30.AL.03.0.pdf;Installation=https://puk.it/wp-content/uploads/puk-files-2026/instructions/601501-601502-601503-601504-PROMENADE-INSTRUCTIONS.pdf;LDT=https://puk.it/wp-content/uploads/2018/12/601503-PROMENADE-SQUARE-01.rar;BIM=https://puk.it/wp-content/uploads/puk-files-2026/revit/601503-PROMENADE-SQUARE-01.rfa
Promenade,,,,,,,,,,,,,,,,,,,,Promenade Square 01 26W 360°,601503.30.AL.03.1,Black RAL 9005,images/promenade/promenade-square-01-black.jpg,3000K,,1-10V,IP66,IK10,,360° downward light · 140 × 140 × 705mm,26W,2900lm,112lm/W,360°,Datasheet=images/promenade/datasheets/601503.30.AL.03.1.pdf;Installation=https://puk.it/wp-content/uploads/puk-files-2026/instructions/601501-601502-601503-601504-PROMENADE-INSTRUCTIONS.pdf;LDT=https://puk.it/wp-content/uploads/2018/12/601503-PROMENADE-SQUARE-01.rar;BIM=https://puk.it/wp-content/uploads/puk-files-2026/revit/601503-PROMENADE-SQUARE-01.rfa
Promenade,,,,,,,,,,,,,,,,,,,,Promenade Square 01 26W 360°,601503.30.AL.03.D,Black RAL 9005,images/promenade/promenade-square-01-black.jpg,3000K,,DALI,IP66,IK10,,360° downward light · 140 × 140 × 705mm,26W,2900lm,112lm/W,360°,Datasheet=images/promenade/datasheets/601503.30.AL.03.D.pdf;Installation=https://puk.it/wp-content/uploads/puk-files-2026/instructions/601501-601502-601503-601504-PROMENADE-INSTRUCTIONS.pdf;LDT=https://puk.it/wp-content/uploads/2018/12/601503-PROMENADE-SQUARE-01.rar;BIM=https://puk.it/wp-content/uploads/puk-files-2026/revit/601503-PROMENADE-SQUARE-01.rfa
Promenade,,,,,,,,,,,,,,,,,,,,Promenade Square 01 26W 360°,601503.40.AL.03.0,Black RAL 9005,images/promenade/promenade-square-01-black.jpg,4000K,,On/Off,IP66,IK10,,360° downward light · 140 × 140 × 705mm,26W,3100lm,119lm/W,360°,Datasheet=images/promenade/datasheets/601503.40.AL.03.0.pdf;Installation=https://puk.it/wp-content/uploads/puk-files-2026/instructions/601501-601502-601503-601504-PROMENADE-INSTRUCTIONS.pdf;LDT=https://puk.it/wp-content/uploads/2018/12/601503-PROMENADE-SQUARE-01.rar;BIM=https://puk.it/wp-content/uploads/puk-files-2026/revit/601503-PROMENADE-SQUARE-01.rfa
Promenade,,,,,,,,,,,,,,,,,,,,Promenade Square 01 26W 360°,601503.40.AL.03.1,Black RAL 9005,images/promenade/promenade-square-01-black.jpg,4000K,,1-10V,IP66,IK10,,360° downward light · 140 × 140 × 705mm,26W,3100lm,119lm/W,360°,Datasheet=images/promenade/datasheets/601503.40.AL.03.1.pdf;Installation=https://puk.it/wp-content/uploads/puk-files-2026/instructions/601501-601502-601503-601504-PROMENADE-INSTRUCTIONS.pdf;LDT=https://puk.it/wp-content/uploads/2018/12/601503-PROMENADE-SQUARE-01.rar;BIM=https://puk.it/wp-content/uploads/puk-files-2026/revit/601503-PROMENADE-SQUARE-01.rfa
Promenade,,,,,,,,,,,,,,,,,,,,Promenade Square 01 26W 360°,601503.40.AL.03.D,Black RAL 9005,images/promenade/promenade-square-01-black.jpg,4000K,,DALI,IP66,IK10,,360° downward light · 140 × 140 × 705mm,26W,3100lm,119lm/W,360°,Datasheet=images/promenade/datasheets/601503.40.AL.03.D.pdf;Installation=https://puk.it/wp-content/uploads/puk-files-2026/instructions/601501-601502-601503-601504-PROMENADE-INSTRUCTIONS.pdf;LDT=https://puk.it/wp-content/uploads/2018/12/601503-PROMENADE-SQUARE-01.rar;BIM=https://puk.it/wp-content/uploads/puk-files-2026/revit/601503-PROMENADE-SQUARE-01.rfa
Promenade,,,,,,,,,,,,,,,,,,,,Promenade Square 02 26W 360°,601504.27.AL.01.0,White Aluminium RAL 9006,images/promenade/promenade-square-02-white-aluminium.jpg,2700K,,On/Off,IP66,IK10,,360° downward light · 140 × 140 × 1005mm,26W,2755lm,106lm/W,360°,Datasheet=images/promenade/datasheets/601504.27.AL.01.0.pdf;Installation=https://puk.it/wp-content/uploads/puk-files-2026/instructions/601501-601502-601503-601504-PROMENADE-INSTRUCTIONS.pdf;LDT=https://puk.it/wp-content/uploads/2019/04/601504-PROMENADE-SQUARE-02.rar;BIM=https://puk.it/wp-content/uploads/puk-files-2026/revit/601504-PROMENADE-SQUARE-02.rfa
Promenade,,,,,,,,,,,,,,,,,,,,Promenade Square 02 26W 360°,601504.27.AL.01.1,White Aluminium RAL 9006,images/promenade/promenade-square-02-white-aluminium.jpg,2700K,,1-10V,IP66,IK10,,360° downward light · 140 × 140 × 1005mm,26W,2755lm,106lm/W,360°,Datasheet=images/promenade/datasheets/601504.27.AL.01.1.pdf;Installation=https://puk.it/wp-content/uploads/puk-files-2026/instructions/601501-601502-601503-601504-PROMENADE-INSTRUCTIONS.pdf;LDT=https://puk.it/wp-content/uploads/2019/04/601504-PROMENADE-SQUARE-02.rar;BIM=https://puk.it/wp-content/uploads/puk-files-2026/revit/601504-PROMENADE-SQUARE-02.rfa
Promenade,,,,,,,,,,,,,,,,,,,,Promenade Square 02 26W 360°,601504.27.AL.01.D,White Aluminium RAL 9006,images/promenade/promenade-square-02-white-aluminium.jpg,2700K,,DALI,IP66,IK10,,360° downward light · 140 × 140 × 1005mm,26W,2755lm,106lm/W,360°,Datasheet=images/promenade/datasheets/601504.27.AL.01.D.pdf;Installation=https://puk.it/wp-content/uploads/puk-files-2026/instructions/601501-601502-601503-601504-PROMENADE-INSTRUCTIONS.pdf;LDT=https://puk.it/wp-content/uploads/2019/04/601504-PROMENADE-SQUARE-02.rar;BIM=https://puk.it/wp-content/uploads/puk-files-2026/revit/601504-PROMENADE-SQUARE-02.rfa
Promenade,,,,,,,,,,,,,,,,,,,,Promenade Square 02 26W 360°,601504.30.AL.01.0,White Aluminium RAL 9006,images/promenade/promenade-square-02-white-aluminium.jpg,3000K,,On/Off,IP66,IK10,,360° downward light · 140 × 140 × 1005mm,26W,2900lm,112lm/W,360°,Datasheet=images/promenade/datasheets/601504.30.AL.01.0.pdf;Installation=https://puk.it/wp-content/uploads/puk-files-2026/instructions/601501-601502-601503-601504-PROMENADE-INSTRUCTIONS.pdf;LDT=https://puk.it/wp-content/uploads/2019/04/601504-PROMENADE-SQUARE-02.rar;BIM=https://puk.it/wp-content/uploads/puk-files-2026/revit/601504-PROMENADE-SQUARE-02.rfa
Promenade,,,,,,,,,,,,,,,,,,,,Promenade Square 02 26W 360°,601504.30.AL.01.1,White Aluminium RAL 9006,images/promenade/promenade-square-02-white-aluminium.jpg,3000K,,1-10V,IP66,IK10,,360° downward light · 140 × 140 × 1005mm,26W,2900lm,112lm/W,360°,Datasheet=images/promenade/datasheets/601504.30.AL.01.1.pdf;Installation=https://puk.it/wp-content/uploads/puk-files-2026/instructions/601501-601502-601503-601504-PROMENADE-INSTRUCTIONS.pdf;LDT=https://puk.it/wp-content/uploads/2019/04/601504-PROMENADE-SQUARE-02.rar;BIM=https://puk.it/wp-content/uploads/puk-files-2026/revit/601504-PROMENADE-SQUARE-02.rfa
Promenade,,,,,,,,,,,,,,,,,,,,Promenade Square 02 26W 360°,601504.30.AL.01.D,White Aluminium RAL 9006,images/promenade/promenade-square-02-white-aluminium.jpg,3000K,,DALI,IP66,IK10,,360° downward light · 140 × 140 × 1005mm,26W,2900lm,112lm/W,360°,Datasheet=images/promenade/datasheets/601504.30.AL.01.D.pdf;Installation=https://puk.it/wp-content/uploads/puk-files-2026/instructions/601501-601502-601503-601504-PROMENADE-INSTRUCTIONS.pdf;LDT=https://puk.it/wp-content/uploads/2019/04/601504-PROMENADE-SQUARE-02.rar;BIM=https://puk.it/wp-content/uploads/puk-files-2026/revit/601504-PROMENADE-SQUARE-02.rfa
Promenade,,,,,,,,,,,,,,,,,,,,Promenade Square 02 26W 360°,601504.40.AL.01.0,White Aluminium RAL 9006,images/promenade/promenade-square-02-white-aluminium.jpg,4000K,,On/Off,IP66,IK10,,360° downward light · 140 × 140 × 1005mm,26W,3100lm,119lm/W,360°,Datasheet=images/promenade/datasheets/601504.40.AL.01.0.pdf;Installation=https://puk.it/wp-content/uploads/puk-files-2026/instructions/601501-601502-601503-601504-PROMENADE-INSTRUCTIONS.pdf;LDT=https://puk.it/wp-content/uploads/2019/04/601504-PROMENADE-SQUARE-02.rar;BIM=https://puk.it/wp-content/uploads/puk-files-2026/revit/601504-PROMENADE-SQUARE-02.rfa
Promenade,,,,,,,,,,,,,,,,,,,,Promenade Square 02 26W 360°,601504.40.AL.01.1,White Aluminium RAL 9006,images/promenade/promenade-square-02-white-aluminium.jpg,4000K,,1-10V,IP66,IK10,,360° downward light · 140 × 140 × 1005mm,26W,3100lm,119lm/W,360°,Datasheet=images/promenade/datasheets/601504.40.AL.01.1.pdf;Installation=https://puk.it/wp-content/uploads/puk-files-2026/instructions/601501-601502-601503-601504-PROMENADE-INSTRUCTIONS.pdf;LDT=https://puk.it/wp-content/uploads/2019/04/601504-PROMENADE-SQUARE-02.rar;BIM=https://puk.it/wp-content/uploads/puk-files-2026/revit/601504-PROMENADE-SQUARE-02.rfa
Promenade,,,,,,,,,,,,,,,,,,,,Promenade Square 02 26W 360°,601504.40.AL.01.D,White Aluminium RAL 9006,images/promenade/promenade-square-02-white-aluminium.jpg,4000K,,DALI,IP66,IK10,,360° downward light · 140 × 140 × 1005mm,26W,3100lm,119lm/W,360°,Datasheet=images/promenade/datasheets/601504.40.AL.01.D.pdf;Installation=https://puk.it/wp-content/uploads/puk-files-2026/instructions/601501-601502-601503-601504-PROMENADE-INSTRUCTIONS.pdf;LDT=https://puk.it/wp-content/uploads/2019/04/601504-PROMENADE-SQUARE-02.rar;BIM=https://puk.it/wp-content/uploads/puk-files-2026/revit/601504-PROMENADE-SQUARE-02.rfa
Promenade,,,,,,,,,,,,,,,,,,,,Promenade Square 02 26W 360°,601504.27.AL.02.0,Anthracite Grey RAL 7016,images/promenade/promenade-square-02-anthracite-grey.jpg,2700K,,On/Off,IP66,IK10,,360° downward light · 140 × 140 × 1005mm,26W,2755lm,106lm/W,360°,Datasheet=images/promenade/datasheets/601504.27.AL.02.0.pdf;Installation=https://puk.it/wp-content/uploads/puk-files-2026/instructions/601501-601502-601503-601504-PROMENADE-INSTRUCTIONS.pdf;LDT=https://puk.it/wp-content/uploads/2019/04/601504-PROMENADE-SQUARE-02.rar;BIM=https://puk.it/wp-content/uploads/puk-files-2026/revit/601504-PROMENADE-SQUARE-02.rfa
Promenade,,,,,,,,,,,,,,,,,,,,Promenade Square 02 26W 360°,601504.27.AL.02.1,Anthracite Grey RAL 7016,images/promenade/promenade-square-02-anthracite-grey.jpg,2700K,,1-10V,IP66,IK10,,360° downward light · 140 × 140 × 1005mm,26W,2755lm,106lm/W,360°,Datasheet=images/promenade/datasheets/601504.27.AL.02.1.pdf;Installation=https://puk.it/wp-content/uploads/puk-files-2026/instructions/601501-601502-601503-601504-PROMENADE-INSTRUCTIONS.pdf;LDT=https://puk.it/wp-content/uploads/2019/04/601504-PROMENADE-SQUARE-02.rar;BIM=https://puk.it/wp-content/uploads/puk-files-2026/revit/601504-PROMENADE-SQUARE-02.rfa
Promenade,,,,,,,,,,,,,,,,,,,,Promenade Square 02 26W 360°,601504.27.AL.02.D,Anthracite Grey RAL 7016,images/promenade/promenade-square-02-anthracite-grey.jpg,2700K,,DALI,IP66,IK10,,360° downward light · 140 × 140 × 1005mm,26W,2755lm,106lm/W,360°,Datasheet=images/promenade/datasheets/601504.27.AL.02.D.pdf;Installation=https://puk.it/wp-content/uploads/puk-files-2026/instructions/601501-601502-601503-601504-PROMENADE-INSTRUCTIONS.pdf;LDT=https://puk.it/wp-content/uploads/2019/04/601504-PROMENADE-SQUARE-02.rar;BIM=https://puk.it/wp-content/uploads/puk-files-2026/revit/601504-PROMENADE-SQUARE-02.rfa
Promenade,,,,,,,,,,,,,,,,,,,,Promenade Square 02 26W 360°,601504.30.AL.02.0,Anthracite Grey RAL 7016,images/promenade/promenade-square-02-anthracite-grey.jpg,3000K,,On/Off,IP66,IK10,,360° downward light · 140 × 140 × 1005mm,26W,2900lm,112lm/W,360°,Datasheet=images/promenade/datasheets/601504.30.AL.02.0.pdf;Installation=https://puk.it/wp-content/uploads/puk-files-2026/instructions/601501-601502-601503-601504-PROMENADE-INSTRUCTIONS.pdf;LDT=https://puk.it/wp-content/uploads/2019/04/601504-PROMENADE-SQUARE-02.rar;BIM=https://puk.it/wp-content/uploads/puk-files-2026/revit/601504-PROMENADE-SQUARE-02.rfa
Promenade,,,,,,,,,,,,,,,,,,,,Promenade Square 02 26W 360°,601504.30.AL.02.1,Anthracite Grey RAL 7016,images/promenade/promenade-square-02-anthracite-grey.jpg,3000K,,1-10V,IP66,IK10,,360° downward light · 140 × 140 × 1005mm,26W,2900lm,112lm/W,360°,Datasheet=images/promenade/datasheets/601504.30.AL.02.1.pdf;Installation=https://puk.it/wp-content/uploads/puk-files-2026/instructions/601501-601502-601503-601504-PROMENADE-INSTRUCTIONS.pdf;LDT=https://puk.it/wp-content/uploads/2019/04/601504-PROMENADE-SQUARE-02.rar;BIM=https://puk.it/wp-content/uploads/puk-files-2026/revit/601504-PROMENADE-SQUARE-02.rfa
Promenade,,,,,,,,,,,,,,,,,,,,Promenade Square 02 26W 360°,601504.30.AL.02.D,Anthracite Grey RAL 7016,images/promenade/promenade-square-02-anthracite-grey.jpg,3000K,,DALI,IP66,IK10,,360° downward light · 140 × 140 × 1005mm,26W,2900lm,112lm/W,360°,Datasheet=images/promenade/datasheets/601504.30.AL.02.D.pdf;Installation=https://puk.it/wp-content/uploads/puk-files-2026/instructions/601501-601502-601503-601504-PROMENADE-INSTRUCTIONS.pdf;LDT=https://puk.it/wp-content/uploads/2019/04/601504-PROMENADE-SQUARE-02.rar;BIM=https://puk.it/wp-content/uploads/puk-files-2026/revit/601504-PROMENADE-SQUARE-02.rfa
Promenade,,,,,,,,,,,,,,,,,,,,Promenade Square 02 26W 360°,601504.40.AL.02.0,Anthracite Grey RAL 7016,images/promenade/promenade-square-02-anthracite-grey.jpg,4000K,,On/Off,IP66,IK10,,360° downward light · 140 × 140 × 1005mm,26W,3100lm,119lm/W,360°,Datasheet=images/promenade/datasheets/601504.40.AL.02.0.pdf;Installation=https://puk.it/wp-content/uploads/puk-files-2026/instructions/601501-601502-601503-601504-PROMENADE-INSTRUCTIONS.pdf;LDT=https://puk.it/wp-content/uploads/2019/04/601504-PROMENADE-SQUARE-02.rar;BIM=https://puk.it/wp-content/uploads/puk-files-2026/revit/601504-PROMENADE-SQUARE-02.rfa
Promenade,,,,,,,,,,,,,,,,,,,,Promenade Square 02 26W 360°,601504.40.AL.02.1,Anthracite Grey RAL 7016,images/promenade/promenade-square-02-anthracite-grey.jpg,4000K,,1-10V,IP66,IK10,,360° downward light · 140 × 140 × 1005mm,26W,3100lm,119lm/W,360°,Datasheet=images/promenade/datasheets/601504.40.AL.02.1.pdf;Installation=https://puk.it/wp-content/uploads/puk-files-2026/instructions/601501-601502-601503-601504-PROMENADE-INSTRUCTIONS.pdf;LDT=https://puk.it/wp-content/uploads/2019/04/601504-PROMENADE-SQUARE-02.rar;BIM=https://puk.it/wp-content/uploads/puk-files-2026/revit/601504-PROMENADE-SQUARE-02.rfa
Promenade,,,,,,,,,,,,,,,,,,,,Promenade Square 02 26W 360°,601504.40.AL.02.D,Anthracite Grey RAL 7016,images/promenade/promenade-square-02-anthracite-grey.jpg,4000K,,DALI,IP66,IK10,,360° downward light · 140 × 140 × 1005mm,26W,3100lm,119lm/W,360°,Datasheet=images/promenade/datasheets/601504.40.AL.02.D.pdf;Installation=https://puk.it/wp-content/uploads/puk-files-2026/instructions/601501-601502-601503-601504-PROMENADE-INSTRUCTIONS.pdf;LDT=https://puk.it/wp-content/uploads/2019/04/601504-PROMENADE-SQUARE-02.rar;BIM=https://puk.it/wp-content/uploads/puk-files-2026/revit/601504-PROMENADE-SQUARE-02.rfa
Promenade,,,,,,,,,,,,,,,,,,,,Promenade Square 02 26W 360°,601504.27.AL.03.0,Black RAL 9005,images/promenade/promenade-square-02-black.jpg,2700K,,On/Off,IP66,IK10,,360° downward light · 140 × 140 × 1005mm,26W,2755lm,106lm/W,360°,Datasheet=images/promenade/datasheets/601504.27.AL.03.0.pdf;Installation=https://puk.it/wp-content/uploads/puk-files-2026/instructions/601501-601502-601503-601504-PROMENADE-INSTRUCTIONS.pdf;LDT=https://puk.it/wp-content/uploads/2019/04/601504-PROMENADE-SQUARE-02.rar;BIM=https://puk.it/wp-content/uploads/puk-files-2026/revit/601504-PROMENADE-SQUARE-02.rfa
Promenade,,,,,,,,,,,,,,,,,,,,Promenade Square 02 26W 360°,601504.27.AL.03.1,Black RAL 9005,images/promenade/promenade-square-02-black.jpg,2700K,,1-10V,IP66,IK10,,360° downward light · 140 × 140 × 1005mm,26W,2755lm,106lm/W,360°,Datasheet=images/promenade/datasheets/601504.27.AL.03.1.pdf;Installation=https://puk.it/wp-content/uploads/puk-files-2026/instructions/601501-601502-601503-601504-PROMENADE-INSTRUCTIONS.pdf;LDT=https://puk.it/wp-content/uploads/2019/04/601504-PROMENADE-SQUARE-02.rar;BIM=https://puk.it/wp-content/uploads/puk-files-2026/revit/601504-PROMENADE-SQUARE-02.rfa
Promenade,,,,,,,,,,,,,,,,,,,,Promenade Square 02 26W 360°,601504.27.AL.03.D,Black RAL 9005,images/promenade/promenade-square-02-black.jpg,2700K,,DALI,IP66,IK10,,360° downward light · 140 × 140 × 1005mm,26W,2755lm,106lm/W,360°,Datasheet=images/promenade/datasheets/601504.27.AL.03.D.pdf;Installation=https://puk.it/wp-content/uploads/puk-files-2026/instructions/601501-601502-601503-601504-PROMENADE-INSTRUCTIONS.pdf;LDT=https://puk.it/wp-content/uploads/2019/04/601504-PROMENADE-SQUARE-02.rar;BIM=https://puk.it/wp-content/uploads/puk-files-2026/revit/601504-PROMENADE-SQUARE-02.rfa
Promenade,,,,,,,,,,,,,,,,,,,,Promenade Square 02 26W 360°,601504.30.AL.03.0,Black RAL 9005,images/promenade/promenade-square-02-black.jpg,3000K,,On/Off,IP66,IK10,,360° downward light · 140 × 140 × 1005mm,26W,2900lm,112lm/W,360°,Datasheet=images/promenade/datasheets/601504.30.AL.03.0.pdf;Installation=https://puk.it/wp-content/uploads/puk-files-2026/instructions/601501-601502-601503-601504-PROMENADE-INSTRUCTIONS.pdf;LDT=https://puk.it/wp-content/uploads/2019/04/601504-PROMENADE-SQUARE-02.rar;BIM=https://puk.it/wp-content/uploads/puk-files-2026/revit/601504-PROMENADE-SQUARE-02.rfa
Promenade,,,,,,,,,,,,,,,,,,,,Promenade Square 02 26W 360°,601504.30.AL.03.1,Black RAL 9005,images/promenade/promenade-square-02-black.jpg,3000K,,1-10V,IP66,IK10,,360° downward light · 140 × 140 × 1005mm,26W,2900lm,112lm/W,360°,Datasheet=images/promenade/datasheets/601504.30.AL.03.1.pdf;Installation=https://puk.it/wp-content/uploads/puk-files-2026/instructions/601501-601502-601503-601504-PROMENADE-INSTRUCTIONS.pdf;LDT=https://puk.it/wp-content/uploads/2019/04/601504-PROMENADE-SQUARE-02.rar;BIM=https://puk.it/wp-content/uploads/puk-files-2026/revit/601504-PROMENADE-SQUARE-02.rfa
Promenade,,,,,,,,,,,,,,,,,,,,Promenade Square 02 26W 360°,601504.30.AL.03.D,Black RAL 9005,images/promenade/promenade-square-02-black.jpg,3000K,,DALI,IP66,IK10,,360° downward light · 140 × 140 × 1005mm,26W,2900lm,112lm/W,360°,Datasheet=images/promenade/datasheets/601504.30.AL.03.D.pdf;Installation=https://puk.it/wp-content/uploads/puk-files-2026/instructions/601501-601502-601503-601504-PROMENADE-INSTRUCTIONS.pdf;LDT=https://puk.it/wp-content/uploads/2019/04/601504-PROMENADE-SQUARE-02.rar;BIM=https://puk.it/wp-content/uploads/puk-files-2026/revit/601504-PROMENADE-SQUARE-02.rfa
Promenade,,,,,,,,,,,,,,,,,,,,Promenade Square 02 26W 360°,601504.40.AL.03.0,Black RAL 9005,images/promenade/promenade-square-02-black.jpg,4000K,,On/Off,IP66,IK10,,360° downward light · 140 × 140 × 1005mm,26W,3100lm,119lm/W,360°,Datasheet=images/promenade/datasheets/601504.40.AL.03.0.pdf;Installation=https://puk.it/wp-content/uploads/puk-files-2026/instructions/601501-601502-601503-601504-PROMENADE-INSTRUCTIONS.pdf;LDT=https://puk.it/wp-content/uploads/2019/04/601504-PROMENADE-SQUARE-02.rar;BIM=https://puk.it/wp-content/uploads/puk-files-2026/revit/601504-PROMENADE-SQUARE-02.rfa
Promenade,,,,,,,,,,,,,,,,,,,,Promenade Square 02 26W 360°,601504.40.AL.03.1,Black RAL 9005,images/promenade/promenade-square-02-black.jpg,4000K,,1-10V,IP66,IK10,,360° downward light · 140 × 140 × 1005mm,26W,3100lm,119lm/W,360°,Datasheet=images/promenade/datasheets/601504.40.AL.03.1.pdf;Installation=https://puk.it/wp-content/uploads/puk-files-2026/instructions/601501-601502-601503-601504-PROMENADE-INSTRUCTIONS.pdf;LDT=https://puk.it/wp-content/uploads/2019/04/601504-PROMENADE-SQUARE-02.rar;BIM=https://puk.it/wp-content/uploads/puk-files-2026/revit/601504-PROMENADE-SQUARE-02.rfa
Promenade,,,,,,,,,,,,,,,,,,,,Promenade Square 02 26W 360°,601504.40.AL.03.D,Black RAL 9005,images/promenade/promenade-square-02-black.jpg,4000K,,DALI,IP66,IK10,,360° downward light · 140 × 140 × 1005mm,26W,3100lm,119lm/W,360°,Datasheet=images/promenade/datasheets/601504.40.AL.03.D.pdf;Installation=https://puk.it/wp-content/uploads/puk-files-2026/instructions/601501-601502-601503-601504-PROMENADE-INSTRUCTIONS.pdf;LDT=https://puk.it/wp-content/uploads/2019/04/601504-PROMENADE-SQUARE-02.rar;BIM=https://puk.it/wp-content/uploads/puk-files-2026/revit/601504-PROMENADE-SQUARE-02.rfa
Scout,PUK,Exterior,Bollard,A flat rectangular bollard that washes the ground on one side.,"Scout is a slim rectangular bollard, 66mm deep, that washes the ground to one side with a low 180° beam through a frosted glass window. Scout Mini is 150mm wide and 700mm high; Scout Medium is 230mm wide and 750mm high. It suits paths, steps and building edges, with the driver built in.","Surface-mounted rectangular bollard. Mini 150 × 66 × 700mm | Medium 230 × 66 × 750mm. 180° floor-washing light. Extruded copper-free aluminium body, phospho-chromatised and polyester powder coated. Frosted tempered glass diffuser. Moulded silicone gasket and stainless steel screws. Built-in LED driver 220–240V 50/60Hz. CREE XH-G mid-power LEDs. IP65. IK08. Class I.",2700K | 3000K | 4000K,,On/Off,IP65,IK08,White Aluminium RAL 9006 | Anthracite Grey RAL 7016 | Black RAL 9005,bollard,,images/scout/scout-thumb.jpg;images/scout/scout-dimensions-mini.png;images/scout/scout-dimensions-medium.png,,,images/scout/scout-dimensions-mini.png,Mini 150 × 66 × 700mm · Medium 230 × 66 × 750mm,Scout Mini 4W 180°,601901.27.HA.01.0,White Aluminium RAL 9006,images/scout/scout-mini-white-aluminium.jpg,2700K,,On/Off,IP65,IK08,,180° floor washer · 150 × 66 × 700mm,4W,333lm,83lm/W,180°,Datasheet=images/scout/datasheets/601901.27.HA.01.0.pdf;Installation=https://puk.it/wp-content/uploads/puk-files-2026/instructions/601901-601902-SCOUT-MINI-MEDIUM-INSTRUCTIONS.pdf;LDT=https://puk.it/wp-content/uploads/2020/01/601901-SCOUT-MINI.rar;BIM=https://puk.it/wp-content/uploads/puk-files-2026/revit/601901-SCOUT-MINI.rfa
Scout,,,,,,,,,,,,,,,,,,,,Scout Mini 4W 180°,601901.30.HA.01.0,White Aluminium RAL 9006,images/scout/scout-mini-white-aluminium.jpg,3000K,,On/Off,IP65,IK08,,180° floor washer · 150 × 66 × 700mm,4W,350lm,88lm/W,180°,Datasheet=images/scout/datasheets/601901.30.HA.01.0.pdf;Installation=https://puk.it/wp-content/uploads/puk-files-2026/instructions/601901-601902-SCOUT-MINI-MEDIUM-INSTRUCTIONS.pdf;LDT=https://puk.it/wp-content/uploads/2020/01/601901-SCOUT-MINI.rar;BIM=https://puk.it/wp-content/uploads/puk-files-2026/revit/601901-SCOUT-MINI.rfa
Scout,,,,,,,,,,,,,,,,,,,,Scout Mini 4W 180°,601901.40.HA.01.0,White Aluminium RAL 9006,images/scout/scout-mini-white-aluminium.jpg,4000K,,On/Off,IP65,IK08,,180° floor washer · 150 × 66 × 700mm,4W,360lm,90lm/W,180°,Datasheet=images/scout/datasheets/601901.40.HA.01.0.pdf;Installation=https://puk.it/wp-content/uploads/puk-files-2026/instructions/601901-601902-SCOUT-MINI-MEDIUM-INSTRUCTIONS.pdf;LDT=https://puk.it/wp-content/uploads/2020/01/601901-SCOUT-MINI.rar;BIM=https://puk.it/wp-content/uploads/puk-files-2026/revit/601901-SCOUT-MINI.rfa
Scout,,,,,,,,,,,,,,,,,,,,Scout Mini 4W 180°,601901.27.HA.02.0,Anthracite Grey RAL 7016,images/scout/scout-mini-anthracite-grey.jpg,2700K,,On/Off,IP65,IK08,,180° floor washer · 150 × 66 × 700mm,4W,333lm,83lm/W,180°,Datasheet=images/scout/datasheets/601901.27.HA.02.0.pdf;Installation=https://puk.it/wp-content/uploads/puk-files-2026/instructions/601901-601902-SCOUT-MINI-MEDIUM-INSTRUCTIONS.pdf;LDT=https://puk.it/wp-content/uploads/2020/01/601901-SCOUT-MINI.rar;BIM=https://puk.it/wp-content/uploads/puk-files-2026/revit/601901-SCOUT-MINI.rfa
Scout,,,,,,,,,,,,,,,,,,,,Scout Mini 4W 180°,601901.30.HA.02.0,Anthracite Grey RAL 7016,images/scout/scout-mini-anthracite-grey.jpg,3000K,,On/Off,IP65,IK08,,180° floor washer · 150 × 66 × 700mm,4W,350lm,88lm/W,180°,Datasheet=images/scout/datasheets/601901.30.HA.02.0.pdf;Installation=https://puk.it/wp-content/uploads/puk-files-2026/instructions/601901-601902-SCOUT-MINI-MEDIUM-INSTRUCTIONS.pdf;LDT=https://puk.it/wp-content/uploads/2020/01/601901-SCOUT-MINI.rar;BIM=https://puk.it/wp-content/uploads/puk-files-2026/revit/601901-SCOUT-MINI.rfa
Scout,,,,,,,,,,,,,,,,,,,,Scout Mini 4W 180°,601901.40.HA.02.0,Anthracite Grey RAL 7016,images/scout/scout-mini-anthracite-grey.jpg,4000K,,On/Off,IP65,IK08,,180° floor washer · 150 × 66 × 700mm,4W,360lm,90lm/W,180°,Datasheet=images/scout/datasheets/601901.40.HA.02.0.pdf;Installation=https://puk.it/wp-content/uploads/puk-files-2026/instructions/601901-601902-SCOUT-MINI-MEDIUM-INSTRUCTIONS.pdf;LDT=https://puk.it/wp-content/uploads/2020/01/601901-SCOUT-MINI.rar;BIM=https://puk.it/wp-content/uploads/puk-files-2026/revit/601901-SCOUT-MINI.rfa
Scout,,,,,,,,,,,,,,,,,,,,Scout Mini 4W 180°,601901.27.HA.03.0,Black RAL 9005,images/scout/scout-mini-black.jpg,2700K,,On/Off,IP65,IK08,,180° floor washer · 150 × 66 × 700mm,4W,333lm,83lm/W,180°,Datasheet=images/scout/datasheets/601901.27.HA.03.0.pdf;Installation=https://puk.it/wp-content/uploads/puk-files-2026/instructions/601901-601902-SCOUT-MINI-MEDIUM-INSTRUCTIONS.pdf;LDT=https://puk.it/wp-content/uploads/2020/01/601901-SCOUT-MINI.rar;BIM=https://puk.it/wp-content/uploads/puk-files-2026/revit/601901-SCOUT-MINI.rfa
Scout,,,,,,,,,,,,,,,,,,,,Scout Mini 4W 180°,601901.30.HA.03.0,Black RAL 9005,images/scout/scout-mini-black.jpg,3000K,,On/Off,IP65,IK08,,180° floor washer · 150 × 66 × 700mm,4W,350lm,88lm/W,180°,Datasheet=images/scout/datasheets/601901.30.HA.03.0.pdf;Installation=https://puk.it/wp-content/uploads/puk-files-2026/instructions/601901-601902-SCOUT-MINI-MEDIUM-INSTRUCTIONS.pdf;LDT=https://puk.it/wp-content/uploads/2020/01/601901-SCOUT-MINI.rar;BIM=https://puk.it/wp-content/uploads/puk-files-2026/revit/601901-SCOUT-MINI.rfa
Scout,,,,,,,,,,,,,,,,,,,,Scout Mini 4W 180°,601901.40.HA.03.0,Black RAL 9005,images/scout/scout-mini-black.jpg,4000K,,On/Off,IP65,IK08,,180° floor washer · 150 × 66 × 700mm,4W,360lm,90lm/W,180°,Datasheet=images/scout/datasheets/601901.40.HA.03.0.pdf;Installation=https://puk.it/wp-content/uploads/puk-files-2026/instructions/601901-601902-SCOUT-MINI-MEDIUM-INSTRUCTIONS.pdf;LDT=https://puk.it/wp-content/uploads/2020/01/601901-SCOUT-MINI.rar;BIM=https://puk.it/wp-content/uploads/puk-files-2026/revit/601901-SCOUT-MINI.rfa
Scout,,,,,,,,,,,,,,,,,,,,Scout Medium 8W 180°,601902.27.HA.01.0,White Aluminium RAL 9006,images/scout/scout-medium-white-aluminium.jpg,2700K,,On/Off,IP65,IK08,,180° floor washer · 230 × 66 × 750mm,8W,618lm,77lm/W,180°,Datasheet=images/scout/datasheets/601902.27.HA.01.0.pdf;Installation=https://puk.it/wp-content/uploads/puk-files-2026/instructions/601901-601902-SCOUT-MINI-MEDIUM-INSTRUCTIONS.pdf;LDT=https://puk.it/wp-content/uploads/2020/01/601902-SCOUT-MEDIUM.rar;BIM=https://puk.it/wp-content/uploads/puk-files-2026/revit/601902-SCOUT-MEDIUM.rfa
Scout,,,,,,,,,,,,,,,,,,,,Scout Medium 8W 180°,601902.30.HA.01.0,White Aluminium RAL 9006,images/scout/scout-medium-white-aluminium.jpg,3000K,,On/Off,IP65,IK08,,180° floor washer · 230 × 66 × 750mm,8W,650lm,81lm/W,180°,Datasheet=images/scout/datasheets/601902.30.HA.01.0.pdf;Installation=https://puk.it/wp-content/uploads/puk-files-2026/instructions/601901-601902-SCOUT-MINI-MEDIUM-INSTRUCTIONS.pdf;LDT=https://puk.it/wp-content/uploads/2020/01/601902-SCOUT-MEDIUM.rar;BIM=https://puk.it/wp-content/uploads/puk-files-2026/revit/601902-SCOUT-MEDIUM.rfa
Scout,,,,,,,,,,,,,,,,,,,,Scout Medium 8W 180°,601902.40.HA.01.0,White Aluminium RAL 9006,images/scout/scout-medium-white-aluminium.jpg,4000K,,On/Off,IP65,IK08,,180° floor washer · 230 × 66 × 750mm,8W,665lm,83lm/W,180°,Datasheet=images/scout/datasheets/601902.40.HA.01.0.pdf;Installation=https://puk.it/wp-content/uploads/puk-files-2026/instructions/601901-601902-SCOUT-MINI-MEDIUM-INSTRUCTIONS.pdf;LDT=https://puk.it/wp-content/uploads/2020/01/601902-SCOUT-MEDIUM.rar;BIM=https://puk.it/wp-content/uploads/puk-files-2026/revit/601902-SCOUT-MEDIUM.rfa
Scout,,,,,,,,,,,,,,,,,,,,Scout Medium 8W 180°,601902.27.HA.02.0,Anthracite Grey RAL 7016,images/scout/scout-medium-anthracite-grey.jpg,2700K,,On/Off,IP65,IK08,,180° floor washer · 230 × 66 × 750mm,8W,618lm,77lm/W,180°,Datasheet=images/scout/datasheets/601902.27.HA.02.0.pdf;Installation=https://puk.it/wp-content/uploads/puk-files-2026/instructions/601901-601902-SCOUT-MINI-MEDIUM-INSTRUCTIONS.pdf;LDT=https://puk.it/wp-content/uploads/2020/01/601902-SCOUT-MEDIUM.rar;BIM=https://puk.it/wp-content/uploads/puk-files-2026/revit/601902-SCOUT-MEDIUM.rfa
Scout,,,,,,,,,,,,,,,,,,,,Scout Medium 8W 180°,601902.30.HA.02.0,Anthracite Grey RAL 7016,images/scout/scout-medium-anthracite-grey.jpg,3000K,,On/Off,IP65,IK08,,180° floor washer · 230 × 66 × 750mm,8W,650lm,81lm/W,180°,Datasheet=images/scout/datasheets/601902.30.HA.02.0.pdf;Installation=https://puk.it/wp-content/uploads/puk-files-2026/instructions/601901-601902-SCOUT-MINI-MEDIUM-INSTRUCTIONS.pdf;LDT=https://puk.it/wp-content/uploads/2020/01/601902-SCOUT-MEDIUM.rar;BIM=https://puk.it/wp-content/uploads/puk-files-2026/revit/601902-SCOUT-MEDIUM.rfa
Scout,,,,,,,,,,,,,,,,,,,,Scout Medium 8W 180°,601902.40.HA.02.0,Anthracite Grey RAL 7016,images/scout/scout-medium-anthracite-grey.jpg,4000K,,On/Off,IP65,IK08,,180° floor washer · 230 × 66 × 750mm,8W,665lm,83lm/W,180°,Datasheet=images/scout/datasheets/601902.40.HA.02.0.pdf;Installation=https://puk.it/wp-content/uploads/puk-files-2026/instructions/601901-601902-SCOUT-MINI-MEDIUM-INSTRUCTIONS.pdf;LDT=https://puk.it/wp-content/uploads/2020/01/601902-SCOUT-MEDIUM.rar;BIM=https://puk.it/wp-content/uploads/puk-files-2026/revit/601902-SCOUT-MEDIUM.rfa
Scout,,,,,,,,,,,,,,,,,,,,Scout Medium 8W 180°,601902.27.HA.03.0,Black RAL 9005,images/scout/scout-medium-black.jpg,2700K,,On/Off,IP65,IK08,,180° floor washer · 230 × 66 × 750mm,8W,618lm,77lm/W,180°,Datasheet=images/scout/datasheets/601902.27.HA.03.0.pdf;Installation=https://puk.it/wp-content/uploads/puk-files-2026/instructions/601901-601902-SCOUT-MINI-MEDIUM-INSTRUCTIONS.pdf;LDT=https://puk.it/wp-content/uploads/2020/01/601902-SCOUT-MEDIUM.rar;BIM=https://puk.it/wp-content/uploads/puk-files-2026/revit/601902-SCOUT-MEDIUM.rfa
Scout,,,,,,,,,,,,,,,,,,,,Scout Medium 8W 180°,601902.30.HA.03.0,Black RAL 9005,images/scout/scout-medium-black.jpg,3000K,,On/Off,IP65,IK08,,180° floor washer · 230 × 66 × 750mm,8W,650lm,81lm/W,180°,Datasheet=images/scout/datasheets/601902.30.HA.03.0.pdf;Installation=https://puk.it/wp-content/uploads/puk-files-2026/instructions/601901-601902-SCOUT-MINI-MEDIUM-INSTRUCTIONS.pdf;LDT=https://puk.it/wp-content/uploads/2020/01/601902-SCOUT-MEDIUM.rar;BIM=https://puk.it/wp-content/uploads/puk-files-2026/revit/601902-SCOUT-MEDIUM.rfa
Scout,,,,,,,,,,,,,,,,,,,,Scout Medium 8W 180°,601902.40.HA.03.0,Black RAL 9005,images/scout/scout-medium-black.jpg,4000K,,On/Off,IP65,IK08,,180° floor washer · 230 × 66 × 750mm,8W,665lm,83lm/W,180°,Datasheet=images/scout/datasheets/601902.40.HA.03.0.pdf;Installation=https://puk.it/wp-content/uploads/puk-files-2026/instructions/601901-601902-SCOUT-MINI-MEDIUM-INSTRUCTIONS.pdf;LDT=https://puk.it/wp-content/uploads/2020/01/601902-SCOUT-MEDIUM.rar;BIM=https://puk.it/wp-content/uploads/puk-files-2026/revit/601902-SCOUT-MEDIUM.rfa
Coiny Bollard,PUK,Exterior,Bollard,A compact projector head for a low pole.,"Coiny Bollard is a compact, coin-shaped projector head that clamps to a slim pole to light planting, signs or facades from low level. It has an 18°, 36° or 60° beam from a single COB LED running direct from mains. The 500mm or 1000mm pole with base, a ground spike and a visor are ordered separately.","Projector head for pole mounting, 156 × 115 × 30mm. Die-cast copper-free aluminium body, phospho-chromatised and polyester powder coated. Tempered safety glass. Moulded silicone gasket and stainless steel screws. LUMENS EDC 38C COB LED, direct mains 220–240V 50/60Hz. 1m power cable included. IP66. IK08. Class I. Pole with base AC112 500mm | AC113 1000mm, spike AC044 and visor AC111 ordered separately.",2700K | 3000K | 4000K,CRI>80,On/Off,IP66,IK08,White Aluminium RAL 9006 | Anthracite Grey RAL 7016 | Black RAL 9005,bollard,,images/coiny-bollard/coiny-bollard-thumb.jpg;images/coiny-bollard/coiny-bollard-dimensions.png,,,images/coiny-bollard/coiny-bollard-dimensions.png,Head 156 × 115 × 30mm · pole 500 or 1000mm ordered separately,Coiny Bollard 8W 18°,602301.27.18.01.0,White Aluminium RAL 9006,images/coiny-bollard/coiny-bollard-white-aluminium.jpg,2700K,CRI>80,On/Off,IP66,IK08,,Projector head · head 156 × 115 × 30mm · pole AC112 500mm | AC113 1000mm ordered separately,8W,380lm,48lm/W,18°,Datasheet=images/coiny-bollard/datasheets/602301.27.18.01.0.pdf;Installation=https://puk.it/wp-content/uploads/puk-files-2026/instructions/102101-602301-COINYBOLLARD-INSTRUCTIONS.pdf;LDT=https://puk.it/wp-content/uploads/2023/04/602301-COINY-BOLLARD.rar;BIM=https://puk.it/wp-content/uploads/2026/03/602301-Coiny-Bollard.rar
Coiny Bollard,,,,,,,,,,,,,,,,,,,,Coiny Bollard 8W 18°,602301.30.18.01.0,White Aluminium RAL 9006,images/coiny-bollard/coiny-bollard-white-aluminium.jpg,3000K,CRI>80,On/Off,IP66,IK08,,Projector head · head 156 × 115 × 30mm · pole AC112 500mm | AC113 1000mm ordered separately,8W,400lm,50lm/W,18°,Datasheet=images/coiny-bollard/datasheets/602301.30.18.01.0.pdf;Installation=https://puk.it/wp-content/uploads/puk-files-2026/instructions/102101-602301-COINYBOLLARD-INSTRUCTIONS.pdf;LDT=https://puk.it/wp-content/uploads/2023/04/602301-COINY-BOLLARD.rar;BIM=https://puk.it/wp-content/uploads/2026/03/602301-Coiny-Bollard.rar
Coiny Bollard,,,,,,,,,,,,,,,,,,,,Coiny Bollard 8W 18°,602301.40.18.01.0,White Aluminium RAL 9006,images/coiny-bollard/coiny-bollard-white-aluminium.jpg,4000K,CRI>80,On/Off,IP66,IK08,,Projector head · head 156 × 115 × 30mm · pole AC112 500mm | AC113 1000mm ordered separately,8W,410lm,51lm/W,18°,Datasheet=images/coiny-bollard/datasheets/602301.40.18.01.0.pdf;Installation=https://puk.it/wp-content/uploads/puk-files-2026/instructions/102101-602301-COINYBOLLARD-INSTRUCTIONS.pdf;LDT=https://puk.it/wp-content/uploads/2023/04/602301-COINY-BOLLARD.rar;BIM=https://puk.it/wp-content/uploads/2026/03/602301-Coiny-Bollard.rar
Coiny Bollard,,,,,,,,,,,,,,,,,,,,Coiny Bollard 8W 36°,602301.27.36.01.0,White Aluminium RAL 9006,images/coiny-bollard/coiny-bollard-white-aluminium.jpg,2700K,CRI>80,On/Off,IP66,IK08,,Projector head · head 156 × 115 × 30mm · pole AC112 500mm | AC113 1000mm ordered separately,8W,371lm,46lm/W,36°,Datasheet=images/coiny-bollard/datasheets/602301.27.36.01.0.pdf;Installation=https://puk.it/wp-content/uploads/puk-files-2026/instructions/102101-602301-COINYBOLLARD-INSTRUCTIONS.pdf;LDT=https://puk.it/wp-content/uploads/2023/04/602301-COINY-BOLLARD.rar;BIM=https://puk.it/wp-content/uploads/2026/03/602301-Coiny-Bollard.rar
Coiny Bollard,,,,,,,,,,,,,,,,,,,,Coiny Bollard 8W 36°,602301.30.36.01.0,White Aluminium RAL 9006,images/coiny-bollard/coiny-bollard-white-aluminium.jpg,3000K,CRI>80,On/Off,IP66,IK08,,Projector head · head 156 × 115 × 30mm · pole AC112 500mm | AC113 1000mm ordered separately,8W,390lm,49lm/W,36°,Datasheet=images/coiny-bollard/datasheets/602301.30.36.01.0.pdf;Installation=https://puk.it/wp-content/uploads/puk-files-2026/instructions/102101-602301-COINYBOLLARD-INSTRUCTIONS.pdf;LDT=https://puk.it/wp-content/uploads/2023/04/602301-COINY-BOLLARD.rar;BIM=https://puk.it/wp-content/uploads/2026/03/602301-Coiny-Bollard.rar
Coiny Bollard,,,,,,,,,,,,,,,,,,,,Coiny Bollard 8W 36°,602301.40.36.01.0,White Aluminium RAL 9006,images/coiny-bollard/coiny-bollard-white-aluminium.jpg,4000K,CRI>80,On/Off,IP66,IK08,,Projector head · head 156 × 115 × 30mm · pole AC112 500mm | AC113 1000mm ordered separately,8W,400lm,50lm/W,36°,Datasheet=images/coiny-bollard/datasheets/602301.40.36.01.0.pdf;Installation=https://puk.it/wp-content/uploads/puk-files-2026/instructions/102101-602301-COINYBOLLARD-INSTRUCTIONS.pdf;LDT=https://puk.it/wp-content/uploads/2023/04/602301-COINY-BOLLARD.rar;BIM=https://puk.it/wp-content/uploads/2026/03/602301-Coiny-Bollard.rar
Coiny Bollard,,,,,,,,,,,,,,,,,,,,Coiny Bollard 8W 60°,602301.27.60.01.0,White Aluminium RAL 9006,images/coiny-bollard/coiny-bollard-white-aluminium.jpg,2700K,CRI>80,On/Off,IP66,IK08,,Projector head · head 156 × 115 × 30mm · pole AC112 500mm | AC113 1000mm ordered separately,8W,356lm,44lm/W,60°,Datasheet=images/coiny-bollard/datasheets/602301.27.60.01.0.pdf;Installation=https://puk.it/wp-content/uploads/puk-files-2026/instructions/102101-602301-COINYBOLLARD-INSTRUCTIONS.pdf;LDT=https://puk.it/wp-content/uploads/2023/04/602301-COINY-BOLLARD.rar;BIM=https://puk.it/wp-content/uploads/2026/03/602301-Coiny-Bollard.rar
Coiny Bollard,,,,,,,,,,,,,,,,,,,,Coiny Bollard 8W 60°,602301.30.60.01.0,White Aluminium RAL 9006,images/coiny-bollard/coiny-bollard-white-aluminium.jpg,3000K,CRI>80,On/Off,IP66,IK08,,Projector head · head 156 × 115 × 30mm · pole AC112 500mm | AC113 1000mm ordered separately,8W,375lm,47lm/W,60°,Datasheet=images/coiny-bollard/datasheets/602301.30.60.01.0.pdf;Installation=https://puk.it/wp-content/uploads/puk-files-2026/instructions/102101-602301-COINYBOLLARD-INSTRUCTIONS.pdf;LDT=https://puk.it/wp-content/uploads/2023/04/602301-COINY-BOLLARD.rar;BIM=https://puk.it/wp-content/uploads/2026/03/602301-Coiny-Bollard.rar
Coiny Bollard,,,,,,,,,,,,,,,,,,,,Coiny Bollard 8W 60°,602301.40.60.01.0,White Aluminium RAL 9006,images/coiny-bollard/coiny-bollard-white-aluminium.jpg,4000K,CRI>80,On/Off,IP66,IK08,,Projector head · head 156 × 115 × 30mm · pole AC112 500mm | AC113 1000mm ordered separately,8W,385lm,48lm/W,60°,Datasheet=images/coiny-bollard/datasheets/602301.40.60.01.0.pdf;Installation=https://puk.it/wp-content/uploads/puk-files-2026/instructions/102101-602301-COINYBOLLARD-INSTRUCTIONS.pdf;LDT=https://puk.it/wp-content/uploads/2023/04/602301-COINY-BOLLARD.rar;BIM=https://puk.it/wp-content/uploads/2026/03/602301-Coiny-Bollard.rar
Coiny Bollard,,,,,,,,,,,,,,,,,,,,Coiny Bollard 8W 18°,602301.27.18.02.0,Anthracite Grey RAL 7016,images/coiny-bollard/coiny-bollard-anthracite-grey.jpg,2700K,CRI>80,On/Off,IP66,IK08,,Projector head · head 156 × 115 × 30mm · pole AC112 500mm | AC113 1000mm ordered separately,8W,380lm,48lm/W,18°,Datasheet=images/coiny-bollard/datasheets/602301.27.18.02.0.pdf;Installation=https://puk.it/wp-content/uploads/puk-files-2026/instructions/102101-602301-COINYBOLLARD-INSTRUCTIONS.pdf;LDT=https://puk.it/wp-content/uploads/2023/04/602301-COINY-BOLLARD.rar;BIM=https://puk.it/wp-content/uploads/2026/03/602301-Coiny-Bollard.rar
Coiny Bollard,,,,,,,,,,,,,,,,,,,,Coiny Bollard 8W 18°,602301.30.18.02.0,Anthracite Grey RAL 7016,images/coiny-bollard/coiny-bollard-anthracite-grey.jpg,3000K,CRI>80,On/Off,IP66,IK08,,Projector head · head 156 × 115 × 30mm · pole AC112 500mm | AC113 1000mm ordered separately,8W,400lm,50lm/W,18°,Datasheet=images/coiny-bollard/datasheets/602301.30.18.02.0.pdf;Installation=https://puk.it/wp-content/uploads/puk-files-2026/instructions/102101-602301-COINYBOLLARD-INSTRUCTIONS.pdf;LDT=https://puk.it/wp-content/uploads/2023/04/602301-COINY-BOLLARD.rar;BIM=https://puk.it/wp-content/uploads/2026/03/602301-Coiny-Bollard.rar
Coiny Bollard,,,,,,,,,,,,,,,,,,,,Coiny Bollard 8W 18°,602301.40.18.02.0,Anthracite Grey RAL 7016,images/coiny-bollard/coiny-bollard-anthracite-grey.jpg,4000K,CRI>80,On/Off,IP66,IK08,,Projector head · head 156 × 115 × 30mm · pole AC112 500mm | AC113 1000mm ordered separately,8W,410lm,51lm/W,18°,Datasheet=images/coiny-bollard/datasheets/602301.40.18.02.0.pdf;Installation=https://puk.it/wp-content/uploads/puk-files-2026/instructions/102101-602301-COINYBOLLARD-INSTRUCTIONS.pdf;LDT=https://puk.it/wp-content/uploads/2023/04/602301-COINY-BOLLARD.rar;BIM=https://puk.it/wp-content/uploads/2026/03/602301-Coiny-Bollard.rar
Coiny Bollard,,,,,,,,,,,,,,,,,,,,Coiny Bollard 8W 36°,602301.27.36.02.0,Anthracite Grey RAL 7016,images/coiny-bollard/coiny-bollard-anthracite-grey.jpg,2700K,CRI>80,On/Off,IP66,IK08,,Projector head · head 156 × 115 × 30mm · pole AC112 500mm | AC113 1000mm ordered separately,8W,371lm,46lm/W,36°,Datasheet=images/coiny-bollard/datasheets/602301.27.36.02.0.pdf;Installation=https://puk.it/wp-content/uploads/puk-files-2026/instructions/102101-602301-COINYBOLLARD-INSTRUCTIONS.pdf;LDT=https://puk.it/wp-content/uploads/2023/04/602301-COINY-BOLLARD.rar;BIM=https://puk.it/wp-content/uploads/2026/03/602301-Coiny-Bollard.rar
Coiny Bollard,,,,,,,,,,,,,,,,,,,,Coiny Bollard 8W 36°,602301.30.36.02.0,Anthracite Grey RAL 7016,images/coiny-bollard/coiny-bollard-anthracite-grey.jpg,3000K,CRI>80,On/Off,IP66,IK08,,Projector head · head 156 × 115 × 30mm · pole AC112 500mm | AC113 1000mm ordered separately,8W,390lm,49lm/W,36°,Datasheet=images/coiny-bollard/datasheets/602301.30.36.02.0.pdf;Installation=https://puk.it/wp-content/uploads/puk-files-2026/instructions/102101-602301-COINYBOLLARD-INSTRUCTIONS.pdf;LDT=https://puk.it/wp-content/uploads/2023/04/602301-COINY-BOLLARD.rar;BIM=https://puk.it/wp-content/uploads/2026/03/602301-Coiny-Bollard.rar
Coiny Bollard,,,,,,,,,,,,,,,,,,,,Coiny Bollard 8W 36°,602301.40.36.02.0,Anthracite Grey RAL 7016,images/coiny-bollard/coiny-bollard-anthracite-grey.jpg,4000K,CRI>80,On/Off,IP66,IK08,,Projector head · head 156 × 115 × 30mm · pole AC112 500mm | AC113 1000mm ordered separately,8W,400lm,50lm/W,36°,Datasheet=images/coiny-bollard/datasheets/602301.40.36.02.0.pdf;Installation=https://puk.it/wp-content/uploads/puk-files-2026/instructions/102101-602301-COINYBOLLARD-INSTRUCTIONS.pdf;LDT=https://puk.it/wp-content/uploads/2023/04/602301-COINY-BOLLARD.rar;BIM=https://puk.it/wp-content/uploads/2026/03/602301-Coiny-Bollard.rar
Coiny Bollard,,,,,,,,,,,,,,,,,,,,Coiny Bollard 8W 60°,602301.27.60.02.0,Anthracite Grey RAL 7016,images/coiny-bollard/coiny-bollard-anthracite-grey.jpg,2700K,CRI>80,On/Off,IP66,IK08,,Projector head · head 156 × 115 × 30mm · pole AC112 500mm | AC113 1000mm ordered separately,8W,356lm,44lm/W,60°,Datasheet=images/coiny-bollard/datasheets/602301.27.60.02.0.pdf;Installation=https://puk.it/wp-content/uploads/puk-files-2026/instructions/102101-602301-COINYBOLLARD-INSTRUCTIONS.pdf;LDT=https://puk.it/wp-content/uploads/2023/04/602301-COINY-BOLLARD.rar;BIM=https://puk.it/wp-content/uploads/2026/03/602301-Coiny-Bollard.rar
Coiny Bollard,,,,,,,,,,,,,,,,,,,,Coiny Bollard 8W 60°,602301.30.60.02.0,Anthracite Grey RAL 7016,images/coiny-bollard/coiny-bollard-anthracite-grey.jpg,3000K,CRI>80,On/Off,IP66,IK08,,Projector head · head 156 × 115 × 30mm · pole AC112 500mm | AC113 1000mm ordered separately,8W,375lm,47lm/W,60°,Datasheet=images/coiny-bollard/datasheets/602301.30.60.02.0.pdf;Installation=https://puk.it/wp-content/uploads/puk-files-2026/instructions/102101-602301-COINYBOLLARD-INSTRUCTIONS.pdf;LDT=https://puk.it/wp-content/uploads/2023/04/602301-COINY-BOLLARD.rar;BIM=https://puk.it/wp-content/uploads/2026/03/602301-Coiny-Bollard.rar
Coiny Bollard,,,,,,,,,,,,,,,,,,,,Coiny Bollard 8W 60°,602301.40.60.02.0,Anthracite Grey RAL 7016,images/coiny-bollard/coiny-bollard-anthracite-grey.jpg,4000K,CRI>80,On/Off,IP66,IK08,,Projector head · head 156 × 115 × 30mm · pole AC112 500mm | AC113 1000mm ordered separately,8W,385lm,48lm/W,60°,Datasheet=images/coiny-bollard/datasheets/602301.40.60.02.0.pdf;Installation=https://puk.it/wp-content/uploads/puk-files-2026/instructions/102101-602301-COINYBOLLARD-INSTRUCTIONS.pdf;LDT=https://puk.it/wp-content/uploads/2023/04/602301-COINY-BOLLARD.rar;BIM=https://puk.it/wp-content/uploads/2026/03/602301-Coiny-Bollard.rar
Coiny Bollard,,,,,,,,,,,,,,,,,,,,Coiny Bollard 8W 18°,602301.27.18.03.0,Black RAL 9005,images/coiny-bollard/coiny-bollard-black.jpg,2700K,CRI>80,On/Off,IP66,IK08,,Projector head · head 156 × 115 × 30mm · pole AC112 500mm | AC113 1000mm ordered separately,8W,380lm,48lm/W,18°,Datasheet=images/coiny-bollard/datasheets/602301.27.18.03.0.pdf;Installation=https://puk.it/wp-content/uploads/puk-files-2026/instructions/102101-602301-COINYBOLLARD-INSTRUCTIONS.pdf;LDT=https://puk.it/wp-content/uploads/2023/04/602301-COINY-BOLLARD.rar;BIM=https://puk.it/wp-content/uploads/2026/03/602301-Coiny-Bollard.rar
Coiny Bollard,,,,,,,,,,,,,,,,,,,,Coiny Bollard 8W 18°,602301.30.18.03.0,Black RAL 9005,images/coiny-bollard/coiny-bollard-black.jpg,3000K,CRI>80,On/Off,IP66,IK08,,Projector head · head 156 × 115 × 30mm · pole AC112 500mm | AC113 1000mm ordered separately,8W,400lm,50lm/W,18°,Datasheet=images/coiny-bollard/datasheets/602301.30.18.03.0.pdf;Installation=https://puk.it/wp-content/uploads/puk-files-2026/instructions/102101-602301-COINYBOLLARD-INSTRUCTIONS.pdf;LDT=https://puk.it/wp-content/uploads/2023/04/602301-COINY-BOLLARD.rar;BIM=https://puk.it/wp-content/uploads/2026/03/602301-Coiny-Bollard.rar
Coiny Bollard,,,,,,,,,,,,,,,,,,,,Coiny Bollard 8W 18°,602301.40.18.03.0,Black RAL 9005,images/coiny-bollard/coiny-bollard-black.jpg,4000K,CRI>80,On/Off,IP66,IK08,,Projector head · head 156 × 115 × 30mm · pole AC112 500mm | AC113 1000mm ordered separately,8W,410lm,51lm/W,18°,Datasheet=images/coiny-bollard/datasheets/602301.40.18.03.0.pdf;Installation=https://puk.it/wp-content/uploads/puk-files-2026/instructions/102101-602301-COINYBOLLARD-INSTRUCTIONS.pdf;LDT=https://puk.it/wp-content/uploads/2023/04/602301-COINY-BOLLARD.rar;BIM=https://puk.it/wp-content/uploads/2026/03/602301-Coiny-Bollard.rar
Coiny Bollard,,,,,,,,,,,,,,,,,,,,Coiny Bollard 8W 36°,602301.27.36.03.0,Black RAL 9005,images/coiny-bollard/coiny-bollard-black.jpg,2700K,CRI>80,On/Off,IP66,IK08,,Projector head · head 156 × 115 × 30mm · pole AC112 500mm | AC113 1000mm ordered separately,8W,371lm,46lm/W,36°,Datasheet=images/coiny-bollard/datasheets/602301.27.36.03.0.pdf;Installation=https://puk.it/wp-content/uploads/puk-files-2026/instructions/102101-602301-COINYBOLLARD-INSTRUCTIONS.pdf;LDT=https://puk.it/wp-content/uploads/2023/04/602301-COINY-BOLLARD.rar;BIM=https://puk.it/wp-content/uploads/2026/03/602301-Coiny-Bollard.rar
Coiny Bollard,,,,,,,,,,,,,,,,,,,,Coiny Bollard 8W 36°,602301.30.36.03.0,Black RAL 9005,images/coiny-bollard/coiny-bollard-black.jpg,3000K,CRI>80,On/Off,IP66,IK08,,Projector head · head 156 × 115 × 30mm · pole AC112 500mm | AC113 1000mm ordered separately,8W,390lm,49lm/W,36°,Datasheet=images/coiny-bollard/datasheets/602301.30.36.03.0.pdf;Installation=https://puk.it/wp-content/uploads/puk-files-2026/instructions/102101-602301-COINYBOLLARD-INSTRUCTIONS.pdf;LDT=https://puk.it/wp-content/uploads/2023/04/602301-COINY-BOLLARD.rar;BIM=https://puk.it/wp-content/uploads/2026/03/602301-Coiny-Bollard.rar
Coiny Bollard,,,,,,,,,,,,,,,,,,,,Coiny Bollard 8W 36°,602301.40.36.03.0,Black RAL 9005,images/coiny-bollard/coiny-bollard-black.jpg,4000K,CRI>80,On/Off,IP66,IK08,,Projector head · head 156 × 115 × 30mm · pole AC112 500mm | AC113 1000mm ordered separately,8W,400lm,50lm/W,36°,Datasheet=images/coiny-bollard/datasheets/602301.40.36.03.0.pdf;Installation=https://puk.it/wp-content/uploads/puk-files-2026/instructions/102101-602301-COINYBOLLARD-INSTRUCTIONS.pdf;LDT=https://puk.it/wp-content/uploads/2023/04/602301-COINY-BOLLARD.rar;BIM=https://puk.it/wp-content/uploads/2026/03/602301-Coiny-Bollard.rar
Coiny Bollard,,,,,,,,,,,,,,,,,,,,Coiny Bollard 8W 60°,602301.27.60.03.0,Black RAL 9005,images/coiny-bollard/coiny-bollard-black.jpg,2700K,CRI>80,On/Off,IP66,IK08,,Projector head · head 156 × 115 × 30mm · pole AC112 500mm | AC113 1000mm ordered separately,8W,356lm,44lm/W,60°,Datasheet=images/coiny-bollard/datasheets/602301.27.60.03.0.pdf;Installation=https://puk.it/wp-content/uploads/puk-files-2026/instructions/102101-602301-COINYBOLLARD-INSTRUCTIONS.pdf;LDT=https://puk.it/wp-content/uploads/2023/04/602301-COINY-BOLLARD.rar;BIM=https://puk.it/wp-content/uploads/2026/03/602301-Coiny-Bollard.rar
Coiny Bollard,,,,,,,,,,,,,,,,,,,,Coiny Bollard 8W 60°,602301.30.60.03.0,Black RAL 9005,images/coiny-bollard/coiny-bollard-black.jpg,3000K,CRI>80,On/Off,IP66,IK08,,Projector head · head 156 × 115 × 30mm · pole AC112 500mm | AC113 1000mm ordered separately,8W,375lm,47lm/W,60°,Datasheet=images/coiny-bollard/datasheets/602301.30.60.03.0.pdf;Installation=https://puk.it/wp-content/uploads/puk-files-2026/instructions/102101-602301-COINYBOLLARD-INSTRUCTIONS.pdf;LDT=https://puk.it/wp-content/uploads/2023/04/602301-COINY-BOLLARD.rar;BIM=https://puk.it/wp-content/uploads/2026/03/602301-Coiny-Bollard.rar
Coiny Bollard,,,,,,,,,,,,,,,,,,,,Coiny Bollard 8W 60°,602301.40.60.03.0,Black RAL 9005,images/coiny-bollard/coiny-bollard-black.jpg,4000K,CRI>80,On/Off,IP66,IK08,,Projector head · head 156 × 115 × 30mm · pole AC112 500mm | AC113 1000mm ordered separately,8W,385lm,48lm/W,60°,Datasheet=images/coiny-bollard/datasheets/602301.40.60.03.0.pdf;Installation=https://puk.it/wp-content/uploads/puk-files-2026/instructions/102101-602301-COINYBOLLARD-INSTRUCTIONS.pdf;LDT=https://puk.it/wp-content/uploads/2023/04/602301-COINY-BOLLARD.rar;BIM=https://puk.it/wp-content/uploads/2026/03/602301-Coiny-Bollard.rar
Tron,PUK,Exterior,Bollard,"A low round bollard with downward light, designed by Nava + Arosio.","Tron is a low, round bollard by Nava + Arosio, 190mm across and 174mm high, for lighting paths and terraces from close to the ground. A COB LED behind a tough polycarbonate diffuser sends light down to one side (180°) or all around (360°). The driver is built in, and it comes on/off, 1-10V or DALI.","Surface-mounted low round bollard, Ø190 × 174mm. 180° | 360° downward light. Die-cast aluminium body, phospho-chromatised and polyester powder coated. Polycarbonate diffuser. Moulded silicone gasket and stainless steel screws. Built-in LED driver 220–240V 50/60Hz. CREE CXB 1520 COB LED. IP66. IK10. Class II. Designed by Nava + Arosio.",2700K | 3000K | 4000K,,On/Off | 1-10V | DALI,IP66,IK10,White Aluminium RAL 9006 | Anthracite Grey RAL 7016 | Black RAL 9005,bollard,,images/tron/tron-thumb.jpg;images/tron/tron-dimensions.png;images/tron/tron-dimensions-360.png,,,images/tron/tron-dimensions.png,Ø190 × 174mm,Tron 26W 180°,602101.27.HA.01.0,White Aluminium RAL 9006,images/tron/tron-180-white-aluminium.jpg,2700K,,On/Off,IP66,IK10,,180° emission · Ø190 × 174mm,26W,1045lm,40lm/W,180°,Datasheet=images/tron/datasheets/602101.27.HA.01.0.pdf;Installation=https://puk.it/wp-content/uploads/puk-files-2026/instructions/602101-602102-TRON-180-360-INSTRUCTIONS.pdf;LDT=https://puk.it/wp-content/uploads/2020/01/602101-TRON-180.rar;BIM=https://puk.it/wp-content/uploads/puk-files-2026/revit/602101-TRON-180.rfa
Tron,,,,,,,,,,,,,,,,,,,,Tron 26W 180°,602101.27.HA.01.1,White Aluminium RAL 9006,images/tron/tron-180-white-aluminium.jpg,2700K,,1-10V,IP66,IK10,,180° emission · Ø190 × 174mm,26W,1045lm,40lm/W,180°,Datasheet=images/tron/datasheets/602101.27.HA.01.1.pdf;Installation=https://puk.it/wp-content/uploads/puk-files-2026/instructions/602101-602102-TRON-180-360-INSTRUCTIONS.pdf;LDT=https://puk.it/wp-content/uploads/2020/01/602101-TRON-180.rar;BIM=https://puk.it/wp-content/uploads/puk-files-2026/revit/602101-TRON-180.rfa
Tron,,,,,,,,,,,,,,,,,,,,Tron 26W 180°,602101.27.HA.01.D,White Aluminium RAL 9006,images/tron/tron-180-white-aluminium.jpg,2700K,,DALI,IP66,IK10,,180° emission · Ø190 × 174mm,26W,1045lm,40lm/W,180°,Datasheet=images/tron/datasheets/602101.27.HA.01.D.pdf;Installation=https://puk.it/wp-content/uploads/puk-files-2026/instructions/602101-602102-TRON-180-360-INSTRUCTIONS.pdf;LDT=https://puk.it/wp-content/uploads/2020/01/602101-TRON-180.rar;BIM=https://puk.it/wp-content/uploads/puk-files-2026/revit/602101-TRON-180.rfa
Tron,,,,,,,,,,,,,,,,,,,,Tron 26W 180°,602101.30.HA.01.0,White Aluminium RAL 9006,images/tron/tron-180-white-aluminium.jpg,3000K,,On/Off,IP66,IK10,,180° emission · Ø190 × 174mm,26W,1100lm,42lm/W,180°,Datasheet=images/tron/datasheets/602101.30.HA.01.0.pdf;Installation=https://puk.it/wp-content/uploads/puk-files-2026/instructions/602101-602102-TRON-180-360-INSTRUCTIONS.pdf;LDT=https://puk.it/wp-content/uploads/2020/01/602101-TRON-180.rar;BIM=https://puk.it/wp-content/uploads/puk-files-2026/revit/602101-TRON-180.rfa
Tron,,,,,,,,,,,,,,,,,,,,Tron 26W 180°,602101.30.HA.01.1,White Aluminium RAL 9006,images/tron/tron-180-white-aluminium.jpg,3000K,,1-10V,IP66,IK10,,180° emission · Ø190 × 174mm,26W,1100lm,42lm/W,180°,Datasheet=images/tron/datasheets/602101.30.HA.01.1.pdf;Installation=https://puk.it/wp-content/uploads/puk-files-2026/instructions/602101-602102-TRON-180-360-INSTRUCTIONS.pdf;LDT=https://puk.it/wp-content/uploads/2020/01/602101-TRON-180.rar;BIM=https://puk.it/wp-content/uploads/puk-files-2026/revit/602101-TRON-180.rfa
Tron,,,,,,,,,,,,,,,,,,,,Tron 26W 180°,602101.30.HA.01.D,White Aluminium RAL 9006,images/tron/tron-180-white-aluminium.jpg,3000K,,DALI,IP66,IK10,,180° emission · Ø190 × 174mm,26W,1100lm,42lm/W,180°,Datasheet=images/tron/datasheets/602101.30.HA.01.D.pdf;Installation=https://puk.it/wp-content/uploads/puk-files-2026/instructions/602101-602102-TRON-180-360-INSTRUCTIONS.pdf;LDT=https://puk.it/wp-content/uploads/2020/01/602101-TRON-180.rar;BIM=https://puk.it/wp-content/uploads/puk-files-2026/revit/602101-TRON-180.rfa
Tron,,,,,,,,,,,,,,,,,,,,Tron 26W 180°,602101.40.HA.01.0,White Aluminium RAL 9006,images/tron/tron-180-white-aluminium.jpg,4000K,,On/Off,IP66,IK10,,180° emission · Ø190 × 174mm,26W,1150lm,44lm/W,180°,Datasheet=images/tron/datasheets/602101.40.HA.01.0.pdf;Installation=https://puk.it/wp-content/uploads/puk-files-2026/instructions/602101-602102-TRON-180-360-INSTRUCTIONS.pdf;LDT=https://puk.it/wp-content/uploads/2020/01/602101-TRON-180.rar;BIM=https://puk.it/wp-content/uploads/puk-files-2026/revit/602101-TRON-180.rfa
Tron,,,,,,,,,,,,,,,,,,,,Tron 26W 180°,602101.40.HA.01.1,White Aluminium RAL 9006,images/tron/tron-180-white-aluminium.jpg,4000K,,1-10V,IP66,IK10,,180° emission · Ø190 × 174mm,26W,1150lm,44lm/W,180°,Datasheet=images/tron/datasheets/602101.40.HA.01.1.pdf;Installation=https://puk.it/wp-content/uploads/puk-files-2026/instructions/602101-602102-TRON-180-360-INSTRUCTIONS.pdf;LDT=https://puk.it/wp-content/uploads/2020/01/602101-TRON-180.rar;BIM=https://puk.it/wp-content/uploads/puk-files-2026/revit/602101-TRON-180.rfa
Tron,,,,,,,,,,,,,,,,,,,,Tron 26W 180°,602101.40.HA.01.D,White Aluminium RAL 9006,images/tron/tron-180-white-aluminium.jpg,4000K,,DALI,IP66,IK10,,180° emission · Ø190 × 174mm,26W,1150lm,44lm/W,180°,Datasheet=images/tron/datasheets/602101.40.HA.01.D.pdf;Installation=https://puk.it/wp-content/uploads/puk-files-2026/instructions/602101-602102-TRON-180-360-INSTRUCTIONS.pdf;LDT=https://puk.it/wp-content/uploads/2020/01/602101-TRON-180.rar;BIM=https://puk.it/wp-content/uploads/puk-files-2026/revit/602101-TRON-180.rfa
Tron,,,,,,,,,,,,,,,,,,,,Tron 26W 360°,602102.27.AL.01.0,White Aluminium RAL 9006,images/tron/tron-360-white-aluminium.jpg,2700K,,On/Off,IP66,IK10,,360° emission · Ø190 × 174mm,26W,1948lm,75lm/W,360°,Datasheet=images/tron/datasheets/602102.27.AL.01.0.pdf;Installation=https://puk.it/wp-content/uploads/puk-files-2026/instructions/602101-602102-TRON-180-360-INSTRUCTIONS.pdf;LDT=https://puk.it/wp-content/uploads/2020/01/602102-TRON-360.rar;BIM=https://puk.it/wp-content/uploads/puk-files-2026/revit/602102-TRON-360.rfa
Tron,,,,,,,,,,,,,,,,,,,,Tron 26W 360°,602102.27.AL.01.1,White Aluminium RAL 9006,images/tron/tron-360-white-aluminium.jpg,2700K,,1-10V,IP66,IK10,,360° emission · Ø190 × 174mm,26W,1948lm,75lm/W,360°,Datasheet=images/tron/datasheets/602102.27.AL.01.1.pdf;Installation=https://puk.it/wp-content/uploads/puk-files-2026/instructions/602101-602102-TRON-180-360-INSTRUCTIONS.pdf;LDT=https://puk.it/wp-content/uploads/2020/01/602102-TRON-360.rar;BIM=https://puk.it/wp-content/uploads/puk-files-2026/revit/602102-TRON-360.rfa
Tron,,,,,,,,,,,,,,,,,,,,Tron 26W 360°,602102.27.AL.01.D,White Aluminium RAL 9006,images/tron/tron-360-white-aluminium.jpg,2700K,,DALI,IP66,IK10,,360° emission · Ø190 × 174mm,26W,1948lm,75lm/W,360°,Datasheet=images/tron/datasheets/602102.27.AL.01.D.pdf;Installation=https://puk.it/wp-content/uploads/puk-files-2026/instructions/602101-602102-TRON-180-360-INSTRUCTIONS.pdf;LDT=https://puk.it/wp-content/uploads/2020/01/602102-TRON-360.rar;BIM=https://puk.it/wp-content/uploads/puk-files-2026/revit/602102-TRON-360.rfa
Tron,,,,,,,,,,,,,,,,,,,,Tron 26W 360°,602102.30.AL.01.0,White Aluminium RAL 9006,images/tron/tron-360-white-aluminium.jpg,3000K,,On/Off,IP66,IK10,,360° emission · Ø190 × 174mm,26W,2050lm,79lm/W,360°,Datasheet=images/tron/datasheets/602102.30.AL.01.0.pdf;Installation=https://puk.it/wp-content/uploads/puk-files-2026/instructions/602101-602102-TRON-180-360-INSTRUCTIONS.pdf;LDT=https://puk.it/wp-content/uploads/2020/01/602102-TRON-360.rar;BIM=https://puk.it/wp-content/uploads/puk-files-2026/revit/602102-TRON-360.rfa
Tron,,,,,,,,,,,,,,,,,,,,Tron 26W 360°,602102.30.AL.01.1,White Aluminium RAL 9006,images/tron/tron-360-white-aluminium.jpg,3000K,,1-10V,IP66,IK10,,360° emission · Ø190 × 174mm,26W,2050lm,79lm/W,360°,Datasheet=images/tron/datasheets/602102.30.AL.01.1.pdf;Installation=https://puk.it/wp-content/uploads/puk-files-2026/instructions/602101-602102-TRON-180-360-INSTRUCTIONS.pdf;LDT=https://puk.it/wp-content/uploads/2020/01/602102-TRON-360.rar;BIM=https://puk.it/wp-content/uploads/puk-files-2026/revit/602102-TRON-360.rfa
Tron,,,,,,,,,,,,,,,,,,,,Tron 26W 360°,602102.30.AL.01.D,White Aluminium RAL 9006,images/tron/tron-360-white-aluminium.jpg,3000K,,DALI,IP66,IK10,,360° emission · Ø190 × 174mm,26W,2050lm,79lm/W,360°,Datasheet=images/tron/datasheets/602102.30.AL.01.D.pdf;Installation=https://puk.it/wp-content/uploads/puk-files-2026/instructions/602101-602102-TRON-180-360-INSTRUCTIONS.pdf;LDT=https://puk.it/wp-content/uploads/2020/01/602102-TRON-360.rar;BIM=https://puk.it/wp-content/uploads/puk-files-2026/revit/602102-TRON-360.rfa
Tron,,,,,,,,,,,,,,,,,,,,Tron 26W 360°,602102.40.AL.01.0,White Aluminium RAL 9006,images/tron/tron-360-white-aluminium.jpg,4000K,,On/Off,IP66,IK10,,360° emission · Ø190 × 174mm,26W,2100lm,81lm/W,360°,Datasheet=images/tron/datasheets/602102.40.AL.01.0.pdf;Installation=https://puk.it/wp-content/uploads/puk-files-2026/instructions/602101-602102-TRON-180-360-INSTRUCTIONS.pdf;LDT=https://puk.it/wp-content/uploads/2020/01/602102-TRON-360.rar;BIM=https://puk.it/wp-content/uploads/puk-files-2026/revit/602102-TRON-360.rfa
Tron,,,,,,,,,,,,,,,,,,,,Tron 26W 360°,602102.40.AL.01.1,White Aluminium RAL 9006,images/tron/tron-360-white-aluminium.jpg,4000K,,1-10V,IP66,IK10,,360° emission · Ø190 × 174mm,26W,2100lm,81lm/W,360°,Datasheet=images/tron/datasheets/602102.40.AL.01.1.pdf;Installation=https://puk.it/wp-content/uploads/puk-files-2026/instructions/602101-602102-TRON-180-360-INSTRUCTIONS.pdf;LDT=https://puk.it/wp-content/uploads/2020/01/602102-TRON-360.rar;BIM=https://puk.it/wp-content/uploads/puk-files-2026/revit/602102-TRON-360.rfa
Tron,,,,,,,,,,,,,,,,,,,,Tron 26W 360°,602102.40.AL.01.D,White Aluminium RAL 9006,images/tron/tron-360-white-aluminium.jpg,4000K,,DALI,IP66,IK10,,360° emission · Ø190 × 174mm,26W,2100lm,81lm/W,360°,Datasheet=images/tron/datasheets/602102.40.AL.01.D.pdf;Installation=https://puk.it/wp-content/uploads/puk-files-2026/instructions/602101-602102-TRON-180-360-INSTRUCTIONS.pdf;LDT=https://puk.it/wp-content/uploads/2020/01/602102-TRON-360.rar;BIM=https://puk.it/wp-content/uploads/puk-files-2026/revit/602102-TRON-360.rfa
Tron,,,,,,,,,,,,,,,,,,,,Tron 26W 180°,602101.27.HA.02.0,Anthracite Grey RAL 7016,images/tron/tron-180-anthracite-grey.jpg,2700K,,On/Off,IP66,IK10,,180° emission · Ø190 × 174mm,26W,1045lm,40lm/W,180°,Datasheet=images/tron/datasheets/602101.27.HA.02.0.pdf;Installation=https://puk.it/wp-content/uploads/puk-files-2026/instructions/602101-602102-TRON-180-360-INSTRUCTIONS.pdf;LDT=https://puk.it/wp-content/uploads/2020/01/602101-TRON-180.rar;BIM=https://puk.it/wp-content/uploads/puk-files-2026/revit/602101-TRON-180.rfa
Tron,,,,,,,,,,,,,,,,,,,,Tron 26W 180°,602101.27.HA.02.1,Anthracite Grey RAL 7016,images/tron/tron-180-anthracite-grey.jpg,2700K,,1-10V,IP66,IK10,,180° emission · Ø190 × 174mm,26W,1045lm,40lm/W,180°,Datasheet=images/tron/datasheets/602101.27.HA.02.1.pdf;Installation=https://puk.it/wp-content/uploads/puk-files-2026/instructions/602101-602102-TRON-180-360-INSTRUCTIONS.pdf;LDT=https://puk.it/wp-content/uploads/2020/01/602101-TRON-180.rar;BIM=https://puk.it/wp-content/uploads/puk-files-2026/revit/602101-TRON-180.rfa
Tron,,,,,,,,,,,,,,,,,,,,Tron 26W 180°,602101.27.HA.02.D,Anthracite Grey RAL 7016,images/tron/tron-180-anthracite-grey.jpg,2700K,,DALI,IP66,IK10,,180° emission · Ø190 × 174mm,26W,1045lm,40lm/W,180°,Datasheet=images/tron/datasheets/602101.27.HA.02.D.pdf;Installation=https://puk.it/wp-content/uploads/puk-files-2026/instructions/602101-602102-TRON-180-360-INSTRUCTIONS.pdf;LDT=https://puk.it/wp-content/uploads/2020/01/602101-TRON-180.rar;BIM=https://puk.it/wp-content/uploads/puk-files-2026/revit/602101-TRON-180.rfa
Tron,,,,,,,,,,,,,,,,,,,,Tron 26W 180°,602101.30.HA.02.0,Anthracite Grey RAL 7016,images/tron/tron-180-anthracite-grey.jpg,3000K,,On/Off,IP66,IK10,,180° emission · Ø190 × 174mm,26W,1100lm,42lm/W,180°,Datasheet=images/tron/datasheets/602101.30.HA.02.0.pdf;Installation=https://puk.it/wp-content/uploads/puk-files-2026/instructions/602101-602102-TRON-180-360-INSTRUCTIONS.pdf;LDT=https://puk.it/wp-content/uploads/2020/01/602101-TRON-180.rar;BIM=https://puk.it/wp-content/uploads/puk-files-2026/revit/602101-TRON-180.rfa
Tron,,,,,,,,,,,,,,,,,,,,Tron 26W 180°,602101.30.HA.02.1,Anthracite Grey RAL 7016,images/tron/tron-180-anthracite-grey.jpg,3000K,,1-10V,IP66,IK10,,180° emission · Ø190 × 174mm,26W,1100lm,42lm/W,180°,Datasheet=images/tron/datasheets/602101.30.HA.02.1.pdf;Installation=https://puk.it/wp-content/uploads/puk-files-2026/instructions/602101-602102-TRON-180-360-INSTRUCTIONS.pdf;LDT=https://puk.it/wp-content/uploads/2020/01/602101-TRON-180.rar;BIM=https://puk.it/wp-content/uploads/puk-files-2026/revit/602101-TRON-180.rfa
Tron,,,,,,,,,,,,,,,,,,,,Tron 26W 180°,602101.30.HA.02.D,Anthracite Grey RAL 7016,images/tron/tron-180-anthracite-grey.jpg,3000K,,DALI,IP66,IK10,,180° emission · Ø190 × 174mm,26W,1100lm,42lm/W,180°,Datasheet=images/tron/datasheets/602101.30.HA.02.D.pdf;Installation=https://puk.it/wp-content/uploads/puk-files-2026/instructions/602101-602102-TRON-180-360-INSTRUCTIONS.pdf;LDT=https://puk.it/wp-content/uploads/2020/01/602101-TRON-180.rar;BIM=https://puk.it/wp-content/uploads/puk-files-2026/revit/602101-TRON-180.rfa
Tron,,,,,,,,,,,,,,,,,,,,Tron 26W 180°,602101.40.HA.02.0,Anthracite Grey RAL 7016,images/tron/tron-180-anthracite-grey.jpg,4000K,,On/Off,IP66,IK10,,180° emission · Ø190 × 174mm,26W,1150lm,44lm/W,180°,Datasheet=images/tron/datasheets/602101.40.HA.02.0.pdf;Installation=https://puk.it/wp-content/uploads/puk-files-2026/instructions/602101-602102-TRON-180-360-INSTRUCTIONS.pdf;LDT=https://puk.it/wp-content/uploads/2020/01/602101-TRON-180.rar;BIM=https://puk.it/wp-content/uploads/puk-files-2026/revit/602101-TRON-180.rfa
Tron,,,,,,,,,,,,,,,,,,,,Tron 26W 180°,602101.40.HA.02.1,Anthracite Grey RAL 7016,images/tron/tron-180-anthracite-grey.jpg,4000K,,1-10V,IP66,IK10,,180° emission · Ø190 × 174mm,26W,1150lm,44lm/W,180°,Datasheet=images/tron/datasheets/602101.40.HA.02.1.pdf;Installation=https://puk.it/wp-content/uploads/puk-files-2026/instructions/602101-602102-TRON-180-360-INSTRUCTIONS.pdf;LDT=https://puk.it/wp-content/uploads/2020/01/602101-TRON-180.rar;BIM=https://puk.it/wp-content/uploads/puk-files-2026/revit/602101-TRON-180.rfa
Tron,,,,,,,,,,,,,,,,,,,,Tron 26W 180°,602101.40.HA.02.D,Anthracite Grey RAL 7016,images/tron/tron-180-anthracite-grey.jpg,4000K,,DALI,IP66,IK10,,180° emission · Ø190 × 174mm,26W,1150lm,44lm/W,180°,Datasheet=images/tron/datasheets/602101.40.HA.02.D.pdf;Installation=https://puk.it/wp-content/uploads/puk-files-2026/instructions/602101-602102-TRON-180-360-INSTRUCTIONS.pdf;LDT=https://puk.it/wp-content/uploads/2020/01/602101-TRON-180.rar;BIM=https://puk.it/wp-content/uploads/puk-files-2026/revit/602101-TRON-180.rfa
Tron,,,,,,,,,,,,,,,,,,,,Tron 26W 360°,602102.27.AL.02.0,Anthracite Grey RAL 7016,images/tron/tron-360-anthracite-grey.jpg,2700K,,On/Off,IP66,IK10,,360° emission · Ø190 × 174mm,26W,1948lm,75lm/W,360°,Datasheet=images/tron/datasheets/602102.27.AL.02.0.pdf;Installation=https://puk.it/wp-content/uploads/puk-files-2026/instructions/602101-602102-TRON-180-360-INSTRUCTIONS.pdf;LDT=https://puk.it/wp-content/uploads/2020/01/602102-TRON-360.rar;BIM=https://puk.it/wp-content/uploads/puk-files-2026/revit/602102-TRON-360.rfa
Tron,,,,,,,,,,,,,,,,,,,,Tron 26W 360°,602102.27.AL.02.1,Anthracite Grey RAL 7016,images/tron/tron-360-anthracite-grey.jpg,2700K,,1-10V,IP66,IK10,,360° emission · Ø190 × 174mm,26W,1948lm,75lm/W,360°,Datasheet=images/tron/datasheets/602102.27.AL.02.1.pdf;Installation=https://puk.it/wp-content/uploads/puk-files-2026/instructions/602101-602102-TRON-180-360-INSTRUCTIONS.pdf;LDT=https://puk.it/wp-content/uploads/2020/01/602102-TRON-360.rar;BIM=https://puk.it/wp-content/uploads/puk-files-2026/revit/602102-TRON-360.rfa
Tron,,,,,,,,,,,,,,,,,,,,Tron 26W 360°,602102.27.AL.02.D,Anthracite Grey RAL 7016,images/tron/tron-360-anthracite-grey.jpg,2700K,,DALI,IP66,IK10,,360° emission · Ø190 × 174mm,26W,1948lm,75lm/W,360°,Datasheet=images/tron/datasheets/602102.27.AL.02.D.pdf;Installation=https://puk.it/wp-content/uploads/puk-files-2026/instructions/602101-602102-TRON-180-360-INSTRUCTIONS.pdf;LDT=https://puk.it/wp-content/uploads/2020/01/602102-TRON-360.rar;BIM=https://puk.it/wp-content/uploads/puk-files-2026/revit/602102-TRON-360.rfa
Tron,,,,,,,,,,,,,,,,,,,,Tron 26W 360°,602102.30.AL.02.0,Anthracite Grey RAL 7016,images/tron/tron-360-anthracite-grey.jpg,3000K,,On/Off,IP66,IK10,,360° emission · Ø190 × 174mm,26W,2050lm,79lm/W,360°,Datasheet=images/tron/datasheets/602102.30.AL.02.0.pdf;Installation=https://puk.it/wp-content/uploads/puk-files-2026/instructions/602101-602102-TRON-180-360-INSTRUCTIONS.pdf;LDT=https://puk.it/wp-content/uploads/2020/01/602102-TRON-360.rar;BIM=https://puk.it/wp-content/uploads/puk-files-2026/revit/602102-TRON-360.rfa
Tron,,,,,,,,,,,,,,,,,,,,Tron 26W 360°,602102.30.AL.02.1,Anthracite Grey RAL 7016,images/tron/tron-360-anthracite-grey.jpg,3000K,,1-10V,IP66,IK10,,360° emission · Ø190 × 174mm,26W,2050lm,79lm/W,360°,Datasheet=images/tron/datasheets/602102.30.AL.02.1.pdf;Installation=https://puk.it/wp-content/uploads/puk-files-2026/instructions/602101-602102-TRON-180-360-INSTRUCTIONS.pdf;LDT=https://puk.it/wp-content/uploads/2020/01/602102-TRON-360.rar;BIM=https://puk.it/wp-content/uploads/puk-files-2026/revit/602102-TRON-360.rfa
Tron,,,,,,,,,,,,,,,,,,,,Tron 26W 360°,602102.30.AL.02.D,Anthracite Grey RAL 7016,images/tron/tron-360-anthracite-grey.jpg,3000K,,DALI,IP66,IK10,,360° emission · Ø190 × 174mm,26W,2050lm,79lm/W,360°,Datasheet=images/tron/datasheets/602102.30.AL.02.D.pdf;Installation=https://puk.it/wp-content/uploads/puk-files-2026/instructions/602101-602102-TRON-180-360-INSTRUCTIONS.pdf;LDT=https://puk.it/wp-content/uploads/2020/01/602102-TRON-360.rar;BIM=https://puk.it/wp-content/uploads/puk-files-2026/revit/602102-TRON-360.rfa
Tron,,,,,,,,,,,,,,,,,,,,Tron 26W 360°,602102.40.AL.02.0,Anthracite Grey RAL 7016,images/tron/tron-360-anthracite-grey.jpg,4000K,,On/Off,IP66,IK10,,360° emission · Ø190 × 174mm,26W,2100lm,81lm/W,360°,Datasheet=images/tron/datasheets/602102.40.AL.02.0.pdf;Installation=https://puk.it/wp-content/uploads/puk-files-2026/instructions/602101-602102-TRON-180-360-INSTRUCTIONS.pdf;LDT=https://puk.it/wp-content/uploads/2020/01/602102-TRON-360.rar;BIM=https://puk.it/wp-content/uploads/puk-files-2026/revit/602102-TRON-360.rfa
Tron,,,,,,,,,,,,,,,,,,,,Tron 26W 360°,602102.40.AL.02.1,Anthracite Grey RAL 7016,images/tron/tron-360-anthracite-grey.jpg,4000K,,1-10V,IP66,IK10,,360° emission · Ø190 × 174mm,26W,2100lm,81lm/W,360°,Datasheet=images/tron/datasheets/602102.40.AL.02.1.pdf;Installation=https://puk.it/wp-content/uploads/puk-files-2026/instructions/602101-602102-TRON-180-360-INSTRUCTIONS.pdf;LDT=https://puk.it/wp-content/uploads/2020/01/602102-TRON-360.rar;BIM=https://puk.it/wp-content/uploads/puk-files-2026/revit/602102-TRON-360.rfa
Tron,,,,,,,,,,,,,,,,,,,,Tron 26W 360°,602102.40.AL.02.D,Anthracite Grey RAL 7016,images/tron/tron-360-anthracite-grey.jpg,4000K,,DALI,IP66,IK10,,360° emission · Ø190 × 174mm,26W,2100lm,81lm/W,360°,Datasheet=images/tron/datasheets/602102.40.AL.02.D.pdf;Installation=https://puk.it/wp-content/uploads/puk-files-2026/instructions/602101-602102-TRON-180-360-INSTRUCTIONS.pdf;LDT=https://puk.it/wp-content/uploads/2020/01/602102-TRON-360.rar;BIM=https://puk.it/wp-content/uploads/puk-files-2026/revit/602102-TRON-360.rfa
Tron,,,,,,,,,,,,,,,,,,,,Tron 26W 180°,602101.27.HA.03.0,Black RAL 9005,images/tron/tron-180-black.jpg,2700K,,On/Off,IP66,IK10,,180° emission · Ø190 × 174mm,26W,1045lm,40lm/W,180°,Datasheet=images/tron/datasheets/602101.27.HA.03.0.pdf;Installation=https://puk.it/wp-content/uploads/puk-files-2026/instructions/602101-602102-TRON-180-360-INSTRUCTIONS.pdf;LDT=https://puk.it/wp-content/uploads/2020/01/602101-TRON-180.rar;BIM=https://puk.it/wp-content/uploads/puk-files-2026/revit/602101-TRON-180.rfa
Tron,,,,,,,,,,,,,,,,,,,,Tron 26W 180°,602101.27.HA.03.1,Black RAL 9005,images/tron/tron-180-black.jpg,2700K,,1-10V,IP66,IK10,,180° emission · Ø190 × 174mm,26W,1045lm,40lm/W,180°,Datasheet=images/tron/datasheets/602101.27.HA.03.1.pdf;Installation=https://puk.it/wp-content/uploads/puk-files-2026/instructions/602101-602102-TRON-180-360-INSTRUCTIONS.pdf;LDT=https://puk.it/wp-content/uploads/2020/01/602101-TRON-180.rar;BIM=https://puk.it/wp-content/uploads/puk-files-2026/revit/602101-TRON-180.rfa
Tron,,,,,,,,,,,,,,,,,,,,Tron 26W 180°,602101.27.HA.03.D,Black RAL 9005,images/tron/tron-180-black.jpg,2700K,,DALI,IP66,IK10,,180° emission · Ø190 × 174mm,26W,1045lm,40lm/W,180°,Datasheet=images/tron/datasheets/602101.27.HA.03.D.pdf;Installation=https://puk.it/wp-content/uploads/puk-files-2026/instructions/602101-602102-TRON-180-360-INSTRUCTIONS.pdf;LDT=https://puk.it/wp-content/uploads/2020/01/602101-TRON-180.rar;BIM=https://puk.it/wp-content/uploads/puk-files-2026/revit/602101-TRON-180.rfa
Tron,,,,,,,,,,,,,,,,,,,,Tron 26W 180°,602101.30.HA.03.0,Black RAL 9005,images/tron/tron-180-black.jpg,3000K,,On/Off,IP66,IK10,,180° emission · Ø190 × 174mm,26W,1100lm,42lm/W,180°,Datasheet=images/tron/datasheets/602101.30.HA.03.0.pdf;Installation=https://puk.it/wp-content/uploads/puk-files-2026/instructions/602101-602102-TRON-180-360-INSTRUCTIONS.pdf;LDT=https://puk.it/wp-content/uploads/2020/01/602101-TRON-180.rar;BIM=https://puk.it/wp-content/uploads/puk-files-2026/revit/602101-TRON-180.rfa
Tron,,,,,,,,,,,,,,,,,,,,Tron 26W 180°,602101.30.HA.03.1,Black RAL 9005,images/tron/tron-180-black.jpg,3000K,,1-10V,IP66,IK10,,180° emission · Ø190 × 174mm,26W,1100lm,42lm/W,180°,Datasheet=images/tron/datasheets/602101.30.HA.03.1.pdf;Installation=https://puk.it/wp-content/uploads/puk-files-2026/instructions/602101-602102-TRON-180-360-INSTRUCTIONS.pdf;LDT=https://puk.it/wp-content/uploads/2020/01/602101-TRON-180.rar;BIM=https://puk.it/wp-content/uploads/puk-files-2026/revit/602101-TRON-180.rfa
Tron,,,,,,,,,,,,,,,,,,,,Tron 26W 180°,602101.30.HA.03.D,Black RAL 9005,images/tron/tron-180-black.jpg,3000K,,DALI,IP66,IK10,,180° emission · Ø190 × 174mm,26W,1100lm,42lm/W,180°,Datasheet=images/tron/datasheets/602101.30.HA.03.D.pdf;Installation=https://puk.it/wp-content/uploads/puk-files-2026/instructions/602101-602102-TRON-180-360-INSTRUCTIONS.pdf;LDT=https://puk.it/wp-content/uploads/2020/01/602101-TRON-180.rar;BIM=https://puk.it/wp-content/uploads/puk-files-2026/revit/602101-TRON-180.rfa
Tron,,,,,,,,,,,,,,,,,,,,Tron 26W 180°,602101.40.HA.03.0,Black RAL 9005,images/tron/tron-180-black.jpg,4000K,,On/Off,IP66,IK10,,180° emission · Ø190 × 174mm,26W,1150lm,44lm/W,180°,Datasheet=images/tron/datasheets/602101.40.HA.03.0.pdf;Installation=https://puk.it/wp-content/uploads/puk-files-2026/instructions/602101-602102-TRON-180-360-INSTRUCTIONS.pdf;LDT=https://puk.it/wp-content/uploads/2020/01/602101-TRON-180.rar;BIM=https://puk.it/wp-content/uploads/puk-files-2026/revit/602101-TRON-180.rfa
Tron,,,,,,,,,,,,,,,,,,,,Tron 26W 180°,602101.40.HA.03.1,Black RAL 9005,images/tron/tron-180-black.jpg,4000K,,1-10V,IP66,IK10,,180° emission · Ø190 × 174mm,26W,1150lm,44lm/W,180°,Datasheet=images/tron/datasheets/602101.40.HA.03.1.pdf;Installation=https://puk.it/wp-content/uploads/puk-files-2026/instructions/602101-602102-TRON-180-360-INSTRUCTIONS.pdf;LDT=https://puk.it/wp-content/uploads/2020/01/602101-TRON-180.rar;BIM=https://puk.it/wp-content/uploads/puk-files-2026/revit/602101-TRON-180.rfa
Tron,,,,,,,,,,,,,,,,,,,,Tron 26W 180°,602101.40.HA.03.D,Black RAL 9005,images/tron/tron-180-black.jpg,4000K,,DALI,IP66,IK10,,180° emission · Ø190 × 174mm,26W,1150lm,44lm/W,180°,Datasheet=images/tron/datasheets/602101.40.HA.03.D.pdf;Installation=https://puk.it/wp-content/uploads/puk-files-2026/instructions/602101-602102-TRON-180-360-INSTRUCTIONS.pdf;LDT=https://puk.it/wp-content/uploads/2020/01/602101-TRON-180.rar;BIM=https://puk.it/wp-content/uploads/puk-files-2026/revit/602101-TRON-180.rfa
Tron,,,,,,,,,,,,,,,,,,,,Tron 26W 360°,602102.27.AL.03.0,Black RAL 9005,images/tron/tron-360-black.jpg,2700K,,On/Off,IP66,IK10,,360° emission · Ø190 × 174mm,26W,1948lm,75lm/W,360°,Datasheet=images/tron/datasheets/602102.27.AL.03.0.pdf;Installation=https://puk.it/wp-content/uploads/puk-files-2026/instructions/602101-602102-TRON-180-360-INSTRUCTIONS.pdf;LDT=https://puk.it/wp-content/uploads/2020/01/602102-TRON-360.rar;BIM=https://puk.it/wp-content/uploads/puk-files-2026/revit/602102-TRON-360.rfa
Tron,,,,,,,,,,,,,,,,,,,,Tron 26W 360°,602102.27.AL.03.1,Black RAL 9005,images/tron/tron-360-black.jpg,2700K,,1-10V,IP66,IK10,,360° emission · Ø190 × 174mm,26W,1948lm,75lm/W,360°,Datasheet=images/tron/datasheets/602102.27.AL.03.1.pdf;Installation=https://puk.it/wp-content/uploads/puk-files-2026/instructions/602101-602102-TRON-180-360-INSTRUCTIONS.pdf;LDT=https://puk.it/wp-content/uploads/2020/01/602102-TRON-360.rar;BIM=https://puk.it/wp-content/uploads/puk-files-2026/revit/602102-TRON-360.rfa
Tron,,,,,,,,,,,,,,,,,,,,Tron 26W 360°,602102.27.AL.03.D,Black RAL 9005,images/tron/tron-360-black.jpg,2700K,,DALI,IP66,IK10,,360° emission · Ø190 × 174mm,26W,1948lm,75lm/W,360°,Datasheet=images/tron/datasheets/602102.27.AL.03.D.pdf;Installation=https://puk.it/wp-content/uploads/puk-files-2026/instructions/602101-602102-TRON-180-360-INSTRUCTIONS.pdf;LDT=https://puk.it/wp-content/uploads/2020/01/602102-TRON-360.rar;BIM=https://puk.it/wp-content/uploads/puk-files-2026/revit/602102-TRON-360.rfa
Tron,,,,,,,,,,,,,,,,,,,,Tron 26W 360°,602102.30.AL.03.0,Black RAL 9005,images/tron/tron-360-black.jpg,3000K,,On/Off,IP66,IK10,,360° emission · Ø190 × 174mm,26W,2050lm,79lm/W,360°,Datasheet=images/tron/datasheets/602102.30.AL.03.0.pdf;Installation=https://puk.it/wp-content/uploads/puk-files-2026/instructions/602101-602102-TRON-180-360-INSTRUCTIONS.pdf;LDT=https://puk.it/wp-content/uploads/2020/01/602102-TRON-360.rar;BIM=https://puk.it/wp-content/uploads/puk-files-2026/revit/602102-TRON-360.rfa
Tron,,,,,,,,,,,,,,,,,,,,Tron 26W 360°,602102.30.AL.03.1,Black RAL 9005,images/tron/tron-360-black.jpg,3000K,,1-10V,IP66,IK10,,360° emission · Ø190 × 174mm,26W,2050lm,79lm/W,360°,Datasheet=images/tron/datasheets/602102.30.AL.03.1.pdf;Installation=https://puk.it/wp-content/uploads/puk-files-2026/instructions/602101-602102-TRON-180-360-INSTRUCTIONS.pdf;LDT=https://puk.it/wp-content/uploads/2020/01/602102-TRON-360.rar;BIM=https://puk.it/wp-content/uploads/puk-files-2026/revit/602102-TRON-360.rfa
Tron,,,,,,,,,,,,,,,,,,,,Tron 26W 360°,602102.30.AL.03.D,Black RAL 9005,images/tron/tron-360-black.jpg,3000K,,DALI,IP66,IK10,,360° emission · Ø190 × 174mm,26W,2050lm,79lm/W,360°,Datasheet=images/tron/datasheets/602102.30.AL.03.D.pdf;Installation=https://puk.it/wp-content/uploads/puk-files-2026/instructions/602101-602102-TRON-180-360-INSTRUCTIONS.pdf;LDT=https://puk.it/wp-content/uploads/2020/01/602102-TRON-360.rar;BIM=https://puk.it/wp-content/uploads/puk-files-2026/revit/602102-TRON-360.rfa
Tron,,,,,,,,,,,,,,,,,,,,Tron 26W 360°,602102.40.AL.03.0,Black RAL 9005,images/tron/tron-360-black.jpg,4000K,,On/Off,IP66,IK10,,360° emission · Ø190 × 174mm,26W,2100lm,81lm/W,360°,Datasheet=images/tron/datasheets/602102.40.AL.03.0.pdf;Installation=https://puk.it/wp-content/uploads/puk-files-2026/instructions/602101-602102-TRON-180-360-INSTRUCTIONS.pdf;LDT=https://puk.it/wp-content/uploads/2020/01/602102-TRON-360.rar;BIM=https://puk.it/wp-content/uploads/puk-files-2026/revit/602102-TRON-360.rfa
Tron,,,,,,,,,,,,,,,,,,,,Tron 26W 360°,602102.40.AL.03.1,Black RAL 9005,images/tron/tron-360-black.jpg,4000K,,1-10V,IP66,IK10,,360° emission · Ø190 × 174mm,26W,2100lm,81lm/W,360°,Datasheet=images/tron/datasheets/602102.40.AL.03.1.pdf;Installation=https://puk.it/wp-content/uploads/puk-files-2026/instructions/602101-602102-TRON-180-360-INSTRUCTIONS.pdf;LDT=https://puk.it/wp-content/uploads/2020/01/602102-TRON-360.rar;BIM=https://puk.it/wp-content/uploads/puk-files-2026/revit/602102-TRON-360.rfa
Tron,,,,,,,,,,,,,,,,,,,,Tron 26W 360°,602102.40.AL.03.D,Black RAL 9005,images/tron/tron-360-black.jpg,4000K,,DALI,IP66,IK10,,360° emission · Ø190 × 174mm,26W,2100lm,81lm/W,360°,Datasheet=images/tron/datasheets/602102.40.AL.03.D.pdf;Installation=https://puk.it/wp-content/uploads/puk-files-2026/instructions/602101-602102-TRON-180-360-INSTRUCTIONS.pdf;LDT=https://puk.it/wp-content/uploads/2020/01/602102-TRON-360.rar;BIM=https://puk.it/wp-content/uploads/puk-files-2026/revit/602102-TRON-360.rfa
Periscope,PUK,Exterior,Bollard,An L-shaped bollard that lights the ground on one side.,"Periscope is an L-shaped bollard, 180 × 140mm, in 300, 500 and 750mm heights. Its overhanging head sends asymmetric light down and to one side, which suits paths alongside walls, steps and garden beds. Each height comes in 7W or 14W, with the driver built in and a 0.5m cable fitted.","Surface-mounted L-shaped bollard, 180 × 140mm. Heights 300 | 500 | 750mm. Asymmetric downward light to one side. Extruded aluminium body, phospho-chromatised and polyester powder coated. Tempered safety glass. Moulded silicone gasket and stainless steel screws. Built-in electronic LED driver 220–240V 50/60Hz. CREE XP-G2 LEDs. 0.5m neoprene power cable included. M16 cable gland. IP65. IK10. Class I.",3000K | 4000K,,On/Off | 1-10V | DALI,IP65,IK10,White Aluminium RAL 9006 | Anthracite Grey RAL 7016 | Matt Black,bollard,,images/periscope/periscope-thumb.jpg;images/periscope/periscope-dimensions-01.png;images/periscope/periscope-dimensions-02.png;images/periscope/periscope-dimensions-03.png,,,images/periscope/periscope-dimensions-01.png,01 180 × 140 × 300mm · 02 180 × 140 × 500mm · 03 180 × 140 × 750mm,Periscope 01 7W Asymmetric,601601.30.AS.01.0,White Aluminium RAL 9006,images/periscope/periscope-01-7w-white-aluminium.jpg,3000K,,On/Off,IP65,IK10,,Asymmetric downward light · 180 × 140 × 300mm,7W,805lm,115lm/W,Asymmetric,Datasheet=images/periscope/datasheets/601601.30.AS.01.0.pdf;Installation=https://puk.it/wp-content/uploads/puk-files-2026/instructions/601601-601602-601603-601604-601605-601606-PERISCOPE-01-02-03-instructions.pdf;LDT=https://puk.it/wp-content/uploads/puk-files-2026/ldt/601601-PERISCOPE-01-7W-LED.rar
Periscope,,,,,,,,,,,,,,,,,,,,Periscope 01 7W Asymmetric,601601.30.AS.01.1,White Aluminium RAL 9006,images/periscope/periscope-01-7w-white-aluminium.jpg,3000K,,1-10V,IP65,IK10,,Asymmetric downward light · 180 × 140 × 300mm,7W,805lm,115lm/W,Asymmetric,Datasheet=images/periscope/datasheets/601601.30.AS.01.1.pdf;Installation=https://puk.it/wp-content/uploads/puk-files-2026/instructions/601601-601602-601603-601604-601605-601606-PERISCOPE-01-02-03-instructions.pdf;LDT=https://puk.it/wp-content/uploads/puk-files-2026/ldt/601601-PERISCOPE-01-7W-LED.rar
Periscope,,,,,,,,,,,,,,,,,,,,Periscope 01 7W Asymmetric,601601.30.AS.01.D,White Aluminium RAL 9006,images/periscope/periscope-01-7w-white-aluminium.jpg,3000K,,DALI,IP65,IK10,,Asymmetric downward light · 180 × 140 × 300mm,7W,805lm,115lm/W,Asymmetric,Datasheet=images/periscope/datasheets/601601.30.AS.01.D.pdf;Installation=https://puk.it/wp-content/uploads/puk-files-2026/instructions/601601-601602-601603-601604-601605-601606-PERISCOPE-01-02-03-instructions.pdf;LDT=https://puk.it/wp-content/uploads/puk-files-2026/ldt/601601-PERISCOPE-01-7W-LED.rar
Periscope,,,,,,,,,,,,,,,,,,,,Periscope 01 7W Asymmetric,601601.40.AS.01.0,White Aluminium RAL 9006,images/periscope/periscope-01-7w-white-aluminium.jpg,4000K,,On/Off,IP65,IK10,,Asymmetric downward light · 180 × 140 × 300mm,7W,847lm,121lm/W,Asymmetric,Datasheet=images/periscope/datasheets/601601.40.AS.01.0.pdf;Installation=https://puk.it/wp-content/uploads/puk-files-2026/instructions/601601-601602-601603-601604-601605-601606-PERISCOPE-01-02-03-instructions.pdf;LDT=https://puk.it/wp-content/uploads/puk-files-2026/ldt/601601-PERISCOPE-01-7W-LED.rar
Periscope,,,,,,,,,,,,,,,,,,,,Periscope 01 7W Asymmetric,601601.40.AS.01.1,White Aluminium RAL 9006,images/periscope/periscope-01-7w-white-aluminium.jpg,4000K,,1-10V,IP65,IK10,,Asymmetric downward light · 180 × 140 × 300mm,7W,847lm,121lm/W,Asymmetric,Datasheet=images/periscope/datasheets/601601.40.AS.01.1.pdf;Installation=https://puk.it/wp-content/uploads/puk-files-2026/instructions/601601-601602-601603-601604-601605-601606-PERISCOPE-01-02-03-instructions.pdf;LDT=https://puk.it/wp-content/uploads/puk-files-2026/ldt/601601-PERISCOPE-01-7W-LED.rar
Periscope,,,,,,,,,,,,,,,,,,,,Periscope 01 7W Asymmetric,601601.40.AS.01.D,White Aluminium RAL 9006,images/periscope/periscope-01-7w-white-aluminium.jpg,4000K,,DALI,IP65,IK10,,Asymmetric downward light · 180 × 140 × 300mm,7W,847lm,121lm/W,Asymmetric,Datasheet=images/periscope/datasheets/601601.40.AS.01.D.pdf;Installation=https://puk.it/wp-content/uploads/puk-files-2026/instructions/601601-601602-601603-601604-601605-601606-PERISCOPE-01-02-03-instructions.pdf;LDT=https://puk.it/wp-content/uploads/puk-files-2026/ldt/601601-PERISCOPE-01-7W-LED.rar
Periscope,,,,,,,,,,,,,,,,,,,,Periscope 01 14W Asymmetric,601602.30.AS.01.0,White Aluminium RAL 9006,images/periscope/periscope-01-14w-white-aluminium.jpg,3000K,,On/Off,IP65,IK10,,Asymmetric downward light · 180 × 140 × 300mm,14W,1610lm,115lm/W,Asymmetric,Datasheet=images/periscope/datasheets/601602.30.AS.01.0.pdf;Installation=https://puk.it/wp-content/uploads/puk-files-2026/instructions/601601-601602-601603-601604-601605-601606-PERISCOPE-01-02-03-instructions.pdf;LDT=https://puk.it/wp-content/uploads/puk-files-2026/ldt/601602-PERISCOPE-01-14W-LED.rar;BIM=https://puk.it/wp-content/uploads/puk-files-2026/revit/601602-PERISCOPE-01.rfa
Periscope,,,,,,,,,,,,,,,,,,,,Periscope 01 14W Asymmetric,601602.30.AS.01.1,White Aluminium RAL 9006,images/periscope/periscope-01-14w-white-aluminium.jpg,3000K,,1-10V,IP65,IK10,,Asymmetric downward light · 180 × 140 × 300mm,14W,1610lm,115lm/W,Asymmetric,Datasheet=images/periscope/datasheets/601602.30.AS.01.1.pdf;Installation=https://puk.it/wp-content/uploads/puk-files-2026/instructions/601601-601602-601603-601604-601605-601606-PERISCOPE-01-02-03-instructions.pdf;LDT=https://puk.it/wp-content/uploads/puk-files-2026/ldt/601602-PERISCOPE-01-14W-LED.rar;BIM=https://puk.it/wp-content/uploads/puk-files-2026/revit/601602-PERISCOPE-01.rfa
Periscope,,,,,,,,,,,,,,,,,,,,Periscope 01 14W Asymmetric,601602.30.AS.01.D,White Aluminium RAL 9006,images/periscope/periscope-01-14w-white-aluminium.jpg,3000K,,DALI,IP65,IK10,,Asymmetric downward light · 180 × 140 × 300mm,14W,1610lm,115lm/W,Asymmetric,Datasheet=images/periscope/datasheets/601602.30.AS.01.D.pdf;Installation=https://puk.it/wp-content/uploads/puk-files-2026/instructions/601601-601602-601603-601604-601605-601606-PERISCOPE-01-02-03-instructions.pdf;LDT=https://puk.it/wp-content/uploads/puk-files-2026/ldt/601602-PERISCOPE-01-14W-LED.rar;BIM=https://puk.it/wp-content/uploads/puk-files-2026/revit/601602-PERISCOPE-01.rfa
Periscope,,,,,,,,,,,,,,,,,,,,Periscope 01 14W Asymmetric,601602.40.AS.01.0,White Aluminium RAL 9006,images/periscope/periscope-01-14w-white-aluminium.jpg,4000K,,On/Off,IP65,IK10,,Asymmetric downward light · 180 × 140 × 300mm,14W,1694lm,121lm/W,Asymmetric,Datasheet=images/periscope/datasheets/601602.40.AS.01.0.pdf;Installation=https://puk.it/wp-content/uploads/puk-files-2026/instructions/601601-601602-601603-601604-601605-601606-PERISCOPE-01-02-03-instructions.pdf;LDT=https://puk.it/wp-content/uploads/puk-files-2026/ldt/601602-PERISCOPE-01-14W-LED.rar;BIM=https://puk.it/wp-content/uploads/puk-files-2026/revit/601602-PERISCOPE-01.rfa
Periscope,,,,,,,,,,,,,,,,,,,,Periscope 01 14W Asymmetric,601602.40.AS.01.1,White Aluminium RAL 9006,images/periscope/periscope-01-14w-white-aluminium.jpg,4000K,,1-10V,IP65,IK10,,Asymmetric downward light · 180 × 140 × 300mm,14W,1694lm,121lm/W,Asymmetric,Datasheet=images/periscope/datasheets/601602.40.AS.01.1.pdf;Installation=https://puk.it/wp-content/uploads/puk-files-2026/instructions/601601-601602-601603-601604-601605-601606-PERISCOPE-01-02-03-instructions.pdf;LDT=https://puk.it/wp-content/uploads/puk-files-2026/ldt/601602-PERISCOPE-01-14W-LED.rar;BIM=https://puk.it/wp-content/uploads/puk-files-2026/revit/601602-PERISCOPE-01.rfa
Periscope,,,,,,,,,,,,,,,,,,,,Periscope 01 14W Asymmetric,601602.40.AS.01.D,White Aluminium RAL 9006,images/periscope/periscope-01-14w-white-aluminium.jpg,4000K,,DALI,IP65,IK10,,Asymmetric downward light · 180 × 140 × 300mm,14W,1694lm,121lm/W,Asymmetric,Datasheet=images/periscope/datasheets/601602.40.AS.01.D.pdf;Installation=https://puk.it/wp-content/uploads/puk-files-2026/instructions/601601-601602-601603-601604-601605-601606-PERISCOPE-01-02-03-instructions.pdf;LDT=https://puk.it/wp-content/uploads/puk-files-2026/ldt/601602-PERISCOPE-01-14W-LED.rar;BIM=https://puk.it/wp-content/uploads/puk-files-2026/revit/601602-PERISCOPE-01.rfa
Periscope,,,,,,,,,,,,,,,,,,,,Periscope 01 7W Asymmetric,601601.30.AS.02.0,Anthracite Grey RAL 7016,images/periscope/periscope-01-7w-anthracite-grey.jpg,3000K,,On/Off,IP65,IK10,,Asymmetric downward light · 180 × 140 × 300mm,7W,805lm,115lm/W,Asymmetric,Datasheet=images/periscope/datasheets/601601.30.AS.02.0.pdf;Installation=https://puk.it/wp-content/uploads/puk-files-2026/instructions/601601-601602-601603-601604-601605-601606-PERISCOPE-01-02-03-instructions.pdf;LDT=https://puk.it/wp-content/uploads/puk-files-2026/ldt/601601-PERISCOPE-01-7W-LED.rar
Periscope,,,,,,,,,,,,,,,,,,,,Periscope 01 7W Asymmetric,601601.30.AS.02.1,Anthracite Grey RAL 7016,images/periscope/periscope-01-7w-anthracite-grey.jpg,3000K,,1-10V,IP65,IK10,,Asymmetric downward light · 180 × 140 × 300mm,7W,805lm,115lm/W,Asymmetric,Datasheet=images/periscope/datasheets/601601.30.AS.02.1.pdf;Installation=https://puk.it/wp-content/uploads/puk-files-2026/instructions/601601-601602-601603-601604-601605-601606-PERISCOPE-01-02-03-instructions.pdf;LDT=https://puk.it/wp-content/uploads/puk-files-2026/ldt/601601-PERISCOPE-01-7W-LED.rar
Periscope,,,,,,,,,,,,,,,,,,,,Periscope 01 7W Asymmetric,601601.30.AS.02.D,Anthracite Grey RAL 7016,images/periscope/periscope-01-7w-anthracite-grey.jpg,3000K,,DALI,IP65,IK10,,Asymmetric downward light · 180 × 140 × 300mm,7W,805lm,115lm/W,Asymmetric,Datasheet=images/periscope/datasheets/601601.30.AS.02.D.pdf;Installation=https://puk.it/wp-content/uploads/puk-files-2026/instructions/601601-601602-601603-601604-601605-601606-PERISCOPE-01-02-03-instructions.pdf;LDT=https://puk.it/wp-content/uploads/puk-files-2026/ldt/601601-PERISCOPE-01-7W-LED.rar
Periscope,,,,,,,,,,,,,,,,,,,,Periscope 01 7W Asymmetric,601601.40.AS.02.0,Anthracite Grey RAL 7016,images/periscope/periscope-01-7w-anthracite-grey.jpg,4000K,,On/Off,IP65,IK10,,Asymmetric downward light · 180 × 140 × 300mm,7W,847lm,121lm/W,Asymmetric,Datasheet=images/periscope/datasheets/601601.40.AS.02.0.pdf;Installation=https://puk.it/wp-content/uploads/puk-files-2026/instructions/601601-601602-601603-601604-601605-601606-PERISCOPE-01-02-03-instructions.pdf;LDT=https://puk.it/wp-content/uploads/puk-files-2026/ldt/601601-PERISCOPE-01-7W-LED.rar
Periscope,,,,,,,,,,,,,,,,,,,,Periscope 01 7W Asymmetric,601601.40.AS.02.1,Anthracite Grey RAL 7016,images/periscope/periscope-01-7w-anthracite-grey.jpg,4000K,,1-10V,IP65,IK10,,Asymmetric downward light · 180 × 140 × 300mm,7W,847lm,121lm/W,Asymmetric,Datasheet=images/periscope/datasheets/601601.40.AS.02.1.pdf;Installation=https://puk.it/wp-content/uploads/puk-files-2026/instructions/601601-601602-601603-601604-601605-601606-PERISCOPE-01-02-03-instructions.pdf;LDT=https://puk.it/wp-content/uploads/puk-files-2026/ldt/601601-PERISCOPE-01-7W-LED.rar
Periscope,,,,,,,,,,,,,,,,,,,,Periscope 01 7W Asymmetric,601601.40.AS.02.D,Anthracite Grey RAL 7016,images/periscope/periscope-01-7w-anthracite-grey.jpg,4000K,,DALI,IP65,IK10,,Asymmetric downward light · 180 × 140 × 300mm,7W,847lm,121lm/W,Asymmetric,Datasheet=images/periscope/datasheets/601601.40.AS.02.D.pdf;Installation=https://puk.it/wp-content/uploads/puk-files-2026/instructions/601601-601602-601603-601604-601605-601606-PERISCOPE-01-02-03-instructions.pdf;LDT=https://puk.it/wp-content/uploads/puk-files-2026/ldt/601601-PERISCOPE-01-7W-LED.rar
Periscope,,,,,,,,,,,,,,,,,,,,Periscope 01 14W Asymmetric,601602.30.AS.02.0,Anthracite Grey RAL 7016,images/periscope/periscope-01-14w-anthracite-grey.jpg,3000K,,On/Off,IP65,IK10,,Asymmetric downward light · 180 × 140 × 300mm,14W,1610lm,115lm/W,Asymmetric,Datasheet=images/periscope/datasheets/601602.30.AS.02.0.pdf;Installation=https://puk.it/wp-content/uploads/puk-files-2026/instructions/601601-601602-601603-601604-601605-601606-PERISCOPE-01-02-03-instructions.pdf;LDT=https://puk.it/wp-content/uploads/puk-files-2026/ldt/601602-PERISCOPE-01-14W-LED.rar;BIM=https://puk.it/wp-content/uploads/puk-files-2026/revit/601602-PERISCOPE-01.rfa
Periscope,,,,,,,,,,,,,,,,,,,,Periscope 01 14W Asymmetric,601602.30.AS.02.1,Anthracite Grey RAL 7016,images/periscope/periscope-01-14w-anthracite-grey.jpg,3000K,,1-10V,IP65,IK10,,Asymmetric downward light · 180 × 140 × 300mm,14W,1610lm,115lm/W,Asymmetric,Datasheet=images/periscope/datasheets/601602.30.AS.02.1.pdf;Installation=https://puk.it/wp-content/uploads/puk-files-2026/instructions/601601-601602-601603-601604-601605-601606-PERISCOPE-01-02-03-instructions.pdf;LDT=https://puk.it/wp-content/uploads/puk-files-2026/ldt/601602-PERISCOPE-01-14W-LED.rar;BIM=https://puk.it/wp-content/uploads/puk-files-2026/revit/601602-PERISCOPE-01.rfa
Periscope,,,,,,,,,,,,,,,,,,,,Periscope 01 14W Asymmetric,601602.30.AS.02.D,Anthracite Grey RAL 7016,images/periscope/periscope-01-14w-anthracite-grey.jpg,3000K,,DALI,IP65,IK10,,Asymmetric downward light · 180 × 140 × 300mm,14W,1610lm,115lm/W,Asymmetric,Datasheet=images/periscope/datasheets/601602.30.AS.02.D.pdf;Installation=https://puk.it/wp-content/uploads/puk-files-2026/instructions/601601-601602-601603-601604-601605-601606-PERISCOPE-01-02-03-instructions.pdf;LDT=https://puk.it/wp-content/uploads/puk-files-2026/ldt/601602-PERISCOPE-01-14W-LED.rar;BIM=https://puk.it/wp-content/uploads/puk-files-2026/revit/601602-PERISCOPE-01.rfa
Periscope,,,,,,,,,,,,,,,,,,,,Periscope 01 14W Asymmetric,601602.40.AS.02.0,Anthracite Grey RAL 7016,images/periscope/periscope-01-14w-anthracite-grey.jpg,4000K,,On/Off,IP65,IK10,,Asymmetric downward light · 180 × 140 × 300mm,14W,1694lm,121lm/W,Asymmetric,Datasheet=images/periscope/datasheets/601602.40.AS.02.0.pdf;Installation=https://puk.it/wp-content/uploads/puk-files-2026/instructions/601601-601602-601603-601604-601605-601606-PERISCOPE-01-02-03-instructions.pdf;LDT=https://puk.it/wp-content/uploads/puk-files-2026/ldt/601602-PERISCOPE-01-14W-LED.rar;BIM=https://puk.it/wp-content/uploads/puk-files-2026/revit/601602-PERISCOPE-01.rfa
Periscope,,,,,,,,,,,,,,,,,,,,Periscope 01 14W Asymmetric,601602.40.AS.02.1,Anthracite Grey RAL 7016,images/periscope/periscope-01-14w-anthracite-grey.jpg,4000K,,1-10V,IP65,IK10,,Asymmetric downward light · 180 × 140 × 300mm,14W,1694lm,121lm/W,Asymmetric,Datasheet=images/periscope/datasheets/601602.40.AS.02.1.pdf;Installation=https://puk.it/wp-content/uploads/puk-files-2026/instructions/601601-601602-601603-601604-601605-601606-PERISCOPE-01-02-03-instructions.pdf;LDT=https://puk.it/wp-content/uploads/puk-files-2026/ldt/601602-PERISCOPE-01-14W-LED.rar;BIM=https://puk.it/wp-content/uploads/puk-files-2026/revit/601602-PERISCOPE-01.rfa
Periscope,,,,,,,,,,,,,,,,,,,,Periscope 01 14W Asymmetric,601602.40.AS.02.D,Anthracite Grey RAL 7016,images/periscope/periscope-01-14w-anthracite-grey.jpg,4000K,,DALI,IP65,IK10,,Asymmetric downward light · 180 × 140 × 300mm,14W,1694lm,121lm/W,Asymmetric,Datasheet=images/periscope/datasheets/601602.40.AS.02.D.pdf;Installation=https://puk.it/wp-content/uploads/puk-files-2026/instructions/601601-601602-601603-601604-601605-601606-PERISCOPE-01-02-03-instructions.pdf;LDT=https://puk.it/wp-content/uploads/puk-files-2026/ldt/601602-PERISCOPE-01-14W-LED.rar;BIM=https://puk.it/wp-content/uploads/puk-files-2026/revit/601602-PERISCOPE-01.rfa
Periscope,,,,,,,,,,,,,,,,,,,,Periscope 01 7W Asymmetric,601601.30.AS.03.0,Matt Black,images/periscope/periscope-01-7w-matt-black.jpg,3000K,,On/Off,IP65,IK10,,Asymmetric downward light · 180 × 140 × 300mm,7W,805lm,115lm/W,Asymmetric,Datasheet=images/periscope/datasheets/601601.30.AS.03.0.pdf;Installation=https://puk.it/wp-content/uploads/puk-files-2026/instructions/601601-601602-601603-601604-601605-601606-PERISCOPE-01-02-03-instructions.pdf;LDT=https://puk.it/wp-content/uploads/puk-files-2026/ldt/601601-PERISCOPE-01-7W-LED.rar
Periscope,,,,,,,,,,,,,,,,,,,,Periscope 01 7W Asymmetric,601601.30.AS.03.1,Matt Black,images/periscope/periscope-01-7w-matt-black.jpg,3000K,,1-10V,IP65,IK10,,Asymmetric downward light · 180 × 140 × 300mm,7W,805lm,115lm/W,Asymmetric,Datasheet=images/periscope/datasheets/601601.30.AS.03.1.pdf;Installation=https://puk.it/wp-content/uploads/puk-files-2026/instructions/601601-601602-601603-601604-601605-601606-PERISCOPE-01-02-03-instructions.pdf;LDT=https://puk.it/wp-content/uploads/puk-files-2026/ldt/601601-PERISCOPE-01-7W-LED.rar
Periscope,,,,,,,,,,,,,,,,,,,,Periscope 01 7W Asymmetric,601601.30.AS.03.D,Matt Black,images/periscope/periscope-01-7w-matt-black.jpg,3000K,,DALI,IP65,IK10,,Asymmetric downward light · 180 × 140 × 300mm,7W,805lm,115lm/W,Asymmetric,Datasheet=images/periscope/datasheets/601601.30.AS.03.D.pdf;Installation=https://puk.it/wp-content/uploads/puk-files-2026/instructions/601601-601602-601603-601604-601605-601606-PERISCOPE-01-02-03-instructions.pdf;LDT=https://puk.it/wp-content/uploads/puk-files-2026/ldt/601601-PERISCOPE-01-7W-LED.rar
Periscope,,,,,,,,,,,,,,,,,,,,Periscope 01 7W Asymmetric,601601.40.AS.03.0,Matt Black,images/periscope/periscope-01-7w-matt-black.jpg,4000K,,On/Off,IP65,IK10,,Asymmetric downward light · 180 × 140 × 300mm,7W,847lm,121lm/W,Asymmetric,Datasheet=images/periscope/datasheets/601601.40.AS.03.0.pdf;Installation=https://puk.it/wp-content/uploads/puk-files-2026/instructions/601601-601602-601603-601604-601605-601606-PERISCOPE-01-02-03-instructions.pdf;LDT=https://puk.it/wp-content/uploads/puk-files-2026/ldt/601601-PERISCOPE-01-7W-LED.rar
Periscope,,,,,,,,,,,,,,,,,,,,Periscope 01 7W Asymmetric,601601.40.AS.03.1,Matt Black,images/periscope/periscope-01-7w-matt-black.jpg,4000K,,1-10V,IP65,IK10,,Asymmetric downward light · 180 × 140 × 300mm,7W,847lm,121lm/W,Asymmetric,Datasheet=images/periscope/datasheets/601601.40.AS.03.1.pdf;Installation=https://puk.it/wp-content/uploads/puk-files-2026/instructions/601601-601602-601603-601604-601605-601606-PERISCOPE-01-02-03-instructions.pdf;LDT=https://puk.it/wp-content/uploads/puk-files-2026/ldt/601601-PERISCOPE-01-7W-LED.rar
Periscope,,,,,,,,,,,,,,,,,,,,Periscope 01 7W Asymmetric,601601.40.AS.03.D,Matt Black,images/periscope/periscope-01-7w-matt-black.jpg,4000K,,DALI,IP65,IK10,,Asymmetric downward light · 180 × 140 × 300mm,7W,847lm,121lm/W,Asymmetric,Datasheet=images/periscope/datasheets/601601.40.AS.03.D.pdf;Installation=https://puk.it/wp-content/uploads/puk-files-2026/instructions/601601-601602-601603-601604-601605-601606-PERISCOPE-01-02-03-instructions.pdf;LDT=https://puk.it/wp-content/uploads/puk-files-2026/ldt/601601-PERISCOPE-01-7W-LED.rar
Periscope,,,,,,,,,,,,,,,,,,,,Periscope 01 14W Asymmetric,601602.30.AS.03.0,Matt Black,images/periscope/periscope-01-14w-matt-black.jpg,3000K,,On/Off,IP65,IK10,,Asymmetric downward light · 180 × 140 × 300mm,14W,1610lm,115lm/W,Asymmetric,Datasheet=images/periscope/datasheets/601602.30.AS.03.0.pdf;Installation=https://puk.it/wp-content/uploads/puk-files-2026/instructions/601601-601602-601603-601604-601605-601606-PERISCOPE-01-02-03-instructions.pdf;LDT=https://puk.it/wp-content/uploads/puk-files-2026/ldt/601602-PERISCOPE-01-14W-LED.rar;BIM=https://puk.it/wp-content/uploads/puk-files-2026/revit/601602-PERISCOPE-01.rfa
Periscope,,,,,,,,,,,,,,,,,,,,Periscope 01 14W Asymmetric,601602.30.AS.03.1,Matt Black,images/periscope/periscope-01-14w-matt-black.jpg,3000K,,1-10V,IP65,IK10,,Asymmetric downward light · 180 × 140 × 300mm,14W,1610lm,115lm/W,Asymmetric,Datasheet=images/periscope/datasheets/601602.30.AS.03.1.pdf;Installation=https://puk.it/wp-content/uploads/puk-files-2026/instructions/601601-601602-601603-601604-601605-601606-PERISCOPE-01-02-03-instructions.pdf;LDT=https://puk.it/wp-content/uploads/puk-files-2026/ldt/601602-PERISCOPE-01-14W-LED.rar;BIM=https://puk.it/wp-content/uploads/puk-files-2026/revit/601602-PERISCOPE-01.rfa
Periscope,,,,,,,,,,,,,,,,,,,,Periscope 01 14W Asymmetric,601602.30.AS.03.D,Matt Black,images/periscope/periscope-01-14w-matt-black.jpg,3000K,,DALI,IP65,IK10,,Asymmetric downward light · 180 × 140 × 300mm,14W,1610lm,115lm/W,Asymmetric,Datasheet=images/periscope/datasheets/601602.30.AS.03.D.pdf;Installation=https://puk.it/wp-content/uploads/puk-files-2026/instructions/601601-601602-601603-601604-601605-601606-PERISCOPE-01-02-03-instructions.pdf;LDT=https://puk.it/wp-content/uploads/puk-files-2026/ldt/601602-PERISCOPE-01-14W-LED.rar;BIM=https://puk.it/wp-content/uploads/puk-files-2026/revit/601602-PERISCOPE-01.rfa
Periscope,,,,,,,,,,,,,,,,,,,,Periscope 01 14W Asymmetric,601602.40.AS.03.0,Matt Black,images/periscope/periscope-01-14w-matt-black.jpg,4000K,,On/Off,IP65,IK10,,Asymmetric downward light · 180 × 140 × 300mm,14W,1694lm,121lm/W,Asymmetric,Datasheet=images/periscope/datasheets/601602.40.AS.03.0.pdf;Installation=https://puk.it/wp-content/uploads/puk-files-2026/instructions/601601-601602-601603-601604-601605-601606-PERISCOPE-01-02-03-instructions.pdf;LDT=https://puk.it/wp-content/uploads/puk-files-2026/ldt/601602-PERISCOPE-01-14W-LED.rar;BIM=https://puk.it/wp-content/uploads/puk-files-2026/revit/601602-PERISCOPE-01.rfa
Periscope,,,,,,,,,,,,,,,,,,,,Periscope 01 14W Asymmetric,601602.40.AS.03.1,Matt Black,images/periscope/periscope-01-14w-matt-black.jpg,4000K,,1-10V,IP65,IK10,,Asymmetric downward light · 180 × 140 × 300mm,14W,1694lm,121lm/W,Asymmetric,Datasheet=images/periscope/datasheets/601602.40.AS.03.1.pdf;Installation=https://puk.it/wp-content/uploads/puk-files-2026/instructions/601601-601602-601603-601604-601605-601606-PERISCOPE-01-02-03-instructions.pdf;LDT=https://puk.it/wp-content/uploads/puk-files-2026/ldt/601602-PERISCOPE-01-14W-LED.rar;BIM=https://puk.it/wp-content/uploads/puk-files-2026/revit/601602-PERISCOPE-01.rfa
Periscope,,,,,,,,,,,,,,,,,,,,Periscope 01 14W Asymmetric,601602.40.AS.03.D,Matt Black,images/periscope/periscope-01-14w-matt-black.jpg,4000K,,DALI,IP65,IK10,,Asymmetric downward light · 180 × 140 × 300mm,14W,1694lm,121lm/W,Asymmetric,Datasheet=images/periscope/datasheets/601602.40.AS.03.D.pdf;Installation=https://puk.it/wp-content/uploads/puk-files-2026/instructions/601601-601602-601603-601604-601605-601606-PERISCOPE-01-02-03-instructions.pdf;LDT=https://puk.it/wp-content/uploads/puk-files-2026/ldt/601602-PERISCOPE-01-14W-LED.rar;BIM=https://puk.it/wp-content/uploads/puk-files-2026/revit/601602-PERISCOPE-01.rfa
Periscope,,,,,,,,,,,,,,,,,,,,Periscope 02 7W Asymmetric,601603.30.AS.01.0,White Aluminium RAL 9006,images/periscope/periscope-02-7w-white-aluminium.jpg,3000K,,On/Off,IP65,IK10,,Asymmetric downward light · 180 × 140 × 500mm,7W,805lm,115lm/W,Asymmetric,Datasheet=images/periscope/datasheets/601603.30.AS.01.0.pdf;Installation=https://puk.it/wp-content/uploads/puk-files-2026/instructions/601601-601602-601603-601604-601605-601606-PERISCOPE-01-02-03-instructions.pdf;LDT=https://puk.it/wp-content/uploads/puk-files-2026/ldt/601603-PERISCOPE-02-7W-LED.rar
Periscope,,,,,,,,,,,,,,,,,,,,Periscope 02 7W Asymmetric,601603.30.AS.01.1,White Aluminium RAL 9006,images/periscope/periscope-02-7w-white-aluminium.jpg,3000K,,1-10V,IP65,IK10,,Asymmetric downward light · 180 × 140 × 500mm,7W,805lm,115lm/W,Asymmetric,Datasheet=images/periscope/datasheets/601603.30.AS.01.1.pdf;Installation=https://puk.it/wp-content/uploads/puk-files-2026/instructions/601601-601602-601603-601604-601605-601606-PERISCOPE-01-02-03-instructions.pdf;LDT=https://puk.it/wp-content/uploads/puk-files-2026/ldt/601603-PERISCOPE-02-7W-LED.rar
Periscope,,,,,,,,,,,,,,,,,,,,Periscope 02 7W Asymmetric,601603.30.AS.01.D,White Aluminium RAL 9006,images/periscope/periscope-02-7w-white-aluminium.jpg,3000K,,DALI,IP65,IK10,,Asymmetric downward light · 180 × 140 × 500mm,7W,805lm,115lm/W,Asymmetric,Datasheet=images/periscope/datasheets/601603.30.AS.01.D.pdf;Installation=https://puk.it/wp-content/uploads/puk-files-2026/instructions/601601-601602-601603-601604-601605-601606-PERISCOPE-01-02-03-instructions.pdf;LDT=https://puk.it/wp-content/uploads/puk-files-2026/ldt/601603-PERISCOPE-02-7W-LED.rar
Periscope,,,,,,,,,,,,,,,,,,,,Periscope 02 7W Asymmetric,601603.40.AS.01.0,White Aluminium RAL 9006,images/periscope/periscope-02-7w-white-aluminium.jpg,4000K,,On/Off,IP65,IK10,,Asymmetric downward light · 180 × 140 × 500mm,7W,847lm,121lm/W,Asymmetric,Datasheet=images/periscope/datasheets/601603.40.AS.01.0.pdf;Installation=https://puk.it/wp-content/uploads/puk-files-2026/instructions/601601-601602-601603-601604-601605-601606-PERISCOPE-01-02-03-instructions.pdf;LDT=https://puk.it/wp-content/uploads/puk-files-2026/ldt/601603-PERISCOPE-02-7W-LED.rar
Periscope,,,,,,,,,,,,,,,,,,,,Periscope 02 7W Asymmetric,601603.40.AS.01.1,White Aluminium RAL 9006,images/periscope/periscope-02-7w-white-aluminium.jpg,4000K,,1-10V,IP65,IK10,,Asymmetric downward light · 180 × 140 × 500mm,7W,847lm,121lm/W,Asymmetric,Datasheet=images/periscope/datasheets/601603.40.AS.01.1.pdf;Installation=https://puk.it/wp-content/uploads/puk-files-2026/instructions/601601-601602-601603-601604-601605-601606-PERISCOPE-01-02-03-instructions.pdf;LDT=https://puk.it/wp-content/uploads/puk-files-2026/ldt/601603-PERISCOPE-02-7W-LED.rar
Periscope,,,,,,,,,,,,,,,,,,,,Periscope 02 7W Asymmetric,601603.40.AS.01.D,White Aluminium RAL 9006,images/periscope/periscope-02-7w-white-aluminium.jpg,4000K,,DALI,IP65,IK10,,Asymmetric downward light · 180 × 140 × 500mm,7W,847lm,121lm/W,Asymmetric,Datasheet=images/periscope/datasheets/601603.40.AS.01.D.pdf;Installation=https://puk.it/wp-content/uploads/puk-files-2026/instructions/601601-601602-601603-601604-601605-601606-PERISCOPE-01-02-03-instructions.pdf;LDT=https://puk.it/wp-content/uploads/puk-files-2026/ldt/601603-PERISCOPE-02-7W-LED.rar
Periscope,,,,,,,,,,,,,,,,,,,,Periscope 02 14W Asymmetric,601604.30.AS.01.0,White Aluminium RAL 9006,images/periscope/periscope-02-14w-white-aluminium.jpg,3000K,,On/Off,IP65,IK10,,Asymmetric downward light · 180 × 140 × 500mm,14W,1610lm,115lm/W,Asymmetric,Datasheet=images/periscope/datasheets/601604.30.AS.01.0.pdf;Installation=https://puk.it/wp-content/uploads/puk-files-2026/instructions/601601-601602-601603-601604-601605-601606-PERISCOPE-01-02-03-instructions.pdf;LDT=https://puk.it/wp-content/uploads/puk-files-2026/ldt/601604-PERISCOPE-02-14W-LED.rar;BIM=https://puk.it/wp-content/uploads/puk-files-2026/revit/601604-PERISCOPE-02.rfa
Periscope,,,,,,,,,,,,,,,,,,,,Periscope 02 14W Asymmetric,601604.30.AS.01.1,White Aluminium RAL 9006,images/periscope/periscope-02-14w-white-aluminium.jpg,3000K,,1-10V,IP65,IK10,,Asymmetric downward light · 180 × 140 × 500mm,14W,1610lm,115lm/W,Asymmetric,Datasheet=images/periscope/datasheets/601604.30.AS.01.1.pdf;Installation=https://puk.it/wp-content/uploads/puk-files-2026/instructions/601601-601602-601603-601604-601605-601606-PERISCOPE-01-02-03-instructions.pdf;LDT=https://puk.it/wp-content/uploads/puk-files-2026/ldt/601604-PERISCOPE-02-14W-LED.rar;BIM=https://puk.it/wp-content/uploads/puk-files-2026/revit/601604-PERISCOPE-02.rfa
Periscope,,,,,,,,,,,,,,,,,,,,Periscope 02 14W Asymmetric,601604.30.AS.01.D,White Aluminium RAL 9006,images/periscope/periscope-02-14w-white-aluminium.jpg,3000K,,DALI,IP65,IK10,,Asymmetric downward light · 180 × 140 × 500mm,14W,1610lm,115lm/W,Asymmetric,Datasheet=images/periscope/datasheets/601604.30.AS.01.D.pdf;Installation=https://puk.it/wp-content/uploads/puk-files-2026/instructions/601601-601602-601603-601604-601605-601606-PERISCOPE-01-02-03-instructions.pdf;LDT=https://puk.it/wp-content/uploads/puk-files-2026/ldt/601604-PERISCOPE-02-14W-LED.rar;BIM=https://puk.it/wp-content/uploads/puk-files-2026/revit/601604-PERISCOPE-02.rfa
Periscope,,,,,,,,,,,,,,,,,,,,Periscope 02 14W Asymmetric,601604.40.AS.01.0,White Aluminium RAL 9006,images/periscope/periscope-02-14w-white-aluminium.jpg,4000K,,On/Off,IP65,IK10,,Asymmetric downward light · 180 × 140 × 500mm,14W,1694lm,121lm/W,Asymmetric,Datasheet=images/periscope/datasheets/601604.40.AS.01.0.pdf;Installation=https://puk.it/wp-content/uploads/puk-files-2026/instructions/601601-601602-601603-601604-601605-601606-PERISCOPE-01-02-03-instructions.pdf;LDT=https://puk.it/wp-content/uploads/puk-files-2026/ldt/601604-PERISCOPE-02-14W-LED.rar;BIM=https://puk.it/wp-content/uploads/puk-files-2026/revit/601604-PERISCOPE-02.rfa
Periscope,,,,,,,,,,,,,,,,,,,,Periscope 02 14W Asymmetric,601604.40.AS.01.1,White Aluminium RAL 9006,images/periscope/periscope-02-14w-white-aluminium.jpg,4000K,,1-10V,IP65,IK10,,Asymmetric downward light · 180 × 140 × 500mm,14W,1694lm,121lm/W,Asymmetric,Datasheet=images/periscope/datasheets/601604.40.AS.01.1.pdf;Installation=https://puk.it/wp-content/uploads/puk-files-2026/instructions/601601-601602-601603-601604-601605-601606-PERISCOPE-01-02-03-instructions.pdf;LDT=https://puk.it/wp-content/uploads/puk-files-2026/ldt/601604-PERISCOPE-02-14W-LED.rar;BIM=https://puk.it/wp-content/uploads/puk-files-2026/revit/601604-PERISCOPE-02.rfa
Periscope,,,,,,,,,,,,,,,,,,,,Periscope 02 14W Asymmetric,601604.40.AS.01.D,White Aluminium RAL 9006,images/periscope/periscope-02-14w-white-aluminium.jpg,4000K,,DALI,IP65,IK10,,Asymmetric downward light · 180 × 140 × 500mm,14W,1694lm,121lm/W,Asymmetric,Datasheet=images/periscope/datasheets/601604.40.AS.01.D.pdf;Installation=https://puk.it/wp-content/uploads/puk-files-2026/instructions/601601-601602-601603-601604-601605-601606-PERISCOPE-01-02-03-instructions.pdf;LDT=https://puk.it/wp-content/uploads/puk-files-2026/ldt/601604-PERISCOPE-02-14W-LED.rar;BIM=https://puk.it/wp-content/uploads/puk-files-2026/revit/601604-PERISCOPE-02.rfa
Periscope,,,,,,,,,,,,,,,,,,,,Periscope 02 7W Asymmetric,601603.30.AS.02.0,Anthracite Grey RAL 7016,images/periscope/periscope-02-7w-anthracite-grey.jpg,3000K,,On/Off,IP65,IK10,,Asymmetric downward light · 180 × 140 × 500mm,7W,805lm,115lm/W,Asymmetric,Datasheet=images/periscope/datasheets/601603.30.AS.02.0.pdf;Installation=https://puk.it/wp-content/uploads/puk-files-2026/instructions/601601-601602-601603-601604-601605-601606-PERISCOPE-01-02-03-instructions.pdf;LDT=https://puk.it/wp-content/uploads/puk-files-2026/ldt/601603-PERISCOPE-02-7W-LED.rar
Periscope,,,,,,,,,,,,,,,,,,,,Periscope 02 7W Asymmetric,601603.30.AS.02.1,Anthracite Grey RAL 7016,images/periscope/periscope-02-7w-anthracite-grey.jpg,3000K,,1-10V,IP65,IK10,,Asymmetric downward light · 180 × 140 × 500mm,7W,805lm,115lm/W,Asymmetric,Datasheet=images/periscope/datasheets/601603.30.AS.02.1.pdf;Installation=https://puk.it/wp-content/uploads/puk-files-2026/instructions/601601-601602-601603-601604-601605-601606-PERISCOPE-01-02-03-instructions.pdf;LDT=https://puk.it/wp-content/uploads/puk-files-2026/ldt/601603-PERISCOPE-02-7W-LED.rar
Periscope,,,,,,,,,,,,,,,,,,,,Periscope 02 7W Asymmetric,601603.30.AS.02.D,Anthracite Grey RAL 7016,images/periscope/periscope-02-7w-anthracite-grey.jpg,3000K,,DALI,IP65,IK10,,Asymmetric downward light · 180 × 140 × 500mm,7W,805lm,115lm/W,Asymmetric,Datasheet=images/periscope/datasheets/601603.30.AS.02.D.pdf;Installation=https://puk.it/wp-content/uploads/puk-files-2026/instructions/601601-601602-601603-601604-601605-601606-PERISCOPE-01-02-03-instructions.pdf;LDT=https://puk.it/wp-content/uploads/puk-files-2026/ldt/601603-PERISCOPE-02-7W-LED.rar
Periscope,,,,,,,,,,,,,,,,,,,,Periscope 02 7W Asymmetric,601603.40.AS.02.0,Anthracite Grey RAL 7016,images/periscope/periscope-02-7w-anthracite-grey.jpg,4000K,,On/Off,IP65,IK10,,Asymmetric downward light · 180 × 140 × 500mm,7W,847lm,121lm/W,Asymmetric,Datasheet=images/periscope/datasheets/601603.40.AS.02.0.pdf;Installation=https://puk.it/wp-content/uploads/puk-files-2026/instructions/601601-601602-601603-601604-601605-601606-PERISCOPE-01-02-03-instructions.pdf;LDT=https://puk.it/wp-content/uploads/puk-files-2026/ldt/601603-PERISCOPE-02-7W-LED.rar
Periscope,,,,,,,,,,,,,,,,,,,,Periscope 02 7W Asymmetric,601603.40.AS.02.1,Anthracite Grey RAL 7016,images/periscope/periscope-02-7w-anthracite-grey.jpg,4000K,,1-10V,IP65,IK10,,Asymmetric downward light · 180 × 140 × 500mm,7W,847lm,121lm/W,Asymmetric,Datasheet=images/periscope/datasheets/601603.40.AS.02.1.pdf;Installation=https://puk.it/wp-content/uploads/puk-files-2026/instructions/601601-601602-601603-601604-601605-601606-PERISCOPE-01-02-03-instructions.pdf;LDT=https://puk.it/wp-content/uploads/puk-files-2026/ldt/601603-PERISCOPE-02-7W-LED.rar
Periscope,,,,,,,,,,,,,,,,,,,,Periscope 02 7W Asymmetric,601603.40.AS.02.D,Anthracite Grey RAL 7016,images/periscope/periscope-02-7w-anthracite-grey.jpg,4000K,,DALI,IP65,IK10,,Asymmetric downward light · 180 × 140 × 500mm,7W,847lm,121lm/W,Asymmetric,Datasheet=images/periscope/datasheets/601603.40.AS.02.D.pdf;Installation=https://puk.it/wp-content/uploads/puk-files-2026/instructions/601601-601602-601603-601604-601605-601606-PERISCOPE-01-02-03-instructions.pdf;LDT=https://puk.it/wp-content/uploads/puk-files-2026/ldt/601603-PERISCOPE-02-7W-LED.rar
Periscope,,,,,,,,,,,,,,,,,,,,Periscope 02 14W Asymmetric,601604.30.AS.02.0,Anthracite Grey RAL 7016,images/periscope/periscope-02-14w-anthracite-grey.jpg,3000K,,On/Off,IP65,IK10,,Asymmetric downward light · 180 × 140 × 500mm,14W,1610lm,115lm/W,Asymmetric,Datasheet=images/periscope/datasheets/601604.30.AS.02.0.pdf;Installation=https://puk.it/wp-content/uploads/puk-files-2026/instructions/601601-601602-601603-601604-601605-601606-PERISCOPE-01-02-03-instructions.pdf;LDT=https://puk.it/wp-content/uploads/puk-files-2026/ldt/601604-PERISCOPE-02-14W-LED.rar;BIM=https://puk.it/wp-content/uploads/puk-files-2026/revit/601604-PERISCOPE-02.rfa
Periscope,,,,,,,,,,,,,,,,,,,,Periscope 02 14W Asymmetric,601604.30.AS.02.1,Anthracite Grey RAL 7016,images/periscope/periscope-02-14w-anthracite-grey.jpg,3000K,,1-10V,IP65,IK10,,Asymmetric downward light · 180 × 140 × 500mm,14W,1610lm,115lm/W,Asymmetric,Datasheet=images/periscope/datasheets/601604.30.AS.02.1.pdf;Installation=https://puk.it/wp-content/uploads/puk-files-2026/instructions/601601-601602-601603-601604-601605-601606-PERISCOPE-01-02-03-instructions.pdf;LDT=https://puk.it/wp-content/uploads/puk-files-2026/ldt/601604-PERISCOPE-02-14W-LED.rar;BIM=https://puk.it/wp-content/uploads/puk-files-2026/revit/601604-PERISCOPE-02.rfa
Periscope,,,,,,,,,,,,,,,,,,,,Periscope 02 14W Asymmetric,601604.30.AS.02.D,Anthracite Grey RAL 7016,images/periscope/periscope-02-14w-anthracite-grey.jpg,3000K,,DALI,IP65,IK10,,Asymmetric downward light · 180 × 140 × 500mm,14W,1610lm,115lm/W,Asymmetric,Datasheet=images/periscope/datasheets/601604.30.AS.02.D.pdf;Installation=https://puk.it/wp-content/uploads/puk-files-2026/instructions/601601-601602-601603-601604-601605-601606-PERISCOPE-01-02-03-instructions.pdf;LDT=https://puk.it/wp-content/uploads/puk-files-2026/ldt/601604-PERISCOPE-02-14W-LED.rar;BIM=https://puk.it/wp-content/uploads/puk-files-2026/revit/601604-PERISCOPE-02.rfa
Periscope,,,,,,,,,,,,,,,,,,,,Periscope 02 14W Asymmetric,601604.40.AS.02.0,Anthracite Grey RAL 7016,images/periscope/periscope-02-14w-anthracite-grey.jpg,4000K,,On/Off,IP65,IK10,,Asymmetric downward light · 180 × 140 × 500mm,14W,1694lm,121lm/W,Asymmetric,Datasheet=images/periscope/datasheets/601604.40.AS.02.0.pdf;Installation=https://puk.it/wp-content/uploads/puk-files-2026/instructions/601601-601602-601603-601604-601605-601606-PERISCOPE-01-02-03-instructions.pdf;LDT=https://puk.it/wp-content/uploads/puk-files-2026/ldt/601604-PERISCOPE-02-14W-LED.rar;BIM=https://puk.it/wp-content/uploads/puk-files-2026/revit/601604-PERISCOPE-02.rfa
Periscope,,,,,,,,,,,,,,,,,,,,Periscope 02 14W Asymmetric,601604.40.AS.02.1,Anthracite Grey RAL 7016,images/periscope/periscope-02-14w-anthracite-grey.jpg,4000K,,1-10V,IP65,IK10,,Asymmetric downward light · 180 × 140 × 500mm,14W,1694lm,121lm/W,Asymmetric,Datasheet=images/periscope/datasheets/601604.40.AS.02.1.pdf;Installation=https://puk.it/wp-content/uploads/puk-files-2026/instructions/601601-601602-601603-601604-601605-601606-PERISCOPE-01-02-03-instructions.pdf;LDT=https://puk.it/wp-content/uploads/puk-files-2026/ldt/601604-PERISCOPE-02-14W-LED.rar;BIM=https://puk.it/wp-content/uploads/puk-files-2026/revit/601604-PERISCOPE-02.rfa
Periscope,,,,,,,,,,,,,,,,,,,,Periscope 02 14W Asymmetric,601604.40.AS.02.D,Anthracite Grey RAL 7016,images/periscope/periscope-02-14w-anthracite-grey.jpg,4000K,,DALI,IP65,IK10,,Asymmetric downward light · 180 × 140 × 500mm,14W,1694lm,121lm/W,Asymmetric,Datasheet=images/periscope/datasheets/601604.40.AS.02.D.pdf;Installation=https://puk.it/wp-content/uploads/puk-files-2026/instructions/601601-601602-601603-601604-601605-601606-PERISCOPE-01-02-03-instructions.pdf;LDT=https://puk.it/wp-content/uploads/puk-files-2026/ldt/601604-PERISCOPE-02-14W-LED.rar;BIM=https://puk.it/wp-content/uploads/puk-files-2026/revit/601604-PERISCOPE-02.rfa
Periscope,,,,,,,,,,,,,,,,,,,,Periscope 02 7W Asymmetric,601603.30.AS.03.0,Matt Black,images/periscope/periscope-02-7w-matt-black.jpg,3000K,,On/Off,IP65,IK10,,Asymmetric downward light · 180 × 140 × 500mm,7W,805lm,115lm/W,Asymmetric,Datasheet=images/periscope/datasheets/601603.30.AS.03.0.pdf;Installation=https://puk.it/wp-content/uploads/puk-files-2026/instructions/601601-601602-601603-601604-601605-601606-PERISCOPE-01-02-03-instructions.pdf;LDT=https://puk.it/wp-content/uploads/puk-files-2026/ldt/601603-PERISCOPE-02-7W-LED.rar
Periscope,,,,,,,,,,,,,,,,,,,,Periscope 02 7W Asymmetric,601603.30.AS.03.1,Matt Black,images/periscope/periscope-02-7w-matt-black.jpg,3000K,,1-10V,IP65,IK10,,Asymmetric downward light · 180 × 140 × 500mm,7W,805lm,115lm/W,Asymmetric,Datasheet=images/periscope/datasheets/601603.30.AS.03.1.pdf;Installation=https://puk.it/wp-content/uploads/puk-files-2026/instructions/601601-601602-601603-601604-601605-601606-PERISCOPE-01-02-03-instructions.pdf;LDT=https://puk.it/wp-content/uploads/puk-files-2026/ldt/601603-PERISCOPE-02-7W-LED.rar
Periscope,,,,,,,,,,,,,,,,,,,,Periscope 02 7W Asymmetric,601603.30.AS.03.D,Matt Black,images/periscope/periscope-02-7w-matt-black.jpg,3000K,,DALI,IP65,IK10,,Asymmetric downward light · 180 × 140 × 500mm,7W,805lm,115lm/W,Asymmetric,Datasheet=images/periscope/datasheets/601603.30.AS.03.D.pdf;Installation=https://puk.it/wp-content/uploads/puk-files-2026/instructions/601601-601602-601603-601604-601605-601606-PERISCOPE-01-02-03-instructions.pdf;LDT=https://puk.it/wp-content/uploads/puk-files-2026/ldt/601603-PERISCOPE-02-7W-LED.rar
Periscope,,,,,,,,,,,,,,,,,,,,Periscope 02 7W Asymmetric,601603.40.AS.03.0,Matt Black,images/periscope/periscope-02-7w-matt-black.jpg,4000K,,On/Off,IP65,IK10,,Asymmetric downward light · 180 × 140 × 500mm,7W,847lm,121lm/W,Asymmetric,Datasheet=images/periscope/datasheets/601603.40.AS.03.0.pdf;Installation=https://puk.it/wp-content/uploads/puk-files-2026/instructions/601601-601602-601603-601604-601605-601606-PERISCOPE-01-02-03-instructions.pdf;LDT=https://puk.it/wp-content/uploads/puk-files-2026/ldt/601603-PERISCOPE-02-7W-LED.rar
Periscope,,,,,,,,,,,,,,,,,,,,Periscope 02 7W Asymmetric,601603.40.AS.03.1,Matt Black,images/periscope/periscope-02-7w-matt-black.jpg,4000K,,1-10V,IP65,IK10,,Asymmetric downward light · 180 × 140 × 500mm,7W,847lm,121lm/W,Asymmetric,Datasheet=images/periscope/datasheets/601603.40.AS.03.1.pdf;Installation=https://puk.it/wp-content/uploads/puk-files-2026/instructions/601601-601602-601603-601604-601605-601606-PERISCOPE-01-02-03-instructions.pdf;LDT=https://puk.it/wp-content/uploads/puk-files-2026/ldt/601603-PERISCOPE-02-7W-LED.rar
Periscope,,,,,,,,,,,,,,,,,,,,Periscope 02 7W Asymmetric,601603.40.AS.03.D,Matt Black,images/periscope/periscope-02-7w-matt-black.jpg,4000K,,DALI,IP65,IK10,,Asymmetric downward light · 180 × 140 × 500mm,7W,847lm,121lm/W,Asymmetric,Datasheet=images/periscope/datasheets/601603.40.AS.03.D.pdf;Installation=https://puk.it/wp-content/uploads/puk-files-2026/instructions/601601-601602-601603-601604-601605-601606-PERISCOPE-01-02-03-instructions.pdf;LDT=https://puk.it/wp-content/uploads/puk-files-2026/ldt/601603-PERISCOPE-02-7W-LED.rar
Periscope,,,,,,,,,,,,,,,,,,,,Periscope 02 14W Asymmetric,601604.30.AS.03.0,Matt Black,images/periscope/periscope-02-14w-matt-black.jpg,3000K,,On/Off,IP65,IK10,,Asymmetric downward light · 180 × 140 × 500mm,14W,1610lm,115lm/W,Asymmetric,Datasheet=images/periscope/datasheets/601604.30.AS.03.0.pdf;Installation=https://puk.it/wp-content/uploads/puk-files-2026/instructions/601601-601602-601603-601604-601605-601606-PERISCOPE-01-02-03-instructions.pdf;LDT=https://puk.it/wp-content/uploads/puk-files-2026/ldt/601604-PERISCOPE-02-14W-LED.rar;BIM=https://puk.it/wp-content/uploads/puk-files-2026/revit/601604-PERISCOPE-02.rfa
Periscope,,,,,,,,,,,,,,,,,,,,Periscope 02 14W Asymmetric,601604.30.AS.03.1,Matt Black,images/periscope/periscope-02-14w-matt-black.jpg,3000K,,1-10V,IP65,IK10,,Asymmetric downward light · 180 × 140 × 500mm,14W,1610lm,115lm/W,Asymmetric,Datasheet=images/periscope/datasheets/601604.30.AS.03.1.pdf;Installation=https://puk.it/wp-content/uploads/puk-files-2026/instructions/601601-601602-601603-601604-601605-601606-PERISCOPE-01-02-03-instructions.pdf;LDT=https://puk.it/wp-content/uploads/puk-files-2026/ldt/601604-PERISCOPE-02-14W-LED.rar;BIM=https://puk.it/wp-content/uploads/puk-files-2026/revit/601604-PERISCOPE-02.rfa
Periscope,,,,,,,,,,,,,,,,,,,,Periscope 02 14W Asymmetric,601604.30.AS.03.D,Matt Black,images/periscope/periscope-02-14w-matt-black.jpg,3000K,,DALI,IP65,IK10,,Asymmetric downward light · 180 × 140 × 500mm,14W,1610lm,115lm/W,Asymmetric,Datasheet=images/periscope/datasheets/601604.30.AS.03.D.pdf;Installation=https://puk.it/wp-content/uploads/puk-files-2026/instructions/601601-601602-601603-601604-601605-601606-PERISCOPE-01-02-03-instructions.pdf;LDT=https://puk.it/wp-content/uploads/puk-files-2026/ldt/601604-PERISCOPE-02-14W-LED.rar;BIM=https://puk.it/wp-content/uploads/puk-files-2026/revit/601604-PERISCOPE-02.rfa
Periscope,,,,,,,,,,,,,,,,,,,,Periscope 02 14W Asymmetric,601604.40.AS.03.0,Matt Black,images/periscope/periscope-02-14w-matt-black.jpg,4000K,,On/Off,IP65,IK10,,Asymmetric downward light · 180 × 140 × 500mm,14W,1694lm,121lm/W,Asymmetric,Datasheet=images/periscope/datasheets/601604.40.AS.03.0.pdf;Installation=https://puk.it/wp-content/uploads/puk-files-2026/instructions/601601-601602-601603-601604-601605-601606-PERISCOPE-01-02-03-instructions.pdf;LDT=https://puk.it/wp-content/uploads/puk-files-2026/ldt/601604-PERISCOPE-02-14W-LED.rar;BIM=https://puk.it/wp-content/uploads/puk-files-2026/revit/601604-PERISCOPE-02.rfa
Periscope,,,,,,,,,,,,,,,,,,,,Periscope 02 14W Asymmetric,601604.40.AS.03.1,Matt Black,images/periscope/periscope-02-14w-matt-black.jpg,4000K,,1-10V,IP65,IK10,,Asymmetric downward light · 180 × 140 × 500mm,14W,1694lm,121lm/W,Asymmetric,Datasheet=images/periscope/datasheets/601604.40.AS.03.1.pdf;Installation=https://puk.it/wp-content/uploads/puk-files-2026/instructions/601601-601602-601603-601604-601605-601606-PERISCOPE-01-02-03-instructions.pdf;LDT=https://puk.it/wp-content/uploads/puk-files-2026/ldt/601604-PERISCOPE-02-14W-LED.rar;BIM=https://puk.it/wp-content/uploads/puk-files-2026/revit/601604-PERISCOPE-02.rfa
Periscope,,,,,,,,,,,,,,,,,,,,Periscope 02 14W Asymmetric,601604.40.AS.03.D,Matt Black,images/periscope/periscope-02-14w-matt-black.jpg,4000K,,DALI,IP65,IK10,,Asymmetric downward light · 180 × 140 × 500mm,14W,1694lm,121lm/W,Asymmetric,Datasheet=images/periscope/datasheets/601604.40.AS.03.D.pdf;Installation=https://puk.it/wp-content/uploads/puk-files-2026/instructions/601601-601602-601603-601604-601605-601606-PERISCOPE-01-02-03-instructions.pdf;LDT=https://puk.it/wp-content/uploads/puk-files-2026/ldt/601604-PERISCOPE-02-14W-LED.rar;BIM=https://puk.it/wp-content/uploads/puk-files-2026/revit/601604-PERISCOPE-02.rfa
Periscope,,,,,,,,,,,,,,,,,,,,Periscope 03 7W Asymmetric,601605.30.AS.01.0,White Aluminium RAL 9006,images/periscope/periscope-03-7w-white-aluminium.jpg,3000K,,On/Off,IP65,IK10,,Asymmetric downward light · 180 × 140 × 750mm,7W,805lm,115lm/W,Asymmetric,Datasheet=images/periscope/datasheets/601605.30.AS.01.0.pdf;Installation=https://puk.it/wp-content/uploads/puk-files-2026/instructions/601601-601602-601603-601604-601605-601606-PERISCOPE-01-02-03-instructions.pdf;LDT=https://puk.it/wp-content/uploads/puk-files-2026/ldt/601605-PERISCOPE-03-7W-LED.rar
Periscope,,,,,,,,,,,,,,,,,,,,Periscope 03 7W Asymmetric,601605.30.AS.01.1,White Aluminium RAL 9006,images/periscope/periscope-03-7w-white-aluminium.jpg,3000K,,1-10V,IP65,IK10,,Asymmetric downward light · 180 × 140 × 750mm,7W,805lm,115lm/W,Asymmetric,Datasheet=images/periscope/datasheets/601605.30.AS.01.1.pdf;Installation=https://puk.it/wp-content/uploads/puk-files-2026/instructions/601601-601602-601603-601604-601605-601606-PERISCOPE-01-02-03-instructions.pdf;LDT=https://puk.it/wp-content/uploads/puk-files-2026/ldt/601605-PERISCOPE-03-7W-LED.rar
Periscope,,,,,,,,,,,,,,,,,,,,Periscope 03 7W Asymmetric,601605.30.AS.01.D,White Aluminium RAL 9006,images/periscope/periscope-03-7w-white-aluminium.jpg,3000K,,DALI,IP65,IK10,,Asymmetric downward light · 180 × 140 × 750mm,7W,805lm,115lm/W,Asymmetric,Datasheet=images/periscope/datasheets/601605.30.AS.01.D.pdf;Installation=https://puk.it/wp-content/uploads/puk-files-2026/instructions/601601-601602-601603-601604-601605-601606-PERISCOPE-01-02-03-instructions.pdf;LDT=https://puk.it/wp-content/uploads/puk-files-2026/ldt/601605-PERISCOPE-03-7W-LED.rar
Periscope,,,,,,,,,,,,,,,,,,,,Periscope 03 7W Asymmetric,601605.40.AS.01.0,White Aluminium RAL 9006,images/periscope/periscope-03-7w-white-aluminium.jpg,4000K,,On/Off,IP65,IK10,,Asymmetric downward light · 180 × 140 × 750mm,7W,847lm,121lm/W,Asymmetric,Datasheet=images/periscope/datasheets/601605.40.AS.01.0.pdf;Installation=https://puk.it/wp-content/uploads/puk-files-2026/instructions/601601-601602-601603-601604-601605-601606-PERISCOPE-01-02-03-instructions.pdf;LDT=https://puk.it/wp-content/uploads/puk-files-2026/ldt/601605-PERISCOPE-03-7W-LED.rar
Periscope,,,,,,,,,,,,,,,,,,,,Periscope 03 7W Asymmetric,601605.40.AS.01.1,White Aluminium RAL 9006,images/periscope/periscope-03-7w-white-aluminium.jpg,4000K,,1-10V,IP65,IK10,,Asymmetric downward light · 180 × 140 × 750mm,7W,847lm,121lm/W,Asymmetric,Datasheet=images/periscope/datasheets/601605.40.AS.01.1.pdf;Installation=https://puk.it/wp-content/uploads/puk-files-2026/instructions/601601-601602-601603-601604-601605-601606-PERISCOPE-01-02-03-instructions.pdf;LDT=https://puk.it/wp-content/uploads/puk-files-2026/ldt/601605-PERISCOPE-03-7W-LED.rar
Periscope,,,,,,,,,,,,,,,,,,,,Periscope 03 7W Asymmetric,601605.40.AS.01.D,White Aluminium RAL 9006,images/periscope/periscope-03-7w-white-aluminium.jpg,4000K,,DALI,IP65,IK10,,Asymmetric downward light · 180 × 140 × 750mm,7W,847lm,121lm/W,Asymmetric,Datasheet=images/periscope/datasheets/601605.40.AS.01.D.pdf;Installation=https://puk.it/wp-content/uploads/puk-files-2026/instructions/601601-601602-601603-601604-601605-601606-PERISCOPE-01-02-03-instructions.pdf;LDT=https://puk.it/wp-content/uploads/puk-files-2026/ldt/601605-PERISCOPE-03-7W-LED.rar
Periscope,,,,,,,,,,,,,,,,,,,,Periscope 03 14W Asymmetric,601606.30.AS.01.0,White Aluminium RAL 9006,images/periscope/periscope-03-14w-white-aluminium.jpg,3000K,,On/Off,IP65,IK10,,Asymmetric downward light · 180 × 140 × 750mm,14W,1610lm,115lm/W,Asymmetric,Datasheet=images/periscope/datasheets/601606.30.AS.01.0.pdf;Installation=https://puk.it/wp-content/uploads/puk-files-2026/instructions/601601-601602-601603-601604-601605-601606-PERISCOPE-01-02-03-instructions.pdf;LDT=https://puk.it/wp-content/uploads/puk-files-2026/ldt/601606-PERISCOPE-03-14W-LED.rar;BIM=https://puk.it/wp-content/uploads/puk-files-2026/revit/601606-PERISCOPE-03.rfa
Periscope,,,,,,,,,,,,,,,,,,,,Periscope 03 14W Asymmetric,601606.30.AS.01.1,White Aluminium RAL 9006,images/periscope/periscope-03-14w-white-aluminium.jpg,3000K,,1-10V,IP65,IK10,,Asymmetric downward light · 180 × 140 × 750mm,14W,1610lm,115lm/W,Asymmetric,Datasheet=images/periscope/datasheets/601606.30.AS.01.1.pdf;Installation=https://puk.it/wp-content/uploads/puk-files-2026/instructions/601601-601602-601603-601604-601605-601606-PERISCOPE-01-02-03-instructions.pdf;LDT=https://puk.it/wp-content/uploads/puk-files-2026/ldt/601606-PERISCOPE-03-14W-LED.rar;BIM=https://puk.it/wp-content/uploads/puk-files-2026/revit/601606-PERISCOPE-03.rfa
Periscope,,,,,,,,,,,,,,,,,,,,Periscope 03 14W Asymmetric,601606.30.AS.01.D,White Aluminium RAL 9006,images/periscope/periscope-03-14w-white-aluminium.jpg,3000K,,DALI,IP65,IK10,,Asymmetric downward light · 180 × 140 × 750mm,14W,1610lm,115lm/W,Asymmetric,Datasheet=images/periscope/datasheets/601606.30.AS.01.D.pdf;Installation=https://puk.it/wp-content/uploads/puk-files-2026/instructions/601601-601602-601603-601604-601605-601606-PERISCOPE-01-02-03-instructions.pdf;LDT=https://puk.it/wp-content/uploads/puk-files-2026/ldt/601606-PERISCOPE-03-14W-LED.rar;BIM=https://puk.it/wp-content/uploads/puk-files-2026/revit/601606-PERISCOPE-03.rfa
Periscope,,,,,,,,,,,,,,,,,,,,Periscope 03 14W Asymmetric,601606.40.AS.01.0,White Aluminium RAL 9006,images/periscope/periscope-03-14w-white-aluminium.jpg,4000K,,On/Off,IP65,IK10,,Asymmetric downward light · 180 × 140 × 750mm,14W,1694lm,121lm/W,Asymmetric,Datasheet=images/periscope/datasheets/601606.40.AS.01.0.pdf;Installation=https://puk.it/wp-content/uploads/puk-files-2026/instructions/601601-601602-601603-601604-601605-601606-PERISCOPE-01-02-03-instructions.pdf;LDT=https://puk.it/wp-content/uploads/puk-files-2026/ldt/601606-PERISCOPE-03-14W-LED.rar;BIM=https://puk.it/wp-content/uploads/puk-files-2026/revit/601606-PERISCOPE-03.rfa
Periscope,,,,,,,,,,,,,,,,,,,,Periscope 03 14W Asymmetric,601606.40.AS.01.1,White Aluminium RAL 9006,images/periscope/periscope-03-14w-white-aluminium.jpg,4000K,,1-10V,IP65,IK10,,Asymmetric downward light · 180 × 140 × 750mm,14W,1694lm,121lm/W,Asymmetric,Datasheet=images/periscope/datasheets/601606.40.AS.01.1.pdf;Installation=https://puk.it/wp-content/uploads/puk-files-2026/instructions/601601-601602-601603-601604-601605-601606-PERISCOPE-01-02-03-instructions.pdf;LDT=https://puk.it/wp-content/uploads/puk-files-2026/ldt/601606-PERISCOPE-03-14W-LED.rar;BIM=https://puk.it/wp-content/uploads/puk-files-2026/revit/601606-PERISCOPE-03.rfa
Periscope,,,,,,,,,,,,,,,,,,,,Periscope 03 14W Asymmetric,601606.40.AS.01.D,White Aluminium RAL 9006,images/periscope/periscope-03-14w-white-aluminium.jpg,4000K,,DALI,IP65,IK10,,Asymmetric downward light · 180 × 140 × 750mm,14W,1694lm,121lm/W,Asymmetric,Datasheet=images/periscope/datasheets/601606.40.AS.01.D.pdf;Installation=https://puk.it/wp-content/uploads/puk-files-2026/instructions/601601-601602-601603-601604-601605-601606-PERISCOPE-01-02-03-instructions.pdf;LDT=https://puk.it/wp-content/uploads/puk-files-2026/ldt/601606-PERISCOPE-03-14W-LED.rar;BIM=https://puk.it/wp-content/uploads/puk-files-2026/revit/601606-PERISCOPE-03.rfa
Periscope,,,,,,,,,,,,,,,,,,,,Periscope 03 7W Asymmetric,601605.30.AS.02.0,Anthracite Grey RAL 7016,images/periscope/periscope-03-7w-anthracite-grey.jpg,3000K,,On/Off,IP65,IK10,,Asymmetric downward light · 180 × 140 × 750mm,7W,805lm,115lm/W,Asymmetric,Datasheet=images/periscope/datasheets/601605.30.AS.02.0.pdf;Installation=https://puk.it/wp-content/uploads/puk-files-2026/instructions/601601-601602-601603-601604-601605-601606-PERISCOPE-01-02-03-instructions.pdf;LDT=https://puk.it/wp-content/uploads/puk-files-2026/ldt/601605-PERISCOPE-03-7W-LED.rar
Periscope,,,,,,,,,,,,,,,,,,,,Periscope 03 7W Asymmetric,601605.30.AS.02.1,Anthracite Grey RAL 7016,images/periscope/periscope-03-7w-anthracite-grey.jpg,3000K,,1-10V,IP65,IK10,,Asymmetric downward light · 180 × 140 × 750mm,7W,805lm,115lm/W,Asymmetric,Datasheet=images/periscope/datasheets/601605.30.AS.02.1.pdf;Installation=https://puk.it/wp-content/uploads/puk-files-2026/instructions/601601-601602-601603-601604-601605-601606-PERISCOPE-01-02-03-instructions.pdf;LDT=https://puk.it/wp-content/uploads/puk-files-2026/ldt/601605-PERISCOPE-03-7W-LED.rar
Periscope,,,,,,,,,,,,,,,,,,,,Periscope 03 7W Asymmetric,601605.30.AS.02.D,Anthracite Grey RAL 7016,images/periscope/periscope-03-7w-anthracite-grey.jpg,3000K,,DALI,IP65,IK10,,Asymmetric downward light · 180 × 140 × 750mm,7W,805lm,115lm/W,Asymmetric,Datasheet=images/periscope/datasheets/601605.30.AS.02.D.pdf;Installation=https://puk.it/wp-content/uploads/puk-files-2026/instructions/601601-601602-601603-601604-601605-601606-PERISCOPE-01-02-03-instructions.pdf;LDT=https://puk.it/wp-content/uploads/puk-files-2026/ldt/601605-PERISCOPE-03-7W-LED.rar
Periscope,,,,,,,,,,,,,,,,,,,,Periscope 03 7W Asymmetric,601605.40.AS.02.0,Anthracite Grey RAL 7016,images/periscope/periscope-03-7w-anthracite-grey.jpg,4000K,,On/Off,IP65,IK10,,Asymmetric downward light · 180 × 140 × 750mm,7W,847lm,121lm/W,Asymmetric,Datasheet=images/periscope/datasheets/601605.40.AS.02.0.pdf;Installation=https://puk.it/wp-content/uploads/puk-files-2026/instructions/601601-601602-601603-601604-601605-601606-PERISCOPE-01-02-03-instructions.pdf;LDT=https://puk.it/wp-content/uploads/puk-files-2026/ldt/601605-PERISCOPE-03-7W-LED.rar
Periscope,,,,,,,,,,,,,,,,,,,,Periscope 03 7W Asymmetric,601605.40.AS.02.1,Anthracite Grey RAL 7016,images/periscope/periscope-03-7w-anthracite-grey.jpg,4000K,,1-10V,IP65,IK10,,Asymmetric downward light · 180 × 140 × 750mm,7W,847lm,121lm/W,Asymmetric,Datasheet=images/periscope/datasheets/601605.40.AS.02.1.pdf;Installation=https://puk.it/wp-content/uploads/puk-files-2026/instructions/601601-601602-601603-601604-601605-601606-PERISCOPE-01-02-03-instructions.pdf;LDT=https://puk.it/wp-content/uploads/puk-files-2026/ldt/601605-PERISCOPE-03-7W-LED.rar
Periscope,,,,,,,,,,,,,,,,,,,,Periscope 03 7W Asymmetric,601605.40.AS.02.D,Anthracite Grey RAL 7016,images/periscope/periscope-03-7w-anthracite-grey.jpg,4000K,,DALI,IP65,IK10,,Asymmetric downward light · 180 × 140 × 750mm,7W,847lm,121lm/W,Asymmetric,Datasheet=images/periscope/datasheets/601605.40.AS.02.D.pdf;Installation=https://puk.it/wp-content/uploads/puk-files-2026/instructions/601601-601602-601603-601604-601605-601606-PERISCOPE-01-02-03-instructions.pdf;LDT=https://puk.it/wp-content/uploads/puk-files-2026/ldt/601605-PERISCOPE-03-7W-LED.rar
Periscope,,,,,,,,,,,,,,,,,,,,Periscope 03 14W Asymmetric,601606.30.AS.02.0,Anthracite Grey RAL 7016,images/periscope/periscope-03-14w-anthracite-grey.jpg,3000K,,On/Off,IP65,IK10,,Asymmetric downward light · 180 × 140 × 750mm,14W,1610lm,115lm/W,Asymmetric,Datasheet=images/periscope/datasheets/601606.30.AS.02.0.pdf;Installation=https://puk.it/wp-content/uploads/puk-files-2026/instructions/601601-601602-601603-601604-601605-601606-PERISCOPE-01-02-03-instructions.pdf;LDT=https://puk.it/wp-content/uploads/puk-files-2026/ldt/601606-PERISCOPE-03-14W-LED.rar;BIM=https://puk.it/wp-content/uploads/puk-files-2026/revit/601606-PERISCOPE-03.rfa
Periscope,,,,,,,,,,,,,,,,,,,,Periscope 03 14W Asymmetric,601606.30.AS.02.1,Anthracite Grey RAL 7016,images/periscope/periscope-03-14w-anthracite-grey.jpg,3000K,,1-10V,IP65,IK10,,Asymmetric downward light · 180 × 140 × 750mm,14W,1610lm,115lm/W,Asymmetric,Datasheet=images/periscope/datasheets/601606.30.AS.02.1.pdf;Installation=https://puk.it/wp-content/uploads/puk-files-2026/instructions/601601-601602-601603-601604-601605-601606-PERISCOPE-01-02-03-instructions.pdf;LDT=https://puk.it/wp-content/uploads/puk-files-2026/ldt/601606-PERISCOPE-03-14W-LED.rar;BIM=https://puk.it/wp-content/uploads/puk-files-2026/revit/601606-PERISCOPE-03.rfa
Periscope,,,,,,,,,,,,,,,,,,,,Periscope 03 14W Asymmetric,601606.30.AS.02.D,Anthracite Grey RAL 7016,images/periscope/periscope-03-14w-anthracite-grey.jpg,3000K,,DALI,IP65,IK10,,Asymmetric downward light · 180 × 140 × 750mm,14W,1610lm,115lm/W,Asymmetric,Datasheet=images/periscope/datasheets/601606.30.AS.02.D.pdf;Installation=https://puk.it/wp-content/uploads/puk-files-2026/instructions/601601-601602-601603-601604-601605-601606-PERISCOPE-01-02-03-instructions.pdf;LDT=https://puk.it/wp-content/uploads/puk-files-2026/ldt/601606-PERISCOPE-03-14W-LED.rar;BIM=https://puk.it/wp-content/uploads/puk-files-2026/revit/601606-PERISCOPE-03.rfa
Periscope,,,,,,,,,,,,,,,,,,,,Periscope 03 14W Asymmetric,601606.40.AS.02.0,Anthracite Grey RAL 7016,images/periscope/periscope-03-14w-anthracite-grey.jpg,4000K,,On/Off,IP65,IK10,,Asymmetric downward light · 180 × 140 × 750mm,14W,1694lm,121lm/W,Asymmetric,Datasheet=images/periscope/datasheets/601606.40.AS.02.0.pdf;Installation=https://puk.it/wp-content/uploads/puk-files-2026/instructions/601601-601602-601603-601604-601605-601606-PERISCOPE-01-02-03-instructions.pdf;LDT=https://puk.it/wp-content/uploads/puk-files-2026/ldt/601606-PERISCOPE-03-14W-LED.rar;BIM=https://puk.it/wp-content/uploads/puk-files-2026/revit/601606-PERISCOPE-03.rfa
Periscope,,,,,,,,,,,,,,,,,,,,Periscope 03 14W Asymmetric,601606.40.AS.02.1,Anthracite Grey RAL 7016,images/periscope/periscope-03-14w-anthracite-grey.jpg,4000K,,1-10V,IP65,IK10,,Asymmetric downward light · 180 × 140 × 750mm,14W,1694lm,121lm/W,Asymmetric,Datasheet=images/periscope/datasheets/601606.40.AS.02.1.pdf;Installation=https://puk.it/wp-content/uploads/puk-files-2026/instructions/601601-601602-601603-601604-601605-601606-PERISCOPE-01-02-03-instructions.pdf;LDT=https://puk.it/wp-content/uploads/puk-files-2026/ldt/601606-PERISCOPE-03-14W-LED.rar;BIM=https://puk.it/wp-content/uploads/puk-files-2026/revit/601606-PERISCOPE-03.rfa
Periscope,,,,,,,,,,,,,,,,,,,,Periscope 03 14W Asymmetric,601606.40.AS.02.D,Anthracite Grey RAL 7016,images/periscope/periscope-03-14w-anthracite-grey.jpg,4000K,,DALI,IP65,IK10,,Asymmetric downward light · 180 × 140 × 750mm,14W,1694lm,121lm/W,Asymmetric,Datasheet=images/periscope/datasheets/601606.40.AS.02.D.pdf;Installation=https://puk.it/wp-content/uploads/puk-files-2026/instructions/601601-601602-601603-601604-601605-601606-PERISCOPE-01-02-03-instructions.pdf;LDT=https://puk.it/wp-content/uploads/puk-files-2026/ldt/601606-PERISCOPE-03-14W-LED.rar;BIM=https://puk.it/wp-content/uploads/puk-files-2026/revit/601606-PERISCOPE-03.rfa
Periscope,,,,,,,,,,,,,,,,,,,,Periscope 03 7W Asymmetric,601605.30.AS.03.0,Matt Black,images/periscope/periscope-03-7w-matt-black.jpg,3000K,,On/Off,IP65,IK10,,Asymmetric downward light · 180 × 140 × 750mm,7W,805lm,115lm/W,Asymmetric,Datasheet=images/periscope/datasheets/601605.30.AS.03.0.pdf;Installation=https://puk.it/wp-content/uploads/puk-files-2026/instructions/601601-601602-601603-601604-601605-601606-PERISCOPE-01-02-03-instructions.pdf;LDT=https://puk.it/wp-content/uploads/puk-files-2026/ldt/601605-PERISCOPE-03-7W-LED.rar
Periscope,,,,,,,,,,,,,,,,,,,,Periscope 03 7W Asymmetric,601605.30.AS.03.1,Matt Black,images/periscope/periscope-03-7w-matt-black.jpg,3000K,,1-10V,IP65,IK10,,Asymmetric downward light · 180 × 140 × 750mm,7W,805lm,115lm/W,Asymmetric,Datasheet=images/periscope/datasheets/601605.30.AS.03.1.pdf;Installation=https://puk.it/wp-content/uploads/puk-files-2026/instructions/601601-601602-601603-601604-601605-601606-PERISCOPE-01-02-03-instructions.pdf;LDT=https://puk.it/wp-content/uploads/puk-files-2026/ldt/601605-PERISCOPE-03-7W-LED.rar
Periscope,,,,,,,,,,,,,,,,,,,,Periscope 03 7W Asymmetric,601605.30.AS.03.D,Matt Black,images/periscope/periscope-03-7w-matt-black.jpg,3000K,,DALI,IP65,IK10,,Asymmetric downward light · 180 × 140 × 750mm,7W,805lm,115lm/W,Asymmetric,Datasheet=images/periscope/datasheets/601605.30.AS.03.D.pdf;Installation=https://puk.it/wp-content/uploads/puk-files-2026/instructions/601601-601602-601603-601604-601605-601606-PERISCOPE-01-02-03-instructions.pdf;LDT=https://puk.it/wp-content/uploads/puk-files-2026/ldt/601605-PERISCOPE-03-7W-LED.rar
Periscope,,,,,,,,,,,,,,,,,,,,Periscope 03 7W Asymmetric,601605.40.AS.03.0,Matt Black,images/periscope/periscope-03-7w-matt-black.jpg,4000K,,On/Off,IP65,IK10,,Asymmetric downward light · 180 × 140 × 750mm,7W,847lm,121lm/W,Asymmetric,Datasheet=images/periscope/datasheets/601605.40.AS.03.0.pdf;Installation=https://puk.it/wp-content/uploads/puk-files-2026/instructions/601601-601602-601603-601604-601605-601606-PERISCOPE-01-02-03-instructions.pdf;LDT=https://puk.it/wp-content/uploads/puk-files-2026/ldt/601605-PERISCOPE-03-7W-LED.rar
Periscope,,,,,,,,,,,,,,,,,,,,Periscope 03 7W Asymmetric,601605.40.AS.03.1,Matt Black,images/periscope/periscope-03-7w-matt-black.jpg,4000K,,1-10V,IP65,IK10,,Asymmetric downward light · 180 × 140 × 750mm,7W,847lm,121lm/W,Asymmetric,Datasheet=images/periscope/datasheets/601605.40.AS.03.1.pdf;Installation=https://puk.it/wp-content/uploads/puk-files-2026/instructions/601601-601602-601603-601604-601605-601606-PERISCOPE-01-02-03-instructions.pdf;LDT=https://puk.it/wp-content/uploads/puk-files-2026/ldt/601605-PERISCOPE-03-7W-LED.rar
Periscope,,,,,,,,,,,,,,,,,,,,Periscope 03 7W Asymmetric,601605.40.AS.03.D,Matt Black,images/periscope/periscope-03-7w-matt-black.jpg,4000K,,DALI,IP65,IK10,,Asymmetric downward light · 180 × 140 × 750mm,7W,847lm,121lm/W,Asymmetric,Datasheet=images/periscope/datasheets/601605.40.AS.03.D.pdf;Installation=https://puk.it/wp-content/uploads/puk-files-2026/instructions/601601-601602-601603-601604-601605-601606-PERISCOPE-01-02-03-instructions.pdf;LDT=https://puk.it/wp-content/uploads/puk-files-2026/ldt/601605-PERISCOPE-03-7W-LED.rar
Periscope,,,,,,,,,,,,,,,,,,,,Periscope 03 14W Asymmetric,601606.30.AS.03.0,Matt Black,images/periscope/periscope-03-14w-matt-black.jpg,3000K,,On/Off,IP65,IK10,,Asymmetric downward light · 180 × 140 × 750mm,14W,1610lm,115lm/W,Asymmetric,Datasheet=images/periscope/datasheets/601606.30.AS.03.0.pdf;Installation=https://puk.it/wp-content/uploads/puk-files-2026/instructions/601601-601602-601603-601604-601605-601606-PERISCOPE-01-02-03-instructions.pdf;LDT=https://puk.it/wp-content/uploads/puk-files-2026/ldt/601606-PERISCOPE-03-14W-LED.rar;BIM=https://puk.it/wp-content/uploads/puk-files-2026/revit/601606-PERISCOPE-03.rfa
Periscope,,,,,,,,,,,,,,,,,,,,Periscope 03 14W Asymmetric,601606.30.AS.03.1,Matt Black,images/periscope/periscope-03-14w-matt-black.jpg,3000K,,1-10V,IP65,IK10,,Asymmetric downward light · 180 × 140 × 750mm,14W,1610lm,115lm/W,Asymmetric,Datasheet=images/periscope/datasheets/601606.30.AS.03.1.pdf;Installation=https://puk.it/wp-content/uploads/puk-files-2026/instructions/601601-601602-601603-601604-601605-601606-PERISCOPE-01-02-03-instructions.pdf;LDT=https://puk.it/wp-content/uploads/puk-files-2026/ldt/601606-PERISCOPE-03-14W-LED.rar;BIM=https://puk.it/wp-content/uploads/puk-files-2026/revit/601606-PERISCOPE-03.rfa
Periscope,,,,,,,,,,,,,,,,,,,,Periscope 03 14W Asymmetric,601606.30.AS.03.D,Matt Black,images/periscope/periscope-03-14w-matt-black.jpg,3000K,,DALI,IP65,IK10,,Asymmetric downward light · 180 × 140 × 750mm,14W,1610lm,115lm/W,Asymmetric,Datasheet=images/periscope/datasheets/601606.30.AS.03.D.pdf;Installation=https://puk.it/wp-content/uploads/puk-files-2026/instructions/601601-601602-601603-601604-601605-601606-PERISCOPE-01-02-03-instructions.pdf;LDT=https://puk.it/wp-content/uploads/puk-files-2026/ldt/601606-PERISCOPE-03-14W-LED.rar;BIM=https://puk.it/wp-content/uploads/puk-files-2026/revit/601606-PERISCOPE-03.rfa
Periscope,,,,,,,,,,,,,,,,,,,,Periscope 03 14W Asymmetric,601606.40.AS.03.0,Matt Black,images/periscope/periscope-03-14w-matt-black.jpg,4000K,,On/Off,IP65,IK10,,Asymmetric downward light · 180 × 140 × 750mm,14W,1694lm,121lm/W,Asymmetric,Datasheet=images/periscope/datasheets/601606.40.AS.03.0.pdf;Installation=https://puk.it/wp-content/uploads/puk-files-2026/instructions/601601-601602-601603-601604-601605-601606-PERISCOPE-01-02-03-instructions.pdf;LDT=https://puk.it/wp-content/uploads/puk-files-2026/ldt/601606-PERISCOPE-03-14W-LED.rar;BIM=https://puk.it/wp-content/uploads/puk-files-2026/revit/601606-PERISCOPE-03.rfa
Periscope,,,,,,,,,,,,,,,,,,,,Periscope 03 14W Asymmetric,601606.40.AS.03.1,Matt Black,images/periscope/periscope-03-14w-matt-black.jpg,4000K,,1-10V,IP65,IK10,,Asymmetric downward light · 180 × 140 × 750mm,14W,1694lm,121lm/W,Asymmetric,Datasheet=images/periscope/datasheets/601606.40.AS.03.1.pdf;Installation=https://puk.it/wp-content/uploads/puk-files-2026/instructions/601601-601602-601603-601604-601605-601606-PERISCOPE-01-02-03-instructions.pdf;LDT=https://puk.it/wp-content/uploads/puk-files-2026/ldt/601606-PERISCOPE-03-14W-LED.rar;BIM=https://puk.it/wp-content/uploads/puk-files-2026/revit/601606-PERISCOPE-03.rfa
Periscope,,,,,,,,,,,,,,,,,,,,Periscope 03 14W Asymmetric,601606.40.AS.03.D,Matt Black,images/periscope/periscope-03-14w-matt-black.jpg,4000K,,DALI,IP65,IK10,,Asymmetric downward light · 180 × 140 × 750mm,14W,1694lm,121lm/W,Asymmetric,Datasheet=images/periscope/datasheets/601606.40.AS.03.D.pdf;Installation=https://puk.it/wp-content/uploads/puk-files-2026/instructions/601601-601602-601603-601604-601605-601606-PERISCOPE-01-02-03-instructions.pdf;LDT=https://puk.it/wp-content/uploads/puk-files-2026/ldt/601606-PERISCOPE-03-14W-LED.rar;BIM=https://puk.it/wp-content/uploads/puk-files-2026/revit/601606-PERISCOPE-03.rfa
Alder,PUK,Exterior,Bollard,"A slim pole bollard with a flared 360° head, designed by Nava + Arosio.","Alder is a slim bollard by Nava + Arosio: a 70mm pole topped by a flared 203mm die-cast head that spreads light all around it. It comes in 400, 800 and 1000mm heights, all at 20W and up to 1650 lumens, with the driver built in and a 1.5m cable fitted. An anchorage unit is available.","Surface-mounted pole bollard, head Ø203mm, pole Ø70mm. Heights 400 | 800 | 1000mm. 360° light. Die-cast aluminium head and extruded pole, phospho-chromatised and polyester powder coated. Tempered safety glass. Moulded silicone gasket and stainless steel screws. Built-in electronic LED driver 220–240V 50/60Hz. CREE XH-G LEDs. 1.5m power cable included. PG11 cable gland. IP66. IK09. Class II. Anchorage unit AC065 ordered separately. Designed by Nava + Arosio.",2700K | 3000K | 4000K,,On/Off | 1-10V | DALI,IP66,IK09,White Aluminium RAL 9006 | Anthracite Grey RAL 7016 | Black RAL 9005,bollard,,images/alder/alder-thumb.jpg;images/alder/alder-dimensions-400.png;images/alder/alder-dimensions-800.png;images/alder/alder-dimensions-1000.png,,,images/alder/alder-dimensions-400.png,400 Ø203 × 400mm · 800 Ø203 × 800mm · 1000 Ø203 × 1000mm,Alder 400 20W 360°,602201.27.AL.01.0,White Aluminium RAL 9006,images/alder/alder-400-white-aluminium.jpg,2700K,,On/Off,IP66,IK09,,360° emission · Ø203 × 400mm,20W,1520lm,76lm/W,360°,Datasheet=images/alder/datasheets/602201.27.AL.01.0.pdf;Installation=https://puk.it/wp-content/uploads/puk-files-2026/instructions/602201-602202-602203-ALDER-400-800-1000-INSTRUCTIONS.pdf;LDT=https://puk.it/wp-content/uploads/2021/02/602201-ALDER-400.rar;BIM=https://puk.it/wp-content/uploads/puk-files-2026/revit/602201-ALDER-400.rfa
Alder,,,,,,,,,,,,,,,,,,,,Alder 400 20W 360°,602201.27.AL.01.1,White Aluminium RAL 9006,images/alder/alder-400-white-aluminium.jpg,2700K,,1-10V,IP66,IK09,,360° emission · Ø203 × 400mm,20W,1520lm,76lm/W,360°,Datasheet=images/alder/datasheets/602201.27.AL.01.1.pdf;Installation=https://puk.it/wp-content/uploads/puk-files-2026/instructions/602201-602202-602203-ALDER-400-800-1000-INSTRUCTIONS.pdf;LDT=https://puk.it/wp-content/uploads/2021/02/602201-ALDER-400.rar;BIM=https://puk.it/wp-content/uploads/puk-files-2026/revit/602201-ALDER-400.rfa
Alder,,,,,,,,,,,,,,,,,,,,Alder 400 20W 360°,602201.27.AL.01.D,White Aluminium RAL 9006,images/alder/alder-400-white-aluminium.jpg,2700K,,DALI,IP66,IK09,,360° emission · Ø203 × 400mm,20W,1520lm,76lm/W,360°,Datasheet=images/alder/datasheets/602201.27.AL.01.D.pdf;Installation=https://puk.it/wp-content/uploads/puk-files-2026/instructions/602201-602202-602203-ALDER-400-800-1000-INSTRUCTIONS.pdf;LDT=https://puk.it/wp-content/uploads/2021/02/602201-ALDER-400.rar;BIM=https://puk.it/wp-content/uploads/puk-files-2026/revit/602201-ALDER-400.rfa
Alder,,,,,,,,,,,,,,,,,,,,Alder 400 20W 360°,602201.30.AL.01.0,White Aluminium RAL 9006,images/alder/alder-400-white-aluminium.jpg,3000K,,On/Off,IP66,IK09,,360° emission · Ø203 × 400mm,20W,1600lm,80lm/W,360°,Datasheet=images/alder/datasheets/602201.30.AL.01.0.pdf;Installation=https://puk.it/wp-content/uploads/puk-files-2026/instructions/602201-602202-602203-ALDER-400-800-1000-INSTRUCTIONS.pdf;LDT=https://puk.it/wp-content/uploads/2021/02/602201-ALDER-400.rar;BIM=https://puk.it/wp-content/uploads/puk-files-2026/revit/602201-ALDER-400.rfa
Alder,,,,,,,,,,,,,,,,,,,,Alder 400 20W 360°,602201.30.AL.01.1,White Aluminium RAL 9006,images/alder/alder-400-white-aluminium.jpg,3000K,,1-10V,IP66,IK09,,360° emission · Ø203 × 400mm,20W,1600lm,80lm/W,360°,Datasheet=images/alder/datasheets/602201.30.AL.01.1.pdf;Installation=https://puk.it/wp-content/uploads/puk-files-2026/instructions/602201-602202-602203-ALDER-400-800-1000-INSTRUCTIONS.pdf;LDT=https://puk.it/wp-content/uploads/2021/02/602201-ALDER-400.rar;BIM=https://puk.it/wp-content/uploads/puk-files-2026/revit/602201-ALDER-400.rfa
Alder,,,,,,,,,,,,,,,,,,,,Alder 400 20W 360°,602201.30.AL.01.D,White Aluminium RAL 9006,images/alder/alder-400-white-aluminium.jpg,3000K,,DALI,IP66,IK09,,360° emission · Ø203 × 400mm,20W,1600lm,80lm/W,360°,Datasheet=images/alder/datasheets/602201.30.AL.01.D.pdf;Installation=https://puk.it/wp-content/uploads/puk-files-2026/instructions/602201-602202-602203-ALDER-400-800-1000-INSTRUCTIONS.pdf;LDT=https://puk.it/wp-content/uploads/2021/02/602201-ALDER-400.rar;BIM=https://puk.it/wp-content/uploads/puk-files-2026/revit/602201-ALDER-400.rfa
Alder,,,,,,,,,,,,,,,,,,,,Alder 400 20W 360°,602201.40.AL.01.0,White Aluminium RAL 9006,images/alder/alder-400-white-aluminium.jpg,4000K,,On/Off,IP66,IK09,,360° emission · Ø203 × 400mm,20W,1650lm,82lm/W,360°,Datasheet=images/alder/datasheets/602201.40.AL.01.0.pdf;Installation=https://puk.it/wp-content/uploads/puk-files-2026/instructions/602201-602202-602203-ALDER-400-800-1000-INSTRUCTIONS.pdf;LDT=https://puk.it/wp-content/uploads/2021/02/602201-ALDER-400.rar;BIM=https://puk.it/wp-content/uploads/puk-files-2026/revit/602201-ALDER-400.rfa
Alder,,,,,,,,,,,,,,,,,,,,Alder 400 20W 360°,602201.40.AL.01.1,White Aluminium RAL 9006,images/alder/alder-400-white-aluminium.jpg,4000K,,1-10V,IP66,IK09,,360° emission · Ø203 × 400mm,20W,1650lm,82lm/W,360°,Datasheet=images/alder/datasheets/602201.40.AL.01.1.pdf;Installation=https://puk.it/wp-content/uploads/puk-files-2026/instructions/602201-602202-602203-ALDER-400-800-1000-INSTRUCTIONS.pdf;LDT=https://puk.it/wp-content/uploads/2021/02/602201-ALDER-400.rar;BIM=https://puk.it/wp-content/uploads/puk-files-2026/revit/602201-ALDER-400.rfa
Alder,,,,,,,,,,,,,,,,,,,,Alder 400 20W 360°,602201.40.AL.01.D,White Aluminium RAL 9006,images/alder/alder-400-white-aluminium.jpg,4000K,,DALI,IP66,IK09,,360° emission · Ø203 × 400mm,20W,1650lm,82lm/W,360°,Datasheet=images/alder/datasheets/602201.40.AL.01.D.pdf;Installation=https://puk.it/wp-content/uploads/puk-files-2026/instructions/602201-602202-602203-ALDER-400-800-1000-INSTRUCTIONS.pdf;LDT=https://puk.it/wp-content/uploads/2021/02/602201-ALDER-400.rar;BIM=https://puk.it/wp-content/uploads/puk-files-2026/revit/602201-ALDER-400.rfa
Alder,,,,,,,,,,,,,,,,,,,,Alder 400 20W 360°,602201.27.AL.02.0,Anthracite Grey RAL 7016,images/alder/alder-400-anthracite-grey.jpg,2700K,,On/Off,IP66,IK09,,360° emission · Ø203 × 400mm,20W,1520lm,76lm/W,360°,Datasheet=images/alder/datasheets/602201.27.AL.02.0.pdf;Installation=https://puk.it/wp-content/uploads/puk-files-2026/instructions/602201-602202-602203-ALDER-400-800-1000-INSTRUCTIONS.pdf;LDT=https://puk.it/wp-content/uploads/2021/02/602201-ALDER-400.rar;BIM=https://puk.it/wp-content/uploads/puk-files-2026/revit/602201-ALDER-400.rfa
Alder,,,,,,,,,,,,,,,,,,,,Alder 400 20W 360°,602201.27.AL.02.1,Anthracite Grey RAL 7016,images/alder/alder-400-anthracite-grey.jpg,2700K,,1-10V,IP66,IK09,,360° emission · Ø203 × 400mm,20W,1520lm,76lm/W,360°,Datasheet=images/alder/datasheets/602201.27.AL.02.1.pdf;Installation=https://puk.it/wp-content/uploads/puk-files-2026/instructions/602201-602202-602203-ALDER-400-800-1000-INSTRUCTIONS.pdf;LDT=https://puk.it/wp-content/uploads/2021/02/602201-ALDER-400.rar;BIM=https://puk.it/wp-content/uploads/puk-files-2026/revit/602201-ALDER-400.rfa
Alder,,,,,,,,,,,,,,,,,,,,Alder 400 20W 360°,602201.27.AL.02.D,Anthracite Grey RAL 7016,images/alder/alder-400-anthracite-grey.jpg,2700K,,DALI,IP66,IK09,,360° emission · Ø203 × 400mm,20W,1520lm,76lm/W,360°,Datasheet=images/alder/datasheets/602201.27.AL.02.D.pdf;Installation=https://puk.it/wp-content/uploads/puk-files-2026/instructions/602201-602202-602203-ALDER-400-800-1000-INSTRUCTIONS.pdf;LDT=https://puk.it/wp-content/uploads/2021/02/602201-ALDER-400.rar;BIM=https://puk.it/wp-content/uploads/puk-files-2026/revit/602201-ALDER-400.rfa
Alder,,,,,,,,,,,,,,,,,,,,Alder 400 20W 360°,602201.30.AL.02.0,Anthracite Grey RAL 7016,images/alder/alder-400-anthracite-grey.jpg,3000K,,On/Off,IP66,IK09,,360° emission · Ø203 × 400mm,20W,1600lm,80lm/W,360°,Datasheet=images/alder/datasheets/602201.30.AL.02.0.pdf;Installation=https://puk.it/wp-content/uploads/puk-files-2026/instructions/602201-602202-602203-ALDER-400-800-1000-INSTRUCTIONS.pdf;LDT=https://puk.it/wp-content/uploads/2021/02/602201-ALDER-400.rar;BIM=https://puk.it/wp-content/uploads/puk-files-2026/revit/602201-ALDER-400.rfa
Alder,,,,,,,,,,,,,,,,,,,,Alder 400 20W 360°,602201.30.AL.02.1,Anthracite Grey RAL 7016,images/alder/alder-400-anthracite-grey.jpg,3000K,,1-10V,IP66,IK09,,360° emission · Ø203 × 400mm,20W,1600lm,80lm/W,360°,Datasheet=images/alder/datasheets/602201.30.AL.02.1.pdf;Installation=https://puk.it/wp-content/uploads/puk-files-2026/instructions/602201-602202-602203-ALDER-400-800-1000-INSTRUCTIONS.pdf;LDT=https://puk.it/wp-content/uploads/2021/02/602201-ALDER-400.rar;BIM=https://puk.it/wp-content/uploads/puk-files-2026/revit/602201-ALDER-400.rfa
Alder,,,,,,,,,,,,,,,,,,,,Alder 400 20W 360°,602201.30.AL.02.D,Anthracite Grey RAL 7016,images/alder/alder-400-anthracite-grey.jpg,3000K,,DALI,IP66,IK09,,360° emission · Ø203 × 400mm,20W,1600lm,80lm/W,360°,Datasheet=images/alder/datasheets/602201.30.AL.02.D.pdf;Installation=https://puk.it/wp-content/uploads/puk-files-2026/instructions/602201-602202-602203-ALDER-400-800-1000-INSTRUCTIONS.pdf;LDT=https://puk.it/wp-content/uploads/2021/02/602201-ALDER-400.rar;BIM=https://puk.it/wp-content/uploads/puk-files-2026/revit/602201-ALDER-400.rfa
Alder,,,,,,,,,,,,,,,,,,,,Alder 400 20W 360°,602201.40.AL.02.0,Anthracite Grey RAL 7016,images/alder/alder-400-anthracite-grey.jpg,4000K,,On/Off,IP66,IK09,,360° emission · Ø203 × 400mm,20W,1650lm,82lm/W,360°,Datasheet=images/alder/datasheets/602201.40.AL.02.0.pdf;Installation=https://puk.it/wp-content/uploads/puk-files-2026/instructions/602201-602202-602203-ALDER-400-800-1000-INSTRUCTIONS.pdf;LDT=https://puk.it/wp-content/uploads/2021/02/602201-ALDER-400.rar;BIM=https://puk.it/wp-content/uploads/puk-files-2026/revit/602201-ALDER-400.rfa
Alder,,,,,,,,,,,,,,,,,,,,Alder 400 20W 360°,602201.40.AL.02.1,Anthracite Grey RAL 7016,images/alder/alder-400-anthracite-grey.jpg,4000K,,1-10V,IP66,IK09,,360° emission · Ø203 × 400mm,20W,1650lm,82lm/W,360°,Datasheet=images/alder/datasheets/602201.40.AL.02.1.pdf;Installation=https://puk.it/wp-content/uploads/puk-files-2026/instructions/602201-602202-602203-ALDER-400-800-1000-INSTRUCTIONS.pdf;LDT=https://puk.it/wp-content/uploads/2021/02/602201-ALDER-400.rar;BIM=https://puk.it/wp-content/uploads/puk-files-2026/revit/602201-ALDER-400.rfa
Alder,,,,,,,,,,,,,,,,,,,,Alder 400 20W 360°,602201.40.AL.02.D,Anthracite Grey RAL 7016,images/alder/alder-400-anthracite-grey.jpg,4000K,,DALI,IP66,IK09,,360° emission · Ø203 × 400mm,20W,1650lm,82lm/W,360°,Datasheet=images/alder/datasheets/602201.40.AL.02.D.pdf;Installation=https://puk.it/wp-content/uploads/puk-files-2026/instructions/602201-602202-602203-ALDER-400-800-1000-INSTRUCTIONS.pdf;LDT=https://puk.it/wp-content/uploads/2021/02/602201-ALDER-400.rar;BIM=https://puk.it/wp-content/uploads/puk-files-2026/revit/602201-ALDER-400.rfa
Alder,,,,,,,,,,,,,,,,,,,,Alder 400 20W 360°,602201.27.AL.03.0,Black RAL 9005,images/alder/alder-400-black.jpg,2700K,,On/Off,IP66,IK09,,360° emission · Ø203 × 400mm,20W,1520lm,76lm/W,360°,Datasheet=images/alder/datasheets/602201.27.AL.03.0.pdf;Installation=https://puk.it/wp-content/uploads/puk-files-2026/instructions/602201-602202-602203-ALDER-400-800-1000-INSTRUCTIONS.pdf;LDT=https://puk.it/wp-content/uploads/2021/02/602201-ALDER-400.rar;BIM=https://puk.it/wp-content/uploads/puk-files-2026/revit/602201-ALDER-400.rfa
Alder,,,,,,,,,,,,,,,,,,,,Alder 400 20W 360°,602201.27.AL.03.1,Black RAL 9005,images/alder/alder-400-black.jpg,2700K,,1-10V,IP66,IK09,,360° emission · Ø203 × 400mm,20W,1520lm,76lm/W,360°,Datasheet=images/alder/datasheets/602201.27.AL.03.1.pdf;Installation=https://puk.it/wp-content/uploads/puk-files-2026/instructions/602201-602202-602203-ALDER-400-800-1000-INSTRUCTIONS.pdf;LDT=https://puk.it/wp-content/uploads/2021/02/602201-ALDER-400.rar;BIM=https://puk.it/wp-content/uploads/puk-files-2026/revit/602201-ALDER-400.rfa
Alder,,,,,,,,,,,,,,,,,,,,Alder 400 20W 360°,602201.27.AL.03.D,Black RAL 9005,images/alder/alder-400-black.jpg,2700K,,DALI,IP66,IK09,,360° emission · Ø203 × 400mm,20W,1520lm,76lm/W,360°,Datasheet=images/alder/datasheets/602201.27.AL.03.D.pdf;Installation=https://puk.it/wp-content/uploads/puk-files-2026/instructions/602201-602202-602203-ALDER-400-800-1000-INSTRUCTIONS.pdf;LDT=https://puk.it/wp-content/uploads/2021/02/602201-ALDER-400.rar;BIM=https://puk.it/wp-content/uploads/puk-files-2026/revit/602201-ALDER-400.rfa
Alder,,,,,,,,,,,,,,,,,,,,Alder 400 20W 360°,602201.30.AL.03.0,Black RAL 9005,images/alder/alder-400-black.jpg,3000K,,On/Off,IP66,IK09,,360° emission · Ø203 × 400mm,20W,1600lm,80lm/W,360°,Datasheet=images/alder/datasheets/602201.30.AL.03.0.pdf;Installation=https://puk.it/wp-content/uploads/puk-files-2026/instructions/602201-602202-602203-ALDER-400-800-1000-INSTRUCTIONS.pdf;LDT=https://puk.it/wp-content/uploads/2021/02/602201-ALDER-400.rar;BIM=https://puk.it/wp-content/uploads/puk-files-2026/revit/602201-ALDER-400.rfa
Alder,,,,,,,,,,,,,,,,,,,,Alder 400 20W 360°,602201.30.AL.03.1,Black RAL 9005,images/alder/alder-400-black.jpg,3000K,,1-10V,IP66,IK09,,360° emission · Ø203 × 400mm,20W,1600lm,80lm/W,360°,Datasheet=images/alder/datasheets/602201.30.AL.03.1.pdf;Installation=https://puk.it/wp-content/uploads/puk-files-2026/instructions/602201-602202-602203-ALDER-400-800-1000-INSTRUCTIONS.pdf;LDT=https://puk.it/wp-content/uploads/2021/02/602201-ALDER-400.rar;BIM=https://puk.it/wp-content/uploads/puk-files-2026/revit/602201-ALDER-400.rfa
Alder,,,,,,,,,,,,,,,,,,,,Alder 400 20W 360°,602201.30.AL.03.D,Black RAL 9005,images/alder/alder-400-black.jpg,3000K,,DALI,IP66,IK09,,360° emission · Ø203 × 400mm,20W,1600lm,80lm/W,360°,Datasheet=images/alder/datasheets/602201.30.AL.03.D.pdf;Installation=https://puk.it/wp-content/uploads/puk-files-2026/instructions/602201-602202-602203-ALDER-400-800-1000-INSTRUCTIONS.pdf;LDT=https://puk.it/wp-content/uploads/2021/02/602201-ALDER-400.rar;BIM=https://puk.it/wp-content/uploads/puk-files-2026/revit/602201-ALDER-400.rfa
Alder,,,,,,,,,,,,,,,,,,,,Alder 400 20W 360°,602201.40.AL.03.0,Black RAL 9005,images/alder/alder-400-black.jpg,4000K,,On/Off,IP66,IK09,,360° emission · Ø203 × 400mm,20W,1650lm,82lm/W,360°,Datasheet=images/alder/datasheets/602201.40.AL.03.0.pdf;Installation=https://puk.it/wp-content/uploads/puk-files-2026/instructions/602201-602202-602203-ALDER-400-800-1000-INSTRUCTIONS.pdf;LDT=https://puk.it/wp-content/uploads/2021/02/602201-ALDER-400.rar;BIM=https://puk.it/wp-content/uploads/puk-files-2026/revit/602201-ALDER-400.rfa
Alder,,,,,,,,,,,,,,,,,,,,Alder 400 20W 360°,602201.40.AL.03.1,Black RAL 9005,images/alder/alder-400-black.jpg,4000K,,1-10V,IP66,IK09,,360° emission · Ø203 × 400mm,20W,1650lm,82lm/W,360°,Datasheet=images/alder/datasheets/602201.40.AL.03.1.pdf;Installation=https://puk.it/wp-content/uploads/puk-files-2026/instructions/602201-602202-602203-ALDER-400-800-1000-INSTRUCTIONS.pdf;LDT=https://puk.it/wp-content/uploads/2021/02/602201-ALDER-400.rar;BIM=https://puk.it/wp-content/uploads/puk-files-2026/revit/602201-ALDER-400.rfa
Alder,,,,,,,,,,,,,,,,,,,,Alder 400 20W 360°,602201.40.AL.03.D,Black RAL 9005,images/alder/alder-400-black.jpg,4000K,,DALI,IP66,IK09,,360° emission · Ø203 × 400mm,20W,1650lm,82lm/W,360°,Datasheet=images/alder/datasheets/602201.40.AL.03.D.pdf;Installation=https://puk.it/wp-content/uploads/puk-files-2026/instructions/602201-602202-602203-ALDER-400-800-1000-INSTRUCTIONS.pdf;LDT=https://puk.it/wp-content/uploads/2021/02/602201-ALDER-400.rar;BIM=https://puk.it/wp-content/uploads/puk-files-2026/revit/602201-ALDER-400.rfa
Alder,,,,,,,,,,,,,,,,,,,,Alder 800 20W 360°,602202.27.AL.01.0,White Aluminium RAL 9006,images/alder/alder-800-white-aluminium.jpg,2700K,,On/Off,IP66,IK09,,360° emission · Ø203 × 800mm,20W,1520lm,76lm/W,360°,Datasheet=images/alder/datasheets/602202.27.AL.01.0.pdf;Installation=https://puk.it/wp-content/uploads/puk-files-2026/instructions/602201-602202-602203-ALDER-400-800-1000-INSTRUCTIONS.pdf;LDT=https://puk.it/wp-content/uploads/2021/02/602202-ALDER-800.rar;BIM=https://puk.it/wp-content/uploads/puk-files-2026/revit/602202-ALDER-800.rfa
Alder,,,,,,,,,,,,,,,,,,,,Alder 800 20W 360°,602202.27.AL.01.1,White Aluminium RAL 9006,images/alder/alder-800-white-aluminium.jpg,2700K,,1-10V,IP66,IK09,,360° emission · Ø203 × 800mm,20W,1520lm,76lm/W,360°,Datasheet=images/alder/datasheets/602202.27.AL.01.1.pdf;Installation=https://puk.it/wp-content/uploads/puk-files-2026/instructions/602201-602202-602203-ALDER-400-800-1000-INSTRUCTIONS.pdf;LDT=https://puk.it/wp-content/uploads/2021/02/602202-ALDER-800.rar;BIM=https://puk.it/wp-content/uploads/puk-files-2026/revit/602202-ALDER-800.rfa
Alder,,,,,,,,,,,,,,,,,,,,Alder 800 20W 360°,602202.27.AL.01.D,White Aluminium RAL 9006,images/alder/alder-800-white-aluminium.jpg,2700K,,DALI,IP66,IK09,,360° emission · Ø203 × 800mm,20W,1520lm,76lm/W,360°,Datasheet=images/alder/datasheets/602202.27.AL.01.D.pdf;Installation=https://puk.it/wp-content/uploads/puk-files-2026/instructions/602201-602202-602203-ALDER-400-800-1000-INSTRUCTIONS.pdf;LDT=https://puk.it/wp-content/uploads/2021/02/602202-ALDER-800.rar;BIM=https://puk.it/wp-content/uploads/puk-files-2026/revit/602202-ALDER-800.rfa
Alder,,,,,,,,,,,,,,,,,,,,Alder 800 20W 360°,602202.30.AL.01.0,White Aluminium RAL 9006,images/alder/alder-800-white-aluminium.jpg,3000K,,On/Off,IP66,IK09,,360° emission · Ø203 × 800mm,20W,1600lm,80lm/W,360°,Datasheet=images/alder/datasheets/602202.30.AL.01.0.pdf;Installation=https://puk.it/wp-content/uploads/puk-files-2026/instructions/602201-602202-602203-ALDER-400-800-1000-INSTRUCTIONS.pdf;LDT=https://puk.it/wp-content/uploads/2021/02/602202-ALDER-800.rar;BIM=https://puk.it/wp-content/uploads/puk-files-2026/revit/602202-ALDER-800.rfa
Alder,,,,,,,,,,,,,,,,,,,,Alder 800 20W 360°,602202.30.AL.01.1,White Aluminium RAL 9006,images/alder/alder-800-white-aluminium.jpg,3000K,,1-10V,IP66,IK09,,360° emission · Ø203 × 800mm,20W,1600lm,80lm/W,360°,Datasheet=images/alder/datasheets/602202.30.AL.01.1.pdf;Installation=https://puk.it/wp-content/uploads/puk-files-2026/instructions/602201-602202-602203-ALDER-400-800-1000-INSTRUCTIONS.pdf;LDT=https://puk.it/wp-content/uploads/2021/02/602202-ALDER-800.rar;BIM=https://puk.it/wp-content/uploads/puk-files-2026/revit/602202-ALDER-800.rfa
Alder,,,,,,,,,,,,,,,,,,,,Alder 800 20W 360°,602202.30.AL.01.D,White Aluminium RAL 9006,images/alder/alder-800-white-aluminium.jpg,3000K,,DALI,IP66,IK09,,360° emission · Ø203 × 800mm,20W,1600lm,80lm/W,360°,Datasheet=images/alder/datasheets/602202.30.AL.01.D.pdf;Installation=https://puk.it/wp-content/uploads/puk-files-2026/instructions/602201-602202-602203-ALDER-400-800-1000-INSTRUCTIONS.pdf;LDT=https://puk.it/wp-content/uploads/2021/02/602202-ALDER-800.rar;BIM=https://puk.it/wp-content/uploads/puk-files-2026/revit/602202-ALDER-800.rfa
Alder,,,,,,,,,,,,,,,,,,,,Alder 800 20W 360°,602202.40.AL.01.0,White Aluminium RAL 9006,images/alder/alder-800-white-aluminium.jpg,4000K,,On/Off,IP66,IK09,,360° emission · Ø203 × 800mm,20W,1650lm,82lm/W,360°,Datasheet=images/alder/datasheets/602202.40.AL.01.0.pdf;Installation=https://puk.it/wp-content/uploads/puk-files-2026/instructions/602201-602202-602203-ALDER-400-800-1000-INSTRUCTIONS.pdf;LDT=https://puk.it/wp-content/uploads/2021/02/602202-ALDER-800.rar;BIM=https://puk.it/wp-content/uploads/puk-files-2026/revit/602202-ALDER-800.rfa
Alder,,,,,,,,,,,,,,,,,,,,Alder 800 20W 360°,602202.40.AL.01.1,White Aluminium RAL 9006,images/alder/alder-800-white-aluminium.jpg,4000K,,1-10V,IP66,IK09,,360° emission · Ø203 × 800mm,20W,1650lm,82lm/W,360°,Datasheet=images/alder/datasheets/602202.40.AL.01.1.pdf;Installation=https://puk.it/wp-content/uploads/puk-files-2026/instructions/602201-602202-602203-ALDER-400-800-1000-INSTRUCTIONS.pdf;LDT=https://puk.it/wp-content/uploads/2021/02/602202-ALDER-800.rar;BIM=https://puk.it/wp-content/uploads/puk-files-2026/revit/602202-ALDER-800.rfa
Alder,,,,,,,,,,,,,,,,,,,,Alder 800 20W 360°,602202.40.AL.01.D,White Aluminium RAL 9006,images/alder/alder-800-white-aluminium.jpg,4000K,,DALI,IP66,IK09,,360° emission · Ø203 × 800mm,20W,1650lm,82lm/W,360°,Datasheet=images/alder/datasheets/602202.40.AL.01.D.pdf;Installation=https://puk.it/wp-content/uploads/puk-files-2026/instructions/602201-602202-602203-ALDER-400-800-1000-INSTRUCTIONS.pdf;LDT=https://puk.it/wp-content/uploads/2021/02/602202-ALDER-800.rar;BIM=https://puk.it/wp-content/uploads/puk-files-2026/revit/602202-ALDER-800.rfa
Alder,,,,,,,,,,,,,,,,,,,,Alder 800 20W 360°,602202.27.AL.02.0,Anthracite Grey RAL 7016,images/alder/alder-800-anthracite-grey.jpg,2700K,,On/Off,IP66,IK09,,360° emission · Ø203 × 800mm,20W,1520lm,76lm/W,360°,Datasheet=images/alder/datasheets/602202.27.AL.02.0.pdf;Installation=https://puk.it/wp-content/uploads/puk-files-2026/instructions/602201-602202-602203-ALDER-400-800-1000-INSTRUCTIONS.pdf;LDT=https://puk.it/wp-content/uploads/2021/02/602202-ALDER-800.rar;BIM=https://puk.it/wp-content/uploads/puk-files-2026/revit/602202-ALDER-800.rfa
Alder,,,,,,,,,,,,,,,,,,,,Alder 800 20W 360°,602202.27.AL.02.1,Anthracite Grey RAL 7016,images/alder/alder-800-anthracite-grey.jpg,2700K,,1-10V,IP66,IK09,,360° emission · Ø203 × 800mm,20W,1520lm,76lm/W,360°,Datasheet=images/alder/datasheets/602202.27.AL.02.1.pdf;Installation=https://puk.it/wp-content/uploads/puk-files-2026/instructions/602201-602202-602203-ALDER-400-800-1000-INSTRUCTIONS.pdf;LDT=https://puk.it/wp-content/uploads/2021/02/602202-ALDER-800.rar;BIM=https://puk.it/wp-content/uploads/puk-files-2026/revit/602202-ALDER-800.rfa
Alder,,,,,,,,,,,,,,,,,,,,Alder 800 20W 360°,602202.27.AL.02.D,Anthracite Grey RAL 7016,images/alder/alder-800-anthracite-grey.jpg,2700K,,DALI,IP66,IK09,,360° emission · Ø203 × 800mm,20W,1520lm,76lm/W,360°,Datasheet=images/alder/datasheets/602202.27.AL.02.D.pdf;Installation=https://puk.it/wp-content/uploads/puk-files-2026/instructions/602201-602202-602203-ALDER-400-800-1000-INSTRUCTIONS.pdf;LDT=https://puk.it/wp-content/uploads/2021/02/602202-ALDER-800.rar;BIM=https://puk.it/wp-content/uploads/puk-files-2026/revit/602202-ALDER-800.rfa
Alder,,,,,,,,,,,,,,,,,,,,Alder 800 20W 360°,602202.30.AL.02.0,Anthracite Grey RAL 7016,images/alder/alder-800-anthracite-grey.jpg,3000K,,On/Off,IP66,IK09,,360° emission · Ø203 × 800mm,20W,1600lm,80lm/W,360°,Datasheet=images/alder/datasheets/602202.30.AL.02.0.pdf;Installation=https://puk.it/wp-content/uploads/puk-files-2026/instructions/602201-602202-602203-ALDER-400-800-1000-INSTRUCTIONS.pdf;LDT=https://puk.it/wp-content/uploads/2021/02/602202-ALDER-800.rar;BIM=https://puk.it/wp-content/uploads/puk-files-2026/revit/602202-ALDER-800.rfa
Alder,,,,,,,,,,,,,,,,,,,,Alder 800 20W 360°,602202.30.AL.02.1,Anthracite Grey RAL 7016,images/alder/alder-800-anthracite-grey.jpg,3000K,,1-10V,IP66,IK09,,360° emission · Ø203 × 800mm,20W,1600lm,80lm/W,360°,Datasheet=images/alder/datasheets/602202.30.AL.02.1.pdf;Installation=https://puk.it/wp-content/uploads/puk-files-2026/instructions/602201-602202-602203-ALDER-400-800-1000-INSTRUCTIONS.pdf;LDT=https://puk.it/wp-content/uploads/2021/02/602202-ALDER-800.rar;BIM=https://puk.it/wp-content/uploads/puk-files-2026/revit/602202-ALDER-800.rfa
Alder,,,,,,,,,,,,,,,,,,,,Alder 800 20W 360°,602202.30.AL.02.D,Anthracite Grey RAL 7016,images/alder/alder-800-anthracite-grey.jpg,3000K,,DALI,IP66,IK09,,360° emission · Ø203 × 800mm,20W,1600lm,80lm/W,360°,Datasheet=images/alder/datasheets/602202.30.AL.02.D.pdf;Installation=https://puk.it/wp-content/uploads/puk-files-2026/instructions/602201-602202-602203-ALDER-400-800-1000-INSTRUCTIONS.pdf;LDT=https://puk.it/wp-content/uploads/2021/02/602202-ALDER-800.rar;BIM=https://puk.it/wp-content/uploads/puk-files-2026/revit/602202-ALDER-800.rfa
Alder,,,,,,,,,,,,,,,,,,,,Alder 800 20W 360°,602202.40.AL.02.0,Anthracite Grey RAL 7016,images/alder/alder-800-anthracite-grey.jpg,4000K,,On/Off,IP66,IK09,,360° emission · Ø203 × 800mm,20W,1650lm,82lm/W,360°,Datasheet=images/alder/datasheets/602202.40.AL.02.0.pdf;Installation=https://puk.it/wp-content/uploads/puk-files-2026/instructions/602201-602202-602203-ALDER-400-800-1000-INSTRUCTIONS.pdf;LDT=https://puk.it/wp-content/uploads/2021/02/602202-ALDER-800.rar;BIM=https://puk.it/wp-content/uploads/puk-files-2026/revit/602202-ALDER-800.rfa
Alder,,,,,,,,,,,,,,,,,,,,Alder 800 20W 360°,602202.40.AL.02.1,Anthracite Grey RAL 7016,images/alder/alder-800-anthracite-grey.jpg,4000K,,1-10V,IP66,IK09,,360° emission · Ø203 × 800mm,20W,1650lm,82lm/W,360°,Datasheet=images/alder/datasheets/602202.40.AL.02.1.pdf;Installation=https://puk.it/wp-content/uploads/puk-files-2026/instructions/602201-602202-602203-ALDER-400-800-1000-INSTRUCTIONS.pdf;LDT=https://puk.it/wp-content/uploads/2021/02/602202-ALDER-800.rar;BIM=https://puk.it/wp-content/uploads/puk-files-2026/revit/602202-ALDER-800.rfa
Alder,,,,,,,,,,,,,,,,,,,,Alder 800 20W 360°,602202.40.AL.02.D,Anthracite Grey RAL 7016,images/alder/alder-800-anthracite-grey.jpg,4000K,,DALI,IP66,IK09,,360° emission · Ø203 × 800mm,20W,1650lm,82lm/W,360°,Datasheet=images/alder/datasheets/602202.40.AL.02.D.pdf;Installation=https://puk.it/wp-content/uploads/puk-files-2026/instructions/602201-602202-602203-ALDER-400-800-1000-INSTRUCTIONS.pdf;LDT=https://puk.it/wp-content/uploads/2021/02/602202-ALDER-800.rar;BIM=https://puk.it/wp-content/uploads/puk-files-2026/revit/602202-ALDER-800.rfa
Alder,,,,,,,,,,,,,,,,,,,,Alder 800 20W 360°,602202.27.AL.03.0,Black RAL 9005,images/alder/alder-800-black.jpg,2700K,,On/Off,IP66,IK09,,360° emission · Ø203 × 800mm,20W,1520lm,76lm/W,360°,Datasheet=images/alder/datasheets/602202.27.AL.03.0.pdf;Installation=https://puk.it/wp-content/uploads/puk-files-2026/instructions/602201-602202-602203-ALDER-400-800-1000-INSTRUCTIONS.pdf;LDT=https://puk.it/wp-content/uploads/2021/02/602202-ALDER-800.rar;BIM=https://puk.it/wp-content/uploads/puk-files-2026/revit/602202-ALDER-800.rfa
Alder,,,,,,,,,,,,,,,,,,,,Alder 800 20W 360°,602202.27.AL.03.1,Black RAL 9005,images/alder/alder-800-black.jpg,2700K,,1-10V,IP66,IK09,,360° emission · Ø203 × 800mm,20W,1520lm,76lm/W,360°,Datasheet=images/alder/datasheets/602202.27.AL.03.1.pdf;Installation=https://puk.it/wp-content/uploads/puk-files-2026/instructions/602201-602202-602203-ALDER-400-800-1000-INSTRUCTIONS.pdf;LDT=https://puk.it/wp-content/uploads/2021/02/602202-ALDER-800.rar;BIM=https://puk.it/wp-content/uploads/puk-files-2026/revit/602202-ALDER-800.rfa
Alder,,,,,,,,,,,,,,,,,,,,Alder 800 20W 360°,602202.27.AL.03.D,Black RAL 9005,images/alder/alder-800-black.jpg,2700K,,DALI,IP66,IK09,,360° emission · Ø203 × 800mm,20W,1520lm,76lm/W,360°,Datasheet=images/alder/datasheets/602202.27.AL.03.D.pdf;Installation=https://puk.it/wp-content/uploads/puk-files-2026/instructions/602201-602202-602203-ALDER-400-800-1000-INSTRUCTIONS.pdf;LDT=https://puk.it/wp-content/uploads/2021/02/602202-ALDER-800.rar;BIM=https://puk.it/wp-content/uploads/puk-files-2026/revit/602202-ALDER-800.rfa
Alder,,,,,,,,,,,,,,,,,,,,Alder 800 20W 360°,602202.30.AL.03.0,Black RAL 9005,images/alder/alder-800-black.jpg,3000K,,On/Off,IP66,IK09,,360° emission · Ø203 × 800mm,20W,1600lm,80lm/W,360°,Datasheet=images/alder/datasheets/602202.30.AL.03.0.pdf;Installation=https://puk.it/wp-content/uploads/puk-files-2026/instructions/602201-602202-602203-ALDER-400-800-1000-INSTRUCTIONS.pdf;LDT=https://puk.it/wp-content/uploads/2021/02/602202-ALDER-800.rar;BIM=https://puk.it/wp-content/uploads/puk-files-2026/revit/602202-ALDER-800.rfa
Alder,,,,,,,,,,,,,,,,,,,,Alder 800 20W 360°,602202.30.AL.03.1,Black RAL 9005,images/alder/alder-800-black.jpg,3000K,,1-10V,IP66,IK09,,360° emission · Ø203 × 800mm,20W,1600lm,80lm/W,360°,Datasheet=images/alder/datasheets/602202.30.AL.03.1.pdf;Installation=https://puk.it/wp-content/uploads/puk-files-2026/instructions/602201-602202-602203-ALDER-400-800-1000-INSTRUCTIONS.pdf;LDT=https://puk.it/wp-content/uploads/2021/02/602202-ALDER-800.rar;BIM=https://puk.it/wp-content/uploads/puk-files-2026/revit/602202-ALDER-800.rfa
Alder,,,,,,,,,,,,,,,,,,,,Alder 800 20W 360°,602202.30.AL.03.D,Black RAL 9005,images/alder/alder-800-black.jpg,3000K,,DALI,IP66,IK09,,360° emission · Ø203 × 800mm,20W,1600lm,80lm/W,360°,Datasheet=images/alder/datasheets/602202.30.AL.03.D.pdf;Installation=https://puk.it/wp-content/uploads/puk-files-2026/instructions/602201-602202-602203-ALDER-400-800-1000-INSTRUCTIONS.pdf;LDT=https://puk.it/wp-content/uploads/2021/02/602202-ALDER-800.rar;BIM=https://puk.it/wp-content/uploads/puk-files-2026/revit/602202-ALDER-800.rfa
Alder,,,,,,,,,,,,,,,,,,,,Alder 800 20W 360°,602202.40.AL.03.0,Black RAL 9005,images/alder/alder-800-black.jpg,4000K,,On/Off,IP66,IK09,,360° emission · Ø203 × 800mm,20W,1650lm,82lm/W,360°,Datasheet=images/alder/datasheets/602202.40.AL.03.0.pdf;Installation=https://puk.it/wp-content/uploads/puk-files-2026/instructions/602201-602202-602203-ALDER-400-800-1000-INSTRUCTIONS.pdf;LDT=https://puk.it/wp-content/uploads/2021/02/602202-ALDER-800.rar;BIM=https://puk.it/wp-content/uploads/puk-files-2026/revit/602202-ALDER-800.rfa
Alder,,,,,,,,,,,,,,,,,,,,Alder 800 20W 360°,602202.40.AL.03.1,Black RAL 9005,images/alder/alder-800-black.jpg,4000K,,1-10V,IP66,IK09,,360° emission · Ø203 × 800mm,20W,1650lm,82lm/W,360°,Datasheet=images/alder/datasheets/602202.40.AL.03.1.pdf;Installation=https://puk.it/wp-content/uploads/puk-files-2026/instructions/602201-602202-602203-ALDER-400-800-1000-INSTRUCTIONS.pdf;LDT=https://puk.it/wp-content/uploads/2021/02/602202-ALDER-800.rar;BIM=https://puk.it/wp-content/uploads/puk-files-2026/revit/602202-ALDER-800.rfa
Alder,,,,,,,,,,,,,,,,,,,,Alder 800 20W 360°,602202.40.AL.03.D,Black RAL 9005,images/alder/alder-800-black.jpg,4000K,,DALI,IP66,IK09,,360° emission · Ø203 × 800mm,20W,1650lm,82lm/W,360°,Datasheet=images/alder/datasheets/602202.40.AL.03.D.pdf;Installation=https://puk.it/wp-content/uploads/puk-files-2026/instructions/602201-602202-602203-ALDER-400-800-1000-INSTRUCTIONS.pdf;LDT=https://puk.it/wp-content/uploads/2021/02/602202-ALDER-800.rar;BIM=https://puk.it/wp-content/uploads/puk-files-2026/revit/602202-ALDER-800.rfa
Alder,,,,,,,,,,,,,,,,,,,,Alder 1000 20W 360°,602203.27.AL.01.0,White Aluminium RAL 9006,images/alder/alder-1000-white-aluminium.jpg,2700K,,On/Off,IP66,IK09,,360° emission · Ø203 × 1000mm,20W,1520lm,76lm/W,360°,Datasheet=images/alder/datasheets/602203.27.AL.01.0.pdf;Installation=https://puk.it/wp-content/uploads/puk-files-2026/instructions/602201-602202-602203-ALDER-400-800-1000-INSTRUCTIONS.pdf;LDT=https://puk.it/wp-content/uploads/2021/02/602203-ALDER-1000.rar;BIM=https://puk.it/wp-content/uploads/puk-files-2026/revit/602203-ALDER-1000.rfa
Alder,,,,,,,,,,,,,,,,,,,,Alder 1000 20W 360°,602203.27.AL.01.1,White Aluminium RAL 9006,images/alder/alder-1000-white-aluminium.jpg,2700K,,1-10V,IP66,IK09,,360° emission · Ø203 × 1000mm,20W,1520lm,76lm/W,360°,Datasheet=images/alder/datasheets/602203.27.AL.01.1.pdf;Installation=https://puk.it/wp-content/uploads/puk-files-2026/instructions/602201-602202-602203-ALDER-400-800-1000-INSTRUCTIONS.pdf;LDT=https://puk.it/wp-content/uploads/2021/02/602203-ALDER-1000.rar;BIM=https://puk.it/wp-content/uploads/puk-files-2026/revit/602203-ALDER-1000.rfa
Alder,,,,,,,,,,,,,,,,,,,,Alder 1000 20W 360°,602203.27.AL.01.D,White Aluminium RAL 9006,images/alder/alder-1000-white-aluminium.jpg,2700K,,DALI,IP66,IK09,,360° emission · Ø203 × 1000mm,20W,1520lm,76lm/W,360°,Datasheet=images/alder/datasheets/602203.27.AL.01.D.pdf;Installation=https://puk.it/wp-content/uploads/puk-files-2026/instructions/602201-602202-602203-ALDER-400-800-1000-INSTRUCTIONS.pdf;LDT=https://puk.it/wp-content/uploads/2021/02/602203-ALDER-1000.rar;BIM=https://puk.it/wp-content/uploads/puk-files-2026/revit/602203-ALDER-1000.rfa
Alder,,,,,,,,,,,,,,,,,,,,Alder 1000 20W 360°,602203.30.AL.01.0,White Aluminium RAL 9006,images/alder/alder-1000-white-aluminium.jpg,3000K,,On/Off,IP66,IK09,,360° emission · Ø203 × 1000mm,20W,1600lm,80lm/W,360°,Datasheet=images/alder/datasheets/602203.30.AL.01.0.pdf;Installation=https://puk.it/wp-content/uploads/puk-files-2026/instructions/602201-602202-602203-ALDER-400-800-1000-INSTRUCTIONS.pdf;LDT=https://puk.it/wp-content/uploads/2021/02/602203-ALDER-1000.rar;BIM=https://puk.it/wp-content/uploads/puk-files-2026/revit/602203-ALDER-1000.rfa
Alder,,,,,,,,,,,,,,,,,,,,Alder 1000 20W 360°,602203.30.AL.01.1,White Aluminium RAL 9006,images/alder/alder-1000-white-aluminium.jpg,3000K,,1-10V,IP66,IK09,,360° emission · Ø203 × 1000mm,20W,1600lm,80lm/W,360°,Datasheet=images/alder/datasheets/602203.30.AL.01.1.pdf;Installation=https://puk.it/wp-content/uploads/puk-files-2026/instructions/602201-602202-602203-ALDER-400-800-1000-INSTRUCTIONS.pdf;LDT=https://puk.it/wp-content/uploads/2021/02/602203-ALDER-1000.rar;BIM=https://puk.it/wp-content/uploads/puk-files-2026/revit/602203-ALDER-1000.rfa
Alder,,,,,,,,,,,,,,,,,,,,Alder 1000 20W 360°,602203.30.AL.01.D,White Aluminium RAL 9006,images/alder/alder-1000-white-aluminium.jpg,3000K,,DALI,IP66,IK09,,360° emission · Ø203 × 1000mm,20W,1600lm,80lm/W,360°,Datasheet=images/alder/datasheets/602203.30.AL.01.D.pdf;Installation=https://puk.it/wp-content/uploads/puk-files-2026/instructions/602201-602202-602203-ALDER-400-800-1000-INSTRUCTIONS.pdf;LDT=https://puk.it/wp-content/uploads/2021/02/602203-ALDER-1000.rar;BIM=https://puk.it/wp-content/uploads/puk-files-2026/revit/602203-ALDER-1000.rfa
Alder,,,,,,,,,,,,,,,,,,,,Alder 1000 20W 360°,602203.40.AL.01.0,White Aluminium RAL 9006,images/alder/alder-1000-white-aluminium.jpg,4000K,,On/Off,IP66,IK09,,360° emission · Ø203 × 1000mm,20W,1650lm,82lm/W,360°,Datasheet=images/alder/datasheets/602203.40.AL.01.0.pdf;Installation=https://puk.it/wp-content/uploads/puk-files-2026/instructions/602201-602202-602203-ALDER-400-800-1000-INSTRUCTIONS.pdf;LDT=https://puk.it/wp-content/uploads/2021/02/602203-ALDER-1000.rar;BIM=https://puk.it/wp-content/uploads/puk-files-2026/revit/602203-ALDER-1000.rfa
Alder,,,,,,,,,,,,,,,,,,,,Alder 1000 20W 360°,602203.40.AL.01.1,White Aluminium RAL 9006,images/alder/alder-1000-white-aluminium.jpg,4000K,,1-10V,IP66,IK09,,360° emission · Ø203 × 1000mm,20W,1650lm,82lm/W,360°,Datasheet=images/alder/datasheets/602203.40.AL.01.1.pdf;Installation=https://puk.it/wp-content/uploads/puk-files-2026/instructions/602201-602202-602203-ALDER-400-800-1000-INSTRUCTIONS.pdf;LDT=https://puk.it/wp-content/uploads/2021/02/602203-ALDER-1000.rar;BIM=https://puk.it/wp-content/uploads/puk-files-2026/revit/602203-ALDER-1000.rfa
Alder,,,,,,,,,,,,,,,,,,,,Alder 1000 20W 360°,602203.40.AL.01.D,White Aluminium RAL 9006,images/alder/alder-1000-white-aluminium.jpg,4000K,,DALI,IP66,IK09,,360° emission · Ø203 × 1000mm,20W,1650lm,82lm/W,360°,Datasheet=images/alder/datasheets/602203.40.AL.01.D.pdf;Installation=https://puk.it/wp-content/uploads/puk-files-2026/instructions/602201-602202-602203-ALDER-400-800-1000-INSTRUCTIONS.pdf;LDT=https://puk.it/wp-content/uploads/2021/02/602203-ALDER-1000.rar;BIM=https://puk.it/wp-content/uploads/puk-files-2026/revit/602203-ALDER-1000.rfa
Alder,,,,,,,,,,,,,,,,,,,,Alder 1000 20W 360°,602203.27.AL.02.0,Anthracite Grey RAL 7016,images/alder/alder-1000-anthracite-grey.jpg,2700K,,On/Off,IP66,IK09,,360° emission · Ø203 × 1000mm,20W,1520lm,76lm/W,360°,Datasheet=images/alder/datasheets/602203.27.AL.02.0.pdf;Installation=https://puk.it/wp-content/uploads/puk-files-2026/instructions/602201-602202-602203-ALDER-400-800-1000-INSTRUCTIONS.pdf;LDT=https://puk.it/wp-content/uploads/2021/02/602203-ALDER-1000.rar;BIM=https://puk.it/wp-content/uploads/puk-files-2026/revit/602203-ALDER-1000.rfa
Alder,,,,,,,,,,,,,,,,,,,,Alder 1000 20W 360°,602203.27.AL.02.1,Anthracite Grey RAL 7016,images/alder/alder-1000-anthracite-grey.jpg,2700K,,1-10V,IP66,IK09,,360° emission · Ø203 × 1000mm,20W,1520lm,76lm/W,360°,Datasheet=images/alder/datasheets/602203.27.AL.02.1.pdf;Installation=https://puk.it/wp-content/uploads/puk-files-2026/instructions/602201-602202-602203-ALDER-400-800-1000-INSTRUCTIONS.pdf;LDT=https://puk.it/wp-content/uploads/2021/02/602203-ALDER-1000.rar;BIM=https://puk.it/wp-content/uploads/puk-files-2026/revit/602203-ALDER-1000.rfa
Alder,,,,,,,,,,,,,,,,,,,,Alder 1000 20W 360°,602203.27.AL.02.D,Anthracite Grey RAL 7016,images/alder/alder-1000-anthracite-grey.jpg,2700K,,DALI,IP66,IK09,,360° emission · Ø203 × 1000mm,20W,1520lm,76lm/W,360°,Datasheet=images/alder/datasheets/602203.27.AL.02.D.pdf;Installation=https://puk.it/wp-content/uploads/puk-files-2026/instructions/602201-602202-602203-ALDER-400-800-1000-INSTRUCTIONS.pdf;LDT=https://puk.it/wp-content/uploads/2021/02/602203-ALDER-1000.rar;BIM=https://puk.it/wp-content/uploads/puk-files-2026/revit/602203-ALDER-1000.rfa
Alder,,,,,,,,,,,,,,,,,,,,Alder 1000 20W 360°,602203.30.AL.02.0,Anthracite Grey RAL 7016,images/alder/alder-1000-anthracite-grey.jpg,3000K,,On/Off,IP66,IK09,,360° emission · Ø203 × 1000mm,20W,1600lm,80lm/W,360°,Datasheet=images/alder/datasheets/602203.30.AL.02.0.pdf;Installation=https://puk.it/wp-content/uploads/puk-files-2026/instructions/602201-602202-602203-ALDER-400-800-1000-INSTRUCTIONS.pdf;LDT=https://puk.it/wp-content/uploads/2021/02/602203-ALDER-1000.rar;BIM=https://puk.it/wp-content/uploads/puk-files-2026/revit/602203-ALDER-1000.rfa
Alder,,,,,,,,,,,,,,,,,,,,Alder 1000 20W 360°,602203.30.AL.02.1,Anthracite Grey RAL 7016,images/alder/alder-1000-anthracite-grey.jpg,3000K,,1-10V,IP66,IK09,,360° emission · Ø203 × 1000mm,20W,1600lm,80lm/W,360°,Datasheet=images/alder/datasheets/602203.30.AL.02.1.pdf;Installation=https://puk.it/wp-content/uploads/puk-files-2026/instructions/602201-602202-602203-ALDER-400-800-1000-INSTRUCTIONS.pdf;LDT=https://puk.it/wp-content/uploads/2021/02/602203-ALDER-1000.rar;BIM=https://puk.it/wp-content/uploads/puk-files-2026/revit/602203-ALDER-1000.rfa
Alder,,,,,,,,,,,,,,,,,,,,Alder 1000 20W 360°,602203.30.AL.02.D,Anthracite Grey RAL 7016,images/alder/alder-1000-anthracite-grey.jpg,3000K,,DALI,IP66,IK09,,360° emission · Ø203 × 1000mm,20W,1600lm,80lm/W,360°,Datasheet=images/alder/datasheets/602203.30.AL.02.D.pdf;Installation=https://puk.it/wp-content/uploads/puk-files-2026/instructions/602201-602202-602203-ALDER-400-800-1000-INSTRUCTIONS.pdf;LDT=https://puk.it/wp-content/uploads/2021/02/602203-ALDER-1000.rar;BIM=https://puk.it/wp-content/uploads/puk-files-2026/revit/602203-ALDER-1000.rfa
Alder,,,,,,,,,,,,,,,,,,,,Alder 1000 20W 360°,602203.40.AL.02.0,Anthracite Grey RAL 7016,images/alder/alder-1000-anthracite-grey.jpg,4000K,,On/Off,IP66,IK09,,360° emission · Ø203 × 1000mm,20W,1650lm,82lm/W,360°,Datasheet=images/alder/datasheets/602203.40.AL.02.0.pdf;Installation=https://puk.it/wp-content/uploads/puk-files-2026/instructions/602201-602202-602203-ALDER-400-800-1000-INSTRUCTIONS.pdf;LDT=https://puk.it/wp-content/uploads/2021/02/602203-ALDER-1000.rar;BIM=https://puk.it/wp-content/uploads/puk-files-2026/revit/602203-ALDER-1000.rfa
Alder,,,,,,,,,,,,,,,,,,,,Alder 1000 20W 360°,602203.40.AL.02.1,Anthracite Grey RAL 7016,images/alder/alder-1000-anthracite-grey.jpg,4000K,,1-10V,IP66,IK09,,360° emission · Ø203 × 1000mm,20W,1650lm,82lm/W,360°,Datasheet=images/alder/datasheets/602203.40.AL.02.1.pdf;Installation=https://puk.it/wp-content/uploads/puk-files-2026/instructions/602201-602202-602203-ALDER-400-800-1000-INSTRUCTIONS.pdf;LDT=https://puk.it/wp-content/uploads/2021/02/602203-ALDER-1000.rar;BIM=https://puk.it/wp-content/uploads/puk-files-2026/revit/602203-ALDER-1000.rfa
Alder,,,,,,,,,,,,,,,,,,,,Alder 1000 20W 360°,602203.40.AL.02.D,Anthracite Grey RAL 7016,images/alder/alder-1000-anthracite-grey.jpg,4000K,,DALI,IP66,IK09,,360° emission · Ø203 × 1000mm,20W,1650lm,82lm/W,360°,Datasheet=images/alder/datasheets/602203.40.AL.02.D.pdf;Installation=https://puk.it/wp-content/uploads/puk-files-2026/instructions/602201-602202-602203-ALDER-400-800-1000-INSTRUCTIONS.pdf;LDT=https://puk.it/wp-content/uploads/2021/02/602203-ALDER-1000.rar;BIM=https://puk.it/wp-content/uploads/puk-files-2026/revit/602203-ALDER-1000.rfa
Alder,,,,,,,,,,,,,,,,,,,,Alder 1000 20W 360°,602203.27.AL.03.0,Black RAL 9005,images/alder/alder-1000-black.jpg,2700K,,On/Off,IP66,IK09,,360° emission · Ø203 × 1000mm,20W,1520lm,76lm/W,360°,Datasheet=images/alder/datasheets/602203.27.AL.03.0.pdf;Installation=https://puk.it/wp-content/uploads/puk-files-2026/instructions/602201-602202-602203-ALDER-400-800-1000-INSTRUCTIONS.pdf;LDT=https://puk.it/wp-content/uploads/2021/02/602203-ALDER-1000.rar;BIM=https://puk.it/wp-content/uploads/puk-files-2026/revit/602203-ALDER-1000.rfa
Alder,,,,,,,,,,,,,,,,,,,,Alder 1000 20W 360°,602203.27.AL.03.1,Black RAL 9005,images/alder/alder-1000-black.jpg,2700K,,1-10V,IP66,IK09,,360° emission · Ø203 × 1000mm,20W,1520lm,76lm/W,360°,Datasheet=images/alder/datasheets/602203.27.AL.03.1.pdf;Installation=https://puk.it/wp-content/uploads/puk-files-2026/instructions/602201-602202-602203-ALDER-400-800-1000-INSTRUCTIONS.pdf;LDT=https://puk.it/wp-content/uploads/2021/02/602203-ALDER-1000.rar;BIM=https://puk.it/wp-content/uploads/puk-files-2026/revit/602203-ALDER-1000.rfa
Alder,,,,,,,,,,,,,,,,,,,,Alder 1000 20W 360°,602203.27.AL.03.D,Black RAL 9005,images/alder/alder-1000-black.jpg,2700K,,DALI,IP66,IK09,,360° emission · Ø203 × 1000mm,20W,1520lm,76lm/W,360°,Datasheet=images/alder/datasheets/602203.27.AL.03.D.pdf;Installation=https://puk.it/wp-content/uploads/puk-files-2026/instructions/602201-602202-602203-ALDER-400-800-1000-INSTRUCTIONS.pdf;LDT=https://puk.it/wp-content/uploads/2021/02/602203-ALDER-1000.rar;BIM=https://puk.it/wp-content/uploads/puk-files-2026/revit/602203-ALDER-1000.rfa
Alder,,,,,,,,,,,,,,,,,,,,Alder 1000 20W 360°,602203.30.AL.03.0,Black RAL 9005,images/alder/alder-1000-black.jpg,3000K,,On/Off,IP66,IK09,,360° emission · Ø203 × 1000mm,20W,1600lm,80lm/W,360°,Datasheet=images/alder/datasheets/602203.30.AL.03.0.pdf;Installation=https://puk.it/wp-content/uploads/puk-files-2026/instructions/602201-602202-602203-ALDER-400-800-1000-INSTRUCTIONS.pdf;LDT=https://puk.it/wp-content/uploads/2021/02/602203-ALDER-1000.rar;BIM=https://puk.it/wp-content/uploads/puk-files-2026/revit/602203-ALDER-1000.rfa
Alder,,,,,,,,,,,,,,,,,,,,Alder 1000 20W 360°,602203.30.AL.03.1,Black RAL 9005,images/alder/alder-1000-black.jpg,3000K,,1-10V,IP66,IK09,,360° emission · Ø203 × 1000mm,20W,1600lm,80lm/W,360°,Datasheet=images/alder/datasheets/602203.30.AL.03.1.pdf;Installation=https://puk.it/wp-content/uploads/puk-files-2026/instructions/602201-602202-602203-ALDER-400-800-1000-INSTRUCTIONS.pdf;LDT=https://puk.it/wp-content/uploads/2021/02/602203-ALDER-1000.rar;BIM=https://puk.it/wp-content/uploads/puk-files-2026/revit/602203-ALDER-1000.rfa
Alder,,,,,,,,,,,,,,,,,,,,Alder 1000 20W 360°,602203.30.AL.03.D,Black RAL 9005,images/alder/alder-1000-black.jpg,3000K,,DALI,IP66,IK09,,360° emission · Ø203 × 1000mm,20W,1600lm,80lm/W,360°,Datasheet=images/alder/datasheets/602203.30.AL.03.D.pdf;Installation=https://puk.it/wp-content/uploads/puk-files-2026/instructions/602201-602202-602203-ALDER-400-800-1000-INSTRUCTIONS.pdf;LDT=https://puk.it/wp-content/uploads/2021/02/602203-ALDER-1000.rar;BIM=https://puk.it/wp-content/uploads/puk-files-2026/revit/602203-ALDER-1000.rfa
Alder,,,,,,,,,,,,,,,,,,,,Alder 1000 20W 360°,602203.40.AL.03.0,Black RAL 9005,images/alder/alder-1000-black.jpg,4000K,,On/Off,IP66,IK09,,360° emission · Ø203 × 1000mm,20W,1650lm,82lm/W,360°,Datasheet=images/alder/datasheets/602203.40.AL.03.0.pdf;Installation=https://puk.it/wp-content/uploads/puk-files-2026/instructions/602201-602202-602203-ALDER-400-800-1000-INSTRUCTIONS.pdf;LDT=https://puk.it/wp-content/uploads/2021/02/602203-ALDER-1000.rar;BIM=https://puk.it/wp-content/uploads/puk-files-2026/revit/602203-ALDER-1000.rfa
Alder,,,,,,,,,,,,,,,,,,,,Alder 1000 20W 360°,602203.40.AL.03.1,Black RAL 9005,images/alder/alder-1000-black.jpg,4000K,,1-10V,IP66,IK09,,360° emission · Ø203 × 1000mm,20W,1650lm,82lm/W,360°,Datasheet=images/alder/datasheets/602203.40.AL.03.1.pdf;Installation=https://puk.it/wp-content/uploads/puk-files-2026/instructions/602201-602202-602203-ALDER-400-800-1000-INSTRUCTIONS.pdf;LDT=https://puk.it/wp-content/uploads/2021/02/602203-ALDER-1000.rar;BIM=https://puk.it/wp-content/uploads/puk-files-2026/revit/602203-ALDER-1000.rfa
Alder,,,,,,,,,,,,,,,,,,,,Alder 1000 20W 360°,602203.40.AL.03.D,Black RAL 9005,images/alder/alder-1000-black.jpg,4000K,,DALI,IP66,IK09,,360° emission · Ø203 × 1000mm,20W,1650lm,82lm/W,360°,Datasheet=images/alder/datasheets/602203.40.AL.03.D.pdf;Installation=https://puk.it/wp-content/uploads/puk-files-2026/instructions/602201-602202-602203-ALDER-400-800-1000-INSTRUCTIONS.pdf;LDT=https://puk.it/wp-content/uploads/2021/02/602203-ALDER-1000.rar;BIM=https://puk.it/wp-content/uploads/puk-files-2026/revit/602203-ALDER-1000.rfa
